subset,query,n_removed,baseline_loss,filtered_loss,loss_change
0,0,80,3.4363067150115967,3.4370203018188477,0.0007135868072509766
0,1,80,3.5646183490753174,3.565812110900879,0.0011937618255615234
0,2,80,3.4649744033813477,3.464946746826172,-2.765655517578125e-05
0,3,80,3.033884048461914,3.0359878540039062,0.0021038055419921875
0,4,80,2.8682236671447754,2.8691554069519043,0.0009317398071289062
0,5,80,3.4136061668395996,3.4143636226654053,0.0007574558258056641
0,6,80,3.3630781173706055,3.3645715713500977,0.0014934539794921875
0,7,80,3.3646600246429443,3.364736557006836,7.653236389160156e-05
0,8,80,3.102139711380005,3.1024935245513916,0.00035381317138671875
0,9,80,3.3000173568725586,3.301238536834717,0.0012211799621582031
0,10,80,3.5178093910217285,3.518644094467163,0.0008347034454345703
0,11,80,3.2561490535736084,3.258594274520874,0.002445220947265625
0,12,80,3.4145238399505615,3.414947271347046,0.000423431396484375
0,13,80,3.880302906036377,3.8816163539886475,0.0013134479522705078
0,14,80,3.653571605682373,3.654918909072876,0.0013473033905029297
0,15,80,3.571814775466919,3.572014570236206,0.00019979476928710938
0,16,80,3.970201015472412,3.9700968265533447,-0.00010418891906738281
0,17,80,3.716688632965088,3.7182705402374268,0.0015819072723388672
0,18,80,2.9036476612091064,2.9038400650024414,0.00019240379333496094
0,19,80,2.512798309326172,2.51413631439209,0.0013380050659179688
1,0,80,3.4363067150115967,3.437105894088745,0.0007991790771484375
1,1,80,3.5646183490753174,3.5660934448242188,0.0014750957489013672
1,2,80,3.4649744033813477,3.4659423828125,0.0009679794311523438
1,3,80,3.033884048461914,3.033543109893799,-0.0003409385681152344
1,4,80,2.8682236671447754,2.8682382106781006,1.4543533325195312e-05
1,5,80,3.4136061668395996,3.413789987564087,0.0001838207244873047
1,6,80,3.3630781173706055,3.3645310401916504,0.0014529228210449219
1,7,80,3.3646600246429443,3.3654558658599854,0.0007958412170410156
1,8,80,3.102139711380005,3.101686954498291,-0.0004527568817138672
1,9,80,3.3000173568725586,3.3000054359436035,-1.1920928955078125e-05
1,10,80,3.5178093910217285,3.5181374549865723,0.00032806396484375
1,11,80,3.2561490535736084,3.256622076034546,0.0004730224609375
1,12,80,3.4145238399505615,3.4145286083221436,4.76837158203125e-06
1,13,80,3.880302906036377,3.8799917697906494,-0.00031113624572753906
1,14,80,3.653571605682373,3.6530489921569824,-0.000522613525390625
1,15,80,3.571814775466919,3.571985960006714,0.00017118453979492188
1,16,80,3.970201015472412,3.968982219696045,-0.0012187957763671875
1,17,80,3.716688632965088,3.716609001159668,-7.963180541992188e-05
1,18,80,2.9036476612091064,2.9051339626312256,0.0014863014221191406
1,19,80,2.512798309326172,2.512683153152466,-0.00011515617370605469
2,0,80,3.4363067150115967,3.4361367225646973,-0.00016999244689941406
2,1,80,3.5646183490753174,3.5652167797088623,0.0005984306335449219
2,2,80,3.4649744033813477,3.464843511581421,-0.0001308917999267578
2,3,80,3.033884048461914,3.0361251831054688,0.0022411346435546875
2,4,80,2.8682236671447754,2.8685128688812256,0.0002892017364501953
2,5,80,3.4136061668395996,3.4128823280334473,-0.0007238388061523438
2,6,80,3.3630781173706055,3.363548994064331,0.00047087669372558594
2,7,80,3.3646600246429443,3.366067409515381,0.0014073848724365234
2,8,80,3.102139711380005,3.1022391319274902,9.942054748535156e-05
2,9,80,3.3000173568725586,3.300633430480957,0.0006160736083984375
2,10,80,3.5178093910217285,3.5175130367279053,-0.0002963542938232422
2,11,80,3.2561490535736084,3.2564995288848877,0.0003504753112792969
2,12,80,3.4145238399505615,3.4144368171691895,-8.702278137207031e-05
2,13,80,3.880302906036377,3.880056858062744,-0.0002460479736328125
2,14,80,3.653571605682373,3.653895854949951,0.000324249267578125
2,15,80,3.571814775466919,3.5726404190063477,0.0008256435394287109
2,16,80,3.970201015472412,3.969794273376465,-0.0004067420959472656
2,17,80,3.716688632965088,3.721527338027954,0.004838705062866211
2,18,80,2.9036476612091064,2.9039556980133057,0.00030803680419921875
2,19,80,2.512798309326172,2.5125019550323486,-0.0002963542938232422
3,0,80,3.4363067150115967,3.4370086193084717,0.000701904296875
3,1,80,3.5646183490753174,3.566166877746582,0.0015485286712646484
3,2,80,3.4649744033813477,3.4638569355010986,-0.0011174678802490234
3,3,80,3.033884048461914,3.0335588455200195,-0.00032520294189453125
3,4,80,2.8682236671447754,2.868194103240967,-2.956390380859375e-05
3,5,80,3.4136061668395996,3.412611246109009,-0.0009949207305908203
3,6,80,3.3630781173706055,3.362807273864746,-0.000270843505859375
3,7,80,3.3646600246429443,3.364104747772217,-0.0005552768707275391
3,8,80,3.102139711380005,3.101550817489624,-0.0005888938903808594
3,9,80,3.3000173568725586,3.2995386123657227,-0.0004787445068359375
3,10,80,3.5178093910217285,3.5167312622070312,-0.0010781288146972656
3,11,80,3.2561490535736084,3.256439447402954,0.0002903938293457031
3,12,80,3.4145238399505615,3.4140219688415527,-0.0005018711090087891
3,13,80,3.880302906036377,3.8794679641723633,-0.0008349418640136719
3,14,80,3.653571605682373,3.6539504528045654,0.0003788471221923828
3,15,80,3.571814775466919,3.5714311599731445,-0.00038361549377441406
3,16,80,3.970201015472412,3.9701216220855713,-7.939338684082031e-05
3,17,80,3.716688632965088,3.717524290084839,0.0008356571197509766
3,18,80,2.9036476612091064,2.9039602279663086,0.00031256675720214844
3,19,80,2.512798309326172,2.512295722961426,-0.0005025863647460938
4,0,80,3.4363067150115967,3.4361143112182617,-0.00019240379333496094
4,1,80,3.5646183490753174,3.5660126209259033,0.0013942718505859375
4,2,80,3.4649744033813477,3.464852809906006,-0.00012159347534179688
4,3,80,3.033884048461914,3.034179925918579,0.00029587745666503906
4,4,80,2.8682236671447754,2.86968731880188,0.0014636516571044922
4,5,80,3.4136061668395996,3.4134531021118164,-0.00015306472778320312
4,6,80,3.3630781173706055,3.3625388145446777,-0.0005393028259277344
4,7,80,3.3646600246429443,3.364959239959717,0.00029921531677246094
4,8,80,3.102139711380005,3.1015806198120117,-0.0005590915679931641
4,9,80,3.3000173568725586,3.3000755310058594,5.817413330078125e-05
4,10,80,3.5178093910217285,3.518094539642334,0.00028514862060546875
4,11,80,3.2561490535736084,3.2577595710754395,0.0016105175018310547
4,12,80,3.4145238399505615,3.414867877960205,0.0003440380096435547
4,13,80,3.880302906036377,3.8805675506591797,0.0002646446228027344
4,14,80,3.653571605682373,3.65441632270813,0.0008447170257568359
4,15,80,3.571814775466919,3.5733370780944824,0.0015223026275634766
4,16,80,3.970201015472412,3.971637010574341,0.001435995101928711
4,17,80,3.716688632965088,3.7161290645599365,-0.0005595684051513672
4,18,80,2.9036476612091064,2.902817487716675,-0.0008301734924316406
4,19,80,2.512798309326172,2.512892246246338,9.393692016601562e-05
5,0,80,3.4363067150115967,3.435868978500366,-0.00043773651123046875
5,1,80,3.5646183490753174,3.5645225048065186,-9.584426879882812e-05
5,2,80,3.4649744033813477,3.464756727218628,-0.00021767616271972656
5,3,80,3.033884048461914,3.0330393314361572,-0.0008447170257568359
5,4,80,2.8682236671447754,2.8680710792541504,-0.000152587890625
5,5,80,3.4136061668395996,3.4134206771850586,-0.00018548965454101562
5,6,80,3.3630781173706055,3.36324143409729,0.0001633167266845703
5,7,80,3.3646600246429443,3.363269329071045,-0.001390695571899414
5,8,80,3.102139711380005,3.103375196456909,0.0012354850769042969
5,9,80,3.3000173568725586,3.3000786304473877,6.127357482910156e-05
5,10,80,3.5178093910217285,3.5168280601501465,-0.0009813308715820312
5,11,80,3.2561490535736084,3.255844831466675,-0.00030422210693359375
5,12,80,3.4145238399505615,3.414268732070923,-0.0002551078796386719
5,13,80,3.880302906036377,3.8806240558624268,0.0003211498260498047
5,14,80,3.653571605682373,3.6539385318756104,0.0003669261932373047
5,15,80,3.571814775466919,3.5717411041259766,-7.367134094238281e-05
5,16,80,3.970201015472412,3.9707231521606445,0.0005221366882324219
5,17,80,3.716688632965088,3.7166543006896973,-3.4332275390625e-05
5,18,80,2.9036476612091064,2.9032554626464844,-0.0003921985626220703
5,19,80,2.512798309326172,2.512643814086914,-0.0001544952392578125
6,0,80,3.4363067150115967,3.4344797134399414,-0.0018270015716552734
6,1,80,3.5646183490753174,3.5648436546325684,0.00022530555725097656
6,2,80,3.4649744033813477,3.4648501873016357,-0.00012421607971191406
6,3,80,3.033884048461914,3.036421298980713,0.002537250518798828
6,4,80,2.8682236671447754,2.868457078933716,0.0002334117889404297
6,5,80,3.4136061668395996,3.415771007537842,0.0021648406982421875
6,6,80,3.3630781173706055,3.364150285720825,0.0010721683502197266
6,7,80,3.3646600246429443,3.363888740539551,-0.0007712841033935547
6,8,80,3.102139711380005,3.1014413833618164,-0.0006983280181884766
6,9,80,3.3000173568725586,3.3008244037628174,0.0008070468902587891
6,10,80,3.5178093910217285,3.518566608428955,0.0007572174072265625
6,11,80,3.2561490535736084,3.2554819583892822,-0.0006670951843261719
6,12,80,3.4145238399505615,3.414778470993042,0.00025463104248046875
6,13,80,3.880302906036377,3.879706621170044,-0.0005962848663330078
6,14,80,3.653571605682373,3.6538352966308594,0.0002636909484863281
6,15,80,3.571814775466919,3.571408987045288,-0.0004057884216308594
6,16,80,3.970201015472412,3.9708704948425293,0.0006694793701171875
6,17,80,3.716688632965088,3.717665910720825,0.0009772777557373047
6,18,80,2.9036476612091064,2.9037997722625732,0.00015211105346679688
6,19,80,2.512798309326172,2.512242078781128,-0.0005562305450439453
7,0,80,3.4363067150115967,3.435206174850464,-0.0011005401611328125
7,1,80,3.5646183490753174,3.5636701583862305,-0.0009481906890869141
7,2,80,3.4649744033813477,3.4646401405334473,-0.0003342628479003906
7,3,80,3.033884048461914,3.0338692665100098,-1.4781951904296875e-05
7,4,80,2.8682236671447754,2.8689494132995605,0.0007257461547851562
7,5,80,3.4136061668395996,3.413649559020996,4.3392181396484375e-05
7,6,80,3.3630781173706055,3.3638150691986084,0.0007369518280029297
7,7,80,3.3646600246429443,3.3639841079711914,-0.0006759166717529297
7,8,80,3.102139711380005,3.1016178131103516,-0.0005218982696533203
7,9,80,3.3000173568725586,3.29915452003479,-0.0008628368377685547
7,10,80,3.5178093910217285,3.5180752277374268,0.0002658367156982422
7,11,80,3.2561490535736084,3.2555012702941895,-0.0006477832794189453
7,12,80,3.4145238399505615,3.4144861698150635,-3.7670135498046875e-05
7,13,80,3.880302906036377,3.881242036819458,0.0009391307830810547
7,14,80,3.653571605682373,3.6555426120758057,0.001971006393432617
7,15,80,3.571814775466919,3.5718064308166504,-8.344650268554688e-06
7,16,80,3.970201015472412,3.9696900844573975,-0.0005109310150146484
7,17,80,3.716688632965088,3.7183921337127686,0.001703500747680664
7,18,80,2.9036476612091064,2.9032280445098877,-0.00041961669921875
7,19,80,2.512798309326172,2.514218807220459,0.0014204978942871094
8,0,80,3.4363067150115967,3.436624526977539,0.0003178119659423828
8,1,80,3.5646183490753174,3.564565896987915,-5.245208740234375e-05
8,2,80,3.4649744033813477,3.465189218521118,0.0002148151397705078
8,3,80,3.033884048461914,3.032636880874634,-0.0012471675872802734
8,4,80,2.8682236671447754,2.8680102825164795,-0.00021338462829589844
8,5,80,3.4136061668395996,3.412515878677368,-0.0010902881622314453
8,6,80,3.3630781173706055,3.361725330352783,-0.0013527870178222656
8,7,80,3.3646600246429443,3.364159107208252,-0.0005009174346923828
8,8,80,3.102139711380005,3.101963758468628,-0.00017595291137695312
8,9,80,3.3000173568725586,3.300952672958374,0.0009353160858154297
8,10,80,3.5178093910217285,3.516751289367676,-0.0010581016540527344
8,11,80,3.2561490535736084,3.256890058517456,0.0007410049438476562
8,12,80,3.4145238399505615,3.4148008823394775,0.0002770423889160156
8,13,80,3.880302906036377,3.8801093101501465,-0.00019359588623046875
8,14,80,3.653571605682373,3.6527767181396484,-0.0007948875427246094
8,15,80,3.571814775466919,3.5722908973693848,0.0004761219024658203
8,16,80,3.970201015472412,3.9697341918945312,-0.0004668235778808594
8,17,80,3.716688632965088,3.7167255878448486,3.695487976074219e-05
8,18,80,2.9036476612091064,2.903175115585327,-0.0004725456237792969
8,19,80,2.512798309326172,2.5112290382385254,-0.0015692710876464844
9,0,80,3.4363067150115967,3.436420202255249,0.00011348724365234375
9,1,80,3.5646183490753174,3.5655159950256348,0.0008976459503173828
9,2,80,3.4649744033813477,3.465176820755005,0.00020241737365722656
9,3,80,3.033884048461914,3.033749580383301,-0.00013446807861328125
9,4,80,2.8682236671447754,2.868295669555664,7.200241088867188e-05
9,5,80,3.4136061668395996,3.413283109664917,-0.0003230571746826172
9,6,80,3.3630781173706055,3.363672971725464,0.0005948543548583984
9,7,80,3.3646600246429443,3.3642539978027344,-0.00040602684020996094
9,8,80,3.102139711380005,3.1016743183135986,-0.00046539306640625
9,9,80,3.3000173568725586,3.2995667457580566,-0.0004506111145019531
9,10,80,3.5178093910217285,3.5161776542663574,-0.0016317367553710938
9,11,80,3.2561490535736084,3.254808187484741,-0.0013408660888671875
9,12,80,3.4145238399505615,3.415149450302124,0.0006256103515625
9,13,80,3.880302906036377,3.8813893795013428,0.0010864734649658203
9,14,80,3.653571605682373,3.653982639312744,0.00041103363037109375
9,15,80,3.571814775466919,3.5724878311157227,0.0006730556488037109
9,16,80,3.970201015472412,3.970839500427246,0.0006384849548339844
9,17,80,3.716688632965088,3.7186009883880615,0.0019123554229736328
9,18,80,2.9036476612091064,2.9036223888397217,-2.5272369384765625e-05
9,19,80,2.512798309326172,2.51235294342041,-0.00044536590576171875
10,0,80,3.4363067150115967,3.4376654624938965,0.0013587474822998047
10,1,80,3.5646183490753174,3.563739776611328,-0.0008785724639892578
10,2,80,3.4649744033813477,3.4655048847198486,0.0005304813385009766
10,3,80,3.033884048461914,3.0346925258636475,0.0008084774017333984
10,4,80,2.8682236671447754,2.868788480758667,0.0005648136138916016
10,5,80,3.4136061668395996,3.4131698608398438,-0.0004363059997558594
10,6,80,3.3630781173706055,3.3618485927581787,-0.0012295246124267578
10,7,80,3.3646600246429443,3.363858699798584,-0.0008013248443603516
10,8,80,3.102139711380005,3.1010992527008057,-0.0010404586791992188
10,9,80,3.3000173568725586,3.3005645275115967,0.0005471706390380859
10,10,80,3.5178093910217285,3.5205347537994385,0.002725362777709961
10,11,80,3.2561490535736084,3.2553281784057617,-0.0008208751678466797
10,12,80,3.4145238399505615,3.4134490489959717,-0.0010747909545898438
10,13,80,3.880302906036377,3.8802101612091064,-9.274482727050781e-05
10,14,80,3.653571605682373,3.6534507274627686,-0.00012087821960449219
10,15,80,3.571814775466919,3.5723865032196045,0.0005717277526855469
10,16,80,3.970201015472412,3.9714572429656982,0.0012562274932861328
10,17,80,3.716688632965088,3.7166059017181396,-8.273124694824219e-05
10,18,80,2.9036476612091064,2.9031996726989746,-0.00044798851013183594
10,19,80,2.512798309326172,2.513073205947876,0.00027489662170410156
11,0,80,3.4363067150115967,3.435579776763916,-0.0007269382476806641
11,1,80,3.5646183490753174,3.5646374225616455,1.9073486328125e-05
11,2,80,3.4649744033813477,3.464341402053833,-0.0006330013275146484
11,3,80,3.033884048461914,3.033921241760254,3.719329833984375e-05
11,4,80,2.8682236671447754,2.8683021068573,7.843971252441406e-05
11,5,80,3.4136061668395996,3.4135472774505615,-5.888938903808594e-05
11,6,80,3.3630781173706055,3.3627116680145264,-0.00036644935607910156
11,7,80,3.3646600246429443,3.364220380783081,-0.00043964385986328125
11,8,80,3.102139711380005,3.10217022895813,3.0517578125e-05
11,9,80,3.3000173568725586,3.3007640838623047,0.0007467269897460938
11,10,80,3.5178093910217285,3.518314838409424,0.0005054473876953125
11,11,80,3.2561490535736084,3.256364107131958,0.00021505355834960938
11,12,80,3.4145238399505615,3.4158098697662354,0.0012860298156738281
11,13,80,3.880302906036377,3.880333423614502,3.0517578125e-05
11,14,80,3.653571605682373,3.653841018676758,0.0002694129943847656
11,15,80,3.571814775466919,3.572316884994507,0.0005021095275878906
11,16,80,3.970201015472412,3.969841480255127,-0.00035953521728515625
11,17,80,3.716688632965088,3.7151412963867188,-0.0015473365783691406
11,18,80,2.9036476612091064,2.903317451477051,-0.00033020973205566406
11,19,80,2.512798309326172,2.5127875804901123,-1.0728836059570312e-05
12,0,80,3.4363067150115967,3.434842109680176,-0.0014646053314208984
12,1,80,3.5646183490753174,3.5645639896392822,-5.435943603515625e-05
12,2,80,3.4649744033813477,3.467459201812744,0.0024847984313964844
12,3,80,3.033884048461914,3.03328275680542,-0.0006012916564941406
12,4,80,2.8682236671447754,2.8694608211517334,0.0012371540069580078
12,5,80,3.4136061668395996,3.412781238555908,-0.0008249282836914062
12,6,80,3.3630781173706055,3.36348819732666,0.0004100799560546875
12,7,80,3.3646600246429443,3.3645544052124023,-0.00010561943054199219
12,8,80,3.102139711380005,3.101771831512451,-0.00036787986755371094
12,9,80,3.3000173568725586,3.3003664016723633,0.0003490447998046875
12,10,80,3.5178093910217285,3.518258571624756,0.00044918060302734375
12,11,80,3.2561490535736084,3.2567811012268066,0.0006320476531982422
12,12,80,3.4145238399505615,3.413912773132324,-0.0006110668182373047
12,13,80,3.880302906036377,3.8806369304656982,0.00033402442932128906
12,14,80,3.653571605682373,3.653629779815674,5.817413330078125e-05
12,15,80,3.571814775466919,3.571389675140381,-0.00042510032653808594
12,16,80,3.970201015472412,3.9702107906341553,9.775161743164062e-06
12,17,80,3.716688632965088,3.7159438133239746,-0.0007448196411132812
12,18,80,2.9036476612091064,2.9039363861083984,0.0002887248992919922
12,19,80,2.512798309326172,2.5127787590026855,-1.9550323486328125e-05
13,0,80,3.4363067150115967,3.436880350112915,0.0005736351013183594
13,1,80,3.5646183490753174,3.563831090927124,-0.0007872581481933594
13,2,80,3.4649744033813477,3.4649770259857178,2.6226043701171875e-06
13,3,80,3.033884048461914,3.0345306396484375,0.0006465911865234375
13,4,80,2.8682236671447754,2.8681719303131104,-5.173683166503906e-05
13,5,80,3.4136061668395996,3.4160945415496826,0.002488374710083008
13,6,80,3.3630781173706055,3.3637304306030273,0.000652313232421875
13,7,80,3.3646600246429443,3.3651413917541504,0.0004813671112060547
13,8,80,3.102139711380005,3.1027958393096924,0.0006561279296875
13,9,80,3.3000173568725586,3.3010058403015137,0.0009884834289550781
13,10,80,3.5178093910217285,3.518263339996338,0.000453948974609375
13,11,80,3.2561490535736084,3.2564539909362793,0.00030493736267089844
13,12,80,3.4145238399505615,3.414259910583496,-0.0002639293670654297
13,13,80,3.880302906036377,3.8805503845214844,0.0002474784851074219
13,14,80,3.653571605682373,3.6531999111175537,-0.00037169456481933594
13,15,80,3.571814775466919,3.571798086166382,-1.6689300537109375e-05
13,16,80,3.970201015472412,3.9702372550964355,3.62396240234375e-05
13,17,80,3.716688632965088,3.7156260013580322,-0.001062631607055664
13,18,80,2.9036476612091064,2.9031717777252197,-0.00047588348388671875
13,19,80,2.512798309326172,2.5132901668548584,0.0004918575286865234
14,0,80,3.4363067150115967,3.437079429626465,0.0007727146148681641
14,1,80,3.5646183490753174,3.5662999153137207,0.0016815662384033203
14,2,80,3.4649744033813477,3.4642698764801025,-0.0007045269012451172
14,3,80,3.033884048461914,3.0336267948150635,-0.00025725364685058594
14,4,80,2.8682236671447754,2.8673031330108643,-0.0009205341339111328
14,5,80,3.4136061668395996,3.4137444496154785,0.00013828277587890625
14,6,80,3.3630781173706055,3.3628976345062256,-0.0001804828643798828
14,7,80,3.3646600246429443,3.3652760982513428,0.0006160736083984375
14,8,80,3.102139711380005,3.101773262023926,-0.00036644935607910156
14,9,80,3.3000173568725586,3.298771619796753,-0.001245737075805664
14,10,80,3.5178093910217285,3.517665386199951,-0.00014400482177734375
14,11,80,3.2561490535736084,3.2556607723236084,-0.00048828125
14,12,80,3.4145238399505615,3.4148221015930176,0.0002982616424560547
14,13,80,3.880302906036377,3.8797919750213623,-0.0005109310150146484
14,14,80,3.653571605682373,3.6538033485412598,0.00023174285888671875
14,15,80,3.571814775466919,3.5717039108276367,-0.00011086463928222656
14,16,80,3.970201015472412,3.9700937271118164,-0.00010728836059570312
14,17,80,3.716688632965088,3.71531081199646,-0.0013778209686279297
14,18,80,2.9036476612091064,2.904099225997925,0.0004515647888183594
14,19,80,2.512798309326172,2.512958526611328,0.00016021728515625
15,0,80,3.4363067150115967,3.438601016998291,0.002294301986694336
15,1,80,3.5646183490753174,3.5652003288269043,0.0005819797515869141
15,2,80,3.4649744033813477,3.4655566215515137,0.0005822181701660156
15,3,80,3.033884048461914,3.032925605773926,-0.0009584426879882812
15,4,80,2.8682236671447754,2.867978096008301,-0.0002455711364746094
15,5,80,3.4136061668395996,3.413492441177368,-0.00011372566223144531
15,6,80,3.3630781173706055,3.3629226684570312,-0.00015544891357421875
15,7,80,3.3646600246429443,3.3657352924346924,0.0010752677917480469
15,8,80,3.102139711380005,3.1031551361083984,0.0010154247283935547
15,9,80,3.3000173568725586,3.2997822761535645,-0.00023508071899414062
15,10,80,3.5178093910217285,3.5168445110321045,-0.0009648799896240234
15,11,80,3.2561490535736084,3.2574362754821777,0.001287221908569336
15,12,80,3.4145238399505615,3.415336847305298,0.0008130073547363281
15,13,80,3.880302906036377,3.8824868202209473,0.0021839141845703125
15,14,80,3.653571605682373,3.653740406036377,0.00016880035400390625
15,15,80,3.571814775466919,3.571901798248291,8.702278137207031e-05
15,16,80,3.970201015472412,3.9710307121276855,0.0008296966552734375
15,17,80,3.716688632965088,3.7210285663604736,0.004339933395385742
15,18,80,2.9036476612091064,2.904315710067749,0.0006680488586425781
15,19,80,2.512798309326172,2.5133204460144043,0.0005221366882324219
16,0,80,3.4363067150115967,3.4366278648376465,0.0003211498260498047
16,1,80,3.5646183490753174,3.5667612552642822,0.0021429061889648438
16,2,80,3.4649744033813477,3.4651787281036377,0.00020432472229003906
16,3,80,3.033884048461914,3.0326569080352783,-0.0012271404266357422
16,4,80,2.8682236671447754,2.8663432598114014,-0.0018804073333740234
16,5,80,3.4136061668395996,3.4147982597351074,0.0011920928955078125
16,6,80,3.3630781173706055,3.3625361919403076,-0.0005419254302978516
16,7,80,3.3646600246429443,3.365138053894043,0.0004780292510986328
16,8,80,3.102139711380005,3.1006920337677,-0.0014476776123046875
16,9,80,3.3000173568725586,3.2996792793273926,-0.0003380775451660156
16,10,80,3.5178093910217285,3.5178802013397217,7.081031799316406e-05
16,11,80,3.2561490535736084,3.256634473800659,0.00048542022705078125
16,12,80,3.4145238399505615,3.4144201278686523,-0.00010371208190917969
16,13,80,3.880302906036377,3.8797922134399414,-0.0005106925964355469
16,14,80,3.653571605682373,3.654256820678711,0.0006852149963378906
16,15,80,3.571814775466919,3.571242332458496,-0.0005724430084228516
16,16,80,3.970201015472412,3.971754550933838,0.0015535354614257812
16,17,80,3.716688632965088,3.7161943912506104,-0.0004942417144775391
16,18,80,2.9036476612091064,2.9039602279663086,0.00031256675720214844
16,19,80,2.512798309326172,2.5134100914001465,0.0006117820739746094
17,0,80,3.4363067150115967,3.437877655029297,0.0015709400177001953
17,1,80,3.5646183490753174,3.566007375717163,0.0013890266418457031
17,2,80,3.4649744033813477,3.465963363647461,0.0009889602661132812
17,3,80,3.033884048461914,3.033541679382324,-0.00034236907958984375
17,4,80,2.8682236671447754,2.8674964904785156,-0.0007271766662597656
17,5,80,3.4136061668395996,3.4143569469451904,0.0007507801055908203
17,6,80,3.3630781173706055,3.3614792823791504,-0.0015988349914550781
17,7,80,3.3646600246429443,3.362286329269409,-0.0023736953735351562
17,8,80,3.102139711380005,3.101431369781494,-0.0007083415985107422
17,9,80,3.3000173568725586,3.3009419441223145,0.0009245872497558594
17,10,80,3.5178093910217285,3.5172603130340576,-0.0005490779876708984
17,11,80,3.2561490535736084,3.2559337615966797,-0.00021529197692871094
17,12,80,3.4145238399505615,3.4138078689575195,-0.0007159709930419922
17,13,80,3.880302906036377,3.8796510696411133,-0.0006518363952636719
17,14,80,3.653571605682373,3.6543045043945312,0.0007328987121582031
17,15,80,3.571814775466919,3.5713791847229004,-0.0004355907440185547
17,16,80,3.970201015472412,3.9704034328460693,0.00020241737365722656
17,17,80,3.716688632965088,3.7167768478393555,8.821487426757812e-05
17,18,80,2.9036476612091064,2.904285192489624,0.0006375312805175781
17,19,80,2.512798309326172,2.514085292816162,0.0012869834899902344
18,0,80,3.4363067150115967,3.4353115558624268,-0.0009951591491699219
18,1,80,3.5646183490753174,3.5632827281951904,-0.0013356208801269531
18,2,80,3.4649744033813477,3.4649970531463623,2.2649765014648438e-05
18,3,80,3.033884048461914,3.035940170288086,0.002056121826171875
18,4,80,2.8682236671447754,2.8680827617645264,-0.00014090538024902344
18,5,80,3.4136061668395996,3.414984941482544,0.001378774642944336
18,6,80,3.3630781173706055,3.3647141456604004,0.0016360282897949219
18,7,80,3.3646600246429443,3.3661484718322754,0.0014884471893310547
18,8,80,3.102139711380005,3.1032838821411133,0.0011441707611083984
18,9,80,3.3000173568725586,3.3009848594665527,0.0009675025939941406
18,10,80,3.5178093910217285,3.5185999870300293,0.0007905960083007812
18,11,80,3.2561490535736084,3.2555272579193115,-0.000621795654296875
18,12,80,3.4145238399505615,3.4156932830810547,0.001169443130493164
18,13,80,3.880302906036377,3.8811569213867188,0.0008540153503417969
18,14,80,3.653571605682373,3.6528306007385254,-0.0007410049438476562
18,15,80,3.571814775466919,3.5725042819976807,0.0006895065307617188
18,16,80,3.970201015472412,3.969944715499878,-0.0002562999725341797
18,17,80,3.716688632965088,3.7155919075012207,-0.0010967254638671875
18,18,80,2.9036476612091064,2.9040579795837402,0.00041031837463378906
18,19,80,2.512798309326172,2.5120348930358887,-0.0007634162902832031
19,0,80,3.4363067150115967,3.437838077545166,0.001531362533569336
19,1,80,3.5646183490753174,3.5673742294311523,0.002755880355834961
19,2,80,3.4649744033813477,3.465503454208374,0.0005290508270263672
19,3,80,3.033884048461914,3.0347583293914795,0.0008742809295654297
19,4,80,2.8682236671447754,2.869020938873291,0.000797271728515625
19,5,80,3.4136061668395996,3.413602590560913,-3.5762786865234375e-06
19,6,80,3.3630781173706055,3.3618392944335938,-0.0012388229370117188
19,7,80,3.3646600246429443,3.364187002182007,-0.0004730224609375
19,8,80,3.102139711380005,3.101193428039551,-0.0009462833404541016
19,9,80,3.3000173568725586,3.2987773418426514,-0.0012400150299072266
19,10,80,3.5178093910217285,3.5179033279418945,9.393692016601562e-05
19,11,80,3.2561490535736084,3.25567889213562,-0.00047016143798828125
19,12,80,3.4145238399505615,3.4159204959869385,0.0013966560363769531
19,13,80,3.880302906036377,3.8797404766082764,-0.0005624294281005859
19,14,80,3.653571605682373,3.6554744243621826,0.0019028186798095703
19,15,80,3.571814775466919,3.5717411041259766,-7.367134094238281e-05
19,16,80,3.970201015472412,3.9704396724700928,0.00023865699768066406
19,17,80,3.716688632965088,3.717991352081299,0.0013027191162109375
19,18,80,2.9036476612091064,2.904125928878784,0.0004782676696777344
19,19,80,2.512798309326172,2.5125131607055664,-0.00028514862060546875
20,0,80,3.4363067150115967,3.4366214275360107,0.0003147125244140625
20,1,80,3.5646183490753174,3.564844846725464,0.00022649765014648438
20,2,80,3.4649744033813477,3.466449499130249,0.0014750957489013672
20,3,80,3.033884048461914,3.0341908931732178,0.00030684471130371094
20,4,80,2.8682236671447754,2.8681700229644775,-5.364418029785156e-05
20,5,80,3.4136061668395996,3.414708137512207,0.0011019706726074219
20,6,80,3.3630781173706055,3.3624112606048584,-0.0006668567657470703
20,7,80,3.3646600246429443,3.365210771560669,0.0005507469177246094
20,8,80,3.102139711380005,3.103198528289795,0.001058816909790039
20,9,80,3.3000173568725586,3.300828695297241,0.0008113384246826172
20,10,80,3.5178093910217285,3.519325017929077,0.0015156269073486328
20,11,80,3.2561490535736084,3.2562596797943115,0.000110626220703125
20,12,80,3.4145238399505615,3.414299488067627,-0.0002243518829345703
20,13,80,3.880302906036377,3.879729986190796,-0.0005729198455810547
20,14,80,3.653571605682373,3.651871681213379,-0.0016999244689941406
20,15,80,3.571814775466919,3.5711724758148193,-0.0006422996520996094
20,16,80,3.970201015472412,3.9698171615600586,-0.0003838539123535156
20,17,80,3.716688632965088,3.7145869731903076,-0.0021016597747802734
20,18,80,2.9036476612091064,2.9039437770843506,0.0002961158752441406
20,19,80,2.512798309326172,2.515181064605713,0.0023827552795410156
21,0,80,3.4363067150115967,3.4371912479400635,0.0008845329284667969
21,1,80,3.5646183490753174,3.563795566558838,-0.0008227825164794922
21,2,80,3.4649744033813477,3.463766098022461,-0.0012083053588867188
21,3,80,3.033884048461914,3.0331695079803467,-0.0007145404815673828
21,4,80,2.8682236671447754,2.867891788482666,-0.000331878662109375
21,5,80,3.4136061668395996,3.413818359375,0.00021219253540039062
21,6,80,3.3630781173706055,3.363095998764038,1.7881393432617188e-05
21,7,80,3.3646600246429443,3.3642969131469727,-0.0003631114959716797
21,8,80,3.102139711380005,3.1023759841918945,0.00023627281188964844
21,9,80,3.3000173568725586,3.300947904586792,0.0009305477142333984
21,10,80,3.5178093910217285,3.5168514251708984,-0.0009579658508300781
21,11,80,3.2561490535736084,3.256176233291626,2.7179718017578125e-05
21,12,80,3.4145238399505615,3.415347099304199,0.0008232593536376953
21,13,80,3.880302906036377,3.880748987197876,0.00044608116149902344
21,14,80,3.653571605682373,3.6523795127868652,-0.0011920928955078125
21,15,80,3.571814775466919,3.5717830657958984,-3.170967102050781e-05
21,16,80,3.970201015472412,3.970120429992676,-8.058547973632812e-05
21,17,80,3.716688632965088,3.716146469116211,-0.0005421638488769531
21,18,80,2.9036476612091064,2.9028992652893066,-0.0007483959197998047
21,19,80,2.512798309326172,2.513225793838501,0.00042748451232910156
22,0,80,3.4363067150115967,3.4360122680664062,-0.0002944469451904297
22,1,80,3.5646183490753174,3.563929796218872,-0.0006885528564453125
22,2,80,3.4649744033813477,3.4646921157836914,-0.00028228759765625
22,3,80,3.033884048461914,3.0322093963623047,-0.001674652099609375
22,4,80,2.8682236671447754,2.8691039085388184,0.0008802413940429688
22,5,80,3.4136061668395996,3.4140219688415527,0.000415802001953125
22,6,80,3.3630781173706055,3.3629000186920166,-0.0001780986785888672
22,7,80,3.3646600246429443,3.3646438121795654,-1.621246337890625e-05
22,8,80,3.102139711380005,3.1018922328948975,-0.0002474784851074219
22,9,80,3.3000173568725586,3.2992851734161377,-0.0007321834564208984
22,10,80,3.5178093910217285,3.5185132026672363,0.0007038116455078125
22,11,80,3.2561490535736084,3.2562201023101807,7.104873657226562e-05
22,12,80,3.4145238399505615,3.4154534339904785,0.0009295940399169922
22,13,80,3.880302906036377,3.880980968475342,0.0006780624389648438
22,14,80,3.653571605682373,3.6533334255218506,-0.00023818016052246094
22,15,80,3.571814775466919,3.572876214981079,0.0010614395141601562
22,16,80,3.970201015472412,3.972033977508545,0.0018329620361328125
22,17,80,3.716688632965088,3.7194747924804688,0.0027861595153808594
22,18,80,2.9036476612091064,2.9038889408111572,0.00024127960205078125
22,19,80,2.512798309326172,2.512523651123047,-0.000274658203125
23,0,80,3.4363067150115967,3.4365060329437256,0.00019931793212890625
23,1,80,3.5646183490753174,3.5660388469696045,0.0014204978942871094
23,2,80,3.4649744033813477,3.46370005607605,-0.0012743473052978516
23,3,80,3.033884048461914,3.034425735473633,0.00054168701171875
23,4,80,2.8682236671447754,2.868663787841797,0.0004401206970214844
23,5,80,3.4136061668395996,3.4127871990203857,-0.0008189678192138672
23,6,80,3.3630781173706055,3.3623733520507812,-0.0007047653198242188
23,7,80,3.3646600246429443,3.363795518875122,-0.0008645057678222656
23,8,80,3.102139711380005,3.1028730869293213,0.0007333755493164062
23,9,80,3.3000173568725586,3.2998669147491455,-0.00015044212341308594
23,10,80,3.5178093910217285,3.5178442001342773,3.4809112548828125e-05
23,11,80,3.2561490535736084,3.2561771869659424,2.8133392333984375e-05
23,12,80,3.4145238399505615,3.414700508117676,0.0001766681671142578
23,13,80,3.880302906036377,3.8784658908843994,-0.001837015151977539
23,14,80,3.653571605682373,3.654341220855713,0.0007696151733398438
23,15,80,3.571814775466919,3.571735382080078,-7.939338684082031e-05
23,16,80,3.970201015472412,3.9709246158599854,0.0007236003875732422
23,17,80,3.716688632965088,3.721397638320923,0.004709005355834961
23,18,80,2.9036476612091064,2.902182102203369,-0.0014655590057373047
23,19,80,2.512798309326172,2.512603282928467,-0.00019502639770507812
24,0,80,3.4363067150115967,3.4372363090515137,0.0009295940399169922
24,1,80,3.5646183490753174,3.5646698474884033,5.14984130859375e-05
24,2,80,3.4649744033813477,3.4645752906799316,-0.0003991127014160156
24,3,80,3.033884048461914,3.0315451622009277,-0.002338886260986328
24,4,80,2.8682236671447754,2.868992805480957,0.0007691383361816406
24,5,80,3.4136061668395996,3.412675380706787,-0.0009307861328125
24,6,80,3.3630781173706055,3.362452268600464,-0.0006258487701416016
24,7,80,3.3646600246429443,3.3636412620544434,-0.0010187625885009766
24,8,80,3.102139711380005,3.1015572547912598,-0.0005824565887451172
24,9,80,3.3000173568725586,3.3001925945281982,0.00017523765563964844
24,10,80,3.5178093910217285,3.5170936584472656,-0.0007157325744628906
24,11,80,3.2561490535736084,3.256122589111328,-2.6464462280273438e-05
24,12,80,3.4145238399505615,3.4161899089813232,0.0016660690307617188
24,13,80,3.880302906036377,3.8802895545959473,-1.33514404296875e-05
24,14,80,3.653571605682373,3.653808832168579,0.0002372264862060547
24,15,80,3.571814775466919,3.5715925693511963,-0.00022220611572265625
24,16,80,3.970201015472412,3.970677614212036,0.00047659873962402344
24,17,80,3.716688632965088,3.7162182331085205,-0.0004703998565673828
24,18,80,2.9036476612091064,2.9033570289611816,-0.0002906322479248047
24,19,80,2.512798309326172,2.5136027336120605,0.0008044242858886719
25,0,80,3.4363067150115967,3.4366047382354736,0.0002980232238769531
25,1,80,3.5646183490753174,3.5657002925872803,0.0010819435119628906
25,2,80,3.4649744033813477,3.465251922607422,0.00027751922607421875
25,3,80,3.033884048461914,3.0331742763519287,-0.0007097721099853516
25,4,80,2.8682236671447754,2.8684263229370117,0.00020265579223632812
25,5,80,3.4136061668395996,3.4145631790161133,0.0009570121765136719
25,6,80,3.3630781173706055,3.364824056625366,0.0017459392547607422
25,7,80,3.3646600246429443,3.364361047744751,-0.0002989768981933594
25,8,80,3.102139711380005,3.102152109146118,1.239776611328125e-05
25,9,80,3.3000173568725586,3.3007524013519287,0.0007350444793701172
25,10,80,3.5178093910217285,3.517646551132202,-0.0001628398895263672
25,11,80,3.2561490535736084,3.2570788860321045,0.0009298324584960938
25,12,80,3.4145238399505615,3.4143991470336914,-0.0001246929168701172
25,13,80,3.880302906036377,3.87959623336792,-0.0007066726684570312
25,14,80,3.653571605682373,3.6547927856445312,0.0012211799621582031
25,15,80,3.571814775466919,3.572929859161377,0.0011150836944580078
25,16,80,3.970201015472412,3.971005916595459,0.000804901123046875
25,17,80,3.716688632965088,3.7150001525878906,-0.0016884803771972656
25,18,80,2.9036476612091064,2.903193950653076,-0.00045371055603027344
25,19,80,2.512798309326172,2.5125303268432617,-0.00026798248291015625
26,0,80,3.4363067150115967,3.4364466667175293,0.0001399517059326172
26,1,80,3.5646183490753174,3.5647711753845215,0.00015282630920410156
26,2,80,3.4649744033813477,3.4647438526153564,-0.00023055076599121094
26,3,80,3.033884048461914,3.0341415405273438,0.0002574920654296875
26,4,80,2.8682236671447754,2.868103265762329,-0.00012040138244628906
26,5,80,3.4136061668395996,3.413848400115967,0.0002422332763671875
26,6,80,3.3630781173706055,3.363356590270996,0.000278472900390625
26,7,80,3.3646600246429443,3.364581823348999,-7.82012939453125e-05
26,8,80,3.102139711380005,3.1026453971862793,0.0005056858062744141
26,9,80,3.3000173568725586,3.3014001846313477,0.0013828277587890625
26,10,80,3.5178093910217285,3.5194034576416016,0.0015940666198730469
26,11,80,3.2561490535736084,3.2554142475128174,-0.0007348060607910156
26,12,80,3.4145238399505615,3.4154562950134277,0.0009324550628662109
26,13,80,3.880302906036377,3.880084753036499,-0.0002181529998779297
26,14,80,3.653571605682373,3.653045654296875,-0.0005259513854980469
26,15,80,3.571814775466919,3.5725648403167725,0.0007500648498535156
26,16,80,3.970201015472412,3.970673084259033,0.00047206878662109375
26,17,80,3.716688632965088,3.715651512145996,-0.0010371208190917969
26,18,80,2.9036476612091064,2.9031944274902344,-0.0004532337188720703
26,19,80,2.512798309326172,2.512861490249634,6.318092346191406e-05
27,0,80,3.4363067150115967,3.4361133575439453,-0.0001933574676513672
27,1,80,3.5646183490753174,3.5646214485168457,3.0994415283203125e-06
27,2,80,3.4649744033813477,3.4647409915924072,-0.0002334117889404297
27,3,80,3.033884048461914,3.034567356109619,0.0006833076477050781
27,4,80,2.8682236671447754,2.868978500366211,0.0007548332214355469
27,5,80,3.4136061668395996,3.4148929119110107,0.0012867450714111328
27,6,80,3.3630781173706055,3.3639681339263916,0.0008900165557861328
27,7,80,3.3646600246429443,3.365251064300537,0.0005910396575927734
27,8,80,3.102139711380005,3.1028695106506348,0.0007297992706298828
27,9,80,3.3000173568725586,3.300508975982666,0.0004916191101074219
27,10,80,3.5178093910217285,3.517575979232788,-0.0002334117889404297
27,11,80,3.2561490535736084,3.255570888519287,-0.0005781650543212891
27,12,80,3.4145238399505615,3.415465831756592,0.0009419918060302734
27,13,80,3.880302906036377,3.8805019855499268,0.0001990795135498047
27,14,80,3.653571605682373,3.6537435054779053,0.00017189979553222656
27,15,80,3.571814775466919,3.5703353881835938,-0.0014793872833251953
27,16,80,3.970201015472412,3.969223737716675,-0.0009772777557373047
27,17,80,3.716688632965088,3.7156295776367188,-0.0010590553283691406
27,18,80,2.9036476612091064,2.904710531234741,0.0010628700256347656
27,19,80,2.512798309326172,2.5131516456604004,0.0003533363342285156
28,0,80,3.4363067150115967,3.436209201812744,-9.751319885253906e-05
28,1,80,3.5646183490753174,3.5657191276550293,0.001100778579711914
28,2,80,3.4649744033813477,3.4650802612304688,0.00010585784912109375
28,3,80,3.033884048461914,3.034183979034424,0.0002999305725097656
28,4,80,2.8682236671447754,2.869197130203247,0.0009734630584716797
28,5,80,3.4136061668395996,3.414257287979126,0.0006511211395263672
28,6,80,3.3630781173706055,3.364331007003784,0.001252889633178711
28,7,80,3.3646600246429443,3.3655483722686768,0.0008883476257324219
28,8,80,3.102139711380005,3.103578805923462,0.0014390945434570312
28,9,80,3.3000173568725586,3.3010971546173096,0.0010797977447509766
28,10,80,3.5178093910217285,3.5195155143737793,0.0017061233520507812
28,11,80,3.2561490535736084,3.254783868789673,-0.0013651847839355469
28,12,80,3.4145238399505615,3.414642810821533,0.00011897087097167969
28,13,80,3.880302906036377,3.8808348178863525,0.0005319118499755859
28,14,80,3.653571605682373,3.6536571979522705,8.559226989746094e-05
28,15,80,3.571814775466919,3.573014259338379,0.001199483871459961
28,16,80,3.970201015472412,3.9703004360198975,9.942054748535156e-05
28,17,80,3.716688632965088,3.7167141437530518,2.5510787963867188e-05
28,18,80,2.9036476612091064,2.9025468826293945,-0.001100778579711914
28,19,80,2.512798309326172,2.512882709503174,8.440017700195312e-05
29,0,80,3.4363067150115967,3.4362640380859375,-4.267692565917969e-05
29,1,80,3.5646183490753174,3.563267946243286,-0.00135040283203125
29,2,80,3.4649744033813477,3.464005947113037,-0.0009684562683105469
29,3,80,3.033884048461914,3.0336413383483887,-0.00024271011352539062
29,4,80,2.8682236671447754,2.8677897453308105,-0.00043392181396484375
29,5,80,3.4136061668395996,3.413454294204712,-0.0001518726348876953
29,6,80,3.3630781173706055,3.362393856048584,-0.0006842613220214844
29,7,80,3.3646600246429443,3.365091323852539,0.00043129920959472656
29,8,80,3.102139711380005,3.1015865802764893,-0.000553131103515625
29,9,80,3.3000173568725586,3.2992324829101562,-0.0007848739624023438
29,10,80,3.5178093910217285,3.5176467895507812,-0.00016260147094726562
29,11,80,3.2561490535736084,3.256288528442383,0.00013947486877441406
29,12,80,3.4145238399505615,3.41605806350708,0.0015342235565185547
29,13,80,3.880302906036377,3.8795578479766846,-0.0007450580596923828
29,14,80,3.653571605682373,3.6535122394561768,-5.936622619628906e-05
29,15,80,3.571814775466919,3.571220874786377,-0.0005939006805419922
29,16,80,3.970201015472412,3.9713120460510254,0.0011110305786132812
29,17,80,3.716688632965088,3.7186243534088135,0.001935720443725586
29,18,80,2.9036476612091064,2.902390718460083,-0.0012569427490234375
29,19,80,2.512798309326172,2.5132102966308594,0.0004119873046875
30,0,80,3.4363067150115967,3.437321424484253,0.00101470947265625
30,1,80,3.5646183490753174,3.5658137798309326,0.0011954307556152344
30,2,80,3.4649744033813477,3.4634556770324707,-0.0015187263488769531
30,3,80,3.033884048461914,3.035670280456543,0.0017862319946289062
30,4,80,2.8682236671447754,2.86780047416687,-0.00042319297790527344
30,5,80,3.4136061668395996,3.412604808807373,-0.0010013580322265625
30,6,80,3.3630781173706055,3.362334966659546,-0.0007431507110595703
30,7,80,3.3646600246429443,3.3640782833099365,-0.0005817413330078125
30,8,80,3.102139711380005,3.101163387298584,-0.0009763240814208984
30,9,80,3.3000173568725586,3.2999393939971924,-7.796287536621094e-05
30,10,80,3.5178093910217285,3.5182301998138428,0.0004208087921142578
30,11,80,3.2561490535736084,3.2568728923797607,0.0007238388061523438
30,12,80,3.4145238399505615,3.415250062942505,0.0007262229919433594
30,13,80,3.880302906036377,3.879831314086914,-0.0004715919494628906
30,14,80,3.653571605682373,3.653825521469116,0.00025391578674316406
30,15,80,3.571814775466919,3.571120023727417,-0.0006947517395019531
30,16,80,3.970201015472412,3.96978497505188,-0.00041604042053222656
30,17,80,3.716688632965088,3.7162606716156006,-0.0004279613494873047
30,18,80,2.9036476612091064,2.902294635772705,-0.0013530254364013672
30,19,80,2.512798309326172,2.5127313137054443,-6.699562072753906e-05
31,0,80,3.4363067150115967,3.434924364089966,-0.0013823509216308594
31,1,80,3.5646183490753174,3.5641372203826904,-0.0004811286926269531
31,2,80,3.4649744033813477,3.4646146297454834,-0.0003597736358642578
31,3,80,3.033884048461914,3.034534215927124,0.0006501674652099609
31,4,80,2.8682236671447754,2.8681585788726807,-6.508827209472656e-05
31,5,80,3.4136061668395996,3.415090560913086,0.0014843940734863281
31,6,80,3.3630781173706055,3.3635683059692383,0.0004901885986328125
31,7,80,3.3646600246429443,3.3657066822052,0.0010466575622558594
31,8,80,3.102139711380005,3.1035876274108887,0.001447916030883789
31,9,80,3.3000173568725586,3.3013782501220703,0.0013608932495117188
31,10,80,3.5178093910217285,3.5184199810028076,0.0006105899810791016
31,11,80,3.2561490535736084,3.254626512527466,-0.0015225410461425781
31,12,80,3.4145238399505615,3.4147682189941406,0.00024437904357910156
31,13,80,3.880302906036377,3.8808419704437256,0.0005390644073486328
31,14,80,3.653571605682373,3.6546478271484375,0.0010762214660644531
31,15,80,3.571814775466919,3.571375608444214,-0.0004391670227050781
31,16,80,3.970201015472412,3.970773220062256,0.00057220458984375
31,17,80,3.716688632965088,3.717066764831543,0.0003781318664550781
31,18,80,2.9036476612091064,2.9033524990081787,-0.0002951622009277344
31,19,80,2.512798309326172,2.5117263793945312,-0.001071929931640625
32,0,80,3.4363067150115967,3.4360756874084473,-0.00023102760314941406
32,1,80,3.5646183490753174,3.564537286758423,-8.106231689453125e-05
32,2,80,3.4649744033813477,3.4640612602233887,-0.0009131431579589844
32,3,80,3.033884048461914,3.033872127532959,-1.1920928955078125e-05
32,4,80,2.8682236671447754,2.8668289184570312,-0.0013947486877441406
32,5,80,3.4136061668395996,3.412832021713257,-0.0007741451263427734
32,6,80,3.3630781173706055,3.3625028133392334,-0.0005753040313720703
32,7,80,3.3646600246429443,3.363560438156128,-0.0010995864868164062
32,8,80,3.102139711380005,3.1003670692443848,-0.0017726421356201172
32,9,80,3.3000173568725586,3.3001067638397217,8.940696716308594e-05
32,10,80,3.5178093910217285,3.5176138877868652,-0.00019550323486328125
32,11,80,3.2561490535736084,3.255019187927246,-0.0011298656463623047
32,12,80,3.4145238399505615,3.414949417114258,0.00042557716369628906
32,13,80,3.880302906036377,3.8802735805511475,-2.9325485229492188e-05
32,14,80,3.653571605682373,3.6549932956695557,0.0014216899871826172
32,15,80,3.571814775466919,3.571768283843994,-4.649162292480469e-05
32,16,80,3.970201015472412,3.9702677726745605,6.67572021484375e-05
32,17,80,3.716688632965088,3.7153944969177246,-0.0012941360473632812
32,18,80,2.9036476612091064,2.9015891551971436,-0.0020585060119628906
32,19,80,2.512798309326172,2.512413740158081,-0.0003845691680908203
33,0,80,3.4363067150115967,3.43690824508667,0.0006015300750732422
33,1,80,3.5646183490753174,3.5638680458068848,-0.0007503032684326172
33,2,80,3.4649744033813477,3.4656941890716553,0.0007197856903076172
33,3,80,3.033884048461914,3.034285545349121,0.00040149688720703125
33,4,80,2.8682236671447754,2.8682749271392822,5.125999450683594e-05
33,5,80,3.4136061668395996,3.412503719329834,-0.001102447509765625
33,6,80,3.3630781173706055,3.362093448638916,-0.0009846687316894531
33,7,80,3.3646600246429443,3.3649563789367676,0.0002963542938232422
33,8,80,3.102139711380005,3.1018617153167725,-0.0002779960632324219
33,9,80,3.3000173568725586,3.299375534057617,-0.0006418228149414062
33,10,80,3.5178093910217285,3.5184428691864014,0.0006334781646728516
33,11,80,3.2561490535736084,3.25412917137146,-0.0020198822021484375
33,12,80,3.4145238399505615,3.415454387664795,0.0009305477142333984
33,13,80,3.880302906036377,3.879284143447876,-0.0010187625885009766
33,14,80,3.653571605682373,3.6541740894317627,0.0006024837493896484
33,15,80,3.571814775466919,3.5716564655303955,-0.0001583099365234375
33,16,80,3.970201015472412,3.969778537750244,-0.00042247772216796875
33,17,80,3.716688632965088,3.7152695655822754,-0.0014190673828125
33,18,80,2.9036476612091064,2.903003215789795,-0.0006444454193115234
33,19,80,2.512798309326172,2.5118393898010254,-0.0009589195251464844
34,0,80,3.4363067150115967,3.4362573623657227,-4.935264587402344e-05
34,1,80,3.5646183490753174,3.564882755279541,0.0002644062042236328
34,2,80,3.4649744033813477,3.4653096199035645,0.0003352165222167969
34,3,80,3.033884048461914,3.0332677364349365,-0.0006163120269775391
34,4,80,2.8682236671447754,2.867492437362671,-0.0007312297821044922
34,5,80,3.4136061668395996,3.4130964279174805,-0.0005097389221191406
34,6,80,3.3630781173706055,3.363330841064453,0.00025272369384765625
34,7,80,3.3646600246429443,3.3642759323120117,-0.0003840923309326172
34,8,80,3.102139711380005,3.1019766330718994,-0.00016307830810546875
34,9,80,3.3000173568725586,3.2997515201568604,-0.0002658367156982422
34,10,80,3.5178093910217285,3.5174033641815186,-0.00040602684020996094
34,11,80,3.2561490535736084,3.255695343017578,-0.00045371055603027344
34,12,80,3.4145238399505615,3.413832902908325,-0.0006909370422363281
34,13,80,3.880302906036377,3.8804638385772705,0.0001609325408935547
34,14,80,3.653571605682373,3.6542539596557617,0.0006823539733886719
34,15,80,3.571814775466919,3.5729176998138428,0.0011029243469238281
34,16,80,3.970201015472412,3.969773054122925,-0.0004279613494873047
34,17,80,3.716688632965088,3.7174153327941895,0.0007266998291015625
34,18,80,2.9036476612091064,2.9044041633605957,0.0007565021514892578
34,19,80,2.512798309326172,2.513702154159546,0.0009038448333740234
35,0,80,3.4363067150115967,3.437004327774048,0.0006976127624511719
35,1,80,3.5646183490753174,3.564769744873047,0.0001513957977294922
35,2,80,3.4649744033813477,3.4638493061065674,-0.0011250972747802734
35,3,80,3.033884048461914,3.035022497177124,0.001138448715209961
35,4,80,2.8682236671447754,2.8676257133483887,-0.0005979537963867188
35,5,80,3.4136061668395996,3.413285255432129,-0.0003209114074707031
35,6,80,3.3630781173706055,3.361647844314575,-0.0014302730560302734
35,7,80,3.3646600246429443,3.3645100593566895,-0.0001499652862548828
35,8,80,3.102139711380005,3.102736711502075,0.0005970001220703125
35,9,80,3.3000173568725586,3.299565315246582,-0.0004520416259765625
35,10,80,3.5178093910217285,3.5176756381988525,-0.00013375282287597656
35,11,80,3.2561490535736084,3.257779598236084,0.001630544662475586
35,12,80,3.4145238399505615,3.414095163345337,-0.0004286766052246094
35,13,80,3.880302906036377,3.880824089050293,0.0005211830139160156
35,14,80,3.653571605682373,3.6548497676849365,0.0012781620025634766
35,15,80,3.571814775466919,3.5719354152679443,0.00012063980102539062
35,16,80,3.970201015472412,3.971540927886963,0.0013399124145507812
35,17,80,3.716688632965088,3.7156753540039062,-0.0010132789611816406
35,18,80,2.9036476612091064,2.904453754425049,0.0008060932159423828
35,19,80,2.512798309326172,2.512286901473999,-0.0005114078521728516
36,0,80,3.4363067150115967,3.4378340244293213,0.0015273094177246094
36,1,80,3.5646183490753174,3.5636980533599854,-0.0009202957153320312
36,2,80,3.4649744033813477,3.465691089630127,0.0007166862487792969
36,3,80,3.033884048461914,3.0336945056915283,-0.0001895427703857422
36,4,80,2.8682236671447754,2.8678574562072754,-0.0003662109375
36,5,80,3.4136061668395996,3.4137842655181885,0.0001780986785888672
36,6,80,3.3630781173706055,3.3632748126983643,0.00019669532775878906
36,7,80,3.3646600246429443,3.36510968208313,0.0004496574401855469
36,8,80,3.102139711380005,3.1016883850097656,-0.0004513263702392578
36,9,80,3.3000173568725586,3.300321102142334,0.0003037452697753906
36,10,80,3.5178093910217285,3.517606496810913,-0.0002028942108154297
36,11,80,3.2561490535736084,3.2559049129486084,-0.000244140625
36,12,80,3.4145238399505615,3.415785074234009,0.0012612342834472656
36,13,80,3.880302906036377,3.880106210708618,-0.00019669532775878906
36,14,80,3.653571605682373,3.6528570652008057,-0.0007145404815673828
36,15,80,3.571814775466919,3.5714521408081055,-0.00036263465881347656
36,16,80,3.970201015472412,3.9703266620635986,0.00012564659118652344
36,17,80,3.716688632965088,3.7161474227905273,-0.0005412101745605469
36,18,80,2.9036476612091064,2.9030089378356934,-0.0006387233734130859
36,19,80,2.512798309326172,2.5125908851623535,-0.00020742416381835938
37,0,80,3.4363067150115967,3.435560941696167,-0.0007457733154296875
37,1,80,3.5646183490753174,3.5630786418914795,-0.0015397071838378906
37,2,80,3.4649744033813477,3.4648444652557373,-0.00012993812561035156
37,3,80,3.033884048461914,3.0345332622528076,0.0006492137908935547
37,4,80,2.8682236671447754,2.867888927459717,-0.00033473968505859375
37,5,80,3.4136061668395996,3.4138288497924805,0.00022268295288085938
37,6,80,3.3630781173706055,3.3638784885406494,0.0008003711700439453
37,7,80,3.3646600246429443,3.3628623485565186,-0.0017976760864257812
37,8,80,3.102139711380005,3.101956844329834,-0.00018286705017089844
37,9,80,3.3000173568725586,3.3006415367126465,0.0006241798400878906
37,10,80,3.5178093910217285,3.518047571182251,0.00023818016052246094
37,11,80,3.2561490535736084,3.2556705474853516,-0.00047850608825683594
37,12,80,3.4145238399505615,3.4129793643951416,-0.0015444755554199219
37,13,80,3.880302906036377,3.880235195159912,-6.771087646484375e-05
37,14,80,3.653571605682373,3.653411388397217,-0.00016021728515625
37,15,80,3.571814775466919,3.5720765590667725,0.0002617835998535156
37,16,80,3.970201015472412,3.970250368118286,4.935264587402344e-05
37,17,80,3.716688632965088,3.7192482948303223,0.002559661865234375
37,18,80,2.9036476612091064,2.904287576675415,0.0006399154663085938
37,19,80,2.512798309326172,2.5138795375823975,0.001081228256225586
38,0,80,3.4363067150115967,3.435844659805298,-0.0004620552062988281
38,1,80,3.5646183490753174,3.563730239868164,-0.0008881092071533203
38,2,80,3.4649744033813477,3.465125799179077,0.0001513957977294922
38,3,80,3.033884048461914,3.0354957580566406,0.0016117095947265625
38,4,80,2.8682236671447754,2.86808180809021,-0.0001418590545654297
38,5,80,3.4136061668395996,3.4142019748687744,0.0005958080291748047
38,6,80,3.3630781173706055,3.3644304275512695,0.0013523101806640625
38,7,80,3.3646600246429443,3.3670167922973633,0.0023567676544189453
38,8,80,3.102139711380005,3.103410243988037,0.0012705326080322266
38,9,80,3.3000173568725586,3.302140235900879,0.0021228790283203125
38,10,80,3.5178093910217285,3.5197689533233643,0.001959562301635742
38,11,80,3.2561490535736084,3.255600929260254,-0.0005481243133544922
38,12,80,3.4145238399505615,3.4138576984405518,-0.0006661415100097656
38,13,80,3.880302906036377,3.8794219493865967,-0.0008809566497802734
38,14,80,3.653571605682373,3.6529459953308105,-0.0006256103515625
38,15,80,3.571814775466919,3.571880578994751,6.580352783203125e-05
38,16,80,3.970201015472412,3.970982551574707,0.0007815361022949219
38,17,80,3.716688632965088,3.7156453132629395,-0.0010433197021484375
38,18,80,2.9036476612091064,2.906585931777954,0.0029382705688476562
38,19,80,2.512798309326172,2.515277862548828,0.00247955322265625
39,0,80,3.4363067150115967,3.436224937438965,-8.177757263183594e-05
39,1,80,3.5646183490753174,3.564269542694092,-0.00034880638122558594
39,2,80,3.4649744033813477,3.466704845428467,0.0017304420471191406
39,3,80,3.033884048461914,3.032998561859131,-0.0008854866027832031
39,4,80,2.8682236671447754,2.8677093982696533,-0.0005142688751220703
39,5,80,3.4136061668395996,3.4130032062530518,-0.0006029605865478516
39,6,80,3.3630781173706055,3.3645710945129395,0.0014929771423339844
39,7,80,3.3646600246429443,3.366537094116211,0.0018770694732666016
39,8,80,3.102139711380005,3.1020748615264893,-6.4849853515625e-05
39,9,80,3.3000173568725586,3.301072835922241,0.0010554790496826172
39,10,80,3.5178093910217285,3.5190117359161377,0.0012023448944091797
39,11,80,3.2561490535736084,3.2558445930480957,-0.0003044605255126953
39,12,80,3.4145238399505615,3.4141411781311035,-0.0003826618194580078
39,13,80,3.880302906036377,3.8809986114501953,0.0006957054138183594
39,14,80,3.653571605682373,3.653503656387329,-6.794929504394531e-05
39,15,80,3.571814775466919,3.571774482727051,-4.029273986816406e-05
39,16,80,3.970201015472412,3.971234083175659,0.0010330677032470703
39,17,80,3.716688632965088,3.720277786254883,0.003589153289794922
39,18,80,2.9036476612091064,2.902805805206299,-0.0008418560028076172
39,19,80,2.512798309326172,2.5113511085510254,-0.0014472007751464844
40,0,80,3.4363067150115967,3.4349021911621094,-0.0014045238494873047
40,1,80,3.5646183490753174,3.563154935836792,-0.0014634132385253906
40,2,80,3.4649744033813477,3.4650511741638184,7.677078247070312e-05
40,3,80,3.033884048461914,3.0345137119293213,0.0006296634674072266
40,4,80,2.8682236671447754,2.868241548538208,1.7881393432617188e-05
40,5,80,3.4136061668395996,3.4138896465301514,0.0002834796905517578
40,6,80,3.3630781173706055,3.3628368377685547,-0.00024127960205078125
40,7,80,3.3646600246429443,3.366208791732788,0.00154876708984375
40,8,80,3.102139711380005,3.102350950241089,0.00021123886108398438
40,9,80,3.3000173568725586,3.3002970218658447,0.0002796649932861328
40,10,80,3.5178093910217285,3.5176520347595215,-0.00015735626220703125
40,11,80,3.2561490535736084,3.2563583850860596,0.00020933151245117188
40,12,80,3.4145238399505615,3.4132273197174072,-0.0012965202331542969
40,13,80,3.880302906036377,3.8786425590515137,-0.0016603469848632812
40,14,80,3.653571605682373,3.652036190032959,-0.0015354156494140625
40,15,80,3.571814775466919,3.5719406604766846,0.000125885009765625
40,16,80,3.970201015472412,3.9714314937591553,0.001230478286743164
40,17,80,3.716688632965088,3.7149593830108643,-0.0017292499542236328
40,18,80,2.9036476612091064,2.903640031814575,-7.62939453125e-06
40,19,80,2.512798309326172,2.5115065574645996,-0.0012917518615722656
41,0,80,3.4363067150115967,3.43588924407959,-0.00041747093200683594
41,1,80,3.5646183490753174,3.5642905235290527,-0.00032782554626464844
41,2,80,3.4649744033813477,3.465407609939575,0.00043320655822753906
41,3,80,3.033884048461914,3.0331759452819824,-0.0007081031799316406
41,4,80,2.8682236671447754,2.869356393814087,0.0011327266693115234
41,5,80,3.4136061668395996,3.4144442081451416,0.0008380413055419922
41,6,80,3.3630781173706055,3.364784002304077,0.0017058849334716797
41,7,80,3.3646600246429443,3.364668369293213,8.344650268554688e-06
41,8,80,3.102139711380005,3.1009416580200195,-0.0011980533599853516
41,9,80,3.3000173568725586,3.300262451171875,0.00024509429931640625
41,10,80,3.5178093910217285,3.5176620483398438,-0.00014734268188476562
41,11,80,3.2561490535736084,3.255899667739868,-0.0002493858337402344
41,12,80,3.4145238399505615,3.4156930446624756,0.0011692047119140625
41,13,80,3.880302906036377,3.881448984146118,0.001146078109741211
41,14,80,3.653571605682373,3.653939723968506,0.0003681182861328125
41,15,80,3.571814775466919,3.572068452835083,0.0002536773681640625
41,16,80,3.970201015472412,3.969247579574585,-0.0009534358978271484
41,17,80,3.716688632965088,3.7168455123901367,0.00015687942504882812
41,18,80,2.9036476612091064,2.9037060737609863,5.841255187988281e-05
41,19,80,2.512798309326172,2.5129237174987793,0.00012540817260742188
42,0,80,3.4363067150115967,3.4366891384124756,0.00038242340087890625
42,1,80,3.5646183490753174,3.565215826034546,0.0005974769592285156
42,2,80,3.4649744033813477,3.465212106704712,0.0002377033233642578
42,3,80,3.033884048461914,3.0342612266540527,0.0003771781921386719
42,4,80,2.8682236671447754,2.8674967288970947,-0.0007269382476806641
42,5,80,3.4136061668395996,3.41395902633667,0.0003528594970703125
42,6,80,3.3630781173706055,3.3638556003570557,0.0007774829864501953
42,7,80,3.3646600246429443,3.365143299102783,0.0004832744598388672
42,8,80,3.102139711380005,3.1014552116394043,-0.0006844997406005859
42,9,80,3.3000173568725586,3.2994368076324463,-0.0005805492401123047
42,10,80,3.5178093910217285,3.517977237701416,0.0001678466796875
42,11,80,3.2561490535736084,3.2565221786499023,0.0003731250762939453
42,12,80,3.4145238399505615,3.414565324783325,4.1484832763671875e-05
42,13,80,3.880302906036377,3.8794469833374023,-0.0008559226989746094
42,14,80,3.653571605682373,3.654848575592041,0.0012769699096679688
42,15,80,3.571814775466919,3.5712828636169434,-0.0005319118499755859
42,16,80,3.970201015472412,3.969780921936035,-0.0004200935363769531
42,17,80,3.716688632965088,3.7170398235321045,0.00035119056701660156
42,18,80,2.9036476612091064,2.903944253921509,0.00029659271240234375
42,19,80,2.512798309326172,2.5127787590026855,-1.9550323486328125e-05
43,0,80,3.4363067150115967,3.435054302215576,-0.0012524127960205078
43,1,80,3.5646183490753174,3.5632433891296387,-0.001374959945678711
43,2,80,3.4649744033813477,3.4649412631988525,-3.314018249511719e-05
43,3,80,3.033884048461914,3.031942367553711,-0.001941680908203125
43,4,80,2.8682236671447754,2.867685556411743,-0.0005381107330322266
43,5,80,3.4136061668395996,3.4124295711517334,-0.001176595687866211
43,6,80,3.3630781173706055,3.3624329566955566,-0.0006451606750488281
43,7,80,3.3646600246429443,3.3635141849517822,-0.0011458396911621094
43,8,80,3.102139711380005,3.102045774459839,-9.393692016601562e-05
43,9,80,3.3000173568725586,3.2999606132507324,-5.6743621826171875e-05
43,10,80,3.5178093910217285,3.517852544784546,4.315376281738281e-05
43,11,80,3.2561490535736084,3.2554755210876465,-0.0006735324859619141
43,12,80,3.4145238399505615,3.416379690170288,0.0018558502197265625
43,13,80,3.880302906036377,3.8798582553863525,-0.00044465065002441406
43,14,80,3.653571605682373,3.6546125411987305,0.0010409355163574219
43,15,80,3.571814775466919,3.5715644359588623,-0.0002503395080566406
43,16,80,3.970201015472412,3.9707863330841064,0.0005853176116943359
43,17,80,3.716688632965088,3.7161786556243896,-0.0005099773406982422
43,18,80,2.9036476612091064,2.903364658355713,-0.0002830028533935547
43,19,80,2.512798309326172,2.5112922191619873,-0.0015060901641845703
44,0,80,3.4363067150115967,3.4370782375335693,0.0007715225219726562
44,1,80,3.5646183490753174,3.565026044845581,0.0004076957702636719
44,2,80,3.4649744033813477,3.4650189876556396,4.458427429199219e-05
44,3,80,3.033884048461914,3.0338404178619385,-4.363059997558594e-05
44,4,80,2.8682236671447754,2.868250846862793,2.7179718017578125e-05
44,5,80,3.4136061668395996,3.414100408554077,0.0004942417144775391
44,6,80,3.3630781173706055,3.362396001815796,-0.0006821155548095703
44,7,80,3.3646600246429443,3.3641223907470703,-0.0005376338958740234
44,8,80,3.102139711380005,3.102266788482666,0.0001270771026611328
44,9,80,3.3000173568725586,3.298685073852539,-0.0013322830200195312
44,10,80,3.5178093910217285,3.5177321434020996,-7.724761962890625e-05
44,11,80,3.2561490535736084,3.255993604660034,-0.00015544891357421875
44,12,80,3.4145238399505615,3.415919303894043,0.0013954639434814453
44,13,80,3.880302906036377,3.8833131790161133,0.003010272979736328
44,14,80,3.653571605682373,3.653209686279297,-0.0003619194030761719
44,15,80,3.571814775466919,3.5717568397521973,-5.793571472167969e-05
44,16,80,3.970201015472412,3.9707980155944824,0.0005970001220703125
44,17,80,3.716688632965088,3.7161407470703125,-0.0005478858947753906
44,18,80,2.9036476612091064,2.902268171310425,-0.0013794898986816406
44,19,80,2.512798309326172,2.5123233795166016,-0.0004749298095703125
45,0,80,3.4363067150115967,3.436427116394043,0.00012040138244628906
45,1,80,3.5646183490753174,3.5654075145721436,0.0007891654968261719
45,2,80,3.4649744033813477,3.4654102325439453,0.00043582916259765625
45,3,80,3.033884048461914,3.0327956676483154,-0.0010883808135986328
45,4,80,2.8682236671447754,2.8688457012176514,0.0006220340728759766
45,5,80,3.4136061668395996,3.412720203399658,-0.0008859634399414062
45,6,80,3.3630781173706055,3.3621485233306885,-0.0009295940399169922
45,7,80,3.3646600246429443,3.364238977432251,-0.0004210472106933594
45,8,80,3.102139711380005,3.101100206375122,-0.0010395050048828125
45,9,80,3.3000173568725586,3.2997655868530273,-0.00025177001953125
45,10,80,3.5178093910217285,3.5165956020355225,-0.0012137889862060547
45,11,80,3.2561490535736084,3.255073070526123,-0.0010759830474853516
45,12,80,3.4145238399505615,3.41595196723938,0.0014281272888183594
45,13,80,3.880302906036377,3.8809115886688232,0.0006086826324462891
45,14,80,3.653571605682373,3.6530323028564453,-0.0005393028259277344
45,15,80,3.571814775466919,3.5720529556274414,0.00023818016052246094
45,16,80,3.970201015472412,3.970912218093872,0.0007112026214599609
45,17,80,3.716688632965088,3.7180979251861572,0.001409292221069336
45,18,80,2.9036476612091064,2.9029884338378906,-0.0006592273712158203
45,19,80,2.512798309326172,2.5128207206726074,2.2411346435546875e-05
46,0,80,3.4363067150115967,3.4360580444335938,-0.0002486705780029297
46,1,80,3.5646183490753174,3.564554452896118,-6.389617919921875e-05
46,2,80,3.4649744033813477,3.4651730060577393,0.00019860267639160156
46,3,80,3.033884048461914,3.033691883087158,-0.00019216537475585938
46,4,80,2.8682236671447754,2.8677332401275635,-0.0004904270172119141
46,5,80,3.4136061668395996,3.4145097732543945,0.0009036064147949219
46,6,80,3.3630781173706055,3.3642029762268066,0.0011248588562011719
46,7,80,3.3646600246429443,3.3659965991973877,0.0013365745544433594
46,8,80,3.102139711380005,3.1030611991882324,0.0009214878082275391
46,9,80,3.3000173568725586,3.3008503913879395,0.0008330345153808594
46,10,80,3.5178093910217285,3.5165154933929443,-0.0012938976287841797
46,11,80,3.2561490535736084,3.2555785179138184,-0.0005705356597900391
46,12,80,3.4145238399505615,3.414726972579956,0.00020313262939453125
46,13,80,3.880302906036377,3.8801026344299316,-0.0002002716064453125
46,14,80,3.653571605682373,3.6534364223480225,-0.00013518333435058594
46,15,80,3.571814775466919,3.5725533962249756,0.0007386207580566406
46,16,80,3.970201015472412,3.9708142280578613,0.0006132125854492188
46,17,80,3.716688632965088,3.7160885334014893,-0.0006000995635986328
46,18,80,2.9036476612091064,2.9039466381073,0.0002989768981933594
46,19,80,2.512798309326172,2.5119314193725586,-0.0008668899536132812
47,0,80,3.4363067150115967,3.436208486557007,-9.822845458984375e-05
47,1,80,3.5646183490753174,3.564112663269043,-0.0005056858062744141
47,2,80,3.4649744033813477,3.4660556316375732,0.001081228256225586
47,3,80,3.033884048461914,3.0337231159210205,-0.0001609325408935547
47,4,80,2.8682236671447754,2.868070363998413,-0.0001533031463623047
47,5,80,3.4136061668395996,3.4120121002197266,-0.0015940666198730469
47,6,80,3.3630781173706055,3.3614118099212646,-0.0016663074493408203
47,7,80,3.3646600246429443,3.3640811443328857,-0.0005788803100585938
47,8,80,3.102139711380005,3.101407527923584,-0.0007321834564208984
47,9,80,3.3000173568725586,3.29934024810791,-0.0006771087646484375
47,10,80,3.5178093910217285,3.5168073177337646,-0.0010020732879638672
47,11,80,3.2561490535736084,3.255852460861206,-0.00029659271240234375
47,12,80,3.4145238399505615,3.415055274963379,0.0005314350128173828
47,13,80,3.880302906036377,3.8790884017944336,-0.0012145042419433594
47,14,80,3.653571605682373,3.6540491580963135,0.0004775524139404297
47,15,80,3.571814775466919,3.571533679962158,-0.0002810955047607422
47,16,80,3.970201015472412,3.9707369804382324,0.0005359649658203125
47,17,80,3.716688632965088,3.7170279026031494,0.00033926963806152344
47,18,80,2.9036476612091064,2.9035019874572754,-0.0001456737518310547
47,19,80,2.512798309326172,2.5130715370178223,0.0002732276916503906
48,0,80,3.4363067150115967,3.434722900390625,-0.0015838146209716797
48,1,80,3.5646183490753174,3.564119338989258,-0.0004990100860595703
48,2,80,3.4649744033813477,3.464921236038208,-5.316734313964844e-05
48,3,80,3.033884048461914,3.033884286880493,2.384185791015625e-07
48,4,80,2.8682236671447754,2.8678441047668457,-0.0003795623779296875
48,5,80,3.4136061668395996,3.414436101913452,0.0008299350738525391
48,6,80,3.3630781173706055,3.36295485496521,-0.0001232624053955078
48,7,80,3.3646600246429443,3.363619327545166,-0.0010406970977783203
48,8,80,3.102139711380005,3.101835250854492,-0.0003044605255126953
48,9,80,3.3000173568725586,3.3012914657592773,0.00127410888671875
48,10,80,3.5178093910217285,3.516848087310791,-0.0009613037109375
48,11,80,3.2561490535736084,3.25468373298645,-0.0014653205871582031
48,12,80,3.4145238399505615,3.4154257774353027,0.0009019374847412109
48,13,80,3.880302906036377,3.879585027694702,-0.0007178783416748047
48,14,80,3.653571605682373,3.6532509326934814,-0.00032067298889160156
48,15,80,3.571814775466919,3.5718579292297363,4.315376281738281e-05
48,16,80,3.970201015472412,3.970712900161743,0.0005118846893310547
48,17,80,3.716688632965088,3.7175211906433105,0.0008325576782226562
48,18,80,2.9036476612091064,2.903718948364258,7.128715515136719e-05
48,19,80,2.512798309326172,2.5123698711395264,-0.0004284381866455078
49,0,80,3.4363067150115967,3.4372398853302,0.0009331703186035156
49,1,80,3.5646183490753174,3.565413236618042,0.0007948875427246094
49,2,80,3.4649744033813477,3.4632728099823,-0.0017015933990478516
49,3,80,3.033884048461914,3.0321664810180664,-0.0017175674438476562
49,4,80,2.8682236671447754,2.8691813945770264,0.0009577274322509766
49,5,80,3.4136061668395996,3.413935661315918,0.0003294944763183594
49,6,80,3.3630781173706055,3.3626036643981934,-0.0004744529724121094
49,7,80,3.3646600246429443,3.3659000396728516,0.0012400150299072266
49,8,80,3.102139711380005,3.103116989135742,0.0009772777557373047
49,9,80,3.3000173568725586,3.3005244731903076,0.0005071163177490234
49,10,80,3.5178093910217285,3.5166497230529785,-0.00115966796875
49,11,80,3.2561490535736084,3.2578630447387695,0.0017139911651611328
49,12,80,3.4145238399505615,3.415346384048462,0.0008225440979003906
49,13,80,3.880302906036377,3.8819706439971924,0.0016677379608154297
49,14,80,3.653571605682373,3.653878927230835,0.00030732154846191406
49,15,80,3.571814775466919,3.571277379989624,-0.0005373954772949219
49,16,80,3.970201015472412,3.970301628112793,0.00010061264038085938
49,17,80,3.716688632965088,3.720308780670166,0.003620147705078125
49,18,80,2.9036476612091064,2.902855634689331,-0.0007920265197753906
49,19,80,2.512798309326172,2.5120596885681152,-0.0007386207580566406
50,0,80,3.4363067150115967,3.4362423419952393,-6.437301635742188e-05
50,1,80,3.5646183490753174,3.564722776412964,0.00010442733764648438
50,2,80,3.4649744033813477,3.4648237228393555,-0.0001506805419921875
50,3,80,3.033884048461914,3.0337231159210205,-0.0001609325408935547
50,4,80,2.8682236671447754,2.868293046951294,6.937980651855469e-05
50,5,80,3.4136061668395996,3.4116735458374023,-0.0019326210021972656
50,6,80,3.3630781173706055,3.363945245742798,0.0008671283721923828
50,7,80,3.3646600246429443,3.3651065826416016,0.00044655799865722656
50,8,80,3.102139711380005,3.1032328605651855,0.001093149185180664
50,9,80,3.3000173568725586,3.2995662689208984,-0.00045108795166015625
50,10,80,3.5178093910217285,3.517244577407837,-0.0005648136138916016
50,11,80,3.2561490535736084,3.257131814956665,0.0009827613830566406
50,12,80,3.4145238399505615,3.415353775024414,0.0008299350738525391
50,13,80,3.880302906036377,3.8824610710144043,0.0021581649780273438
50,14,80,3.653571605682373,3.6550655364990234,0.0014939308166503906
50,15,80,3.571814775466919,3.5725271701812744,0.0007123947143554688
50,16,80,3.970201015472412,3.969529390335083,-0.0006716251373291016
50,17,80,3.716688632965088,3.7161078453063965,-0.0005807876586914062
50,18,80,2.9036476612091064,2.90327787399292,-0.00036978721618652344
50,19,80,2.512798309326172,2.512071371078491,-0.0007269382476806641
51,0,80,3.4363067150115967,3.4363160133361816,9.298324584960938e-06
51,1,80,3.5646183490753174,3.5647530555725098,0.0001347064971923828
51,2,80,3.4649744033813477,3.4650051593780518,3.075599670410156e-05
51,3,80,3.033884048461914,3.0341110229492188,0.0002269744873046875
51,4,80,2.8682236671447754,2.8678555488586426,-0.0003681182861328125
51,5,80,3.4136061668395996,3.413808584213257,0.00020241737365722656
51,6,80,3.3630781173706055,3.364955186843872,0.0018770694732666016
51,7,80,3.3646600246429443,3.3647823333740234,0.00012230873107910156
51,8,80,3.102139711380005,3.103511333465576,0.001371622085571289
51,9,80,3.3000173568725586,3.3004305362701416,0.0004131793975830078
51,10,80,3.5178093910217285,3.518233060836792,0.00042366981506347656
51,11,80,3.2561490535736084,3.2571520805358887,0.0010030269622802734
51,12,80,3.4145238399505615,3.4155735969543457,0.0010497570037841797
51,13,80,3.880302906036377,3.880160093307495,-0.00014281272888183594
51,14,80,3.653571605682373,3.6539762020111084,0.00040459632873535156
51,15,80,3.571814775466919,3.571650266647339,-0.00016450881958007812
51,16,80,3.970201015472412,3.9708359241485596,0.0006349086761474609
51,17,80,3.716688632965088,3.716076612472534,-0.0006120204925537109
51,18,80,2.9036476612091064,2.9033284187316895,-0.0003192424774169922
51,19,80,2.512798309326172,2.513308048248291,0.0005097389221191406
52,0,80,3.4363067150115967,3.43557071685791,-0.0007359981536865234
52,1,80,3.5646183490753174,3.564610242843628,-8.106231689453125e-06
52,2,80,3.4649744033813477,3.4657368659973145,0.0007624626159667969
52,3,80,3.033884048461914,3.030557155609131,-0.003326892852783203
52,4,80,2.8682236671447754,2.8675622940063477,-0.0006613731384277344
52,5,80,3.4136061668395996,3.412858486175537,-0.0007476806640625
52,6,80,3.3630781173706055,3.3625142574310303,-0.0005638599395751953
52,7,80,3.3646600246429443,3.3644418716430664,-0.0002181529998779297
52,8,80,3.102139711380005,3.1014676094055176,-0.0006721019744873047
52,9,80,3.3000173568725586,3.2996764183044434,-0.0003409385681152344
52,10,80,3.5178093910217285,3.518080711364746,0.0002713203430175781
52,11,80,3.2561490535736084,3.2546277046203613,-0.0015213489532470703
52,12,80,3.4145238399505615,3.414163589477539,-0.00036025047302246094
52,13,80,3.880302906036377,3.879678964614868,-0.0006239414215087891
52,14,80,3.653571605682373,3.6539080142974854,0.0003364086151123047
52,15,80,3.571814775466919,3.5732200145721436,0.0014052391052246094
52,16,80,3.970201015472412,3.970447063446045,0.0002460479736328125
52,17,80,3.716688632965088,3.7217800617218018,0.005091428756713867
52,18,80,2.9036476612091064,2.903693199157715,4.553794860839844e-05
52,19,80,2.512798309326172,2.512514591217041,-0.0002837181091308594
53,0,80,3.4363067150115967,3.437680244445801,0.0013735294342041016
53,1,80,3.5646183490753174,3.566145658493042,0.0015273094177246094
53,2,80,3.4649744033813477,3.4654808044433594,0.0005064010620117188
53,3,80,3.033884048461914,3.0332014560699463,-0.0006825923919677734
53,4,80,2.8682236671447754,2.868401288986206,0.00017762184143066406
53,5,80,3.4136061668395996,3.4137003421783447,9.417533874511719e-05
53,6,80,3.3630781173706055,3.362253189086914,-0.0008249282836914062
53,7,80,3.3646600246429443,3.366542339324951,0.001882314682006836
53,8,80,3.102139711380005,3.102499008178711,0.0003592967987060547
53,9,80,3.3000173568725586,3.299725294113159,-0.00029206275939941406
53,10,80,3.5178093910217285,3.5179214477539062,0.00011205673217773438
53,11,80,3.2561490535736084,3.256779193878174,0.0006301403045654297
53,12,80,3.4145238399505615,3.4145877361297607,6.389617919921875e-05
53,13,80,3.880302906036377,3.880551815032959,0.00024890899658203125
53,14,80,3.653571605682373,3.6551949977874756,0.001623392105102539
53,15,80,3.571814775466919,3.572727680206299,0.0009129047393798828
53,16,80,3.970201015472412,3.969574451446533,-0.0006265640258789062
53,17,80,3.716688632965088,3.7176008224487305,0.0009121894836425781
53,18,80,2.9036476612091064,2.9028940200805664,-0.0007536411285400391
53,19,80,2.512798309326172,2.5126607418060303,-0.00013756752014160156
54,0,80,3.4363067150115967,3.435032606124878,-0.00127410888671875
54,1,80,3.5646183490753174,3.56394624710083,-0.0006721019744873047
54,2,80,3.4649744033813477,3.46537184715271,0.0003974437713623047
54,3,80,3.033884048461914,3.0321803092956543,-0.0017037391662597656
54,4,80,2.8682236671447754,2.8672237396240234,-0.0009999275207519531
54,5,80,3.4136061668395996,3.4133057594299316,-0.00030040740966796875
54,6,80,3.3630781173706055,3.363070487976074,-7.62939453125e-06
54,7,80,3.3646600246429443,3.3656530380249023,0.0009930133819580078
54,8,80,3.102139711380005,3.1012110710144043,-0.0009286403656005859
54,9,80,3.3000173568725586,3.3000082969665527,-9.059906005859375e-06
54,10,80,3.5178093910217285,3.517655372619629,-0.00015401840209960938
54,11,80,3.2561490535736084,3.2562637329101562,0.00011467933654785156
54,12,80,3.4145238399505615,3.414942502975464,0.00041866302490234375
54,13,80,3.880302906036377,3.879155158996582,-0.0011477470397949219
54,14,80,3.653571605682373,3.6546194553375244,0.0010478496551513672
54,15,80,3.571814775466919,3.5733399391174316,0.0015251636505126953
54,16,80,3.970201015472412,3.9688518047332764,-0.0013492107391357422
54,17,80,3.716688632965088,3.716218948364258,-0.0004696846008300781
54,18,80,2.9036476612091064,2.90739369392395,0.00374603271484375
54,19,80,2.512798309326172,2.5157628059387207,0.002964496612548828
55,0,80,3.4363067150115967,3.4361727237701416,-0.00013399124145507812
55,1,80,3.5646183490753174,3.5654945373535156,0.0008761882781982422
55,2,80,3.4649744033813477,3.4652180671691895,0.00024366378784179688
55,3,80,3.033884048461914,3.032514810562134,-0.0013692378997802734
55,4,80,2.8682236671447754,2.8681106567382812,-0.00011301040649414062
55,5,80,3.4136061668395996,3.4125537872314453,-0.0010523796081542969
55,6,80,3.3630781173706055,3.3634145259857178,0.0003364086151123047
55,7,80,3.3646600246429443,3.3651442527770996,0.00048422813415527344
55,8,80,3.102139711380005,3.100996494293213,-0.0011432170867919922
55,9,80,3.3000173568725586,3.299747943878174,-0.0002694129943847656
55,10,80,3.5178093910217285,3.5183942317962646,0.0005848407745361328
55,11,80,3.2561490535736084,3.2563531398773193,0.0002040863037109375
55,12,80,3.4145238399505615,3.4141757488250732,-0.00034809112548828125
55,13,80,3.880302906036377,3.880218982696533,-8.392333984375e-05
55,14,80,3.653571605682373,3.6557095050811768,0.002137899398803711
55,15,80,3.571814775466919,3.57174015045166,-7.462501525878906e-05
55,16,80,3.970201015472412,3.970543146133423,0.0003421306610107422
55,17,80,3.716688632965088,3.715934991836548,-0.0007536411285400391
55,18,80,2.9036476612091064,2.9050445556640625,0.0013968944549560547
55,19,80,2.512798309326172,2.513089418411255,0.0002911090850830078
56,0,80,3.4363067150115967,3.4381661415100098,0.001859426498413086
56,1,80,3.5646183490753174,3.565018892288208,0.000400543212890625
56,2,80,3.4649744033813477,3.4644925594329834,-0.0004818439483642578
56,3,80,3.033884048461914,3.0345840454101562,0.0006999969482421875
56,4,80,2.8682236671447754,2.868849515914917,0.0006258487701416016
56,5,80,3.4136061668395996,3.4164464473724365,0.002840280532836914
56,6,80,3.3630781173706055,3.3649933338165283,0.0019152164459228516
56,7,80,3.3646600246429443,3.3666024208068848,0.0019423961639404297
56,8,80,3.102139711380005,3.1037378311157227,0.0015981197357177734
56,9,80,3.3000173568725586,3.3008151054382324,0.0007977485656738281
56,10,80,3.5178093910217285,3.517195463180542,-0.0006139278411865234
56,11,80,3.2561490535736084,3.255221366882324,-0.0009276866912841797
56,12,80,3.4145238399505615,3.4145548343658447,3.0994415283203125e-05
56,13,80,3.880302906036377,3.8806490898132324,0.00034618377685546875
56,14,80,3.653571605682373,3.6533374786376953,-0.00023412704467773438
56,15,80,3.571814775466919,3.5709214210510254,-0.0008933544158935547
56,16,80,3.970201015472412,3.969881296157837,-0.0003197193145751953
56,17,80,3.716688632965088,3.7166812419891357,-7.3909759521484375e-06
56,18,80,2.9036476612091064,2.905118227005005,0.0014705657958984375
56,19,80,2.512798309326172,2.5122976303100586,-0.0005006790161132812
57,0,80,3.4363067150115967,3.435979127883911,-0.0003275871276855469
57,1,80,3.5646183490753174,3.563647747039795,-0.0009706020355224609
57,2,80,3.4649744033813477,3.465681314468384,0.0007069110870361328
57,3,80,3.033884048461914,3.035492181777954,0.001608133316040039
57,4,80,2.8682236671447754,2.868729591369629,0.0005059242248535156
57,5,80,3.4136061668395996,3.4139087200164795,0.0003025531768798828
57,6,80,3.3630781173706055,3.363619089126587,0.0005409717559814453
57,7,80,3.3646600246429443,3.3653974533081055,0.0007374286651611328
57,8,80,3.102139711380005,3.102847099304199,0.0007073879241943359
57,9,80,3.3000173568725586,3.3017637729644775,0.0017464160919189453
57,10,80,3.5178093910217285,3.5174977779388428,-0.0003116130828857422
57,11,80,3.2561490535736084,3.255321979522705,-0.0008270740509033203
57,12,80,3.4145238399505615,3.4145026206970215,-2.1219253540039062e-05
57,13,80,3.880302906036377,3.8799350261688232,-0.00036787986755371094
57,14,80,3.653571605682373,3.6533608436584473,-0.00021076202392578125
57,15,80,3.571814775466919,3.5707359313964844,-0.0010788440704345703
57,16,80,3.970201015472412,3.9707562923431396,0.0005552768707275391
57,17,80,3.716688632965088,3.7168798446655273,0.00019121170043945312
57,18,80,2.9036476612091064,2.902679443359375,-0.0009682178497314453
57,19,80,2.512798309326172,2.5119705200195312,-0.000827789306640625
58,0,80,3.4363067150115967,3.4365670680999756,0.00026035308837890625
58,1,80,3.5646183490753174,3.5644054412841797,-0.0002129077911376953
58,2,80,3.4649744033813477,3.4640328884124756,-0.0009415149688720703
58,3,80,3.033884048461914,3.034482955932617,0.000598907470703125
58,4,80,2.8682236671447754,2.867490530014038,-0.0007331371307373047
58,5,80,3.4136061668395996,3.4140546321868896,0.00044846534729003906
58,6,80,3.3630781173706055,3.3630259037017822,-5.221366882324219e-05
58,7,80,3.3646600246429443,3.3648853302001953,0.00022530555725097656
58,8,80,3.102139711380005,3.10237979888916,0.00024008750915527344
58,9,80,3.3000173568725586,3.300194025039673,0.0001766681671142578
58,10,80,3.5178093910217285,3.519526243209839,0.0017168521881103516
58,11,80,3.2561490535736084,3.2585625648498535,0.002413511276245117
58,12,80,3.4145238399505615,3.414564609527588,4.076957702636719e-05
58,13,80,3.880302906036377,3.882042407989502,0.001739501953125
58,14,80,3.653571605682373,3.653975486755371,0.0004038810729980469
58,15,80,3.571814775466919,3.5716772079467773,-0.00013756752014160156
58,16,80,3.970201015472412,3.970071315765381,-0.00012969970703125
58,17,80,3.716688632965088,3.7166948318481445,6.198883056640625e-06
58,18,80,2.9036476612091064,2.9036033153533936,-4.4345855712890625e-05
58,19,80,2.512798309326172,2.511934518814087,-0.0008637905120849609
59,0,80,3.4363067150115967,3.4388465881347656,0.0025398731231689453
59,1,80,3.5646183490753174,3.565858840942383,0.0012404918670654297
59,2,80,3.4649744033813477,3.465299367904663,0.0003249645233154297
59,3,80,3.033884048461914,3.0341100692749023,0.00022602081298828125
59,4,80,2.8682236671447754,2.868382215499878,0.00015854835510253906
59,5,80,3.4136061668395996,3.4137203693389893,0.00011420249938964844
59,6,80,3.3630781173706055,3.3624091148376465,-0.0006690025329589844
59,7,80,3.3646600246429443,3.363919734954834,-0.0007402896881103516
59,8,80,3.102139711380005,3.1013667583465576,-0.0007729530334472656
59,9,80,3.3000173568725586,3.2996585369110107,-0.00035881996154785156
59,10,80,3.5178093910217285,3.5177998542785645,-9.5367431640625e-06
59,11,80,3.2561490535736084,3.2561612129211426,1.2159347534179688e-05
59,12,80,3.4145238399505615,3.415544033050537,0.001020193099975586
59,13,80,3.880302906036377,3.880967855453491,0.0006649494171142578
59,14,80,3.653571605682373,3.6544206142425537,0.0008490085601806641
59,15,80,3.571814775466919,3.5716538429260254,-0.0001609325408935547
59,16,80,3.970201015472412,3.970397710800171,0.00019669532775878906
59,17,80,3.716688632965088,3.717050790786743,0.00036215782165527344
59,18,80,2.9036476612091064,2.9038054943084717,0.00015783309936523438
59,19,80,2.512798309326172,2.5126307010650635,-0.00016760826110839844
60,0,80,3.4363067150115967,3.4364142417907715,0.00010752677917480469
60,1,80,3.5646183490753174,3.5649502277374268,0.000331878662109375
60,2,80,3.4649744033813477,3.464541435241699,-0.0004329681396484375
60,3,80,3.033884048461914,3.035581588745117,0.001697540283203125
60,4,80,2.8682236671447754,2.868478775024414,0.0002551078796386719
60,5,80,3.4136061668395996,3.4149422645568848,0.0013360977172851562
60,6,80,3.3630781173706055,3.3636436462402344,0.0005655288696289062
60,7,80,3.3646600246429443,3.3640663623809814,-0.0005936622619628906
60,8,80,3.102139711380005,3.102539300918579,0.00039958953857421875
60,9,80,3.3000173568725586,3.3001015186309814,8.416175842285156e-05
60,10,80,3.5178093910217285,3.517702579498291,-0.0001068115234375
60,11,80,3.2561490535736084,3.255760669708252,-0.0003883838653564453
60,12,80,3.4145238399505615,3.4152426719665527,0.0007188320159912109
60,13,80,3.880302906036377,3.8821020126342773,0.0017991065979003906
60,14,80,3.653571605682373,3.6535871028900146,1.5497207641601562e-05
60,15,80,3.571814775466919,3.571837902069092,2.3126602172851562e-05
60,16,80,3.970201015472412,3.9703867435455322,0.0001857280731201172
60,17,80,3.716688632965088,3.7198891639709473,0.003200531005859375
60,18,80,2.9036476612091064,2.9029364585876465,-0.0007112026214599609
60,19,80,2.512798309326172,2.5119454860687256,-0.0008528232574462891
61,0,80,3.4363067150115967,3.436171293258667,-0.0001354217529296875
61,1,80,3.5646183490753174,3.5639278888702393,-0.000690460205078125
61,2,80,3.4649744033813477,3.4648654460906982,-0.00010895729064941406
61,3,80,3.033884048461914,3.0349206924438477,0.0010366439819335938
61,4,80,2.8682236671447754,2.8684864044189453,0.0002627372741699219
61,5,80,3.4136061668395996,3.413766384124756,0.00016021728515625
61,6,80,3.3630781173706055,3.362107992172241,-0.0009701251983642578
61,7,80,3.3646600246429443,3.3661112785339355,0.001451253890991211
61,8,80,3.102139711380005,3.1008269786834717,-0.0013127326965332031
61,9,80,3.3000173568725586,3.3002657890319824,0.0002484321594238281
61,10,80,3.5178093910217285,3.5165622234344482,-0.0012471675872802734
61,11,80,3.2561490535736084,3.255573272705078,-0.0005757808685302734
61,12,80,3.4145238399505615,3.414806842803955,0.0002830028533935547
61,13,80,3.880302906036377,3.8792755603790283,-0.0010273456573486328
61,14,80,3.653571605682373,3.654064416885376,0.0004928112030029297
61,15,80,3.571814775466919,3.5724825859069824,0.0006678104400634766
61,16,80,3.970201015472412,3.9702908992767334,8.988380432128906e-05
61,17,80,3.716688632965088,3.714402437210083,-0.002286195755004883
61,18,80,2.9036476612091064,2.904134511947632,0.0004868507385253906
61,19,80,2.512798309326172,2.512418270111084,-0.0003800392150878906
62,0,80,3.4363067150115967,3.4380767345428467,0.00177001953125
62,1,80,3.5646183490753174,3.56581711769104,0.0011987686157226562
62,2,80,3.4649744033813477,3.466820478439331,0.0018460750579833984
62,3,80,3.033884048461914,3.03415846824646,0.00027441978454589844
62,4,80,2.8682236671447754,2.868999481201172,0.0007758140563964844
62,5,80,3.4136061668395996,3.4142963886260986,0.0006902217864990234
62,6,80,3.3630781173706055,3.3637359142303467,0.0006577968597412109
62,7,80,3.3646600246429443,3.3654067516326904,0.0007467269897460938
62,8,80,3.102139711380005,3.102991819381714,0.0008521080017089844
62,9,80,3.3000173568725586,3.299992084503174,-2.5272369384765625e-05
62,10,80,3.5178093910217285,3.51766037940979,-0.00014901161193847656
62,11,80,3.2561490535736084,3.258301019668579,0.002151966094970703
62,12,80,3.4145238399505615,3.413926124572754,-0.0005977153778076172
62,13,80,3.880302906036377,3.881544589996338,0.0012416839599609375
62,14,80,3.653571605682373,3.6535096168518066,-6.198883056640625e-05
62,15,80,3.571814775466919,3.5710244178771973,-0.0007903575897216797
62,16,80,3.970201015472412,3.9704747200012207,0.00027370452880859375
62,17,80,3.716688632965088,3.7174201011657715,0.0007314682006835938
62,18,80,2.9036476612091064,2.903860569000244,0.0002129077911376953
62,19,80,2.512798309326172,2.51298189163208,0.00018358230590820312
63,0,80,3.4363067150115967,3.4370875358581543,0.0007808208465576172
63,1,80,3.5646183490753174,3.5640382766723633,-0.0005800724029541016
63,2,80,3.4649744033813477,3.4653706550598145,0.0003962516784667969
63,3,80,3.033884048461914,3.0346803665161133,0.0007963180541992188
63,4,80,2.8682236671447754,2.8678760528564453,-0.0003476142883300781
63,5,80,3.4136061668395996,3.4132256507873535,-0.00038051605224609375
63,6,80,3.3630781173706055,3.3631513118743896,7.319450378417969e-05
63,7,80,3.3646600246429443,3.366140365600586,0.0014803409576416016
63,8,80,3.102139711380005,3.1029293537139893,0.000789642333984375
63,9,80,3.3000173568725586,3.3004724979400635,0.0004551410675048828
63,10,80,3.5178093910217285,3.5192813873291016,0.0014719963073730469
63,11,80,3.2561490535736084,3.256821632385254,0.0006725788116455078
63,12,80,3.4145238399505615,3.4152350425720215,0.0007112026214599609
63,13,80,3.880302906036377,3.8792808055877686,-0.0010221004486083984
63,14,80,3.653571605682373,3.6536567211151123,8.511543273925781e-05
63,15,80,3.571814775466919,3.5711281299591064,-0.0006866455078125
63,16,80,3.970201015472412,3.9700655937194824,-0.0001354217529296875
63,17,80,3.716688632965088,3.7149698734283447,-0.001718759536743164
63,18,80,2.9036476612091064,2.9021098613739014,-0.0015377998352050781
63,19,80,2.512798309326172,2.512479543685913,-0.00031876564025878906
64,0,80,3.4363067150115967,3.435892343521118,-0.0004143714904785156
64,1,80,3.5646183490753174,3.564608097076416,-1.0251998901367188e-05
64,2,80,3.4649744033813477,3.465954065322876,0.0009796619415283203
64,3,80,3.033884048461914,3.0328917503356934,-0.0009922981262207031
64,4,80,2.8682236671447754,2.868128538131714,-9.512901306152344e-05
64,5,80,3.4136061668395996,3.4118053913116455,-0.0018007755279541016
64,6,80,3.3630781173706055,3.3622171878814697,-0.0008609294891357422
64,7,80,3.3646600246429443,3.36450457572937,-0.00015544891357421875
64,8,80,3.102139711380005,3.1016364097595215,-0.0005033016204833984
64,9,80,3.3000173568725586,3.300490379333496,0.0004730224609375
64,10,80,3.5178093910217285,3.5168092250823975,-0.0010001659393310547
64,11,80,3.2561490535736084,3.2543768882751465,-0.001772165298461914
64,12,80,3.4145238399505615,3.4142770767211914,-0.0002467632293701172
64,13,80,3.880302906036377,3.8799822330474854,-0.00032067298889160156
64,14,80,3.653571605682373,3.654193162918091,0.0006215572357177734
64,15,80,3.571814775466919,3.571854591369629,3.981590270996094e-05
64,16,80,3.970201015472412,3.9700474739074707,-0.00015354156494140625
64,17,80,3.716688632965088,3.7243411540985107,0.0076525211334228516
64,18,80,2.9036476612091064,2.904940128326416,0.0012924671173095703
64,19,80,2.512798309326172,2.51198148727417,-0.0008168220520019531
65,0,80,3.4363067150115967,3.436145305633545,-0.0001614093780517578
65,1,80,3.5646183490753174,3.5658130645751953,0.0011947154998779297
65,2,80,3.4649744033813477,3.466313362121582,0.001338958740234375
65,3,80,3.033884048461914,3.032744884490967,-0.0011391639709472656
65,4,80,2.8682236671447754,2.8690779209136963,0.0008542537689208984
65,5,80,3.4136061668395996,3.4145052433013916,0.0008990764617919922
65,6,80,3.3630781173706055,3.3628923892974854,-0.0001857280731201172
65,7,80,3.3646600246429443,3.368082046508789,0.0034220218658447266
65,8,80,3.102139711380005,3.1023659706115723,0.0002262592315673828
65,9,80,3.3000173568725586,3.3007755279541016,0.0007581710815429688
65,10,80,3.5178093910217285,3.5165457725524902,-0.0012636184692382812
65,11,80,3.2561490535736084,3.2560999393463135,-4.9114227294921875e-05
65,12,80,3.4145238399505615,3.416154384613037,0.001630544662475586
65,13,80,3.880302906036377,3.8803763389587402,7.343292236328125e-05
65,14,80,3.653571605682373,3.653158187866211,-0.0004134178161621094
65,15,80,3.571814775466919,3.5722484588623047,0.0004336833953857422
65,16,80,3.970201015472412,3.96994686126709,-0.0002541542053222656
65,17,80,3.716688632965088,3.716548442840576,-0.00014019012451171875
65,18,80,2.9036476612091064,2.9034581184387207,-0.0001895427703857422
65,19,80,2.512798309326172,2.5125324726104736,-0.0002658367156982422
66,0,80,3.4363067150115967,3.4364359378814697,0.00012922286987304688
66,1,80,3.5646183490753174,3.5646567344665527,3.838539123535156e-05
66,2,80,3.4649744033813477,3.464545249938965,-0.0004291534423828125
66,3,80,3.033884048461914,3.0303292274475098,-0.003554821014404297
66,4,80,2.8682236671447754,2.8681414127349854,-8.225440979003906e-05
66,5,80,3.4136061668395996,3.413560390472412,-4.57763671875e-05
66,6,80,3.3630781173706055,3.364668607711792,0.0015904903411865234
66,7,80,3.3646600246429443,3.364915609359741,0.000255584716796875
66,8,80,3.102139711380005,3.1023921966552734,0.0002524852752685547
66,9,80,3.3000173568725586,3.300386428833008,0.00036907196044921875
66,10,80,3.5178093910217285,3.5163679122924805,-0.0014414787292480469
66,11,80,3.2561490535736084,3.25630784034729,0.00015878677368164062
66,12,80,3.4145238399505615,3.414447784423828,-7.605552673339844e-05
66,13,80,3.880302906036377,3.8809335231781006,0.0006306171417236328
66,14,80,3.653571605682373,3.6535279750823975,-4.363059997558594e-05
66,15,80,3.571814775466919,3.571622848510742,-0.0001919269561767578
66,16,80,3.970201015472412,3.970505952835083,0.00030493736267089844
66,17,80,3.716688632965088,3.7197649478912354,0.003076314926147461
66,18,80,2.9036476612091064,2.9039628505706787,0.0003151893615722656
66,19,80,2.512798309326172,2.5120503902435303,-0.0007479190826416016
67,0,80,3.4363067150115967,3.437390089035034,0.0010833740234375
67,1,80,3.5646183490753174,3.564833879470825,0.0002155303955078125
67,2,80,3.4649744033813477,3.465116262435913,0.0001418590545654297
67,3,80,3.033884048461914,3.0353965759277344,0.0015125274658203125
67,4,80,2.8682236671447754,2.86911940574646,0.0008957386016845703
67,5,80,3.4136061668395996,3.412961721420288,-0.0006444454193115234
67,6,80,3.3630781173706055,3.3631343841552734,5.626678466796875e-05
67,7,80,3.3646600246429443,3.3650784492492676,0.0004184246063232422
67,8,80,3.102139711380005,3.1024997234344482,0.0003600120544433594
67,9,80,3.3000173568725586,3.2986807823181152,-0.0013365745544433594
67,10,80,3.5178093910217285,3.518831491470337,0.0010221004486083984
67,11,80,3.2561490535736084,3.255481719970703,-0.0006673336029052734
67,12,80,3.4145238399505615,3.4142396450042725,-0.0002841949462890625
67,13,80,3.880302906036377,3.8799490928649902,-0.00035381317138671875
67,14,80,3.653571605682373,3.653750419616699,0.00017881393432617188
67,15,80,3.571814775466919,3.5722286701202393,0.0004138946533203125
67,16,80,3.970201015472412,3.969339370727539,-0.0008616447448730469
67,17,80,3.716688632965088,3.7164251804351807,-0.00026345252990722656
67,18,80,2.9036476612091064,2.9045748710632324,0.0009272098541259766
67,19,80,2.512798309326172,2.5129501819610596,0.0001518726348876953
68,0,80,3.4363067150115967,3.43597674369812,-0.0003299713134765625
68,1,80,3.5646183490753174,3.5635714530944824,-0.001046895980834961
68,2,80,3.4649744033813477,3.464742422103882,-0.0002319812774658203
68,3,80,3.033884048461914,3.0342845916748047,0.000400543212890625
68,4,80,2.8682236671447754,2.86850643157959,0.0002827644348144531
68,5,80,3.4136061668395996,3.4132163524627686,-0.0003898143768310547
68,6,80,3.3630781173706055,3.362647294998169,-0.00043082237243652344
68,7,80,3.3646600246429443,3.363952159881592,-0.0007078647613525391
68,8,80,3.102139711380005,3.104039192199707,0.0018994808197021484
68,9,80,3.3000173568725586,3.3003592491149902,0.0003418922424316406
68,10,80,3.5178093910217285,3.5186967849731445,0.0008873939514160156
68,11,80,3.2561490535736084,3.2564518451690674,0.0003027915954589844
68,12,80,3.4145238399505615,3.4151318073272705,0.0006079673767089844
68,13,80,3.880302906036377,3.8810057640075684,0.0007028579711914062
68,14,80,3.653571605682373,3.6532745361328125,-0.0002970695495605469
68,15,80,3.571814775466919,3.5714683532714844,-0.0003464221954345703
68,16,80,3.970201015472412,3.971022844314575,0.0008218288421630859
68,17,80,3.716688632965088,3.716460943222046,-0.0002276897430419922
68,18,80,2.9036476612091064,2.903289318084717,-0.00035834312438964844
68,19,80,2.512798309326172,2.512145757675171,-0.0006525516510009766
69,0,80,3.4363067150115967,3.4368035793304443,0.0004968643188476562
69,1,80,3.5646183490753174,3.565115213394165,0.0004968643188476562
69,2,80,3.4649744033813477,3.4644558429718018,-0.0005185604095458984
69,3,80,3.033884048461914,3.0342516899108887,0.0003676414489746094
69,4,80,2.8682236671447754,2.8686883449554443,0.0004646778106689453
69,5,80,3.4136061668395996,3.415126323699951,0.0015201568603515625
69,6,80,3.3630781173706055,3.3625879287719727,-0.0004901885986328125
69,7,80,3.3646600246429443,3.364218235015869,-0.0004417896270751953
69,8,80,3.102139711380005,3.1023471355438232,0.00020742416381835938
69,9,80,3.3000173568725586,3.3006999492645264,0.0006825923919677734
69,10,80,3.5178093910217285,3.518545389175415,0.0007359981536865234
69,11,80,3.2561490535736084,3.255308151245117,-0.0008409023284912109
69,12,80,3.4145238399505615,3.4152188301086426,0.0006949901580810547
69,13,80,3.880302906036377,3.8803727626800537,6.985664367675781e-05
69,14,80,3.653571605682373,3.652813196182251,-0.0007584095001220703
69,15,80,3.571814775466919,3.572402000427246,0.0005872249603271484
69,16,80,3.970201015472412,3.970365047454834,0.000164031982421875
69,17,80,3.716688632965088,3.724153518676758,0.007464885711669922
69,18,80,2.9036476612091064,2.9033186435699463,-0.00032901763916015625
69,19,80,2.512798309326172,2.5118556022644043,-0.0009427070617675781
70,0,80,3.4363067150115967,3.4354379177093506,-0.0008687973022460938
70,1,80,3.5646183490753174,3.563474655151367,-0.0011436939239501953
70,2,80,3.4649744033813477,3.4651293754577637,0.00015497207641601562
70,3,80,3.033884048461914,3.035588026046753,0.0017039775848388672
70,4,80,2.8682236671447754,2.869581937789917,0.0013582706451416016
70,5,80,3.4136061668395996,3.414220094680786,0.0006139278411865234
70,6,80,3.3630781173706055,3.36286997795105,-0.00020813941955566406
70,7,80,3.3646600246429443,3.364518165588379,-0.0001418590545654297
70,8,80,3.102139711380005,3.1023192405700684,0.00017952919006347656
70,9,80,3.3000173568725586,3.299015760421753,-0.001001596450805664
70,10,80,3.5178093910217285,3.5176665782928467,-0.00014281272888183594
70,11,80,3.2561490535736084,3.2564826011657715,0.00033354759216308594
70,12,80,3.4145238399505615,3.4148623943328857,0.00033855438232421875
70,13,80,3.880302906036377,3.880129814147949,-0.00017309188842773438
70,14,80,3.653571605682373,3.6540231704711914,0.0004515647888183594
70,15,80,3.571814775466919,3.572087526321411,0.0002727508544921875
70,16,80,3.970201015472412,3.969594717025757,-0.0006062984466552734
70,17,80,3.716688632965088,3.716449022293091,-0.0002396106719970703
70,18,80,2.9036476612091064,2.9040160179138184,0.00036835670471191406
70,19,80,2.512798309326172,2.511950731277466,-0.0008475780487060547
71,0,80,3.4363067150115967,3.4375650882720947,0.0012583732604980469
71,1,80,3.5646183490753174,3.5652801990509033,0.0006618499755859375
71,2,80,3.4649744033813477,3.4649927616119385,1.8358230590820312e-05
71,3,80,3.033884048461914,3.034411668777466,0.0005276203155517578
71,4,80,2.8682236671447754,2.868748903274536,0.0005252361297607422
71,5,80,3.4136061668395996,3.414015293121338,0.00040912628173828125
71,6,80,3.3630781173706055,3.3630831241607666,5.0067901611328125e-06
71,7,80,3.3646600246429443,3.363797187805176,-0.0008628368377685547
71,8,80,3.102139711380005,3.1039109230041504,0.0017712116241455078
71,9,80,3.3000173568725586,3.2990775108337402,-0.0009398460388183594
71,10,80,3.5178093910217285,3.516862154006958,-0.0009472370147705078
71,11,80,3.2561490535736084,3.25638484954834,0.0002357959747314453
71,12,80,3.4145238399505615,3.41459584236145,7.200241088867188e-05
71,13,80,3.880302906036377,3.8800573348999023,-0.0002455711364746094
71,14,80,3.653571605682373,3.65332293510437,-0.0002486705780029297
71,15,80,3.571814775466919,3.5734376907348633,0.001622915267944336
71,16,80,3.970201015472412,3.9698736667633057,-0.0003273487091064453
71,17,80,3.716688632965088,3.7172253131866455,0.0005366802215576172
71,18,80,2.9036476612091064,2.9028756618499756,-0.0007719993591308594
71,19,80,2.512798309326172,2.5123450756073,-0.0004532337188720703
72,0,80,3.4363067150115967,3.436204195022583,-0.00010251998901367188
72,1,80,3.5646183490753174,3.563689708709717,-0.0009286403656005859
72,2,80,3.4649744033813477,3.466695547103882,0.0017211437225341797
72,3,80,3.033884048461914,3.03267240524292,-0.0012116432189941406
72,4,80,2.8682236671447754,2.8676512241363525,-0.0005724430084228516
72,5,80,3.4136061668395996,3.4137399196624756,0.00013375282287597656
72,6,80,3.3630781173706055,3.3627562522888184,-0.0003218650817871094
72,7,80,3.3646600246429443,3.363438367843628,-0.0012216567993164062
72,8,80,3.102139711380005,3.100888729095459,-0.0012509822845458984
72,9,80,3.3000173568725586,3.30067777633667,0.0006604194641113281
72,10,80,3.5178093910217285,3.517934560775757,0.0001251697540283203
72,11,80,3.2561490535736084,3.2588107585906982,0.0026617050170898438
72,12,80,3.4145238399505615,3.414757251739502,0.0002334117889404297
72,13,80,3.880302906036377,3.8801980018615723,-0.0001049041748046875
72,14,80,3.653571605682373,3.653707504272461,0.00013589859008789062
72,15,80,3.571814775466919,3.5722577571868896,0.0004429817199707031
72,16,80,3.970201015472412,3.970557928085327,0.00035691261291503906
72,17,80,3.716688632965088,3.716010332107544,-0.0006783008575439453
72,18,80,2.9036476612091064,2.905052900314331,0.0014052391052246094
72,19,80,2.512798309326172,2.515540599822998,0.002742290496826172
73,0,80,3.4363067150115967,3.4375014305114746,0.0011947154998779297
73,1,80,3.5646183490753174,3.565639019012451,0.001020669937133789
73,2,80,3.4649744033813477,3.465158224105835,0.0001838207244873047
73,3,80,3.033884048461914,3.033144950866699,-0.0007390975952148438
73,4,80,2.8682236671447754,2.870107650756836,0.0018839836120605469
73,5,80,3.4136061668395996,3.414583206176758,0.0009770393371582031
73,6,80,3.3630781173706055,3.363328695297241,0.0002505779266357422
73,7,80,3.3646600246429443,3.3644344806671143,-0.00022554397583007812
73,8,80,3.102139711380005,3.102668285369873,0.0005285739898681641
73,9,80,3.3000173568725586,3.300422191619873,0.0004048347473144531
73,10,80,3.5178093910217285,3.518078327178955,0.0002689361572265625
73,11,80,3.2561490535736084,3.255758047103882,-0.0003910064697265625
73,12,80,3.4145238399505615,3.4151270389556885,0.0006031990051269531
73,13,80,3.880302906036377,3.880849838256836,0.0005469322204589844
73,14,80,3.653571605682373,3.6536355018615723,6.389617919921875e-05
73,15,80,3.571814775466919,3.5716350078582764,-0.00017976760864257812
73,16,80,3.970201015472412,3.9692203998565674,-0.0009806156158447266
73,17,80,3.716688632965088,3.716886281967163,0.0001976490020751953
73,18,80,2.9036476612091064,2.903611421585083,-3.62396240234375e-05
73,19,80,2.512798309326172,2.5142662525177,0.0014679431915283203
74,0,80,3.4363067150115967,3.43738055229187,0.0010738372802734375
74,1,80,3.5646183490753174,3.5641028881073,-0.0005154609680175781
74,2,80,3.4649744033813477,3.4639968872070312,-0.0009775161743164062
74,3,80,3.033884048461914,3.033519744873047,-0.0003643035888671875
74,4,80,2.8682236671447754,2.867380142211914,-0.0008435249328613281
74,5,80,3.4136061668395996,3.4132676124572754,-0.00033855438232421875
74,6,80,3.3630781173706055,3.364288330078125,0.0012102127075195312
74,7,80,3.3646600246429443,3.364309310913086,-0.00035071372985839844
74,8,80,3.102139711380005,3.1027684211730957,0.0006287097930908203
74,9,80,3.3000173568725586,3.299907922744751,-0.00010943412780761719
74,10,80,3.5178093910217285,3.5177032947540283,-0.00010609626770019531
74,11,80,3.2561490535736084,3.2557313442230225,-0.0004177093505859375
74,12,80,3.4145238399505615,3.4148306846618652,0.00030684471130371094
74,13,80,3.880302906036377,3.879260778427124,-0.0010421276092529297
74,14,80,3.653571605682373,3.654118061065674,0.0005464553833007812
74,15,80,3.571814775466919,3.5719797611236572,0.00016498565673828125
74,16,80,3.970201015472412,3.9708237648010254,0.0006227493286132812
74,17,80,3.716688632965088,3.7162299156188965,-0.00045871734619140625
74,18,80,2.9036476612091064,2.9040372371673584,0.0003895759582519531
74,19,80,2.512798309326172,2.5129449367523193,0.00014662742614746094
75,0,80,3.4363067150115967,3.436235189437866,-7.152557373046875e-05
75,1,80,3.5646183490753174,3.5640316009521484,-0.0005867481231689453
75,2,80,3.4649744033813477,3.464859962463379,-0.00011444091796875
75,3,80,3.033884048461914,3.0348339080810547,0.000949859619140625
75,4,80,2.8682236671447754,2.8678653240203857,-0.00035834312438964844
75,5,80,3.4136061668395996,3.4134085178375244,-0.0001976490020751953
75,6,80,3.3630781173706055,3.36301851272583,-5.9604644775390625e-05
75,7,80,3.3646600246429443,3.3640263080596924,-0.0006337165832519531
75,8,80,3.102139711380005,3.1016852855682373,-0.0004544258117675781
75,9,80,3.3000173568725586,3.2994914054870605,-0.0005259513854980469
75,10,80,3.5178093910217285,3.5178720951080322,6.270408630371094e-05
75,11,80,3.2561490535736084,3.2556891441345215,-0.00045990943908691406
75,12,80,3.4145238399505615,3.4157698154449463,0.0012459754943847656
75,13,80,3.880302906036377,3.880922555923462,0.0006196498870849609
75,14,80,3.653571605682373,3.6543819904327393,0.0008103847503662109
75,15,80,3.571814775466919,3.571253538131714,-0.0005612373352050781
75,16,80,3.970201015472412,3.96838641166687,-0.0018146038055419922
75,17,80,3.716688632965088,3.715860366821289,-0.0008282661437988281
75,18,80,2.9036476612091064,2.9038403034210205,0.0001926422119140625
75,19,80,2.512798309326172,2.5106101036071777,-0.0021882057189941406
76,0,80,3.4363067150115967,3.4355621337890625,-0.0007445812225341797
76,1,80,3.5646183490753174,3.5646653175354004,4.696846008300781e-05
76,2,80,3.4649744033813477,3.465500831604004,0.00052642822265625
76,3,80,3.033884048461914,3.0345704555511475,0.0006864070892333984
76,4,80,2.8682236671447754,2.8674325942993164,-0.0007910728454589844
76,5,80,3.4136061668395996,3.415546417236328,0.0019402503967285156
76,6,80,3.3630781173706055,3.3636271953582764,0.0005490779876708984
76,7,80,3.3646600246429443,3.365628957748413,0.00096893310546875
76,8,80,3.102139711380005,3.103224039077759,0.0010843276977539062
76,9,80,3.3000173568725586,3.2999069690704346,-0.00011038780212402344
76,10,80,3.5178093910217285,3.518660545349121,0.0008511543273925781
76,11,80,3.2561490535736084,3.255359649658203,-0.0007894039154052734
76,12,80,3.4145238399505615,3.4151265621185303,0.00060272216796875
76,13,80,3.880302906036377,3.8804028034210205,9.989738464355469e-05
76,14,80,3.653571605682373,3.653068780899048,-0.0005028247833251953
76,15,80,3.571814775466919,3.571563959121704,-0.00025081634521484375
76,16,80,3.970201015472412,3.9693493843078613,-0.0008516311645507812
76,17,80,3.716688632965088,3.7157089710235596,-0.0009796619415283203
76,18,80,2.9036476612091064,2.9026737213134766,-0.0009739398956298828
76,19,80,2.512798309326172,2.512338399887085,-0.00045990943908691406
77,0,80,3.4363067150115967,3.4356043338775635,-0.0007023811340332031
77,1,80,3.5646183490753174,3.564107656478882,-0.0005106925964355469
77,2,80,3.4649744033813477,3.465498685836792,0.0005242824554443359
77,3,80,3.033884048461914,3.0342345237731934,0.0003504753112792969
77,4,80,2.8682236671447754,2.86776065826416,-0.0004630088806152344
77,5,80,3.4136061668395996,3.414043664932251,0.0004374980926513672
77,6,80,3.3630781173706055,3.361884355545044,-0.0011937618255615234
77,7,80,3.3646600246429443,3.3644371032714844,-0.00022292137145996094
77,8,80,3.102139711380005,3.102217435836792,7.772445678710938e-05
77,9,80,3.3000173568725586,3.299801826477051,-0.0002155303955078125
77,10,80,3.5178093910217285,3.5178933143615723,8.392333984375e-05
77,11,80,3.2561490535736084,3.255075693130493,-0.0010733604431152344
77,12,80,3.4145238399505615,3.4143993854522705,-0.00012445449829101562
77,13,80,3.880302906036377,3.879692792892456,-0.0006101131439208984
77,14,80,3.653571605682373,3.6523990631103516,-0.0011725425720214844
77,15,80,3.571814775466919,3.571450710296631,-0.00036406517028808594
77,16,80,3.970201015472412,3.970750331878662,0.00054931640625
77,17,80,3.716688632965088,3.715013027191162,-0.0016756057739257812
77,18,80,2.9036476612091064,2.902947425842285,-0.0007002353668212891
77,19,80,2.512798309326172,2.514021635055542,0.0012233257293701172
78,0,80,3.4363067150115967,3.4363181591033936,1.1444091796875e-05
78,1,80,3.5646183490753174,3.5641977787017822,-0.00042057037353515625
78,2,80,3.4649744033813477,3.4641079902648926,-0.0008664131164550781
78,3,80,3.033884048461914,3.034031629562378,0.0001475811004638672
78,4,80,2.8682236671447754,2.868098497390747,-0.0001251697540283203
78,5,80,3.4136061668395996,3.4131996631622314,-0.00040650367736816406
78,6,80,3.3630781173706055,3.3617494106292725,-0.0013287067413330078
78,7,80,3.3646600246429443,3.363988161087036,-0.0006718635559082031
78,8,80,3.102139711380005,3.1013309955596924,-0.0008087158203125
78,9,80,3.3000173568725586,3.3014445304870605,0.0014271736145019531
78,10,80,3.5178093910217285,3.5183496475219727,0.0005402565002441406
78,11,80,3.2561490535736084,3.2541656494140625,-0.0019834041595458984
78,12,80,3.4145238399505615,3.415226936340332,0.0007030963897705078
78,13,80,3.880302906036377,3.8810911178588867,0.0007882118225097656
78,14,80,3.653571605682373,3.653304100036621,-0.0002675056457519531
78,15,80,3.571814775466919,3.571946620941162,0.00013184547424316406
78,16,80,3.970201015472412,3.9707183837890625,0.0005173683166503906
78,17,80,3.716688632965088,3.7153728008270264,-0.0013158321380615234
78,18,80,2.9036476612091064,2.9058375358581543,0.0021898746490478516
78,19,80,2.512798309326172,2.5127155780792236,-8.273124694824219e-05
79,0,80,3.4363067150115967,3.4357922077178955,-0.0005145072937011719
79,1,80,3.5646183490753174,3.564807415008545,0.00018906593322753906
79,2,80,3.4649744033813477,3.4650866985321045,0.00011229515075683594
79,3,80,3.033884048461914,3.033130168914795,-0.0007538795471191406
79,4,80,2.8682236671447754,2.868225574493408,1.9073486328125e-06
79,5,80,3.4136061668395996,3.414656400680542,0.0010502338409423828
79,6,80,3.3630781173706055,3.363302230834961,0.00022411346435546875
79,7,80,3.3646600246429443,3.3644747734069824,-0.00018525123596191406
79,8,80,3.102139711380005,3.103384017944336,0.0012443065643310547
79,9,80,3.3000173568725586,3.3013131618499756,0.0012958049774169922
79,10,80,3.5178093910217285,3.518775701522827,0.0009663105010986328
79,11,80,3.2561490535736084,3.2563247680664062,0.00017571449279785156
79,12,80,3.4145238399505615,3.414304256439209,-0.00021958351135253906
79,13,80,3.880302906036377,3.879831314086914,-0.0004715919494628906
79,14,80,3.653571605682373,3.653534412384033,-3.719329833984375e-05
79,15,80,3.571814775466919,3.5723235607147217,0.0005087852478027344
79,16,80,3.970201015472412,3.970108985900879,-9.202957153320312e-05
79,17,80,3.716688632965088,3.7194385528564453,0.002749919891357422
79,18,80,2.9036476612091064,2.9083893299102783,0.004741668701171875
79,19,80,2.512798309326172,2.5146312713623047,0.0018329620361328125
80,0,80,3.4363067150115967,3.4372341632843018,0.0009274482727050781
80,1,80,3.5646183490753174,3.5642242431640625,-0.0003941059112548828
80,2,80,3.4649744033813477,3.4656424522399902,0.0006680488586425781
80,3,80,3.033884048461914,3.034543514251709,0.0006594657897949219
80,4,80,2.8682236671447754,2.8682286739349365,5.0067901611328125e-06
80,5,80,3.4136061668395996,3.4132721424102783,-0.00033402442932128906
80,6,80,3.3630781173706055,3.3639233112335205,0.0008451938629150391
80,7,80,3.3646600246429443,3.364422082901001,-0.00023794174194335938
80,8,80,3.102139711380005,3.102001190185547,-0.0001385211944580078
80,9,80,3.3000173568725586,3.2995352745056152,-0.0004820823669433594
80,10,80,3.5178093910217285,3.51855731010437,0.0007479190826416016
80,11,80,3.2561490535736084,3.256082773208618,-6.628036499023438e-05
80,12,80,3.4145238399505615,3.415011405944824,0.0004875659942626953
80,13,80,3.880302906036377,3.8804221153259277,0.00011920928955078125
80,14,80,3.653571605682373,3.654050827026367,0.0004792213439941406
80,15,80,3.571814775466919,3.5724050998687744,0.0005903244018554688
80,16,80,3.970201015472412,3.969228506088257,-0.0009725093841552734
80,17,80,3.716688632965088,3.7194201946258545,0.0027315616607666016
80,18,80,2.9036476612091064,2.9035327434539795,-0.00011491775512695312
80,19,80,2.512798309326172,2.5118892192840576,-0.0009090900421142578
81,0,80,3.4363067150115967,3.4372518062591553,0.0009450912475585938
81,1,80,3.5646183490753174,3.5631277561187744,-0.0014905929565429688
81,2,80,3.4649744033813477,3.4652695655822754,0.0002951622009277344
81,3,80,3.033884048461914,3.0352745056152344,0.0013904571533203125
81,4,80,2.8682236671447754,2.868518352508545,0.00029468536376953125
81,5,80,3.4136061668395996,3.4146554470062256,0.0010492801666259766
81,6,80,3.3630781173706055,3.3638272285461426,0.0007491111755371094
81,7,80,3.3646600246429443,3.365206003189087,0.0005459785461425781
81,8,80,3.102139711380005,3.1008899211883545,-0.0012497901916503906
81,9,80,3.3000173568725586,3.3009254932403564,0.0009081363677978516
81,10,80,3.5178093910217285,3.518636703491211,0.0008273124694824219
81,11,80,3.2561490535736084,3.256305456161499,0.000156402587890625
81,12,80,3.4145238399505615,3.414978504180908,0.0004546642303466797
81,13,80,3.880302906036377,3.8803186416625977,1.5735626220703125e-05
81,14,80,3.653571605682373,3.653735876083374,0.00016427040100097656
81,15,80,3.571814775466919,3.57037091255188,-0.0014438629150390625
81,16,80,3.970201015472412,3.9700753688812256,-0.00012564659118652344
81,17,80,3.716688632965088,3.7164697647094727,-0.00021886825561523438
81,18,80,2.9036476612091064,2.904270648956299,0.0006229877471923828
81,19,80,2.512798309326172,2.5123825073242188,-0.000415802001953125
82,0,80,3.4363067150115967,3.4351398944854736,-0.0011668205261230469
82,1,80,3.5646183490753174,3.565819501876831,0.0012011528015136719
82,2,80,3.4649744033813477,3.464090585708618,-0.0008838176727294922
82,3,80,3.033884048461914,3.0328197479248047,-0.001064300537109375
82,4,80,2.8682236671447754,2.8677546977996826,-0.00046896934509277344
82,5,80,3.4136061668395996,3.4138309955596924,0.00022482872009277344
82,6,80,3.3630781173706055,3.3637468814849854,0.0006687641143798828
82,7,80,3.3646600246429443,3.3645083904266357,-0.00015163421630859375
82,8,80,3.102139711380005,3.1022868156433105,0.00014710426330566406
82,9,80,3.3000173568725586,3.3012733459472656,0.0012559890747070312
82,10,80,3.5178093910217285,3.5189852714538574,0.0011758804321289062
82,11,80,3.2561490535736084,3.2556586265563965,-0.0004904270172119141
82,12,80,3.4145238399505615,3.4143505096435547,-0.00017333030700683594
82,13,80,3.880302906036377,3.8806934356689453,0.0003905296325683594
82,14,80,3.653571605682373,3.6528778076171875,-0.0006937980651855469
82,15,80,3.571814775466919,3.5723683834075928,0.0005536079406738281
82,16,80,3.970201015472412,3.970823287963867,0.0006222724914550781
82,17,80,3.716688632965088,3.7190678119659424,0.002379179000854492
82,18,80,2.9036476612091064,2.908114194869995,0.004466533660888672
82,19,80,2.512798309326172,2.51566743850708,0.002869129180908203
83,0,80,3.4363067150115967,3.435760736465454,-0.0005459785461425781
83,1,80,3.5646183490753174,3.565824031829834,0.0012056827545166016
83,2,80,3.4649744033813477,3.465242624282837,0.0002682209014892578
83,3,80,3.033884048461914,3.032614231109619,-0.0012698173522949219
83,4,80,2.8682236671447754,2.868462324142456,0.00023865699768066406
83,5,80,3.4136061668395996,3.4130775928497314,-0.0005285739898681641
83,6,80,3.3630781173706055,3.363154888153076,7.677078247070312e-05
83,7,80,3.3646600246429443,3.364325523376465,-0.0003345012664794922
83,8,80,3.102139711380005,3.1017088890075684,-0.00043082237243652344
83,9,80,3.3000173568725586,3.299844741821289,-0.00017261505126953125
83,10,80,3.5178093910217285,3.518152952194214,0.00034356117248535156
83,11,80,3.2561490535736084,3.255445957183838,-0.0007030963897705078
83,12,80,3.4145238399505615,3.4138801097869873,-0.0006437301635742188
83,13,80,3.880302906036377,3.8818938732147217,0.0015909671783447266
83,14,80,3.653571605682373,3.654959201812744,0.0013875961303710938
83,15,80,3.571814775466919,3.570725440979004,-0.001089334487915039
83,16,80,3.970201015472412,3.9700891971588135,-0.00011181831359863281
83,17,80,3.716688632965088,3.7169594764709473,0.000270843505859375
83,18,80,2.9036476612091064,2.9028048515319824,-0.0008428096771240234
83,19,80,2.512798309326172,2.511554718017578,-0.00124359130859375
84,0,80,3.4363067150115967,3.4359140396118164,-0.00039267539978027344
84,1,80,3.5646183490753174,3.563812494277954,-0.0008058547973632812
84,2,80,3.4649744033813477,3.465651035308838,0.0006766319274902344
84,3,80,3.033884048461914,3.0328831672668457,-0.0010008811950683594
84,4,80,2.8682236671447754,2.8678500652313232,-0.00037360191345214844
84,5,80,3.4136061668395996,3.4126782417297363,-0.0009279251098632812
84,6,80,3.3630781173706055,3.363898515701294,0.0008203983306884766
84,7,80,3.3646600246429443,3.3646371364593506,-2.288818359375e-05
84,8,80,3.102139711380005,3.102128744125366,-1.0967254638671875e-05
84,9,80,3.3000173568725586,3.2996339797973633,-0.0003833770751953125
84,10,80,3.5178093910217285,3.516880750656128,-0.0009286403656005859
84,11,80,3.2561490535736084,3.2571513652801514,0.0010023117065429688
84,12,80,3.4145238399505615,3.4134457111358643,-0.0010781288146972656
84,13,80,3.880302906036377,3.879450798034668,-0.0008521080017089844
84,14,80,3.653571605682373,3.6538591384887695,0.0002875328063964844
84,15,80,3.571814775466919,3.5704593658447266,-0.0013554096221923828
84,16,80,3.970201015472412,3.969148874282837,-0.0010521411895751953
84,17,80,3.716688632965088,3.71852970123291,0.0018410682678222656
84,18,80,2.9036476612091064,2.9028432369232178,-0.0008044242858886719
84,19,80,2.512798309326172,2.513079881668091,0.0002815723419189453
85,0,80,3.4363067150115967,3.437406063079834,0.0010993480682373047
85,1,80,3.5646183490753174,3.563650131225586,-0.0009682178497314453
85,2,80,3.4649744033813477,3.4653401374816895,0.0003657341003417969
85,3,80,3.033884048461914,3.0327651500701904,-0.0011188983917236328
85,4,80,2.8682236671447754,2.869133710861206,0.0009100437164306641
85,5,80,3.4136061668395996,3.4144279956817627,0.0008218288421630859
85,6,80,3.3630781173706055,3.363548517227173,0.0004703998565673828
85,7,80,3.3646600246429443,3.3631844520568848,-0.0014755725860595703
85,8,80,3.102139711380005,3.102294921875,0.0001552104949951172
85,9,80,3.3000173568725586,3.3002612590789795,0.00024390220642089844
85,10,80,3.5178093910217285,3.5174059867858887,-0.00040340423583984375
85,11,80,3.2561490535736084,3.256133794784546,-1.52587890625e-05
85,12,80,3.4145238399505615,3.414595365524292,7.152557373046875e-05
85,13,80,3.880302906036377,3.8795108795166016,-0.0007920265197753906
85,14,80,3.653571605682373,3.654738187789917,0.0011665821075439453
85,15,80,3.571814775466919,3.5732882022857666,0.0014734268188476562
85,16,80,3.970201015472412,3.970644950866699,0.0004439353942871094
85,17,80,3.716688632965088,3.7166407108306885,-4.792213439941406e-05
85,18,80,2.9036476612091064,2.9032232761383057,-0.00042438507080078125
85,19,80,2.512798309326172,2.5113439559936523,-0.0014543533325195312
86,0,80,3.4363067150115967,3.437305450439453,0.0009987354278564453
86,1,80,3.5646183490753174,3.565309762954712,0.0006914138793945312
86,2,80,3.4649744033813477,3.4655303955078125,0.0005559921264648438
86,3,80,3.033884048461914,3.0324628353118896,-0.001421213150024414
86,4,80,2.8682236671447754,2.868975877761841,0.0007522106170654297
86,5,80,3.4136061668395996,3.4144248962402344,0.0008187294006347656
86,6,80,3.3630781173706055,3.3626389503479004,-0.0004391670227050781
86,7,80,3.3646600246429443,3.3641109466552734,-0.0005490779876708984
86,8,80,3.102139711380005,3.100999355316162,-0.0011403560638427734
86,9,80,3.3000173568725586,3.299747943878174,-0.0002694129943847656
86,10,80,3.5178093910217285,3.516669750213623,-0.0011396408081054688
86,11,80,3.2561490535736084,3.2566256523132324,0.00047659873962402344
86,12,80,3.4145238399505615,3.414323091506958,-0.00020074844360351562
86,13,80,3.880302906036377,3.879075765609741,-0.0012271404266357422
86,14,80,3.653571605682373,3.6529104709625244,-0.0006611347198486328
86,15,80,3.571814775466919,3.5708465576171875,-0.0009682178497314453
86,16,80,3.970201015472412,3.969935417175293,-0.0002655982971191406
86,17,80,3.716688632965088,3.7154922485351562,-0.0011963844299316406
86,18,80,2.9036476612091064,2.903738260269165,9.059906005859375e-05
86,19,80,2.512798309326172,2.512951374053955,0.00015306472778320312
87,0,80,3.4363067150115967,3.4368412494659424,0.0005345344543457031
87,1,80,3.5646183490753174,3.565563440322876,0.0009450912475585938
87,2,80,3.4649744033813477,3.4654159545898438,0.00044155120849609375
87,3,80,3.033884048461914,3.0335121154785156,-0.0003719329833984375
87,4,80,2.8682236671447754,2.868718147277832,0.0004944801330566406
87,5,80,3.4136061668395996,3.4150891304016113,0.0014829635620117188
87,6,80,3.3630781173706055,3.362964630126953,-0.00011348724365234375
87,7,80,3.3646600246429443,3.365020513534546,0.0003604888916015625
87,8,80,3.102139711380005,3.1022677421569824,0.00012803077697753906
87,9,80,3.3000173568725586,3.2998926639556885,-0.0001246929168701172
87,10,80,3.5178093910217285,3.518301486968994,0.000492095947265625
87,11,80,3.2561490535736084,3.257589101791382,0.0014400482177734375
87,12,80,3.4145238399505615,3.414968252182007,0.0004444122314453125
87,13,80,3.880302906036377,3.880378246307373,7.534027099609375e-05
87,14,80,3.653571605682373,3.6529541015625,-0.0006175041198730469
87,15,80,3.571814775466919,3.5718886852264404,7.390975952148438e-05
87,16,80,3.970201015472412,3.969721555709839,-0.0004794597625732422
87,17,80,3.716688632965088,3.7220890522003174,0.005400419235229492
87,18,80,2.9036476612091064,2.903730869293213,8.320808410644531e-05
87,19,80,2.512798309326172,2.513580322265625,0.000782012939453125
88,0,80,3.4363067150115967,3.4361298084259033,-0.00017690658569335938
88,1,80,3.5646183490753174,3.564607620239258,-1.0728836059570312e-05
88,2,80,3.4649744033813477,3.465200185775757,0.0002257823944091797
88,3,80,3.033884048461914,3.034141778945923,0.00025773048400878906
88,4,80,2.8682236671447754,2.868577241897583,0.0003535747528076172
88,5,80,3.4136061668395996,3.414245367050171,0.0006392002105712891
88,6,80,3.3630781173706055,3.3631322383880615,5.412101745605469e-05
88,7,80,3.3646600246429443,3.3640968799591064,-0.0005631446838378906
88,8,80,3.102139711380005,3.1018710136413574,-0.00026869773864746094
88,9,80,3.3000173568725586,3.3000457286834717,2.8371810913085938e-05
88,10,80,3.5178093910217285,3.518047571182251,0.00023818016052246094
88,11,80,3.2561490535736084,3.2563273906707764,0.00017833709716796875
88,12,80,3.4145238399505615,3.4145827293395996,5.888938903808594e-05
88,13,80,3.880302906036377,3.8803811073303223,7.82012939453125e-05
88,14,80,3.653571605682373,3.654205560684204,0.0006339550018310547
88,15,80,3.571814775466919,3.572371006011963,0.0005562305450439453
88,16,80,3.970201015472412,3.968904972076416,-0.0012960433959960938
88,17,80,3.716688632965088,3.715895414352417,-0.0007932186126708984
88,18,80,2.9036476612091064,2.9042577743530273,0.0006101131439208984
88,19,80,2.512798309326172,2.511852741241455,-0.0009455680847167969
89,0,80,3.4363067150115967,3.43707013130188,0.0007634162902832031
89,1,80,3.5646183490753174,3.565286874771118,0.0006685256958007812
89,2,80,3.4649744033813477,3.466355323791504,0.00138092041015625
89,3,80,3.033884048461914,3.0331459045410156,-0.0007381439208984375
89,4,80,2.8682236671447754,2.868011951446533,-0.0002117156982421875
89,5,80,3.4136061668395996,3.413736581802368,0.0001304149627685547
89,6,80,3.3630781173706055,3.3640642166137695,0.0009860992431640625
89,7,80,3.3646600246429443,3.364572286605835,-8.7738037109375e-05
89,8,80,3.102139711380005,3.103637933731079,0.0014982223510742188
89,9,80,3.3000173568725586,3.300549268722534,0.0005319118499755859
89,10,80,3.5178093910217285,3.518045425415039,0.00023603439331054688
89,11,80,3.2561490535736084,3.2561802864074707,3.123283386230469e-05
89,12,80,3.4145238399505615,3.4143121242523193,-0.0002117156982421875
89,13,80,3.880302906036377,3.8815560340881348,0.0012531280517578125
89,14,80,3.653571605682373,3.6547183990478516,0.0011467933654785156
89,15,80,3.571814775466919,3.5718095302581787,-5.245208740234375e-06
89,16,80,3.970201015472412,3.97080135345459,0.0006003379821777344
89,17,80,3.716688632965088,3.716967821121216,0.0002791881561279297
89,18,80,2.9036476612091064,2.90375018119812,0.00010251998901367188
89,19,80,2.512798309326172,2.512989044189453,0.00019073486328125
90,0,80,3.4363067150115967,3.435950517654419,-0.0003561973571777344
90,1,80,3.5646183490753174,3.5633814334869385,-0.0012369155883789062
90,2,80,3.4649744033813477,3.4647223949432373,-0.00025200843811035156
90,3,80,3.033884048461914,3.0320708751678467,-0.0018131732940673828
90,4,80,2.8682236671447754,2.867826461791992,-0.0003972053527832031
90,5,80,3.4136061668395996,3.412351369857788,-0.0012547969818115234
90,6,80,3.3630781173706055,3.362356662750244,-0.0007214546203613281
90,7,80,3.3646600246429443,3.364987373352051,0.0003273487091064453
90,8,80,3.102139711380005,3.101057767868042,-0.0010819435119628906
90,9,80,3.3000173568725586,3.2997303009033203,-0.00028705596923828125
90,10,80,3.5178093910217285,3.518228769302368,0.00041937828063964844
90,11,80,3.2561490535736084,3.254699468612671,-0.0014495849609375
90,12,80,3.4145238399505615,3.4142391681671143,-0.0002846717834472656
90,13,80,3.880302906036377,3.881466865539551,0.0011639595031738281
90,14,80,3.653571605682373,3.6532528400421143,-0.00031876564025878906
90,15,80,3.571814775466919,3.5709269046783447,-0.0008878707885742188
90,16,80,3.970201015472412,3.9703235626220703,0.00012254714965820312
90,17,80,3.716688632965088,3.7164347171783447,-0.00025391578674316406
90,18,80,2.9036476612091064,2.9034264087677,-0.00022125244140625
90,19,80,2.512798309326172,2.513246774673462,0.00044846534729003906
91,0,80,3.4363067150115967,3.4357333183288574,-0.0005733966827392578
91,1,80,3.5646183490753174,3.5646002292633057,-1.811981201171875e-05
91,2,80,3.4649744033813477,3.465845823287964,0.0008714199066162109
91,3,80,3.033884048461914,3.033674955368042,-0.0002090930938720703
91,4,80,2.8682236671447754,2.8679897785186768,-0.0002338886260986328
91,5,80,3.4136061668395996,3.413926362991333,0.00032019615173339844
91,6,80,3.3630781173706055,3.363529682159424,0.0004515647888183594
91,7,80,3.3646600246429443,3.3628039360046387,-0.001856088638305664
91,8,80,3.102139711380005,3.101499557495117,-0.0006401538848876953
91,9,80,3.3000173568725586,3.3014376163482666,0.0014202594757080078
91,10,80,3.5178093910217285,3.517218589782715,-0.0005908012390136719
91,11,80,3.2561490535736084,3.256495475769043,0.0003464221954345703
91,12,80,3.4145238399505615,3.4144763946533203,-4.744529724121094e-05
91,13,80,3.880302906036377,3.8823740482330322,0.0020711421966552734
91,14,80,3.653571605682373,3.654770851135254,0.0011992454528808594
91,15,80,3.571814775466919,3.570824384689331,-0.0009903907775878906
91,16,80,3.970201015472412,3.970116376876831,-8.463859558105469e-05
91,17,80,3.716688632965088,3.7170164585113525,0.00032782554626464844
91,18,80,2.9036476612091064,2.903020143508911,-0.0006275177001953125
91,19,80,2.512798309326172,2.5117313861846924,-0.0010669231414794922
92,0,80,3.4363067150115967,3.436203956604004,-0.00010275840759277344
92,1,80,3.5646183490753174,3.5647878646850586,0.00016951560974121094
92,2,80,3.4649744033813477,3.4661190509796143,0.0011446475982666016
92,3,80,3.033884048461914,3.0346686840057373,0.0007846355438232422
92,4,80,2.8682236671447754,2.8689301013946533,0.0007064342498779297
92,5,80,3.4136061668395996,3.414534568786621,0.0009284019470214844
92,6,80,3.3630781173706055,3.3645811080932617,0.00150299072265625
92,7,80,3.3646600246429443,3.3676681518554688,0.003008127212524414
92,8,80,3.102139711380005,3.102241277694702,0.00010156631469726562
92,9,80,3.3000173568725586,3.300583839416504,0.0005664825439453125
92,10,80,3.5178093910217285,3.519362211227417,0.0015528202056884766
92,11,80,3.2561490535736084,3.255751609802246,-0.0003974437713623047
92,12,80,3.4145238399505615,3.414640426635742,0.00011658668518066406
92,13,80,3.880302906036377,3.8810904026031494,0.0007874965667724609
92,14,80,3.653571605682373,3.652628183364868,-0.0009434223175048828
92,15,80,3.571814775466919,3.573629379272461,0.0018146038055419922
92,16,80,3.970201015472412,3.971212387084961,0.0010113716125488281
92,17,80,3.716688632965088,3.7189455032348633,0.0022568702697753906
92,18,80,2.9036476612091064,2.9038584232330322,0.00021076202392578125
92,19,80,2.512798309326172,2.512744665145874,-5.364418029785156e-05
93,0,80,3.4363067150115967,3.4368531703948975,0.0005464553833007812
93,1,80,3.5646183490753174,3.5639901161193848,-0.0006282329559326172
93,2,80,3.4649744033813477,3.4646213054656982,-0.00035309791564941406
93,3,80,3.033884048461914,3.034252405166626,0.00036835670471191406
93,4,80,2.8682236671447754,2.8686885833740234,0.0004649162292480469
93,5,80,3.4136061668395996,3.412853717803955,-0.0007524490356445312
93,6,80,3.3630781173706055,3.364284038543701,0.0012059211730957031
93,7,80,3.3646600246429443,3.3644654750823975,-0.000194549560546875
93,8,80,3.102139711380005,3.102428436279297,0.0002887248992919922
93,9,80,3.3000173568725586,3.299283742904663,-0.0007336139678955078
93,10,80,3.5178093910217285,3.5175042152404785,-0.00030517578125
93,11,80,3.2561490535736084,3.2577178478240967,0.0015687942504882812
93,12,80,3.4145238399505615,3.4147331714630127,0.00020933151245117188
93,13,80,3.880302906036377,3.8803510665893555,4.8160552978515625e-05
93,14,80,3.653571605682373,3.6527607440948486,-0.0008108615875244141
93,15,80,3.571814775466919,3.5707716941833496,-0.001043081283569336
93,16,80,3.970201015472412,3.970972776412964,0.0007717609405517578
93,17,80,3.716688632965088,3.716013193130493,-0.0006754398345947266
93,18,80,2.9036476612091064,2.9031710624694824,-0.00047659873962402344
93,19,80,2.512798309326172,2.5134806632995605,0.0006823539733886719
94,0,80,3.4363067150115967,3.436772346496582,0.00046563148498535156
94,1,80,3.5646183490753174,3.566106081008911,0.00148773193359375
94,2,80,3.4649744033813477,3.4647228717803955,-0.00025153160095214844
94,3,80,3.033884048461914,3.0336813926696777,-0.00020265579223632812
94,4,80,2.8682236671447754,2.8681623935699463,-6.127357482910156e-05
94,5,80,3.4136061668395996,3.41517972946167,0.0015735626220703125
94,6,80,3.3630781173706055,3.3639137744903564,0.0008356571197509766
94,7,80,3.3646600246429443,3.364218235015869,-0.0004417896270751953
94,8,80,3.102139711380005,3.1029372215270996,0.0007975101470947266
94,9,80,3.3000173568725586,3.3019297122955322,0.0019123554229736328
94,10,80,3.5178093910217285,3.5190649032592773,0.0012555122375488281
94,11,80,3.2561490535736084,3.25540828704834,-0.0007407665252685547
94,12,80,3.4145238399505615,3.4136927127838135,-0.0008311271667480469
94,13,80,3.880302906036377,3.8791892528533936,-0.0011136531829833984
94,14,80,3.653571605682373,3.6535704135894775,-1.1920928955078125e-06
94,15,80,3.571814775466919,3.5723419189453125,0.0005271434783935547
94,16,80,3.970201015472412,3.9707260131835938,0.0005249977111816406
94,17,80,3.716688632965088,3.715958595275879,-0.0007300376892089844
94,18,80,2.9036476612091064,2.904158353805542,0.0005106925964355469
94,19,80,2.512798309326172,2.5126490592956543,-0.00014925003051757812
95,0,80,3.4363067150115967,3.436288833618164,-1.7881393432617188e-05
95,1,80,3.5646183490753174,3.5639052391052246,-0.0007131099700927734
95,2,80,3.4649744033813477,3.464883804321289,-9.059906005859375e-05
95,3,80,3.033884048461914,3.0335092544555664,-0.00037479400634765625
95,4,80,2.8682236671447754,2.869324207305908,0.0011005401611328125
95,5,80,3.4136061668395996,3.4157769680023193,0.0021708011627197266
95,6,80,3.3630781173706055,3.3643195629119873,0.001241445541381836
95,7,80,3.3646600246429443,3.365119695663452,0.0004596710205078125
95,8,80,3.102139711380005,3.1023972034454346,0.0002574920654296875
95,9,80,3.3000173568725586,3.300168514251709,0.00015115737915039062
95,10,80,3.5178093910217285,3.5186989307403564,0.0008895397186279297
95,11,80,3.2561490535736084,3.2556300163269043,-0.0005190372467041016
95,12,80,3.4145238399505615,3.4142186641693115,-0.00030517578125
95,13,80,3.880302906036377,3.880500316619873,0.00019741058349609375
95,14,80,3.653571605682373,3.6524715423583984,-0.0011000633239746094
95,15,80,3.571814775466919,3.5719263553619385,0.00011157989501953125
95,16,80,3.970201015472412,3.9703471660614014,0.0001461505889892578
95,17,80,3.716688632965088,3.7159805297851562,-0.0007081031799316406
95,18,80,2.9036476612091064,2.9040796756744385,0.00043201446533203125
95,19,80,2.512798309326172,2.5129244327545166,0.00012612342834472656
96,0,80,3.4363067150115967,3.435737371444702,-0.0005693435668945312
96,1,80,3.5646183490753174,3.564373016357422,-0.0002453327178955078
96,2,80,3.4649744033813477,3.4632089138031006,-0.0017654895782470703
96,3,80,3.033884048461914,3.035451889038086,0.001567840576171875
96,4,80,2.8682236671447754,2.8692972660064697,0.001073598861694336
96,5,80,3.4136061668395996,3.4142262935638428,0.0006201267242431641
96,6,80,3.3630781173706055,3.3637020587921143,0.0006239414215087891
96,7,80,3.3646600246429443,3.3649239540100098,0.0002639293670654297
96,8,80,3.102139711380005,3.1017041206359863,-0.0004355907440185547
96,9,80,3.3000173568725586,3.301104784011841,0.0010874271392822266
96,10,80,3.5178093910217285,3.518197536468506,0.00038814544677734375
96,11,80,3.2561490535736084,3.260552406311035,0.004403352737426758
96,12,80,3.4145238399505615,3.4147069454193115,0.00018310546875
96,13,80,3.880302906036377,3.8800015449523926,-0.000301361083984375
96,14,80,3.653571605682373,3.654900312423706,0.0013287067413330078
96,15,80,3.571814775466919,3.5720632076263428,0.0002484321594238281
96,16,80,3.970201015472412,3.9695827960968018,-0.0006182193756103516
96,17,80,3.716688632965088,3.7171547412872314,0.0004661083221435547
96,18,80,2.9036476612091064,2.9030404090881348,-0.0006072521209716797
96,19,80,2.512798309326172,2.514103651046753,0.0013053417205810547
97,0,80,3.4363067150115967,3.4370086193084717,0.000701904296875
97,1,80,3.5646183490753174,3.5650973320007324,0.00047898292541503906
97,2,80,3.4649744033813477,3.465550184249878,0.0005757808685302734
97,3,80,3.033884048461914,3.032531261444092,-0.0013527870178222656
97,4,80,2.8682236671447754,2.8696537017822266,0.0014300346374511719
97,5,80,3.4136061668395996,3.4141056537628174,0.0004994869232177734
97,6,80,3.3630781173706055,3.36422061920166,0.0011425018310546875
97,7,80,3.3646600246429443,3.3652796745300293,0.0006196498870849609
97,8,80,3.102139711380005,3.1026182174682617,0.00047850608825683594
97,9,80,3.3000173568725586,3.30061936378479,0.0006020069122314453
97,10,80,3.5178093910217285,3.5175509452819824,-0.00025844573974609375
97,11,80,3.2561490535736084,3.2557621002197266,-0.00038695335388183594
97,12,80,3.4145238399505615,3.41524076461792,0.0007169246673583984
97,13,80,3.880302906036377,3.881023406982422,0.0007205009460449219
97,14,80,3.653571605682373,3.653937578201294,0.00036597251892089844
97,15,80,3.571814775466919,3.5731656551361084,0.0013508796691894531
97,16,80,3.970201015472412,3.969822645187378,-0.0003783702850341797
97,17,80,3.716688632965088,3.7185721397399902,0.0018835067749023438
97,18,80,2.9036476612091064,2.9039297103881836,0.00028204917907714844
97,19,80,2.512798309326172,2.5121877193450928,-0.0006105899810791016
98,0,80,3.4363067150115967,3.435276508331299,-0.0010302066802978516
98,1,80,3.5646183490753174,3.5641183853149414,-0.0004999637603759766
98,2,80,3.4649744033813477,3.4636459350585938,-0.0013284683227539062
98,3,80,3.033884048461914,3.032707452774048,-0.001176595687866211
98,4,80,2.8682236671447754,2.868252754211426,2.9087066650390625e-05
98,5,80,3.4136061668395996,3.4134881496429443,-0.00011801719665527344
98,6,80,3.3630781173706055,3.364739418029785,0.0016613006591796875
98,7,80,3.3646600246429443,3.36541485786438,0.0007548332214355469
98,8,80,3.102139711380005,3.102544069290161,0.00040435791015625
98,9,80,3.3000173568725586,3.301044225692749,0.0010268688201904297
98,10,80,3.5178093910217285,3.5188119411468506,0.0010025501251220703
98,11,80,3.2561490535736084,3.254476308822632,-0.0016727447509765625
98,12,80,3.4145238399505615,3.4146549701690674,0.00013113021850585938
98,13,80,3.880302906036377,3.879241466522217,-0.0010614395141601562
98,14,80,3.653571605682373,3.6544711589813232,0.0008995532989501953
98,15,80,3.571814775466919,3.572129249572754,0.00031447410583496094
98,16,80,3.970201015472412,3.970045804977417,-0.0001552104949951172
98,17,80,3.716688632965088,3.714517831802368,-0.0021708011627197266
98,18,80,2.9036476612091064,2.9046175479888916,0.0009698867797851562
98,19,80,2.512798309326172,2.5127673149108887,-3.0994415283203125e-05
99,0,80,3.4363067150115967,3.4362127780914307,-9.393692016601562e-05
99,1,80,3.5646183490753174,3.5644681453704834,-0.00015020370483398438
99,2,80,3.4649744033813477,3.465616464614868,0.0006420612335205078
99,3,80,3.033884048461914,3.034881591796875,0.0009975433349609375
99,4,80,2.8682236671447754,2.8684444427490234,0.00022077560424804688
99,5,80,3.4136061668395996,3.414365291595459,0.000759124755859375
99,6,80,3.3630781173706055,3.3623292446136475,-0.0007488727569580078
99,7,80,3.3646600246429443,3.366704225540161,0.002044200897216797
99,8,80,3.102139711380005,3.103159189224243,0.0010194778442382812
99,9,80,3.3000173568725586,3.300168991088867,0.00015163421630859375
99,10,80,3.5178093910217285,3.5165390968322754,-0.001270294189453125
99,11,80,3.2561490535736084,3.2549281120300293,-0.0012209415435791016
99,12,80,3.4145238399505615,3.4144320487976074,-9.179115295410156e-05
99,13,80,3.880302906036377,3.879591941833496,-0.0007109642028808594
99,14,80,3.653571605682373,3.6534583568573,-0.00011324882507324219
99,15,80,3.571814775466919,3.5721285343170166,0.00031375885009765625
99,16,80,3.970201015472412,3.9694151878356934,-0.00078582763671875
99,17,80,3.716688632965088,3.7166099548339844,-7.867813110351562e-05
99,18,80,2.9036476612091064,2.9031808376312256,-0.0004668235778808594
99,19,80,2.512798309326172,2.51456880569458,0.0017704963684082031
