subset,query,n_removed,baseline_loss,filtered_loss,loss_change
0,0,80,3.4165947437286377,3.4171102046966553,0.0005154609680175781
0,1,80,3.5705320835113525,3.5731284618377686,0.0025963783264160156
0,2,80,3.511489152908325,3.5139071941375732,0.002418041229248047
0,3,80,3.035471200942993,3.035944938659668,0.0004737377166748047
0,4,80,2.8862557411193848,2.887765645980835,0.0015099048614501953
0,5,80,3.438019275665283,3.439229726791382,0.0012104511260986328
0,6,80,3.3919475078582764,3.3929860591888428,0.0010385513305664062
0,7,80,3.4152350425720215,3.4148902893066406,-0.0003447532653808594
0,8,80,3.153089761734009,3.1545827388763428,0.0014929771423339844
0,9,80,3.3304457664489746,3.3300113677978516,-0.0004343986511230469
0,10,80,3.5688884258270264,3.568495273590088,-0.00039315223693847656
0,11,80,3.2549588680267334,3.25747013092041,0.002511262893676758
0,12,80,3.4146108627319336,3.4157018661499023,0.00109100341796875
0,13,80,3.8476061820983887,3.8478164672851562,0.00021028518676757812
0,14,80,3.657538414001465,3.657869577407837,0.0003311634063720703
0,15,80,3.587043523788452,3.5856595039367676,-0.0013840198516845703
0,16,80,3.9502198696136475,3.949007749557495,-0.0012121200561523438
0,17,80,3.723813772201538,3.725545644760132,0.00173187255859375
0,18,80,2.9297897815704346,2.9303529262542725,0.0005631446838378906
0,19,80,2.5255050659179688,2.5273172855377197,0.0018122196197509766
1,0,80,3.4165947437286377,3.416189193725586,-0.0004055500030517578
1,1,80,3.5705320835113525,3.5717461109161377,0.0012140274047851562
1,2,80,3.511489152908325,3.5115716457366943,8.249282836914062e-05
1,3,80,3.035471200942993,3.0355892181396484,0.00011801719665527344
1,4,80,2.8862557411193848,2.8860766887664795,-0.00017905235290527344
1,5,80,3.438019275665283,3.438408136367798,0.00038886070251464844
1,6,80,3.3919475078582764,3.391704797744751,-0.00024271011352539062
1,7,80,3.4152350425720215,3.4158875942230225,0.0006525516510009766
1,8,80,3.153089761734009,3.1541759967803955,0.0010862350463867188
1,9,80,3.3304457664489746,3.3288674354553223,-0.0015783309936523438
1,10,80,3.5688884258270264,3.568816900253296,-7.152557373046875e-05
1,11,80,3.2549588680267334,3.2563252449035645,0.0013663768768310547
1,12,80,3.4146108627319336,3.4139773845672607,-0.0006334781646728516
1,13,80,3.8476061820983887,3.8438198566436768,-0.003786325454711914
1,14,80,3.657538414001465,3.657473087310791,-6.532669067382812e-05
1,15,80,3.587043523788452,3.588378429412842,0.0013349056243896484
1,16,80,3.9502198696136475,3.9497125148773193,-0.000507354736328125
1,17,80,3.723813772201538,3.7231035232543945,-0.0007102489471435547
1,18,80,2.9297897815704346,2.930694580078125,0.0009047985076904297
1,19,80,2.5255050659179688,2.525909900665283,0.0004048347473144531
2,0,80,3.4165947437286377,3.416400194168091,-0.000194549560546875
2,1,80,3.5705320835113525,3.570469617843628,-6.246566772460938e-05
2,2,80,3.511489152908325,3.511270046234131,-0.00021910667419433594
2,3,80,3.035471200942993,3.0366735458374023,0.0012023448944091797
2,4,80,2.8862557411193848,2.8871188163757324,0.0008630752563476562
2,5,80,3.438019275665283,3.438899040222168,0.0008797645568847656
2,6,80,3.3919475078582764,3.392336845397949,0.00038933753967285156
2,7,80,3.4152350425720215,3.416769027709961,0.0015339851379394531
2,8,80,3.153089761734009,3.1558644771575928,0.0027747154235839844
2,9,80,3.3304457664489746,3.331071138381958,0.0006253719329833984
2,10,80,3.5688884258270264,3.569922924041748,0.0010344982147216797
2,11,80,3.2549588680267334,3.2549943923950195,3.552436828613281e-05
2,12,80,3.4146108627319336,3.415024995803833,0.00041413307189941406
2,13,80,3.8476061820983887,3.8468406200408936,-0.0007655620574951172
2,14,80,3.657538414001465,3.6588797569274902,0.0013413429260253906
2,15,80,3.587043523788452,3.5870907306671143,4.7206878662109375e-05
2,16,80,3.9502198696136475,3.950678586959839,0.00045871734619140625
2,17,80,3.723813772201538,3.728734016418457,0.004920244216918945
2,18,80,2.9297897815704346,2.9305849075317383,0.0007951259613037109
2,19,80,2.5255050659179688,2.5241787433624268,-0.0013263225555419922
3,0,80,3.4165947437286377,3.4167864322662354,0.00019168853759765625
3,1,80,3.5705320835113525,3.571131944656372,0.0005998611450195312
3,2,80,3.511489152908325,3.5107321739196777,-0.0007569789886474609
3,3,80,3.035471200942993,3.0354433059692383,-2.7894973754882812e-05
3,4,80,2.8862557411193848,2.8850224018096924,-0.0012333393096923828
3,5,80,3.438019275665283,3.4375431537628174,-0.0004761219024658203
3,6,80,3.3919475078582764,3.3904647827148438,-0.0014827251434326172
3,7,80,3.4152350425720215,3.4126577377319336,-0.0025773048400878906
3,8,80,3.153089761734009,3.1523473262786865,-0.0007424354553222656
3,9,80,3.3304457664489746,3.330082654953003,-0.0003631114959716797
3,10,80,3.5688884258270264,3.5675175189971924,-0.0013709068298339844
3,11,80,3.2549588680267334,3.255756139755249,0.000797271728515625
3,12,80,3.4146108627319336,3.41530704498291,0.0006961822509765625
3,13,80,3.8476061820983887,3.8463356494903564,-0.0012705326080322266
3,14,80,3.657538414001465,3.6579179763793945,0.0003795623779296875
3,15,80,3.587043523788452,3.5874481201171875,0.00040459632873535156
3,16,80,3.9502198696136475,3.948822498321533,-0.0013973712921142578
3,17,80,3.723813772201538,3.7248165607452393,0.0010027885437011719
3,18,80,2.9297897815704346,2.930649518966675,0.0008597373962402344
3,19,80,2.5255050659179688,2.5255846977233887,7.963180541992188e-05
4,0,80,3.4165947437286377,3.4173426628112793,0.0007479190826416016
4,1,80,3.5705320835113525,3.573319435119629,0.002787351608276367
4,2,80,3.511489152908325,3.512925148010254,0.001435995101928711
4,3,80,3.035471200942993,3.0354223251342773,-4.887580871582031e-05
4,4,80,2.8862557411193848,2.8900680541992188,0.0038123130798339844
4,5,80,3.438019275665283,3.438363790512085,0.0003445148468017578
4,6,80,3.3919475078582764,3.3913486003875732,-0.000598907470703125
4,7,80,3.4152350425720215,3.415238380432129,3.337860107421875e-06
4,8,80,3.153089761734009,3.153421640396118,0.000331878662109375
4,9,80,3.3304457664489746,3.330585241317749,0.00013947486877441406
4,10,80,3.5688884258270264,3.569885492324829,0.0009970664978027344
4,11,80,3.2549588680267334,3.256169557571411,0.0012106895446777344
4,12,80,3.4146108627319336,3.4149587154388428,0.0003478527069091797
4,13,80,3.8476061820983887,3.849181652069092,0.001575469970703125
4,14,80,3.657538414001465,3.6575851440429688,4.673004150390625e-05
4,15,80,3.587043523788452,3.5878119468688965,0.0007684230804443359
4,16,80,3.9502198696136475,3.9518473148345947,0.0016274452209472656
4,17,80,3.723813772201538,3.7234480381011963,-0.0003657341003417969
4,18,80,2.9297897815704346,2.9296467304229736,-0.0001430511474609375
4,19,80,2.5255050659179688,2.5260908603668213,0.0005857944488525391
5,0,80,3.4165947437286377,3.4162232875823975,-0.0003714561462402344
5,1,80,3.5705320835113525,3.5708742141723633,0.0003421306610107422
5,2,80,3.511489152908325,3.510033130645752,-0.0014560222625732422
5,3,80,3.035471200942993,3.0348896980285645,-0.0005815029144287109
5,4,80,2.8862557411193848,2.8861498832702637,-0.00010585784912109375
5,5,80,3.438019275665283,3.4385433197021484,0.0005240440368652344
5,6,80,3.3919475078582764,3.391068696975708,-0.0008788108825683594
5,7,80,3.4152350425720215,3.414397954940796,-0.0008370876312255859
5,8,80,3.153089761734009,3.1532654762268066,0.00017571449279785156
5,9,80,3.3304457664489746,3.3301262855529785,-0.00031948089599609375
5,10,80,3.5688884258270264,3.5671892166137695,-0.001699209213256836
5,11,80,3.2549588680267334,3.2552101612091064,0.0002512931823730469
5,12,80,3.4146108627319336,3.4151768684387207,0.0005660057067871094
5,13,80,3.8476061820983887,3.847203016281128,-0.0004031658172607422
5,14,80,3.657538414001465,3.65791392326355,0.00037550926208496094
5,15,80,3.587043523788452,3.587275505065918,0.0002319812774658203
5,16,80,3.9502198696136475,3.9512641429901123,0.0010442733764648438
5,17,80,3.723813772201538,3.723659038543701,-0.00015473365783691406
5,18,80,2.9297897815704346,2.929442882537842,-0.00034689903259277344
5,19,80,2.5255050659179688,2.524233341217041,-0.0012717247009277344
6,0,80,3.4165947437286377,3.415652275085449,-0.0009424686431884766
6,1,80,3.5705320835113525,3.571436882019043,0.0009047985076904297
6,2,80,3.511489152908325,3.511370897293091,-0.000118255615234375
6,3,80,3.035471200942993,3.035966157913208,0.0004949569702148438
6,4,80,2.8862557411193848,2.887281894683838,0.001026153564453125
6,5,80,3.438019275665283,3.439469337463379,0.0014500617980957031
6,6,80,3.3919475078582764,3.3904783725738525,-0.0014691352844238281
6,7,80,3.4152350425720215,3.413494348526001,-0.0017406940460205078
6,8,80,3.153089761734009,3.152129888534546,-0.0009598731994628906
6,9,80,3.3304457664489746,3.331845760345459,0.001399993896484375
6,10,80,3.5688884258270264,3.5682637691497803,-0.0006246566772460938
6,11,80,3.2549588680267334,3.2543652057647705,-0.0005936622619628906
6,12,80,3.4146108627319336,3.415283441543579,0.0006725788116455078
6,13,80,3.8476061820983887,3.8479700088500977,0.0003638267517089844
6,14,80,3.657538414001465,3.6589508056640625,0.0014123916625976562
6,15,80,3.587043523788452,3.5860073566436768,-0.0010361671447753906
6,16,80,3.9502198696136475,3.9514458179473877,0.0012259483337402344
6,17,80,3.723813772201538,3.726470947265625,0.002657175064086914
6,18,80,2.9297897815704346,2.9301865100860596,0.000396728515625
6,19,80,2.5255050659179688,2.5270979404449463,0.001592874526977539
7,0,80,3.4165947437286377,3.415879487991333,-0.0007152557373046875
7,1,80,3.5705320835113525,3.570465326309204,-6.67572021484375e-05
7,2,80,3.511489152908325,3.5107100009918213,-0.0007791519165039062
7,3,80,3.035471200942993,3.0364365577697754,0.0009653568267822266
7,4,80,2.8862557411193848,2.8870372772216797,0.0007815361022949219
7,5,80,3.438019275665283,3.438636064529419,0.0006167888641357422
7,6,80,3.3919475078582764,3.392226457595825,0.0002789497375488281
7,7,80,3.4152350425720215,3.416003942489624,0.0007688999176025391
7,8,80,3.153089761734009,3.1541996002197266,0.0011098384857177734
7,9,80,3.3304457664489746,3.3311502933502197,0.0007045269012451172
7,10,80,3.5688884258270264,3.5705292224884033,0.0016407966613769531
7,11,80,3.2549588680267334,3.253443956375122,-0.0015149116516113281
7,12,80,3.4146108627319336,3.4150214195251465,0.0004105567932128906
7,13,80,3.8476061820983887,3.847003698348999,-0.0006024837493896484
7,14,80,3.657538414001465,3.6589810848236084,0.0014426708221435547
7,15,80,3.587043523788452,3.5875120162963867,0.0004684925079345703
7,16,80,3.9502198696136475,3.9487924575805664,-0.0014274120330810547
7,17,80,3.723813772201538,3.7272133827209473,0.0033996105194091797
7,18,80,2.9297897815704346,2.9297642707824707,-2.5510787963867188e-05
7,19,80,2.5255050659179688,2.5258779525756836,0.00037288665771484375
8,0,80,3.4165947437286377,3.4166719913482666,7.724761962890625e-05
8,1,80,3.5705320835113525,3.570122480392456,-0.0004096031188964844
8,2,80,3.511489152908325,3.511214256286621,-0.00027489662170410156
8,3,80,3.035471200942993,3.0356059074401855,0.0001347064971923828
8,4,80,2.8862557411193848,2.8866984844207764,0.00044274330139160156
8,5,80,3.438019275665283,3.435790777206421,-0.0022284984588623047
8,6,80,3.3919475078582764,3.3904716968536377,-0.0014758110046386719
8,7,80,3.4152350425720215,3.41568922996521,0.00045418739318847656
8,8,80,3.153089761734009,3.1536097526550293,0.0005199909210205078
8,9,80,3.3304457664489746,3.3305516242980957,0.00010585784912109375
8,10,80,3.5688884258270264,3.567112445831299,-0.001775979995727539
8,11,80,3.2549588680267334,3.2546420097351074,-0.00031685829162597656
8,12,80,3.4146108627319336,3.4148871898651123,0.00027632713317871094
8,13,80,3.8476061820983887,3.8479790687561035,0.00037288665771484375
8,14,80,3.657538414001465,3.6575121879577637,-2.6226043701171875e-05
8,15,80,3.587043523788452,3.5870468616485596,3.337860107421875e-06
8,16,80,3.9502198696136475,3.9502224922180176,2.6226043701171875e-06
8,17,80,3.723813772201538,3.723984718322754,0.0001709461212158203
8,18,80,2.9297897815704346,2.930631399154663,0.0008416175842285156
8,19,80,2.5255050659179688,2.523466110229492,-0.0020389556884765625
9,0,80,3.4165947437286377,3.4177968502044678,0.0012021064758300781
9,1,80,3.5705320835113525,3.571322202682495,0.0007901191711425781
9,2,80,3.511489152908325,3.511042833328247,-0.000446319580078125
9,3,80,3.035471200942993,3.0357260704040527,0.0002548694610595703
9,4,80,2.8862557411193848,2.8879384994506836,0.0016827583312988281
9,5,80,3.438019275665283,3.4377353191375732,-0.00028395652770996094
9,6,80,3.3919475078582764,3.392115592956543,0.00016808509826660156
9,7,80,3.4152350425720215,3.4160523414611816,0.0008172988891601562
9,8,80,3.153089761734009,3.151571750640869,-0.0015180110931396484
9,9,80,3.3304457664489746,3.3284878730773926,-0.0019578933715820312
9,10,80,3.5688884258270264,3.5690314769744873,0.0001430511474609375
9,11,80,3.2549588680267334,3.2544612884521484,-0.0004975795745849609
9,12,80,3.4146108627319336,3.4153313636779785,0.0007205009460449219
9,13,80,3.8476061820983887,3.847377300262451,-0.0002288818359375
9,14,80,3.657538414001465,3.6571950912475586,-0.00034332275390625
9,15,80,3.587043523788452,3.587343215942383,0.00029969215393066406
9,16,80,3.9502198696136475,3.949920892715454,-0.0002989768981933594
9,17,80,3.723813772201538,3.7244627475738525,0.0006489753723144531
9,18,80,2.9297897815704346,2.930525779724121,0.0007359981536865234
9,19,80,2.5255050659179688,2.5253000259399414,-0.00020503997802734375
10,0,80,3.4165947437286377,3.418424129486084,0.001829385757446289
10,1,80,3.5705320835113525,3.5722203254699707,0.001688241958618164
10,2,80,3.511489152908325,3.513427495956421,0.0019383430480957031
10,3,80,3.035471200942993,3.0362985134124756,0.0008273124694824219
10,4,80,2.8862557411193848,2.887267827987671,0.0010120868682861328
10,5,80,3.438019275665283,3.437140941619873,-0.0008783340454101562
10,6,80,3.3919475078582764,3.3907854557037354,-0.0011620521545410156
10,7,80,3.4152350425720215,3.4139604568481445,-0.0012745857238769531
10,8,80,3.153089761734009,3.1534438133239746,0.0003540515899658203
10,9,80,3.3304457664489746,3.3290445804595947,-0.0014011859893798828
10,10,80,3.5688884258270264,3.570333957672119,0.0014455318450927734
10,11,80,3.2549588680267334,3.254997968673706,3.910064697265625e-05
10,12,80,3.4146108627319336,3.4144606590270996,-0.00015020370483398438
10,13,80,3.8476061820983887,3.8449747562408447,-0.0026314258575439453
10,14,80,3.657538414001465,3.6569061279296875,-0.0006322860717773438
10,15,80,3.587043523788452,3.5868117809295654,-0.00023174285888671875
10,16,80,3.9502198696136475,3.950838804244995,0.0006189346313476562
10,17,80,3.723813772201538,3.7237842082977295,-2.956390380859375e-05
10,18,80,2.9297897815704346,2.9296388626098633,-0.00015091896057128906
10,19,80,2.5255050659179688,2.5265626907348633,0.0010576248168945312
11,0,80,3.4165947437286377,3.415597438812256,-0.000997304916381836
11,1,80,3.5705320835113525,3.570589303970337,5.7220458984375e-05
11,2,80,3.511489152908325,3.511732816696167,0.00024366378784179688
11,3,80,3.035471200942993,3.0354228019714355,-4.839897155761719e-05
11,4,80,2.8862557411193848,2.886587619781494,0.000331878662109375
11,5,80,3.438019275665283,3.4367916584014893,-0.0012276172637939453
11,6,80,3.3919475078582764,3.392491340637207,0.0005438327789306641
11,7,80,3.4152350425720215,3.4142301082611084,-0.001004934310913086
11,8,80,3.153089761734009,3.1526572704315186,-0.0004324913024902344
11,9,80,3.3304457664489746,3.331038475036621,0.0005927085876464844
11,10,80,3.5688884258270264,3.568279981613159,-0.0006084442138671875
11,11,80,3.2549588680267334,3.2528092861175537,-0.0021495819091796875
11,12,80,3.4146108627319336,3.415982723236084,0.0013718605041503906
11,13,80,3.8476061820983887,3.8463704586029053,-0.0012357234954833984
11,14,80,3.657538414001465,3.6564524173736572,-0.0010859966278076172
11,15,80,3.587043523788452,3.5879623889923096,0.0009188652038574219
11,16,80,3.9502198696136475,3.9491169452667236,-0.0011029243469238281
11,17,80,3.723813772201538,3.723461866378784,-0.00035190582275390625
11,18,80,2.9297897815704346,2.9300990104675293,0.00030922889709472656
11,19,80,2.5255050659179688,2.524256944656372,-0.0012481212615966797
12,0,80,3.4165947437286377,3.4169490337371826,0.0003542900085449219
12,1,80,3.5705320835113525,3.570978879928589,0.0004467964172363281
12,2,80,3.511489152908325,3.513256072998047,0.0017669200897216797
12,3,80,3.035471200942993,3.0350289344787598,-0.00044226646423339844
12,4,80,2.8862557411193848,2.88748836517334,0.0012326240539550781
12,5,80,3.438019275665283,3.4393856525421143,0.0013663768768310547
12,6,80,3.3919475078582764,3.3928868770599365,0.0009393692016601562
12,7,80,3.4152350425720215,3.4140331745147705,-0.0012018680572509766
12,8,80,3.153089761734009,3.1521599292755127,-0.0009298324584960938
12,9,80,3.3304457664489746,3.3301875591278076,-0.0002582073211669922
12,10,80,3.5688884258270264,3.5699994564056396,0.0011110305786132812
12,11,80,3.2549588680267334,3.253549814224243,-0.0014090538024902344
12,12,80,3.4146108627319336,3.4131546020507812,-0.0014562606811523438
12,13,80,3.8476061820983887,3.846836805343628,-0.0007693767547607422
12,14,80,3.657538414001465,3.656954288482666,-0.0005841255187988281
12,15,80,3.587043523788452,3.5868945121765137,-0.00014901161193847656
12,16,80,3.9502198696136475,3.950387477874756,0.00016760826110839844
12,17,80,3.723813772201538,3.7226614952087402,-0.0011522769927978516
12,18,80,2.9297897815704346,2.9285383224487305,-0.0012514591217041016
12,19,80,2.5255050659179688,2.5242443084716797,-0.0012607574462890625
13,0,80,3.4165947437286377,3.41628360748291,-0.00031113624572753906
13,1,80,3.5705320835113525,3.5694100856781006,-0.0011219978332519531
13,2,80,3.511489152908325,3.5119285583496094,0.0004394054412841797
13,3,80,3.035471200942993,3.036229372024536,0.0007581710815429688
13,4,80,2.8862557411193848,2.8856804370880127,-0.0005753040313720703
13,5,80,3.438019275665283,3.4386861324310303,0.0006668567657470703
13,6,80,3.3919475078582764,3.392326831817627,0.00037932395935058594
13,7,80,3.4152350425720215,3.416086435317993,0.0008513927459716797
13,8,80,3.153089761734009,3.1534550189971924,0.00036525726318359375
13,9,80,3.3304457664489746,3.3314948081970215,0.001049041748046875
13,10,80,3.5688884258270264,3.5697410106658936,0.0008525848388671875
13,11,80,3.2549588680267334,3.255603790283203,0.0006449222564697266
13,12,80,3.4146108627319336,3.4152402877807617,0.000629425048828125
13,13,80,3.8476061820983887,3.8483288288116455,0.0007226467132568359
13,14,80,3.657538414001465,3.657290458679199,-0.000247955322265625
13,15,80,3.587043523788452,3.5870840549468994,4.0531158447265625e-05
13,16,80,3.9502198696136475,3.9495656490325928,-0.0006542205810546875
13,17,80,3.723813772201538,3.7239620685577393,0.00014829635620117188
13,18,80,2.9297897815704346,2.9292118549346924,-0.0005779266357421875
13,19,80,2.5255050659179688,2.5259296894073486,0.0004246234893798828
14,0,80,3.4165947437286377,3.4185874462127686,0.0019927024841308594
14,1,80,3.5705320835113525,3.572432041168213,0.0018999576568603516
14,2,80,3.511489152908325,3.5093913078308105,-0.0020978450775146484
14,3,80,3.035471200942993,3.0356364250183105,0.0001652240753173828
14,4,80,2.8862557411193848,2.885209798812866,-0.0010459423065185547
14,5,80,3.438019275665283,3.437626838684082,-0.0003924369812011719
14,6,80,3.3919475078582764,3.3909494876861572,-0.0009980201721191406
14,7,80,3.4152350425720215,3.414921998977661,-0.00031304359436035156
14,8,80,3.153089761734009,3.1518325805664062,-0.001257181167602539
14,9,80,3.3304457664489746,3.330263137817383,-0.00018262863159179688
14,10,80,3.5688884258270264,3.5679643154144287,-0.0009241104125976562
14,11,80,3.2549588680267334,3.2554991245269775,0.0005402565002441406
14,12,80,3.4146108627319336,3.4145658016204834,-4.506111145019531e-05
14,13,80,3.8476061820983887,3.845341682434082,-0.0022644996643066406
14,14,80,3.657538414001465,3.6575753688812256,3.695487976074219e-05
14,15,80,3.587043523788452,3.585287570953369,-0.0017559528350830078
14,16,80,3.9502198696136475,3.9509360790252686,0.0007162094116210938
14,17,80,3.723813772201538,3.7228071689605713,-0.0010066032409667969
14,18,80,2.9297897815704346,2.929980754852295,0.00019097328186035156
14,19,80,2.5255050659179688,2.5257654190063477,0.00026035308837890625
15,0,80,3.4165947437286377,3.4197816848754883,0.003186941146850586
15,1,80,3.5705320835113525,3.572476863861084,0.0019447803497314453
15,2,80,3.511489152908325,3.511862277984619,0.0003731250762939453
15,3,80,3.035471200942993,3.034672498703003,-0.0007987022399902344
15,4,80,2.8862557411193848,2.884497880935669,-0.0017578601837158203
15,5,80,3.438019275665283,3.4371166229248047,-0.0009026527404785156
15,6,80,3.3919475078582764,3.391472101211548,-0.0004754066467285156
15,7,80,3.4152350425720215,3.416226863861084,0.0009918212890625
15,8,80,3.153089761734009,3.1540915966033936,0.0010018348693847656
15,9,80,3.3304457664489746,3.329681873321533,-0.0007638931274414062
15,10,80,3.5688884258270264,3.569091796875,0.0002033710479736328
15,11,80,3.2549588680267334,3.2565677165985107,0.0016088485717773438
15,12,80,3.4146108627319336,3.4166059494018555,0.001995086669921875
15,13,80,3.8476061820983887,3.848253011703491,0.0006468296051025391
15,14,80,3.657538414001465,3.6577816009521484,0.00024318695068359375
15,15,80,3.587043523788452,3.5873219966888428,0.000278472900390625
15,16,80,3.9502198696136475,3.9495396614074707,-0.0006802082061767578
15,17,80,3.723813772201538,3.72756028175354,0.003746509552001953
15,18,80,2.9297897815704346,2.929464817047119,-0.0003249645233154297
15,19,80,2.5255050659179688,2.527191638946533,0.0016865730285644531
16,0,80,3.4165947437286377,3.417206287384033,0.0006115436553955078
16,1,80,3.5705320835113525,3.5713908672332764,0.0008587837219238281
16,2,80,3.511489152908325,3.510960578918457,-0.0005285739898681641
16,3,80,3.035471200942993,3.035755157470703,0.00028395652770996094
16,4,80,2.8862557411193848,2.8831920623779297,-0.003063678741455078
16,5,80,3.438019275665283,3.439466714859009,0.001447439193725586
16,6,80,3.3919475078582764,3.3911538124084473,-0.0007936954498291016
16,7,80,3.4152350425720215,3.4162237644195557,0.0009887218475341797
16,8,80,3.153089761734009,3.1538023948669434,0.0007126331329345703
16,9,80,3.3304457664489746,3.331049919128418,0.0006041526794433594
16,10,80,3.5688884258270264,3.568066120147705,-0.0008223056793212891
16,11,80,3.2549588680267334,3.258233070373535,0.003274202346801758
16,12,80,3.4146108627319336,3.4160470962524414,0.0014362335205078125
16,13,80,3.8476061820983887,3.8475914001464844,-1.4781951904296875e-05
16,14,80,3.657538414001465,3.6581406593322754,0.0006022453308105469
16,15,80,3.587043523788452,3.5867955684661865,-0.000247955322265625
16,16,80,3.9502198696136475,3.9510982036590576,0.0008783340454101562
16,17,80,3.723813772201538,3.723689079284668,-0.0001246929168701172
16,18,80,2.9297897815704346,2.930140972137451,0.00035119056701660156
16,19,80,2.5255050659179688,2.5276384353637695,0.0021333694458007812
17,0,80,3.4165947437286377,3.4177088737487793,0.0011141300201416016
17,1,80,3.5705320835113525,3.5706565380096436,0.00012445449829101562
17,2,80,3.511489152908325,3.5122194290161133,0.0007302761077880859
17,3,80,3.035471200942993,3.034876585006714,-0.0005946159362792969
17,4,80,2.8862557411193848,2.883481025695801,-0.0027747154235839844
17,5,80,3.438019275665283,3.436509370803833,-0.0015099048614501953
17,6,80,3.3919475078582764,3.3920884132385254,0.00014090538024902344
17,7,80,3.4152350425720215,3.4109981060028076,-0.004236936569213867
17,8,80,3.153089761734009,3.151740789413452,-0.0013489723205566406
17,9,80,3.3304457664489746,3.329982280731201,-0.0004634857177734375
17,10,80,3.5688884258270264,3.5677480697631836,-0.0011403560638427734
17,11,80,3.2549588680267334,3.2540388107299805,-0.0009200572967529297
17,12,80,3.4146108627319336,3.4148359298706055,0.000225067138671875
17,13,80,3.8476061820983887,3.8469297885894775,-0.0006763935089111328
17,14,80,3.657538414001465,3.658031463623047,0.0004930496215820312
17,15,80,3.587043523788452,3.586331844329834,-0.0007116794586181641
17,16,80,3.9502198696136475,3.9504082202911377,0.00018835067749023438
17,17,80,3.723813772201538,3.722700595855713,-0.0011131763458251953
17,18,80,2.9297897815704346,2.928816080093384,-0.0009737014770507812
17,19,80,2.5255050659179688,2.5265870094299316,0.0010819435119628906
18,0,80,3.4165947437286377,3.4153857231140137,-0.0012090206146240234
18,1,80,3.5705320835113525,3.5695102214813232,-0.0010218620300292969
18,2,80,3.511489152908325,3.511416435241699,-7.271766662597656e-05
18,3,80,3.035471200942993,3.0351383686065674,-0.00033283233642578125
18,4,80,2.8862557411193848,2.886373281478882,0.00011754035949707031
18,5,80,3.438019275665283,3.4376060962677,-0.0004131793975830078
18,6,80,3.3919475078582764,3.393531560897827,0.0015840530395507812
18,7,80,3.4152350425720215,3.4157447814941406,0.0005097389221191406
18,8,80,3.153089761734009,3.1544923782348633,0.0014026165008544922
18,9,80,3.3304457664489746,3.3290205001831055,-0.0014252662658691406
18,10,80,3.5688884258270264,3.569444417953491,0.0005559921264648438
18,11,80,3.2549588680267334,3.2534000873565674,-0.0015587806701660156
18,12,80,3.4146108627319336,3.4153597354888916,0.0007488727569580078
18,13,80,3.8476061820983887,3.8484244346618652,0.0008182525634765625
18,14,80,3.657538414001465,3.6568665504455566,-0.0006718635559082031
18,15,80,3.587043523788452,3.587825298309326,0.0007817745208740234
18,16,80,3.9502198696136475,3.950075387954712,-0.00014448165893554688
18,17,80,3.723813772201538,3.7238192558288574,5.4836273193359375e-06
18,18,80,2.9297897815704346,2.9298603534698486,7.05718994140625e-05
18,19,80,2.5255050659179688,2.5238828659057617,-0.0016222000122070312
19,0,80,3.4165947437286377,3.4167914390563965,0.00019669532775878906
19,1,80,3.5705320835113525,3.5716466903686523,0.0011146068572998047
19,2,80,3.511489152908325,3.5107247829437256,-0.0007643699645996094
19,3,80,3.035471200942993,3.033933401107788,-0.0015377998352050781
19,4,80,2.8862557411193848,2.8864665031433105,0.00021076202392578125
19,5,80,3.438019275665283,3.438707113265991,0.0006878376007080078
19,6,80,3.3919475078582764,3.39082670211792,-0.0011208057403564453
19,7,80,3.4152350425720215,3.415278196334839,4.315376281738281e-05
19,8,80,3.153089761734009,3.1531128883361816,2.3126602172851562e-05
19,9,80,3.3304457664489746,3.3306593894958496,0.000213623046875
19,10,80,3.5688884258270264,3.5684659481048584,-0.00042247772216796875
19,11,80,3.2549588680267334,3.25464129447937,-0.00031757354736328125
19,12,80,3.4146108627319336,3.4162445068359375,0.0016336441040039062
19,13,80,3.8476061820983887,3.846989393234253,-0.0006167888641357422
19,14,80,3.657538414001465,3.658949851989746,0.00141143798828125
19,15,80,3.587043523788452,3.587688684463501,0.0006451606750488281
19,16,80,3.9502198696136475,3.9507994651794434,0.0005795955657958984
19,17,80,3.723813772201538,3.7250516414642334,0.0012378692626953125
19,18,80,2.9297897815704346,2.929969072341919,0.000179290771484375
19,19,80,2.5255050659179688,2.5254645347595215,-4.0531158447265625e-05
20,0,80,3.4165947437286377,3.416640043258667,4.5299530029296875e-05
20,1,80,3.5705320835113525,3.570488691329956,-4.3392181396484375e-05
20,2,80,3.511489152908325,3.5122900009155273,0.0008008480072021484
20,3,80,3.035471200942993,3.0351619720458984,-0.00030922889709472656
20,4,80,2.8862557411193848,2.885161876678467,-0.0010938644409179688
20,5,80,3.438019275665283,3.4381492137908936,0.00012993812561035156
20,6,80,3.3919475078582764,3.3914120197296143,-0.0005354881286621094
20,7,80,3.4152350425720215,3.4147541522979736,-0.00048089027404785156
20,8,80,3.153089761734009,3.15494966506958,0.001859903335571289
20,9,80,3.3304457664489746,3.3299407958984375,-0.0005049705505371094
20,10,80,3.5688884258270264,3.570136785507202,0.0012483596801757812
20,11,80,3.2549588680267334,3.255000352859497,4.1484832763671875e-05
20,12,80,3.4146108627319336,3.4137766361236572,-0.0008342266082763672
20,13,80,3.8476061820983887,3.846932888031006,-0.0006732940673828125
20,14,80,3.657538414001465,3.65625,-0.0012884140014648438
20,15,80,3.587043523788452,3.586127519607544,-0.0009160041809082031
20,16,80,3.9502198696136475,3.949732542037964,-0.00048732757568359375
20,17,80,3.723813772201538,3.721423625946045,-0.002390146255493164
20,18,80,2.9297897815704346,2.9319496154785156,0.0021598339080810547
20,19,80,2.5255050659179688,2.527888298034668,0.0023832321166992188
21,0,80,3.4165947437286377,3.4186925888061523,0.0020978450775146484
21,1,80,3.5705320835113525,3.5703978538513184,-0.0001342296600341797
21,2,80,3.511489152908325,3.511706829071045,0.00021767616271972656
21,3,80,3.035471200942993,3.036318778991699,0.0008475780487060547
21,4,80,2.8862557411193848,2.8882267475128174,0.001971006393432617
21,5,80,3.438019275665283,3.440619945526123,0.0026006698608398438
21,6,80,3.3919475078582764,3.394596815109253,0.0026493072509765625
21,7,80,3.4152350425720215,3.414048671722412,-0.001186370849609375
21,8,80,3.153089761734009,3.154189109802246,0.0010993480682373047
21,9,80,3.3304457664489746,3.331183910369873,0.0007381439208984375
21,10,80,3.5688884258270264,3.5708224773406982,0.001934051513671875
21,11,80,3.2549588680267334,3.25464129447937,-0.00031757354736328125
21,12,80,3.4146108627319336,3.41456937789917,-4.1484832763671875e-05
21,13,80,3.8476061820983887,3.847291946411133,-0.0003142356872558594
21,14,80,3.657538414001465,3.656270742416382,-0.0012676715850830078
21,15,80,3.587043523788452,3.587034225463867,-9.298324584960938e-06
21,16,80,3.9502198696136475,3.950101375579834,-0.00011849403381347656
21,17,80,3.723813772201538,3.7237324714660645,-8.130073547363281e-05
21,18,80,2.9297897815704346,2.927950382232666,-0.0018393993377685547
21,19,80,2.5255050659179688,2.525998592376709,0.0004935264587402344
22,0,80,3.4165947437286377,3.4158496856689453,-0.0007450580596923828
22,1,80,3.5705320835113525,3.570089817047119,-0.00044226646423339844
22,2,80,3.511489152908325,3.51153302192688,4.38690185546875e-05
22,3,80,3.035471200942993,3.0351850986480713,-0.000286102294921875
22,4,80,2.8862557411193848,2.886608362197876,0.00035262107849121094
22,5,80,3.438019275665283,3.438873291015625,0.0008540153503417969
22,6,80,3.3919475078582764,3.391385793685913,-0.0005617141723632812
22,7,80,3.4152350425720215,3.4150519371032715,-0.00018310546875
22,8,80,3.153089761734009,3.154677152633667,0.0015873908996582031
22,9,80,3.3304457664489746,3.331259250640869,0.0008134841918945312
22,10,80,3.5688884258270264,3.569697380065918,0.0008089542388916016
22,11,80,3.2549588680267334,3.2553038597106934,0.00034499168395996094
22,12,80,3.4146108627319336,3.414231300354004,-0.0003795623779296875
22,13,80,3.8476061820983887,3.8449389934539795,-0.0026671886444091797
22,14,80,3.657538414001465,3.6568400859832764,-0.0006983280181884766
22,15,80,3.587043523788452,3.589081287384033,0.0020377635955810547
22,16,80,3.9502198696136475,3.951723098754883,0.0015032291412353516
22,17,80,3.723813772201538,3.7262744903564453,0.0024607181549072266
22,18,80,2.9297897815704346,2.9296367168426514,-0.00015306472778320312
22,19,80,2.5255050659179688,2.528693675994873,0.003188610076904297
23,0,80,3.4165947437286377,3.4169278144836426,0.0003330707550048828
23,1,80,3.5705320835113525,3.5718257427215576,0.0012936592102050781
23,2,80,3.511489152908325,3.5128564834594727,0.001367330551147461
23,3,80,3.035471200942993,3.0379586219787598,0.0024874210357666016
23,4,80,2.8862557411193848,2.8873138427734375,0.0010581016540527344
23,5,80,3.438019275665283,3.4405808448791504,0.0025615692138671875
23,6,80,3.3919475078582764,3.3924686908721924,0.0005211830139160156
23,7,80,3.4152350425720215,3.4146859645843506,-0.0005490779876708984
23,8,80,3.153089761734009,3.154959201812744,0.0018694400787353516
23,9,80,3.3304457664489746,3.3307032585144043,0.0002574920654296875
23,10,80,3.5688884258270264,3.570159912109375,0.0012714862823486328
23,11,80,3.2549588680267334,3.2536985874176025,-0.0012602806091308594
23,12,80,3.4146108627319336,3.414555072784424,-5.5789947509765625e-05
23,13,80,3.8476061820983887,3.847587823867798,-1.8358230590820312e-05
23,14,80,3.657538414001465,3.6576504707336426,0.00011205673217773438
23,15,80,3.587043523788452,3.585608720779419,-0.0014348030090332031
23,16,80,3.9502198696136475,3.9495151042938232,-0.0007047653198242188
23,17,80,3.723813772201538,3.728177309036255,0.004363536834716797
23,18,80,2.9297897815704346,2.927652597427368,-0.0021371841430664062
23,19,80,2.5255050659179688,2.525216579437256,-0.0002884864807128906
24,0,80,3.4165947437286377,3.416531562805176,-6.318092346191406e-05
24,1,80,3.5705320835113525,3.570896625518799,0.00036454200744628906
24,2,80,3.511489152908325,3.511849880218506,0.00036072731018066406
24,3,80,3.035471200942993,3.035863161087036,0.00039196014404296875
24,4,80,2.8862557411193848,2.8874542713165283,0.0011985301971435547
24,5,80,3.438019275665283,3.438328742980957,0.0003094673156738281
24,6,80,3.3919475078582764,3.392484188079834,0.0005366802215576172
24,7,80,3.4152350425720215,3.4160168170928955,0.0007817745208740234
24,8,80,3.153089761734009,3.1530075073242188,-8.225440979003906e-05
24,9,80,3.3304457664489746,3.3305869102478027,0.000141143798828125
24,10,80,3.5688884258270264,3.5683090686798096,-0.0005793571472167969
24,11,80,3.2549588680267334,3.2557871341705322,0.0008282661437988281
24,12,80,3.4146108627319336,3.416846990585327,0.0022361278533935547
24,13,80,3.8476061820983887,3.8472628593444824,-0.00034332275390625
24,14,80,3.657538414001465,3.6584770679473877,0.0009386539459228516
24,15,80,3.587043523788452,3.5872552394866943,0.0002117156982421875
24,16,80,3.9502198696136475,3.950716972351074,0.0004971027374267578
24,17,80,3.723813772201538,3.7229442596435547,-0.0008695125579833984
24,18,80,2.9297897815704346,2.9291837215423584,-0.0006060600280761719
24,19,80,2.5255050659179688,2.5240681171417236,-0.0014369487762451172
25,0,80,3.4165947437286377,3.416351556777954,-0.00024318695068359375
25,1,80,3.5705320835113525,3.5710413455963135,0.0005092620849609375
25,2,80,3.511489152908325,3.5099003314971924,-0.0015888214111328125
25,3,80,3.035471200942993,3.0358126163482666,0.0003414154052734375
25,4,80,2.8862557411193848,2.8849375247955322,-0.001318216323852539
25,5,80,3.438019275665283,3.440749168395996,0.0027298927307128906
25,6,80,3.3919475078582764,3.3923139572143555,0.00036644935607910156
25,7,80,3.4152350425720215,3.4152801036834717,4.506111145019531e-05
25,8,80,3.153089761734009,3.1536285877227783,0.0005388259887695312
25,9,80,3.3304457664489746,3.3298778533935547,-0.0005679130554199219
25,10,80,3.5688884258270264,3.5683703422546387,-0.0005180835723876953
25,11,80,3.2549588680267334,3.256686210632324,0.0017273426055908203
25,12,80,3.4146108627319336,3.4173130989074707,0.0027022361755371094
25,13,80,3.8476061820983887,3.8464479446411133,-0.0011582374572753906
25,14,80,3.657538414001465,3.6582906246185303,0.0007522106170654297
25,15,80,3.587043523788452,3.588982343673706,0.0019388198852539062
25,16,80,3.9502198696136475,3.952152729034424,0.0019328594207763672
25,17,80,3.723813772201538,3.7224040031433105,-0.001409769058227539
25,18,80,2.9297897815704346,2.9289302825927734,-0.0008594989776611328
25,19,80,2.5255050659179688,2.524888753890991,-0.0006163120269775391
26,0,80,3.4165947437286377,3.416139841079712,-0.00045490264892578125
26,1,80,3.5705320835113525,3.570768117904663,0.00023603439331054688
26,2,80,3.511489152908325,3.510345220565796,-0.0011439323425292969
26,3,80,3.035471200942993,3.03543758392334,-3.361701965332031e-05
26,4,80,2.8862557411193848,2.885854721069336,-0.0004010200500488281
26,5,80,3.438019275665283,3.437939405441284,-7.987022399902344e-05
26,6,80,3.3919475078582764,3.39196515083313,1.7642974853515625e-05
26,7,80,3.4152350425720215,3.414290189743042,-0.0009448528289794922
26,8,80,3.153089761734009,3.152649164199829,-0.0004405975341796875
26,9,80,3.3304457664489746,3.331599712371826,0.0011539459228515625
26,10,80,3.5688884258270264,3.5714921951293945,0.002603769302368164
26,11,80,3.2549588680267334,3.25414776802063,-0.0008111000061035156
26,12,80,3.4146108627319336,3.4152767658233643,0.0006659030914306641
26,13,80,3.8476061820983887,3.8478832244873047,0.0002770423889160156
26,14,80,3.657538414001465,3.6571402549743652,-0.0003981590270996094
26,15,80,3.587043523788452,3.587728500366211,0.0006849765777587891
26,16,80,3.9502198696136475,3.9508979320526123,0.0006780624389648438
26,17,80,3.723813772201538,3.7219622135162354,-0.0018515586853027344
26,18,80,2.9297897815704346,2.9289448261260986,-0.0008449554443359375
26,19,80,2.5255050659179688,2.525521755218506,1.6689300537109375e-05
27,0,80,3.4165947437286377,3.4169487953186035,0.0003540515899658203
27,1,80,3.5705320835113525,3.5705034732818604,-2.86102294921875e-05
27,2,80,3.511489152908325,3.510545492172241,-0.0009436607360839844
27,3,80,3.035471200942993,3.0348994731903076,-0.0005717277526855469
27,4,80,2.8862557411193848,2.886963129043579,0.0007073879241943359
27,5,80,3.438019275665283,3.4378676414489746,-0.00015163421630859375
27,6,80,3.3919475078582764,3.3923537731170654,0.0004062652587890625
27,7,80,3.4152350425720215,3.4148099422454834,-0.00042510032653808594
27,8,80,3.153089761734009,3.1516075134277344,-0.001482248306274414
27,9,80,3.3304457664489746,3.329885959625244,-0.0005598068237304688
27,10,80,3.5688884258270264,3.569030284881592,0.0001418590545654297
27,11,80,3.2549588680267334,3.2558345794677734,0.0008757114410400391
27,12,80,3.4146108627319336,3.4173574447631836,0.00274658203125
27,13,80,3.8476061820983887,3.847288131713867,-0.0003180503845214844
27,14,80,3.657538414001465,3.6576225757598877,8.416175842285156e-05
27,15,80,3.587043523788452,3.5858426094055176,-0.0012009143829345703
27,16,80,3.9502198696136475,3.948551893234253,-0.0016679763793945312
27,17,80,3.723813772201538,3.7224817276000977,-0.0013320446014404297
27,18,80,2.9297897815704346,2.9311084747314453,0.0013186931610107422
27,19,80,2.5255050659179688,2.5253875255584717,-0.00011754035949707031
28,0,80,3.4165947437286377,3.417409658432007,0.0008149147033691406
28,1,80,3.5705320835113525,3.5718088150024414,0.0012767314910888672
28,2,80,3.511489152908325,3.5116212368011475,0.00013208389282226562
28,3,80,3.035471200942993,3.035285711288452,-0.00018548965454101562
28,4,80,2.8862557411193848,2.886305093765259,4.935264587402344e-05
28,5,80,3.438019275665283,3.4393513202667236,0.0013320446014404297
28,6,80,3.3919475078582764,3.3936538696289062,0.0017063617706298828
28,7,80,3.4152350425720215,3.415928602218628,0.0006935596466064453
28,8,80,3.153089761734009,3.1548783779144287,0.0017886161804199219
28,9,80,3.3304457664489746,3.3315207958221436,0.0010750293731689453
28,10,80,3.5688884258270264,3.569253444671631,0.0003650188446044922
28,11,80,3.2549588680267334,3.2540438175201416,-0.0009150505065917969
28,12,80,3.4146108627319336,3.4142532348632812,-0.00035762786865234375
28,13,80,3.8476061820983887,3.8463175296783447,-0.0012886524200439453
28,14,80,3.657538414001465,3.6575613021850586,2.288818359375e-05
28,15,80,3.587043523788452,3.5889341831207275,0.0018906593322753906
28,16,80,3.9502198696136475,3.949141502380371,-0.0010783672332763672
28,17,80,3.723813772201538,3.7255964279174805,0.0017826557159423828
28,18,80,2.9297897815704346,2.928365468978882,-0.0014243125915527344
28,19,80,2.5255050659179688,2.5245792865753174,-0.0009257793426513672
29,0,80,3.4165947437286377,3.4168848991394043,0.00029015541076660156
29,1,80,3.5705320835113525,3.5697503089904785,-0.0007817745208740234
29,2,80,3.511489152908325,3.510432004928589,-0.0010571479797363281
29,3,80,3.035471200942993,3.0351319313049316,-0.00033926963806152344
29,4,80,2.8862557411193848,2.886429786682129,0.00017404556274414062
29,5,80,3.438019275665283,3.438955545425415,0.0009362697601318359
29,6,80,3.3919475078582764,3.3919360637664795,-1.1444091796875e-05
29,7,80,3.4152350425720215,3.4158072471618652,0.00057220458984375
29,8,80,3.153089761734009,3.1523730754852295,-0.0007166862487792969
29,9,80,3.3304457664489746,3.3310139179229736,0.0005681514739990234
29,10,80,3.5688884258270264,3.567899703979492,-0.0009887218475341797
29,11,80,3.2549588680267334,3.252826452255249,-0.002132415771484375
29,12,80,3.4146108627319336,3.416525363922119,0.0019145011901855469
29,13,80,3.8476061820983887,3.8480095863342285,0.00040340423583984375
29,14,80,3.657538414001465,3.657270669937134,-0.0002677440643310547
29,15,80,3.587043523788452,3.586202621459961,-0.0008409023284912109
29,16,80,3.9502198696136475,3.9515204429626465,0.0013005733489990234
29,17,80,3.723813772201538,3.7256593704223633,0.0018455982208251953
29,18,80,2.9297897815704346,2.9280648231506348,-0.0017249584197998047
29,19,80,2.5255050659179688,2.525312900543213,-0.00019216537475585938
30,0,80,3.4165947437286377,3.418264865875244,0.0016701221466064453
30,1,80,3.5705320835113525,3.571373462677002,0.0008413791656494141
30,2,80,3.511489152908325,3.510397434234619,-0.0010917186737060547
30,3,80,3.035471200942993,3.0364246368408203,0.0009534358978271484
30,4,80,2.8862557411193848,2.8856570720672607,-0.0005986690521240234
30,5,80,3.438019275665283,3.4372849464416504,-0.0007343292236328125
30,6,80,3.3919475078582764,3.3900580406188965,-0.0018894672393798828
30,7,80,3.4152350425720215,3.414124011993408,-0.0011110305786132812
30,8,80,3.153089761734009,3.153132438659668,4.267692565917969e-05
30,9,80,3.3304457664489746,3.3303186893463135,-0.0001270771026611328
30,10,80,3.5688884258270264,3.568279266357422,-0.0006091594696044922
30,11,80,3.2549588680267334,3.256197929382324,0.0012390613555908203
30,12,80,3.4146108627319336,3.4156036376953125,0.0009927749633789062
30,13,80,3.8476061820983887,3.847946882247925,0.0003407001495361328
30,14,80,3.657538414001465,3.6566286087036133,-0.0009098052978515625
30,15,80,3.587043523788452,3.5867326259613037,-0.0003108978271484375
30,16,80,3.9502198696136475,3.9501521587371826,-6.771087646484375e-05
30,17,80,3.723813772201538,3.7244412899017334,0.0006275177001953125
30,18,80,2.9297897815704346,2.928895950317383,-0.0008938312530517578
30,19,80,2.5255050659179688,2.524116039276123,-0.0013890266418457031
31,0,80,3.4165947437286377,3.415748119354248,-0.0008466243743896484
31,1,80,3.5705320835113525,3.570115566253662,-0.0004165172576904297
31,2,80,3.511489152908325,3.5162971019744873,0.004807949066162109
31,3,80,3.035471200942993,3.036057949066162,0.0005867481231689453
31,4,80,2.8862557411193848,2.8846185207366943,-0.0016372203826904297
31,5,80,3.438019275665283,3.4409334659576416,0.0029141902923583984
31,6,80,3.3919475078582764,3.393934488296509,0.001986980438232422
31,7,80,3.4152350425720215,3.4175374507904053,0.002302408218383789
31,8,80,3.153089761734009,3.1547954082489014,0.0017056465148925781
31,9,80,3.3304457664489746,3.331897020339966,0.001451253890991211
31,10,80,3.5688884258270264,3.5696520805358887,0.0007636547088623047
31,11,80,3.2549588680267334,3.2542028427124023,-0.0007560253143310547
31,12,80,3.4146108627319336,3.414266586303711,-0.00034427642822265625
31,13,80,3.8476061820983887,3.844686508178711,-0.0029196739196777344
31,14,80,3.657538414001465,3.658421039581299,0.0008826255798339844
31,15,80,3.587043523788452,3.5862698554992676,-0.0007736682891845703
31,16,80,3.9502198696136475,3.9497487545013428,-0.0004711151123046875
31,17,80,3.723813772201538,3.7228751182556152,-0.0009386539459228516
31,18,80,2.9297897815704346,2.9296648502349854,-0.00012493133544921875
31,19,80,2.5255050659179688,2.525183916091919,-0.0003211498260498047
32,0,80,3.4165947437286377,3.41614031791687,-0.0004544258117675781
32,1,80,3.5705320835113525,3.571131706237793,0.0005996227264404297
32,2,80,3.511489152908325,3.5121917724609375,0.0007026195526123047
32,3,80,3.035471200942993,3.034846782684326,-0.0006244182586669922
32,4,80,2.8862557411193848,2.885523796081543,-0.0007319450378417969
32,5,80,3.438019275665283,3.43795108795166,-6.818771362304688e-05
32,6,80,3.3919475078582764,3.392249584197998,0.0003020763397216797
32,7,80,3.4152350425720215,3.4155805110931396,0.00034546852111816406
32,8,80,3.153089761734009,3.1518940925598145,-0.001195669174194336
32,9,80,3.3304457664489746,3.331134796142578,0.0006890296936035156
32,10,80,3.5688884258270264,3.5684304237365723,-0.00045800209045410156
32,11,80,3.2549588680267334,3.2542502880096436,-0.0007085800170898438
32,12,80,3.4146108627319336,3.4155540466308594,0.0009431838989257812
32,13,80,3.8476061820983887,3.8457417488098145,-0.0018644332885742188
32,14,80,3.657538414001465,3.6603281497955322,0.002789735794067383
32,15,80,3.587043523788452,3.586341381072998,-0.0007021427154541016
32,16,80,3.9502198696136475,3.9502460956573486,2.6226043701171875e-05
32,17,80,3.723813772201538,3.7227044105529785,-0.0011093616485595703
32,18,80,2.9297897815704346,2.929292678833008,-0.0004971027374267578
32,19,80,2.5255050659179688,2.5271108150482178,0.0016057491302490234
33,0,80,3.4165947437286377,3.417262554168701,0.0006678104400634766
33,1,80,3.5705320835113525,3.5708723068237305,0.0003402233123779297
33,2,80,3.511489152908325,3.5136284828186035,0.0021393299102783203
33,3,80,3.035471200942993,3.0354650020599365,-6.198883056640625e-06
33,4,80,2.8862557411193848,2.886967182159424,0.0007114410400390625
33,5,80,3.438019275665283,3.437704086303711,-0.0003151893615722656
33,6,80,3.3919475078582764,3.3910248279571533,-0.0009226799011230469
33,7,80,3.4152350425720215,3.41512393951416,-0.00011110305786132812
33,8,80,3.153089761734009,3.153444766998291,0.00035500526428222656
33,9,80,3.3304457664489746,3.329040050506592,-0.0014057159423828125
33,10,80,3.5688884258270264,3.569035768508911,0.00014734268188476562
33,11,80,3.2549588680267334,3.253999710083008,-0.0009591579437255859
33,12,80,3.4146108627319336,3.4149651527404785,0.0003542900085449219
33,13,80,3.8476061820983887,3.8467109203338623,-0.0008952617645263672
33,14,80,3.657538414001465,3.658968210220337,0.0014297962188720703
33,15,80,3.587043523788452,3.5856785774230957,-0.0013649463653564453
33,16,80,3.9502198696136475,3.9491465091705322,-0.0010733604431152344
33,17,80,3.723813772201538,3.7232065200805664,-0.0006072521209716797
33,18,80,2.9297897815704346,2.9295051097869873,-0.0002846717834472656
33,19,80,2.5255050659179688,2.523798704147339,-0.0017063617706298828
34,0,80,3.4165947437286377,3.4159162044525146,-0.0006785392761230469
34,1,80,3.5705320835113525,3.5709939002990723,0.00046181678771972656
34,2,80,3.511489152908325,3.51168155670166,0.00019240379333496094
34,3,80,3.035471200942993,3.0353758335113525,-9.5367431640625e-05
34,4,80,2.8862557411193848,2.8852717876434326,-0.0009839534759521484
34,5,80,3.438019275665283,3.437674045562744,-0.0003452301025390625
34,6,80,3.3919475078582764,3.391256332397461,-0.0006911754608154297
34,7,80,3.4152350425720215,3.4148168563842773,-0.0004181861877441406
34,8,80,3.153089761734009,3.1540474891662598,0.0009577274322509766
34,9,80,3.3304457664489746,3.3311469554901123,0.0007011890411376953
34,10,80,3.5688884258270264,3.567936420440674,-0.0009520053863525391
34,11,80,3.2549588680267334,3.254220724105835,-0.0007381439208984375
34,12,80,3.4146108627319336,3.4142305850982666,-0.0003802776336669922
34,13,80,3.8476061820983887,3.847566604614258,-3.9577484130859375e-05
34,14,80,3.657538414001465,3.657728910446167,0.00019049644470214844
34,15,80,3.587043523788452,3.5880661010742188,0.0010225772857666016
34,16,80,3.9502198696136475,3.9504096508026123,0.00018978118896484375
34,17,80,3.723813772201538,3.724200963973999,0.0003871917724609375
34,18,80,2.9297897815704346,2.9306867122650146,0.0008969306945800781
34,19,80,2.5255050659179688,2.5273032188415527,0.0017981529235839844
35,0,80,3.4165947437286377,3.4157369136810303,-0.0008578300476074219
35,1,80,3.5705320835113525,3.571043014526367,0.0005109310150146484
35,2,80,3.511489152908325,3.510673761367798,-0.0008153915405273438
35,3,80,3.035471200942993,3.0352282524108887,-0.0002429485321044922
35,4,80,2.8862557411193848,2.885953426361084,-0.00030231475830078125
35,5,80,3.438019275665283,3.438154458999634,0.00013518333435058594
35,6,80,3.3919475078582764,3.3908121585845947,-0.0011353492736816406
35,7,80,3.4152350425720215,3.4157514572143555,0.0005164146423339844
35,8,80,3.153089761734009,3.1531083583831787,1.8596649169921875e-05
35,9,80,3.3304457664489746,3.329514741897583,-0.0009310245513916016
35,10,80,3.5688884258270264,3.5681779384613037,-0.0007104873657226562
35,11,80,3.2549588680267334,3.2563652992248535,0.0014064311981201172
35,12,80,3.4146108627319336,3.4142205715179443,-0.0003902912139892578
35,13,80,3.8476061820983887,3.8479740619659424,0.00036787986755371094
35,14,80,3.657538414001465,3.658648729324341,0.0011103153228759766
35,15,80,3.587043523788452,3.5869743824005127,-6.914138793945312e-05
35,16,80,3.9502198696136475,3.9519035816192627,0.0016837120056152344
35,17,80,3.723813772201538,3.7228200435638428,-0.0009937286376953125
35,18,80,2.9297897815704346,2.9305176734924316,0.0007278919219970703
35,19,80,2.5255050659179688,2.525425672531128,-7.939338684082031e-05
36,0,80,3.4165947437286377,3.4172098636627197,0.0006151199340820312
36,1,80,3.5705320835113525,3.5703155994415283,-0.00021648406982421875
36,2,80,3.511489152908325,3.5111477375030518,-0.0003414154052734375
36,3,80,3.035471200942993,3.0359861850738525,0.000514984130859375
36,4,80,2.8862557411193848,2.886030912399292,-0.00022482872009277344
36,5,80,3.438019275665283,3.4366657733917236,-0.0013535022735595703
36,6,80,3.3919475078582764,3.391331434249878,-0.0006160736083984375
36,7,80,3.4152350425720215,3.4161994457244873,0.0009644031524658203
36,8,80,3.153089761734009,3.1524906158447266,-0.0005991458892822266
36,9,80,3.3304457664489746,3.329233169555664,-0.0012125968933105469
36,10,80,3.5688884258270264,3.568791389465332,-9.703636169433594e-05
36,11,80,3.2549588680267334,3.2524871826171875,-0.0024716854095458984
36,12,80,3.4146108627319336,3.415976047515869,0.0013651847839355469
36,13,80,3.8476061820983887,3.8461623191833496,-0.0014438629150390625
36,14,80,3.657538414001465,3.657519578933716,-1.8835067749023438e-05
36,15,80,3.587043523788452,3.5858986377716064,-0.0011448860168457031
36,16,80,3.9502198696136475,3.9503517150878906,0.00013184547424316406
36,17,80,3.723813772201538,3.722555160522461,-0.0012586116790771484
36,18,80,2.9297897815704346,2.928605318069458,-0.0011844635009765625
36,19,80,2.5255050659179688,2.5249156951904297,-0.0005893707275390625
37,0,80,3.4165947437286377,3.415849447250366,-0.0007452964782714844
37,1,80,3.5705320835113525,3.5702080726623535,-0.00032401084899902344
37,2,80,3.511489152908325,3.5087125301361084,-0.002776622772216797
37,3,80,3.035471200942993,3.0362377166748047,0.0007665157318115234
37,4,80,2.8862557411193848,2.883924961090088,-0.002330780029296875
37,5,80,3.438019275665283,3.4360835552215576,-0.001935720443725586
37,6,80,3.3919475078582764,3.3927664756774902,0.0008189678192138672
37,7,80,3.4152350425720215,3.412764072418213,-0.0024709701538085938
37,8,80,3.153089761734009,3.1547069549560547,0.0016171932220458984
37,9,80,3.3304457664489746,3.3296613693237305,-0.0007843971252441406
37,10,80,3.5688884258270264,3.567373037338257,-0.0015153884887695312
37,11,80,3.2549588680267334,3.252963066101074,-0.0019958019256591797
37,12,80,3.4146108627319336,3.4131336212158203,-0.0014772415161132812
37,13,80,3.8476061820983887,3.8448221683502197,-0.0027840137481689453
37,14,80,3.657538414001465,3.658175230026245,0.0006368160247802734
37,15,80,3.587043523788452,3.5877864360809326,0.0007429122924804688
37,16,80,3.9502198696136475,3.949845790863037,-0.00037407875061035156
37,17,80,3.723813772201538,3.726045608520508,0.0022318363189697266
37,18,80,2.9297897815704346,2.927232503890991,-0.0025572776794433594
37,19,80,2.5255050659179688,2.5275464057922363,0.002041339874267578
38,0,80,3.4165947437286377,3.4163389205932617,-0.00025582313537597656
38,1,80,3.5705320835113525,3.570157766342163,-0.0003743171691894531
38,2,80,3.511489152908325,3.510371208190918,-0.0011179447174072266
38,3,80,3.035471200942993,3.0360660552978516,0.0005948543548583984
38,4,80,2.8862557411193848,2.884889841079712,-0.0013659000396728516
38,5,80,3.438019275665283,3.436535358428955,-0.001483917236328125
38,6,80,3.3919475078582764,3.3917922973632812,-0.0001552104949951172
38,7,80,3.4152350425720215,3.4157469272613525,0.0005118846893310547
38,8,80,3.153089761734009,3.153773069381714,0.0006833076477050781
38,9,80,3.3304457664489746,3.33015775680542,-0.0002880096435546875
38,10,80,3.5688884258270264,3.5695478916168213,0.0006594657897949219
38,11,80,3.2549588680267334,3.255411148071289,0.00045228004455566406
38,12,80,3.4146108627319336,3.4137933254241943,-0.0008175373077392578
38,13,80,3.8476061820983887,3.8463358879089355,-0.001270294189453125
38,14,80,3.657538414001465,3.656475305557251,-0.0010631084442138672
38,15,80,3.587043523788452,3.5870354175567627,-8.106231689453125e-06
38,16,80,3.9502198696136475,3.9498603343963623,-0.00035953521728515625
38,17,80,3.723813772201538,3.7220118045806885,-0.0018019676208496094
38,18,80,2.9297897815704346,2.934640884399414,0.004851102828979492
38,19,80,2.5255050659179688,2.5351688861846924,0.009663820266723633
39,0,80,3.4165947437286377,3.4166476726531982,5.2928924560546875e-05
39,1,80,3.5705320835113525,3.570486307144165,-4.57763671875e-05
39,2,80,3.511489152908325,3.5116147994995117,0.00012564659118652344
39,3,80,3.035471200942993,3.035374641418457,-9.655952453613281e-05
39,4,80,2.8862557411193848,2.8853981494903564,-0.0008575916290283203
39,5,80,3.438019275665283,3.438668727874756,0.0006494522094726562
39,6,80,3.3919475078582764,3.3928208351135254,0.0008733272552490234
39,7,80,3.4152350425720215,3.4180562496185303,0.002821207046508789
39,8,80,3.153089761734009,3.1535544395446777,0.0004646778106689453
39,9,80,3.3304457664489746,3.331479787826538,0.0010340213775634766
39,10,80,3.5688884258270264,3.569913387298584,0.0010249614715576172
39,11,80,3.2549588680267334,3.2560291290283203,0.001070261001586914
39,12,80,3.4146108627319336,3.414116382598877,-0.0004944801330566406
39,13,80,3.8476061820983887,3.8473379611968994,-0.0002682209014892578
39,14,80,3.657538414001465,3.6578965187072754,0.0003581047058105469
39,15,80,3.587043523788452,3.5873208045959473,0.0002772808074951172
39,16,80,3.9502198696136475,3.951418399810791,0.0011985301971435547
39,17,80,3.723813772201538,3.7263479232788086,0.002534151077270508
39,18,80,2.9297897815704346,2.9285671710968018,-0.0012226104736328125
39,19,80,2.5255050659179688,2.5257060527801514,0.0002009868621826172
40,0,80,3.4165947437286377,3.413388252258301,-0.003206491470336914
40,1,80,3.5705320835113525,3.5694196224212646,-0.0011124610900878906
40,2,80,3.511489152908325,3.508967876434326,-0.0025212764739990234
40,3,80,3.035471200942993,3.0368447303771973,0.0013735294342041016
40,4,80,2.8862557411193848,2.884697675704956,-0.001558065414428711
40,5,80,3.438019275665283,3.4386849403381348,0.0006656646728515625
40,6,80,3.3919475078582764,3.391089916229248,-0.0008575916290283203
40,7,80,3.4152350425720215,3.4143803119659424,-0.0008547306060791016
40,8,80,3.153089761734009,3.1512629985809326,-0.0018267631530761719
40,9,80,3.3304457664489746,3.3278064727783203,-0.002639293670654297
40,10,80,3.5688884258270264,3.5663540363311768,-0.0025343894958496094
40,11,80,3.2549588680267334,3.2575578689575195,0.002599000930786133
40,12,80,3.4146108627319336,3.4128284454345703,-0.0017824172973632812
40,13,80,3.8476061820983887,3.843398094177246,-0.004208087921142578
40,14,80,3.657538414001465,3.6559410095214844,-0.0015974044799804688
40,15,80,3.587043523788452,3.5865797996520996,-0.00046372413635253906
40,16,80,3.9502198696136475,3.9523391723632812,0.002119302749633789
40,17,80,3.723813772201538,3.7205188274383545,-0.0032949447631835938
40,18,80,2.9297897815704346,2.9281091690063477,-0.001680612564086914
40,19,80,2.5255050659179688,2.523836135864258,-0.0016689300537109375
41,0,80,3.4165947437286377,3.41615891456604,-0.00043582916259765625
41,1,80,3.5705320835113525,3.5701377391815186,-0.0003943443298339844
41,2,80,3.511489152908325,3.5111443996429443,-0.0003447532653808594
41,3,80,3.035471200942993,3.0346367359161377,-0.0008344650268554688
41,4,80,2.8862557411193848,2.8871991634368896,0.0009434223175048828
41,5,80,3.438019275665283,3.44016695022583,0.002147674560546875
41,6,80,3.3919475078582764,3.393813133239746,0.0018656253814697266
41,7,80,3.4152350425720215,3.4157211780548096,0.00048613548278808594
41,8,80,3.153089761734009,3.153402805328369,0.00031304359436035156
41,9,80,3.3304457664489746,3.330738067626953,0.0002923011779785156
41,10,80,3.5688884258270264,3.5672028064727783,-0.0016856193542480469
41,11,80,3.2549588680267334,3.253803253173828,-0.0011556148529052734
41,12,80,3.4146108627319336,3.415771245956421,0.0011603832244873047
41,13,80,3.8476061820983887,3.8464558124542236,-0.001150369644165039
41,14,80,3.657538414001465,3.658238172531128,0.0006997585296630859
41,15,80,3.587043523788452,3.5881333351135254,0.0010898113250732422
41,16,80,3.9502198696136475,3.949087142944336,-0.0011327266693115234
41,17,80,3.723813772201538,3.7251052856445312,0.001291513442993164
41,18,80,2.9297897815704346,2.92775297164917,-0.0020368099212646484
41,19,80,2.5255050659179688,2.525141954421997,-0.0003631114959716797
42,0,80,3.4165947437286377,3.4166581630706787,6.341934204101562e-05
42,1,80,3.5705320835113525,3.5714950561523438,0.0009629726409912109
42,2,80,3.511489152908325,3.5129826068878174,0.0014934539794921875
42,3,80,3.035471200942993,3.0347225666046143,-0.0007486343383789062
42,4,80,2.8862557411193848,2.8873136043548584,0.0010578632354736328
42,5,80,3.438019275665283,3.4403626918792725,0.002343416213989258
42,6,80,3.3919475078582764,3.392080783843994,0.00013327598571777344
42,7,80,3.4152350425720215,3.4159963130950928,0.0007612705230712891
42,8,80,3.153089761734009,3.153447151184082,0.0003573894500732422
42,9,80,3.3304457664489746,3.329927921295166,-0.0005178451538085938
42,10,80,3.5688884258270264,3.5683183670043945,-0.0005700588226318359
42,11,80,3.2549588680267334,3.2565102577209473,0.0015513896942138672
42,12,80,3.4146108627319336,3.415325164794922,0.0007143020629882812
42,13,80,3.8476061820983887,3.845625162124634,-0.001981019973754883
42,14,80,3.657538414001465,3.6585052013397217,0.0009667873382568359
42,15,80,3.587043523788452,3.5873916149139404,0.00034809112548828125
42,16,80,3.9502198696136475,3.9510061740875244,0.0007863044738769531
42,17,80,3.723813772201538,3.724351406097412,0.0005376338958740234
42,18,80,2.9297897815704346,2.9298861026763916,9.632110595703125e-05
42,19,80,2.5255050659179688,2.5258984565734863,0.0003933906555175781
43,0,80,3.4165947437286377,3.415386438369751,-0.0012083053588867188
43,1,80,3.5705320835113525,3.5695548057556152,-0.0009772777557373047
43,2,80,3.511489152908325,3.511503219604492,1.4066696166992188e-05
43,3,80,3.035471200942993,3.0343148708343506,-0.0011563301086425781
43,4,80,2.8862557411193848,2.885374069213867,-0.0008816719055175781
43,5,80,3.438019275665283,3.439061403274536,0.0010421276092529297
43,6,80,3.3919475078582764,3.392462730407715,0.0005152225494384766
43,7,80,3.4152350425720215,3.414301872253418,-0.0009331703186035156
43,8,80,3.153089761734009,3.152944803237915,-0.00014495849609375
43,9,80,3.3304457664489746,3.330049991607666,-0.00039577484130859375
43,10,80,3.5688884258270264,3.5689098834991455,2.1457672119140625e-05
43,11,80,3.2549588680267334,3.2558441162109375,0.0008852481842041016
43,12,80,3.4146108627319336,3.4160428047180176,0.0014319419860839844
43,13,80,3.8476061820983887,3.8445329666137695,-0.0030732154846191406
43,14,80,3.657538414001465,3.657898187637329,0.0003597736358642578
43,15,80,3.587043523788452,3.585801839828491,-0.0012416839599609375
43,16,80,3.9502198696136475,3.951282262802124,0.0010623931884765625
43,17,80,3.723813772201538,3.7233009338378906,-0.0005128383636474609
43,18,80,2.9297897815704346,2.9291539192199707,-0.0006358623504638672
43,19,80,2.5255050659179688,2.526495933532715,0.0009908676147460938
44,0,80,3.4165947437286377,3.4175472259521484,0.0009524822235107422
44,1,80,3.5705320835113525,3.572061538696289,0.0015294551849365234
44,2,80,3.511489152908325,3.5119380950927734,0.0004489421844482422
44,3,80,3.035471200942993,3.0371155738830566,0.0016443729400634766
44,4,80,2.8862557411193848,2.887925863265991,0.0016701221466064453
44,5,80,3.438019275665283,3.440063953399658,0.002044677734375
44,6,80,3.3919475078582764,3.392961263656616,0.0010137557983398438
44,7,80,3.4152350425720215,3.4181108474731445,0.002875804901123047
44,8,80,3.153089761734009,3.1563527584075928,0.0032629966735839844
44,9,80,3.3304457664489746,3.3328421115875244,0.0023963451385498047
44,10,80,3.5688884258270264,3.5724990367889404,0.0036106109619140625
44,11,80,3.2549588680267334,3.255666494369507,0.0007076263427734375
44,12,80,3.4146108627319336,3.4159224033355713,0.0013115406036376953
44,13,80,3.8476061820983887,3.8478519916534424,0.00024580955505371094
44,14,80,3.657538414001465,3.658721685409546,0.0011832714080810547
44,15,80,3.587043523788452,3.5867435932159424,-0.0002999305725097656
44,16,80,3.9502198696136475,3.9512386322021484,0.0010187625885009766
44,17,80,3.723813772201538,3.7251760959625244,0.0013623237609863281
44,18,80,2.9297897815704346,2.928694486618042,-0.0010952949523925781
44,19,80,2.5255050659179688,2.5280230045318604,0.0025179386138916016
45,0,80,3.4165947437286377,3.416438102722168,-0.00015664100646972656
45,1,80,3.5705320835113525,3.570725440979004,0.0001933574676513672
45,2,80,3.511489152908325,3.512967348098755,0.0014781951904296875
45,3,80,3.035471200942993,3.0380711555480957,0.002599954605102539
45,4,80,2.8862557411193848,2.88908314704895,0.0028274059295654297
45,5,80,3.438019275665283,3.439110279083252,0.00109100341796875
45,6,80,3.3919475078582764,3.391899824142456,-4.76837158203125e-05
45,7,80,3.4152350425720215,3.4169118404388428,0.001676797866821289
45,8,80,3.153089761734009,3.153015613555908,-7.414817810058594e-05
45,9,80,3.3304457664489746,3.3314015865325928,0.0009558200836181641
45,10,80,3.5688884258270264,3.5684518814086914,-0.00043654441833496094
45,11,80,3.2549588680267334,3.2543976306915283,-0.0005612373352050781
45,12,80,3.4146108627319336,3.4162425994873047,0.0016317367553710938
45,13,80,3.8476061820983887,3.8499598503112793,0.002353668212890625
45,14,80,3.657538414001465,3.6569223403930664,-0.0006160736083984375
45,15,80,3.587043523788452,3.5866172313690186,-0.00042629241943359375
45,16,80,3.9502198696136475,3.9515490531921387,0.001329183578491211
45,17,80,3.723813772201538,3.7260773181915283,0.0022635459899902344
45,18,80,2.9297897815704346,2.9296700954437256,-0.00011968612670898438
45,19,80,2.5255050659179688,2.526085376739502,0.0005803108215332031
46,0,80,3.4165947437286377,3.416945219039917,0.0003504753112792969
46,1,80,3.5705320835113525,3.5719668865203857,0.0014348030090332031
46,2,80,3.511489152908325,3.512443780899048,0.0009546279907226562
46,3,80,3.035471200942993,3.0350639820098877,-0.00040721893310546875
46,4,80,2.8862557411193848,2.886521100997925,0.00026535987854003906
46,5,80,3.438019275665283,3.4387552738189697,0.0007359981536865234
46,6,80,3.3919475078582764,3.393178939819336,0.0012314319610595703
46,7,80,3.4152350425720215,3.417695999145508,0.002460956573486328
46,8,80,3.153089761734009,3.155552864074707,0.002463102340698242
46,9,80,3.3304457664489746,3.3315963745117188,0.0011506080627441406
46,10,80,3.5688884258270264,3.567253828048706,-0.0016345977783203125
46,11,80,3.2549588680267334,3.253009796142578,-0.0019490718841552734
46,12,80,3.4146108627319336,3.4140443801879883,-0.0005664825439453125
46,13,80,3.8476061820983887,3.8446130752563477,-0.0029931068420410156
46,14,80,3.657538414001465,3.6569159030914307,-0.0006225109100341797
46,15,80,3.587043523788452,3.586857557296753,-0.00018596649169921875
46,16,80,3.9502198696136475,3.95121693611145,0.0009970664978027344
46,17,80,3.723813772201538,3.7235875129699707,-0.0002262592315673828
46,18,80,2.9297897815704346,2.9299442768096924,0.0001544952392578125
46,19,80,2.5255050659179688,2.5263051986694336,0.0008001327514648438
47,0,80,3.4165947437286377,3.4157462120056152,-0.0008485317230224609
47,1,80,3.5705320835113525,3.571256399154663,0.0007243156433105469
47,2,80,3.511489152908325,3.512157917022705,0.0006687641143798828
47,3,80,3.035471200942993,3.0364911556243896,0.0010199546813964844
47,4,80,2.8862557411193848,2.887211322784424,0.0009555816650390625
47,5,80,3.438019275665283,3.4378342628479004,-0.0001850128173828125
47,6,80,3.3919475078582764,3.390700578689575,-0.0012469291687011719
47,7,80,3.4152350425720215,3.415780782699585,0.0005457401275634766
47,8,80,3.153089761734009,3.1526362895965576,-0.0004534721374511719
47,9,80,3.3304457664489746,3.330367088317871,-7.867813110351562e-05
47,10,80,3.5688884258270264,3.5685155391693115,-0.00037288665771484375
47,11,80,3.2549588680267334,3.254547357559204,-0.0004115104675292969
47,12,80,3.4146108627319336,3.4155313968658447,0.0009205341339111328
47,13,80,3.8476061820983887,3.84700870513916,-0.0005974769592285156
47,14,80,3.657538414001465,3.6591532230377197,0.0016148090362548828
47,15,80,3.587043523788452,3.5862555503845215,-0.0007879734039306641
47,16,80,3.9502198696136475,3.9509103298187256,0.000690460205078125
47,17,80,3.723813772201538,3.7244648933410645,0.0006511211395263672
47,18,80,2.9297897815704346,2.929267168045044,-0.000522613525390625
47,19,80,2.5255050659179688,2.52575945854187,0.0002543926239013672
48,0,80,3.4165947437286377,3.416888475418091,0.000293731689453125
48,1,80,3.5705320835113525,3.570045232772827,-0.0004868507385253906
48,2,80,3.511489152908325,3.511228322982788,-0.0002608299255371094
48,3,80,3.035471200942993,3.035508632659912,3.743171691894531e-05
48,4,80,2.8862557411193848,2.8856899738311768,-0.0005657672882080078
48,5,80,3.438019275665283,3.437347412109375,-0.0006718635559082031
48,6,80,3.3919475078582764,3.3898961544036865,-0.0020513534545898438
48,7,80,3.4152350425720215,3.414372444152832,-0.0008625984191894531
48,8,80,3.153089761734009,3.152688503265381,-0.0004012584686279297
48,9,80,3.3304457664489746,3.3307223320007324,0.0002765655517578125
48,10,80,3.5688884258270264,3.566603422164917,-0.002285003662109375
48,11,80,3.2549588680267334,3.253462314605713,-0.0014965534210205078
48,12,80,3.4146108627319336,3.4148449897766113,0.00023412704467773438
48,13,80,3.8476061820983887,3.8466598987579346,-0.0009462833404541016
48,14,80,3.657538414001465,3.658855438232422,0.0013170242309570312
48,15,80,3.587043523788452,3.5881056785583496,0.001062154769897461
48,16,80,3.9502198696136475,3.949810266494751,-0.0004096031188964844
48,17,80,3.723813772201538,3.7246787548065186,0.0008649826049804688
48,18,80,2.9297897815704346,2.92903733253479,-0.0007524490356445312
48,19,80,2.5255050659179688,2.523949384689331,-0.0015556812286376953
49,0,80,3.4165947437286377,3.4164035320281982,-0.00019121170043945312
49,1,80,3.5705320835113525,3.5701587200164795,-0.0003733634948730469
49,2,80,3.511489152908325,3.5098958015441895,-0.0015933513641357422
49,3,80,3.035471200942993,3.033778190612793,-0.0016930103302001953
49,4,80,2.8862557411193848,2.885892629623413,-0.0003631114959716797
49,5,80,3.438019275665283,3.439673900604248,0.0016546249389648438
49,6,80,3.3919475078582764,3.3906407356262207,-0.001306772232055664
49,7,80,3.4152350425720215,3.415231466293335,-3.5762786865234375e-06
49,8,80,3.153089761734009,3.15303373336792,-5.602836608886719e-05
49,9,80,3.3304457664489746,3.3305552005767822,0.00010943412780761719
49,10,80,3.5688884258270264,3.566819429397583,-0.0020689964294433594
49,11,80,3.2549588680267334,3.2569820880889893,0.0020232200622558594
49,12,80,3.4146108627319336,3.4148900508880615,0.0002791881561279297
49,13,80,3.8476061820983887,3.8497812747955322,0.0021750926971435547
49,14,80,3.657538414001465,3.657274007797241,-0.0002644062042236328
49,15,80,3.587043523788452,3.5856668949127197,-0.0013766288757324219
49,16,80,3.9502198696136475,3.949449062347412,-0.0007708072662353516
49,17,80,3.723813772201538,3.728410243988037,0.0045964717864990234
49,18,80,2.9297897815704346,2.9296202659606934,-0.00016951560974121094
49,19,80,2.5255050659179688,2.5245776176452637,-0.0009274482727050781
50,0,80,3.4165947437286377,3.415980815887451,-0.0006139278411865234
50,1,80,3.5705320835113525,3.5710818767547607,0.0005497932434082031
50,2,80,3.511489152908325,3.5118229389190674,0.0003337860107421875
50,3,80,3.035471200942993,3.035867214202881,0.0003960132598876953
50,4,80,2.8862557411193848,2.8866288661956787,0.0003731250762939453
50,5,80,3.438019275665283,3.43612003326416,-0.0018992424011230469
50,6,80,3.3919475078582764,3.3920392990112305,9.179115295410156e-05
50,7,80,3.4152350425720215,3.416469097137451,0.0012340545654296875
50,8,80,3.153089761734009,3.154754638671875,0.001664876937866211
50,9,80,3.3304457664489746,3.3302900791168213,-0.0001556873321533203
50,10,80,3.5688884258270264,3.5694456100463867,0.0005571842193603516
50,11,80,3.2549588680267334,3.255239486694336,0.00028061866760253906
50,12,80,3.4146108627319336,3.4156315326690674,0.001020669937133789
50,13,80,3.8476061820983887,3.8510730266571045,0.0034668445587158203
50,14,80,3.657538414001465,3.659471273422241,0.0019328594207763672
50,15,80,3.587043523788452,3.5867486000061035,-0.0002949237823486328
50,16,80,3.9502198696136475,3.9495866298675537,-0.00063323974609375
50,17,80,3.723813772201538,3.7230560779571533,-0.0007576942443847656
50,18,80,2.9297897815704346,2.930020332336426,0.00023055076599121094
50,19,80,2.5255050659179688,2.526717185974121,0.0012121200561523438
51,0,80,3.4165947437286377,3.4160046577453613,-0.0005900859832763672
51,1,80,3.5705320835113525,3.5709362030029297,0.00040411949157714844
51,2,80,3.511489152908325,3.513343095779419,0.00185394287109375
51,3,80,3.035471200942993,3.0352635383605957,-0.00020766258239746094
51,4,80,2.8862557411193848,2.8864355087280273,0.00017976760864257812
51,5,80,3.438019275665283,3.4383628368377686,0.00034356117248535156
51,6,80,3.3919475078582764,3.3924005031585693,0.00045299530029296875
51,7,80,3.4152350425720215,3.415200710296631,-3.4332275390625e-05
51,8,80,3.153089761734009,3.1541528701782227,0.0010631084442138672
51,9,80,3.3304457664489746,3.3318939208984375,0.0014481544494628906
51,10,80,3.5688884258270264,3.5687968730926514,-9.1552734375e-05
51,11,80,3.2549588680267334,3.2559592723846436,0.0010004043579101562
51,12,80,3.4146108627319336,3.414567470550537,-4.3392181396484375e-05
51,13,80,3.8476061820983887,3.844625949859619,-0.0029802322387695312
51,14,80,3.657538414001465,3.6584484577178955,0.0009100437164306641
51,15,80,3.587043523788452,3.5875232219696045,0.00047969818115234375
51,16,80,3.9502198696136475,3.9510176181793213,0.0007977485656738281
51,17,80,3.723813772201538,3.7222542762756348,-0.0015594959259033203
51,18,80,2.9297897815704346,2.928618907928467,-0.0011708736419677734
51,19,80,2.5255050659179688,2.524897575378418,-0.0006074905395507812
52,0,80,3.4165947437286377,3.4167110919952393,0.0001163482666015625
52,1,80,3.5705320835113525,3.5695815086364746,-0.0009505748748779297
52,2,80,3.511489152908325,3.511383295059204,-0.00010585784912109375
52,3,80,3.035471200942993,3.034189224243164,-0.0012819766998291016
52,4,80,2.8862557411193848,2.8866543769836426,0.0003986358642578125
52,5,80,3.438019275665283,3.438490629196167,0.00047135353088378906
52,6,80,3.3919475078582764,3.3923070430755615,0.00035953521728515625
52,7,80,3.4152350425720215,3.416119337081909,0.0008842945098876953
52,8,80,3.153089761734009,3.153136968612671,4.7206878662109375e-05
52,9,80,3.3304457664489746,3.3308804035186768,0.00043463706970214844
52,10,80,3.5688884258270264,3.5699989795684814,0.0011105537414550781
52,11,80,3.2549588680267334,3.254742383956909,-0.00021648406982421875
52,12,80,3.4146108627319336,3.4140148162841797,-0.0005960464477539062
52,13,80,3.8476061820983887,3.845980405807495,-0.0016257762908935547
52,14,80,3.657538414001465,3.6572952270507812,-0.00024318695068359375
52,15,80,3.587043523788452,3.5879037380218506,0.0008602142333984375
52,16,80,3.9502198696136475,3.950427532196045,0.00020766258239746094
52,17,80,3.723813772201538,3.729409694671631,0.0055959224700927734
52,18,80,2.9297897815704346,2.929197311401367,-0.0005924701690673828
52,19,80,2.5255050659179688,2.526916027069092,0.0014109611511230469
53,0,80,3.4165947437286377,3.4191431999206543,0.0025484561920166016
53,1,80,3.5705320835113525,3.57197642326355,0.0014443397521972656
53,2,80,3.511489152908325,3.510364055633545,-0.0011250972747802734
53,3,80,3.035471200942993,3.0347039699554443,-0.0007672309875488281
53,4,80,2.8862557411193848,2.8849799633026123,-0.001275777816772461
53,5,80,3.438019275665283,3.4395906925201416,0.0015714168548583984
53,6,80,3.3919475078582764,3.3903629779815674,-0.0015845298767089844
53,7,80,3.4152350425720215,3.415963649749756,0.000728607177734375
53,8,80,3.153089761734009,3.1525497436523438,-0.0005400180816650391
53,9,80,3.3304457664489746,3.3322412967681885,0.0017955303192138672
53,10,80,3.5688884258270264,3.569171905517578,0.0002834796905517578
53,11,80,3.2549588680267334,3.2576744556427,0.002715587615966797
53,12,80,3.4146108627319336,3.4146955013275146,8.463859558105469e-05
53,13,80,3.8476061820983887,3.8478751182556152,0.0002689361572265625
53,14,80,3.657538414001465,3.65864896774292,0.0011105537414550781
53,15,80,3.587043523788452,3.5886571407318115,0.001613616943359375
53,16,80,3.9502198696136475,3.9494693279266357,-0.0007505416870117188
53,17,80,3.723813772201538,3.725106716156006,0.0012929439544677734
53,18,80,2.9297897815704346,2.9290170669555664,-0.0007727146148681641
53,19,80,2.5255050659179688,2.524543046951294,-0.0009620189666748047
54,0,80,3.4165947437286377,3.4166293144226074,3.457069396972656e-05
54,1,80,3.5705320835113525,3.569615602493286,-0.0009164810180664062
54,2,80,3.511489152908325,3.512582540512085,0.0010933876037597656
54,3,80,3.035471200942993,3.03476619720459,-0.0007050037384033203
54,4,80,2.8862557411193848,2.885667324066162,-0.0005884170532226562
54,5,80,3.438019275665283,3.4372615814208984,-0.0007576942443847656
54,6,80,3.3919475078582764,3.3915348052978516,-0.0004127025604248047
54,7,80,3.4152350425720215,3.4151244163513184,-0.000110626220703125
54,8,80,3.153089761734009,3.1521644592285156,-0.0009253025054931641
54,9,80,3.3304457664489746,3.3286356925964355,-0.0018100738525390625
54,10,80,3.5688884258270264,3.5694446563720703,0.0005562305450439453
54,11,80,3.2549588680267334,3.2567853927612305,0.0018265247344970703
54,12,80,3.4146108627319336,3.4156477451324463,0.0010368824005126953
54,13,80,3.8476061820983887,3.8467657566070557,-0.0008404254913330078
54,14,80,3.657538414001465,3.659956932067871,0.00241851806640625
54,15,80,3.587043523788452,3.588101863861084,0.001058340072631836
54,16,80,3.9502198696136475,3.948291540145874,-0.0019283294677734375
54,17,80,3.723813772201538,3.7235801219940186,-0.00023365020751953125
54,18,80,2.9297897815704346,2.9340927600860596,0.004302978515625
54,19,80,2.5255050659179688,2.534318208694458,0.008813142776489258
55,0,80,3.4165947437286377,3.415834665298462,-0.0007600784301757812
55,1,80,3.5705320835113525,3.5717601776123047,0.0012280941009521484
55,2,80,3.511489152908325,3.5105361938476562,-0.0009529590606689453
55,3,80,3.035471200942993,3.03607439994812,0.0006031990051269531
55,4,80,2.8862557411193848,2.8858466148376465,-0.00040912628173828125
55,5,80,3.438019275665283,3.43587589263916,-0.002143383026123047
55,6,80,3.3919475078582764,3.392720937728882,0.0007734298706054688
55,7,80,3.4152350425720215,3.418294668197632,0.0030596256256103516
55,8,80,3.153089761734009,3.151554822921753,-0.0015349388122558594
55,9,80,3.3304457664489746,3.3309223651885986,0.00047659873962402344
55,10,80,3.5688884258270264,3.5688886642456055,2.384185791015625e-07
55,11,80,3.2549588680267334,3.255774974822998,0.0008161067962646484
55,12,80,3.4146108627319336,3.4143900871276855,-0.00022077560424804688
55,13,80,3.8476061820983887,3.8457069396972656,-0.0018992424011230469
55,14,80,3.657538414001465,3.659625291824341,0.0020868778228759766
55,15,80,3.587043523788452,3.5874664783477783,0.0004229545593261719
55,16,80,3.9502198696136475,3.951918363571167,0.0016984939575195312
55,17,80,3.723813772201538,3.722377300262451,-0.001436471939086914
55,18,80,2.9297897815704346,2.9291880130767822,-0.0006017684936523438
55,19,80,2.5255050659179688,2.5267508029937744,0.001245737075805664
56,0,80,3.4165947437286377,3.41841721534729,0.0018224716186523438
56,1,80,3.5705320835113525,3.5725173950195312,0.001985311508178711
56,2,80,3.511489152908325,3.510969638824463,-0.0005195140838623047
56,3,80,3.035471200942993,3.036074638366699,0.0006034374237060547
56,4,80,2.8862557411193848,2.886045455932617,-0.00021028518676757812
56,5,80,3.438019275665283,3.4406778812408447,0.0026586055755615234
56,6,80,3.3919475078582764,3.3943870067596436,0.0024394989013671875
56,7,80,3.4152350425720215,3.418041229248047,0.0028061866760253906
56,8,80,3.153089761734009,3.1551246643066406,0.002034902572631836
56,9,80,3.3304457664489746,3.332526206970215,0.0020804405212402344
56,10,80,3.5688884258270264,3.570652961730957,0.001764535903930664
56,11,80,3.2549588680267334,3.2535200119018555,-0.0014388561248779297
56,12,80,3.4146108627319336,3.4146595001220703,4.863739013671875e-05
56,13,80,3.8476061820983887,3.848759651184082,0.0011534690856933594
56,14,80,3.657538414001465,3.656803607940674,-0.0007348060607910156
56,15,80,3.587043523788452,3.5866432189941406,-0.00040030479431152344
56,16,80,3.9502198696136475,3.949336051940918,-0.0008838176727294922
56,17,80,3.723813772201538,3.7255985736846924,0.0017848014831542969
56,18,80,2.9297897815704346,2.9315123558044434,0.001722574234008789
56,19,80,2.5255050659179688,2.5260169506073,0.0005118846893310547
57,0,80,3.4165947437286377,3.41546368598938,-0.0011310577392578125
57,1,80,3.5705320835113525,3.5696709156036377,-0.0008611679077148438
57,2,80,3.511489152908325,3.5128135681152344,0.0013244152069091797
57,3,80,3.035471200942993,3.0361881256103516,0.0007169246673583984
57,4,80,2.8862557411193848,2.886596202850342,0.00034046173095703125
57,5,80,3.438019275665283,3.4391415119171143,0.0011222362518310547
57,6,80,3.3919475078582764,3.392831325531006,0.0008838176727294922
57,7,80,3.4152350425720215,3.416353940963745,0.0011188983917236328
57,8,80,3.153089761734009,3.1549108028411865,0.0018210411071777344
57,9,80,3.3304457664489746,3.331528663635254,0.0010828971862792969
57,10,80,3.5688884258270264,3.5700905323028564,0.0012021064758300781
57,11,80,3.2549588680267334,3.255394220352173,0.0004353523254394531
57,12,80,3.4146108627319336,3.415241003036499,0.0006301403045654297
57,13,80,3.8476061820983887,3.84794282913208,0.00033664703369140625
57,14,80,3.657538414001465,3.656956672668457,-0.0005817413330078125
57,15,80,3.587043523788452,3.5874366760253906,0.00039315223693847656
57,16,80,3.9502198696136475,3.9506149291992188,0.00039505958557128906
57,17,80,3.723813772201538,3.724400520324707,0.0005867481231689453
57,18,80,2.9297897815704346,2.929734468460083,-5.53131103515625e-05
57,19,80,2.5255050659179688,2.5248844623565674,-0.0006206035614013672
58,0,80,3.4165947437286377,3.4160780906677246,-0.0005166530609130859
58,1,80,3.5705320835113525,3.5705084800720215,-2.3603439331054688e-05
58,2,80,3.511489152908325,3.5115435123443604,5.435943603515625e-05
58,3,80,3.035471200942993,3.0356454849243164,0.0001742839813232422
58,4,80,2.8862557411193848,2.886331558227539,7.581710815429688e-05
58,5,80,3.438019275665283,3.4395031929016113,0.001483917236328125
58,6,80,3.3919475078582764,3.3911051750183105,-0.0008423328399658203
58,7,80,3.4152350425720215,3.4174656867980957,0.0022306442260742188
58,8,80,3.153089761734009,3.1545820236206055,0.0014922618865966797
58,9,80,3.3304457664489746,3.3315773010253906,0.0011315345764160156
58,10,80,3.5688884258270264,3.5699734687805176,0.001085042953491211
58,11,80,3.2549588680267334,3.258864641189575,0.003905773162841797
58,12,80,3.4146108627319336,3.413722276687622,-0.0008885860443115234
58,13,80,3.8476061820983887,3.8493945598602295,0.0017883777618408203
58,14,80,3.657538414001465,3.6562366485595703,-0.0013017654418945312
58,15,80,3.587043523788452,3.586041212081909,-0.0010023117065429688
58,16,80,3.9502198696136475,3.950535535812378,0.00031566619873046875
58,17,80,3.723813772201538,3.723353385925293,-0.0004603862762451172
58,18,80,2.9297897815704346,2.9336905479431152,0.003900766372680664
58,19,80,2.5255050659179688,2.52451491355896,-0.000990152359008789
59,0,80,3.4165947437286377,3.4191789627075195,0.002584218978881836
59,1,80,3.5705320835113525,3.5714170932769775,0.000885009765625
59,2,80,3.511489152908325,3.5116069316864014,0.00011777877807617188
59,3,80,3.035471200942993,3.035496711730957,2.5510787963867188e-05
59,4,80,2.8862557411193848,2.886770009994507,0.0005142688751220703
59,5,80,3.438019275665283,3.4384138584136963,0.00039458274841308594
59,6,80,3.3919475078582764,3.392369270324707,0.00042176246643066406
59,7,80,3.4152350425720215,3.4139788150787354,-0.0012562274932861328
59,8,80,3.153089761734009,3.152164936065674,-0.0009248256683349609
59,9,80,3.3304457664489746,3.3293392658233643,-0.0011065006256103516
59,10,80,3.5688884258270264,3.5682120323181152,-0.0006763935089111328
59,11,80,3.2549588680267334,3.2559595108032227,0.0010006427764892578
59,12,80,3.4146108627319336,3.4152472019195557,0.0006363391876220703
59,13,80,3.8476061820983887,3.848080635070801,0.0004744529724121094
59,14,80,3.657538414001465,3.6570372581481934,-0.0005011558532714844
59,15,80,3.587043523788452,3.5874648094177246,0.00042128562927246094
59,16,80,3.9502198696136475,3.950187921524048,-3.1948089599609375e-05
59,17,80,3.723813772201538,3.723773241043091,-4.0531158447265625e-05
59,18,80,2.9297897815704346,2.9315333366394043,0.0017435550689697266
59,19,80,2.5255050659179688,2.525927782058716,0.0004227161407470703
60,0,80,3.4165947437286377,3.4178974628448486,0.0013027191162109375
60,1,80,3.5705320835113525,3.5718185901641846,0.0012865066528320312
60,2,80,3.511489152908325,3.509657621383667,-0.0018315315246582031
60,3,80,3.035471200942993,3.0350937843322754,-0.00037741661071777344
60,4,80,2.8862557411193848,2.885357141494751,-0.0008985996246337891
60,5,80,3.438019275665283,3.4403021335601807,0.002282857894897461
60,6,80,3.3919475078582764,3.3915624618530273,-0.00038504600524902344
60,7,80,3.4152350425720215,3.413541793823242,-0.0016932487487792969
60,8,80,3.153089761734009,3.153441905975342,0.0003521442413330078
60,9,80,3.3304457664489746,3.328993320465088,-0.0014524459838867188
60,10,80,3.5688884258270264,3.5679688453674316,-0.0009195804595947266
60,11,80,3.2549588680267334,3.2550852298736572,0.00012636184692382812
60,12,80,3.4146108627319336,3.4157726764678955,0.001161813735961914
60,13,80,3.8476061820983887,3.84922194480896,0.001615762710571289
60,14,80,3.657538414001465,3.657363176345825,-0.00017523765563964844
60,15,80,3.587043523788452,3.5858466625213623,-0.0011968612670898438
60,16,80,3.9502198696136475,3.9498937129974365,-0.0003261566162109375
60,17,80,3.723813772201538,3.7274298667907715,0.0036160945892333984
60,18,80,2.9297897815704346,2.9290719032287598,-0.0007178783416748047
60,19,80,2.5255050659179688,2.5234925746917725,-0.002012491226196289
61,0,80,3.4165947437286377,3.4168710708618164,0.00027632713317871094
61,1,80,3.5705320835113525,3.5696804523468018,-0.0008516311645507812
61,2,80,3.511489152908325,3.512683629989624,0.0011944770812988281
61,3,80,3.035471200942993,3.0368106365203857,0.0013394355773925781
61,4,80,2.8862557411193848,2.886355400085449,9.965896606445312e-05
61,5,80,3.438019275665283,3.4385156631469727,0.0004963874816894531
61,6,80,3.3919475078582764,3.3920810222625732,0.000133514404296875
61,7,80,3.4152350425720215,3.4153363704681396,0.00010132789611816406
61,8,80,3.153089761734009,3.152219295501709,-0.0008704662322998047
61,9,80,3.3304457664489746,3.330679416656494,0.00023365020751953125
61,10,80,3.5688884258270264,3.5676355361938477,-0.001252889633178711
61,11,80,3.2549588680267334,3.255523204803467,0.0005643367767333984
61,12,80,3.4146108627319336,3.4151484966278076,0.0005376338958740234
61,13,80,3.8476061820983887,3.8448872566223145,-0.0027189254760742188
61,14,80,3.657538414001465,3.6577224731445312,0.00018405914306640625
61,15,80,3.587043523788452,3.5866880416870117,-0.0003554821014404297
61,16,80,3.9502198696136475,3.9502792358398438,5.936622619628906e-05
61,17,80,3.723813772201538,3.722611904144287,-0.0012018680572509766
61,18,80,2.9297897815704346,2.9295754432678223,-0.0002143383026123047
61,19,80,2.5255050659179688,2.5251946449279785,-0.0003104209899902344
62,0,80,3.4165947437286377,3.417802333831787,0.001207590103149414
62,1,80,3.5705320835113525,3.5705301761627197,-1.9073486328125e-06
62,2,80,3.511489152908325,3.5121097564697266,0.0006206035614013672
62,3,80,3.035471200942993,3.036120653152466,0.0006494522094726562
62,4,80,2.8862557411193848,2.8869762420654297,0.0007205009460449219
62,5,80,3.438019275665283,3.438343048095703,0.0003237724304199219
62,6,80,3.3919475078582764,3.392537832260132,0.0005903244018554688
62,7,80,3.4152350425720215,3.416253089904785,0.0010180473327636719
62,8,80,3.153089761734009,3.1546401977539062,0.001550436019897461
62,9,80,3.3304457664489746,3.331444263458252,0.0009984970092773438
62,10,80,3.5688884258270264,3.5691580772399902,0.0002696514129638672
62,11,80,3.2549588680267334,3.257471799850464,0.0025129318237304688
62,12,80,3.4146108627319336,3.4136829376220703,-0.0009279251098632812
62,13,80,3.8476061820983887,3.849153518676758,0.0015473365783691406
62,14,80,3.657538414001465,3.6587893962860107,0.0012509822845458984
62,15,80,3.587043523788452,3.5862889289855957,-0.0007545948028564453
62,16,80,3.9502198696136475,3.949934244155884,-0.0002856254577636719
62,17,80,3.723813772201538,3.7252871990203857,0.0014734268188476562
62,18,80,2.9297897815704346,2.928807258605957,-0.000982522964477539
62,19,80,2.5255050659179688,2.526146411895752,0.0006413459777832031
63,0,80,3.4165947437286377,3.417301654815674,0.0007069110870361328
63,1,80,3.5705320835113525,3.5692014694213867,-0.0013306140899658203
63,2,80,3.511489152908325,3.512258529663086,0.0007693767547607422
63,3,80,3.035471200942993,3.0356268882751465,0.0001556873321533203
63,4,80,2.8862557411193848,2.8863627910614014,0.00010704994201660156
63,5,80,3.438019275665283,3.43829607963562,0.00027680397033691406
63,6,80,3.3919475078582764,3.392542839050293,0.0005953311920166016
63,7,80,3.4152350425720215,3.416853189468384,0.0016181468963623047
63,8,80,3.153089761734009,3.154974937438965,0.0018851757049560547
63,9,80,3.3304457664489746,3.329551935195923,-0.0008938312530517578
63,10,80,3.5688884258270264,3.571230173110962,0.002341747283935547
63,11,80,3.2549588680267334,3.2564423084259033,0.0014834403991699219
63,12,80,3.4146108627319336,3.4146828651428223,7.200241088867188e-05
63,13,80,3.8476061820983887,3.846057176589966,-0.0015490055084228516
63,14,80,3.657538414001465,3.660937547683716,0.0033991336822509766
63,15,80,3.587043523788452,3.587209939956665,0.00016641616821289062
63,16,80,3.9502198696136475,3.951096296310425,0.0008764266967773438
63,17,80,3.723813772201538,3.722019672393799,-0.0017940998077392578
63,18,80,2.9297897815704346,2.9297127723693848,-7.700920104980469e-05
63,19,80,2.5255050659179688,2.527071237564087,0.001566171646118164
64,0,80,3.4165947437286377,3.4169363975524902,0.00034165382385253906
64,1,80,3.5705320835113525,3.569018602371216,-0.0015134811401367188
64,2,80,3.511489152908325,3.5115015506744385,1.239776611328125e-05
64,3,80,3.035471200942993,3.0337939262390137,-0.0016772747039794922
64,4,80,2.8862557411193848,2.885784149169922,-0.0004715919494628906
64,5,80,3.438019275665283,3.4358460903167725,-0.002173185348510742
64,6,80,3.3919475078582764,3.390249729156494,-0.0016977787017822266
64,7,80,3.4152350425720215,3.4140732288360596,-0.001161813735961914
64,8,80,3.153089761734009,3.1524014472961426,-0.0006883144378662109
64,9,80,3.3304457664489746,3.3293683528900146,-0.001077413558959961
64,10,80,3.5688884258270264,3.5672059059143066,-0.0016825199127197266
64,11,80,3.2549588680267334,3.2548668384552,-9.202957153320312e-05
64,12,80,3.4146108627319336,3.414600372314453,-1.049041748046875e-05
64,13,80,3.8476061820983887,3.8461108207702637,-0.001495361328125
64,14,80,3.657538414001465,3.6581854820251465,0.0006470680236816406
64,15,80,3.587043523788452,3.585577964782715,-0.0014655590057373047
64,16,80,3.9502198696136475,3.9514739513397217,0.0012540817260742188
64,17,80,3.723813772201538,3.731367826461792,0.007554054260253906
64,18,80,2.9297897815704346,2.9306275844573975,0.0008378028869628906
64,19,80,2.5255050659179688,2.52579665184021,0.00029158592224121094
65,0,80,3.4165947437286377,3.415116310119629,-0.001478433609008789
65,1,80,3.5705320835113525,3.571993827819824,0.0014617443084716797
65,2,80,3.511489152908325,3.511531114578247,4.1961669921875e-05
65,3,80,3.035471200942993,3.0346591472625732,-0.0008120536804199219
65,4,80,2.8862557411193848,2.8873775005340576,0.0011217594146728516
65,5,80,3.438019275665283,3.4380295276641846,1.0251998901367188e-05
65,6,80,3.3919475078582764,3.392918586730957,0.0009710788726806641
65,7,80,3.4152350425720215,3.416982412338257,0.0017473697662353516
65,8,80,3.153089761734009,3.152506113052368,-0.000583648681640625
65,9,80,3.3304457664489746,3.33087420463562,0.0004284381866455078
65,10,80,3.5688884258270264,3.5682873725891113,-0.0006010532379150391
65,11,80,3.2549588680267334,3.2540621757507324,-0.0008966922760009766
65,12,80,3.4146108627319336,3.415055990219116,0.0004451274871826172
65,13,80,3.8476061820983887,3.8481342792510986,0.0005280971527099609
65,14,80,3.657538414001465,3.657069444656372,-0.00046896934509277344
65,15,80,3.587043523788452,3.585357666015625,-0.0016858577728271484
65,16,80,3.9502198696136475,3.950801372528076,0.0005815029144287109
65,17,80,3.723813772201538,3.722867012023926,-0.0009467601776123047
65,18,80,2.9297897815704346,2.930659055709839,0.0008692741394042969
65,19,80,2.5255050659179688,2.525709390640259,0.00020432472229003906
66,0,80,3.4165947437286377,3.4163782596588135,-0.00021648406982421875
66,1,80,3.5705320835113525,3.570636034011841,0.00010395050048828125
66,2,80,3.511489152908325,3.5111122131347656,-0.0003769397735595703
66,3,80,3.035471200942993,3.035480499267578,9.298324584960938e-06
66,4,80,2.8862557411193848,2.8872523307800293,0.0009965896606445312
66,5,80,3.438019275665283,3.438141107559204,0.00012183189392089844
66,6,80,3.3919475078582764,3.3938193321228027,0.0018718242645263672
66,7,80,3.4152350425720215,3.415029525756836,-0.00020551681518554688
66,8,80,3.153089761734009,3.155017137527466,0.0019273757934570312
66,9,80,3.3304457664489746,3.3307888507843018,0.00034308433532714844
66,10,80,3.5688884258270264,3.5665478706359863,-0.002340555191040039
66,11,80,3.2549588680267334,3.2551324367523193,0.0001735687255859375
66,12,80,3.4146108627319336,3.4156296253204346,0.0010187625885009766
66,13,80,3.8476061820983887,3.846831798553467,-0.000774383544921875
66,14,80,3.657538414001465,3.657902956008911,0.00036454200744628906
66,15,80,3.587043523788452,3.586580753326416,-0.0004627704620361328
66,16,80,3.9502198696136475,3.952085494995117,0.0018656253814697266
66,17,80,3.723813772201538,3.7259631156921387,0.002149343490600586
66,18,80,2.9297897815704346,2.929675817489624,-0.00011396408081054688
66,19,80,2.5255050659179688,2.525240659713745,-0.0002644062042236328
67,0,80,3.4165947437286377,3.417126178741455,0.0005314350128173828
67,1,80,3.5705320835113525,3.5710318088531494,0.000499725341796875
67,2,80,3.511489152908325,3.513522148132324,0.0020329952239990234
67,3,80,3.035471200942993,3.0378284454345703,0.0023572444915771484
67,4,80,2.8862557411193848,2.8877766132354736,0.0015208721160888672
67,5,80,3.438019275665283,3.4409778118133545,0.002958536148071289
67,6,80,3.3919475078582764,3.392956018447876,0.0010085105895996094
67,7,80,3.4152350425720215,3.4163503646850586,0.0011153221130371094
67,8,80,3.153089761734009,3.1542367935180664,0.0011470317840576172
67,9,80,3.3304457664489746,3.332406759262085,0.0019609928131103516
67,10,80,3.5688884258270264,3.5689990520477295,0.000110626220703125
67,11,80,3.2549588680267334,3.2552952766418457,0.0003364086151123047
67,12,80,3.4146108627319336,3.414811611175537,0.00020074844360351562
67,13,80,3.8476061820983887,3.8473010063171387,-0.00030517578125
67,14,80,3.657538414001465,3.6578867435455322,0.0003483295440673828
67,15,80,3.587043523788452,3.5871992111206055,0.0001556873321533203
67,16,80,3.9502198696136475,3.948961019515991,-0.00125885009765625
67,17,80,3.723813772201538,3.724574565887451,0.0007607936859130859
67,18,80,2.9297897815704346,2.9310271739959717,0.0012373924255371094
67,19,80,2.5255050659179688,2.5265631675720215,0.0010581016540527344
68,0,80,3.4165947437286377,3.4169092178344727,0.00031447410583496094
68,1,80,3.5705320835113525,3.569260597229004,-0.0012714862823486328
68,2,80,3.511489152908325,3.5111961364746094,-0.0002930164337158203
68,3,80,3.035471200942993,3.034910202026367,-0.0005609989166259766
68,4,80,2.8862557411193848,2.8874309062957764,0.0011751651763916016
68,5,80,3.438019275665283,3.4367260932922363,-0.001293182373046875
68,6,80,3.3919475078582764,3.3915295600891113,-0.00041794776916503906
68,7,80,3.4152350425720215,3.414201259613037,-0.001033782958984375
68,8,80,3.153089761734009,3.154592752456665,0.00150299072265625
68,9,80,3.3304457664489746,3.330676794052124,0.00023102760314941406
68,10,80,3.5688884258270264,3.569519281387329,0.0006308555603027344
68,11,80,3.2549588680267334,3.2540502548217773,-0.0009086132049560547
68,12,80,3.4146108627319336,3.4150550365448,0.00044417381286621094
68,13,80,3.8476061820983887,3.8495357036590576,0.0019295215606689453
68,14,80,3.657538414001465,3.657383680343628,-0.00015473365783691406
68,15,80,3.587043523788452,3.5865790843963623,-0.00046443939208984375
68,16,80,3.9502198696136475,3.951228141784668,0.0010082721710205078
68,17,80,3.723813772201538,3.7240777015686035,0.0002639293670654297
68,18,80,2.9297897815704346,2.9294962882995605,-0.00029349327087402344
68,19,80,2.5255050659179688,2.526909112930298,0.0014040470123291016
69,0,80,3.4165947437286377,3.4174201488494873,0.0008254051208496094
69,1,80,3.5705320835113525,3.5707836151123047,0.00025153160095214844
69,2,80,3.511489152908325,3.511200189590454,-0.00028896331787109375
69,3,80,3.035471200942993,3.036729097366333,0.0012578964233398438
69,4,80,2.8862557411193848,2.886051893234253,-0.00020384788513183594
69,5,80,3.438019275665283,3.4392290115356445,0.0012097358703613281
69,6,80,3.3919475078582764,3.390515089035034,-0.0014324188232421875
69,7,80,3.4152350425720215,3.414851665496826,-0.0003833770751953125
69,8,80,3.153089761734009,3.1526267528533936,-0.0004630088806152344
69,9,80,3.3304457664489746,3.331522226333618,0.0010764598846435547
69,10,80,3.5688884258270264,3.569342613220215,0.00045418739318847656
69,11,80,3.2549588680267334,3.2553086280822754,0.0003497600555419922
69,12,80,3.4146108627319336,3.415282726287842,0.0006718635559082031
69,13,80,3.8476061820983887,3.8483946323394775,0.0007884502410888672
69,14,80,3.657538414001465,3.656503677368164,-0.0010347366333007812
69,15,80,3.587043523788452,3.587553024291992,0.0005095005035400391
69,16,80,3.9502198696136475,3.949589967727661,-0.0006299018859863281
69,17,80,3.723813772201538,3.7313737869262695,0.007560014724731445
69,18,80,2.9297897815704346,2.930901527404785,0.001111745834350586
69,19,80,2.5255050659179688,2.524221181869507,-0.001283884048461914
70,0,80,3.4165947437286377,3.4146738052368164,-0.001920938491821289
70,1,80,3.5705320835113525,3.5698554515838623,-0.0006766319274902344
70,2,80,3.511489152908325,3.5108683109283447,-0.0006208419799804688
70,3,80,3.035471200942993,3.0398941040039062,0.004422903060913086
70,4,80,2.8862557411193848,2.8868260383605957,0.0005702972412109375
70,5,80,3.438019275665283,3.4393813610076904,0.0013620853424072266
70,6,80,3.3919475078582764,3.3910131454467773,-0.0009343624114990234
70,7,80,3.4152350425720215,3.4154767990112305,0.00024175643920898438
70,8,80,3.153089761734009,3.1542701721191406,0.001180410385131836
70,9,80,3.3304457664489746,3.3283112049102783,-0.002134561538696289
70,10,80,3.5688884258270264,3.5687949657440186,-9.34600830078125e-05
70,11,80,3.2549588680267334,3.2564034461975098,0.0014445781707763672
70,12,80,3.4146108627319336,3.4150054454803467,0.00039458274841308594
70,13,80,3.8476061820983887,3.8465774059295654,-0.0010287761688232422
70,14,80,3.657538414001465,3.6572253704071045,-0.00031304359436035156
70,15,80,3.587043523788452,3.5868453979492188,-0.00019812583923339844
70,16,80,3.9502198696136475,3.951704978942871,0.0014851093292236328
70,17,80,3.723813772201538,3.7244315147399902,0.0006177425384521484
70,18,80,2.9297897815704346,2.9294352531433105,-0.00035452842712402344
70,19,80,2.5255050659179688,2.523585796356201,-0.0019192695617675781
71,0,80,3.4165947437286377,3.418463706970215,0.0018689632415771484
71,1,80,3.5705320835113525,3.5726633071899414,0.002131223678588867
71,2,80,3.511489152908325,3.512086868286133,0.0005977153778076172
71,3,80,3.035471200942993,3.0354433059692383,-2.7894973754882812e-05
71,4,80,2.8862557411193848,2.888298749923706,0.002043008804321289
71,5,80,3.438019275665283,3.439056158065796,0.0010368824005126953
71,6,80,3.3919475078582764,3.3915114402770996,-0.0004360675811767578
71,7,80,3.4152350425720215,3.414489269256592,-0.0007457733154296875
71,8,80,3.153089761734009,3.1546285152435303,0.0015387535095214844
71,9,80,3.3304457664489746,3.330265998840332,-0.00017976760864257812
71,10,80,3.5688884258270264,3.5677080154418945,-0.001180410385131836
71,11,80,3.2549588680267334,3.2550971508026123,0.00013828277587890625
71,12,80,3.4146108627319336,3.4146103858947754,-4.76837158203125e-07
71,13,80,3.8476061820983887,3.8464784622192383,-0.0011277198791503906
71,14,80,3.657538414001465,3.657005786895752,-0.0005326271057128906
71,15,80,3.587043523788452,3.588597536087036,0.0015540122985839844
71,16,80,3.9502198696136475,3.9501991271972656,-2.0742416381835938e-05
71,17,80,3.723813772201538,3.7245750427246094,0.0007612705230712891
71,18,80,2.9297897815704346,2.9290754795074463,-0.0007143020629882812
71,19,80,2.5255050659179688,2.5255274772644043,2.2411346435546875e-05
72,0,80,3.4165947437286377,3.417584180831909,0.0009894371032714844
72,1,80,3.5705320835113525,3.5705950260162354,6.29425048828125e-05
72,2,80,3.511489152908325,3.5113213062286377,-0.0001678466796875
72,3,80,3.035471200942993,3.0345189571380615,-0.0009522438049316406
72,4,80,2.8862557411193848,2.88380765914917,-0.0024480819702148438
72,5,80,3.438019275665283,3.4375722408294678,-0.0004470348358154297
72,6,80,3.3919475078582764,3.3924784660339355,0.0005309581756591797
72,7,80,3.4152350425720215,3.4135496616363525,-0.0016853809356689453
72,8,80,3.153089761734009,3.152531147003174,-0.0005586147308349609
72,9,80,3.3304457664489746,3.3300106525421143,-0.00043511390686035156
72,10,80,3.5688884258270264,3.5678749084472656,-0.0010135173797607422
72,11,80,3.2549588680267334,3.2571234703063965,0.002164602279663086
72,12,80,3.4146108627319336,3.4159276485443115,0.0013167858123779297
72,13,80,3.8476061820983887,3.8452978134155273,-0.002308368682861328
72,14,80,3.657538414001465,3.6570847034454346,-0.00045371055603027344
72,15,80,3.587043523788452,3.5881831645965576,0.0011396408081054688
72,16,80,3.9502198696136475,3.9490082263946533,-0.0012116432189941406
72,17,80,3.723813772201538,3.7238223552703857,8.58306884765625e-06
72,18,80,2.9297897815704346,2.929075241088867,-0.0007145404815673828
72,19,80,2.5255050659179688,2.5256333351135254,0.00012826919555664062
73,0,80,3.4165947437286377,3.4180567264556885,0.0014619827270507812
73,1,80,3.5705320835113525,3.570605754852295,7.367134094238281e-05
73,2,80,3.511489152908325,3.5121185779571533,0.000629425048828125
73,3,80,3.035471200942993,3.0346570014953613,-0.0008141994476318359
73,4,80,2.8862557411193848,2.886591911315918,0.0003361701965332031
73,5,80,3.438019275665283,3.436537504196167,-0.001481771469116211
73,6,80,3.3919475078582764,3.39141583442688,-0.0005316734313964844
73,7,80,3.4152350425720215,3.4151298999786377,-0.00010514259338378906
73,8,80,3.153089761734009,3.155341148376465,0.0022513866424560547
73,9,80,3.3304457664489746,3.330113172531128,-0.0003325939178466797
73,10,80,3.5688884258270264,3.567380666732788,-0.0015077590942382812
73,11,80,3.2549588680267334,3.2542290687561035,-0.0007297992706298828
73,12,80,3.4146108627319336,3.416194438934326,0.0015835762023925781
73,13,80,3.8476061820983887,3.8482778072357178,0.0006716251373291016
73,14,80,3.657538414001465,3.65828537940979,0.0007469654083251953
73,15,80,3.587043523788452,3.5861196517944336,-0.0009238719940185547
73,16,80,3.9502198696136475,3.9494736194610596,-0.0007462501525878906
73,17,80,3.723813772201538,3.7232537269592285,-0.0005600452423095703
73,18,80,2.9297897815704346,2.9292805194854736,-0.0005092620849609375
73,19,80,2.5255050659179688,2.5264527797698975,0.0009477138519287109
74,0,80,3.4165947437286377,3.4191153049468994,0.0025205612182617188
74,1,80,3.5705320835113525,3.571455717086792,0.0009236335754394531
74,2,80,3.511489152908325,3.5102219581604004,-0.0012671947479248047
74,3,80,3.035471200942993,3.0366709232330322,0.0011997222900390625
74,4,80,2.8862557411193848,2.8850553035736084,-0.0012004375457763672
74,5,80,3.438019275665283,3.4387600421905518,0.0007407665252685547
74,6,80,3.3919475078582764,3.393036365509033,0.001088857650756836
74,7,80,3.4152350425720215,3.4145002365112305,-0.0007348060607910156
74,8,80,3.153089761734009,3.1542370319366455,0.0011472702026367188
74,9,80,3.3304457664489746,3.3310353755950928,0.0005896091461181641
74,10,80,3.5688884258270264,3.568250894546509,-0.0006375312805175781
74,11,80,3.2549588680267334,3.2539615631103516,-0.000997304916381836
74,12,80,3.4146108627319336,3.416098117828369,0.0014872550964355469
74,13,80,3.8476061820983887,3.846383571624756,-0.0012226104736328125
74,14,80,3.657538414001465,3.6593613624572754,0.0018229484558105469
74,15,80,3.587043523788452,3.586352586746216,-0.0006909370422363281
74,16,80,3.9502198696136475,3.9521536827087402,0.0019338130950927734
74,17,80,3.723813772201538,3.7238194942474365,5.7220458984375e-06
74,18,80,2.9297897815704346,2.9311482906341553,0.0013585090637207031
74,19,80,2.5255050659179688,2.5275261402130127,0.0020210742950439453
75,0,80,3.4165947437286377,3.416412830352783,-0.0001819133758544922
75,1,80,3.5705320835113525,3.570044755935669,-0.00048732757568359375
75,2,80,3.511489152908325,3.5101747512817383,-0.001314401626586914
75,3,80,3.035471200942993,3.0349793434143066,-0.0004918575286865234
75,4,80,2.8862557411193848,2.8863987922668457,0.0001430511474609375
75,5,80,3.438019275665283,3.4391088485717773,0.0010895729064941406
75,6,80,3.3919475078582764,3.3924708366394043,0.0005233287811279297
75,7,80,3.4152350425720215,3.4157326221466064,0.0004975795745849609
75,8,80,3.153089761734009,3.1518499851226807,-0.001239776611328125
75,9,80,3.3304457664489746,3.329637289047241,-0.0008084774017333984
75,10,80,3.5688884258270264,3.569056272506714,0.0001678466796875
75,11,80,3.2549588680267334,3.254577159881592,-0.00038170814514160156
75,12,80,3.4146108627319336,3.416318416595459,0.0017075538635253906
75,13,80,3.8476061820983887,3.848630666732788,0.001024484634399414
75,14,80,3.657538414001465,3.657863140106201,0.0003247261047363281
75,15,80,3.587043523788452,3.586022138595581,-0.0010213851928710938
75,16,80,3.9502198696136475,3.949469804763794,-0.0007500648498535156
75,17,80,3.723813772201538,3.724339008331299,0.0005252361297607422
75,18,80,2.9297897815704346,2.928422212600708,-0.0013675689697265625
75,19,80,2.5255050659179688,2.5235743522644043,-0.0019307136535644531
76,0,80,3.4165947437286377,3.415919303894043,-0.0006754398345947266
76,1,80,3.5705320835113525,3.5708858966827393,0.00035381317138671875
76,2,80,3.511489152908325,3.5124311447143555,0.0009419918060302734
76,3,80,3.035471200942993,3.0360748767852783,0.0006036758422851562
76,4,80,2.8862557411193848,2.885708808898926,-0.0005469322204589844
76,5,80,3.438019275665283,3.439161777496338,0.0011425018310546875
76,6,80,3.3919475078582764,3.392427682876587,0.0004801750183105469
76,7,80,3.4152350425720215,3.416666269302368,0.0014312267303466797
76,8,80,3.153089761734009,3.155529737472534,0.0024399757385253906
76,9,80,3.3304457664489746,3.331799268722534,0.0013535022735595703
76,10,80,3.5688884258270264,3.567718982696533,-0.001169443130493164
76,11,80,3.2549588680267334,3.2549519538879395,-6.9141387939453125e-06
76,12,80,3.4146108627319336,3.4174892902374268,0.002878427505493164
76,13,80,3.8476061820983887,3.8484716415405273,0.0008654594421386719
76,14,80,3.657538414001465,3.6578917503356934,0.0003533363342285156
76,15,80,3.587043523788452,3.5872251987457275,0.00018167495727539062
76,16,80,3.9502198696136475,3.95005464553833,-0.0001652240753173828
76,17,80,3.723813772201538,3.723175287246704,-0.0006384849548339844
76,18,80,2.9297897815704346,2.928168773651123,-0.0016210079193115234
76,19,80,2.5255050659179688,2.524773359298706,-0.0007317066192626953
77,0,80,3.4165947437286377,3.414792060852051,-0.001802682876586914
77,1,80,3.5705320835113525,3.570659875869751,0.0001277923583984375
77,2,80,3.511489152908325,3.5103096961975098,-0.0011794567108154297
77,3,80,3.035471200942993,3.037564277648926,0.002093076705932617
77,4,80,2.8862557411193848,2.8863205909729004,6.4849853515625e-05
77,5,80,3.438019275665283,3.439425468444824,0.0014061927795410156
77,6,80,3.3919475078582764,3.3923959732055664,0.00044846534729003906
77,7,80,3.4152350425720215,3.415524959564209,0.0002899169921875
77,8,80,3.153089761734009,3.153606653213501,0.0005168914794921875
77,9,80,3.3304457664489746,3.3308253288269043,0.0003795623779296875
77,10,80,3.5688884258270264,3.570354461669922,0.0014660358428955078
77,11,80,3.2549588680267334,3.256420135498047,0.0014612674713134766
77,12,80,3.4146108627319336,3.4141857624053955,-0.00042510032653808594
77,13,80,3.8476061820983887,3.8416881561279297,-0.005918025970458984
77,14,80,3.657538414001465,3.6553478240966797,-0.0021905899047851562
77,15,80,3.587043523788452,3.585526704788208,-0.0015168190002441406
77,16,80,3.9502198696136475,3.953143358230591,0.0029234886169433594
77,17,80,3.723813772201538,3.7219977378845215,-0.0018160343170166016
77,18,80,2.9297897815704346,2.9269070625305176,-0.002882719039916992
77,19,80,2.5255050659179688,2.5253548622131348,-0.00015020370483398438
78,0,80,3.4165947437286377,3.415821075439453,-0.0007736682891845703
78,1,80,3.5705320835113525,3.570736885070801,0.0002048015594482422
78,2,80,3.511489152908325,3.5098705291748047,-0.0016186237335205078
78,3,80,3.035471200942993,3.0348703861236572,-0.0006008148193359375
78,4,80,2.8862557411193848,2.8861136436462402,-0.00014209747314453125
78,5,80,3.438019275665283,3.439199447631836,0.0011801719665527344
78,6,80,3.3919475078582764,3.391270637512207,-0.0006768703460693359
78,7,80,3.4152350425720215,3.416172742843628,0.0009377002716064453
78,8,80,3.153089761734009,3.1526782512664795,-0.0004115104675292969
78,9,80,3.3304457664489746,3.3300609588623047,-0.0003848075866699219
78,10,80,3.5688884258270264,3.568776845932007,-0.00011157989501953125
78,11,80,3.2549588680267334,3.252875566482544,-0.002083301544189453
78,12,80,3.4146108627319336,3.4144530296325684,-0.00015783309936523438
78,13,80,3.8476061820983887,3.846149206161499,-0.0014569759368896484
78,14,80,3.657538414001465,3.6573662757873535,-0.00017213821411132812
78,15,80,3.587043523788452,3.586451292037964,-0.0005922317504882812
78,16,80,3.9502198696136475,3.9496114253997803,-0.0006084442138671875
78,17,80,3.723813772201538,3.723623275756836,-0.00019049644470214844
78,18,80,2.9297897815704346,2.93049955368042,0.0007097721099853516
78,19,80,2.5255050659179688,2.525797128677368,0.00029206275939941406
79,0,80,3.4165947437286377,3.4155430793762207,-0.0010516643524169922
79,1,80,3.5705320835113525,3.5713014602661133,0.0007693767547607422
79,2,80,3.511489152908325,3.5116448402404785,0.0001556873321533203
79,3,80,3.035471200942993,3.0365066528320312,0.001035451889038086
79,4,80,2.8862557411193848,2.8860394954681396,-0.0002162456512451172
79,5,80,3.438019275665283,3.438836097717285,0.0008168220520019531
79,6,80,3.3919475078582764,3.391923427581787,-2.4080276489257812e-05
79,7,80,3.4152350425720215,3.415351629257202,0.00011658668518066406
79,8,80,3.153089761734009,3.15352201461792,0.0004322528839111328
79,9,80,3.3304457664489746,3.3311891555786133,0.0007433891296386719
79,10,80,3.5688884258270264,3.5691866874694824,0.0002982616424560547
79,11,80,3.2549588680267334,3.2530322074890137,-0.0019266605377197266
79,12,80,3.4146108627319336,3.4145636558532715,-4.7206878662109375e-05
79,13,80,3.8476061820983887,3.8482160568237305,0.0006098747253417969
79,14,80,3.657538414001465,3.657266855239868,-0.0002715587615966797
79,15,80,3.587043523788452,3.587810754776001,0.0007672309875488281
79,16,80,3.9502198696136475,3.9495604038238525,-0.0006594657897949219
79,17,80,3.723813772201538,3.7263193130493164,0.0025055408477783203
79,18,80,2.9297897815704346,2.936180830001831,0.006391048431396484
79,19,80,2.5255050659179688,2.533730983734131,0.00822591781616211
80,0,80,3.4165947437286377,3.4165897369384766,-5.0067901611328125e-06
80,1,80,3.5705320835113525,3.5713043212890625,0.0007722377777099609
80,2,80,3.511489152908325,3.511202335357666,-0.0002868175506591797
80,3,80,3.035471200942993,3.0362308025360107,0.0007596015930175781
80,4,80,2.8862557411193848,2.886431932449341,0.0001761913299560547
80,5,80,3.438019275665283,3.438075065612793,5.5789947509765625e-05
80,6,80,3.3919475078582764,3.392822742462158,0.0008752346038818359
80,7,80,3.4152350425720215,3.415757179260254,0.0005221366882324219
80,8,80,3.153089761734009,3.1548125743865967,0.0017228126525878906
80,9,80,3.3304457664489746,3.329216957092285,-0.0012288093566894531
80,10,80,3.5688884258270264,3.5684733390808105,-0.0004150867462158203
80,11,80,3.2549588680267334,3.2572574615478516,0.002298593521118164
80,12,80,3.4146108627319336,3.4148271083831787,0.0002162456512451172
80,13,80,3.8476061820983887,3.8455288410186768,-0.002077341079711914
80,14,80,3.657538414001465,3.657938241958618,0.0003998279571533203
80,15,80,3.587043523788452,3.58764386177063,0.0006003379821777344
80,16,80,3.9502198696136475,3.949154853820801,-0.0010650157928466797
80,17,80,3.723813772201538,3.7269535064697266,0.0031397342681884766
80,18,80,2.9297897815704346,2.9294278621673584,-0.0003619194030761719
80,19,80,2.5255050659179688,2.5235605239868164,-0.0019445419311523438
81,0,80,3.4165947437286377,3.416788101196289,0.0001933574676513672
81,1,80,3.5705320835113525,3.569502115249634,-0.00102996826171875
81,2,80,3.511489152908325,3.5160748958587646,0.004585742950439453
81,3,80,3.035471200942993,3.035539150238037,6.794929504394531e-05
81,4,80,2.8862557411193848,2.887758493423462,0.0015027523040771484
81,5,80,3.438019275665283,3.43951678276062,0.001497507095336914
81,6,80,3.3919475078582764,3.3925094604492188,0.0005619525909423828
81,7,80,3.4152350425720215,3.4166488647460938,0.0014138221740722656
81,8,80,3.153089761734009,3.151590585708618,-0.001499176025390625
81,9,80,3.3304457664489746,3.331667900085449,0.0012221336364746094
81,10,80,3.5688884258270264,3.569096326828003,0.0002079010009765625
81,11,80,3.2549588680267334,3.2549915313720703,3.266334533691406e-05
81,12,80,3.4146108627319336,3.415118455886841,0.0005075931549072266
81,13,80,3.8476061820983887,3.845402240753174,-0.0022039413452148438
81,14,80,3.657538414001465,3.658470630645752,0.0009322166442871094
81,15,80,3.587043523788452,3.588069200515747,0.0010256767272949219
81,16,80,3.9502198696136475,3.949732542037964,-0.00048732757568359375
81,17,80,3.723813772201538,3.723628044128418,-0.0001857280731201172
81,18,80,2.9297897815704346,2.92966628074646,-0.00012350082397460938
81,19,80,2.5255050659179688,2.5233750343322754,-0.0021300315856933594
82,0,80,3.4165947437286377,3.414907217025757,-0.0016875267028808594
82,1,80,3.5705320835113525,3.570643424987793,0.00011134147644042969
82,2,80,3.511489152908325,3.5104055404663086,-0.0010836124420166016
82,3,80,3.035471200942993,3.035074234008789,-0.00039696693420410156
82,4,80,2.8862557411193848,2.8855366706848145,-0.0007190704345703125
82,5,80,3.438019275665283,3.4379217624664307,-9.751319885253906e-05
82,6,80,3.3919475078582764,3.391578197479248,-0.0003693103790283203
82,7,80,3.4152350425720215,3.414325475692749,-0.0009095668792724609
82,8,80,3.153089761734009,3.1527156829833984,-0.00037407875061035156
82,9,80,3.3304457664489746,3.3298134803771973,-0.0006322860717773438
82,10,80,3.5688884258270264,3.5677781105041504,-0.0011103153228759766
82,11,80,3.2549588680267334,3.2547576427459717,-0.00020122528076171875
82,12,80,3.4146108627319336,3.413985013961792,-0.0006258487701416016
82,13,80,3.8476061820983887,3.8470749855041504,-0.0005311965942382812
82,14,80,3.657538414001465,3.656848669052124,-0.0006897449493408203
82,15,80,3.587043523788452,3.5881364345550537,0.0010929107666015625
82,16,80,3.9502198696136475,3.9498932361602783,-0.0003266334533691406
82,17,80,3.723813772201538,3.726163864135742,0.0023500919342041016
82,18,80,2.9297897815704346,2.9345908164978027,0.004801034927368164
82,19,80,2.5255050659179688,2.534456968307495,0.008951902389526367
83,0,80,3.4165947437286377,3.4160821437835693,-0.0005125999450683594
83,1,80,3.5705320835113525,3.571422815322876,0.0008907318115234375
83,2,80,3.511489152908325,3.5134074687957764,0.0019183158874511719
83,3,80,3.035471200942993,3.035738706588745,0.0002675056457519531
83,4,80,2.8862557411193848,2.886082887649536,-0.0001728534698486328
83,5,80,3.438019275665283,3.439126968383789,0.0011076927185058594
83,6,80,3.3919475078582764,3.392000198364258,5.269050598144531e-05
83,7,80,3.4152350425720215,3.4164316654205322,0.0011966228485107422
83,8,80,3.153089761734009,3.15447735786438,0.0013875961303710938
83,9,80,3.3304457664489746,3.331986427307129,0.0015406608581542969
83,10,80,3.5688884258270264,3.569267511367798,0.0003790855407714844
83,11,80,3.2549588680267334,3.2564003467559814,0.0014414787292480469
83,12,80,3.4146108627319336,3.4139316082000732,-0.0006792545318603516
83,13,80,3.8476061820983887,3.8487565517425537,0.001150369644165039
83,14,80,3.657538414001465,3.658432722091675,0.0008943080902099609
83,15,80,3.587043523788452,3.5856690406799316,-0.0013744831085205078
83,16,80,3.9502198696136475,3.9497008323669434,-0.0005190372467041016
83,17,80,3.723813772201538,3.7238640785217285,5.030632019042969e-05
83,18,80,2.9297897815704346,2.929889678955078,9.989738464355469e-05
83,19,80,2.5255050659179688,2.5232467651367188,-0.00225830078125
84,0,80,3.4165947437286377,3.415785551071167,-0.0008091926574707031
84,1,80,3.5705320835113525,3.5690221786499023,-0.0015099048614501953
84,2,80,3.511489152908325,3.5106918811798096,-0.000797271728515625
84,3,80,3.035471200942993,3.03629732131958,0.0008261203765869141
84,4,80,2.8862557411193848,2.8858275413513184,-0.00042819976806640625
84,5,80,3.438019275665283,3.4367995262145996,-0.0012197494506835938
84,6,80,3.3919475078582764,3.3911964893341064,-0.0007510185241699219
84,7,80,3.4152350425720215,3.4149539470672607,-0.0002810955047607422
84,8,80,3.153089761734009,3.1543054580688477,0.0012156963348388672
84,9,80,3.3304457664489746,3.3306870460510254,0.00024127960205078125
84,10,80,3.5688884258270264,3.5681324005126953,-0.0007560253143310547
84,11,80,3.2549588680267334,3.2567169666290283,0.0017580986022949219
84,12,80,3.4146108627319336,3.413224697113037,-0.0013861656188964844
84,13,80,3.8476061820983887,3.8478269577026367,0.00022077560424804688
84,14,80,3.657538414001465,3.6568140983581543,-0.0007243156433105469
84,15,80,3.587043523788452,3.5851387977600098,-0.0019047260284423828
84,16,80,3.9502198696136475,3.9494762420654297,-0.0007436275482177734
84,17,80,3.723813772201538,3.7256977558135986,0.0018839836120605469
84,18,80,2.9297897815704346,2.928934097290039,-0.0008556842803955078
84,19,80,2.5255050659179688,2.526531934738159,0.0010268688201904297
85,0,80,3.4165947437286377,3.4166419506073,4.7206878662109375e-05
85,1,80,3.5705320835113525,3.5704665184020996,-6.556510925292969e-05
85,2,80,3.511489152908325,3.5115344524383545,4.5299530029296875e-05
85,3,80,3.035471200942993,3.0339412689208984,-0.0015299320220947266
85,4,80,2.8862557411193848,2.8863511085510254,9.5367431640625e-05
85,5,80,3.438019275665283,3.439286231994629,0.0012669563293457031
85,6,80,3.3919475078582764,3.3939433097839355,0.0019958019256591797
85,7,80,3.4152350425720215,3.413912057876587,-0.0013229846954345703
85,8,80,3.153089761734009,3.154639720916748,0.0015499591827392578
85,9,80,3.3304457664489746,3.3316996097564697,0.0012538433074951172
85,10,80,3.5688884258270264,3.568713903427124,-0.00017452239990234375
85,11,80,3.2549588680267334,3.255126476287842,0.00016760826110839844
85,12,80,3.4146108627319336,3.4149646759033203,0.00035381317138671875
85,13,80,3.8476061820983887,3.8484621047973633,0.0008559226989746094
85,14,80,3.657538414001465,3.657667398452759,0.0001289844512939453
85,15,80,3.587043523788452,3.5873303413391113,0.0002868175506591797
85,16,80,3.9502198696136475,3.9508137702941895,0.0005939006805419922
85,17,80,3.723813772201538,3.725464105606079,0.0016503334045410156
85,18,80,2.9297897815704346,2.9296317100524902,-0.00015807151794433594
85,19,80,2.5255050659179688,2.5233874320983887,-0.002117633819580078
86,0,80,3.4165947437286377,3.4161224365234375,-0.0004723072052001953
86,1,80,3.5705320835113525,3.57110333442688,0.0005712509155273438
86,2,80,3.511489152908325,3.510798931121826,-0.0006902217864990234
86,3,80,3.035471200942993,3.0364646911621094,0.000993490219116211
86,4,80,2.8862557411193848,2.8880951404571533,0.0018393993377685547
86,5,80,3.438019275665283,3.440096616744995,0.002077341079711914
86,6,80,3.3919475078582764,3.3917860984802246,-0.0001614093780517578
86,7,80,3.4152350425720215,3.4161674976348877,0.0009324550628662109
86,8,80,3.153089761734009,3.1546378135681152,0.0015480518341064453
86,9,80,3.3304457664489746,3.3308653831481934,0.00041961669921875
86,10,80,3.5688884258270264,3.56709361076355,-0.0017948150634765625
86,11,80,3.2549588680267334,3.2556278705596924,0.0006690025329589844
86,12,80,3.4146108627319336,3.414591073989868,-1.9788742065429688e-05
86,13,80,3.8476061820983887,3.846967935562134,-0.0006382465362548828
86,14,80,3.657538414001465,3.6568758487701416,-0.0006625652313232422
86,15,80,3.587043523788452,3.5861198902130127,-0.0009236335754394531
86,16,80,3.9502198696136475,3.9492077827453613,-0.0010120868682861328
86,17,80,3.723813772201538,3.721578359603882,-0.00223541259765625
86,18,80,2.9297897815704346,2.929507255554199,-0.00028252601623535156
86,19,80,2.5255050659179688,2.5261337757110596,0.0006287097930908203
87,0,80,3.4165947437286377,3.4170007705688477,0.00040602684020996094
87,1,80,3.5705320835113525,3.5695319175720215,-0.0010001659393310547
87,2,80,3.511489152908325,3.5130419731140137,0.0015528202056884766
87,3,80,3.035471200942993,3.035064697265625,-0.00040650367736816406
87,4,80,2.8862557411193848,2.8899481296539307,0.0036923885345458984
87,5,80,3.438019275665283,3.4405486583709717,0.0025293827056884766
87,6,80,3.3919475078582764,3.390582323074341,-0.0013651847839355469
87,7,80,3.4152350425720215,3.415801525115967,0.0005664825439453125
87,8,80,3.153089761734009,3.154252529144287,0.0011627674102783203
87,9,80,3.3304457664489746,3.331470251083374,0.001024484634399414
87,10,80,3.5688884258270264,3.569723606109619,0.0008351802825927734
87,11,80,3.2549588680267334,3.257803440093994,0.002844572067260742
87,12,80,3.4146108627319336,3.416003465652466,0.0013926029205322266
87,13,80,3.8476061820983887,3.8458869457244873,-0.0017192363739013672
87,14,80,3.657538414001465,3.6579220294952393,0.00038361549377441406
87,15,80,3.587043523788452,3.587280750274658,0.0002372264862060547
87,16,80,3.9502198696136475,3.9502408504486084,2.09808349609375e-05
87,17,80,3.723813772201538,3.727236747741699,0.003422975540161133
87,18,80,2.9297897815704346,2.9292056560516357,-0.0005841255187988281
87,19,80,2.5255050659179688,2.526007652282715,0.0005025863647460938
88,0,80,3.4165947437286377,3.4162962436676025,-0.00029850006103515625
88,1,80,3.5705320835113525,3.570335626602173,-0.0001964569091796875
88,2,80,3.511489152908325,3.511155366897583,-0.0003337860107421875
88,3,80,3.035471200942993,3.0357627868652344,0.00029158592224121094
88,4,80,2.8862557411193848,2.8860418796539307,-0.00021386146545410156
88,5,80,3.438019275665283,3.43898344039917,0.0009641647338867188
88,6,80,3.3919475078582764,3.392148971557617,0.0002014636993408203
88,7,80,3.4152350425720215,3.4164741039276123,0.0012390613555908203
88,8,80,3.153089761734009,3.1538400650024414,0.0007503032684326172
88,9,80,3.3304457664489746,3.330214738845825,-0.00023102760314941406
88,10,80,3.5688884258270264,3.570277214050293,0.0013887882232666016
88,11,80,3.2549588680267334,3.257601261138916,0.002642393112182617
88,12,80,3.4146108627319336,3.4151201248168945,0.0005092620849609375
88,13,80,3.8476061820983887,3.8482372760772705,0.0006310939788818359
88,14,80,3.657538414001465,3.659318208694458,0.001779794692993164
88,15,80,3.587043523788452,3.588222026824951,0.0011785030364990234
88,16,80,3.9502198696136475,3.9485549926757812,-0.001664876937866211
88,17,80,3.723813772201538,3.7233943939208984,-0.00041937828063964844
88,18,80,2.9297897815704346,2.930591344833374,0.0008015632629394531
88,19,80,2.5255050659179688,2.5248587131500244,-0.0006463527679443359
89,0,80,3.4165947437286377,3.4171500205993652,0.0005552768707275391
89,1,80,3.5705320835113525,3.5707406997680664,0.0002086162567138672
89,2,80,3.511489152908325,3.5105996131896973,-0.0008895397186279297
89,3,80,3.035471200942993,3.036205530166626,0.0007343292236328125
89,4,80,2.8862557411193848,2.884586811065674,-0.0016689300537109375
89,5,80,3.438019275665283,3.4374783039093018,-0.0005409717559814453
89,6,80,3.3919475078582764,3.3933680057525635,0.0014204978942871094
89,7,80,3.4152350425720215,3.4160380363464355,0.0008029937744140625
89,8,80,3.153089761734009,3.153388023376465,0.0002982616424560547
89,9,80,3.3304457664489746,3.332397222518921,0.001951456069946289
89,10,80,3.5688884258270264,3.5691874027252197,0.0002989768981933594
89,11,80,3.2549588680267334,3.2546637058258057,-0.0002951622009277344
89,12,80,3.4146108627319336,3.4141485691070557,-0.0004622936248779297
89,13,80,3.8476061820983887,3.8474907875061035,-0.00011539459228515625
89,14,80,3.657538414001465,3.6591668128967285,0.0016283988952636719
89,15,80,3.587043523788452,3.5858094692230225,-0.0012340545654296875
89,16,80,3.9502198696136475,3.950249195098877,2.9325485229492188e-05
89,17,80,3.723813772201538,3.723613977432251,-0.00019979476928710938
89,18,80,2.9297897815704346,2.9289333820343018,-0.0008563995361328125
89,19,80,2.5255050659179688,2.524892568588257,-0.0006124973297119141
90,0,80,3.4165947437286377,3.4171507358551025,0.0005559921264648438
90,1,80,3.5705320835113525,3.5694546699523926,-0.001077413558959961
90,2,80,3.511489152908325,3.5108797550201416,-0.0006093978881835938
90,3,80,3.035471200942993,3.0340983867645264,-0.0013728141784667969
90,4,80,2.8862557411193848,2.8863117694854736,5.602836608886719e-05
90,5,80,3.438019275665283,3.4367969036102295,-0.001222372055053711
90,6,80,3.3919475078582764,3.3904411792755127,-0.0015063285827636719
90,7,80,3.4152350425720215,3.4153120517730713,7.700920104980469e-05
90,8,80,3.153089761734009,3.1541826725006104,0.0010929107666015625
90,9,80,3.3304457664489746,3.3301587104797363,-0.00028705596923828125
90,10,80,3.5688884258270264,3.5688047409057617,-8.368492126464844e-05
90,11,80,3.2549588680267334,3.2527921199798584,-0.002166748046875
90,12,80,3.4146108627319336,3.4147117137908936,0.00010085105895996094
90,13,80,3.8476061820983887,3.8458616733551025,-0.0017445087432861328
90,14,80,3.657538414001465,3.6569440364837646,-0.0005943775177001953
90,15,80,3.587043523788452,3.5981554985046387,0.011111974716186523
90,16,80,3.9502198696136475,3.9512739181518555,0.0010540485382080078
90,17,80,3.723813772201538,3.723062515258789,-0.0007512569427490234
90,18,80,2.9297897815704346,2.928499221801758,-0.0012905597686767578
90,19,80,2.5255050659179688,2.5270090103149414,0.0015039443969726562
91,0,80,3.4165947437286377,3.417409896850586,0.0008151531219482422
91,1,80,3.5705320835113525,3.571610450744629,0.0010783672332763672
91,2,80,3.511489152908325,3.511160373687744,-0.0003287792205810547
91,3,80,3.035471200942993,3.035299777984619,-0.00017142295837402344
91,4,80,2.8862557411193848,2.8879687786102295,0.0017130374908447266
91,5,80,3.438019275665283,3.439807176589966,0.0017879009246826172
91,6,80,3.3919475078582764,3.3937134742736816,0.0017659664154052734
91,7,80,3.4152350425720215,3.415064811706543,-0.00017023086547851562
91,8,80,3.153089761734009,3.15512752532959,0.0020377635955810547
91,9,80,3.3304457664489746,3.3325650691986084,0.002119302749633789
91,10,80,3.5688884258270264,3.5688953399658203,6.9141387939453125e-06
91,11,80,3.2549588680267334,3.2554609775543213,0.0005021095275878906
91,12,80,3.4146108627319336,3.4150567054748535,0.0004458427429199219
91,13,80,3.8476061820983887,3.8494820594787598,0.0018758773803710938
91,14,80,3.657538414001465,3.6584503650665283,0.0009119510650634766
91,15,80,3.587043523788452,3.5858418941497803,-0.001201629638671875
91,16,80,3.9502198696136475,3.949477195739746,-0.0007426738739013672
91,17,80,3.723813772201538,3.7241883277893066,0.0003745555877685547
91,18,80,2.9297897815704346,2.9293320178985596,-0.000457763671875
91,19,80,2.5255050659179688,2.5243966579437256,-0.001108407974243164
92,0,80,3.4165947437286377,3.416259765625,-0.0003349781036376953
92,1,80,3.5705320835113525,3.570821523666382,0.0002894401550292969
92,2,80,3.511489152908325,3.5111865997314453,-0.0003025531768798828
92,3,80,3.035471200942993,3.0351436138153076,-0.0003275871276855469
92,4,80,2.8862557411193848,2.8862898349761963,3.409385681152344e-05
92,5,80,3.438019275665283,3.437664031982422,-0.0003552436828613281
92,6,80,3.3919475078582764,3.3913986682891846,-0.0005488395690917969
92,7,80,3.4152350425720215,3.415950298309326,0.0007152557373046875
92,8,80,3.153089761734009,3.1509745121002197,-0.0021152496337890625
92,9,80,3.3304457664489746,3.330139636993408,-0.00030612945556640625
92,10,80,3.5688884258270264,3.568350315093994,-0.0005381107330322266
92,11,80,3.2549588680267334,3.2570536136627197,0.002094745635986328
92,12,80,3.4146108627319336,3.4151523113250732,0.0005414485931396484
92,13,80,3.8476061820983887,3.8485195636749268,0.0009133815765380859
92,14,80,3.657538414001465,3.656723737716675,-0.0008146762847900391
92,15,80,3.587043523788452,3.5885016918182373,0.0014581680297851562
92,16,80,3.9502198696136475,3.951127767562866,0.00090789794921875
92,17,80,3.723813772201538,3.7262818813323975,0.002468109130859375
92,18,80,2.9297897815704346,2.929227828979492,-0.0005619525909423828
92,19,80,2.5255050659179688,2.5247974395751953,-0.0007076263427734375
93,0,80,3.4165947437286377,3.417203187942505,0.0006084442138671875
93,1,80,3.5705320835113525,3.5717546939849854,0.0012226104736328125
93,2,80,3.511489152908325,3.511669397354126,0.00018024444580078125
93,3,80,3.035471200942993,3.035426139831543,-4.506111145019531e-05
93,4,80,2.8862557411193848,2.888611078262329,0.002355337142944336
93,5,80,3.438019275665283,3.4396917819976807,0.001672506332397461
93,6,80,3.3919475078582764,3.392554998397827,0.0006074905395507812
93,7,80,3.4152350425720215,3.4147706031799316,-0.00046443939208984375
93,8,80,3.153089761734009,3.153503656387329,0.0004138946533203125
93,9,80,3.3304457664489746,3.331672191619873,0.0012264251708984375
93,10,80,3.5688884258270264,3.5704262256622314,0.0015377998352050781
93,11,80,3.2549588680267334,3.2554128170013428,0.000453948974609375
93,12,80,3.4146108627319336,3.4141159057617188,-0.0004949569702148438
93,13,80,3.8476061820983887,3.8485536575317383,0.0009474754333496094
93,14,80,3.657538414001465,3.657413959503174,-0.00012445449829101562
93,15,80,3.587043523788452,3.5858397483825684,-0.001203775405883789
93,16,80,3.9502198696136475,3.9517414569854736,0.0015215873718261719
93,17,80,3.723813772201538,3.723912000656128,9.822845458984375e-05
93,18,80,2.9297897815704346,2.9304463863372803,0.0006566047668457031
93,19,80,2.5255050659179688,2.5260801315307617,0.0005750656127929688
94,0,80,3.4165947437286377,3.41634464263916,-0.00025010108947753906
94,1,80,3.5705320835113525,3.5706734657287598,0.00014138221740722656
94,2,80,3.511489152908325,3.5107083320617676,-0.0007808208465576172
94,3,80,3.035471200942993,3.0347495079040527,-0.0007216930389404297
94,4,80,2.8862557411193848,2.8855292797088623,-0.0007264614105224609
94,5,80,3.438019275665283,3.440293312072754,0.002274036407470703
94,6,80,3.3919475078582764,3.392756700515747,0.0008091926574707031
94,7,80,3.4152350425720215,3.4135324954986572,-0.0017025470733642578
94,8,80,3.153089761734009,3.153554916381836,0.00046515464782714844
94,9,80,3.3304457664489746,3.3316330909729004,0.0011873245239257812
94,10,80,3.5688884258270264,3.5690059661865234,0.00011754035949707031
94,11,80,3.2549588680267334,3.2555978298187256,0.0006389617919921875
94,12,80,3.4146108627319336,3.415344715118408,0.0007338523864746094
94,13,80,3.8476061820983887,3.845632314682007,-0.001973867416381836
94,14,80,3.657538414001465,3.6575074195861816,-3.0994415283203125e-05
94,15,80,3.587043523788452,3.5875866413116455,0.0005431175231933594
94,16,80,3.9502198696136475,3.951047658920288,0.000827789306640625
94,17,80,3.723813772201538,3.7226264476776123,-0.0011873245239257812
94,18,80,2.9297897815704346,2.9302804470062256,0.0004906654357910156
94,19,80,2.5255050659179688,2.525299310684204,-0.00020575523376464844
95,0,80,3.4165947437286377,3.417909860610962,0.0013151168823242188
95,1,80,3.5705320835113525,3.5713818073272705,0.0008497238159179688
95,2,80,3.511489152908325,3.5123467445373535,0.0008575916290283203
95,3,80,3.035471200942993,3.0349206924438477,-0.0005505084991455078
95,4,80,2.8862557411193848,2.887145519256592,0.0008897781372070312
95,5,80,3.438019275665283,3.439279079437256,0.0012598037719726562
95,6,80,3.3919475078582764,3.3920035362243652,5.602836608886719e-05
95,7,80,3.4152350425720215,3.4165821075439453,0.0013470649719238281
95,8,80,3.153089761734009,3.1535720825195312,0.00048232078552246094
95,9,80,3.3304457664489746,3.33056902885437,0.0001232624053955078
95,10,80,3.5688884258270264,3.5695912837982178,0.0007028579711914062
95,11,80,3.2549588680267334,3.2540102005004883,-0.0009486675262451172
95,12,80,3.4146108627319336,3.414306879043579,-0.0003039836883544922
95,13,80,3.8476061820983887,3.8466970920562744,-0.0009090900421142578
95,14,80,3.657538414001465,3.6566860675811768,-0.0008523464202880859
95,15,80,3.587043523788452,3.598198175430298,0.011154651641845703
95,16,80,3.9502198696136475,3.9510998725891113,0.0008800029754638672
95,17,80,3.723813772201538,3.7231037616729736,-0.0007100105285644531
95,18,80,2.9297897815704346,2.9288742542266846,-0.00091552734375
95,19,80,2.5255050659179688,2.5244603157043457,-0.0010447502136230469
96,0,80,3.4165947437286377,3.416260242462158,-0.0003345012664794922
96,1,80,3.5705320835113525,3.5712146759033203,0.0006825923919677734
96,2,80,3.511489152908325,3.50907039642334,-0.0024187564849853516
96,3,80,3.035471200942993,3.0363340377807617,0.0008628368377685547
96,4,80,2.8862557411193848,2.8879706859588623,0.001714944839477539
96,5,80,3.438019275665283,3.4391746520996094,0.0011553764343261719
96,6,80,3.3919475078582764,3.3918228149414062,-0.0001246929168701172
96,7,80,3.4152350425720215,3.4154064655303955,0.00017142295837402344
96,8,80,3.153089761734009,3.151564359664917,-0.0015254020690917969
96,9,80,3.3304457664489746,3.3306353092193604,0.0001895427703857422
96,10,80,3.5688884258270264,3.567972183227539,-0.0009162425994873047
96,11,80,3.2549588680267334,3.2591636180877686,0.004204750061035156
96,12,80,3.4146108627319336,3.416023015975952,0.0014121532440185547
96,13,80,3.8476061820983887,3.847282886505127,-0.00032329559326171875
96,14,80,3.657538414001465,3.657634735107422,9.632110595703125e-05
96,15,80,3.587043523788452,3.5862324237823486,-0.0008111000061035156
96,16,80,3.9502198696136475,3.9488439559936523,-0.0013759136199951172
96,17,80,3.723813772201538,3.7238802909851074,6.651878356933594e-05
96,18,80,2.9297897815704346,2.9291367530822754,-0.0006530284881591797
96,19,80,2.5255050659179688,2.526942014694214,0.0014369487762451172
97,0,80,3.4165947437286377,3.417386770248413,0.0007920265197753906
97,1,80,3.5705320835113525,3.570880174636841,0.00034809112548828125
97,2,80,3.511489152908325,3.5105013847351074,-0.0009877681732177734
97,3,80,3.035471200942993,3.0355262756347656,5.507469177246094e-05
97,4,80,2.8862557411193848,2.885955333709717,-0.00030040740966796875
97,5,80,3.438019275665283,3.437776565551758,-0.00024271011352539062
97,6,80,3.3919475078582764,3.3920516967773438,0.00010418891906738281
97,7,80,3.4152350425720215,3.4148664474487305,-0.0003685951232910156
97,8,80,3.153089761734009,3.153870105743408,0.0007803440093994141
97,9,80,3.3304457664489746,3.331432580947876,0.0009868144989013672
97,10,80,3.5688884258270264,3.5679256916046143,-0.0009627342224121094
97,11,80,3.2549588680267334,3.2544801235198975,-0.0004787445068359375
97,12,80,3.4146108627319336,3.4157636165618896,0.0011527538299560547
97,13,80,3.8476061820983887,3.8471851348876953,-0.0004210472106933594
97,14,80,3.657538414001465,3.6574392318725586,-9.918212890625e-05
97,15,80,3.587043523788452,3.5883376598358154,0.0012941360473632812
97,16,80,3.9502198696136475,3.9501514434814453,-6.842613220214844e-05
97,17,80,3.723813772201538,3.7250466346740723,0.0012328624725341797
97,18,80,2.9297897815704346,2.9300379753112793,0.00024819374084472656
97,19,80,2.5255050659179688,2.526679754257202,0.0011746883392333984
98,0,80,3.4165947437286377,3.4156856536865234,-0.0009090900421142578
98,1,80,3.5705320835113525,3.5699751377105713,-0.00055694580078125
98,2,80,3.511489152908325,3.510702610015869,-0.0007865428924560547
98,3,80,3.035471200942993,3.035334587097168,-0.0001366138458251953
98,4,80,2.8862557411193848,2.886232376098633,-2.3365020751953125e-05
98,5,80,3.438019275665283,3.4372501373291016,-0.0007691383361816406
98,6,80,3.3919475078582764,3.3936362266540527,0.0016887187957763672
98,7,80,3.4152350425720215,3.4163784980773926,0.0011434555053710938
98,8,80,3.153089761734009,3.15378475189209,0.0006949901580810547
98,9,80,3.3304457664489746,3.330582857131958,0.00013709068298339844
98,10,80,3.5688884258270264,3.568838119506836,-5.030632019042969e-05
98,11,80,3.2549588680267334,3.2541959285736084,-0.000762939453125
98,12,80,3.4146108627319336,3.4143588542938232,-0.00025200843811035156
98,13,80,3.8476061820983887,3.8466079235076904,-0.0009982585906982422
98,14,80,3.657538414001465,3.6586315631866455,0.001093149185180664
98,15,80,3.587043523788452,3.586355686187744,-0.0006878376007080078
98,16,80,3.9502198696136475,3.950140953063965,-7.891654968261719e-05
98,17,80,3.723813772201538,3.7231533527374268,-0.0006604194641113281
98,18,80,2.9297897815704346,2.9296634197235107,-0.00012636184692382812
98,19,80,2.5255050659179688,2.5246012210845947,-0.0009038448333740234
99,0,80,3.4165947437286377,3.417320966720581,0.0007262229919433594
99,1,80,3.5705320835113525,3.5717356204986572,0.0012035369873046875
99,2,80,3.511489152908325,3.5128519535064697,0.0013628005981445312
99,3,80,3.035471200942993,3.035975933074951,0.0005047321319580078
99,4,80,2.8862557411193848,2.8873627185821533,0.0011069774627685547
99,5,80,3.438019275665283,3.4392056465148926,0.001186370849609375
99,6,80,3.3919475078582764,3.3921895027160645,0.00024199485778808594
99,7,80,3.4152350425720215,3.418989419937134,0.0037543773651123047
99,8,80,3.153089761734009,3.1546823978424072,0.0015926361083984375
99,9,80,3.3304457664489746,3.331402540206909,0.0009567737579345703
99,10,80,3.5688884258270264,3.568561553955078,-0.0003268718719482422
99,11,80,3.2549588680267334,3.254063367843628,-0.0008955001831054688
99,12,80,3.4146108627319336,3.4156525135040283,0.0010416507720947266
99,13,80,3.8476061820983887,3.8462636470794678,-0.0013425350189208984
99,14,80,3.657538414001465,3.657198190689087,-0.0003402233123779297
99,15,80,3.587043523788452,3.5874686241149902,0.00042510032653808594
99,16,80,3.9502198696136475,3.9486889839172363,-0.0015308856964111328
99,17,80,3.723813772201538,3.724384069442749,0.0005702972412109375
99,18,80,2.9297897815704346,2.9286577701568604,-0.0011320114135742188
99,19,80,2.5255050659179688,2.5264534950256348,0.0009484291076660156
