subset,query,n_removed,baseline_loss,filtered_loss,loss_change
0,0,160,3.4126009941101074,3.411593437194824,-0.0010075569152832031
0,1,160,3.544827938079834,3.543017625808716,-0.001810312271118164
0,2,160,3.4616475105285645,3.461738348007202,9.083747863769531e-05
0,3,160,3.0004239082336426,3.0000996589660645,-0.000324249267578125
0,4,160,2.837808132171631,2.8361892700195312,-0.0016188621520996094
0,5,160,3.3482909202575684,3.3492090702056885,0.0009181499481201172
0,6,160,3.3392398357391357,3.3359811305999756,-0.0032587051391601562
0,7,160,3.3503782749176025,3.3499233722686768,-0.00045490264892578125
0,8,160,3.0591254234313965,3.0587165355682373,-0.0004088878631591797
0,9,160,3.2810792922973633,3.280954360961914,-0.00012493133544921875
0,10,160,3.503070116043091,3.5027358531951904,-0.0003342628479003906
0,11,160,3.1409263610839844,3.1435747146606445,0.0026483535766601562
0,12,160,3.3394811153411865,3.338999032974243,-0.0004820823669433594
0,13,160,3.805089235305786,3.8020641803741455,-0.003025054931640625
0,14,160,3.6385691165924072,3.6409506797790527,0.002381563186645508
0,15,160,3.5610852241516113,3.560567617416382,-0.0005176067352294922
0,16,160,3.9213132858276367,3.9219441413879395,0.0006308555603027344
0,17,160,3.591649055480957,3.5917811393737793,0.00013208389282226562
0,18,160,2.9101169109344482,2.9101827144622803,6.580352783203125e-05
0,19,160,2.5035877227783203,2.5027849674224854,-0.0008027553558349609
1,0,160,3.4126009941101074,3.4128811359405518,0.00028014183044433594
1,1,160,3.544827938079834,3.545193672180176,0.0003657341003417969
1,2,160,3.4616475105285645,3.462958574295044,0.0013110637664794922
1,3,160,3.0004239082336426,2.999422550201416,-0.0010013580322265625
1,4,160,2.837808132171631,2.8372304439544678,-0.0005776882171630859
1,5,160,3.3482909202575684,3.348862648010254,0.0005717277526855469
1,6,160,3.3392398357391357,3.3364548683166504,-0.0027849674224853516
1,7,160,3.3503782749176025,3.3502073287963867,-0.0001709461212158203
1,8,160,3.0591254234313965,3.058370351791382,-0.0007550716400146484
1,9,160,3.2810792922973633,3.2805869579315186,-0.0004923343658447266
1,10,160,3.503070116043091,3.5039632320404053,0.0008931159973144531
1,11,160,3.1409263610839844,3.143582582473755,0.002656221389770508
1,12,160,3.3394811153411865,3.346562623977661,0.007081508636474609
1,13,160,3.805089235305786,3.8024210929870605,-0.002668142318725586
1,14,160,3.6385691165924072,3.6423518657684326,0.0037827491760253906
1,15,160,3.5610852241516113,3.560547113418579,-0.0005381107330322266
1,16,160,3.9213132858276367,3.923436403274536,0.002123117446899414
1,17,160,3.591649055480957,3.5883686542510986,-0.0032804012298583984
1,18,160,2.9101169109344482,2.910128593444824,1.1682510375976562e-05
1,19,160,2.5035877227783203,2.502645969390869,-0.0009417533874511719
2,0,160,3.4126009941101074,3.4120426177978516,-0.0005583763122558594
2,1,160,3.544827938079834,3.542686700820923,-0.002141237258911133
2,2,160,3.4616475105285645,3.4623119831085205,0.0006644725799560547
2,3,160,3.0004239082336426,2.9989192485809326,-0.001504659652709961
2,4,160,2.837808132171631,2.837947130203247,0.00013899803161621094
2,5,160,3.3482909202575684,3.3486313819885254,0.00034046173095703125
2,6,160,3.3392398357391357,3.3380260467529297,-0.0012137889862060547
2,7,160,3.3503782749176025,3.3503634929656982,-1.4781951904296875e-05
2,8,160,3.0591254234313965,3.0595102310180664,0.0003848075866699219
2,9,160,3.2810792922973633,3.2804720401763916,-0.0006072521209716797
2,10,160,3.503070116043091,3.5028250217437744,-0.00024509429931640625
2,11,160,3.1409263610839844,3.1458852291107178,0.0049588680267333984
2,12,160,3.3394811153411865,3.340625524520874,0.0011444091796875
2,13,160,3.805089235305786,3.8023033142089844,-0.002785921096801758
2,14,160,3.6385691165924072,3.6418423652648926,0.0032732486724853516
2,15,160,3.5610852241516113,3.5613293647766113,0.000244140625
2,16,160,3.9213132858276367,3.922572135925293,0.00125885009765625
2,17,160,3.591649055480957,3.5930750370025635,0.0014259815216064453
2,18,160,2.9101169109344482,2.9099576473236084,-0.00015926361083984375
2,19,160,2.5035877227783203,2.5015060901641846,-0.002081632614135742
3,0,160,3.4126009941101074,3.4109725952148438,-0.0016283988952636719
3,1,160,3.544827938079834,3.5453639030456543,0.0005359649658203125
3,2,160,3.4616475105285645,3.4640750885009766,0.0024275779724121094
3,3,160,3.0004239082336426,3.00053334236145,0.00010943412780761719
3,4,160,2.837808132171631,2.838266372680664,0.0004582405090332031
3,5,160,3.3482909202575684,3.348581075668335,0.00029015541076660156
3,6,160,3.3392398357391357,3.3368968963623047,-0.0023429393768310547
3,7,160,3.3503782749176025,3.3506417274475098,0.00026345252990722656
3,8,160,3.0591254234313965,3.058798313140869,-0.00032711029052734375
3,9,160,3.2810792922973633,3.280813217163086,-0.00026607513427734375
3,10,160,3.503070116043091,3.5032827854156494,0.00021266937255859375
3,11,160,3.1409263610839844,3.1433188915252686,0.0023925304412841797
3,12,160,3.3394811153411865,3.3394010066986084,-8.0108642578125e-05
3,13,160,3.805089235305786,3.8023476600646973,-0.002741575241088867
3,14,160,3.6385691165924072,3.64247727394104,0.0039081573486328125
3,15,160,3.5610852241516113,3.5621442794799805,0.0010590553283691406
3,16,160,3.9213132858276367,3.922513484954834,0.0012001991271972656
3,17,160,3.591649055480957,3.58870792388916,-0.002941131591796875
3,18,160,2.9101169109344482,2.9105310440063477,0.00041413307189941406
3,19,160,2.5035877227783203,2.50199294090271,-0.0015947818756103516
4,0,160,3.4126009941101074,3.4130749702453613,0.00047397613525390625
4,1,160,3.544827938079834,3.543405771255493,-0.0014221668243408203
4,2,160,3.4616475105285645,3.4610724449157715,-0.0005750656127929688
4,3,160,3.0004239082336426,3.0012619495391846,0.0008380413055419922
4,4,160,2.837808132171631,2.836026191711426,-0.0017819404602050781
4,5,160,3.3482909202575684,3.3488714694976807,0.0005805492401123047
4,6,160,3.3392398357391357,3.3390934467315674,-0.00014638900756835938
4,7,160,3.3503782749176025,3.3507890701293945,0.0004107952117919922
4,8,160,3.0591254234313965,3.058194637298584,-0.0009307861328125
4,9,160,3.2810792922973633,3.2812721729278564,0.00019288063049316406
4,10,160,3.503070116043091,3.5039873123168945,0.0009171962738037109
4,11,160,3.1409263610839844,3.1420648097991943,0.001138448715209961
4,12,160,3.3394811153411865,3.3476202487945557,0.00813913345336914
4,13,160,3.805089235305786,3.805615186691284,0.0005259513854980469
4,14,160,3.6385691165924072,3.638345718383789,-0.00022339820861816406
4,15,160,3.5610852241516113,3.561790704727173,0.0007054805755615234
4,16,160,3.9213132858276367,3.920736312866211,-0.0005769729614257812
4,17,160,3.591649055480957,3.5908827781677246,-0.0007662773132324219
4,18,160,2.9101169109344482,2.9104464054107666,0.0003294944763183594
4,19,160,2.5035877227783203,2.5031895637512207,-0.0003981590270996094
5,0,160,3.4126009941101074,3.4135258197784424,0.0009248256683349609
5,1,160,3.544827938079834,3.545433282852173,0.0006053447723388672
5,2,160,3.4616475105285645,3.460742712020874,-0.0009047985076904297
5,3,160,3.0004239082336426,2.9984488487243652,-0.0019750595092773438
5,4,160,2.837808132171631,2.8386566638946533,0.0008485317230224609
5,5,160,3.3482909202575684,3.348057746887207,-0.00023317337036132812
5,6,160,3.3392398357391357,3.3389811515808105,-0.0002586841583251953
5,7,160,3.3503782749176025,3.3515701293945312,0.001191854476928711
5,8,160,3.0591254234313965,3.059854745864868,0.0007293224334716797
5,9,160,3.2810792922973633,3.2816474437713623,0.0005681514739990234
5,10,160,3.503070116043091,3.503246307373047,0.0001761913299560547
5,11,160,3.1409263610839844,3.141265392303467,0.0003390312194824219
5,12,160,3.3394811153411865,3.338280200958252,-0.0012009143829345703
5,13,160,3.805089235305786,3.8058581352233887,0.0007688999176025391
5,14,160,3.6385691165924072,3.6388344764709473,0.00026535987854003906
5,15,160,3.5610852241516113,3.562938690185547,0.0018534660339355469
5,16,160,3.9213132858276367,3.9215126037597656,0.00019931793212890625
5,17,160,3.591649055480957,3.590803861618042,-0.0008451938629150391
5,18,160,2.9101169109344482,2.910060405731201,-5.650520324707031e-05
5,19,160,2.5035877227783203,2.5023510456085205,-0.0012366771697998047
6,0,160,3.4126009941101074,3.411464214324951,-0.00113677978515625
6,1,160,3.544827938079834,3.5459108352661133,0.0010828971862792969
6,2,160,3.4616475105285645,3.4601733684539795,-0.001474142074584961
6,3,160,3.0004239082336426,3.0006208419799805,0.00019693374633789062
6,4,160,2.837808132171631,2.836509943008423,-0.0012981891632080078
6,5,160,3.3482909202575684,3.346301317214966,-0.001989603042602539
6,6,160,3.3392398357391357,3.3370320796966553,-0.0022077560424804688
6,7,160,3.3503782749176025,3.350231409072876,-0.0001468658447265625
6,8,160,3.0591254234313965,3.059163808822632,3.838539123535156e-05
6,9,160,3.2810792922973633,3.278801679611206,-0.0022776126861572266
6,10,160,3.503070116043091,3.502976894378662,-9.322166442871094e-05
6,11,160,3.1409263610839844,3.13895845413208,-0.001967906951904297
6,12,160,3.3394811153411865,3.3390612602233887,-0.00041985511779785156
6,13,160,3.805089235305786,3.8050098419189453,-7.939338684082031e-05
6,14,160,3.6385691165924072,3.6404948234558105,0.0019257068634033203
6,15,160,3.5610852241516113,3.560864210128784,-0.00022101402282714844
6,16,160,3.9213132858276367,3.9207277297973633,-0.0005855560302734375
6,17,160,3.591649055480957,3.5921313762664795,0.00048232078552246094
6,18,160,2.9101169109344482,2.9095239639282227,-0.0005929470062255859
6,19,160,2.5035877227783203,2.503614902496338,2.7179718017578125e-05
7,0,160,3.4126009941101074,3.4124507904052734,-0.00015020370483398438
7,1,160,3.544827938079834,3.5452992916107178,0.00047135353088378906
7,2,160,3.4616475105285645,3.4614551067352295,-0.00019240379333496094
7,3,160,3.0004239082336426,3.0006754398345947,0.00025153160095214844
7,4,160,2.837808132171631,2.8381896018981934,0.0003814697265625
7,5,160,3.3482909202575684,3.3472793102264404,-0.0010116100311279297
7,6,160,3.3392398357391357,3.339716672897339,0.000476837158203125
7,7,160,3.3503782749176025,3.3509016036987305,0.0005233287811279297
7,8,160,3.0591254234313965,3.058366537094116,-0.0007588863372802734
7,9,160,3.2810792922973633,3.280843496322632,-0.0002357959747314453
7,10,160,3.503070116043091,3.5032291412353516,0.0001590251922607422
7,11,160,3.1409263610839844,3.1411240100860596,0.0001976490020751953
7,12,160,3.3394811153411865,3.3397233486175537,0.0002422332763671875
7,13,160,3.805089235305786,3.8052549362182617,0.00016570091247558594
7,14,160,3.6385691165924072,3.6393041610717773,0.0007350444793701172
7,15,160,3.5610852241516113,3.562481641769409,0.0013964176177978516
7,16,160,3.9213132858276367,3.9221417903900146,0.0008285045623779297
7,17,160,3.591649055480957,3.59055233001709,-0.0010967254638671875
7,18,160,2.9101169109344482,2.9095091819763184,-0.0006077289581298828
7,19,160,2.5035877227783203,2.503415584564209,-0.00017213821411132812
8,0,160,3.4126009941101074,3.41174054145813,-0.0008604526519775391
8,1,160,3.544827938079834,3.5424718856811523,-0.0023560523986816406
8,2,160,3.4616475105285645,3.459974527359009,-0.001672983169555664
8,3,160,3.0004239082336426,3.002556085586548,0.0021321773529052734
8,4,160,2.837808132171631,2.8376195430755615,-0.00018858909606933594
8,5,160,3.3482909202575684,3.347522258758545,-0.0007686614990234375
8,6,160,3.3392398357391357,3.3388314247131348,-0.00040841102600097656
8,7,160,3.3503782749176025,3.3501927852630615,-0.00018548965454101562
8,8,160,3.0591254234313965,3.0578877925872803,-0.001237630844116211
8,9,160,3.2810792922973633,3.2807605266571045,-0.00031876564025878906
8,10,160,3.503070116043091,3.5029783248901367,-9.179115295410156e-05
8,11,160,3.1409263610839844,3.1434216499328613,0.002495288848876953
8,12,160,3.3394811153411865,3.338650941848755,-0.0008301734924316406
8,13,160,3.805089235305786,3.804396629333496,-0.0006926059722900391
8,14,160,3.6385691165924072,3.6395699977874756,0.0010008811950683594
8,15,160,3.5610852241516113,3.5628952980041504,0.0018100738525390625
8,16,160,3.9213132858276367,3.9212307929992676,-8.249282836914062e-05
8,17,160,3.591649055480957,3.5973305702209473,0.005681514739990234
8,18,160,2.9101169109344482,2.9087164402008057,-0.0014004707336425781
8,19,160,2.5035877227783203,2.504301071166992,0.000713348388671875
9,0,160,3.4126009941101074,3.4117186069488525,-0.0008823871612548828
9,1,160,3.544827938079834,3.543473720550537,-0.001354217529296875
9,2,160,3.4616475105285645,3.4620492458343506,0.0004017353057861328
9,3,160,3.0004239082336426,2.9993672370910645,-0.001056671142578125
9,4,160,2.837808132171631,2.8365917205810547,-0.0012164115905761719
9,5,160,3.3482909202575684,3.3464713096618652,-0.001819610595703125
9,6,160,3.3392398357391357,3.33768367767334,-0.0015561580657958984
9,7,160,3.3503782749176025,3.350048303604126,-0.0003299713134765625
9,8,160,3.0591254234313965,3.058044672012329,-0.0010807514190673828
9,9,160,3.2810792922973633,3.282620668411255,0.0015413761138916016
9,10,160,3.503070116043091,3.50311017036438,4.00543212890625e-05
9,11,160,3.1409263610839844,3.1414854526519775,0.0005590915679931641
9,12,160,3.3394811153411865,3.33886981010437,-0.0006113052368164062
9,13,160,3.805089235305786,3.8057308197021484,0.0006415843963623047
9,14,160,3.6385691165924072,3.639267921447754,0.0006988048553466797
9,15,160,3.5610852241516113,3.5606017112731934,-0.00048351287841796875
9,16,160,3.9213132858276367,3.921457290649414,0.00014400482177734375
9,17,160,3.591649055480957,3.590200901031494,-0.0014481544494628906
9,18,160,2.9101169109344482,2.91025710105896,0.00014019012451171875
9,19,160,2.5035877227783203,2.5020029544830322,-0.001584768295288086
10,0,160,3.4126009941101074,3.4136312007904053,0.0010302066802978516
10,1,160,3.544827938079834,3.544923782348633,9.584426879882812e-05
10,2,160,3.4616475105285645,3.461252450942993,-0.00039505958557128906
10,3,160,3.0004239082336426,3.0037856101989746,0.0033617019653320312
10,4,160,2.837808132171631,2.8384461402893066,0.0006380081176757812
10,5,160,3.3482909202575684,3.348259687423706,-3.123283386230469e-05
10,6,160,3.3392398357391357,3.3369688987731934,-0.002270936965942383
10,7,160,3.3503782749176025,3.3501951694488525,-0.00018310546875
10,8,160,3.0591254234313965,3.0593254566192627,0.00020003318786621094
10,9,160,3.2810792922973633,3.282487392425537,0.0014081001281738281
10,10,160,3.503070116043091,3.503817081451416,0.0007469654083251953
10,11,160,3.1409263610839844,3.1407923698425293,-0.00013399124145507812
10,12,160,3.3394811153411865,3.338862895965576,-0.0006182193756103516
10,13,160,3.805089235305786,3.8047878742218018,-0.000301361083984375
10,14,160,3.6385691165924072,3.6388518810272217,0.0002827644348144531
10,15,160,3.5610852241516113,3.562160015106201,0.0010747909545898438
10,16,160,3.9213132858276367,3.9217522144317627,0.00043892860412597656
10,17,160,3.591649055480957,3.5898759365081787,-0.0017731189727783203
10,18,160,2.9101169109344482,2.910571813583374,0.00045490264892578125
10,19,160,2.5035877227783203,2.5046067237854004,0.0010190010070800781
11,0,160,3.4126009941101074,3.412763833999634,0.0001628398895263672
11,1,160,3.544827938079834,3.5445687770843506,-0.00025916099548339844
11,2,160,3.4616475105285645,3.463290214538574,0.0016427040100097656
11,3,160,3.0004239082336426,3.0008339881896973,0.0004100799560546875
11,4,160,2.837808132171631,2.8371825218200684,-0.0006256103515625
11,5,160,3.3482909202575684,3.349740743637085,0.0014498233795166016
11,6,160,3.3392398357391357,3.3403751850128174,0.0011353492736816406
11,7,160,3.3503782749176025,3.349543571472168,-0.0008347034454345703
11,8,160,3.0591254234313965,3.0614960193634033,0.002370595932006836
11,9,160,3.2810792922973633,3.281064510345459,-1.4781951904296875e-05
11,10,160,3.503070116043091,3.504173994064331,0.0011038780212402344
11,11,160,3.1409263610839844,3.1423544883728027,0.0014281272888183594
11,12,160,3.3394811153411865,3.3385658264160156,-0.0009152889251708984
11,13,160,3.805089235305786,3.808347463607788,0.003258228302001953
11,14,160,3.6385691165924072,3.638779878616333,0.00021076202392578125
11,15,160,3.5610852241516113,3.560908555984497,-0.0001766681671142578
11,16,160,3.9213132858276367,3.9216806888580322,0.0003674030303955078
11,17,160,3.591649055480957,3.5911622047424316,-0.0004868507385253906
11,18,160,2.9101169109344482,2.908907413482666,-0.0012094974517822266
11,19,160,2.5035877227783203,2.5027589797973633,-0.0008287429809570312
12,0,160,3.4126009941101074,3.4113402366638184,-0.0012607574462890625
12,1,160,3.544827938079834,3.5449469089508057,0.00011897087097167969
12,2,160,3.4616475105285645,3.459521532058716,-0.002125978469848633
12,3,160,3.0004239082336426,3.000274658203125,-0.00014925003051757812
12,4,160,2.837808132171631,2.836820363998413,-0.0009877681732177734
12,5,160,3.3482909202575684,3.349696397781372,0.001405477523803711
12,6,160,3.3392398357391357,3.3384456634521484,-0.0007941722869873047
12,7,160,3.3503782749176025,3.351372241973877,0.000993967056274414
12,8,160,3.0591254234313965,3.0597686767578125,0.0006432533264160156
12,9,160,3.2810792922973633,3.2801764011383057,-0.0009028911590576172
12,10,160,3.503070116043091,3.50319504737854,0.00012493133544921875
12,11,160,3.1409263610839844,3.141849994659424,0.0009236335754394531
12,12,160,3.3394811153411865,3.340790271759033,0.0013091564178466797
12,13,160,3.805089235305786,3.805823564529419,0.0007343292236328125
12,14,160,3.6385691165924072,3.639127016067505,0.0005578994750976562
12,15,160,3.5610852241516113,3.562464475631714,0.001379251480102539
12,16,160,3.9213132858276367,3.923387289047241,0.002074003219604492
12,17,160,3.591649055480957,3.5904276371002197,-0.0012214183807373047
12,18,160,2.9101169109344482,2.9108030796051025,0.0006861686706542969
12,19,160,2.5035877227783203,2.5046305656433105,0.0010428428649902344
13,0,160,3.4126009941101074,3.4123342037200928,-0.00026679039001464844
13,1,160,3.544827938079834,3.5446102619171143,-0.00021767616271972656
13,2,160,3.4616475105285645,3.4604363441467285,-0.0012111663818359375
13,3,160,3.0004239082336426,3.0000171661376953,-0.0004067420959472656
13,4,160,2.837808132171631,2.8374152183532715,-0.000392913818359375
13,5,160,3.3482909202575684,3.347813606262207,-0.0004773139953613281
13,6,160,3.3392398357391357,3.3395791053771973,0.00033926963806152344
13,7,160,3.3503782749176025,3.3503944873809814,1.621246337890625e-05
13,8,160,3.0591254234313965,3.057384490966797,-0.0017409324645996094
13,9,160,3.2810792922973633,3.2804577350616455,-0.0006215572357177734
13,10,160,3.503070116043091,3.5021023750305176,-0.0009677410125732422
13,11,160,3.1409263610839844,3.1417315006256104,0.0008051395416259766
13,12,160,3.3394811153411865,3.3395299911499023,4.887580871582031e-05
13,13,160,3.805089235305786,3.8050990104675293,9.775161743164062e-06
13,14,160,3.6385691165924072,3.637542724609375,-0.0010263919830322266
13,15,160,3.5610852241516113,3.560915231704712,-0.00016999244689941406
13,16,160,3.9213132858276367,3.921743154525757,0.0004298686981201172
13,17,160,3.591649055480957,3.5956122875213623,0.0039632320404052734
13,18,160,2.9101169109344482,2.909658193588257,-0.00045871734619140625
13,19,160,2.5035877227783203,2.504560708999634,0.0009729862213134766
14,0,160,3.4126009941101074,3.4098596572875977,-0.0027413368225097656
14,1,160,3.544827938079834,3.543353796005249,-0.001474142074584961
14,2,160,3.4616475105285645,3.465170383453369,0.0035228729248046875
14,3,160,3.0004239082336426,3.0069127082824707,0.006488800048828125
14,4,160,2.837808132171631,2.8394112586975098,0.0016031265258789062
14,5,160,3.3482909202575684,3.351079225540161,0.0027883052825927734
14,6,160,3.3392398357391357,3.3415067195892334,0.0022668838500976562
14,7,160,3.3503782749176025,3.3533852100372314,0.0030069351196289062
14,8,160,3.0591254234313965,3.062786340713501,0.003660917282104492
14,9,160,3.2810792922973633,3.2819201946258545,0.0008409023284912109
14,10,160,3.503070116043091,3.5065393447875977,0.003469228744506836
14,11,160,3.1409263610839844,3.141174077987671,0.00024771690368652344
14,12,160,3.3394811153411865,3.339425802230835,-5.53131103515625e-05
14,13,160,3.805089235305786,3.8047831058502197,-0.00030612945556640625
14,14,160,3.6385691165924072,3.6417791843414307,0.0032100677490234375
14,15,160,3.5610852241516113,3.5592966079711914,-0.0017886161804199219
14,16,160,3.9213132858276367,3.9224274158477783,0.0011141300201416016
14,17,160,3.591649055480957,3.589864730834961,-0.0017843246459960938
14,18,160,2.9101169109344482,2.908133029937744,-0.0019838809967041016
14,19,160,2.5035877227783203,2.5031023025512695,-0.00048542022705078125
15,0,160,3.4126009941101074,3.411956310272217,-0.000644683837890625
15,1,160,3.544827938079834,3.5433223247528076,-0.0015056133270263672
15,2,160,3.4616475105285645,3.4611213207244873,-0.0005261898040771484
15,3,160,3.0004239082336426,2.999894380569458,-0.0005295276641845703
15,4,160,2.837808132171631,2.8382623195648193,0.00045418739318847656
15,5,160,3.3482909202575684,3.350712299346924,0.0024213790893554688
15,6,160,3.3392398357391357,3.3399510383605957,0.0007112026214599609
15,7,160,3.3503782749176025,3.3518364429473877,0.0014581680297851562
15,8,160,3.0591254234313965,3.059206485748291,8.106231689453125e-05
15,9,160,3.2810792922973633,3.281076192855835,-3.0994415283203125e-06
15,10,160,3.503070116043091,3.5044755935668945,0.001405477523803711
15,11,160,3.1409263610839844,3.142014980316162,0.0010886192321777344
15,12,160,3.3394811153411865,3.338747262954712,-0.0007338523864746094
15,13,160,3.805089235305786,3.8057146072387695,0.0006253719329833984
15,14,160,3.6385691165924072,3.6392993927001953,0.0007302761077880859
15,15,160,3.5610852241516113,3.561939239501953,0.0008540153503417969
15,16,160,3.9213132858276367,3.9234976768493652,0.0021843910217285156
15,17,160,3.591649055480957,3.5946338176727295,0.002984762191772461
15,18,160,2.9101169109344482,2.911147117614746,0.0010302066802978516
15,19,160,2.5035877227783203,2.503912925720215,0.00032520294189453125
16,0,160,3.4126009941101074,3.4105851650238037,-0.002015829086303711
16,1,160,3.544827938079834,3.544741630554199,-8.630752563476562e-05
16,2,160,3.4616475105285645,3.4621267318725586,0.0004792213439941406
16,3,160,3.0004239082336426,2.999589443206787,-0.0008344650268554688
16,4,160,2.837808132171631,2.8384363651275635,0.0006282329559326172
16,5,160,3.3482909202575684,3.348306894302368,1.5974044799804688e-05
16,6,160,3.3392398357391357,3.339458465576172,0.0002186298370361328
16,7,160,3.3503782749176025,3.3503220081329346,-5.626678466796875e-05
16,8,160,3.0591254234313965,3.0584278106689453,-0.0006976127624511719
16,9,160,3.2810792922973633,3.281364917755127,0.0002856254577636719
16,10,160,3.503070116043091,3.5034022331237793,0.00033211708068847656
16,11,160,3.1409263610839844,3.1403872966766357,-0.0005390644073486328
16,12,160,3.3394811153411865,3.346318244934082,0.006837129592895508
16,13,160,3.805089235305786,3.8053219318389893,0.000232696533203125
16,14,160,3.6385691165924072,3.638389825820923,-0.000179290771484375
16,15,160,3.5610852241516113,3.5620975494384766,0.0010123252868652344
16,16,160,3.9213132858276367,3.9221274852752686,0.0008141994476318359
16,17,160,3.591649055480957,3.5963971614837646,0.004748106002807617
16,18,160,2.9101169109344482,2.9102184772491455,0.00010156631469726562
16,19,160,2.5035877227783203,2.5039680004119873,0.0003802776336669922
17,0,160,3.4126009941101074,3.4122095108032227,-0.0003914833068847656
17,1,160,3.544827938079834,3.546085834503174,0.0012578964233398438
17,2,160,3.4616475105285645,3.461517095565796,-0.0001304149627685547
17,3,160,3.0004239082336426,2.998856782913208,-0.0015671253204345703
17,4,160,2.837808132171631,2.8382155895233154,0.0004074573516845703
17,5,160,3.3482909202575684,3.3475887775421143,-0.0007021427154541016
17,6,160,3.3392398357391357,3.339506149291992,0.0002663135528564453
17,7,160,3.3503782749176025,3.3501739501953125,-0.00020432472229003906
17,8,160,3.0591254234313965,3.0608668327331543,0.0017414093017578125
17,9,160,3.2810792922973633,3.2824394702911377,0.001360177993774414
17,10,160,3.503070116043091,3.502603769302368,-0.00046634674072265625
17,11,160,3.1409263610839844,3.1400704383850098,-0.0008559226989746094
17,12,160,3.3394811153411865,3.3397130966186523,0.0002319812774658203
17,13,160,3.805089235305786,3.8042826652526855,-0.0008065700531005859
17,14,160,3.6385691165924072,3.6390185356140137,0.0004494190216064453
17,15,160,3.5610852241516113,3.560865879058838,-0.0002193450927734375
17,16,160,3.9213132858276367,3.9205169677734375,-0.0007963180541992188
17,17,160,3.591649055480957,3.5938560962677,0.002207040786743164
17,18,160,2.9101169109344482,2.9110801219940186,0.0009632110595703125
17,19,160,2.5035877227783203,2.5029828548431396,-0.0006048679351806641
18,0,160,3.4126009941101074,3.416093111038208,0.003492116928100586
18,1,160,3.544827938079834,3.5496487617492676,0.004820823669433594
18,2,160,3.4616475105285645,3.4634337425231934,0.0017862319946289062
18,3,160,3.0004239082336426,3.0000250339508057,-0.00039887428283691406
18,4,160,2.837808132171631,2.838644027709961,0.0008358955383300781
18,5,160,3.3482909202575684,3.3489372730255127,0.0006463527679443359
18,6,160,3.3392398357391357,3.33939528465271,0.00015544891357421875
18,7,160,3.3503782749176025,3.350162982940674,-0.00021529197692871094
18,8,160,3.0591254234313965,3.059267044067383,0.00014162063598632812
18,9,160,3.2810792922973633,3.280830144882202,-0.0002491474151611328
18,10,160,3.503070116043091,3.503173828125,0.00010371208190917969
18,11,160,3.1409263610839844,3.1424427032470703,0.0015163421630859375
18,12,160,3.3394811153411865,3.340059280395508,0.0005781650543212891
18,13,160,3.805089235305786,3.8067729473114014,0.0016837120056152344
18,14,160,3.6385691165924072,3.638591766357422,2.2649765014648438e-05
18,15,160,3.5610852241516113,3.5615663528442383,0.0004811286926269531
18,16,160,3.9213132858276367,3.922189235687256,0.0008759498596191406
18,17,160,3.591649055480957,3.589808940887451,-0.0018401145935058594
18,18,160,2.9101169109344482,2.9109952449798584,0.0008783340454101562
18,19,160,2.5035877227783203,2.5045230388641357,0.0009353160858154297
19,0,160,3.4126009941101074,3.4112741947174072,-0.0013267993927001953
19,1,160,3.544827938079834,3.544032096862793,-0.0007958412170410156
19,2,160,3.4616475105285645,3.461657762527466,1.0251998901367188e-05
19,3,160,3.0004239082336426,3.000540018081665,0.00011610984802246094
19,4,160,2.837808132171631,2.837214469909668,-0.0005936622619628906
19,5,160,3.3482909202575684,3.349332571029663,0.0010416507720947266
19,6,160,3.3392398357391357,3.3375134468078613,-0.001726388931274414
19,7,160,3.3503782749176025,3.3492727279663086,-0.0011055469512939453
19,8,160,3.0591254234313965,3.0599963665008545,0.0008709430694580078
19,9,160,3.2810792922973633,3.280893564224243,-0.0001857280731201172
19,10,160,3.503070116043091,3.5052621364593506,0.0021920204162597656
19,11,160,3.1409263610839844,3.1410858631134033,0.0001595020294189453
19,12,160,3.3394811153411865,3.3386237621307373,-0.0008573532104492188
19,13,160,3.805089235305786,3.804816246032715,-0.00027298927307128906
19,14,160,3.6385691165924072,3.63925838470459,0.0006892681121826172
19,15,160,3.5610852241516113,3.560591459274292,-0.0004937648773193359
19,16,160,3.9213132858276367,3.9209229946136475,-0.0003902912139892578
19,17,160,3.591649055480957,3.589423179626465,-0.0022258758544921875
19,18,160,2.9101169109344482,2.9107437133789062,0.0006268024444580078
19,19,160,2.5035877227783203,2.502441883087158,-0.0011458396911621094
20,0,160,3.4126009941101074,3.411984443664551,-0.0006165504455566406
20,1,160,3.544827938079834,3.5443289279937744,-0.0004990100860595703
20,2,160,3.4616475105285645,3.4626195430755615,0.0009720325469970703
20,3,160,3.0004239082336426,2.999324083328247,-0.0010998249053955078
20,4,160,2.837808132171631,2.837773084640503,-3.504753112792969e-05
20,5,160,3.3482909202575684,3.34982967376709,0.0015387535095214844
20,6,160,3.3392398357391357,3.3371310234069824,-0.0021088123321533203
20,7,160,3.3503782749176025,3.3496665954589844,-0.0007116794586181641
20,8,160,3.0591254234313965,3.058490753173828,-0.0006346702575683594
20,9,160,3.2810792922973633,3.2825138568878174,0.0014345645904541016
20,10,160,3.503070116043091,3.5018656253814697,-0.0012044906616210938
20,11,160,3.1409263610839844,3.1420178413391113,0.0010914802551269531
20,12,160,3.3394811153411865,3.341325283050537,0.001844167709350586
20,13,160,3.805089235305786,3.8045012950897217,-0.0005879402160644531
20,14,160,3.6385691165924072,3.6374220848083496,-0.0011470317840576172
20,15,160,3.5610852241516113,3.5615131855010986,0.0004279613494873047
20,16,160,3.9213132858276367,3.9202523231506348,-0.0010609626770019531
20,17,160,3.591649055480957,3.6044118404388428,0.012762784957885742
20,18,160,2.9101169109344482,2.910163640975952,4.673004150390625e-05
20,19,160,2.5035877227783203,2.501946210861206,-0.0016415119171142578
21,0,160,3.4126009941101074,3.4141714572906494,0.0015704631805419922
21,1,160,3.544827938079834,3.5443408489227295,-0.0004870891571044922
21,2,160,3.4616475105285645,3.4605062007904053,-0.0011413097381591797
21,3,160,3.0004239082336426,2.998764753341675,-0.0016591548919677734
21,4,160,2.837808132171631,2.834930658340454,-0.002877473831176758
21,5,160,3.3482909202575684,3.3462092876434326,-0.002081632614135742
21,6,160,3.3392398357391357,3.3378820419311523,-0.0013577938079833984
21,7,160,3.3503782749176025,3.349979877471924,-0.00039839744567871094
21,8,160,3.0591254234313965,3.0584716796875,-0.0006537437438964844
21,9,160,3.2810792922973633,3.2805137634277344,-0.0005655288696289062
21,10,160,3.503070116043091,3.501215696334839,-0.0018544197082519531
21,11,160,3.1409263610839844,3.14119553565979,0.00026917457580566406
21,12,160,3.3394811153411865,3.339721918106079,0.00024080276489257812
21,13,160,3.805089235305786,3.804774522781372,-0.0003147125244140625
21,14,160,3.6385691165924072,3.6379168033599854,-0.000652313232421875
21,15,160,3.5610852241516113,3.5603835582733154,-0.0007016658782958984
21,16,160,3.9213132858276367,3.920647382736206,-0.0006659030914306641
21,17,160,3.591649055480957,3.5945894718170166,0.0029404163360595703
21,18,160,2.9101169109344482,2.9129040241241455,0.0027871131896972656
21,19,160,2.5035877227783203,2.505007743835449,0.0014200210571289062
22,0,160,3.4126009941101074,3.4118735790252686,-0.0007274150848388672
22,1,160,3.544827938079834,3.544630527496338,-0.00019741058349609375
22,2,160,3.4616475105285645,3.4624292850494385,0.0007817745208740234
22,3,160,3.0004239082336426,2.9989593029022217,-0.0014646053314208984
22,4,160,2.837808132171631,2.837716817855835,-9.131431579589844e-05
22,5,160,3.3482909202575684,3.3504598140716553,0.002168893814086914
22,6,160,3.3392398357391357,3.3392012119293213,-3.8623809814453125e-05
22,7,160,3.3503782749176025,3.3495051860809326,-0.0008730888366699219
22,8,160,3.0591254234313965,3.058298349380493,-0.0008270740509033203
22,9,160,3.2810792922973633,3.279672145843506,-0.0014071464538574219
22,10,160,3.503070116043091,3.503145694732666,7.557868957519531e-05
22,11,160,3.1409263610839844,3.1403019428253174,-0.0006244182586669922
22,12,160,3.3394811153411865,3.3392229080200195,-0.0002582073211669922
22,13,160,3.805089235305786,3.8036420345306396,-0.0014472007751464844
22,14,160,3.6385691165924072,3.6379010677337646,-0.0006680488586425781
22,15,160,3.5610852241516113,3.561802625656128,0.0007174015045166016
22,16,160,3.9213132858276367,3.9220776557922363,0.0007643699645996094
22,17,160,3.591649055480957,3.5911617279052734,-0.00048732757568359375
22,18,160,2.9101169109344482,2.9089815616607666,-0.0011353492736816406
22,19,160,2.5035877227783203,2.501862049102783,-0.0017256736755371094
23,0,160,3.4126009941101074,3.4123709201812744,-0.0002300739288330078
23,1,160,3.544827938079834,3.5465121269226074,0.0016841888427734375
23,2,160,3.4616475105285645,3.4605820178985596,-0.0010654926300048828
23,3,160,3.0004239082336426,2.996939182281494,-0.0034847259521484375
23,4,160,2.837808132171631,2.8384037017822266,0.0005955696105957031
23,5,160,3.3482909202575684,3.349196434020996,0.0009055137634277344
23,6,160,3.3392398357391357,3.3377692699432373,-0.0014705657958984375
23,7,160,3.3503782749176025,3.3519344329833984,0.0015561580657958984
23,8,160,3.0591254234313965,3.0585615634918213,-0.0005638599395751953
23,9,160,3.2810792922973633,3.2823376655578613,0.0012583732604980469
23,10,160,3.503070116043091,3.503824472427368,0.0007543563842773438
23,11,160,3.1409263610839844,3.1391396522521973,-0.0017867088317871094
23,12,160,3.3394811153411865,3.3387153148651123,-0.0007658004760742188
23,13,160,3.805089235305786,3.804426908493042,-0.0006623268127441406
23,14,160,3.6385691165924072,3.6384358406066895,-0.00013327598571777344
23,15,160,3.5610852241516113,3.5603878498077393,-0.0006973743438720703
23,16,160,3.9213132858276367,3.921079635620117,-0.00023365020751953125
23,17,160,3.591649055480957,3.591017723083496,-0.0006313323974609375
23,18,160,2.9101169109344482,2.908604383468628,-0.0015125274658203125
23,19,160,2.5035877227783203,2.506377696990967,0.0027899742126464844
24,0,160,3.4126009941101074,3.4133434295654297,0.0007424354553222656
24,1,160,3.544827938079834,3.5446882247924805,-0.00013971328735351562
24,2,160,3.4616475105285645,3.463352680206299,0.001705169677734375
24,3,160,3.0004239082336426,3.0005440711975098,0.0001201629638671875
24,4,160,2.837808132171631,2.837380886077881,-0.00042724609375
24,5,160,3.3482909202575684,3.3497300148010254,0.0014390945434570312
24,6,160,3.3392398357391357,3.3399505615234375,0.0007107257843017578
24,7,160,3.3503782749176025,3.3506267070770264,0.0002484321594238281
24,8,160,3.0591254234313965,3.0610294342041016,0.0019040107727050781
24,9,160,3.2810792922973633,3.2818851470947266,0.0008058547973632812
24,10,160,3.503070116043091,3.5036590099334717,0.0005888938903808594
24,11,160,3.1409263610839844,3.141324281692505,0.0003979206085205078
24,12,160,3.3394811153411865,3.339837074279785,0.0003559589385986328
24,13,160,3.805089235305786,3.8047895431518555,-0.00029969215393066406
24,14,160,3.6385691165924072,3.63926100730896,0.0006918907165527344
24,15,160,3.5610852241516113,3.562380313873291,0.0012950897216796875
24,16,160,3.9213132858276367,3.9199652671813965,-0.0013480186462402344
24,17,160,3.591649055480957,3.5891029834747314,-0.002546072006225586
24,18,160,2.9101169109344482,2.909799575805664,-0.0003173351287841797
24,19,160,2.5035877227783203,2.502814531326294,-0.0007731914520263672
25,0,160,3.4126009941101074,3.411898612976074,-0.0007023811340332031
25,1,160,3.544827938079834,3.5435051918029785,-0.0013227462768554688
25,2,160,3.4616475105285645,3.4611573219299316,-0.0004901885986328125
25,3,160,3.0004239082336426,3.000929355621338,0.0005054473876953125
25,4,160,2.837808132171631,2.8380088806152344,0.00020074844360351562
25,5,160,3.3482909202575684,3.3490092754364014,0.0007183551788330078
25,6,160,3.3392398357391357,3.339385747909546,0.00014591217041015625
25,7,160,3.3503782749176025,3.3514692783355713,0.00109100341796875
25,8,160,3.0591254234313965,3.0603556632995605,0.0012302398681640625
25,9,160,3.2810792922973633,3.280054807662964,-0.001024484634399414
25,10,160,3.503070116043091,3.5036168098449707,0.0005466938018798828
25,11,160,3.1409263610839844,3.1422669887542725,0.001340627670288086
25,12,160,3.3394811153411865,3.337939500808716,-0.0015416145324707031
25,13,160,3.805089235305786,3.805893898010254,0.0008046627044677734
25,14,160,3.6385691165924072,3.637354612350464,-0.0012145042419433594
25,15,160,3.5610852241516113,3.5598971843719482,-0.001188039779663086
25,16,160,3.9213132858276367,3.9225902557373047,0.0012769699096679688
25,17,160,3.591649055480957,3.5976674556732178,0.006018400192260742
25,18,160,2.9101169109344482,2.912060499191284,0.0019435882568359375
25,19,160,2.5035877227783203,2.503821849822998,0.00023412704467773438
26,0,160,3.4126009941101074,3.4114749431610107,-0.0011260509490966797
26,1,160,3.544827938079834,3.543853998184204,-0.0009739398956298828
26,2,160,3.4616475105285645,3.4619369506835938,0.0002894401550292969
26,3,160,3.0004239082336426,3.0005738735198975,0.0001499652862548828
26,4,160,2.837808132171631,2.836742401123047,-0.0010657310485839844
26,5,160,3.3482909202575684,3.3486902713775635,0.0003993511199951172
26,6,160,3.3392398357391357,3.341423273086548,0.0021834373474121094
26,7,160,3.3503782749176025,3.349534034729004,-0.0008442401885986328
26,8,160,3.0591254234313965,3.058919668197632,-0.00020575523376464844
26,9,160,3.2810792922973633,3.282346725463867,0.0012674331665039062
26,10,160,3.503070116043091,3.503779172897339,0.0007090568542480469
26,11,160,3.1409263610839844,3.138864278793335,-0.002062082290649414
26,12,160,3.3394811153411865,3.340667486190796,0.001186370849609375
26,13,160,3.805089235305786,3.804537534713745,-0.0005517005920410156
26,14,160,3.6385691165924072,3.639867067337036,0.0012979507446289062
26,15,160,3.5610852241516113,3.560497522354126,-0.0005877017974853516
26,16,160,3.9213132858276367,3.920353651046753,-0.0009596347808837891
26,17,160,3.591649055480957,3.591620445251465,-2.86102294921875e-05
26,18,160,2.9101169109344482,2.910588026046753,0.0004711151123046875
26,19,160,2.5035877227783203,2.5007970333099365,-0.002790689468383789
27,0,160,3.4126009941101074,3.412318468093872,-0.00028252601623535156
27,1,160,3.544827938079834,3.545785665512085,0.0009577274322509766
27,2,160,3.4616475105285645,3.461153507232666,-0.0004940032958984375
27,3,160,3.0004239082336426,2.9995310306549072,-0.0008928775787353516
27,4,160,2.837808132171631,2.8372130393981934,-0.0005950927734375
27,5,160,3.3482909202575684,3.347470283508301,-0.0008206367492675781
27,6,160,3.3392398357391357,3.3378260135650635,-0.0014138221740722656
27,7,160,3.3503782749176025,3.3487226963043213,-0.00165557861328125
27,8,160,3.0591254234313965,3.0589869022369385,-0.0001385211944580078
27,9,160,3.2810792922973633,3.2799878120422363,-0.0010914802551269531
27,10,160,3.503070116043091,3.503521680831909,0.0004515647888183594
27,11,160,3.1409263610839844,3.141376495361328,0.00045013427734375
27,12,160,3.3394811153411865,3.3396155834198,0.00013446807861328125
27,13,160,3.805089235305786,3.8057405948638916,0.0006513595581054688
27,14,160,3.6385691165924072,3.637582540512085,-0.0009865760803222656
27,15,160,3.5610852241516113,3.5611531734466553,6.794929504394531e-05
27,16,160,3.9213132858276367,3.9194397926330566,-0.0018734931945800781
27,17,160,3.591649055480957,3.5917904376983643,0.00014138221740722656
27,18,160,2.9101169109344482,2.9086813926696777,-0.0014355182647705078
27,19,160,2.5035877227783203,2.5026304721832275,-0.0009572505950927734
28,0,160,3.4126009941101074,3.412719249725342,0.000118255615234375
28,1,160,3.544827938079834,3.5439987182617188,-0.0008292198181152344
28,2,160,3.4616475105285645,3.4617342948913574,8.678436279296875e-05
28,3,160,3.0004239082336426,3.000326633453369,-9.72747802734375e-05
28,4,160,2.837808132171631,2.836215019226074,-0.0015931129455566406
28,5,160,3.3482909202575684,3.3477563858032227,-0.0005345344543457031
28,6,160,3.3392398357391357,3.3391542434692383,-8.559226989746094e-05
28,7,160,3.3503782749176025,3.3523366451263428,0.0019583702087402344
28,8,160,3.0591254234313965,3.060429573059082,0.0013041496276855469
28,9,160,3.2810792922973633,3.28340744972229,0.002328157424926758
28,10,160,3.503070116043091,3.5038578510284424,0.0007877349853515625
28,11,160,3.1409263610839844,3.1400508880615234,-0.0008754730224609375
28,12,160,3.3394811153411865,3.3383007049560547,-0.001180410385131836
28,13,160,3.805089235305786,3.8050265312194824,-6.270408630371094e-05
28,14,160,3.6385691165924072,3.6393463611602783,0.0007772445678710938
28,15,160,3.5610852241516113,3.5610620975494385,-2.3126602172851562e-05
28,16,160,3.9213132858276367,3.9218645095825195,0.0005512237548828125
28,17,160,3.591649055480957,3.5941262245178223,0.0024771690368652344
28,18,160,2.9101169109344482,2.90981125831604,-0.0003056526184082031
28,19,160,2.5035877227783203,2.5036561489105225,6.842613220214844e-05
29,0,160,3.4126009941101074,3.4120922088623047,-0.0005087852478027344
29,1,160,3.544827938079834,3.543593406677246,-0.0012345314025878906
29,2,160,3.4616475105285645,3.4608333110809326,-0.0008141994476318359
29,3,160,3.0004239082336426,3.000065803527832,-0.0003581047058105469
29,4,160,2.837808132171631,2.839918613433838,0.0021104812622070312
29,5,160,3.3482909202575684,3.3470358848571777,-0.001255035400390625
29,6,160,3.3392398357391357,3.338998556137085,-0.00024127960205078125
29,7,160,3.3503782749176025,3.350759506225586,0.00038123130798339844
29,8,160,3.0591254234313965,3.0576796531677246,-0.001445770263671875
29,9,160,3.2810792922973633,3.281449317932129,0.000370025634765625
29,10,160,3.503070116043091,3.5023789405822754,-0.0006911754608154297
29,11,160,3.1409263610839844,3.139437437057495,-0.0014889240264892578
29,12,160,3.3394811153411865,3.3385443687438965,-0.0009367465972900391
29,13,160,3.805089235305786,3.805499792098999,0.0004105567932128906
29,14,160,3.6385691165924072,3.6381072998046875,-0.00046181678771972656
29,15,160,3.5610852241516113,3.559020519256592,-0.0020647048950195312
29,16,160,3.9213132858276367,3.921943187713623,0.0006299018859863281
29,17,160,3.591649055480957,3.591599941253662,-4.9114227294921875e-05
29,18,160,2.9101169109344482,2.908109664916992,-0.0020072460174560547
29,19,160,2.5035877227783203,2.50411057472229,0.0005228519439697266
30,0,160,3.4126009941101074,3.411045551300049,-0.0015554428100585938
30,1,160,3.544827938079834,3.543414831161499,-0.001413106918334961
30,2,160,3.4616475105285645,3.461784601211548,0.00013709068298339844
30,3,160,3.0004239082336426,3.001431465148926,0.0010075569152832031
30,4,160,2.837808132171631,2.83882474899292,0.0010166168212890625
30,5,160,3.3482909202575684,3.3497817516326904,0.0014908313751220703
30,6,160,3.3392398357391357,3.3409132957458496,0.0016734600067138672
30,7,160,3.3503782749176025,3.351181983947754,0.0008037090301513672
30,8,160,3.0591254234313965,3.0582082271575928,-0.0009171962738037109
30,9,160,3.2810792922973633,3.2811152935028076,3.600120544433594e-05
30,10,160,3.503070116043091,3.504854202270508,0.0017840862274169922
30,11,160,3.1409263610839844,3.139397621154785,-0.0015287399291992188
30,12,160,3.3394811153411865,3.3397231101989746,0.00024199485778808594
30,13,160,3.805089235305786,3.8044655323028564,-0.0006237030029296875
30,14,160,3.6385691165924072,3.6371729373931885,-0.00139617919921875
30,15,160,3.5610852241516113,3.561854124069214,0.0007688999176025391
30,16,160,3.9213132858276367,3.9236934185028076,0.0023801326751708984
30,17,160,3.591649055480957,3.5939080715179443,0.0022590160369873047
30,18,160,2.9101169109344482,2.9111647605895996,0.0010478496551513672
30,19,160,2.5035877227783203,2.501438856124878,-0.002148866653442383
31,0,160,3.4126009941101074,3.4116780757904053,-0.0009229183197021484
31,1,160,3.544827938079834,3.544945001602173,0.00011706352233886719
31,2,160,3.4616475105285645,3.461517572402954,-0.00012993812561035156
31,3,160,3.0004239082336426,3.0017588138580322,0.0013349056243896484
31,4,160,2.837808132171631,2.8381991386413574,0.0003910064697265625
31,5,160,3.3482909202575684,3.345905303955078,-0.0023856163024902344
31,6,160,3.3392398357391357,3.339862823486328,0.0006229877471923828
31,7,160,3.3503782749176025,3.350933790206909,0.0005555152893066406
31,8,160,3.0591254234313965,3.0588462352752686,-0.0002791881561279297
31,9,160,3.2810792922973633,3.2797935009002686,-0.0012857913970947266
31,10,160,3.503070116043091,3.5031120777130127,4.1961669921875e-05
31,11,160,3.1409263610839844,3.1403205394744873,-0.0006058216094970703
31,12,160,3.3394811153411865,3.3394482135772705,-3.2901763916015625e-05
31,13,160,3.805089235305786,3.804889678955078,-0.0001995563507080078
31,14,160,3.6385691165924072,3.6398961544036865,0.0013270378112792969
31,15,160,3.5610852241516113,3.560749053955078,-0.0003361701965332031
31,16,160,3.9213132858276367,3.9202535152435303,-0.0010597705841064453
31,17,160,3.591649055480957,3.5901927947998047,-0.0014562606811523438
31,18,160,2.9101169109344482,2.909153938293457,-0.0009629726409912109
31,19,160,2.5035877227783203,2.502934455871582,-0.0006532669067382812
32,0,160,3.4126009941101074,3.4137508869171143,0.001149892807006836
32,1,160,3.544827938079834,3.5465192794799805,0.0016913414001464844
32,2,160,3.4616475105285645,3.460980176925659,-0.0006673336029052734
32,3,160,3.0004239082336426,3.0020713806152344,0.0016474723815917969
32,4,160,2.837808132171631,2.8374369144439697,-0.0003712177276611328
32,5,160,3.3482909202575684,3.3488097190856934,0.000518798828125
32,6,160,3.3392398357391357,3.33807110786438,-0.0011687278747558594
32,7,160,3.3503782749176025,3.3500826358795166,-0.0002956390380859375
32,8,160,3.0591254234313965,3.057231903076172,-0.0018935203552246094
32,9,160,3.2810792922973633,3.2820675373077393,0.0009882450103759766
32,10,160,3.503070116043091,3.5026979446411133,-0.00037217140197753906
32,11,160,3.1409263610839844,3.1410257816314697,9.942054748535156e-05
32,12,160,3.3394811153411865,3.3390634059906006,-0.0004177093505859375
32,13,160,3.805089235305786,3.805253505706787,0.00016427040100097656
32,14,160,3.6385691165924072,3.6390397548675537,0.0004706382751464844
32,15,160,3.5610852241516113,3.561094284057617,9.059906005859375e-06
32,16,160,3.9213132858276367,3.920522451400757,-0.0007908344268798828
32,17,160,3.591649055480957,3.5933151245117188,0.0016660690307617188
32,18,160,2.9101169109344482,2.9105048179626465,0.0003879070281982422
32,19,160,2.5035877227783203,2.50236177444458,-0.0012259483337402344
33,0,160,3.4126009941101074,3.4155023097991943,0.002901315689086914
33,1,160,3.544827938079834,3.545355796813965,0.0005278587341308594
33,2,160,3.4616475105285645,3.460916042327881,-0.0007314682006835938
33,3,160,3.0004239082336426,3.000162363052368,-0.00026154518127441406
33,4,160,2.837808132171631,2.837543487548828,-0.0002646446228027344
33,5,160,3.3482909202575684,3.3472039699554443,-0.0010869503021240234
33,6,160,3.3392398357391357,3.339176893234253,-6.29425048828125e-05
33,7,160,3.3503782749176025,3.350606918334961,0.00022864341735839844
33,8,160,3.0591254234313965,3.060260057449341,0.001134634017944336
33,9,160,3.2810792922973633,3.2795920372009277,-0.0014872550964355469
33,10,160,3.503070116043091,3.502171277999878,-0.0008988380432128906
33,11,160,3.1409263610839844,3.1396520137786865,-0.0012743473052978516
33,12,160,3.3394811153411865,3.337596893310547,-0.0018842220306396484
33,13,160,3.805089235305786,3.8064723014831543,0.001383066177368164
33,14,160,3.6385691165924072,3.638179063796997,-0.00039005279541015625
33,15,160,3.5610852241516113,3.5620105266571045,0.0009253025054931641
33,16,160,3.9213132858276367,3.9220805168151855,0.0007672309875488281
33,17,160,3.591649055480957,3.590468406677246,-0.0011806488037109375
33,18,160,2.9101169109344482,2.9097249507904053,-0.00039196014404296875
33,19,160,2.5035877227783203,2.503948211669922,0.0003604888916015625
34,0,160,3.4126009941101074,3.412010431289673,-0.0005905628204345703
34,1,160,3.544827938079834,3.5448386669158936,1.0728836059570312e-05
34,2,160,3.4616475105285645,3.461949110031128,0.00030159950256347656
34,3,160,3.0004239082336426,3.002054214477539,0.0016303062438964844
34,4,160,2.837808132171631,2.8379950523376465,0.000186920166015625
34,5,160,3.3482909202575684,3.349910259246826,0.0016193389892578125
34,6,160,3.3392398357391357,3.339656352996826,0.0004165172576904297
34,7,160,3.3503782749176025,3.351512908935547,0.001134634017944336
34,8,160,3.0591254234313965,3.0599470138549805,0.0008215904235839844
34,9,160,3.2810792922973633,3.2815732955932617,0.0004940032958984375
34,10,160,3.503070116043091,3.5036299228668213,0.0005598068237304688
34,11,160,3.1409263610839844,3.1412816047668457,0.0003552436828613281
34,12,160,3.3394811153411865,3.33941388130188,-6.723403930664062e-05
34,13,160,3.805089235305786,3.8059682846069336,0.0008790493011474609
34,14,160,3.6385691165924072,3.6394903659820557,0.0009212493896484375
34,15,160,3.5610852241516113,3.561249017715454,0.00016379356384277344
34,16,160,3.9213132858276367,3.921139717102051,-0.0001735687255859375
34,17,160,3.591649055480957,3.594566583633423,0.0029175281524658203
34,18,160,2.9101169109344482,2.910539388656616,0.00042247772216796875
34,19,160,2.5035877227783203,2.5034947395324707,-9.298324584960938e-05
35,0,160,3.4126009941101074,3.412445306777954,-0.0001556873321533203
35,1,160,3.544827938079834,3.543367862701416,-0.0014600753784179688
35,2,160,3.4616475105285645,3.460690975189209,-0.0009565353393554688
35,3,160,3.0004239082336426,3.0007293224334717,0.00030541419982910156
35,4,160,2.837808132171631,2.83864164352417,0.0008335113525390625
35,5,160,3.3482909202575684,3.3480801582336426,-0.00021076202392578125
35,6,160,3.3392398357391357,3.339431047439575,0.00019121170043945312
35,7,160,3.3503782749176025,3.3501827716827393,-0.00019550323486328125
35,8,160,3.0591254234313965,3.0609161853790283,0.001790761947631836
35,9,160,3.2810792922973633,3.280743360519409,-0.00033593177795410156
35,10,160,3.503070116043091,3.5036611557006836,0.0005910396575927734
35,11,160,3.1409263610839844,3.1398231983184814,-0.0011031627655029297
35,12,160,3.3394811153411865,3.3394360542297363,-4.506111145019531e-05
35,13,160,3.805089235305786,3.806840419769287,0.0017511844635009766
35,14,160,3.6385691165924072,3.638566017150879,-3.0994415283203125e-06
35,15,160,3.5610852241516113,3.563002586364746,0.0019173622131347656
35,16,160,3.9213132858276367,3.9235141277313232,0.0022008419036865234
35,17,160,3.591649055480957,3.5927321910858154,0.0010831356048583984
35,18,160,2.9101169109344482,2.910858392715454,0.0007414817810058594
35,19,160,2.5035877227783203,2.502669334411621,-0.0009183883666992188
36,0,160,3.4126009941101074,3.412843942642212,0.0002429485321044922
36,1,160,3.544827938079834,3.546133279800415,0.0013053417205810547
36,2,160,3.4616475105285645,3.4611878395080566,-0.0004596710205078125
36,3,160,3.0004239082336426,2.9996449947357178,-0.0007789134979248047
36,4,160,2.837808132171631,2.8374931812286377,-0.00031495094299316406
36,5,160,3.3482909202575684,3.3497259616851807,0.0014350414276123047
36,6,160,3.3392398357391357,3.339383602142334,0.0001437664031982422
36,7,160,3.3503782749176025,3.349735736846924,-0.0006425380706787109
36,8,160,3.0591254234313965,3.059105396270752,-2.002716064453125e-05
36,9,160,3.2810792922973633,3.2803268432617188,-0.0007524490356445312
36,10,160,3.503070116043091,3.5038137435913086,0.0007436275482177734
36,11,160,3.1409263610839844,3.1413450241088867,0.00041866302490234375
36,12,160,3.3394811153411865,3.3394157886505127,-6.532669067382812e-05
36,13,160,3.805089235305786,3.805629253387451,0.0005400180816650391
36,14,160,3.6385691165924072,3.638608694076538,3.9577484130859375e-05
36,15,160,3.5610852241516113,3.5622668266296387,0.0011816024780273438
36,16,160,3.9213132858276367,3.921455144882202,0.0001418590545654297
36,17,160,3.591649055480957,3.5918567180633545,0.00020766258239746094
36,18,160,2.9101169109344482,2.909127712249756,-0.0009891986846923828
36,19,160,2.5035877227783203,2.5030264854431152,-0.0005612373352050781
37,0,160,3.4126009941101074,3.413195848464966,0.0005948543548583984
37,1,160,3.544827938079834,3.5435659885406494,-0.0012619495391845703
37,2,160,3.4616475105285645,3.4625296592712402,0.0008821487426757812
37,3,160,3.0004239082336426,3.0017709732055664,0.0013470649719238281
37,4,160,2.837808132171631,2.83813738822937,0.0003292560577392578
37,5,160,3.3482909202575684,3.348548650741577,0.00025773048400878906
37,6,160,3.3392398357391357,3.3397223949432373,0.0004825592041015625
37,7,160,3.3503782749176025,3.349499225616455,-0.0008790493011474609
37,8,160,3.0591254234313965,3.0573177337646484,-0.0018076896667480469
37,9,160,3.2810792922973633,3.281463384628296,0.0003840923309326172
37,10,160,3.503070116043091,3.505000352859497,0.00193023681640625
37,11,160,3.1409263610839844,3.141339063644409,0.0004127025604248047
37,12,160,3.3394811153411865,3.339374542236328,-0.00010657310485839844
37,13,160,3.805089235305786,3.803889513015747,-0.0011997222900390625
37,14,160,3.6385691165924072,3.639568567276001,0.00099945068359375
37,15,160,3.5610852241516113,3.5623645782470703,0.0012793540954589844
37,16,160,3.9213132858276367,3.921851634979248,0.0005383491516113281
37,17,160,3.591649055480957,3.5911178588867188,-0.0005311965942382812
37,18,160,2.9101169109344482,2.9096903800964355,-0.0004265308380126953
37,19,160,2.5035877227783203,2.502291679382324,-0.0012960433959960938
38,0,160,3.4126009941101074,3.4114651679992676,-0.0011358261108398438
38,1,160,3.544827938079834,3.544862985610962,3.504753112792969e-05
38,2,160,3.4616475105285645,3.4649782180786133,0.003330707550048828
38,3,160,3.0004239082336426,3.002366065979004,0.0019421577453613281
38,4,160,2.837808132171631,2.840616464614868,0.0028083324432373047
38,5,160,3.3482909202575684,3.3489251136779785,0.0006341934204101562
38,6,160,3.3392398357391357,3.3427367210388184,0.003496885299682617
38,7,160,3.3503782749176025,3.35420298576355,0.0038247108459472656
38,8,160,3.0591254234313965,3.060671091079712,0.0015456676483154297
38,9,160,3.2810792922973633,3.2821719646453857,0.001092672348022461
38,10,160,3.503070116043091,3.5056488513946533,0.0025787353515625
38,11,160,3.1409263610839844,3.1432411670684814,0.0023148059844970703
38,12,160,3.3394811153411865,3.3545196056365967,0.015038490295410156
38,13,160,3.805089235305786,3.8036890029907227,-0.0014002323150634766
38,14,160,3.6385691165924072,3.638437032699585,-0.00013208389282226562
38,15,160,3.5610852241516113,3.5614068508148193,0.0003216266632080078
38,16,160,3.9213132858276367,3.923902750015259,0.0025894641876220703
38,17,160,3.591649055480957,3.5917179584503174,6.890296936035156e-05
38,18,160,2.9101169109344482,2.909602403640747,-0.0005145072937011719
38,19,160,2.5035877227783203,2.50138783454895,-0.002199888229370117
39,0,160,3.4126009941101074,3.4121460914611816,-0.00045490264892578125
39,1,160,3.544827938079834,3.5456464290618896,0.0008184909820556641
39,2,160,3.4616475105285645,3.463787317276001,0.0021398067474365234
39,3,160,3.0004239082336426,3.00177264213562,0.001348733901977539
39,4,160,2.837808132171631,2.838465929031372,0.0006577968597412109
39,5,160,3.3482909202575684,3.350471258163452,0.002180337905883789
39,6,160,3.3392398357391357,3.3390023708343506,-0.00023746490478515625
39,7,160,3.3503782749176025,3.3513119220733643,0.0009336471557617188
39,8,160,3.0591254234313965,3.060366630554199,0.0012412071228027344
39,9,160,3.2810792922973633,3.282459020614624,0.0013797283172607422
39,10,160,3.503070116043091,3.503711462020874,0.0006413459777832031
39,11,160,3.1409263610839844,3.1409082412719727,-1.811981201171875e-05
39,12,160,3.3394811153411865,3.3395907878875732,0.00010967254638671875
39,13,160,3.805089235305786,3.8063063621520996,0.0012171268463134766
39,14,160,3.6385691165924072,3.6386232376098633,5.412101745605469e-05
39,15,160,3.5610852241516113,3.560596227645874,-0.0004889965057373047
39,16,160,3.9213132858276367,3.920109987258911,-0.001203298568725586
39,17,160,3.591649055480957,3.5896034240722656,-0.0020456314086914062
39,18,160,2.9101169109344482,2.909423828125,-0.0006930828094482422
39,19,160,2.5035877227783203,2.5036284923553467,4.076957702636719e-05
40,0,160,3.4126009941101074,3.4122228622436523,-0.0003781318664550781
40,1,160,3.544827938079834,3.5440073013305664,-0.0008206367492675781
40,2,160,3.4616475105285645,3.4601082801818848,-0.0015392303466796875
40,3,160,3.0004239082336426,2.998427391052246,-0.0019965171813964844
40,4,160,2.837808132171631,2.838297128677368,0.0004889965057373047
40,5,160,3.3482909202575684,3.348440647125244,0.00014972686767578125
40,6,160,3.3392398357391357,3.3368427753448486,-0.0023970603942871094
40,7,160,3.3503782749176025,3.34916090965271,-0.0012173652648925781
40,8,160,3.0591254234313965,3.0595195293426514,0.0003941059112548828
40,9,160,3.2810792922973633,3.2794647216796875,-0.0016145706176757812
40,10,160,3.503070116043091,3.5017356872558594,-0.0013344287872314453
40,11,160,3.1409263610839844,3.1425373554229736,0.0016109943389892578
40,12,160,3.3394811153411865,3.345445394515991,0.0059642791748046875
40,13,160,3.805089235305786,3.803037166595459,-0.0020520687103271484
40,14,160,3.6385691165924072,3.639130115509033,0.0005609989166259766
40,15,160,3.5610852241516113,3.561811685562134,0.0007264614105224609
40,16,160,3.9213132858276367,3.921475410461426,0.0001621246337890625
40,17,160,3.591649055480957,3.591775417327881,0.00012636184692382812
40,18,160,2.9101169109344482,2.909864902496338,-0.00025200843811035156
40,19,160,2.5035877227783203,2.5041685104370117,0.0005807876586914062
41,0,160,3.4126009941101074,3.4141743183135986,0.001573324203491211
41,1,160,3.544827938079834,3.545109272003174,0.00028133392333984375
41,2,160,3.4616475105285645,3.463438034057617,0.0017905235290527344
41,3,160,3.0004239082336426,3.000570774078369,0.0001468658447265625
41,4,160,2.837808132171631,2.838447093963623,0.0006389617919921875
41,5,160,3.3482909202575684,3.348952293395996,0.0006613731384277344
41,6,160,3.3392398357391357,3.3376667499542236,-0.0015730857849121094
41,7,160,3.3503782749176025,3.349766254425049,-0.0006120204925537109
41,8,160,3.0591254234313965,3.058887481689453,-0.00023794174194335938
41,9,160,3.2810792922973633,3.282012462615967,0.0009331703186035156
41,10,160,3.503070116043091,3.5027530193328857,-0.0003170967102050781
41,11,160,3.1409263610839844,3.141059637069702,0.00013327598571777344
41,12,160,3.3394811153411865,3.3398988246917725,0.0004177093505859375
41,13,160,3.805089235305786,3.804788112640381,-0.00030112266540527344
41,14,160,3.6385691165924072,3.638037919998169,-0.0005311965942382812
41,15,160,3.5610852241516113,3.561035394668579,-4.982948303222656e-05
41,16,160,3.9213132858276367,3.921574354171753,0.00026106834411621094
41,17,160,3.591649055480957,3.59047794342041,-0.001171112060546875
41,18,160,2.9101169109344482,2.9090545177459717,-0.0010623931884765625
41,19,160,2.5035877227783203,2.5033092498779297,-0.000278472900390625
42,0,160,3.4126009941101074,3.411977767944336,-0.0006232261657714844
42,1,160,3.544827938079834,3.544322967529297,-0.0005049705505371094
42,2,160,3.4616475105285645,3.4654831886291504,0.0038356781005859375
42,3,160,3.0004239082336426,3.002732753753662,0.0023088455200195312
42,4,160,2.837808132171631,2.838291645050049,0.00048351287841796875
42,5,160,3.3482909202575684,3.350071668624878,0.0017807483673095703
42,6,160,3.3392398357391357,3.34175705909729,0.002517223358154297
42,7,160,3.3503782749176025,3.3559682369232178,0.005589962005615234
42,8,160,3.0591254234313965,3.059736490249634,0.0006110668182373047
42,9,160,3.2810792922973633,3.2824065685272217,0.0013272762298583984
42,10,160,3.503070116043091,3.507110834121704,0.004040718078613281
42,11,160,3.1409263610839844,3.1405482292175293,-0.0003781318664550781
42,12,160,3.3394811153411865,3.339592218399048,0.00011110305786132812
42,13,160,3.805089235305786,3.8067541122436523,0.001664876937866211
42,14,160,3.6385691165924072,3.637695074081421,-0.0008740425109863281
42,15,160,3.5610852241516113,3.5613250732421875,0.00023984909057617188
42,16,160,3.9213132858276367,3.922788143157959,0.0014748573303222656
42,17,160,3.591649055480957,3.5906198024749756,-0.0010292530059814453
42,18,160,2.9101169109344482,2.9090583324432373,-0.0010585784912109375
42,19,160,2.5035877227783203,2.503021001815796,-0.0005667209625244141
43,0,160,3.4126009941101074,3.412950277328491,0.00034928321838378906
43,1,160,3.544827938079834,3.5442559719085693,-0.0005719661712646484
43,2,160,3.4616475105285645,3.459939479827881,-0.0017080307006835938
43,3,160,3.0004239082336426,3.0000293254852295,-0.00039458274841308594
43,4,160,2.837808132171631,2.8382515907287598,0.00044345855712890625
43,5,160,3.3482909202575684,3.3494157791137695,0.0011248588562011719
43,6,160,3.3392398357391357,3.337768793106079,-0.0014710426330566406
43,7,160,3.3503782749176025,3.350592613220215,0.0002143383026123047
43,8,160,3.0591254234313965,3.0591163635253906,-9.059906005859375e-06
43,9,160,3.2810792922973633,3.2797017097473145,-0.0013775825500488281
43,10,160,3.503070116043091,3.5029380321502686,-0.00013208389282226562
43,11,160,3.1409263610839844,3.1404528617858887,-0.0004734992980957031
43,12,160,3.3394811153411865,3.3382439613342285,-0.0012371540069580078
43,13,160,3.805089235305786,3.805640459060669,0.0005512237548828125
43,14,160,3.6385691165924072,3.639282703399658,0.0007135868072509766
43,15,160,3.5610852241516113,3.5611419677734375,5.6743621826171875e-05
43,16,160,3.9213132858276367,3.921602725982666,0.0002894401550292969
43,17,160,3.591649055480957,3.5947320461273193,0.0030829906463623047
43,18,160,2.9101169109344482,2.9117228984832764,0.001605987548828125
43,19,160,2.5035877227783203,2.5035836696624756,-4.0531158447265625e-06
44,0,160,3.4126009941101074,3.411597490310669,-0.0010035037994384766
44,1,160,3.544827938079834,3.545119285583496,0.0002913475036621094
44,2,160,3.4616475105285645,3.4612345695495605,-0.00041294097900390625
44,3,160,3.0004239082336426,3.0016462802886963,0.001222372055053711
44,4,160,2.837808132171631,2.836300849914551,-0.0015072822570800781
44,5,160,3.3482909202575684,3.349879264831543,0.0015883445739746094
44,6,160,3.3392398357391357,3.338094472885132,-0.0011453628540039062
44,7,160,3.3503782749176025,3.3492109775543213,-0.00116729736328125
44,8,160,3.0591254234313965,3.0592312812805176,0.00010585784912109375
44,9,160,3.2810792922973633,3.280588388442993,-0.0004909038543701172
44,10,160,3.503070116043091,3.503962993621826,0.0008928775787353516
44,11,160,3.1409263610839844,3.1409945487976074,6.818771362304688e-05
44,12,160,3.3394811153411865,3.339686632156372,0.00020551681518554688
44,13,160,3.805089235305786,3.805687665939331,0.0005984306335449219
44,14,160,3.6385691165924072,3.6375539302825928,-0.0010151863098144531
44,15,160,3.5610852241516113,3.5610485076904297,-3.6716461181640625e-05
44,16,160,3.9213132858276367,3.9230306148529053,0.0017173290252685547
44,17,160,3.591649055480957,3.593407392501831,0.0017583370208740234
44,18,160,2.9101169109344482,2.9093081951141357,-0.0008087158203125
44,19,160,2.5035877227783203,2.5025649070739746,-0.0010228157043457031
45,0,160,3.4126009941101074,3.412795305252075,0.00019431114196777344
45,1,160,3.544827938079834,3.5442190170288086,-0.0006089210510253906
45,2,160,3.4616475105285645,3.463259696960449,0.0016121864318847656
45,3,160,3.0004239082336426,3.0004992485046387,7.534027099609375e-05
45,4,160,2.837808132171631,2.8380165100097656,0.00020837783813476562
45,5,160,3.3482909202575684,3.3492321968078613,0.0009412765502929688
45,6,160,3.3392398357391357,3.3405544757843018,0.0013146400451660156
45,7,160,3.3503782749176025,3.3512654304504395,0.0008871555328369141
45,8,160,3.0591254234313965,3.059439182281494,0.00031375885009765625
45,9,160,3.2810792922973633,3.2805349826812744,-0.0005443096160888672
45,10,160,3.503070116043091,3.5028927326202393,-0.0001773834228515625
45,11,160,3.1409263610839844,3.1409876346588135,6.127357482910156e-05
45,12,160,3.3394811153411865,3.339597225189209,0.00011610984802246094
45,13,160,3.805089235305786,3.8067400455474854,0.0016508102416992188
45,14,160,3.6385691165924072,3.6393892765045166,0.000820159912109375
45,15,160,3.5610852241516113,3.560832977294922,-0.0002522468566894531
45,16,160,3.9213132858276367,3.9209978580474854,-0.0003154277801513672
45,17,160,3.591649055480957,3.5905544757843018,-0.0010945796966552734
45,18,160,2.9101169109344482,2.909278631210327,-0.0008382797241210938
45,19,160,2.5035877227783203,2.5006442070007324,-0.0029435157775878906
46,0,160,3.4126009941101074,3.4129526615142822,0.0003516674041748047
46,1,160,3.544827938079834,3.543259382247925,-0.0015685558319091797
46,2,160,3.4616475105285645,3.4609110355377197,-0.0007364749908447266
46,3,160,3.0004239082336426,3.000391960144043,-3.1948089599609375e-05
46,4,160,2.837808132171631,2.837700605392456,-0.00010752677917480469
46,5,160,3.3482909202575684,3.3480396270751953,-0.0002512931823730469
46,6,160,3.3392398357391357,3.3398091793060303,0.0005693435668945312
46,7,160,3.3503782749176025,3.3522145748138428,0.0018362998962402344
46,8,160,3.0591254234313965,3.0603952407836914,0.0012698173522949219
46,9,160,3.2810792922973633,3.2814598083496094,0.00038051605224609375
46,10,160,3.503070116043091,3.501265525817871,-0.0018045902252197266
46,11,160,3.1409263610839844,3.1394240856170654,-0.0015022754669189453
46,12,160,3.3394811153411865,3.340052366256714,0.0005712509155273438
46,13,160,3.805089235305786,3.8072707653045654,0.002181529998779297
46,14,160,3.6385691165924072,3.638939619064331,0.0003705024719238281
46,15,160,3.5610852241516113,3.5614848136901855,0.00039958953857421875
46,16,160,3.9213132858276367,3.9230539798736572,0.0017406940460205078
46,17,160,3.591649055480957,3.591681957244873,3.2901763916015625e-05
46,18,160,2.9101169109344482,2.909822940826416,-0.00029397010803222656
46,19,160,2.5035877227783203,2.5042152404785156,0.0006275177001953125
47,0,160,3.4126009941101074,3.411090850830078,-0.0015101432800292969
47,1,160,3.544827938079834,3.5434794425964355,-0.0013484954833984375
47,2,160,3.4616475105285645,3.464554786682129,0.002907276153564453
47,3,160,3.0004239082336426,3.000411033630371,-1.2874603271484375e-05
47,4,160,2.837808132171631,2.837924003601074,0.00011587142944335938
47,5,160,3.3482909202575684,3.3465685844421387,-0.0017223358154296875
47,6,160,3.3392398357391357,3.3400137424468994,0.0007739067077636719
47,7,160,3.3503782749176025,3.3483715057373047,-0.0020067691802978516
47,8,160,3.0591254234313965,3.0589189529418945,-0.00020647048950195312
47,9,160,3.2810792922973633,3.280313730239868,-0.0007655620574951172
47,10,160,3.503070116043091,3.502614736557007,-0.0004553794860839844
47,11,160,3.1409263610839844,3.141798734664917,0.0008723735809326172
47,12,160,3.3394811153411865,3.340989589691162,0.001508474349975586
47,13,160,3.805089235305786,3.805966377258301,0.0008771419525146484
47,14,160,3.6385691165924072,3.636979103088379,-0.0015900135040283203
47,15,160,3.5610852241516113,3.5633320808410645,0.002246856689453125
47,16,160,3.9213132858276367,3.922056198120117,0.0007429122924804688
47,17,160,3.591649055480957,3.5928549766540527,0.0012059211730957031
47,18,160,2.9101169109344482,2.9113006591796875,0.0011837482452392578
47,19,160,2.5035877227783203,2.5049610137939453,0.001373291015625
48,0,160,3.4126009941101074,3.4132697582244873,0.0006687641143798828
48,1,160,3.544827938079834,3.5454845428466797,0.0006566047668457031
48,2,160,3.4616475105285645,3.4611592292785645,-0.00048828125
48,3,160,3.0004239082336426,3.0010287761688232,0.0006048679351806641
48,4,160,2.837808132171631,2.8380181789398193,0.00021004676818847656
48,5,160,3.3482909202575684,3.3483448028564453,5.3882598876953125e-05
48,6,160,3.3392398357391357,3.3376803398132324,-0.0015594959259033203
48,7,160,3.3503782749176025,3.3497631549835205,-0.0006151199340820312
48,8,160,3.0591254234313965,3.059082508087158,-4.291534423828125e-05
48,9,160,3.2810792922973633,3.279491901397705,-0.0015873908996582031
48,10,160,3.503070116043091,3.502903938293457,-0.00016617774963378906
48,11,160,3.1409263610839844,3.140507459640503,-0.0004189014434814453
48,12,160,3.3394811153411865,3.3390047550201416,-0.0004763603210449219
48,13,160,3.805089235305786,3.8053886890411377,0.0002994537353515625
48,14,160,3.6385691165924072,3.6376285552978516,-0.0009405612945556641
48,15,160,3.5610852241516113,3.5606961250305176,-0.00038909912109375
48,16,160,3.9213132858276367,3.9215240478515625,0.00021076202392578125
48,17,160,3.591649055480957,3.590705156326294,-0.0009438991546630859
48,18,160,2.9101169109344482,2.9103739261627197,0.0002570152282714844
48,19,160,2.5035877227783203,2.503788948059082,0.00020122528076171875
49,0,160,3.4126009941101074,3.4118435382843018,-0.0007574558258056641
49,1,160,3.544827938079834,3.5466039180755615,0.001775979995727539
49,2,160,3.4616475105285645,3.4614644050598145,-0.00018310546875
49,3,160,3.0004239082336426,3.001746892929077,0.0013229846954345703
49,4,160,2.837808132171631,2.838125705718994,0.00031757354736328125
49,5,160,3.3482909202575684,3.3499085903167725,0.0016176700592041016
49,6,160,3.3392398357391357,3.340169668197632,0.0009298324584960938
49,7,160,3.3503782749176025,3.3504631519317627,8.487701416015625e-05
49,8,160,3.0591254234313965,3.061476469039917,0.002351045608520508
49,9,160,3.2810792922973633,3.28098464012146,-9.465217590332031e-05
49,10,160,3.503070116043091,3.503248929977417,0.00017881393432617188
49,11,160,3.1409263610839844,3.143155574798584,0.0022292137145996094
49,12,160,3.3394811153411865,3.3393747806549072,-0.00010633468627929688
49,13,160,3.805089235305786,3.806438446044922,0.0013492107391357422
49,14,160,3.6385691165924072,3.6390461921691895,0.00047707557678222656
49,15,160,3.5610852241516113,3.5615344047546387,0.00044918060302734375
49,16,160,3.9213132858276367,3.9225411415100098,0.0012278556823730469
49,17,160,3.591649055480957,3.590097427368164,-0.0015516281127929688
49,18,160,2.9101169109344482,2.91032075881958,0.00020384788513183594
49,19,160,2.5035877227783203,2.5026206970214844,-0.0009670257568359375
50,0,160,3.4126009941101074,3.4114010334014893,-0.001199960708618164
50,1,160,3.544827938079834,3.544649839401245,-0.0001780986785888672
50,2,160,3.4616475105285645,3.462963819503784,0.0013163089752197266
50,3,160,3.0004239082336426,2.999626874923706,-0.0007970333099365234
50,4,160,2.837808132171631,2.838578939437866,0.0007708072662353516
50,5,160,3.3482909202575684,3.348151922225952,-0.00013899803161621094
50,6,160,3.3392398357391357,3.3395118713378906,0.0002720355987548828
50,7,160,3.3503782749176025,3.350198984146118,-0.000179290771484375
50,8,160,3.0591254234313965,3.0604772567749023,0.0013518333435058594
50,9,160,3.2810792922973633,3.28131365776062,0.00023436546325683594
50,10,160,3.503070116043091,3.5031025409698486,3.24249267578125e-05
50,11,160,3.1409263610839844,3.1399319171905518,-0.0009944438934326172
50,12,160,3.3394811153411865,3.340067148208618,0.0005860328674316406
50,13,160,3.805089235305786,3.804220676422119,-0.0008685588836669922
50,14,160,3.6385691165924072,3.637831687927246,-0.0007374286651611328
50,15,160,3.5610852241516113,3.5612435340881348,0.0001583099365234375
50,16,160,3.9213132858276367,3.9212000370025635,-0.00011324882507324219
50,17,160,3.591649055480957,3.5913474559783936,-0.00030159950256347656
50,18,160,2.9101169109344482,2.9096744060516357,-0.0004425048828125
50,19,160,2.5035877227783203,2.5014405250549316,-0.002147197723388672
51,0,160,3.4126009941101074,3.41119647026062,-0.0014045238494873047
51,1,160,3.544827938079834,3.544501304626465,-0.0003266334533691406
51,2,160,3.4616475105285645,3.4613633155822754,-0.0002841949462890625
51,3,160,3.0004239082336426,3.000168800354004,-0.0002551078796386719
51,4,160,2.837808132171631,2.838146686553955,0.00033855438232421875
51,5,160,3.3482909202575684,3.3488006591796875,0.0005097389221191406
51,6,160,3.3392398357391357,3.3386640548706055,-0.0005757808685302734
51,7,160,3.3503782749176025,3.350715398788452,0.0003371238708496094
51,8,160,3.0591254234313965,3.057224988937378,-0.0019004344940185547
51,9,160,3.2810792922973633,3.281191349029541,0.00011205673217773438
51,10,160,3.503070116043091,3.5020923614501953,-0.0009777545928955078
51,11,160,3.1409263610839844,3.1403114795684814,-0.0006148815155029297
51,12,160,3.3394811153411865,3.3392486572265625,-0.00023245811462402344
51,13,160,3.805089235305786,3.8054487705230713,0.00035953521728515625
51,14,160,3.6385691165924072,3.6400322914123535,0.001463174819946289
51,15,160,3.5610852241516113,3.561887502670288,0.0008022785186767578
51,16,160,3.9213132858276367,3.9209117889404297,-0.00040149688720703125
51,17,160,3.591649055480957,3.5912365913391113,-0.0004124641418457031
51,18,160,2.9101169109344482,2.9082210063934326,-0.001895904541015625
51,19,160,2.5035877227783203,2.5030555725097656,-0.0005321502685546875
52,0,160,3.4126009941101074,3.4130706787109375,0.0004696846008300781
52,1,160,3.544827938079834,3.5436410903930664,-0.0011868476867675781
52,2,160,3.4616475105285645,3.4606375694274902,-0.0010099411010742188
52,3,160,3.0004239082336426,2.99944806098938,-0.0009758472442626953
52,4,160,2.837808132171631,2.838021993637085,0.00021386146545410156
52,5,160,3.3482909202575684,3.347776174545288,-0.0005147457122802734
52,6,160,3.3392398357391357,3.340705394744873,0.0014655590057373047
52,7,160,3.3503782749176025,3.3492159843444824,-0.0011622905731201172
52,8,160,3.0591254234313965,3.0594594478607178,0.00033402442932128906
52,9,160,3.2810792922973633,3.2825963497161865,0.0015170574188232422
52,10,160,3.503070116043091,3.5038764476776123,0.0008063316345214844
52,11,160,3.1409263610839844,3.1397931575775146,-0.0011332035064697266
52,12,160,3.3394811153411865,3.341060161590576,0.0015790462493896484
52,13,160,3.805089235305786,3.805091381072998,2.1457672119140625e-06
52,14,160,3.6385691165924072,3.6374728679656982,-0.0010962486267089844
52,15,160,3.5610852241516113,3.561619520187378,0.0005342960357666016
52,16,160,3.9213132858276367,3.9227070808410645,0.0013937950134277344
52,17,160,3.591649055480957,3.589467763900757,-0.0021812915802001953
52,18,160,2.9101169109344482,2.9108433723449707,0.0007264614105224609
52,19,160,2.5035877227783203,2.5056276321411133,0.0020399093627929688
53,0,160,3.4126009941101074,3.413508176803589,0.0009071826934814453
53,1,160,3.544827938079834,3.544572591781616,-0.00025534629821777344
53,2,160,3.4616475105285645,3.4604668617248535,-0.0011806488037109375
53,3,160,3.0004239082336426,3.0006611347198486,0.0002372264862060547
53,4,160,2.837808132171631,2.8365118503570557,-0.0012962818145751953
53,5,160,3.3482909202575684,3.3455657958984375,-0.0027251243591308594
53,6,160,3.3392398357391357,3.3376708030700684,-0.0015690326690673828
53,7,160,3.3503782749176025,3.3499486446380615,-0.0004296302795410156
53,8,160,3.0591254234313965,3.0590949058532715,-3.0517578125e-05
53,9,160,3.2810792922973633,3.280938148498535,-0.000141143798828125
53,10,160,3.503070116043091,3.5021424293518066,-0.0009276866912841797
53,11,160,3.1409263610839844,3.141862392425537,0.0009360313415527344
53,12,160,3.3394811153411865,3.3389739990234375,-0.0005071163177490234
53,13,160,3.805089235305786,3.805408000946045,0.00031876564025878906
53,14,160,3.6385691165924072,3.637437343597412,-0.0011317729949951172
53,15,160,3.5610852241516113,3.560861110687256,-0.00022411346435546875
53,16,160,3.9213132858276367,3.9224467277526855,0.0011334419250488281
53,17,160,3.591649055480957,3.591057538986206,-0.0005915164947509766
53,18,160,2.9101169109344482,2.909295082092285,-0.0008218288421630859
53,19,160,2.5035877227783203,2.50408673286438,0.0004990100860595703
54,0,160,3.4126009941101074,3.4135844707489014,0.0009834766387939453
54,1,160,3.544827938079834,3.545494794845581,0.0006668567657470703
54,2,160,3.4616475105285645,3.4631125926971436,0.0014650821685791016
54,3,160,3.0004239082336426,2.9992337226867676,-0.001190185546875
54,4,160,2.837808132171631,2.8375110626220703,-0.0002970695495605469
54,5,160,3.3482909202575684,3.3468687534332275,-0.0014221668243408203
54,6,160,3.3392398357391357,3.3396522998809814,0.0004124641418457031
54,7,160,3.3503782749176025,3.3495781421661377,-0.0008001327514648438
54,8,160,3.0591254234313965,3.0589404106140137,-0.0001850128173828125
54,9,160,3.2810792922973633,3.281561851501465,0.0004825592041015625
54,10,160,3.503070116043091,3.501311779022217,-0.0017583370208740234
54,11,160,3.1409263610839844,3.1397106647491455,-0.0012156963348388672
54,12,160,3.3394811153411865,3.338557243347168,-0.0009238719940185547
54,13,160,3.805089235305786,3.804913282394409,-0.00017595291137695312
54,14,160,3.6385691165924072,3.6394076347351074,0.0008385181427001953
54,15,160,3.5610852241516113,3.562920093536377,0.001834869384765625
54,16,160,3.9213132858276367,3.9199655055999756,-0.0013477802276611328
54,17,160,3.591649055480957,3.5896012783050537,-0.0020477771759033203
54,18,160,2.9101169109344482,2.910367488861084,0.0002505779266357422
54,19,160,2.5035877227783203,2.5048744678497314,0.0012867450714111328
55,0,160,3.4126009941101074,3.4115564823150635,-0.0010445117950439453
55,1,160,3.544827938079834,3.5435521602630615,-0.001275777816772461
55,2,160,3.4616475105285645,3.4602606296539307,-0.001386880874633789
55,3,160,3.0004239082336426,3.0001907348632812,-0.00023317337036132812
55,4,160,2.837808132171631,2.836351156234741,-0.0014569759368896484
55,5,160,3.3482909202575684,3.3477413654327393,-0.0005495548248291016
55,6,160,3.3392398357391357,3.338531732559204,-0.0007081031799316406
55,7,160,3.3503782749176025,3.3501412868499756,-0.00023698806762695312
55,8,160,3.0591254234313965,3.058879852294922,-0.0002455711364746094
55,9,160,3.2810792922973633,3.278193235397339,-0.002886056900024414
55,10,160,3.503070116043091,3.5032856464385986,0.0002155303955078125
55,11,160,3.1409263610839844,3.143901824951172,0.0029754638671875
55,12,160,3.3394811153411865,3.3379569053649902,-0.001524209976196289
55,13,160,3.805089235305786,3.804920196533203,-0.0001690387725830078
55,14,160,3.6385691165924072,3.640273094177246,0.0017039775848388672
55,15,160,3.5610852241516113,3.5601541996002197,-0.0009310245513916016
55,16,160,3.9213132858276367,3.9213082790374756,-5.0067901611328125e-06
55,17,160,3.591649055480957,3.594356060028076,0.0027070045471191406
55,18,160,2.9101169109344482,2.910501718521118,0.0003848075866699219
55,19,160,2.5035877227783203,2.504544496536255,0.0009567737579345703
56,0,160,3.4126009941101074,3.4124462604522705,-0.00015473365783691406
56,1,160,3.544827938079834,3.5467076301574707,0.0018796920776367188
56,2,160,3.4616475105285645,3.46077036857605,-0.0008771419525146484
56,3,160,3.0004239082336426,3.000211238861084,-0.00021266937255859375
56,4,160,2.837808132171631,2.8385186195373535,0.0007104873657226562
56,5,160,3.3482909202575684,3.3490731716156006,0.0007822513580322266
56,6,160,3.3392398357391357,3.3397133350372314,0.0004734992980957031
56,7,160,3.3503782749176025,3.3498854637145996,-0.0004928112030029297
56,8,160,3.0591254234313965,3.059412956237793,0.0002875328063964844
56,9,160,3.2810792922973633,3.2806389331817627,-0.00044035911560058594
56,10,160,3.503070116043091,3.5027668476104736,-0.0003032684326171875
56,11,160,3.1409263610839844,3.1416068077087402,0.0006804466247558594
56,12,160,3.3394811153411865,3.3402838706970215,0.0008027553558349609
56,13,160,3.805089235305786,3.804703950881958,-0.000385284423828125
56,14,160,3.6385691165924072,3.637925624847412,-0.0006434917449951172
56,15,160,3.5610852241516113,3.5614328384399414,0.0003476142883300781
56,16,160,3.9213132858276367,3.9200475215911865,-0.0012657642364501953
56,17,160,3.591649055480957,3.5905888080596924,-0.0010602474212646484
56,18,160,2.9101169109344482,2.9100639820098877,-5.2928924560546875e-05
56,19,160,2.5035877227783203,2.504761219024658,0.0011734962463378906
57,0,160,3.4126009941101074,3.411975145339966,-0.0006258487701416016
57,1,160,3.544827938079834,3.545851945877075,0.001024007797241211
57,2,160,3.4616475105285645,3.4627230167388916,0.0010755062103271484
57,3,160,3.0004239082336426,2.999677896499634,-0.0007460117340087891
57,4,160,2.837808132171631,2.8360471725463867,-0.0017609596252441406
57,5,160,3.3482909202575684,3.3487980365753174,0.0005071163177490234
57,6,160,3.3392398357391357,3.339461088180542,0.00022125244140625
57,7,160,3.3503782749176025,3.349508047103882,-0.0008702278137207031
57,8,160,3.0591254234313965,3.0603694915771484,0.0012440681457519531
57,9,160,3.2810792922973633,3.2805936336517334,-0.0004856586456298828
57,10,160,3.503070116043091,3.503486394882202,0.0004162788391113281
57,11,160,3.1409263610839844,3.142838716506958,0.0019123554229736328
57,12,160,3.3394811153411865,3.338862419128418,-0.0006186962127685547
57,13,160,3.805089235305786,3.8046352863311768,-0.000453948974609375
57,14,160,3.6385691165924072,3.6380200386047363,-0.0005490779876708984
57,15,160,3.5610852241516113,3.560641050338745,-0.00044417381286621094
57,16,160,3.9213132858276367,3.921583652496338,0.0002703666687011719
57,17,160,3.591649055480957,3.5934410095214844,0.0017919540405273438
57,18,160,2.9101169109344482,2.908184289932251,-0.0019326210021972656
57,19,160,2.5035877227783203,2.5043888092041016,0.00080108642578125
58,0,160,3.4126009941101074,3.4138619899749756,0.001260995864868164
58,1,160,3.544827938079834,3.548081636428833,0.0032536983489990234
58,2,160,3.4616475105285645,3.46331524848938,0.0016677379608154297
58,3,160,3.0004239082336426,2.9998557567596436,-0.0005681514739990234
58,4,160,2.837808132171631,2.8371596336364746,-0.00064849853515625
58,5,160,3.3482909202575684,3.347705364227295,-0.0005855560302734375
58,6,160,3.3392398357391357,3.3395702838897705,0.0003304481506347656
58,7,160,3.3503782749176025,3.350865125656128,0.0004868507385253906
58,8,160,3.0591254234313965,3.0582988262176514,-0.0008265972137451172
58,9,160,3.2810792922973633,3.284329652786255,0.0032503604888916016
58,10,160,3.503070116043091,3.5041322708129883,0.001062154769897461
58,11,160,3.1409263610839844,3.141207456588745,0.0002810955047607422
58,12,160,3.3394811153411865,3.341158628463745,0.0016775131225585938
58,13,160,3.805089235305786,3.8036980628967285,-0.0013911724090576172
58,14,160,3.6385691165924072,3.6385879516601562,1.8835067749023438e-05
58,15,160,3.5610852241516113,3.5616767406463623,0.0005915164947509766
58,16,160,3.9213132858276367,3.9218273162841797,0.0005140304565429688
58,17,160,3.591649055480957,3.5948479175567627,0.003198862075805664
58,18,160,2.9101169109344482,2.9100797176361084,-3.719329833984375e-05
58,19,160,2.5035877227783203,2.5030364990234375,-0.0005512237548828125
59,0,160,3.4126009941101074,3.4139652252197266,0.0013642311096191406
59,1,160,3.544827938079834,3.544832944869995,5.0067901611328125e-06
59,2,160,3.4616475105285645,3.4622771739959717,0.0006296634674072266
59,3,160,3.0004239082336426,3.0004167556762695,-7.152557373046875e-06
59,4,160,2.837808132171631,2.837204933166504,-0.0006031990051269531
59,5,160,3.3482909202575684,3.3503546714782715,0.002063751220703125
59,6,160,3.3392398357391357,3.3414783477783203,0.0022385120391845703
59,7,160,3.3503782749176025,3.3499083518981934,-0.0004699230194091797
59,8,160,3.0591254234313965,3.0588724613189697,-0.0002529621124267578
59,9,160,3.2810792922973633,3.2821881771087646,0.0011088848114013672
59,10,160,3.503070116043091,3.504739999771118,0.0016698837280273438
59,11,160,3.1409263610839844,3.1414127349853516,0.0004863739013671875
59,12,160,3.3394811153411865,3.3397068977355957,0.0002257823944091797
59,13,160,3.805089235305786,3.8055367469787598,0.0004475116729736328
59,14,160,3.6385691165924072,3.638275623321533,-0.00029349327087402344
59,15,160,3.5610852241516113,3.561403274536133,0.0003180503845214844
59,16,160,3.9213132858276367,3.922966241836548,0.0016529560089111328
59,17,160,3.591649055480957,3.594653844833374,0.003004789352416992
59,18,160,2.9101169109344482,2.909703016281128,-0.0004138946533203125
59,19,160,2.5035877227783203,2.502756118774414,-0.00083160400390625
60,0,160,3.4126009941101074,3.4127416610717773,0.00014066696166992188
60,1,160,3.544827938079834,3.543933153152466,-0.0008947849273681641
60,2,160,3.4616475105285645,3.462674140930176,0.0010266304016113281
60,3,160,3.0004239082336426,3.0010955333709717,0.0006716251373291016
60,4,160,2.837808132171631,2.838083267211914,0.0002751350402832031
60,5,160,3.3482909202575684,3.348651170730591,0.00036025047302246094
60,6,160,3.3392398357391357,3.3397328853607178,0.0004930496215820312
60,7,160,3.3503782749176025,3.352273941040039,0.0018956661224365234
60,8,160,3.0591254234313965,3.060640335083008,0.0015149116516113281
60,9,160,3.2810792922973633,3.2805941104888916,-0.0004851818084716797
60,10,160,3.503070116043091,3.503164529800415,9.441375732421875e-05
60,11,160,3.1409263610839844,3.1420319080352783,0.0011055469512939453
60,12,160,3.3394811153411865,3.3380637168884277,-0.001417398452758789
60,13,160,3.805089235305786,3.8044052124023438,-0.0006840229034423828
60,14,160,3.6385691165924072,3.638193368911743,-0.0003757476806640625
60,15,160,3.5610852241516113,3.561629056930542,0.0005438327789306641
60,16,160,3.9213132858276367,3.921041488647461,-0.00027179718017578125
60,17,160,3.591649055480957,3.5957958698272705,0.0041468143463134766
60,18,160,2.9101169109344482,2.910525321960449,0.00040841102600097656
60,19,160,2.5035877227783203,2.502533435821533,-0.0010542869567871094
61,0,160,3.4126009941101074,3.4129421710968018,0.00034117698669433594
61,1,160,3.544827938079834,3.544461965560913,-0.00036597251892089844
61,2,160,3.4616475105285645,3.4604973793029785,-0.0011501312255859375
61,3,160,3.0004239082336426,2.99872088432312,-0.001703023910522461
61,4,160,2.837808132171631,2.8383960723876953,0.0005879402160644531
61,5,160,3.3482909202575684,3.3484554290771484,0.00016450881958007812
61,6,160,3.3392398357391357,3.337231159210205,-0.002008676528930664
61,7,160,3.3503782749176025,3.3490514755249023,-0.0013267993927001953
61,8,160,3.0591254234313965,3.0586509704589844,-0.0004744529724121094
61,9,160,3.2810792922973633,3.2792165279388428,-0.0018627643585205078
61,10,160,3.503070116043091,3.50355863571167,0.0004885196685791016
61,11,160,3.1409263610839844,3.141995429992676,0.0010690689086914062
61,12,160,3.3394811153411865,3.3385653495788574,-0.0009157657623291016
61,13,160,3.805089235305786,3.8054184913635254,0.0003292560577392578
61,14,160,3.6385691165924072,3.6382815837860107,-0.0002875328063964844
61,15,160,3.5610852241516113,3.5604732036590576,-0.0006120204925537109
61,16,160,3.9213132858276367,3.923081398010254,0.0017681121826171875
61,17,160,3.591649055480957,3.595161199569702,0.003512144088745117
61,18,160,2.9101169109344482,2.910737991333008,0.0006210803985595703
61,19,160,2.5035877227783203,2.503897190093994,0.0003094673156738281
62,0,160,3.4126009941101074,3.4131932258605957,0.0005922317504882812
62,1,160,3.544827938079834,3.545083522796631,0.000255584716796875
62,2,160,3.4616475105285645,3.463315963745117,0.0016684532165527344
62,3,160,3.0004239082336426,3.000288724899292,-0.00013518333435058594
62,4,160,2.837808132171631,2.8368589878082275,-0.0009491443634033203
62,5,160,3.3482909202575684,3.348628520965576,0.0003376007080078125
62,6,160,3.3392398357391357,3.3389527797698975,-0.00028705596923828125
62,7,160,3.3503782749176025,3.3496627807617188,-0.0007154941558837891
62,8,160,3.0591254234313965,3.058687686920166,-0.00043773651123046875
62,9,160,3.2810792922973633,3.281435251235962,0.0003559589385986328
62,10,160,3.503070116043091,3.5046439170837402,0.001573801040649414
62,11,160,3.1409263610839844,3.141828775405884,0.0009024143218994141
62,12,160,3.3394811153411865,3.338437795639038,-0.0010433197021484375
62,13,160,3.805089235305786,3.8039989471435547,-0.0010902881622314453
62,14,160,3.6385691165924072,3.6389412879943848,0.00037217140197753906
62,15,160,3.5610852241516113,3.562053680419922,0.0009684562683105469
62,16,160,3.9213132858276367,3.921961784362793,0.00064849853515625
62,17,160,3.591649055480957,3.5899102687835693,-0.0017387866973876953
62,18,160,2.9101169109344482,2.908872365951538,-0.0012445449829101562
62,19,160,2.5035877227783203,2.5029444694519043,-0.0006432533264160156
63,0,160,3.4126009941101074,3.4129135608673096,0.00031256675720214844
63,1,160,3.544827938079834,3.544151782989502,-0.0006761550903320312
63,2,160,3.4616475105285645,3.46150279045105,-0.00014472007751464844
63,3,160,3.0004239082336426,3.00081205368042,0.00038814544677734375
63,4,160,2.837808132171631,2.8392293453216553,0.001421213150024414
63,5,160,3.3482909202575684,3.346799373626709,-0.001491546630859375
63,6,160,3.3392398357391357,3.339495897293091,0.0002560615539550781
63,7,160,3.3503782749176025,3.3500661849975586,-0.0003120899200439453
63,8,160,3.0591254234313965,3.059816837310791,0.0006914138793945312
63,9,160,3.2810792922973633,3.2824525833129883,0.001373291015625
63,10,160,3.503070116043091,3.5043890476226807,0.0013189315795898438
63,11,160,3.1409263610839844,3.141655921936035,0.0007295608520507812
63,12,160,3.3394811153411865,3.339505434036255,2.4318695068359375e-05
63,13,160,3.805089235305786,3.806767225265503,0.0016779899597167969
63,14,160,3.6385691165924072,3.638474941253662,-9.417533874511719e-05
63,15,160,3.5610852241516113,3.562042474746704,0.0009572505950927734
63,16,160,3.9213132858276367,3.9228193759918213,0.0015060901641845703
63,17,160,3.591649055480957,3.5904605388641357,-0.001188516616821289
63,18,160,2.9101169109344482,2.9098093509674072,-0.0003075599670410156
63,19,160,2.5035877227783203,2.5022549629211426,-0.0013327598571777344
64,0,160,3.4126009941101074,3.413632869720459,0.0010318756103515625
64,1,160,3.544827938079834,3.5449984073638916,0.0001704692840576172
64,2,160,3.4616475105285645,3.460986375808716,-0.0006611347198486328
64,3,160,3.0004239082336426,3.001274824142456,0.0008509159088134766
64,4,160,2.837808132171631,2.8378095626831055,1.430511474609375e-06
64,5,160,3.3482909202575684,3.349381923675537,0.00109100341796875
64,6,160,3.3392398357391357,3.340785503387451,0.0015456676483154297
64,7,160,3.3503782749176025,3.3501136302948,-0.0002646446228027344
64,8,160,3.0591254234313965,3.0587313175201416,-0.0003941059112548828
64,9,160,3.2810792922973633,3.281284809112549,0.00020551681518554688
64,10,160,3.503070116043091,3.5022974014282227,-0.0007727146148681641
64,11,160,3.1409263610839844,3.139967441558838,-0.0009589195251464844
64,12,160,3.3394811153411865,3.3394908905029297,9.775161743164062e-06
64,13,160,3.805089235305786,3.806788682937622,0.0016994476318359375
64,14,160,3.6385691165924072,3.639556884765625,0.0009877681732177734
64,15,160,3.5610852241516113,3.562575578689575,0.0014903545379638672
64,16,160,3.9213132858276367,3.921342372894287,2.9087066650390625e-05
64,17,160,3.591649055480957,3.5982723236083984,0.006623268127441406
64,18,160,2.9101169109344482,2.9116897583007812,0.0015728473663330078
64,19,160,2.5035877227783203,2.5033786296844482,-0.0002090930938720703
65,0,160,3.4126009941101074,3.4116785526275635,-0.0009224414825439453
65,1,160,3.544827938079834,3.5436434745788574,-0.0011844635009765625
65,2,160,3.4616475105285645,3.4623124599456787,0.0006649494171142578
65,3,160,3.0004239082336426,3.0004560947418213,3.218650817871094e-05
65,4,160,2.837808132171631,2.837538480758667,-0.0002696514129638672
65,5,160,3.3482909202575684,3.348536968231201,0.0002460479736328125
65,6,160,3.3392398357391357,3.3385391235351562,-0.0007007122039794922
65,7,160,3.3503782749176025,3.351964235305786,0.0015859603881835938
65,8,160,3.0591254234313965,3.0588154792785645,-0.00030994415283203125
65,9,160,3.2810792922973633,3.2809975147247314,-8.177757263183594e-05
65,10,160,3.503070116043091,3.503286361694336,0.0002162456512451172
65,11,160,3.1409263610839844,3.1408424377441406,-8.392333984375e-05
65,12,160,3.3394811153411865,3.3378469944000244,-0.0016341209411621094
65,13,160,3.805089235305786,3.805158853530884,6.961822509765625e-05
65,14,160,3.6385691165924072,3.6387779712677,0.00020885467529296875
65,15,160,3.5610852241516113,3.560908555984497,-0.0001766681671142578
65,16,160,3.9213132858276367,3.922288417816162,0.0009751319885253906
65,17,160,3.591649055480957,3.595899820327759,0.004250764846801758
65,18,160,2.9101169109344482,2.909839630126953,-0.0002772808074951172
65,19,160,2.5035877227783203,2.5023231506347656,-0.0012645721435546875
66,0,160,3.4126009941101074,3.4122862815856934,-0.0003147125244140625
66,1,160,3.544827938079834,3.5446507930755615,-0.00017714500427246094
66,2,160,3.4616475105285645,3.462348699569702,0.0007011890411376953
66,3,160,3.0004239082336426,3.000443935394287,2.002716064453125e-05
66,4,160,2.837808132171631,2.8385496139526367,0.0007414817810058594
66,5,160,3.3482909202575684,3.349351406097412,0.00106048583984375
66,6,160,3.3392398357391357,3.3400821685791016,0.0008423328399658203
66,7,160,3.3503782749176025,3.350111484527588,-0.00026679039001464844
66,8,160,3.0591254234313965,3.0587425231933594,-0.0003829002380371094
66,9,160,3.2810792922973633,3.2827463150024414,0.001667022705078125
66,10,160,3.503070116043091,3.502851963043213,-0.0002181529998779297
66,11,160,3.1409263610839844,3.1413872241973877,0.0004608631134033203
66,12,160,3.3394811153411865,3.33898663520813,-0.0004944801330566406
66,13,160,3.805089235305786,3.806168556213379,0.0010793209075927734
66,14,160,3.6385691165924072,3.6381030082702637,-0.0004661083221435547
66,15,160,3.5610852241516113,3.5615413188934326,0.00045609474182128906
66,16,160,3.9213132858276367,3.9200870990753174,-0.001226186752319336
66,17,160,3.591649055480957,3.5902631282806396,-0.0013859272003173828
66,18,160,2.9101169109344482,2.910487174987793,0.00037026405334472656
66,19,160,2.5035877227783203,2.5023128986358643,-0.0012748241424560547
67,0,160,3.4126009941101074,3.4125475883483887,-5.340576171875e-05
67,1,160,3.544827938079834,3.545125722885132,0.00029778480529785156
67,2,160,3.4616475105285645,3.46286940574646,0.0012218952178955078
67,3,160,3.0004239082336426,3.000894784927368,0.00047087669372558594
67,4,160,2.837808132171631,2.8373169898986816,-0.0004911422729492188
67,5,160,3.3482909202575684,3.347398281097412,-0.00089263916015625
67,6,160,3.3392398357391357,3.3404762744903564,0.0012364387512207031
67,7,160,3.3503782749176025,3.3516547679901123,0.0012764930725097656
67,8,160,3.0591254234313965,3.059223175048828,9.775161743164062e-05
67,9,160,3.2810792922973633,3.281878709793091,0.0007994174957275391
67,10,160,3.503070116043091,3.5029871463775635,-8.296966552734375e-05
67,11,160,3.1409263610839844,3.141542434692383,0.0006160736083984375
67,12,160,3.3394811153411865,3.3402369022369385,0.0007557868957519531
67,13,160,3.805089235305786,3.805420398712158,0.0003311634063720703
67,14,160,3.6385691165924072,3.6400253772735596,0.0014562606811523438
67,15,160,3.5610852241516113,3.560596227645874,-0.0004889965057373047
67,16,160,3.9213132858276367,3.921196222305298,-0.00011706352233886719
67,17,160,3.591649055480957,3.5907139778137207,-0.0009350776672363281
67,18,160,2.9101169109344482,2.9106149673461914,0.0004980564117431641
67,19,160,2.5035877227783203,2.5054500102996826,0.0018622875213623047
68,0,160,3.4126009941101074,3.4123189449310303,-0.00028204917907714844
68,1,160,3.544827938079834,3.5440337657928467,-0.0007941722869873047
68,2,160,3.4616475105285645,3.4616477489471436,2.384185791015625e-07
68,3,160,3.0004239082336426,3.000844717025757,0.0004208087921142578
68,4,160,2.837808132171631,2.8378875255584717,7.939338684082031e-05
68,5,160,3.3482909202575684,3.350843667984009,0.0025527477264404297
68,6,160,3.3392398357391357,3.3413946628570557,0.002154827117919922
68,7,160,3.3503782749176025,3.3507869243621826,0.0004086494445800781
68,8,160,3.0591254234313965,3.059781551361084,0.0006561279296875
68,9,160,3.2810792922973633,3.2812414169311523,0.0001621246337890625
68,10,160,3.503070116043091,3.5038974285125732,0.0008273124694824219
68,11,160,3.1409263610839844,3.141031265258789,0.0001049041748046875
68,12,160,3.3394811153411865,3.3404879570007324,0.0010068416595458984
68,13,160,3.805089235305786,3.8058314323425293,0.0007421970367431641
68,14,160,3.6385691165924072,3.637648582458496,-0.0009205341339111328
68,15,160,3.5610852241516113,3.5609753131866455,-0.00010991096496582031
68,16,160,3.9213132858276367,3.9200387001037598,-0.0012745857238769531
68,17,160,3.591649055480957,3.5929183959960938,0.0012693405151367188
68,18,160,2.9101169109344482,2.910439968109131,0.0003230571746826172
68,19,160,2.5035877227783203,2.504455804824829,0.0008680820465087891
69,0,160,3.4126009941101074,3.411959648132324,-0.0006413459777832031
69,1,160,3.544827938079834,3.5453882217407227,0.0005602836608886719
69,2,160,3.4616475105285645,3.4617831707000732,0.00013566017150878906
69,3,160,3.0004239082336426,3.0018863677978516,0.0014624595642089844
69,4,160,2.837808132171631,2.8378047943115234,-3.337860107421875e-06
69,5,160,3.3482909202575684,3.3493311405181885,0.0010402202606201172
69,6,160,3.3392398357391357,3.3395795822143555,0.00033974647521972656
69,7,160,3.3503782749176025,3.3510537147521973,0.0006754398345947266
69,8,160,3.0591254234313965,3.0597329139709473,0.0006074905395507812
69,9,160,3.2810792922973633,3.279808282852173,-0.0012710094451904297
69,10,160,3.503070116043091,3.5039761066436768,0.0009059906005859375
69,11,160,3.1409263610839844,3.1407549381256104,-0.00017142295837402344
69,12,160,3.3394811153411865,3.340752363204956,0.0012712478637695312
69,13,160,3.805089235305786,3.8063902854919434,0.0013010501861572266
69,14,160,3.6385691165924072,3.6384801864624023,-8.893013000488281e-05
69,15,160,3.5610852241516113,3.560102939605713,-0.0009822845458984375
69,16,160,3.9213132858276367,3.9235031604766846,0.0021898746490478516
69,17,160,3.591649055480957,3.593954563140869,0.0023055076599121094
69,18,160,2.9101169109344482,2.9099340438842773,-0.00018286705017089844
69,19,160,2.5035877227783203,2.503957509994507,0.00036978721618652344
70,0,160,3.4126009941101074,3.412529468536377,-7.152557373046875e-05
70,1,160,3.544827938079834,3.546025037765503,0.0011970996856689453
70,2,160,3.4616475105285645,3.462235450744629,0.0005879402160644531
70,3,160,3.0004239082336426,3.000622510910034,0.00019860267639160156
70,4,160,2.837808132171631,2.8367772102355957,-0.0010309219360351562
70,5,160,3.3482909202575684,3.3508048057556152,0.002513885498046875
70,6,160,3.3392398357391357,3.33903169631958,-0.00020813941955566406
70,7,160,3.3503782749176025,3.35076642036438,0.00038814544677734375
70,8,160,3.0591254234313965,3.058955669403076,-0.0001697540283203125
70,9,160,3.2810792922973633,3.281221866607666,0.00014257431030273438
70,10,160,3.503070116043091,3.502507448196411,-0.0005626678466796875
70,11,160,3.1409263610839844,3.141223907470703,0.00029754638671875
70,12,160,3.3394811153411865,3.3408658504486084,0.001384735107421875
70,13,160,3.805089235305786,3.80353045463562,-0.0015587806701660156
70,14,160,3.6385691165924072,3.638644218444824,7.510185241699219e-05
70,15,160,3.5610852241516113,3.561316728591919,0.0002315044403076172
70,16,160,3.9213132858276367,3.9213967323303223,8.344650268554688e-05
70,17,160,3.591649055480957,3.590787172317505,-0.0008618831634521484
70,18,160,2.9101169109344482,2.908252477645874,-0.0018644332885742188
70,19,160,2.5035877227783203,2.5016963481903076,-0.0018913745880126953
71,0,160,3.4126009941101074,3.4117233753204346,-0.0008776187896728516
71,1,160,3.544827938079834,3.5462300777435303,0.001402139663696289
71,2,160,3.4616475105285645,3.4613401889801025,-0.00030732154846191406
71,3,160,3.0004239082336426,3.0033371448516846,0.002913236618041992
71,4,160,2.837808132171631,2.8390443325042725,0.0012362003326416016
71,5,160,3.3482909202575684,3.3484761714935303,0.00018525123596191406
71,6,160,3.3392398357391357,3.3386073112487793,-0.0006325244903564453
71,7,160,3.3503782749176025,3.3497934341430664,-0.0005848407745361328
71,8,160,3.0591254234313965,3.0601143836975098,0.0009889602661132812
71,9,160,3.2810792922973633,3.2799713611602783,-0.001107931137084961
71,10,160,3.503070116043091,3.502775192260742,-0.0002949237823486328
71,11,160,3.1409263610839844,3.142268180847168,0.0013418197631835938
71,12,160,3.3394811153411865,3.352818727493286,0.01333761215209961
71,13,160,3.805089235305786,3.8045289516448975,-0.0005602836608886719
71,14,160,3.6385691165924072,3.6391940116882324,0.0006248950958251953
71,15,160,3.5610852241516113,3.561267614364624,0.0001823902130126953
71,16,160,3.9213132858276367,3.92049241065979,-0.0008208751678466797
71,17,160,3.591649055480957,3.5921239852905273,0.0004749298095703125
71,18,160,2.9101169109344482,2.909818172454834,-0.0002987384796142578
71,19,160,2.5035877227783203,2.5039408206939697,0.00035309791564941406
72,0,160,3.4126009941101074,3.41251540184021,-8.559226989746094e-05
72,1,160,3.544827938079834,3.545543670654297,0.0007157325744628906
72,2,160,3.4616475105285645,3.4639813899993896,0.0023338794708251953
72,3,160,3.0004239082336426,3.0000476837158203,-0.0003762245178222656
72,4,160,2.837808132171631,2.838533401489258,0.0007252693176269531
72,5,160,3.3482909202575684,3.3494293689727783,0.001138448715209961
72,6,160,3.3392398357391357,3.3399600982666016,0.0007202625274658203
72,7,160,3.3503782749176025,3.3524951934814453,0.0021169185638427734
72,8,160,3.0591254234313965,3.0600497722625732,0.0009243488311767578
72,9,160,3.2810792922973633,3.281278610229492,0.00019931793212890625
72,10,160,3.503070116043091,3.5039865970611572,0.0009164810180664062
72,11,160,3.1409263610839844,3.143857955932617,0.0029315948486328125
72,12,160,3.3394811153411865,3.3400802612304688,0.0005991458892822266
72,13,160,3.805089235305786,3.8053841590881348,0.0002949237823486328
72,14,160,3.6385691165924072,3.6384170055389404,-0.00015211105346679688
72,15,160,3.5610852241516113,3.560541868209839,-0.0005433559417724609
72,16,160,3.9213132858276367,3.9216320514678955,0.00031876564025878906
72,17,160,3.591649055480957,3.594160556793213,0.0025115013122558594
72,18,160,2.9101169109344482,2.909088611602783,-0.001028299331665039
72,19,160,2.5035877227783203,2.5054633617401123,0.0018756389617919922
73,0,160,3.4126009941101074,3.41201114654541,-0.0005898475646972656
73,1,160,3.544827938079834,3.5447120666503906,-0.00011587142944335938
73,2,160,3.4616475105285645,3.461505174636841,-0.0001423358917236328
73,3,160,3.0004239082336426,3.00056529045105,0.00014138221740722656
73,4,160,2.837808132171631,2.8377814292907715,-2.6702880859375e-05
73,5,160,3.3482909202575684,3.349562883377075,0.001271963119506836
73,6,160,3.3392398357391357,3.3389196395874023,-0.00032019615173339844
73,7,160,3.3503782749176025,3.35016131401062,-0.00021696090698242188
73,8,160,3.0591254234313965,3.059178352355957,5.2928924560546875e-05
73,9,160,3.2810792922973633,3.282853364944458,0.0017740726470947266
73,10,160,3.503070116043091,3.5049593448638916,0.0018892288208007812
73,11,160,3.1409263610839844,3.1417250633239746,0.0007987022399902344
73,12,160,3.3394811153411865,3.339294672012329,-0.00018644332885742188
73,13,160,3.805089235305786,3.8055124282836914,0.00042319297790527344
73,14,160,3.6385691165924072,3.6387226581573486,0.00015354156494140625
73,15,160,3.5610852241516113,3.56077241897583,-0.00031280517578125
73,16,160,3.9213132858276367,3.9231045246124268,0.001791238784790039
73,17,160,3.591649055480957,3.589829683303833,-0.0018193721771240234
73,18,160,2.9101169109344482,2.909999370574951,-0.00011754035949707031
73,19,160,2.5035877227783203,2.504063606262207,0.00047588348388671875
74,0,160,3.4126009941101074,3.4128518104553223,0.00025081634521484375
74,1,160,3.544827938079834,3.545086145401001,0.0002582073211669922
74,2,160,3.4616475105285645,3.462017774581909,0.00037026405334472656
74,3,160,3.0004239082336426,2.9999091625213623,-0.0005147457122802734
74,4,160,2.837808132171631,2.839675188064575,0.001867055892944336
74,5,160,3.3482909202575684,3.3476877212524414,-0.0006031990051269531
74,6,160,3.3392398357391357,3.3382139205932617,-0.0010259151458740234
74,7,160,3.3503782749176025,3.3496017456054688,-0.0007765293121337891
74,8,160,3.0591254234313965,3.059396505355835,0.00027108192443847656
74,9,160,3.2810792922973633,3.281601905822754,0.000522613525390625
74,10,160,3.503070116043091,3.501711368560791,-0.0013587474822998047
74,11,160,3.1409263610839844,3.142914295196533,0.001987934112548828
74,12,160,3.3394811153411865,3.354160785675049,0.014679670333862305
74,13,160,3.805089235305786,3.8054704666137695,0.00038123130798339844
74,14,160,3.6385691165924072,3.6382739543914795,-0.0002951622009277344
74,15,160,3.5610852241516113,3.560997486114502,-8.7738037109375e-05
74,16,160,3.9213132858276367,3.921093225479126,-0.0002200603485107422
74,17,160,3.591649055480957,3.5905203819274902,-0.0011286735534667969
74,18,160,2.9101169109344482,2.9114763736724854,0.0013594627380371094
74,19,160,2.5035877227783203,2.5039238929748535,0.0003361701965332031
75,0,160,3.4126009941101074,3.4125895500183105,-1.1444091796875e-05
75,1,160,3.544827938079834,3.544989824295044,0.00016188621520996094
75,2,160,3.4616475105285645,3.4621880054473877,0.0005404949188232422
75,3,160,3.0004239082336426,2.999197244644165,-0.001226663589477539
75,4,160,2.837808132171631,2.837015151977539,-0.0007929801940917969
75,5,160,3.3482909202575684,3.3489456176757812,0.0006546974182128906
75,6,160,3.3392398357391357,3.3378145694732666,-0.0014252662658691406
75,7,160,3.3503782749176025,3.351984739303589,0.0016064643859863281
75,8,160,3.0591254234313965,3.0585129261016846,-0.0006124973297119141
75,9,160,3.2810792922973633,3.2795534133911133,-0.00152587890625
75,10,160,3.503070116043091,3.504642963409424,0.0015728473663330078
75,11,160,3.1409263610839844,3.141392469406128,0.0004661083221435547
75,12,160,3.3394811153411865,3.338958501815796,-0.000522613525390625
75,13,160,3.805089235305786,3.80539608001709,0.00030684471130371094
75,14,160,3.6385691165924072,3.6401243209838867,0.0015552043914794922
75,15,160,3.5610852241516113,3.561000347137451,-8.487701416015625e-05
75,16,160,3.9213132858276367,3.920819044113159,-0.0004942417144775391
75,17,160,3.591649055480957,3.5966343879699707,0.004985332489013672
75,18,160,2.9101169109344482,2.9095299243927,-0.0005869865417480469
75,19,160,2.5035877227783203,2.5043604373931885,0.0007727146148681641
76,0,160,3.4126009941101074,3.4115514755249023,-0.0010495185852050781
76,1,160,3.544827938079834,3.5430588722229004,-0.0017690658569335938
76,2,160,3.4616475105285645,3.4607086181640625,-0.0009388923645019531
76,3,160,3.0004239082336426,2.9997150897979736,-0.0007088184356689453
76,4,160,2.837808132171631,2.838219404220581,0.0004112720489501953
76,5,160,3.3482909202575684,3.348571538925171,0.00028061866760253906
76,6,160,3.3392398357391357,3.3396544456481934,0.0004146099090576172
76,7,160,3.3503782749176025,3.3496360778808594,-0.0007421970367431641
76,8,160,3.0591254234313965,3.059558868408203,0.0004334449768066406
76,9,160,3.2810792922973633,3.2794158458709717,-0.0016634464263916016
76,10,160,3.503070116043091,3.5028231143951416,-0.00024700164794921875
76,11,160,3.1409263610839844,3.1448144912719727,0.0038881301879882812
76,12,160,3.3394811153411865,3.3470728397369385,0.007591724395751953
76,13,160,3.805089235305786,3.8056647777557373,0.0005755424499511719
76,14,160,3.6385691165924072,3.639735460281372,0.0011663436889648438
76,15,160,3.5610852241516113,3.5610013008117676,-8.392333984375e-05
76,16,160,3.9213132858276367,3.922109603881836,0.0007963180541992188
76,17,160,3.591649055480957,3.5890769958496094,-0.0025720596313476562
76,18,160,2.9101169109344482,2.910154342651367,3.743171691894531e-05
76,19,160,2.5035877227783203,2.5031051635742188,-0.0004825592041015625
77,0,160,3.4126009941101074,3.4120543003082275,-0.0005466938018798828
77,1,160,3.544827938079834,3.545644521713257,0.0008165836334228516
77,2,160,3.4616475105285645,3.461479902267456,-0.00016760826110839844
77,3,160,3.0004239082336426,3.0023999214172363,0.00197601318359375
77,4,160,2.837808132171631,2.838712215423584,0.000904083251953125
77,5,160,3.3482909202575684,3.3500730991363525,0.0017821788787841797
77,6,160,3.3392398357391357,3.339634895324707,0.00039505958557128906
77,7,160,3.3503782749176025,3.354006052017212,0.003627777099609375
77,8,160,3.0591254234313965,3.060392379760742,0.0012669563293457031
77,9,160,3.2810792922973633,3.2835328578948975,0.0024535655975341797
77,10,160,3.503070116043091,3.5030453205108643,-2.47955322265625e-05
77,11,160,3.1409263610839844,3.1399242877960205,-0.0010020732879638672
77,12,160,3.3394811153411865,3.3391852378845215,-0.00029587745666503906
77,13,160,3.805089235305786,3.804367780685425,-0.0007214546203613281
77,14,160,3.6385691165924072,3.638817310333252,0.00024819374084472656
77,15,160,3.5610852241516113,3.560298204421997,-0.0007870197296142578
77,16,160,3.9213132858276367,3.9219231605529785,0.0006098747253417969
77,17,160,3.591649055480957,3.5909924507141113,-0.0006566047668457031
77,18,160,2.9101169109344482,2.910872459411621,0.0007555484771728516
77,19,160,2.5035877227783203,2.503922462463379,0.00033473968505859375
78,0,160,3.4126009941101074,3.4136548042297363,0.0010538101196289062
78,1,160,3.544827938079834,3.5471174716949463,0.0022895336151123047
78,2,160,3.4616475105285645,3.462357521057129,0.0007100105285644531
78,3,160,3.0004239082336426,3.0007736682891846,0.0003497600555419922
78,4,160,2.837808132171631,2.8395135402679443,0.0017054080963134766
78,5,160,3.3482909202575684,3.350609540939331,0.0023186206817626953
78,6,160,3.3392398357391357,3.339808464050293,0.0005686283111572266
78,7,160,3.3503782749176025,3.3509738445281982,0.0005955696105957031
78,8,160,3.0591254234313965,3.059345245361328,0.00021982192993164062
78,9,160,3.2810792922973633,3.2805402278900146,-0.0005390644073486328
78,10,160,3.503070116043091,3.504305124282837,0.0012350082397460938
78,11,160,3.1409263610839844,3.141681432723999,0.0007550716400146484
78,12,160,3.3394811153411865,3.3388073444366455,-0.0006737709045410156
78,13,160,3.805089235305786,3.804051637649536,-0.00103759765625
78,14,160,3.6385691165924072,3.638636589050293,6.747245788574219e-05
78,15,160,3.5610852241516113,3.5598034858703613,-0.00128173828125
78,16,160,3.9213132858276367,3.922588586807251,0.0012753009796142578
78,17,160,3.591649055480957,3.5898914337158203,-0.0017576217651367188
78,18,160,2.9101169109344482,2.9098753929138184,-0.0002415180206298828
78,19,160,2.5035877227783203,2.5035669803619385,-2.0742416381835938e-05
79,0,160,3.4126009941101074,3.4124813079833984,-0.00011968612670898438
79,1,160,3.544827938079834,3.5450241565704346,0.00019621849060058594
79,2,160,3.4616475105285645,3.4617981910705566,0.0001506805419921875
79,3,160,3.0004239082336426,3.0009102821350098,0.0004863739013671875
79,4,160,2.837808132171631,2.8385579586029053,0.0007498264312744141
79,5,160,3.3482909202575684,3.347780704498291,-0.0005102157592773438
79,6,160,3.3392398357391357,3.33990216255188,0.0006623268127441406
79,7,160,3.3503782749176025,3.3492074012756348,-0.0011708736419677734
79,8,160,3.0591254234313965,3.0593883991241455,0.00026297569274902344
79,9,160,3.2810792922973633,3.2813351154327393,0.00025582313537597656
79,10,160,3.503070116043091,3.503239870071411,0.0001697540283203125
79,11,160,3.1409263610839844,3.139949321746826,-0.0009770393371582031
79,12,160,3.3394811153411865,3.3399133682250977,0.0004322528839111328
79,13,160,3.805089235305786,3.804490089416504,-0.0005991458892822266
79,14,160,3.6385691165924072,3.637176752090454,-0.001392364501953125
79,15,160,3.5610852241516113,3.5629591941833496,0.0018739700317382812
79,16,160,3.9213132858276367,3.9232420921325684,0.0019288063049316406
79,17,160,3.591649055480957,3.594391345977783,0.002742290496826172
79,18,160,2.9101169109344482,2.908806800842285,-0.001310110092163086
79,19,160,2.5035877227783203,2.505070447921753,0.0014827251434326172
80,0,160,3.4126009941101074,3.4114561080932617,-0.0011448860168457031
80,1,160,3.544827938079834,3.5447845458984375,-4.3392181396484375e-05
80,2,160,3.4616475105285645,3.463937520980835,0.002290010452270508
80,3,160,3.0004239082336426,3.0021629333496094,0.0017390251159667969
80,4,160,2.837808132171631,2.837827444076538,1.9311904907226562e-05
80,5,160,3.3482909202575684,3.3477540016174316,-0.0005369186401367188
80,6,160,3.3392398357391357,3.3385958671569824,-0.0006439685821533203
80,7,160,3.3503782749176025,3.351449728012085,0.0010714530944824219
80,8,160,3.0591254234313965,3.0586705207824707,-0.00045490264892578125
80,9,160,3.2810792922973633,3.2808635234832764,-0.00021576881408691406
80,10,160,3.503070116043091,3.501340627670288,-0.0017294883728027344
80,11,160,3.1409263610839844,3.1402506828308105,-0.0006756782531738281
80,12,160,3.3394811153411865,3.3397490978240967,0.00026798248291015625
80,13,160,3.805089235305786,3.804064989089966,-0.0010242462158203125
80,14,160,3.6385691165924072,3.640348434448242,0.001779317855834961
80,15,160,3.5610852241516113,3.563373327255249,0.0022881031036376953
80,16,160,3.9213132858276367,3.918884515762329,-0.002428770065307617
80,17,160,3.591649055480957,3.590214252471924,-0.0014348030090332031
80,18,160,2.9101169109344482,2.9107882976531982,0.00067138671875
80,19,160,2.5035877227783203,2.503417491912842,-0.00017023086547851562
81,0,160,3.4126009941101074,3.411989212036133,-0.0006117820739746094
81,1,160,3.544827938079834,3.547325611114502,0.0024976730346679688
81,2,160,3.4616475105285645,3.461024761199951,-0.0006227493286132812
81,3,160,3.0004239082336426,2.999734401702881,-0.0006895065307617188
81,4,160,2.837808132171631,2.8381237983703613,0.00031566619873046875
81,5,160,3.3482909202575684,3.3481786251068115,-0.00011229515075683594
81,6,160,3.3392398357391357,3.3398749828338623,0.0006351470947265625
81,7,160,3.3503782749176025,3.3505046367645264,0.00012636184692382812
81,8,160,3.0591254234313965,3.0581541061401367,-0.0009713172912597656
81,9,160,3.2810792922973633,3.2810559272766113,-2.3365020751953125e-05
81,10,160,3.503070116043091,3.5028505325317383,-0.00021958351135253906
81,11,160,3.1409263610839844,3.1412296295166016,0.0003032684326171875
81,12,160,3.3394811153411865,3.3389813899993896,-0.000499725341796875
81,13,160,3.805089235305786,3.805142402648926,5.316734313964844e-05
81,14,160,3.6385691165924072,3.6381242275238037,-0.0004448890686035156
81,15,160,3.5610852241516113,3.561356782913208,0.0002715587615966797
81,16,160,3.9213132858276367,3.9214839935302734,0.00017070770263671875
81,17,160,3.591649055480957,3.5898592472076416,-0.0017898082733154297
81,18,160,2.9101169109344482,2.908630609512329,-0.0014863014221191406
81,19,160,2.5035877227783203,2.503811836242676,0.00022411346435546875
82,0,160,3.4126009941101074,3.411621570587158,-0.0009794235229492188
82,1,160,3.544827938079834,3.5450308322906494,0.0002028942108154297
82,2,160,3.4616475105285645,3.463116407394409,0.0014688968658447266
82,3,160,3.0004239082336426,3.000753879547119,0.0003299713134765625
82,4,160,2.837808132171631,2.837463140487671,-0.00034499168395996094
82,5,160,3.3482909202575684,3.3493614196777344,0.0010704994201660156
82,6,160,3.3392398357391357,3.3401057720184326,0.000865936279296875
82,7,160,3.3503782749176025,3.349053382873535,-0.0013248920440673828
82,8,160,3.0591254234313965,3.0577034950256348,-0.0014219284057617188
82,9,160,3.2810792922973633,3.2819814682006836,0.0009021759033203125
82,10,160,3.503070116043091,3.5031898021698,0.00011968612670898438
82,11,160,3.1409263610839844,3.142486333847046,0.0015599727630615234
82,12,160,3.3394811153411865,3.339048385620117,-0.00043272972106933594
82,13,160,3.805089235305786,3.8071117401123047,0.0020225048065185547
82,14,160,3.6385691165924072,3.638033151626587,-0.0005359649658203125
82,15,160,3.5610852241516113,3.5609636306762695,-0.00012159347534179688
82,16,160,3.9213132858276367,3.9210031032562256,-0.0003101825714111328
82,17,160,3.591649055480957,3.593707799911499,0.002058744430541992
82,18,160,2.9101169109344482,2.909585952758789,-0.0005309581756591797
82,19,160,2.5035877227783203,2.503967046737671,0.00037932395935058594
83,0,160,3.4126009941101074,3.413604736328125,0.0010037422180175781
83,1,160,3.544827938079834,3.5475544929504395,0.0027265548706054688
83,2,160,3.4616475105285645,3.462026596069336,0.0003790855407714844
83,3,160,3.0004239082336426,3.002011775970459,0.0015878677368164062
83,4,160,2.837808132171631,2.8355393409729004,-0.0022687911987304688
83,5,160,3.3482909202575684,3.3488125801086426,0.0005216598510742188
83,6,160,3.3392398357391357,3.3399908542633057,0.0007510185241699219
83,7,160,3.3503782749176025,3.352494478225708,0.0021162033081054688
83,8,160,3.0591254234313965,3.059082269668579,-4.315376281738281e-05
83,9,160,3.2810792922973633,3.2810397148132324,-3.9577484130859375e-05
83,10,160,3.503070116043091,3.5043208599090576,0.0012507438659667969
83,11,160,3.1409263610839844,3.144792079925537,0.0038657188415527344
83,12,160,3.3394811153411865,3.3397762775421143,0.0002951622009277344
83,13,160,3.805089235305786,3.8066959381103516,0.0016067028045654297
83,14,160,3.6385691165924072,3.6384623050689697,-0.0001068115234375
83,15,160,3.5610852241516113,3.55987811088562,-0.001207113265991211
83,16,160,3.9213132858276367,3.9227428436279297,0.0014295578002929688
83,17,160,3.591649055480957,3.5939722061157227,0.002323150634765625
83,18,160,2.9101169109344482,2.91032338142395,0.00020647048950195312
83,19,160,2.5035877227783203,2.5024123191833496,-0.0011754035949707031
84,0,160,3.4126009941101074,3.412663221359253,6.222724914550781e-05
84,1,160,3.544827938079834,3.5438382625579834,-0.000989675521850586
84,2,160,3.4616475105285645,3.4633448123931885,0.0016973018646240234
84,3,160,3.0004239082336426,3.0032854080200195,0.002861499786376953
84,4,160,2.837808132171631,2.838675022125244,0.0008668899536132812
84,5,160,3.3482909202575684,3.351864814758301,0.003573894500732422
84,6,160,3.3392398357391357,3.3427867889404297,0.0035469532012939453
84,7,160,3.3503782749176025,3.3536794185638428,0.0033011436462402344
84,8,160,3.0591254234313965,3.0620810985565186,0.0029556751251220703
84,9,160,3.2810792922973633,3.2823190689086914,0.001239776611328125
84,10,160,3.503070116043091,3.5046112537384033,0.0015411376953125
84,11,160,3.1409263610839844,3.1417107582092285,0.0007843971252441406
84,12,160,3.3394811153411865,3.339323043823242,-0.00015807151794433594
84,13,160,3.805089235305786,3.805086374282837,-2.86102294921875e-06
84,14,160,3.6385691165924072,3.640103816986084,0.0015347003936767578
84,15,160,3.5610852241516113,3.561161518096924,7.62939453125e-05
84,16,160,3.9213132858276367,3.9223690032958984,0.0010557174682617188
84,17,160,3.591649055480957,3.5923779010772705,0.0007288455963134766
84,18,160,2.9101169109344482,2.91018009185791,6.318092346191406e-05
84,19,160,2.5035877227783203,2.503485679626465,-0.00010204315185546875
85,0,160,3.4126009941101074,3.411388635635376,-0.0012123584747314453
85,1,160,3.544827938079834,3.5455174446105957,0.0006895065307617188
85,2,160,3.4616475105285645,3.4616522789001465,4.76837158203125e-06
85,3,160,3.0004239082336426,3.0021982192993164,0.0017743110656738281
85,4,160,2.837808132171631,2.83738374710083,-0.00042438507080078125
85,5,160,3.3482909202575684,3.347709894180298,-0.0005810260772705078
85,6,160,3.3392398357391357,3.340845823287964,0.001605987548828125
85,7,160,3.3503782749176025,3.350443124771118,6.4849853515625e-05
85,8,160,3.0591254234313965,3.060392141342163,0.0012667179107666016
85,9,160,3.2810792922973633,3.281916618347168,0.0008373260498046875
85,10,160,3.503070116043091,3.504708766937256,0.001638650894165039
85,11,160,3.1409263610839844,3.1417431831359863,0.0008168220520019531
85,12,160,3.3394811153411865,3.3399007320404053,0.00041961669921875
85,13,160,3.805089235305786,3.8048133850097656,-0.0002758502960205078
85,14,160,3.6385691165924072,3.637993097305298,-0.000576019287109375
85,15,160,3.5610852241516113,3.5617363452911377,0.0006511211395263672
85,16,160,3.9213132858276367,3.9227185249328613,0.0014052391052246094
85,17,160,3.591649055480957,3.5931992530822754,0.0015501976013183594
85,18,160,2.9101169109344482,2.9098291397094727,-0.00028777122497558594
85,19,160,2.5035877227783203,2.505558729171753,0.001971006393432617
86,0,160,3.4126009941101074,3.4127402305603027,0.0001392364501953125
86,1,160,3.544827938079834,3.5448195934295654,-8.344650268554688e-06
86,2,160,3.4616475105285645,3.4613420963287354,-0.00030541419982910156
86,3,160,3.0004239082336426,2.999823570251465,-0.0006003379821777344
86,4,160,2.837808132171631,2.838071346282959,0.000263214111328125
86,5,160,3.3482909202575684,3.3471803665161133,-0.0011105537414550781
86,6,160,3.3392398357391357,3.3373284339904785,-0.0019114017486572266
86,7,160,3.3503782749176025,3.348781108856201,-0.0015971660614013672
86,8,160,3.0591254234313965,3.059030055999756,-9.5367431640625e-05
86,9,160,3.2810792922973633,3.281172037124634,9.274482727050781e-05
86,10,160,3.503070116043091,3.504403591156006,0.001333475112915039
86,11,160,3.1409263610839844,3.1431400775909424,0.002213716506958008
86,12,160,3.3394811153411865,3.344559907913208,0.005078792572021484
86,13,160,3.805089235305786,3.805861234664917,0.0007719993591308594
86,14,160,3.6385691165924072,3.638139009475708,-0.00043010711669921875
86,15,160,3.5610852241516113,3.5616986751556396,0.0006134510040283203
86,16,160,3.9213132858276367,3.9216089248657227,0.0002956390380859375
86,17,160,3.591649055480957,3.590998649597168,-0.0006504058837890625
86,18,160,2.9101169109344482,2.9088199138641357,-0.0012969970703125
86,19,160,2.5035877227783203,2.5033724308013916,-0.00021529197692871094
87,0,160,3.4126009941101074,3.413496732711792,0.0008957386016845703
87,1,160,3.544827938079834,3.5444374084472656,-0.0003905296325683594
87,2,160,3.4616475105285645,3.4657022953033447,0.0040547847747802734
87,3,160,3.0004239082336426,3.0013275146484375,0.0009036064147949219
87,4,160,2.837808132171631,2.8410897254943848,0.0032815933227539062
87,5,160,3.3482909202575684,3.3509950637817383,0.002704143524169922
87,6,160,3.3392398357391357,3.3392930030822754,5.316734313964844e-05
87,7,160,3.3503782749176025,3.354487895965576,0.004109621047973633
87,8,160,3.0591254234313965,3.0592474937438965,0.0001220703125
87,9,160,3.2810792922973633,3.283276319503784,0.0021970272064208984
87,10,160,3.503070116043091,3.5042943954467773,0.0012242794036865234
87,11,160,3.1409263610839844,3.1447041034698486,0.003777742385864258
87,12,160,3.3394811153411865,3.3403825759887695,0.0009014606475830078
87,13,160,3.805089235305786,3.805835008621216,0.0007457733154296875
87,14,160,3.6385691165924072,3.6368300914764404,-0.0017390251159667969
87,15,160,3.5610852241516113,3.5617024898529053,0.0006172657012939453
87,16,160,3.9213132858276367,3.920750141143799,-0.0005631446838378906
87,17,160,3.591649055480957,3.592479705810547,0.0008306503295898438
87,18,160,2.9101169109344482,2.910486936569214,0.000370025634765625
87,19,160,2.5035877227783203,2.5021722316741943,-0.0014154911041259766
88,0,160,3.4126009941101074,3.4131224155426025,0.0005214214324951172
88,1,160,3.544827938079834,3.544081211090088,-0.0007467269897460938
88,2,160,3.4616475105285645,3.4626553058624268,0.0010077953338623047
88,3,160,3.0004239082336426,3.0003511905670166,-7.271766662597656e-05
88,4,160,2.837808132171631,2.8395133018493652,0.001705169677734375
88,5,160,3.3482909202575684,3.3491480350494385,0.0008571147918701172
88,6,160,3.3392398357391357,3.3396403789520264,0.000400543212890625
88,7,160,3.3503782749176025,3.350734233856201,0.0003559589385986328
88,8,160,3.0591254234313965,3.0579352378845215,-0.001190185546875
88,9,160,3.2810792922973633,3.2838189601898193,0.0027396678924560547
88,10,160,3.503070116043091,3.5042948722839355,0.0012247562408447266
88,11,160,3.1409263610839844,3.1408066749572754,-0.00011968612670898438
88,12,160,3.3394811153411865,3.340815544128418,0.0013344287872314453
88,13,160,3.805089235305786,3.8037075996398926,-0.0013816356658935547
88,14,160,3.6385691165924072,3.638434410095215,-0.0001347064971923828
88,15,160,3.5610852241516113,3.561506509780884,0.00042128562927246094
88,16,160,3.9213132858276367,3.921787738800049,0.0004744529724121094
88,17,160,3.591649055480957,3.593698024749756,0.002048969268798828
88,18,160,2.9101169109344482,2.911226749420166,0.0011098384857177734
88,19,160,2.5035877227783203,2.505331039428711,0.001743316650390625
89,0,160,3.4126009941101074,3.413053512573242,0.0004525184631347656
89,1,160,3.544827938079834,3.546273946762085,0.0014460086822509766
89,2,160,3.4616475105285645,3.459616184234619,-0.0020313262939453125
89,3,160,3.0004239082336426,2.998974323272705,-0.0014495849609375
89,4,160,2.837808132171631,2.837153673171997,-0.0006544589996337891
89,5,160,3.3482909202575684,3.3483054637908936,1.4543533325195312e-05
89,6,160,3.3392398357391357,3.3375191688537598,-0.0017206668853759766
89,7,160,3.3503782749176025,3.35007381439209,-0.0003044605255126953
89,8,160,3.0591254234313965,3.057774782180786,-0.0013506412506103516
89,9,160,3.2810792922973633,3.280102252960205,-0.0009770393371582031
89,10,160,3.503070116043091,3.5032336711883545,0.00016355514526367188
89,11,160,3.1409263610839844,3.141808032989502,0.0008816719055175781
89,12,160,3.3394811153411865,3.339127540588379,-0.0003535747528076172
89,13,160,3.805089235305786,3.8039519786834717,-0.0011372566223144531
89,14,160,3.6385691165924072,3.640123128890991,0.0015540122985839844
89,15,160,3.5610852241516113,3.5608012676239014,-0.00028395652770996094
89,16,160,3.9213132858276367,3.9232232570648193,0.0019099712371826172
89,17,160,3.591649055480957,3.5936872959136963,0.002038240432739258
89,18,160,2.9101169109344482,2.909874677658081,-0.0002422332763671875
89,19,160,2.5035877227783203,2.5043070316314697,0.0007193088531494141
90,0,160,3.4126009941101074,3.412686586380005,8.559226989746094e-05
90,1,160,3.544827938079834,3.546342372894287,0.001514434814453125
90,2,160,3.4616475105285645,3.4597156047821045,-0.001931905746459961
90,3,160,3.0004239082336426,3.0008277893066406,0.0004038810729980469
90,4,160,2.837808132171631,2.837489604949951,-0.0003185272216796875
90,5,160,3.3482909202575684,3.348064661026001,-0.0002262592315673828
90,6,160,3.3392398357391357,3.339299201965332,5.936622619628906e-05
90,7,160,3.3503782749176025,3.3507871627807617,0.0004088878631591797
90,8,160,3.0591254234313965,3.0593819618225098,0.00025653839111328125
90,9,160,3.2810792922973633,3.281342029571533,0.0002627372741699219
90,10,160,3.503070116043091,3.504422426223755,0.0013523101806640625
90,11,160,3.1409263610839844,3.140653371810913,-0.00027298927307128906
90,12,160,3.3394811153411865,3.3410096168518066,0.0015285015106201172
90,13,160,3.805089235305786,3.8041441440582275,-0.0009450912475585938
90,14,160,3.6385691165924072,3.6393542289733887,0.0007851123809814453
90,15,160,3.5610852241516113,3.5613813400268555,0.0002961158752441406
90,16,160,3.9213132858276367,3.9213006496429443,-1.2636184692382812e-05
90,17,160,3.591649055480957,3.5929131507873535,0.0012640953063964844
90,18,160,2.9101169109344482,2.9106760025024414,0.0005590915679931641
90,19,160,2.5035877227783203,2.503979444503784,0.0003917217254638672
91,0,160,3.4126009941101074,3.412912368774414,0.0003113746643066406
91,1,160,3.544827938079834,3.544833183288574,5.245208740234375e-06
91,2,160,3.4616475105285645,3.4611520767211914,-0.0004954338073730469
91,3,160,3.0004239082336426,2.999293088912964,-0.001130819320678711
91,4,160,2.837808132171631,2.8385486602783203,0.0007405281066894531
91,5,160,3.3482909202575684,3.350193977355957,0.0019030570983886719
91,6,160,3.3392398357391357,3.3373708724975586,-0.0018689632415771484
91,7,160,3.3503782749176025,3.350754976272583,0.00037670135498046875
91,8,160,3.0591254234313965,3.0602197647094727,0.0010943412780761719
91,9,160,3.2810792922973633,3.2813642024993896,0.0002849102020263672
91,10,160,3.503070116043091,3.5037734508514404,0.0007033348083496094
91,11,160,3.1409263610839844,3.1444661617279053,0.0035398006439208984
91,12,160,3.3394811153411865,3.3408427238464355,0.0013616085052490234
91,13,160,3.805089235305786,3.8061673641204834,0.0010781288146972656
91,14,160,3.6385691165924072,3.637561559677124,-0.0010075569152832031
91,15,160,3.5610852241516113,3.5606300830841064,-0.0004551410675048828
91,16,160,3.9213132858276367,3.920262575149536,-0.001050710678100586
91,17,160,3.591649055480957,3.5936543941497803,0.002005338668823242
91,18,160,2.9101169109344482,2.909475564956665,-0.0006413459777832031
91,19,160,2.5035877227783203,2.5041513442993164,0.0005636215209960938
92,0,160,3.4126009941101074,3.4126315116882324,3.0517578125e-05
92,1,160,3.544827938079834,3.5450620651245117,0.00023412704467773438
92,2,160,3.4616475105285645,3.4606072902679443,-0.0010402202606201172
92,3,160,3.0004239082336426,2.9999399185180664,-0.0004839897155761719
92,4,160,2.837808132171631,2.8377525806427,-5.555152893066406e-05
92,5,160,3.3482909202575684,3.347156524658203,-0.0011343955993652344
92,6,160,3.3392398357391357,3.3396246433258057,0.0003848075866699219
92,7,160,3.3503782749176025,3.348708391189575,-0.0016698837280273438
92,8,160,3.0591254234313965,3.0597686767578125,0.0006432533264160156
92,9,160,3.2810792922973633,3.279867649078369,-0.0012116432189941406
92,10,160,3.503070116043091,3.501631021499634,-0.0014390945434570312
92,11,160,3.1409263610839844,3.14041805267334,-0.0005083084106445312
92,12,160,3.3394811153411865,3.3394925594329834,1.1444091796875e-05
92,13,160,3.805089235305786,3.806502342224121,0.001413106918334961
92,14,160,3.6385691165924072,3.6382386684417725,-0.0003304481506347656
92,15,160,3.5610852241516113,3.5614430904388428,0.0003578662872314453
92,16,160,3.9213132858276367,3.9215760231018066,0.0002627372741699219
92,17,160,3.591649055480957,3.594259023666382,0.0026099681854248047
92,18,160,2.9101169109344482,2.9087960720062256,-0.0013208389282226562
92,19,160,2.5035877227783203,2.502527952194214,-0.0010597705841064453
93,0,160,3.4126009941101074,3.4122633934020996,-0.0003376007080078125
93,1,160,3.544827938079834,3.5428619384765625,-0.0019659996032714844
93,2,160,3.4616475105285645,3.4629225730895996,0.0012750625610351562
93,3,160,3.0004239082336426,3.0000035762786865,-0.0004203319549560547
93,4,160,2.837808132171631,2.838526487350464,0.0007183551788330078
93,5,160,3.3482909202575684,3.3473663330078125,-0.0009245872497558594
93,6,160,3.3392398357391357,3.3400540351867676,0.0008141994476318359
93,7,160,3.3503782749176025,3.3500707149505615,-0.0003075599670410156
93,8,160,3.0591254234313965,3.05853009223938,-0.0005953311920166016
93,9,160,3.2810792922973633,3.2815513610839844,0.00047206878662109375
93,10,160,3.503070116043091,3.5027480125427246,-0.00032210350036621094
93,11,160,3.1409263610839844,3.1422414779663086,0.0013151168823242188
93,12,160,3.3394811153411865,3.33870792388916,-0.0007731914520263672
93,13,160,3.805089235305786,3.803290367126465,-0.001798868179321289
93,14,160,3.6385691165924072,3.637563943862915,-0.0010051727294921875
93,15,160,3.5610852241516113,3.5626060962677,0.0015208721160888672
93,16,160,3.9213132858276367,3.920954465866089,-0.00035881996154785156
93,17,160,3.591649055480957,3.5902018547058105,-0.0014472007751464844
93,18,160,2.9101169109344482,2.910414934158325,0.0002980232238769531
93,19,160,2.5035877227783203,2.507305383682251,0.003717660903930664
94,0,160,3.4126009941101074,3.4124464988708496,-0.0001544952392578125
94,1,160,3.544827938079834,3.5441670417785645,-0.0006608963012695312
94,2,160,3.4616475105285645,3.4619433879852295,0.00029587745666503906
94,3,160,3.0004239082336426,3.0011489391326904,0.0007250308990478516
94,4,160,2.837808132171631,2.837639093399048,-0.0001690387725830078
94,5,160,3.3482909202575684,3.348050355911255,-0.00024056434631347656
94,6,160,3.3392398357391357,3.340237617492676,0.000997781753540039
94,7,160,3.3503782749176025,3.34997296333313,-0.00040531158447265625
94,8,160,3.0591254234313965,3.058698892593384,-0.0004265308380126953
94,9,160,3.2810792922973633,3.282041311264038,0.0009620189666748047
94,10,160,3.503070116043091,3.501575231552124,-0.0014948844909667969
94,11,160,3.1409263610839844,3.139479398727417,-0.0014469623565673828
94,12,160,3.3394811153411865,3.3390283584594727,-0.0004527568817138672
94,13,160,3.805089235305786,3.8051950931549072,0.00010585784912109375
94,14,160,3.6385691165924072,3.637777805328369,-0.0007913112640380859
94,15,160,3.5610852241516113,3.5617897510528564,0.0007045269012451172
94,16,160,3.9213132858276367,3.9218618869781494,0.0005486011505126953
94,17,160,3.591649055480957,3.594188928604126,0.0025398731231689453
94,18,160,2.9101169109344482,2.9083540439605713,-0.0017628669738769531
94,19,160,2.5035877227783203,2.5014309883117676,-0.0021567344665527344
95,0,160,3.4126009941101074,3.4122090339660645,-0.00039196014404296875
95,1,160,3.544827938079834,3.5448572635650635,2.9325485229492188e-05
95,2,160,3.4616475105285645,3.461944818496704,0.00029730796813964844
95,3,160,3.0004239082336426,3.000518798828125,9.489059448242188e-05
95,4,160,2.837808132171631,2.8367438316345215,-0.001064300537109375
95,5,160,3.3482909202575684,3.3487839698791504,0.0004930496215820312
95,6,160,3.3392398357391357,3.3405327796936035,0.0012929439544677734
95,7,160,3.3503782749176025,3.350142240524292,-0.00023603439331054688
95,8,160,3.0591254234313965,3.060137987136841,0.001012563705444336
95,9,160,3.2810792922973633,3.2816359996795654,0.0005567073822021484
95,10,160,3.503070116043091,3.5051584243774414,0.002088308334350586
95,11,160,3.1409263610839844,3.1417014598846436,0.0007750988006591797
95,12,160,3.3394811153411865,3.3386952877044678,-0.00078582763671875
95,13,160,3.805089235305786,3.805605888366699,0.0005166530609130859
95,14,160,3.6385691165924072,3.636415958404541,-0.002153158187866211
95,15,160,3.5610852241516113,3.560443162918091,-0.0006420612335205078
95,16,160,3.9213132858276367,3.92368483543396,0.002371549606323242
95,17,160,3.591649055480957,3.5894062519073486,-0.0022428035736083984
95,18,160,2.9101169109344482,2.910731315612793,0.0006144046783447266
95,19,160,2.5035877227783203,2.503678321838379,9.059906005859375e-05
96,0,160,3.4126009941101074,3.411942720413208,-0.0006582736968994141
96,1,160,3.544827938079834,3.5452466011047363,0.00041866302490234375
96,2,160,3.4616475105285645,3.462312936782837,0.0006654262542724609
96,3,160,3.0004239082336426,3.0021214485168457,0.001697540283203125
96,4,160,2.837808132171631,2.837887763977051,7.963180541992188e-05
96,5,160,3.3482909202575684,3.3487906455993652,0.000499725341796875
96,6,160,3.3392398357391357,3.3406505584716797,0.0014107227325439453
96,7,160,3.3503782749176025,3.350783348083496,0.0004050731658935547
96,8,160,3.0591254234313965,3.0611560344696045,0.002030611038208008
96,9,160,3.2810792922973633,3.2805302143096924,-0.0005490779876708984
96,10,160,3.503070116043091,3.504157543182373,0.0010874271392822266
96,11,160,3.1409263610839844,3.139292001724243,-0.001634359359741211
96,12,160,3.3394811153411865,3.3396801948547363,0.0001990795135498047
96,13,160,3.805089235305786,3.8083083629608154,0.003219127655029297
96,14,160,3.6385691165924072,3.6382734775543213,-0.0002956390380859375
96,15,160,3.5610852241516113,3.5614206790924072,0.00033545494079589844
96,16,160,3.9213132858276367,3.923959732055664,0.0026464462280273438
96,17,160,3.591649055480957,3.5944104194641113,0.002761363983154297
96,18,160,2.9101169109344482,2.910813093185425,0.0006961822509765625
96,19,160,2.5035877227783203,2.5037498474121094,0.0001621246337890625
97,0,160,3.4126009941101074,3.411975383758545,-0.0006256103515625
97,1,160,3.544827938079834,3.543391704559326,-0.0014362335205078125
97,2,160,3.4616475105285645,3.463214874267578,0.0015673637390136719
97,3,160,3.0004239082336426,3.0026473999023438,0.002223491668701172
97,4,160,2.837808132171631,2.837780475616455,-2.765655517578125e-05
97,5,160,3.3482909202575684,3.3488190174102783,0.0005280971527099609
97,6,160,3.3392398357391357,3.3400816917419434,0.0008418560028076172
97,7,160,3.3503782749176025,3.3528692722320557,0.002490997314453125
97,8,160,3.0591254234313965,3.0599803924560547,0.0008549690246582031
97,9,160,3.2810792922973633,3.2826619148254395,0.0015826225280761719
97,10,160,3.503070116043091,3.503570795059204,0.0005006790161132812
97,11,160,3.1409263610839844,3.1412293910980225,0.00030303001403808594
97,12,160,3.3394811153411865,3.3395774364471436,9.632110595703125e-05
97,13,160,3.805089235305786,3.8077750205993652,0.0026857852935791016
97,14,160,3.6385691165924072,3.6381123065948486,-0.00045680999755859375
97,15,160,3.5610852241516113,3.5604350566864014,-0.0006501674652099609
97,16,160,3.9213132858276367,3.9226150512695312,0.0013017654418945312
97,17,160,3.591649055480957,3.5951051712036133,0.00345611572265625
97,18,160,2.9101169109344482,2.910386562347412,0.0002696514129638672
97,19,160,2.5035877227783203,2.502285957336426,-0.0013017654418945312
98,0,160,3.4126009941101074,3.413184881210327,0.0005838871002197266
98,1,160,3.544827938079834,3.5458555221557617,0.0010275840759277344
98,2,160,3.4616475105285645,3.460404634475708,-0.0012428760528564453
98,3,160,3.0004239082336426,2.9995222091674805,-0.0009016990661621094
98,4,160,2.837808132171631,2.837163209915161,-0.0006449222564697266
98,5,160,3.3482909202575684,3.3481268882751465,-0.000164031982421875
98,6,160,3.3392398357391357,3.339517116546631,0.0002772808074951172
98,7,160,3.3503782749176025,3.349652051925659,-0.0007262229919433594
98,8,160,3.0591254234313965,3.057285785675049,-0.0018396377563476562
98,9,160,3.2810792922973633,3.2807698249816895,-0.0003094673156738281
98,10,160,3.503070116043091,3.5017402172088623,-0.0013298988342285156
98,11,160,3.1409263610839844,3.1432857513427734,0.0023593902587890625
98,12,160,3.3394811153411865,3.3399806022644043,0.0004994869232177734
98,13,160,3.805089235305786,3.805673599243164,0.0005843639373779297
98,14,160,3.6385691165924072,3.6381466388702393,-0.00042247772216796875
98,15,160,3.5610852241516113,3.5611579418182373,7.271766662597656e-05
98,16,160,3.9213132858276367,3.9218292236328125,0.0005159378051757812
98,17,160,3.591649055480957,3.594428062438965,0.0027790069580078125
98,18,160,2.9101169109344482,2.913034677505493,0.002917766571044922
98,19,160,2.5035877227783203,2.502114772796631,-0.0014729499816894531
99,0,160,3.4126009941101074,3.412827491760254,0.00022649765014648438
99,1,160,3.544827938079834,3.5452651977539062,0.0004372596740722656
99,2,160,3.4616475105285645,3.4616949558258057,4.744529724121094e-05
99,3,160,3.0004239082336426,3.003636360168457,0.003212451934814453
99,4,160,2.837808132171631,2.8389458656311035,0.0011377334594726562
99,5,160,3.3482909202575684,3.3484041690826416,0.00011324882507324219
99,6,160,3.3392398357391357,3.33884596824646,-0.00039386749267578125
99,7,160,3.3503782749176025,3.3488545417785645,-0.001523733139038086
99,8,160,3.0591254234313965,3.0573878288269043,-0.0017375946044921875
99,9,160,3.2810792922973633,3.280616521835327,-0.0004627704620361328
99,10,160,3.503070116043091,3.5031394958496094,6.937980651855469e-05
99,11,160,3.1409263610839844,3.1410722732543945,0.00014591217041015625
99,12,160,3.3394811153411865,3.338651180267334,-0.0008299350738525391
99,13,160,3.805089235305786,3.804906129837036,-0.00018310546875
99,14,160,3.6385691165924072,3.6380908489227295,-0.0004782676696777344
99,15,160,3.5610852241516113,3.560333490371704,-0.0007517337799072266
99,16,160,3.9213132858276367,3.922501564025879,0.0011882781982421875
99,17,160,3.591649055480957,3.59145450592041,-0.000194549560546875
99,18,160,2.9101169109344482,2.9099273681640625,-0.0001895427703857422
99,19,160,2.5035877227783203,2.5021119117736816,-0.0014758110046386719
