subset,query,n_removed,baseline_loss,filtered_loss,loss_change
0,0,160,3.1259796619415283,3.1268484592437744,0.0008687973022460938
0,1,160,3.3111376762390137,3.311157464981079,1.9788742065429688e-05
0,2,160,3.180311441421509,3.1808550357818604,0.0005435943603515625
0,3,160,2.6619343757629395,2.662912607192993,0.000978231430053711
0,4,160,2.5520505905151367,2.553083896636963,0.0010333061218261719
0,5,160,3.0823538303375244,3.0831892490386963,0.000835418701171875
0,6,160,2.9665775299072266,2.9671273231506348,0.0005497932434082031
0,7,160,2.969621419906616,2.970416307449341,0.0007948875427246094
0,8,160,2.7455496788024902,2.747074842453003,0.0015251636505126953
0,9,160,3.012997627258301,3.0158839225769043,0.0028862953186035156
0,10,160,3.1667139530181885,3.166435956954956,-0.0002779960632324219
0,11,160,2.8124051094055176,2.810636043548584,-0.0017690658569335938
0,12,160,2.941852569580078,2.94181752204895,-3.504753112792969e-05
0,13,160,3.601318597793579,3.599518060684204,-0.001800537109375
0,14,160,3.462207317352295,3.4624311923980713,0.0002238750457763672
0,15,160,3.3294408321380615,3.3285176753997803,-0.00092315673828125
0,16,160,3.710137128829956,3.7094526290893555,-0.0006844997406005859
0,17,160,3.294914484024048,3.2950408458709717,0.00012636184692382812
0,18,160,2.6119680404663086,2.6101019382476807,-0.0018661022186279297
0,19,160,2.2980871200561523,2.2965400218963623,-0.001547098159790039
1,0,160,3.1259796619415283,3.1262104511260986,0.0002307891845703125
1,1,160,3.3111376762390137,3.311347723007202,0.00021004676818847656
1,2,160,3.180311441421509,3.1808695793151855,0.0005581378936767578
1,3,160,2.6619343757629395,2.662902355194092,0.0009679794311523438
1,4,160,2.5520505905151367,2.5527727603912354,0.0007221698760986328
1,5,160,3.0823538303375244,3.0810210704803467,-0.0013327598571777344
1,6,160,2.9665775299072266,2.9667105674743652,0.00013303756713867188
1,7,160,2.969621419906616,2.9710464477539062,0.001425027847290039
1,8,160,2.7455496788024902,2.7447891235351562,-0.0007605552673339844
1,9,160,3.012997627258301,3.012917995452881,-7.963180541992188e-05
1,10,160,3.1667139530181885,3.167001247406006,0.0002872943878173828
1,11,160,2.8124051094055176,2.814011812210083,0.0016067028045654297
1,12,160,2.941852569580078,2.9508626461029053,0.009010076522827148
1,13,160,3.601318597793579,3.6011245250701904,-0.00019407272338867188
1,14,160,3.462207317352295,3.461559534072876,-0.0006477832794189453
1,15,160,3.3294408321380615,3.3283755779266357,-0.0010652542114257812
1,16,160,3.710137128829956,3.709437370300293,-0.0006997585296630859
1,17,160,3.294914484024048,3.2944421768188477,-0.0004723072052001953
1,18,160,2.6119680404663086,2.6117074489593506,-0.0002605915069580078
1,19,160,2.2980871200561523,2.299985647201538,0.0018985271453857422
2,0,160,3.1259796619415283,3.126497745513916,0.0005180835723876953
2,1,160,3.3111376762390137,3.3109045028686523,-0.00023317337036132812
2,2,160,3.180311441421509,3.181574583053589,0.0012631416320800781
2,3,160,2.6619343757629395,2.661201238632202,-0.0007331371307373047
2,4,160,2.5520505905151367,2.550584554672241,-0.0014660358428955078
2,5,160,3.0823538303375244,3.082533359527588,0.00017952919006347656
2,6,160,2.9665775299072266,2.968433380126953,0.0018558502197265625
2,7,160,2.969621419906616,2.971527338027954,0.0019059181213378906
2,8,160,2.7455496788024902,2.7460689544677734,0.0005192756652832031
2,9,160,3.012997627258301,3.011759042739868,-0.0012385845184326172
2,10,160,3.1667139530181885,3.1657238006591797,-0.000990152359008789
2,11,160,2.8124051094055176,2.811244487762451,-0.0011606216430664062
2,12,160,2.941852569580078,2.9420084953308105,0.00015592575073242188
2,13,160,3.601318597793579,3.6006574630737305,-0.0006611347198486328
2,14,160,3.462207317352295,3.461029529571533,-0.0011777877807617188
2,15,160,3.3294408321380615,3.3315229415893555,0.0020821094512939453
2,16,160,3.710137128829956,3.7108025550842285,0.0006654262542724609
2,17,160,3.294914484024048,3.295470952987671,0.0005564689636230469
2,18,160,2.6119680404663086,2.6108062267303467,-0.001161813735961914
2,19,160,2.2980871200561523,2.2963521480560303,-0.0017349720001220703
3,0,160,3.1259796619415283,3.125545024871826,-0.00043463706970214844
3,1,160,3.3111376762390137,3.312497138977051,0.0013594627380371094
3,2,160,3.180311441421509,3.1804299354553223,0.00011849403381347656
3,3,160,2.6619343757629395,2.6628928184509277,0.0009584426879882812
3,4,160,2.5520505905151367,2.5512237548828125,-0.0008268356323242188
3,5,160,3.0823538303375244,3.08235239982605,-1.430511474609375e-06
3,6,160,2.9665775299072266,2.9671998023986816,0.0006222724914550781
3,7,160,2.969621419906616,2.969503164291382,-0.000118255615234375
3,8,160,2.7455496788024902,2.744988441467285,-0.0005612373352050781
3,9,160,3.012997627258301,3.0139429569244385,0.0009453296661376953
3,10,160,3.1667139530181885,3.166604518890381,-0.00010943412780761719
3,11,160,2.8124051094055176,2.813331127166748,0.0009260177612304688
3,12,160,2.941852569580078,2.940150499343872,-0.0017020702362060547
3,13,160,3.601318597793579,3.601099967956543,-0.0002186298370361328
3,14,160,3.462207317352295,3.4636948108673096,0.0014874935150146484
3,15,160,3.3294408321380615,3.330048084259033,0.0006072521209716797
3,16,160,3.710137128829956,3.7111213207244873,0.00098419189453125
3,17,160,3.294914484024048,3.293148994445801,-0.0017654895782470703
3,18,160,2.6119680404663086,2.6131021976470947,0.0011341571807861328
3,19,160,2.2980871200561523,2.2962148189544678,-0.0018723011016845703
4,0,160,3.1259796619415283,3.125666379928589,-0.0003132820129394531
4,1,160,3.3111376762390137,3.3110485076904297,-8.916854858398438e-05
4,2,160,3.180311441421509,3.1802666187286377,-4.482269287109375e-05
4,3,160,2.6619343757629395,2.6623687744140625,0.0004343986511230469
4,4,160,2.5520505905151367,2.5511224269866943,-0.0009281635284423828
4,5,160,3.0823538303375244,3.082648992538452,0.0002951622009277344
4,6,160,2.9665775299072266,2.967134714126587,0.0005571842193603516
4,7,160,2.969621419906616,2.9698939323425293,0.00027251243591308594
4,8,160,2.7455496788024902,2.7438230514526367,-0.0017266273498535156
4,9,160,3.012997627258301,3.012852191925049,-0.00014543533325195312
4,10,160,3.1667139530181885,3.1666972637176514,-1.6689300537109375e-05
4,11,160,2.8124051094055176,2.813279390335083,0.0008742809295654297
4,12,160,2.941852569580078,2.9516782760620117,0.009825706481933594
4,13,160,3.601318597793579,3.599792957305908,-0.0015256404876708984
4,14,160,3.462207317352295,3.4627184867858887,0.00051116943359375
4,15,160,3.3294408321380615,3.3297317028045654,0.00029087066650390625
4,16,160,3.710137128829956,3.710498332977295,0.0003612041473388672
4,17,160,3.294914484024048,3.294214963912964,-0.0006995201110839844
4,18,160,2.6119680404663086,2.6117236614227295,-0.00024437904357910156
4,19,160,2.2980871200561523,2.295339345932007,-0.002747774124145508
5,0,160,3.1259796619415283,3.125552177429199,-0.00042748451232910156
5,1,160,3.3111376762390137,3.3110766410827637,-6.103515625e-05
5,2,160,3.180311441421509,3.1795766353607178,-0.0007348060607910156
5,3,160,2.6619343757629395,2.6607041358947754,-0.0012302398681640625
5,4,160,2.5520505905151367,2.5519776344299316,-7.295608520507812e-05
5,5,160,3.0823538303375244,3.081409454345703,-0.0009443759918212891
5,6,160,2.9665775299072266,2.96695876121521,0.00038123130798339844
5,7,160,2.969621419906616,2.969738006591797,0.00011658668518066406
5,8,160,2.7455496788024902,2.7460248470306396,0.00047516822814941406
5,9,160,3.012997627258301,3.013153076171875,0.00015544891357421875
5,10,160,3.1667139530181885,3.1655895709991455,-0.0011243820190429688
5,11,160,2.8124051094055176,2.8132827281951904,0.0008776187896728516
5,12,160,2.941852569580078,2.940431594848633,-0.0014209747314453125
5,13,160,3.601318597793579,3.6018621921539307,0.0005435943603515625
5,14,160,3.462207317352295,3.4633524417877197,0.0011451244354248047
5,15,160,3.3294408321380615,3.3294475078582764,6.67572021484375e-06
5,16,160,3.710137128829956,3.7095930576324463,-0.0005440711975097656
5,17,160,3.294914484024048,3.295804738998413,0.0008902549743652344
5,18,160,2.6119680404663086,2.612694263458252,0.0007262229919433594
5,19,160,2.2980871200561523,2.2955214977264404,-0.002565622329711914
6,0,160,3.1259796619415283,3.1264050006866455,0.0004253387451171875
6,1,160,3.3111376762390137,3.3117549419403076,0.0006172657012939453
6,2,160,3.180311441421509,3.1801223754882812,-0.00018906593322753906
6,3,160,2.6619343757629395,2.663355827331543,0.0014214515686035156
6,4,160,2.5520505905151367,2.5522186756134033,0.00016808509826660156
6,5,160,3.0823538303375244,3.0822343826293945,-0.00011944770812988281
6,6,160,2.9665775299072266,2.967672824859619,0.0010952949523925781
6,7,160,2.969621419906616,2.9702649116516113,0.0006434917449951172
6,8,160,2.7455496788024902,2.745340347290039,-0.00020933151245117188
6,9,160,3.012997627258301,3.0145695209503174,0.0015718936920166016
6,10,160,3.1667139530181885,3.1674389839172363,0.0007250308990478516
6,11,160,2.8124051094055176,2.811901092529297,-0.0005040168762207031
6,12,160,2.941852569580078,2.942713975906372,0.0008614063262939453
6,13,160,3.601318597793579,3.5990397930145264,-0.0022788047790527344
6,14,160,3.462207317352295,3.464278221130371,0.002070903778076172
6,15,160,3.3294408321380615,3.3306632041931152,0.001222372055053711
6,16,160,3.710137128829956,3.7107181549072266,0.0005810260772705078
6,17,160,3.294914484024048,3.2950642108917236,0.00014972686767578125
6,18,160,2.6119680404663086,2.613049268722534,0.001081228256225586
6,19,160,2.2980871200561523,2.294740915298462,-0.0033462047576904297
7,0,160,3.1259796619415283,3.125436544418335,-0.0005431175231933594
7,1,160,3.3111376762390137,3.312216281890869,0.0010786056518554688
7,2,160,3.180311441421509,3.1812782287597656,0.0009667873382568359
7,3,160,2.6619343757629395,2.662472724914551,0.0005383491516113281
7,4,160,2.5520505905151367,2.5520291328430176,-2.1457672119140625e-05
7,5,160,3.0823538303375244,3.081117868423462,-0.0012359619140625
7,6,160,2.9665775299072266,2.966750144958496,0.00017261505126953125
7,7,160,2.969621419906616,2.9689338207244873,-0.0006875991821289062
7,8,160,2.7455496788024902,2.744049549102783,-0.0015001296997070312
7,9,160,3.012997627258301,3.013610601425171,0.0006129741668701172
7,10,160,3.1667139530181885,3.1666104793548584,-0.00010347366333007812
7,11,160,2.8124051094055176,2.812206745147705,-0.0001983642578125
7,12,160,2.941852569580078,2.9416303634643555,-0.00022220611572265625
7,13,160,3.601318597793579,3.5989670753479004,-0.002351522445678711
7,14,160,3.462207317352295,3.4622139930725098,6.67572021484375e-06
7,15,160,3.3294408321380615,3.330728054046631,0.001287221908569336
7,16,160,3.710137128829956,3.7098050117492676,-0.00033211708068847656
7,17,160,3.294914484024048,3.2934494018554688,-0.0014650821685791016
7,18,160,2.6119680404663086,2.6114630699157715,-0.0005049705505371094
7,19,160,2.2980871200561523,2.300016403198242,0.0019292831420898438
8,0,160,3.1259796619415283,3.1258323192596436,-0.00014734268188476562
8,1,160,3.3111376762390137,3.311312675476074,0.00017499923706054688
8,2,160,3.180311441421509,3.180854558944702,0.0005431175231933594
8,3,160,2.6619343757629395,2.662428140640259,0.0004937648773193359
8,4,160,2.5520505905151367,2.5529842376708984,0.0009336471557617188
8,5,160,3.0823538303375244,3.0824966430664062,0.00014281272888183594
8,6,160,2.9665775299072266,2.9660825729370117,-0.0004949569702148438
8,7,160,2.969621419906616,2.969146728515625,-0.00047469139099121094
8,8,160,2.7455496788024902,2.745779037475586,0.00022935867309570312
8,9,160,3.012997627258301,3.011829376220703,-0.0011682510375976562
8,10,160,3.1667139530181885,3.1672377586364746,0.0005238056182861328
8,11,160,2.8124051094055176,2.8134562969207764,0.001051187515258789
8,12,160,2.941852569580078,2.94028639793396,-0.001566171646118164
8,13,160,3.601318597793579,3.602607011795044,0.0012884140014648438
8,14,160,3.462207317352295,3.4622886180877686,8.130073547363281e-05
8,15,160,3.3294408321380615,3.3306899070739746,0.001249074935913086
8,16,160,3.710137128829956,3.710275173187256,0.0001380443572998047
8,17,160,3.294914484024048,3.296459197998047,0.0015447139739990234
8,18,160,2.6119680404663086,2.6109635829925537,-0.0010044574737548828
8,19,160,2.2980871200561523,2.2986509799957275,0.0005638599395751953
9,0,160,3.1259796619415283,3.125643730163574,-0.00033593177795410156
9,1,160,3.3111376762390137,3.3104641437530518,-0.0006735324859619141
9,2,160,3.180311441421509,3.180804491043091,0.0004930496215820312
9,3,160,2.6619343757629395,2.6625077724456787,0.0005733966827392578
9,4,160,2.5520505905151367,2.551703453063965,-0.000347137451171875
9,5,160,3.0823538303375244,3.081496238708496,-0.0008575916290283203
9,6,160,2.9665775299072266,2.965657949447632,-0.0009195804595947266
9,7,160,2.969621419906616,2.9713523387908936,0.0017309188842773438
9,8,160,2.7455496788024902,2.746110677719116,0.0005609989166259766
9,9,160,3.012997627258301,3.0146195888519287,0.0016219615936279297
9,10,160,3.1667139530181885,3.167833089828491,0.0011191368103027344
9,11,160,2.8124051094055176,2.8134121894836426,0.001007080078125
9,12,160,2.941852569580078,2.9432520866394043,0.0013995170593261719
9,13,160,3.601318597793579,3.5996575355529785,-0.001661062240600586
9,14,160,3.462207317352295,3.462043523788452,-0.00016379356384277344
9,15,160,3.3294408321380615,3.3299574851989746,0.0005166530609130859
9,16,160,3.710137128829956,3.7109017372131348,0.0007646083831787109
9,17,160,3.294914484024048,3.2959542274475098,0.001039743423461914
9,18,160,2.6119680404663086,2.6133503913879395,0.0013823509216308594
9,19,160,2.2980871200561523,2.2983596324920654,0.00027251243591308594
10,0,160,3.1259796619415283,3.126298427581787,0.00031876564025878906
10,1,160,3.3111376762390137,3.3116304874420166,0.0004928112030029297
10,2,160,3.180311441421509,3.1799471378326416,-0.0003643035888671875
10,3,160,2.6619343757629395,2.6623106002807617,0.0003762245178222656
10,4,160,2.5520505905151367,2.5524797439575195,0.0004291534423828125
10,5,160,3.0823538303375244,3.082092046737671,-0.0002617835998535156
10,6,160,2.9665775299072266,2.966609239578247,3.170967102050781e-05
10,7,160,2.969621419906616,2.972433567047119,0.0028121471405029297
10,8,160,2.7455496788024902,2.7456510066986084,0.00010132789611816406
10,9,160,3.012997627258301,3.0147972106933594,0.0017995834350585938
10,10,160,3.1667139530181885,3.1655642986297607,-0.0011496543884277344
10,11,160,2.8124051094055176,2.8116862773895264,-0.0007188320159912109
10,12,160,2.941852569580078,2.941967725753784,0.00011515617370605469
10,13,160,3.601318597793579,3.6004137992858887,-0.0009047985076904297
10,14,160,3.462207317352295,3.4611737728118896,-0.0010335445404052734
10,15,160,3.3294408321380615,3.3301432132720947,0.0007023811340332031
10,16,160,3.710137128829956,3.7104294300079346,0.0002923011779785156
10,17,160,3.294914484024048,3.293806552886963,-0.001107931137084961
10,18,160,2.6119680404663086,2.611910820007324,-5.7220458984375e-05
10,19,160,2.2980871200561523,2.2982094287872314,0.00012230873107910156
11,0,160,3.1259796619415283,3.127523899078369,0.0015442371368408203
11,1,160,3.3111376762390137,3.3121464252471924,0.001008749008178711
11,2,160,3.180311441421509,3.1805529594421387,0.0002415180206298828
11,3,160,2.6619343757629395,2.661620616912842,-0.00031375885009765625
11,4,160,2.5520505905151367,2.551807403564453,-0.00024318695068359375
11,5,160,3.0823538303375244,3.0815353393554688,-0.0008184909820556641
11,6,160,2.9665775299072266,2.966002941131592,-0.0005745887756347656
11,7,160,2.969621419906616,2.970052480697632,0.000431060791015625
11,8,160,2.7455496788024902,2.7456395626068115,8.988380432128906e-05
11,9,160,3.012997627258301,3.0111124515533447,-0.0018851757049560547
11,10,160,3.1667139530181885,3.1671934127807617,0.0004794597625732422
11,11,160,2.8124051094055176,2.812877893447876,0.00047278404235839844
11,12,160,2.941852569580078,2.9408607482910156,-0.0009918212890625
11,13,160,3.601318597793579,3.6004862785339355,-0.0008323192596435547
11,14,160,3.462207317352295,3.46181321144104,-0.0003941059112548828
11,15,160,3.3294408321380615,3.3293728828430176,-6.794929504394531e-05
11,16,160,3.710137128829956,3.709768295288086,-0.0003688335418701172
11,17,160,3.294914484024048,3.2947709560394287,-0.00014352798461914062
11,18,160,2.6119680404663086,2.612726926803589,0.0007588863372802734
11,19,160,2.2980871200561523,2.2998480796813965,0.0017609596252441406
12,0,160,3.1259796619415283,3.125269651412964,-0.0007100105285644531
12,1,160,3.3111376762390137,3.312138319015503,0.0010006427764892578
12,2,160,3.180311441421509,3.1791133880615234,-0.0011980533599853516
12,3,160,2.6619343757629395,2.660764694213867,-0.0011696815490722656
12,4,160,2.5520505905151367,2.5509181022644043,-0.0011324882507324219
12,5,160,3.0823538303375244,3.084075689315796,0.0017218589782714844
12,6,160,2.9665775299072266,2.965972661972046,-0.0006048679351806641
12,7,160,2.969621419906616,2.9702999591827393,0.0006785392761230469
12,8,160,2.7455496788024902,2.7445693016052246,-0.000980377197265625
12,9,160,3.012997627258301,3.013948917388916,0.0009512901306152344
12,10,160,3.1667139530181885,3.1677639484405518,0.0010499954223632812
12,11,160,2.8124051094055176,2.812290668487549,-0.00011444091796875
12,12,160,2.941852569580078,2.9414308071136475,-0.00042176246643066406
12,13,160,3.601318597793579,3.601609230041504,0.0002906322479248047
12,14,160,3.462207317352295,3.4623405933380127,0.00013327598571777344
12,15,160,3.3294408321380615,3.3306453227996826,0.0012044906616210938
12,16,160,3.710137128829956,3.7114241123199463,0.0012869834899902344
12,17,160,3.294914484024048,3.293984889984131,-0.0009295940399169922
12,18,160,2.6119680404663086,2.6127192974090576,0.0007512569427490234
12,19,160,2.2980871200561523,2.29701566696167,-0.0010714530944824219
13,0,160,3.1259796619415283,3.1252670288085938,-0.0007126331329345703
13,1,160,3.3111376762390137,3.3112738132476807,0.0001361370086669922
13,2,160,3.180311441421509,3.1779568195343018,-0.0023546218872070312
13,3,160,2.6619343757629395,2.6618783473968506,-5.602836608886719e-05
13,4,160,2.5520505905151367,2.5516936779022217,-0.00035691261291503906
13,5,160,3.0823538303375244,3.08288311958313,0.0005292892456054688
13,6,160,2.9665775299072266,2.966500759124756,-7.677078247070312e-05
13,7,160,2.969621419906616,2.9717304706573486,0.002109050750732422
13,8,160,2.7455496788024902,2.7441561222076416,-0.0013935565948486328
13,9,160,3.012997627258301,3.013246774673462,0.0002491474151611328
13,10,160,3.1667139530181885,3.167886734008789,0.001172780990600586
13,11,160,2.8124051094055176,2.8127188682556152,0.00031375885009765625
13,12,160,2.941852569580078,2.9426493644714355,0.0007967948913574219
13,13,160,3.601318597793579,3.599771738052368,-0.0015468597412109375
13,14,160,3.462207317352295,3.4615118503570557,-0.0006954669952392578
13,15,160,3.3294408321380615,3.329183340072632,-0.0002574920654296875
13,16,160,3.710137128829956,3.7113356590270996,0.0011985301971435547
13,17,160,3.294914484024048,3.2970612049102783,0.0021467208862304688
13,18,160,2.6119680404663086,2.613210678100586,0.0012426376342773438
13,19,160,2.2980871200561523,2.2992093563079834,0.0011222362518310547
14,0,160,3.1259796619415283,3.1260476112365723,6.794929504394531e-05
14,1,160,3.3111376762390137,3.311652898788452,0.0005152225494384766
14,2,160,3.180311441421509,3.1846084594726562,0.004297018051147461
14,3,160,2.6619343757629395,2.6650397777557373,0.0031054019927978516
14,4,160,2.5520505905151367,2.553219795227051,0.0011692047119140625
14,5,160,3.0823538303375244,3.085967779159546,0.0036139488220214844
14,6,160,2.9665775299072266,2.9693548679351807,0.0027773380279541016
14,7,160,2.969621419906616,2.9723103046417236,0.002688884735107422
14,8,160,2.7455496788024902,2.7468156814575195,0.0012660026550292969
14,9,160,3.012997627258301,3.01733660697937,0.004338979721069336
14,10,160,3.1667139530181885,3.169675827026367,0.002961874008178711
14,11,160,2.8124051094055176,2.8130288124084473,0.0006237030029296875
14,12,160,2.941852569580078,2.9413390159606934,-0.0005135536193847656
14,13,160,3.601318597793579,3.601410150527954,9.1552734375e-05
14,14,160,3.462207317352295,3.4608969688415527,-0.0013103485107421875
14,15,160,3.3294408321380615,3.3292548656463623,-0.00018596649169921875
14,16,160,3.710137128829956,3.713118314743042,0.0029811859130859375
14,17,160,3.294914484024048,3.294379472732544,-0.0005350112915039062
14,18,160,2.6119680404663086,2.610940456390381,-0.0010275840759277344
14,19,160,2.2980871200561523,2.2947118282318115,-0.0033752918243408203
15,0,160,3.1259796619415283,3.1251072883605957,-0.0008723735809326172
15,1,160,3.3111376762390137,3.3104779720306396,-0.0006597042083740234
15,2,160,3.180311441421509,3.1798882484436035,-0.00042319297790527344
15,3,160,2.6619343757629395,2.6609764099121094,-0.0009579658508300781
15,4,160,2.5520505905151367,2.551809310913086,-0.00024127960205078125
15,5,160,3.0823538303375244,3.084132194519043,0.0017783641815185547
15,6,160,2.9665775299072266,2.9681472778320312,0.0015697479248046875
15,7,160,2.969621419906616,2.9711008071899414,0.0014793872833251953
15,8,160,2.7455496788024902,2.7456138134002686,6.413459777832031e-05
15,9,160,3.012997627258301,3.0139877796173096,0.000990152359008789
15,10,160,3.1667139530181885,3.1668286323547363,0.00011467933654785156
15,11,160,2.8124051094055176,2.8116962909698486,-0.0007088184356689453
15,12,160,2.941852569580078,2.939764976501465,-0.0020875930786132812
15,13,160,3.601318597793579,3.600450038909912,-0.0008685588836669922
15,14,160,3.462207317352295,3.4630990028381348,0.0008916854858398438
15,15,160,3.3294408321380615,3.32906436920166,-0.0003764629364013672
15,16,160,3.710137128829956,3.7126317024230957,0.0024945735931396484
15,17,160,3.294914484024048,3.29681658744812,0.0019021034240722656
15,18,160,2.6119680404663086,2.611865282058716,-0.00010275840759277344
15,19,160,2.2980871200561523,2.297520399093628,-0.0005667209625244141
16,0,160,3.1259796619415283,3.1255815029144287,-0.0003981590270996094
16,1,160,3.3111376762390137,3.3113009929656982,0.0001633167266845703
16,2,160,3.180311441421509,3.180109739303589,-0.00020170211791992188
16,3,160,2.6619343757629395,2.6624600887298584,0.0005257129669189453
16,4,160,2.5520505905151367,2.5518243312835693,-0.0002262592315673828
16,5,160,3.0823538303375244,3.0812385082244873,-0.0011153221130371094
16,6,160,2.9665775299072266,2.9666006565093994,2.3126602172851562e-05
16,7,160,2.969621419906616,2.96891713142395,-0.0007042884826660156
16,8,160,2.7455496788024902,2.744497060775757,-0.0010526180267333984
16,9,160,3.012997627258301,3.0137970447540283,0.0007994174957275391
16,10,160,3.1667139530181885,3.167620897293091,0.0009069442749023438
16,11,160,2.8124051094055176,2.813307523727417,0.0009024143218994141
16,12,160,2.941852569580078,2.950760841369629,0.008908271789550781
16,13,160,3.601318597793579,3.5987703800201416,-0.0025482177734375
16,14,160,3.462207317352295,3.4618942737579346,-0.00031304359436035156
16,15,160,3.3294408321380615,3.3306524753570557,0.0012116432189941406
16,16,160,3.710137128829956,3.710860252380371,0.0007231235504150391
16,17,160,3.294914484024048,3.2975971698760986,0.0026826858520507812
16,18,160,2.6119680404663086,2.611487865447998,-0.0004801750183105469
16,19,160,2.2980871200561523,2.29996395111084,0.0018768310546875
17,0,160,3.1259796619415283,3.1257710456848145,-0.0002086162567138672
17,1,160,3.3111376762390137,3.311373710632324,0.00023603439331054688
17,2,160,3.180311441421509,3.1788718700408936,-0.0014395713806152344
17,3,160,2.6619343757629395,2.6618881225585938,-4.6253204345703125e-05
17,4,160,2.5520505905151367,2.552870988845825,0.0008203983306884766
17,5,160,3.0823538303375244,3.081902503967285,-0.0004513263702392578
17,6,160,2.9665775299072266,2.9685943126678467,0.002016782760620117
17,7,160,2.969621419906616,2.970323324203491,0.000701904296875
17,8,160,2.7455496788024902,2.7454588413238525,-9.083747863769531e-05
17,9,160,3.012997627258301,3.0131726264953613,0.00017499923706054688
17,10,160,3.1667139530181885,3.1678638458251953,0.001149892807006836
17,11,160,2.8124051094055176,2.8110098838806152,-0.0013952255249023438
17,12,160,2.941852569580078,2.942159652709961,0.0003070831298828125
17,13,160,3.601318597793579,3.6024458408355713,0.0011272430419921875
17,14,160,3.462207317352295,3.4625871181488037,0.00037980079650878906
17,15,160,3.3294408321380615,3.330421209335327,0.000980377197265625
17,16,160,3.710137128829956,3.7085297107696533,-0.0016074180603027344
17,17,160,3.294914484024048,3.2936484813690186,-0.0012660026550292969
17,18,160,2.6119680404663086,2.6121816635131836,0.000213623046875
17,19,160,2.2980871200561523,2.2967472076416016,-0.0013399124145507812
18,0,160,3.1259796619415283,3.1280760765075684,0.002096414566040039
18,1,160,3.3111376762390137,3.3149704933166504,0.0038328170776367188
18,2,160,3.180311441421509,3.1820199489593506,0.0017085075378417969
18,3,160,2.6619343757629395,2.661968231201172,3.3855438232421875e-05
18,4,160,2.5520505905151367,2.5518810749053955,-0.00016951560974121094
18,5,160,3.0823538303375244,3.0838730335235596,0.0015192031860351562
18,6,160,2.9665775299072266,2.966445207595825,-0.0001323223114013672
18,7,160,2.969621419906616,2.970180034637451,0.0005586147308349609
18,8,160,2.7455496788024902,2.74499773979187,-0.0005519390106201172
18,9,160,3.012997627258301,3.0122928619384766,-0.0007047653198242188
18,10,160,3.1667139530181885,3.1660399436950684,-0.0006740093231201172
18,11,160,2.8124051094055176,2.815448045730591,0.003042936325073242
18,12,160,2.941852569580078,2.9432454109191895,0.0013928413391113281
18,13,160,3.601318597793579,3.602142333984375,0.0008237361907958984
18,14,160,3.462207317352295,3.4631683826446533,0.0009610652923583984
18,15,160,3.3294408321380615,3.327705144882202,-0.001735687255859375
18,16,160,3.710137128829956,3.709258794784546,-0.0008783340454101562
18,17,160,3.294914484024048,3.2941088676452637,-0.0008056163787841797
18,18,160,2.6119680404663086,2.612083911895752,0.00011587142944335938
18,19,160,2.2980871200561523,2.299842596054077,0.0017554759979248047
19,0,160,3.1259796619415283,3.1262292861938477,0.00024962425231933594
19,1,160,3.3111376762390137,3.3113999366760254,0.00026226043701171875
19,2,160,3.180311441421509,3.1780481338500977,-0.002263307571411133
19,3,160,2.6619343757629395,2.6611056327819824,-0.0008287429809570312
19,4,160,2.5520505905151367,2.552267074584961,0.00021648406982421875
19,5,160,3.0823538303375244,3.0815269947052,-0.0008268356323242188
19,6,160,2.9665775299072266,2.9660484790802,-0.0005290508270263672
19,7,160,2.969621419906616,2.9702372550964355,0.0006158351898193359
19,8,160,2.7455496788024902,2.743680238723755,-0.0018694400787353516
19,9,160,3.012997627258301,3.012838125228882,-0.0001595020294189453
19,10,160,3.1667139530181885,3.1662235260009766,-0.0004904270172119141
19,11,160,2.8124051094055176,2.8137149810791016,0.0013098716735839844
19,12,160,2.941852569580078,2.941046714782715,-0.0008058547973632812
19,13,160,3.601318597793579,3.5989651679992676,-0.0023534297943115234
19,14,160,3.462207317352295,3.463606119155884,0.0013988018035888672
19,15,160,3.3294408321380615,3.3297438621520996,0.00030303001403808594
19,16,160,3.710137128829956,3.7109172344207764,0.0007801055908203125
19,17,160,3.294914484024048,3.2936623096466064,-0.0012521743774414062
19,18,160,2.6119680404663086,2.6125590801239014,0.0005910396575927734
19,19,160,2.2980871200561523,2.2962775230407715,-0.0018095970153808594
20,0,160,3.1259796619415283,3.125607967376709,-0.00037169456481933594
20,1,160,3.3111376762390137,3.3106062412261963,-0.0005314350128173828
20,2,160,3.180311441421509,3.180121660232544,-0.00018978118896484375
20,3,160,2.6619343757629395,2.6600680351257324,-0.0018663406372070312
20,4,160,2.5520505905151367,2.552177906036377,0.00012731552124023438
20,5,160,3.0823538303375244,3.0827972888946533,0.00044345855712890625
20,6,160,2.9665775299072266,2.965151786804199,-0.0014257431030273438
20,7,160,2.969621419906616,2.9703264236450195,0.0007050037384033203
20,8,160,2.7455496788024902,2.7452828884124756,-0.00026679039001464844
20,9,160,3.012997627258301,3.012833833694458,-0.00016379356384277344
20,10,160,3.1667139530181885,3.1666526794433594,-6.127357482910156e-05
20,11,160,2.8124051094055176,2.8130321502685547,0.0006270408630371094
20,12,160,2.941852569580078,2.942124843597412,0.0002722740173339844
20,13,160,3.601318597793579,3.6017868518829346,0.00046825408935546875
20,14,160,3.462207317352295,3.4622654914855957,5.817413330078125e-05
20,15,160,3.3294408321380615,3.329190254211426,-0.0002505779266357422
20,16,160,3.710137128829956,3.71016788482666,3.075599670410156e-05
20,17,160,3.294914484024048,3.301795244216919,0.006880760192871094
20,18,160,2.6119680404663086,2.610285758972168,-0.001682281494140625
20,19,160,2.2980871200561523,2.297802209854126,-0.0002849102020263672
21,0,160,3.1259796619415283,3.1265265941619873,0.0005469322204589844
21,1,160,3.3111376762390137,3.3117756843566895,0.0006380081176757812
21,2,160,3.180311441421509,3.179273843765259,-0.00103759765625
21,3,160,2.6619343757629395,2.662212371826172,0.0002779960632324219
21,4,160,2.5520505905151367,2.551162004470825,-0.0008885860443115234
21,5,160,3.0823538303375244,3.0804173946380615,-0.0019364356994628906
21,6,160,2.9665775299072266,2.9666366577148438,5.91278076171875e-05
21,7,160,2.969621419906616,2.9698476791381836,0.0002262592315673828
21,8,160,2.7455496788024902,2.7448203563690186,-0.0007293224334716797
21,9,160,3.012997627258301,3.0125372409820557,-0.0004603862762451172
21,10,160,3.1667139530181885,3.1640613079071045,-0.0026526451110839844
21,11,160,2.8124051094055176,2.812652826309204,0.00024771690368652344
21,12,160,2.941852569580078,2.9411959648132324,-0.0006566047668457031
21,13,160,3.601318597793579,3.6011006832122803,-0.00021791458129882812
21,14,160,3.462207317352295,3.4633917808532715,0.0011844635009765625
21,15,160,3.3294408321380615,3.329230308532715,-0.0002105236053466797
21,16,160,3.710137128829956,3.709806203842163,-0.00033092498779296875
21,17,160,3.294914484024048,3.296794891357422,0.0018804073333740234
21,18,160,2.6119680404663086,2.611562490463257,-0.0004055500030517578
21,19,160,2.2980871200561523,2.29649019241333,-0.0015969276428222656
22,0,160,3.1259796619415283,3.1250064373016357,-0.0009732246398925781
22,1,160,3.3111376762390137,3.310135841369629,-0.0010018348693847656
22,2,160,3.180311441421509,3.181800127029419,0.0014886856079101562
22,3,160,2.6619343757629395,2.6629385948181152,0.0010042190551757812
22,4,160,2.5520505905151367,2.553889274597168,0.00183868408203125
22,5,160,3.0823538303375244,3.0839123725891113,0.001558542251586914
22,6,160,2.9665775299072266,2.967801570892334,0.0012240409851074219
22,7,160,2.969621419906616,2.9708993434906006,0.001277923583984375
22,8,160,2.7455496788024902,2.745626211166382,7.653236389160156e-05
22,9,160,3.012997627258301,3.013960361480713,0.0009627342224121094
22,10,160,3.1667139530181885,3.1677136421203613,0.0009996891021728516
22,11,160,2.8124051094055176,2.8130087852478027,0.0006036758422851562
22,12,160,2.941852569580078,2.9410769939422607,-0.0007755756378173828
22,13,160,3.601318597793579,3.6005196571350098,-0.0007989406585693359
22,14,160,3.462207317352295,3.462942123413086,0.0007348060607910156
22,15,160,3.3294408321380615,3.3301444053649902,0.0007035732269287109
22,16,160,3.710137128829956,3.710158586502075,2.1457672119140625e-05
22,17,160,3.294914484024048,3.2951319217681885,0.000217437744140625
22,18,160,2.6119680404663086,2.610910415649414,-0.0010576248168945312
22,19,160,2.2980871200561523,2.29746150970459,-0.0006256103515625
23,0,160,3.1259796619415283,3.1258935928344727,-8.606910705566406e-05
23,1,160,3.3111376762390137,3.310847759246826,-0.0002899169921875
23,2,160,3.180311441421509,3.178344488143921,-0.0019669532775878906
23,3,160,2.6619343757629395,2.6612908840179443,-0.0006434917449951172
23,4,160,2.5520505905151367,2.553255081176758,0.0012044906616210938
23,5,160,3.0823538303375244,3.0826845169067383,0.0003306865692138672
23,6,160,2.9665775299072266,2.966395378112793,-0.00018215179443359375
23,7,160,2.969621419906616,2.971416711807251,0.0017952919006347656
23,8,160,2.7455496788024902,2.745901107788086,0.0003514289855957031
23,9,160,3.012997627258301,3.013892412185669,0.0008947849273681641
23,10,160,3.1667139530181885,3.165849208831787,-0.0008647441864013672
23,11,160,2.8124051094055176,2.8133089542388916,0.0009038448333740234
23,12,160,2.941852569580078,2.9406986236572266,-0.0011539459228515625
23,13,160,3.601318597793579,3.6005866527557373,-0.0007319450378417969
23,14,160,3.462207317352295,3.4618215560913086,-0.0003857612609863281
23,15,160,3.3294408321380615,3.328394889831543,-0.0010459423065185547
23,16,160,3.710137128829956,3.7098731994628906,-0.0002639293670654297
23,17,160,3.294914484024048,3.2937772274017334,-0.0011372566223144531
23,18,160,2.6119680404663086,2.612752676010132,0.0007846355438232422
23,19,160,2.2980871200561523,2.296875,-0.0012121200561523438
24,0,160,3.1259796619415283,3.1261658668518066,0.0001862049102783203
24,1,160,3.3111376762390137,3.311105966567993,-3.170967102050781e-05
24,2,160,3.180311441421509,3.17866849899292,-0.0016429424285888672
24,3,160,2.6619343757629395,2.661789655685425,-0.00014472007751464844
24,4,160,2.5520505905151367,2.550065755844116,-0.001984834671020508
24,5,160,3.0823538303375244,3.0828161239624023,0.0004622936248779297
24,6,160,2.9665775299072266,2.9666898250579834,0.00011229515075683594
24,7,160,2.969621419906616,2.96943736076355,-0.00018405914306640625
24,8,160,2.7455496788024902,2.7454380989074707,-0.00011157989501953125
24,9,160,3.012997627258301,3.0138232707977295,0.0008256435394287109
24,10,160,3.1667139530181885,3.1664769649505615,-0.00023698806762695312
24,11,160,2.8124051094055176,2.811763286590576,-0.0006418228149414062
24,12,160,2.941852569580078,2.9412097930908203,-0.0006427764892578125
24,13,160,3.601318597793579,3.6007533073425293,-0.0005652904510498047
24,14,160,3.462207317352295,3.4626805782318115,0.00047326087951660156
24,15,160,3.3294408321380615,3.3292136192321777,-0.00022721290588378906
24,16,160,3.710137128829956,3.7091732025146484,-0.0009639263153076172
24,17,160,3.294914484024048,3.2941110134124756,-0.0008034706115722656
24,18,160,2.6119680404663086,2.6121368408203125,0.00016880035400390625
24,19,160,2.2980871200561523,2.2962758541107178,-0.0018112659454345703
25,0,160,3.1259796619415283,3.1254947185516357,-0.0004849433898925781
25,1,160,3.3111376762390137,3.3108510971069336,-0.0002865791320800781
25,2,160,3.180311441421509,3.1788761615753174,-0.0014352798461914062
25,3,160,2.6619343757629395,2.6612627506256104,-0.0006716251373291016
25,4,160,2.5520505905151367,2.5507891178131104,-0.0012614727020263672
25,5,160,3.0823538303375244,3.082581043243408,0.00022721290588378906
25,6,160,2.9665775299072266,2.96766996383667,0.0010924339294433594
25,7,160,2.969621419906616,2.9705262184143066,0.0009047985076904297
25,8,160,2.7455496788024902,2.743798017501831,-0.0017516613006591797
25,9,160,3.012997627258301,3.011618137359619,-0.0013794898986816406
25,10,160,3.1667139530181885,3.167004108428955,0.00029015541076660156
25,11,160,2.8124051094055176,2.8110005855560303,-0.0014045238494873047
25,12,160,2.941852569580078,2.94096302986145,-0.0008895397186279297
25,13,160,3.601318597793579,3.6009840965270996,-0.0003345012664794922
25,14,160,3.462207317352295,3.4632019996643066,0.0009946823120117188
25,15,160,3.3294408321380615,3.3287997245788574,-0.0006411075592041016
25,16,160,3.710137128829956,3.710062265396118,-7.486343383789062e-05
25,17,160,3.294914484024048,3.2970783710479736,0.0021638870239257812
25,18,160,2.6119680404663086,2.6121535301208496,0.00018548965454101562
25,19,160,2.2980871200561523,2.296586751937866,-0.0015003681182861328
26,0,160,3.1259796619415283,3.1257004737854004,-0.0002791881561279297
26,1,160,3.3111376762390137,3.311368942260742,0.00023126602172851562
26,2,160,3.180311441421509,3.179280996322632,-0.0010304450988769531
26,3,160,2.6619343757629395,2.660574436187744,-0.0013599395751953125
26,4,160,2.5520505905151367,2.5520083904266357,-4.220008850097656e-05
26,5,160,3.0823538303375244,3.0813050270080566,-0.0010488033294677734
26,6,160,2.9665775299072266,2.9649722576141357,-0.0016052722930908203
26,7,160,2.969621419906616,2.969930410385132,0.000308990478515625
26,8,160,2.7455496788024902,2.74306058883667,-0.0024890899658203125
26,9,160,3.012997627258301,3.0131871700286865,0.0001895427703857422
26,10,160,3.1667139530181885,3.167140007019043,0.0004260540008544922
26,11,160,2.8124051094055176,2.81314754486084,0.0007424354553222656
26,12,160,2.941852569580078,2.942909002304077,0.0010564327239990234
26,13,160,3.601318597793579,3.6010379791259766,-0.00028061866760253906
26,14,160,3.462207317352295,3.461162805557251,-0.0010445117950439453
26,15,160,3.3294408321380615,3.3301479816436768,0.0007071495056152344
26,16,160,3.710137128829956,3.710810899734497,0.0006737709045410156
26,17,160,3.294914484024048,3.2959144115448,0.0009999275207519531
26,18,160,2.6119680404663086,2.6126022338867188,0.0006341934204101562
26,19,160,2.2980871200561523,2.2933285236358643,-0.004758596420288086
27,0,160,3.1259796619415283,3.1255264282226562,-0.0004532337188720703
27,1,160,3.3111376762390137,3.3099637031555176,-0.0011739730834960938
27,2,160,3.180311441421509,3.179717779159546,-0.0005936622619628906
27,3,160,2.6619343757629395,2.66227126121521,0.0003368854522705078
27,4,160,2.5520505905151367,2.551325798034668,-0.00072479248046875
27,5,160,3.0823538303375244,3.0816705226898193,-0.0006833076477050781
27,6,160,2.9665775299072266,2.9659881591796875,-0.0005893707275390625
27,7,160,2.969621419906616,2.970522403717041,0.0009009838104248047
27,8,160,2.7455496788024902,2.745992660522461,0.0004429817199707031
27,9,160,3.012997627258301,3.013896942138672,0.0008993148803710938
27,10,160,3.1667139530181885,3.167262315750122,0.0005483627319335938
27,11,160,2.8124051094055176,2.8144562244415283,0.002051115036010742
27,12,160,2.941852569580078,2.9420509338378906,0.0001983642578125
27,13,160,3.601318597793579,3.600327491760254,-0.0009911060333251953
27,14,160,3.462207317352295,3.4609220027923584,-0.0012853145599365234
27,15,160,3.3294408321380615,3.329843282699585,0.0004024505615234375
27,16,160,3.710137128829956,3.7103822231292725,0.00024509429931640625
27,17,160,3.294914484024048,3.295321464538574,0.0004069805145263672
27,18,160,2.6119680404663086,2.612664222717285,0.0006961822509765625
27,19,160,2.2980871200561523,2.29929256439209,0.0012054443359375
28,0,160,3.1259796619415283,3.1259589195251465,-2.0742416381835938e-05
28,1,160,3.3111376762390137,3.3102269172668457,-0.0009107589721679688
28,2,160,3.180311441421509,3.1809208393096924,0.0006093978881835938
28,3,160,2.6619343757629395,2.661818027496338,-0.0001163482666015625
28,4,160,2.5520505905151367,2.5531089305877686,0.001058340072631836
28,5,160,3.0823538303375244,3.0830676555633545,0.0007138252258300781
28,6,160,2.9665775299072266,2.967991590499878,0.0014140605926513672
28,7,160,2.969621419906616,2.973177671432495,0.0035562515258789062
28,8,160,2.7455496788024902,2.745638847351074,8.916854858398438e-05
28,9,160,3.012997627258301,3.0153839588165283,0.002386331558227539
28,10,160,3.1667139530181885,3.1649553775787354,-0.001758575439453125
28,11,160,2.8124051094055176,2.8121724128723145,-0.000232696533203125
28,12,160,2.941852569580078,2.942162036895752,0.0003094673156738281
28,13,160,3.601318597793579,3.6008377075195312,-0.00048089027404785156
28,14,160,3.462207317352295,3.4640886783599854,0.0018813610076904297
28,15,160,3.3294408321380615,3.3297159671783447,0.0002751350402832031
28,16,160,3.710137128829956,3.709296703338623,-0.0008404254913330078
28,17,160,3.294914484024048,3.2960259914398193,0.0011115074157714844
28,18,160,2.6119680404663086,2.611187696456909,-0.0007803440093994141
28,19,160,2.2980871200561523,2.2973968982696533,-0.0006902217864990234
29,0,160,3.1259796619415283,3.125051498413086,-0.0009281635284423828
29,1,160,3.3111376762390137,3.310171365737915,-0.0009663105010986328
29,2,160,3.180311441421509,3.1807503700256348,0.00043892860412597656
29,3,160,2.6619343757629395,2.6617536544799805,-0.00018072128295898438
29,4,160,2.5520505905151367,2.5532314777374268,0.001180887222290039
29,5,160,3.0823538303375244,3.082962989807129,0.0006091594696044922
29,6,160,2.9665775299072266,2.968034505844116,0.0014569759368896484
29,7,160,2.969621419906616,2.97017765045166,0.0005562305450439453
29,8,160,2.7455496788024902,2.745232582092285,-0.0003170967102050781
29,9,160,3.012997627258301,3.013399362564087,0.0004017353057861328
29,10,160,3.1667139530181885,3.165710687637329,-0.001003265380859375
29,11,160,2.8124051094055176,2.8140597343444824,0.0016546249389648438
29,12,160,2.941852569580078,2.94130802154541,-0.0005445480346679688
29,13,160,3.601318597793579,3.600058078765869,-0.001260519027709961
29,14,160,3.462207317352295,3.4615232944488525,-0.0006840229034423828
29,15,160,3.3294408321380615,3.3292393684387207,-0.0002014636993408203
29,16,160,3.710137128829956,3.7101221084594727,-1.5020370483398438e-05
29,17,160,3.294914484024048,3.294649124145508,-0.00026535987854003906
29,18,160,2.6119680404663086,2.612722396850586,0.0007543563842773438
29,19,160,2.2980871200561523,2.2981045246124268,1.7404556274414062e-05
30,0,160,3.1259796619415283,3.1267001628875732,0.0007205009460449219
30,1,160,3.3111376762390137,3.3115763664245605,0.000438690185546875
30,2,160,3.180311441421509,3.180608034133911,0.00029659271240234375
30,3,160,2.6619343757629395,2.663175106048584,0.0012407302856445312
30,4,160,2.5520505905151367,2.5516324043273926,-0.0004181861877441406
30,5,160,3.0823538303375244,3.0831124782562256,0.0007586479187011719
30,6,160,2.9665775299072266,2.966498613357544,-7.891654968261719e-05
30,7,160,2.969621419906616,2.968700408935547,-0.0009210109710693359
30,8,160,2.7455496788024902,2.7465527057647705,0.0010030269622802734
30,9,160,3.012997627258301,3.0116004943847656,-0.0013971328735351562
30,10,160,3.1667139530181885,3.1659891605377197,-0.00072479248046875
30,11,160,2.8124051094055176,2.81233549118042,-6.961822509765625e-05
30,12,160,2.941852569580078,2.9418716430664062,1.9073486328125e-05
30,13,160,3.601318597793579,3.600381374359131,-0.0009372234344482422
30,14,160,3.462207317352295,3.460832118988037,-0.0013751983642578125
30,15,160,3.3294408321380615,3.3294246196746826,-1.621246337890625e-05
30,16,160,3.710137128829956,3.7109925746917725,0.0008554458618164062
30,17,160,3.294914484024048,3.295877695083618,0.0009632110595703125
30,18,160,2.6119680404663086,2.6122376918792725,0.0002696514129638672
30,19,160,2.2980871200561523,2.298980236053467,0.0008931159973144531
31,0,160,3.1259796619415283,3.1260716915130615,9.202957153320312e-05
31,1,160,3.3111376762390137,3.3119137287139893,0.0007760524749755859
31,2,160,3.180311441421509,3.1807563304901123,0.0004448890686035156
31,3,160,2.6619343757629395,2.662658214569092,0.0007238388061523438
31,4,160,2.5520505905151367,2.552124500274658,7.390975952148438e-05
31,5,160,3.0823538303375244,3.080768346786499,-0.0015854835510253906
31,6,160,2.9665775299072266,2.966892957687378,0.0003154277801513672
31,7,160,2.969621419906616,2.9707283973693848,0.0011069774627685547
31,8,160,2.7455496788024902,2.7457025051116943,0.00015282630920410156
31,9,160,3.012997627258301,3.0122859477996826,-0.0007116794586181641
31,10,160,3.1667139530181885,3.1660234928131104,-0.000690460205078125
31,11,160,2.8124051094055176,2.8118927478790283,-0.0005123615264892578
31,12,160,2.941852569580078,2.9404549598693848,-0.0013976097106933594
31,13,160,3.601318597793579,3.6015541553497314,0.00023555755615234375
31,14,160,3.462207317352295,3.463165044784546,0.0009577274322509766
31,15,160,3.3294408321380615,3.3305110931396484,0.001070261001586914
31,16,160,3.710137128829956,3.710911989212036,0.0007748603820800781
31,17,160,3.294914484024048,3.2949812412261963,6.67572021484375e-05
31,18,160,2.6119680404663086,2.6117148399353027,-0.0002532005310058594
31,19,160,2.2980871200561523,2.2971208095550537,-0.0009663105010986328
32,0,160,3.1259796619415283,3.127737522125244,0.0017578601837158203
32,1,160,3.3111376762390137,3.314368724822998,0.003231048583984375
32,2,160,3.180311441421509,3.1805849075317383,0.0002734661102294922
32,3,160,2.6619343757629395,2.6623687744140625,0.0004343986511230469
32,4,160,2.5520505905151367,2.551147937774658,-0.0009026527404785156
32,5,160,3.0823538303375244,3.080946207046509,-0.001407623291015625
32,6,160,2.9665775299072266,2.966409921646118,-0.00016760826110839844
32,7,160,2.969621419906616,2.96989369392395,0.0002722740173339844
32,8,160,2.7455496788024902,2.744202136993408,-0.0013475418090820312
32,9,160,3.012997627258301,3.0132877826690674,0.00029015541076660156
32,10,160,3.1667139530181885,3.166419267654419,-0.00029468536376953125
32,11,160,2.8124051094055176,2.813678503036499,0.0012733936309814453
32,12,160,2.941852569580078,2.943082571029663,0.001230001449584961
32,13,160,3.601318597793579,3.599595069885254,-0.0017235279083251953
32,14,160,3.462207317352295,3.4625391960144043,0.000331878662109375
32,15,160,3.3294408321380615,3.3312716484069824,0.0018308162689208984
32,16,160,3.710137128829956,3.711545944213867,0.0014088153839111328
32,17,160,3.294914484024048,3.2964284420013428,0.0015139579772949219
32,18,160,2.6119680404663086,2.6117665767669678,-0.0002014636993408203
32,19,160,2.2980871200561523,2.2953031063079834,-0.0027840137481689453
33,0,160,3.1259796619415283,3.1273417472839355,0.0013620853424072266
33,1,160,3.3111376762390137,3.3112876415252686,0.0001499652862548828
33,2,160,3.180311441421509,3.179774284362793,-0.0005371570587158203
33,3,160,2.6619343757629395,2.66147518157959,-0.0004591941833496094
33,4,160,2.5520505905151367,2.551240921020508,-0.0008096694946289062
33,5,160,3.0823538303375244,3.081080198287964,-0.0012736320495605469
33,6,160,2.9665775299072266,2.9665539264678955,-2.3603439331054688e-05
33,7,160,2.969621419906616,2.9703524112701416,0.0007309913635253906
33,8,160,2.7455496788024902,2.7432332038879395,-0.0023164749145507812
33,9,160,3.012997627258301,3.0127618312835693,-0.0002357959747314453
33,10,160,3.1667139530181885,3.165236711502075,-0.0014772415161132812
33,11,160,2.8124051094055176,2.811570405960083,-0.0008347034454345703
33,12,160,2.941852569580078,2.9423108100891113,0.0004582405090332031
33,13,160,3.601318597793579,3.6005163192749023,-0.0008022785186767578
33,14,160,3.462207317352295,3.461437702178955,-0.0007696151733398438
33,15,160,3.3294408321380615,3.329789400100708,0.0003485679626464844
33,16,160,3.710137128829956,3.7099831104278564,-0.00015401840209960938
33,17,160,3.294914484024048,3.29583477973938,0.0009202957153320312
33,18,160,2.6119680404663086,2.61234712600708,0.0003790855407714844
33,19,160,2.2980871200561523,2.2977399826049805,-0.000347137451171875
34,0,160,3.1259796619415283,3.1248204708099365,-0.0011591911315917969
34,1,160,3.3111376762390137,3.3107290267944336,-0.0004086494445800781
34,2,160,3.180311441421509,3.177877426147461,-0.0024340152740478516
34,3,160,2.6619343757629395,2.6618900299072266,-4.4345855712890625e-05
34,4,160,2.5520505905151367,2.5514016151428223,-0.0006489753723144531
34,5,160,3.0823538303375244,3.084021806716919,0.0016679763793945312
34,6,160,2.9665775299072266,2.9687044620513916,0.002126932144165039
34,7,160,2.969621419906616,2.9706785678863525,0.0010571479797363281
34,8,160,2.7455496788024902,2.7450528144836426,-0.0004968643188476562
34,9,160,3.012997627258301,3.0120508670806885,-0.0009467601776123047
34,10,160,3.1667139530181885,3.1665353775024414,-0.0001785755157470703
34,11,160,2.8124051094055176,2.812565803527832,0.00016069412231445312
34,12,160,2.941852569580078,2.941854476928711,1.9073486328125e-06
34,13,160,3.601318597793579,3.600433111190796,-0.0008854866027832031
34,14,160,3.462207317352295,3.461942672729492,-0.0002646446228027344
34,15,160,3.3294408321380615,3.3282275199890137,-0.0012133121490478516
34,16,160,3.710137128829956,3.7102460861206055,0.00010895729064941406
34,17,160,3.294914484024048,3.296316146850586,0.001401662826538086
34,18,160,2.6119680404663086,2.612929582595825,0.0009615421295166016
34,19,160,2.2980871200561523,2.2991390228271484,0.0010519027709960938
35,0,160,3.1259796619415283,3.125495672225952,-0.0004839897155761719
35,1,160,3.3111376762390137,3.307917356491089,-0.0032203197479248047
35,2,160,3.180311441421509,3.1817097663879395,0.001398324966430664
35,3,160,2.6619343757629395,2.6623337268829346,0.0003993511199951172
35,4,160,2.5520505905151367,2.5526320934295654,0.0005815029144287109
35,5,160,3.0823538303375244,3.0816750526428223,-0.0006787776947021484
35,6,160,2.9665775299072266,2.966728448867798,0.00015091896057128906
35,7,160,2.969621419906616,2.9700729846954346,0.0004515647888183594
35,8,160,2.7455496788024902,2.7456583976745605,0.0001087188720703125
35,9,160,3.012997627258301,3.012685537338257,-0.0003120899200439453
35,10,160,3.1667139530181885,3.1681389808654785,0.001425027847290039
35,11,160,2.8124051094055176,2.812666416168213,0.0002613067626953125
35,12,160,2.941852569580078,2.940458297729492,-0.0013942718505859375
35,13,160,3.601318597793579,3.6015944480895996,0.0002758502960205078
35,14,160,3.462207317352295,3.462822198867798,0.0006148815155029297
35,15,160,3.3294408321380615,3.3295772075653076,0.00013637542724609375
35,16,160,3.710137128829956,3.7114527225494385,0.0013155937194824219
35,17,160,3.294914484024048,3.2951526641845703,0.00023818016052246094
35,18,160,2.6119680404663086,2.6127920150756836,0.000823974609375
35,19,160,2.2980871200561523,2.3019297122955322,0.003842592239379883
36,0,160,3.1259796619415283,3.1261894702911377,0.000209808349609375
36,1,160,3.3111376762390137,3.3116140365600586,0.0004763603210449219
36,2,160,3.180311441421509,3.1803555488586426,4.410743713378906e-05
36,3,160,2.6619343757629395,2.6618518829345703,-8.249282836914062e-05
36,4,160,2.5520505905151367,2.5520050525665283,-4.553794860839844e-05
36,5,160,3.0823538303375244,3.0824806690216064,0.00012683868408203125
36,6,160,2.9665775299072266,2.9666314125061035,5.3882598876953125e-05
36,7,160,2.969621419906616,2.971006393432617,0.0013849735260009766
36,8,160,2.7455496788024902,2.7436461448669434,-0.001903533935546875
36,9,160,3.012997627258301,3.0133216381073,0.00032401084899902344
36,10,160,3.1667139530181885,3.1668715476989746,0.0001575946807861328
36,11,160,2.8124051094055176,2.8135480880737305,0.0011429786682128906
36,12,160,2.941852569580078,2.942124128341675,0.0002715587615966797
36,13,160,3.601318597793579,3.6026220321655273,0.0013034343719482422
36,14,160,3.462207317352295,3.4626781940460205,0.00047087669372558594
36,15,160,3.3294408321380615,3.330371379852295,0.0009305477142333984
36,16,160,3.710137128829956,3.7108023166656494,0.0006651878356933594
36,17,160,3.294914484024048,3.292877435684204,-0.00203704833984375
36,18,160,2.6119680404663086,2.611361503601074,-0.000606536865234375
36,19,160,2.2980871200561523,2.2962698936462402,-0.0018172264099121094
37,0,160,3.1259796619415283,3.126081943511963,0.00010228157043457031
37,1,160,3.3111376762390137,3.3105685710906982,-0.0005691051483154297
37,2,160,3.180311441421509,3.1809325218200684,0.0006210803985595703
37,3,160,2.6619343757629395,2.663675546646118,0.001741170883178711
37,4,160,2.5520505905151367,2.5521771907806396,0.0001266002655029297
37,5,160,3.0823538303375244,3.081657886505127,-0.0006959438323974609
37,6,160,2.9665775299072266,2.9665417671203613,-3.5762786865234375e-05
37,7,160,2.969621419906616,2.9701170921325684,0.0004956722259521484
37,8,160,2.7455496788024902,2.7438008785247803,-0.001748800277709961
37,9,160,3.012997627258301,3.0115244388580322,-0.0014731884002685547
37,10,160,3.1667139530181885,3.166959047317505,0.00024509429931640625
37,11,160,2.8124051094055176,2.813222885131836,0.0008177757263183594
37,12,160,2.941852569580078,2.941696882247925,-0.0001556873321533203
37,13,160,3.601318597793579,3.599928140640259,-0.0013904571533203125
37,14,160,3.462207317352295,3.463602066040039,0.0013947486877441406
37,15,160,3.3294408321380615,3.330314874649048,0.0008740425109863281
37,16,160,3.710137128829956,3.7111101150512695,0.0009729862213134766
37,17,160,3.294914484024048,3.294820547103882,-9.393692016601562e-05
37,18,160,2.6119680404663086,2.610905885696411,-0.001062154769897461
37,19,160,2.2980871200561523,2.2982795238494873,0.00019240379333496094
38,0,160,3.1259796619415283,3.1260921955108643,0.0001125335693359375
38,1,160,3.3111376762390137,3.3113491535186768,0.00021147727966308594
38,2,160,3.180311441421509,3.185091972351074,0.00478053092956543
38,3,160,2.6619343757629395,2.6637892723083496,0.0018548965454101562
38,4,160,2.5520505905151367,2.5545644760131836,0.002513885498046875
38,5,160,3.0823538303375244,3.0870814323425293,0.004727602005004883
38,6,160,2.9665775299072266,2.97031831741333,0.0037407875061035156
38,7,160,2.969621419906616,2.972914695739746,0.003293275833129883
38,8,160,2.7455496788024902,2.7482781410217285,0.0027284622192382812
38,9,160,3.012997627258301,3.0165882110595703,0.0035905838012695312
38,10,160,3.1667139530181885,3.1700141429901123,0.003300189971923828
38,11,160,2.8124051094055176,2.8134732246398926,0.001068115234375
38,12,160,2.941852569580078,2.956946849822998,0.015094280242919922
38,13,160,3.601318597793579,3.601093292236328,-0.00022530555725097656
38,14,160,3.462207317352295,3.461627960205078,-0.0005793571472167969
38,15,160,3.3294408321380615,3.330183506011963,0.0007426738739013672
38,16,160,3.710137128829956,3.7104530334472656,0.0003159046173095703
38,17,160,3.294914484024048,3.2938246726989746,-0.0010898113250732422
38,18,160,2.6119680404663086,2.6121954917907715,0.00022745132446289062
38,19,160,2.2980871200561523,2.2966251373291016,-0.0014619827270507812
39,0,160,3.1259796619415283,3.1265268325805664,0.0005471706390380859
39,1,160,3.3111376762390137,3.312354564666748,0.001216888427734375
39,2,160,3.180311441421509,3.182049036026001,0.0017375946044921875
39,3,160,2.6619343757629395,2.6627490520477295,0.0008146762847900391
39,4,160,2.5520505905151367,2.551027774810791,-0.0010228157043457031
39,5,160,3.0823538303375244,3.082705497741699,0.0003516674041748047
39,6,160,2.9665775299072266,2.9678993225097656,0.0013217926025390625
39,7,160,2.969621419906616,2.9698643684387207,0.0002429485321044922
39,8,160,2.7455496788024902,2.7458269596099854,0.0002772808074951172
39,9,160,3.012997627258301,3.012859582901001,-0.0001380443572998047
39,10,160,3.1667139530181885,3.169192314147949,0.002478361129760742
39,11,160,2.8124051094055176,2.813880681991577,0.0014755725860595703
39,12,160,2.941852569580078,2.940732955932617,-0.0011196136474609375
39,13,160,3.601318597793579,3.602003812789917,0.0006852149963378906
39,14,160,3.462207317352295,3.4610939025878906,-0.0011134147644042969
39,15,160,3.3294408321380615,3.3294413089752197,4.76837158203125e-07
39,16,160,3.710137128829956,3.7103445529937744,0.00020742416381835938
39,17,160,3.294914484024048,3.2943942546844482,-0.0005202293395996094
39,18,160,2.6119680404663086,2.6130809783935547,0.0011129379272460938
39,19,160,2.2980871200561523,2.296816349029541,-0.0012707710266113281
40,0,160,3.1259796619415283,3.126368761062622,0.00038909912109375
40,1,160,3.3111376762390137,3.3119001388549805,0.0007624626159667969
40,2,160,3.180311441421509,3.181471109390259,0.00115966796875
40,3,160,2.6619343757629395,2.66170072555542,-0.00023365020751953125
40,4,160,2.5520505905151367,2.5508408546447754,-0.0012097358703613281
40,5,160,3.0823538303375244,3.081280469894409,-0.0010733604431152344
40,6,160,2.9665775299072266,2.9684340953826904,0.0018565654754638672
40,7,160,2.969621419906616,2.970095634460449,0.0004742145538330078
40,8,160,2.7455496788024902,2.745356559753418,-0.00019311904907226562
40,9,160,3.012997627258301,3.013927936553955,0.0009303092956542969
40,10,160,3.1667139530181885,3.1659841537475586,-0.0007297992706298828
40,11,160,2.8124051094055176,2.8149654865264893,0.0025603771209716797
40,12,160,2.941852569580078,2.9472570419311523,0.005404472351074219
40,13,160,3.601318597793579,3.5994181632995605,-0.0019004344940185547
40,14,160,3.462207317352295,3.4634013175964355,0.001194000244140625
40,15,160,3.3294408321380615,3.329845905303955,0.0004050731658935547
40,16,160,3.710137128829956,3.710024118423462,-0.00011301040649414062
40,17,160,3.294914484024048,3.294895887374878,-1.8596649169921875e-05
40,18,160,2.6119680404663086,2.611628770828247,-0.00033926963806152344
40,19,160,2.2980871200561523,2.2952136993408203,-0.0028734207153320312
41,0,160,3.1259796619415283,3.126373529434204,0.00039386749267578125
41,1,160,3.3111376762390137,3.311631441116333,0.0004937648773193359
41,2,160,3.180311441421509,3.1795825958251953,-0.0007288455963134766
41,3,160,2.6619343757629395,2.662108898162842,0.00017452239990234375
41,4,160,2.5520505905151367,2.5525732040405273,0.000522613525390625
41,5,160,3.0823538303375244,3.0824735164642334,0.00011968612670898438
41,6,160,2.9665775299072266,2.9677488803863525,0.0011713504791259766
41,7,160,2.969621419906616,2.972487211227417,0.0028657913208007812
41,8,160,2.7455496788024902,2.74537992477417,-0.0001697540283203125
41,9,160,3.012997627258301,3.0131924152374268,0.00019478797912597656
41,10,160,3.1667139530181885,3.1659345626831055,-0.0007793903350830078
41,11,160,2.8124051094055176,2.8127822875976562,0.0003771781921386719
41,12,160,2.941852569580078,2.9413321018218994,-0.0005204677581787109
41,13,160,3.601318597793579,3.6025543212890625,0.0012357234954833984
41,14,160,3.462207317352295,3.461575746536255,-0.0006315708160400391
41,15,160,3.3294408321380615,3.327177047729492,-0.002263784408569336
41,16,160,3.710137128829956,3.7095136642456055,-0.0006234645843505859
41,17,160,3.294914484024048,3.2936365604400635,-0.001277923583984375
41,18,160,2.6119680404663086,2.6114625930786133,-0.0005054473876953125
41,19,160,2.2980871200561523,2.2973365783691406,-0.0007505416870117188
42,0,160,3.1259796619415283,3.1263670921325684,0.00038743019104003906
42,1,160,3.3111376762390137,3.31109881401062,-3.886222839355469e-05
42,2,160,3.180311441421509,3.1831648349761963,0.0028533935546875
42,3,160,2.6619343757629395,2.662698745727539,0.0007643699645996094
42,4,160,2.5520505905151367,2.554324150085449,0.0022735595703125
42,5,160,3.0823538303375244,3.0857861042022705,0.0034322738647460938
42,6,160,2.9665775299072266,2.970052480697632,0.0034749507904052734
42,7,160,2.969621419906616,2.974335193634033,0.004713773727416992
42,8,160,2.7455496788024902,2.747798204421997,0.002248525619506836
42,9,160,3.012997627258301,3.0168297290802,0.003832101821899414
42,10,160,3.1667139530181885,3.17081618309021,0.004102230072021484
42,11,160,2.8124051094055176,2.8114919662475586,-0.0009131431579589844
42,12,160,2.941852569580078,2.9418818950653076,2.9325485229492188e-05
42,13,160,3.601318597793579,3.6027185916900635,0.001399993896484375
42,14,160,3.462207317352295,3.4620561599731445,-0.00015115737915039062
42,15,160,3.3294408321380615,3.3300390243530273,0.0005981922149658203
42,16,160,3.710137128829956,3.7089366912841797,-0.0012004375457763672
42,17,160,3.294914484024048,3.294360637664795,-0.0005538463592529297
42,18,160,2.6119680404663086,2.612703800201416,0.0007357597351074219
42,19,160,2.2980871200561523,2.29671049118042,-0.0013766288757324219
43,0,160,3.1259796619415283,3.126173496246338,0.0001938343048095703
43,1,160,3.3111376762390137,3.311466693878174,0.00032901763916015625
43,2,160,3.180311441421509,3.1791207790374756,-0.0011906623840332031
43,3,160,2.6619343757629395,2.661827325820923,-0.00010704994201660156
43,4,160,2.5520505905151367,2.5516228675842285,-0.0004277229309082031
43,5,160,3.0823538303375244,3.08288311958313,0.0005292892456054688
43,6,160,2.9665775299072266,2.968409776687622,0.0018322467803955078
43,7,160,2.969621419906616,2.970750331878662,0.0011289119720458984
43,8,160,2.7455496788024902,2.7440738677978516,-0.0014758110046386719
43,9,160,3.012997627258301,3.0112388134002686,-0.0017588138580322266
43,10,160,3.1667139530181885,3.1661367416381836,-0.0005772113800048828
43,11,160,2.8124051094055176,2.813638925552368,0.001233816146850586
43,12,160,2.941852569580078,2.941107749938965,-0.0007448196411132812
43,13,160,3.601318597793579,3.6007065773010254,-0.0006120204925537109
43,14,160,3.462207317352295,3.462100028991699,-0.00010728836059570312
43,15,160,3.3294408321380615,3.3291609287261963,-0.0002799034118652344
43,16,160,3.710137128829956,3.710669994354248,0.0005328655242919922
43,17,160,3.294914484024048,3.29628849029541,0.0013740062713623047
43,18,160,2.6119680404663086,2.6123902797698975,0.0004222393035888672
43,19,160,2.2980871200561523,2.297118902206421,-0.0009682178497314453
44,0,160,3.1259796619415283,3.1255784034729004,-0.0004012584686279297
44,1,160,3.3111376762390137,3.311803102493286,0.0006654262542724609
44,2,160,3.180311441421509,3.180358648300171,4.7206878662109375e-05
44,3,160,2.6619343757629395,2.6630454063415527,0.0011110305786132812
44,4,160,2.5520505905151367,2.552776336669922,0.0007257461547851562
44,5,160,3.0823538303375244,3.0838191509246826,0.0014653205871582031
44,6,160,2.9665775299072266,2.9680938720703125,0.0015163421630859375
44,7,160,2.969621419906616,2.9738149642944336,0.004193544387817383
44,8,160,2.7455496788024902,2.7464921474456787,0.0009424686431884766
44,9,160,3.012997627258301,3.0152156352996826,0.002218008041381836
44,10,160,3.1667139530181885,3.167036533355713,0.00032258033752441406
44,11,160,2.8124051094055176,2.812655210494995,0.00025010108947753906
44,12,160,2.941852569580078,2.9424266815185547,0.0005741119384765625
44,13,160,3.601318597793579,3.6003520488739014,-0.0009665489196777344
44,14,160,3.462207317352295,3.4608254432678223,-0.0013818740844726562
44,15,160,3.3294408321380615,3.330167770385742,0.0007269382476806641
44,16,160,3.710137128829956,3.711406707763672,0.0012695789337158203
44,17,160,3.294914484024048,3.2950186729431152,0.00010418891906738281
44,18,160,2.6119680404663086,2.611081123352051,-0.0008869171142578125
44,19,160,2.2980871200561523,2.2983593940734863,0.0002722740173339844
45,0,160,3.1259796619415283,3.1260976791381836,0.00011801719665527344
45,1,160,3.3111376762390137,3.3095638751983643,-0.001573801040649414
45,2,160,3.180311441421509,3.1797618865966797,-0.0005495548248291016
45,3,160,2.6619343757629395,2.6628530025482178,0.0009186267852783203
45,4,160,2.5520505905151367,2.5520293712615967,-2.1219253540039062e-05
45,5,160,3.0823538303375244,3.082805633544922,0.00045180320739746094
45,6,160,2.9665775299072266,2.9676549434661865,0.001077413558959961
45,7,160,2.969621419906616,2.970945119857788,0.001323699951171875
45,8,160,2.7455496788024902,2.7442197799682617,-0.0013298988342285156
45,9,160,3.012997627258301,3.0143845081329346,0.001386880874633789
45,10,160,3.1667139530181885,3.1669819355010986,0.00026798248291015625
45,11,160,2.8124051094055176,2.811392307281494,-0.0010128021240234375
45,12,160,2.941852569580078,2.9413886070251465,-0.0004639625549316406
45,13,160,3.601318597793579,3.5988941192626953,-0.002424478530883789
45,14,160,3.462207317352295,3.4624319076538086,0.00022459030151367188
45,15,160,3.3294408321380615,3.328831434249878,-0.0006093978881835938
45,16,160,3.710137128829956,3.7107303142547607,0.0005931854248046875
45,17,160,3.294914484024048,3.292930841445923,-0.001983642578125
45,18,160,2.6119680404663086,2.6113991737365723,-0.0005688667297363281
45,19,160,2.2980871200561523,2.2979161739349365,-0.0001709461212158203
46,0,160,3.1259796619415283,3.1262974739074707,0.0003178119659423828
46,1,160,3.3111376762390137,3.310504198074341,-0.0006334781646728516
46,2,160,3.180311441421509,3.1802690029144287,-4.2438507080078125e-05
46,3,160,2.6619343757629395,2.6640121936798096,0.002077817916870117
46,4,160,2.5520505905151367,2.553388833999634,0.0013382434844970703
46,5,160,3.0823538303375244,3.083559274673462,0.0012054443359375
46,6,160,2.9665775299072266,2.9688401222229004,0.002262592315673828
46,7,160,2.969621419906616,2.971472978591919,0.0018515586853027344
46,8,160,2.7455496788024902,2.7460973262786865,0.0005476474761962891
46,9,160,3.012997627258301,3.0137386322021484,0.0007410049438476562
46,10,160,3.1667139530181885,3.16584849357605,-0.0008654594421386719
46,11,160,2.8124051094055176,2.8121509552001953,-0.0002541542053222656
46,12,160,2.941852569580078,2.9422659873962402,0.0004134178161621094
46,13,160,3.601318597793579,3.6008753776550293,-0.0004432201385498047
46,14,160,3.462207317352295,3.462547540664673,0.0003402233123779297
46,15,160,3.3294408321380615,3.32893705368042,-0.0005037784576416016
46,16,160,3.710137128829956,3.7107887268066406,0.0006515979766845703
46,17,160,3.294914484024048,3.2936999797821045,-0.0012145042419433594
46,18,160,2.6119680404663086,2.613157272338867,0.0011892318725585938
46,19,160,2.2980871200561523,2.296703338623047,-0.0013837814331054688
47,0,160,3.1259796619415283,3.1251585483551025,-0.0008211135864257812
47,1,160,3.3111376762390137,3.311084032058716,-5.364418029785156e-05
47,2,160,3.180311441421509,3.181396245956421,0.0010848045349121094
47,3,160,2.6619343757629395,2.661158800125122,-0.0007755756378173828
47,4,160,2.5520505905151367,2.5523014068603516,0.00025081634521484375
47,5,160,3.0823538303375244,3.0835185050964355,0.0011646747589111328
47,6,160,2.9665775299072266,2.9678962230682373,0.0013186931610107422
47,7,160,2.969621419906616,2.969717025756836,9.560585021972656e-05
47,8,160,2.7455496788024902,2.7462432384490967,0.0006935596466064453
47,9,160,3.012997627258301,3.0135679244995117,0.0005702972412109375
47,10,160,3.1667139530181885,3.1676063537597656,0.0008924007415771484
47,11,160,2.8124051094055176,2.813988208770752,0.001583099365234375
47,12,160,2.941852569580078,2.9428811073303223,0.0010285377502441406
47,13,160,3.601318597793579,3.5998549461364746,-0.0014636516571044922
47,14,160,3.462207317352295,3.4616029262542725,-0.0006043910980224609
47,15,160,3.3294408321380615,3.330839157104492,0.001398324966430664
47,16,160,3.710137128829956,3.7094452381134033,-0.0006918907165527344
47,17,160,3.294914484024048,3.2940878868103027,-0.0008265972137451172
47,18,160,2.6119680404663086,2.610790491104126,-0.0011775493621826172
47,19,160,2.2980871200561523,2.2974963188171387,-0.0005908012390136719
48,0,160,3.1259796619415283,3.1255416870117188,-0.0004379749298095703
48,1,160,3.3111376762390137,3.312006950378418,0.0008692741394042969
48,2,160,3.180311441421509,3.1795594692230225,-0.0007519721984863281
48,3,160,2.6619343757629395,2.663416862487793,0.0014824867248535156
48,4,160,2.5520505905151367,2.5513968467712402,-0.0006537437438964844
48,5,160,3.0823538303375244,3.081521511077881,-0.0008323192596435547
48,6,160,2.9665775299072266,2.9663310050964355,-0.0002465248107910156
48,7,160,2.969621419906616,2.9697062969207764,8.487701416015625e-05
48,8,160,2.7455496788024902,2.7449591159820557,-0.0005905628204345703
48,9,160,3.012997627258301,3.0135583877563477,0.000560760498046875
48,10,160,3.1667139530181885,3.165797472000122,-0.0009164810180664062
48,11,160,2.8124051094055176,2.812537431716919,0.0001323223114013672
48,12,160,2.941852569580078,2.940598726272583,-0.0012538433074951172
48,13,160,3.601318597793579,3.601743221282959,0.0004246234893798828
48,14,160,3.462207317352295,3.461162567138672,-0.0010447502136230469
48,15,160,3.3294408321380615,3.3294219970703125,-1.8835067749023438e-05
48,16,160,3.710137128829956,3.7101924419403076,5.53131103515625e-05
48,17,160,3.294914484024048,3.2967278957366943,0.0018134117126464844
48,18,160,2.6119680404663086,2.613109588623047,0.0011415481567382812
48,19,160,2.2980871200561523,2.2967233657836914,-0.0013637542724609375
49,0,160,3.1259796619415283,3.1256210803985596,-0.00035858154296875
49,1,160,3.3111376762390137,3.311072587966919,-6.508827209472656e-05
49,2,160,3.180311441421509,3.1792359352111816,-0.0010755062103271484
49,3,160,2.6619343757629395,2.6619043350219727,-3.0040740966796875e-05
49,4,160,2.5520505905151367,2.5524775981903076,0.00042700767517089844
49,5,160,3.0823538303375244,3.0812759399414062,-0.001077890396118164
49,6,160,2.9665775299072266,2.9646217823028564,-0.001955747604370117
49,7,160,2.969621419906616,2.9664573669433594,-0.003164052963256836
49,8,160,2.7455496788024902,2.7466061115264893,0.0010564327239990234
49,9,160,3.012997627258301,3.0097057819366455,-0.0032918453216552734
49,10,160,3.1667139530181885,3.1670961380004883,0.0003821849822998047
49,11,160,2.8124051094055176,2.812610626220703,0.00020551681518554688
49,12,160,2.941852569580078,2.9418444633483887,-8.106231689453125e-06
49,13,160,3.601318597793579,3.5992259979248047,-0.002092599868774414
49,14,160,3.462207317352295,3.4632058143615723,0.0009984970092773438
49,15,160,3.3294408321380615,3.3294098377227783,-3.0994415283203125e-05
49,16,160,3.710137128829956,3.709303379058838,-0.0008337497711181641
49,17,160,3.294914484024048,3.294260025024414,-0.0006544589996337891
49,18,160,2.6119680404663086,2.612409830093384,0.0004417896270751953
49,19,160,2.2980871200561523,2.299651861190796,0.0015647411346435547
50,0,160,3.1259796619415283,3.1257781982421875,-0.0002014636993408203
50,1,160,3.3111376762390137,3.3109753131866455,-0.00016236305236816406
50,2,160,3.180311441421509,3.1795735359191895,-0.0007379055023193359
50,3,160,2.6619343757629395,2.6613311767578125,-0.0006031990051269531
50,4,160,2.5520505905151367,2.5509188175201416,-0.0011317729949951172
50,5,160,3.0823538303375244,3.0831475257873535,0.0007936954498291016
50,6,160,2.9665775299072266,2.9645981788635254,-0.001979351043701172
50,7,160,2.969621419906616,2.970379590988159,0.0007581710815429688
50,8,160,2.7455496788024902,2.745624542236328,7.486343383789062e-05
50,9,160,3.012997627258301,3.0135881900787354,0.0005905628204345703
50,10,160,3.1667139530181885,3.1674392223358154,0.0007252693176269531
50,11,160,2.8124051094055176,2.812030792236328,-0.0003743171691894531
50,12,160,2.941852569580078,2.9417643547058105,-8.821487426757812e-05
50,13,160,3.601318597793579,3.6027233600616455,0.0014047622680664062
50,14,160,3.462207317352295,3.462921619415283,0.0007143020629882812
50,15,160,3.3294408321380615,3.3288588523864746,-0.0005819797515869141
50,16,160,3.710137128829956,3.7101166248321533,-2.0503997802734375e-05
50,17,160,3.294914484024048,3.2928106784820557,-0.0021038055419921875
50,18,160,2.6119680404663086,2.6132006645202637,0.0012326240539550781
50,19,160,2.2980871200561523,2.2957355976104736,-0.002351522445678711
51,0,160,3.1259796619415283,3.1252148151397705,-0.0007648468017578125
51,1,160,3.3111376762390137,3.31205677986145,0.0009191036224365234
51,2,160,3.180311441421509,3.1796553134918213,-0.0006561279296875
51,3,160,2.6619343757629395,2.6620566844940186,0.00012230873107910156
51,4,160,2.5520505905151367,2.553480386734009,0.0014297962188720703
51,5,160,3.0823538303375244,3.083298444747925,0.0009446144104003906
51,6,160,2.9665775299072266,2.967137336730957,0.0005598068237304688
51,7,160,2.969621419906616,2.9715354442596436,0.0019140243530273438
51,8,160,2.7455496788024902,2.7452280521392822,-0.0003216266632080078
51,9,160,3.012997627258301,3.012657642364502,-0.0003399848937988281
51,10,160,3.1667139530181885,3.166839361190796,0.00012540817260742188
51,11,160,2.8124051094055176,2.8124725818634033,6.747245788574219e-05
51,12,160,2.941852569580078,2.942913055419922,0.00106048583984375
51,13,160,3.601318597793579,3.600003957748413,-0.0013146400451660156
51,14,160,3.462207317352295,3.463812828063965,0.0016055107116699219
51,15,160,3.3294408321380615,3.329543352127075,0.00010251998901367188
51,16,160,3.710137128829956,3.710008144378662,-0.0001289844512939453
51,17,160,3.294914484024048,3.294315814971924,-0.0005986690521240234
51,18,160,2.6119680404663086,2.6123106479644775,0.0003426074981689453
51,19,160,2.2980871200561523,2.29531192779541,-0.0027751922607421875
52,0,160,3.1259796619415283,3.126237392425537,0.00025773048400878906
52,1,160,3.3111376762390137,3.3119149208068848,0.0007772445678710938
52,2,160,3.180311441421509,3.1798439025878906,-0.00046753883361816406
52,3,160,2.6619343757629395,2.6628780364990234,0.0009436607360839844
52,4,160,2.5520505905151367,2.551861047744751,-0.0001895427703857422
52,5,160,3.0823538303375244,3.081773519515991,-0.0005803108215332031
52,6,160,2.9665775299072266,2.9681432247161865,0.001565694808959961
52,7,160,2.969621419906616,2.9703359603881836,0.0007145404815673828
52,8,160,2.7455496788024902,2.744840621948242,-0.0007090568542480469
52,9,160,3.012997627258301,3.013935089111328,0.0009374618530273438
52,10,160,3.1667139530181885,3.1697463989257812,0.0030324459075927734
52,11,160,2.8124051094055176,2.812328815460205,-7.62939453125e-05
52,12,160,2.941852569580078,2.941870927810669,1.8358230590820312e-05
52,13,160,3.601318597793579,3.600684404373169,-0.0006341934204101562
52,14,160,3.462207317352295,3.461834192276001,-0.0003731250762939453
52,15,160,3.3294408321380615,3.3293633460998535,-7.748603820800781e-05
52,16,160,3.710137128829956,3.711435317993164,0.0012981891632080078
52,17,160,3.294914484024048,3.2935776710510254,-0.001336812973022461
52,18,160,2.6119680404663086,2.613675355911255,0.001707315444946289
52,19,160,2.2980871200561523,2.2967920303344727,-0.0012950897216796875
53,0,160,3.1259796619415283,3.125333786010742,-0.0006458759307861328
53,1,160,3.3111376762390137,3.311246395111084,0.0001087188720703125
53,2,160,3.180311441421509,3.1807684898376465,0.0004570484161376953
53,3,160,2.6619343757629395,2.6623306274414062,0.0003962516784667969
53,4,160,2.5520505905151367,2.5514049530029297,-0.0006456375122070312
53,5,160,3.0823538303375244,3.0807158946990967,-0.0016379356384277344
53,6,160,2.9665775299072266,2.967658519744873,0.0010809898376464844
53,7,160,2.969621419906616,2.970137596130371,0.0005161762237548828
53,8,160,2.7455496788024902,2.7448835372924805,-0.0006661415100097656
53,9,160,3.012997627258301,3.012505531311035,-0.000492095947265625
53,10,160,3.1667139530181885,3.165389060974121,-0.0013248920440673828
53,11,160,2.8124051094055176,2.8130860328674316,0.0006809234619140625
53,12,160,2.941852569580078,2.9419350624084473,8.249282836914062e-05
53,13,160,3.601318597793579,3.60066294670105,-0.0006556510925292969
53,14,160,3.462207317352295,3.461371660232544,-0.0008356571197509766
53,15,160,3.3294408321380615,3.33010196685791,0.0006611347198486328
53,16,160,3.710137128829956,3.710076093673706,-6.103515625e-05
53,17,160,3.294914484024048,3.294717788696289,-0.00019669532775878906
53,18,160,2.6119680404663086,2.613879680633545,0.0019116401672363281
53,19,160,2.2980871200561523,2.2988500595092773,0.000762939453125
54,0,160,3.1259796619415283,3.1270999908447266,0.0011203289031982422
54,1,160,3.3111376762390137,3.310734748840332,-0.0004029273986816406
54,2,160,3.180311441421509,3.182239532470703,0.001928091049194336
54,3,160,2.6619343757629395,2.662559986114502,0.0006256103515625
54,4,160,2.5520505905151367,2.5523009300231934,0.0002503395080566406
54,5,160,3.0823538303375244,3.083038806915283,0.0006849765777587891
54,6,160,2.9665775299072266,2.9675557613372803,0.000978231430053711
54,7,160,2.969621419906616,2.969007968902588,-0.0006134510040283203
54,8,160,2.7455496788024902,2.746380090713501,0.0008304119110107422
54,9,160,3.012997627258301,3.015824794769287,0.002827167510986328
54,10,160,3.1667139530181885,3.1671688556671143,0.00045490264892578125
54,11,160,2.8124051094055176,2.8139519691467285,0.0015468597412109375
54,12,160,2.941852569580078,2.941908597946167,5.602836608886719e-05
54,13,160,3.601318597793579,3.6005403995513916,-0.0007781982421875
54,14,160,3.462207317352295,3.462602138519287,0.0003948211669921875
54,15,160,3.3294408321380615,3.329538345336914,9.751319885253906e-05
54,16,160,3.710137128829956,3.709623098373413,-0.0005140304565429688
54,17,160,3.294914484024048,3.292964220046997,-0.0019502639770507812
54,18,160,2.6119680404663086,2.6130597591400146,0.0010917186737060547
54,19,160,2.2980871200561523,2.294048309326172,-0.004038810729980469
55,0,160,3.1259796619415283,3.1255505084991455,-0.0004291534423828125
55,1,160,3.3111376762390137,3.310955286026001,-0.0001823902130126953
55,2,160,3.180311441421509,3.17930006980896,-0.0010113716125488281
55,3,160,2.6619343757629395,2.6626718044281006,0.0007374286651611328
55,4,160,2.5520505905151367,2.551994800567627,-5.5789947509765625e-05
55,5,160,3.0823538303375244,3.082388401031494,3.457069396972656e-05
55,6,160,2.9665775299072266,2.9665331840515137,-4.4345855712890625e-05
55,7,160,2.969621419906616,2.9703829288482666,0.0007615089416503906
55,8,160,2.7455496788024902,2.7446374893188477,-0.0009121894836425781
55,9,160,3.012997627258301,3.013300895690918,0.0003032684326171875
55,10,160,3.1667139530181885,3.1653048992156982,-0.0014090538024902344
55,11,160,2.8124051094055176,2.8138349056243896,0.0014297962188720703
55,12,160,2.941852569580078,2.9405767917633057,-0.001275777816772461
55,13,160,3.601318597793579,3.6021320819854736,0.0008134841918945312
55,14,160,3.462207317352295,3.462796449661255,0.0005891323089599609
55,15,160,3.3294408321380615,3.3283028602600098,-0.0011379718780517578
55,16,160,3.710137128829956,3.71026349067688,0.00012636184692382812
55,17,160,3.294914484024048,3.295362949371338,0.00044846534729003906
55,18,160,2.6119680404663086,2.6134071350097656,0.0014390945434570312
55,19,160,2.2980871200561523,2.2988388538360596,0.0007517337799072266
56,0,160,3.1259796619415283,3.125391960144043,-0.0005877017974853516
56,1,160,3.3111376762390137,3.3130409717559814,0.0019032955169677734
56,2,160,3.180311441421509,3.1803932189941406,8.177757263183594e-05
56,3,160,2.6619343757629395,2.662339210510254,0.0004048347473144531
56,4,160,2.5520505905151367,2.5519802570343018,-7.033348083496094e-05
56,5,160,3.0823538303375244,3.0838146209716797,0.0014607906341552734
56,6,160,2.9665775299072266,2.966660499572754,8.296966552734375e-05
56,7,160,2.969621419906616,2.9707841873168945,0.0011627674102783203
56,8,160,2.7455496788024902,2.745631694793701,8.20159912109375e-05
56,9,160,3.012997627258301,3.0132811069488525,0.0002834796905517578
56,10,160,3.1667139530181885,3.1683685779571533,0.0016546249389648438
56,11,160,2.8124051094055176,2.81235671043396,-4.839897155761719e-05
56,12,160,2.941852569580078,2.9407594203948975,-0.001093149185180664
56,13,160,3.601318597793579,3.60070538520813,-0.0006132125854492188
56,14,160,3.462207317352295,3.461338758468628,-0.0008685588836669922
56,15,160,3.3294408321380615,3.329864978790283,0.0004241466522216797
56,16,160,3.710137128829956,3.7093966007232666,-0.0007405281066894531
56,17,160,3.294914484024048,3.294921636581421,7.152557373046875e-06
56,18,160,2.6119680404663086,2.6107594966888428,-0.0012085437774658203
56,19,160,2.2980871200561523,2.2955143451690674,-0.002572774887084961
57,0,160,3.1259796619415283,3.124494791030884,-0.0014848709106445312
57,1,160,3.3111376762390137,3.3114094734191895,0.00027179718017578125
57,2,160,3.180311441421509,3.1812095642089844,0.0008981227874755859
57,3,160,2.6619343757629395,2.6635398864746094,0.0016055107116699219
57,4,160,2.5520505905151367,2.551095724105835,-0.0009548664093017578
57,5,160,3.0823538303375244,3.0822224617004395,-0.00013136863708496094
57,6,160,2.9665775299072266,2.967485189437866,0.0009076595306396484
57,7,160,2.969621419906616,2.971968412399292,0.0023469924926757812
57,8,160,2.7455496788024902,2.746729850769043,0.0011801719665527344
57,9,160,3.012997627258301,3.011946678161621,-0.0010509490966796875
57,10,160,3.1667139530181885,3.1666083335876465,-0.00010561943054199219
57,11,160,2.8124051094055176,2.813384771347046,0.0009796619415283203
57,12,160,2.941852569580078,2.9413912296295166,-0.00046133995056152344
57,13,160,3.601318597793579,3.5992422103881836,-0.002076387405395508
57,14,160,3.462207317352295,3.4603142738342285,-0.0018930435180664062
57,15,160,3.3294408321380615,3.3287770748138428,-0.00066375732421875
57,16,160,3.710137128829956,3.710702419281006,0.0005652904510498047
57,17,160,3.294914484024048,3.295642852783203,0.0007283687591552734
57,18,160,2.6119680404663086,2.6109111309051514,-0.0010569095611572266
57,19,160,2.2980871200561523,2.2988340854644775,0.0007469654083251953
58,0,160,3.1259796619415283,3.1282548904418945,0.002275228500366211
58,1,160,3.3111376762390137,3.312781810760498,0.001644134521484375
58,2,160,3.180311441421509,3.18271803855896,0.002406597137451172
58,3,160,2.6619343757629395,2.662259340286255,0.0003249645233154297
58,4,160,2.5520505905151367,2.5525121688842773,0.000461578369140625
58,5,160,3.0823538303375244,3.084864854812622,0.0025110244750976562
58,6,160,2.9665775299072266,2.967135190963745,0.0005576610565185547
58,7,160,2.969621419906616,2.970205783843994,0.0005843639373779297
58,8,160,2.7455496788024902,2.74491548538208,-0.0006341934204101562
58,9,160,3.012997627258301,3.015510320663452,0.002512693405151367
58,10,160,3.1667139530181885,3.1673455238342285,0.0006315708160400391
58,11,160,2.8124051094055176,2.812411308288574,6.198883056640625e-06
58,12,160,2.941852569580078,2.9433231353759766,0.0014705657958984375
58,13,160,3.601318597793579,3.599571704864502,-0.0017468929290771484
58,14,160,3.462207317352295,3.4611728191375732,-0.0010344982147216797
58,15,160,3.3294408321380615,3.3303985595703125,0.0009577274322509766
58,16,160,3.710137128829956,3.7093801498413086,-0.0007569789886474609
58,17,160,3.294914484024048,3.2989399433135986,0.004025459289550781
58,18,160,2.6119680404663086,2.612555742263794,0.0005877017974853516
58,19,160,2.2980871200561523,2.2950055599212646,-0.0030815601348876953
59,0,160,3.1259796619415283,3.125594139099121,-0.00038552284240722656
59,1,160,3.3111376762390137,3.3109021186828613,-0.00023555755615234375
59,2,160,3.180311441421509,3.18109393119812,0.0007824897766113281
59,3,160,2.6619343757629395,2.664202928543091,0.002268552780151367
59,4,160,2.5520505905151367,2.5516650676727295,-0.00038552284240722656
59,5,160,3.0823538303375244,3.0828628540039062,0.0005090236663818359
59,6,160,2.9665775299072266,2.9676761627197266,0.0010986328125
59,7,160,2.969621419906616,2.969205617904663,-0.000415802001953125
59,8,160,2.7455496788024902,2.7450973987579346,-0.00045228004455566406
59,9,160,3.012997627258301,3.013411045074463,0.0004134178161621094
59,10,160,3.1667139530181885,3.1665456295013428,-0.00016832351684570312
59,11,160,2.8124051094055176,2.813443183898926,0.0010380744934082031
59,12,160,2.941852569580078,2.941889762878418,3.719329833984375e-05
59,13,160,3.601318597793579,3.6020030975341797,0.0006844997406005859
59,14,160,3.462207317352295,3.462038278579712,-0.0001690387725830078
59,15,160,3.3294408321380615,3.329458236694336,1.7404556274414062e-05
59,16,160,3.710137128829956,3.71098256111145,0.0008454322814941406
59,17,160,3.294914484024048,3.2964582443237305,0.0015437602996826172
59,18,160,2.6119680404663086,2.6137499809265137,0.0017819404602050781
59,19,160,2.2980871200561523,2.298940896987915,0.0008537769317626953
60,0,160,3.1259796619415283,3.1262571811676025,0.00027751922607421875
60,1,160,3.3111376762390137,3.3098957538604736,-0.001241922378540039
60,2,160,3.180311441421509,3.1802799701690674,-3.147125244140625e-05
60,3,160,2.6619343757629395,2.6628921031951904,0.0009577274322509766
60,4,160,2.5520505905151367,2.5515527725219727,-0.0004978179931640625
60,5,160,3.0823538303375244,3.0847229957580566,0.0023691654205322266
60,6,160,2.9665775299072266,2.9672179222106934,0.0006403923034667969
60,7,160,2.969621419906616,2.9722721576690674,0.002650737762451172
60,8,160,2.7455496788024902,2.745267152786255,-0.00028252601623535156
60,9,160,3.012997627258301,3.013951063156128,0.0009534358978271484
60,10,160,3.1667139530181885,3.16683030128479,0.0001163482666015625
60,11,160,2.8124051094055176,2.8123512268066406,-5.3882598876953125e-05
60,12,160,2.941852569580078,2.940274238586426,-0.0015783309936523438
60,13,160,3.601318597793579,3.600267171859741,-0.0010514259338378906
60,14,160,3.462207317352295,3.4617040157318115,-0.0005033016204833984
60,15,160,3.3294408321380615,3.3290233612060547,-0.00041747093200683594
60,16,160,3.710137128829956,3.7094221115112305,-0.0007150173187255859
60,17,160,3.294914484024048,3.2982914447784424,0.0033769607543945312
60,18,160,2.6119680404663086,2.6120805740356445,0.0001125335693359375
60,19,160,2.2980871200561523,2.297851324081421,-0.0002357959747314453
61,0,160,3.1259796619415283,3.124699115753174,-0.0012805461883544922
61,1,160,3.3111376762390137,3.3119101524353027,0.0007724761962890625
61,2,160,3.180311441421509,3.179725170135498,-0.0005862712860107422
61,3,160,2.6619343757629395,2.6621458530426025,0.00021147727966308594
61,4,160,2.5520505905151367,2.551128387451172,-0.0009222030639648438
61,5,160,3.0823538303375244,3.0839414596557617,0.0015876293182373047
61,6,160,2.9665775299072266,2.9658169746398926,-0.0007605552673339844
61,7,160,2.969621419906616,2.9691784381866455,-0.0004429817199707031
61,8,160,2.7455496788024902,2.7451412677764893,-0.00040841102600097656
61,9,160,3.012997627258301,3.0133779048919678,0.0003802776336669922
61,10,160,3.1667139530181885,3.1657533645629883,-0.0009605884552001953
61,11,160,2.8124051094055176,2.8143105506896973,0.0019054412841796875
61,12,160,2.941852569580078,2.941380500793457,-0.00047206878662109375
61,13,160,3.601318597793579,3.6006381511688232,-0.0006804466247558594
61,14,160,3.462207317352295,3.462404489517212,0.0001971721649169922
61,15,160,3.3294408321380615,3.3291921615600586,-0.0002486705780029297
61,16,160,3.710137128829956,3.710042953491211,-9.417533874511719e-05
61,17,160,3.294914484024048,3.297391414642334,0.002476930618286133
61,18,160,2.6119680404663086,2.612020254135132,5.221366882324219e-05
61,19,160,2.2980871200561523,2.2957050800323486,-0.002382040023803711
62,0,160,3.1259796619415283,3.125251054763794,-0.000728607177734375
62,1,160,3.3111376762390137,3.311631679534912,0.0004940032958984375
62,2,160,3.180311441421509,3.1795425415039062,-0.0007688999176025391
62,3,160,2.6619343757629395,2.663210391998291,0.0012760162353515625
62,4,160,2.5520505905151367,2.5519800186157227,-7.05718994140625e-05
62,5,160,3.0823538303375244,3.082090139389038,-0.0002636909484863281
62,6,160,2.9665775299072266,2.9682204723358154,0.0016429424285888672
62,7,160,2.969621419906616,2.971615791320801,0.0019943714141845703
62,8,160,2.7455496788024902,2.7453203201293945,-0.00022935867309570312
62,9,160,3.012997627258301,3.0122487545013428,-0.0007488727569580078
62,10,160,3.1667139530181885,3.168910264968872,0.0021963119506835938
62,11,160,2.8124051094055176,2.8138554096221924,0.0014503002166748047
62,12,160,2.941852569580078,2.940488576889038,-0.001363992691040039
62,13,160,3.601318597793579,3.6004226207733154,-0.0008959770202636719
62,14,160,3.462207317352295,3.464015245437622,0.0018079280853271484
62,15,160,3.3294408321380615,3.3310258388519287,0.0015850067138671875
62,16,160,3.710137128829956,3.710294246673584,0.0001571178436279297
62,17,160,3.294914484024048,3.2942495346069336,-0.0006649494171142578
62,18,160,2.6119680404663086,2.6126859188079834,0.0007178783416748047
62,19,160,2.2980871200561523,2.300551414489746,0.00246429443359375
63,0,160,3.1259796619415283,3.1256484985351562,-0.0003311634063720703
63,1,160,3.3111376762390137,3.3110148906707764,-0.0001227855682373047
63,2,160,3.180311441421509,3.178799867630005,-0.0015115737915039062
63,3,160,2.6619343757629395,2.6621651649475098,0.0002307891845703125
63,4,160,2.5520505905151367,2.5521152019500732,6.461143493652344e-05
63,5,160,3.0823538303375244,3.082134246826172,-0.00021958351135253906
63,6,160,2.9665775299072266,2.9676718711853027,0.0010943412780761719
63,7,160,2.969621419906616,2.9692630767822266,-0.00035834312438964844
63,8,160,2.7455496788024902,2.746328830718994,0.0007791519165039062
63,9,160,3.012997627258301,3.0124077796936035,-0.0005898475646972656
63,10,160,3.1667139530181885,3.1678760051727295,0.0011620521545410156
63,11,160,2.8124051094055176,2.8134818077087402,0.0010766983032226562
63,12,160,2.941852569580078,2.9424407482147217,0.0005881786346435547
63,13,160,3.601318597793579,3.6032705307006836,0.0019519329071044922
63,14,160,3.462207317352295,3.463156223297119,0.0009489059448242188
63,15,160,3.3294408321380615,3.329801082611084,0.00036025047302246094
63,16,160,3.710137128829956,3.7109968662261963,0.0008597373962402344
63,17,160,3.294914484024048,3.294431686401367,-0.00048279762268066406
63,18,160,2.6119680404663086,2.611788272857666,-0.00017976760864257812
63,19,160,2.2980871200561523,2.299546718597412,0.0014595985412597656
64,0,160,3.1259796619415283,3.1250081062316895,-0.0009715557098388672
64,1,160,3.3111376762390137,3.311838150024414,0.0007004737854003906
64,2,160,3.180311441421509,3.179375410079956,-0.0009360313415527344
64,3,160,2.6619343757629395,2.6631715297698975,0.0012371540069580078
64,4,160,2.5520505905151367,2.553035259246826,0.0009846687316894531
64,5,160,3.0823538303375244,3.083644390106201,0.0012905597686767578
64,6,160,2.9665775299072266,2.96809983253479,0.0015223026275634766
64,7,160,2.969621419906616,2.970193386077881,0.0005719661712646484
64,8,160,2.7455496788024902,2.745454788208008,-9.489059448242188e-05
64,9,160,3.012997627258301,3.0143752098083496,0.0013775825500488281
64,10,160,3.1667139530181885,3.166917562484741,0.00020360946655273438
64,11,160,2.8124051094055176,2.8118667602539062,-0.0005383491516113281
64,12,160,2.941852569580078,2.9408812522888184,-0.0009713172912597656
64,13,160,3.601318597793579,3.6007773876190186,-0.0005412101745605469
64,14,160,3.462207317352295,3.464033842086792,0.0018265247344970703
64,15,160,3.3294408321380615,3.3289148807525635,-0.0005259513854980469
64,16,160,3.710137128829956,3.7103209495544434,0.0001838207244873047
64,17,160,3.294914484024048,3.298208236694336,0.003293752670288086
64,18,160,2.6119680404663086,2.6122612953186035,0.0002932548522949219
64,19,160,2.2980871200561523,2.297682046890259,-0.0004050731658935547
65,0,160,3.1259796619415283,3.125530958175659,-0.0004487037658691406
65,1,160,3.3111376762390137,3.3124165534973145,0.0012788772583007812
65,2,160,3.180311441421509,3.1796252727508545,-0.0006861686706542969
65,3,160,2.6619343757629395,2.661802053451538,-0.0001323223114013672
65,4,160,2.5520505905151367,2.5519702434539795,-8.034706115722656e-05
65,5,160,3.0823538303375244,3.082710027694702,0.0003561973571777344
65,6,160,2.9665775299072266,2.966554880142212,-2.2649765014648438e-05
65,7,160,2.969621419906616,2.9695422649383545,-7.915496826171875e-05
65,8,160,2.7455496788024902,2.7453739643096924,-0.00017571449279785156
65,9,160,3.012997627258301,3.0132062435150146,0.0002086162567138672
65,10,160,3.1667139530181885,3.1662650108337402,-0.0004489421844482422
65,11,160,2.8124051094055176,2.8121466636657715,-0.00025844573974609375
65,12,160,2.941852569580078,2.9408514499664307,-0.001001119613647461
65,13,160,3.601318597793579,3.6002278327941895,-0.0010907649993896484
65,14,160,3.462207317352295,3.4615485668182373,-0.0006587505340576172
65,15,160,3.3294408321380615,3.328890085220337,-0.0005507469177246094
65,16,160,3.710137128829956,3.7114646434783936,0.0013275146484375
65,17,160,3.294914484024048,3.296185255050659,0.0012707710266113281
65,18,160,2.6119680404663086,2.613889694213867,0.0019216537475585938
65,19,160,2.2980871200561523,2.296717643737793,-0.001369476318359375
66,0,160,3.1259796619415283,3.1252925395965576,-0.0006871223449707031
66,1,160,3.3111376762390137,3.3110532760620117,-8.440017700195312e-05
66,2,160,3.180311441421509,3.1799066066741943,-0.0004048347473144531
66,3,160,2.6619343757629395,2.6628050804138184,0.0008707046508789062
66,4,160,2.5520505905151367,2.551823854446411,-0.00022673606872558594
66,5,160,3.0823538303375244,3.0821967124938965,-0.0001571178436279297
66,6,160,2.9665775299072266,2.965924024581909,-0.0006535053253173828
66,7,160,2.969621419906616,2.9691219329833984,-0.0004994869232177734
66,8,160,2.7455496788024902,2.7448980808258057,-0.0006515979766845703
66,9,160,3.012997627258301,3.014991521835327,0.001993894577026367
66,10,160,3.1667139530181885,3.1669859886169434,0.0002720355987548828
66,11,160,2.8124051094055176,2.812633991241455,0.0002288818359375
66,12,160,2.941852569580078,2.943129301071167,0.0012767314910888672
66,13,160,3.601318597793579,3.6009061336517334,-0.0004124641418457031
66,14,160,3.462207317352295,3.462069034576416,-0.00013828277587890625
66,15,160,3.3294408321380615,3.330277681350708,0.0008368492126464844
66,16,160,3.710137128829956,3.7095208168029785,-0.0006163120269775391
66,17,160,3.294914484024048,3.2953624725341797,0.00044798851013183594
66,18,160,2.6119680404663086,2.6127312183380127,0.0007631778717041016
66,19,160,2.2980871200561523,2.2937262058258057,-0.00436091423034668
67,0,160,3.1259796619415283,3.1265950202941895,0.0006153583526611328
67,1,160,3.3111376762390137,3.3122854232788086,0.0011477470397949219
67,2,160,3.180311441421509,3.1810710430145264,0.0007596015930175781
67,3,160,2.6619343757629395,2.6614887714385986,-0.0004456043243408203
67,4,160,2.5520505905151367,2.5521609783172607,0.00011038780212402344
67,5,160,3.0823538303375244,3.0808448791503906,-0.001508951187133789
67,6,160,2.9665775299072266,2.965147018432617,-0.001430511474609375
67,7,160,2.969621419906616,2.969708204269409,8.678436279296875e-05
67,8,160,2.7455496788024902,2.744086742401123,-0.0014629364013671875
67,9,160,3.012997627258301,3.0132405757904053,0.0002429485321044922
67,10,160,3.1667139530181885,3.1653029918670654,-0.0014109611511230469
67,11,160,2.8124051094055176,2.8126728534698486,0.0002677440643310547
67,12,160,2.941852569580078,2.940208911895752,-0.0016436576843261719
67,13,160,3.601318597793579,3.597450017929077,-0.003868579864501953
67,14,160,3.462207317352295,3.461991786956787,-0.0002155303955078125
67,15,160,3.3294408321380615,3.329111099243164,-0.00032973289489746094
67,16,160,3.710137128829956,3.709689140319824,-0.00044798851013183594
67,17,160,3.294914484024048,3.2938926219940186,-0.0010218620300292969
67,18,160,2.6119680404663086,2.6114368438720703,-0.0005311965942382812
67,19,160,2.2980871200561523,2.296455144882202,-0.0016319751739501953
68,0,160,3.1259796619415283,3.1261403560638428,0.00016069412231445312
68,1,160,3.3111376762390137,3.3114001750946045,0.0002624988555908203
68,2,160,3.180311441421509,3.1820883750915527,0.0017769336700439453
68,3,160,2.6619343757629395,2.660987138748169,-0.0009472370147705078
68,4,160,2.5520505905151367,2.5525991916656494,0.0005486011505126953
68,5,160,3.0823538303375244,3.0817131996154785,-0.0006406307220458984
68,6,160,2.9665775299072266,2.9677162170410156,0.0011386871337890625
68,7,160,2.969621419906616,2.971144914627075,0.0015234947204589844
68,8,160,2.7455496788024902,2.7439444065093994,-0.0016052722930908203
68,9,160,3.012997627258301,3.013887643814087,0.0008900165557861328
68,10,160,3.1667139530181885,3.166675329208374,-3.8623809814453125e-05
68,11,160,2.8124051094055176,2.8137271404266357,0.001322031021118164
68,12,160,2.941852569580078,2.9405598640441895,-0.0012927055358886719
68,13,160,3.601318597793579,3.6003506183624268,-0.0009679794311523438
68,14,160,3.462207317352295,3.4609243869781494,-0.0012829303741455078
68,15,160,3.3294408321380615,3.328981876373291,-0.0004589557647705078
68,16,160,3.710137128829956,3.710636854171753,0.000499725341796875
68,17,160,3.294914484024048,3.293416976928711,-0.001497507095336914
68,18,160,2.6119680404663086,2.611344814300537,-0.0006232261657714844
68,19,160,2.2980871200561523,2.297807455062866,-0.0002796649932861328
69,0,160,3.1259796619415283,3.1255266666412354,-0.00045299530029296875
69,1,160,3.3111376762390137,3.311866044998169,0.0007283687591552734
69,2,160,3.180311441421509,3.1801223754882812,-0.00018906593322753906
69,3,160,2.6619343757629395,2.6626031398773193,0.0006687641143798828
69,4,160,2.5520505905151367,2.553189516067505,0.001138925552368164
69,5,160,3.0823538303375244,3.08176589012146,-0.0005879402160644531
69,6,160,2.9665775299072266,2.9672138690948486,0.0006363391876220703
69,7,160,2.969621419906616,2.969665288925171,4.38690185546875e-05
69,8,160,2.7455496788024902,2.7451581954956055,-0.0003914833068847656
69,9,160,3.012997627258301,3.0117886066436768,-0.0012090206146240234
69,10,160,3.1667139530181885,3.1680049896240234,0.001291036605834961
69,11,160,2.8124051094055176,2.8118789196014404,-0.0005261898040771484
69,12,160,2.941852569580078,2.9420831203460693,0.00023055076599121094
69,13,160,3.601318597793579,3.6009914875030518,-0.00032711029052734375
69,14,160,3.462207317352295,3.4625701904296875,0.0003628730773925781
69,15,160,3.3294408321380615,3.3287274837493896,-0.000713348388671875
69,16,160,3.710137128829956,3.710630178451538,0.0004930496215820312
69,17,160,3.294914484024048,3.2968599796295166,0.00194549560546875
69,18,160,2.6119680404663086,2.611823081970215,-0.00014495849609375
69,19,160,2.2980871200561523,2.3015146255493164,0.0034275054931640625
70,0,160,3.1259796619415283,3.1264076232910156,0.0004279613494873047
70,1,160,3.3111376762390137,3.312972068786621,0.0018343925476074219
70,2,160,3.180311441421509,3.180523157119751,0.0002117156982421875
70,3,160,2.6619343757629395,2.664027214050293,0.0020928382873535156
70,4,160,2.5520505905151367,2.552203893661499,0.0001533031463623047
70,5,160,3.0823538303375244,3.0831005573272705,0.0007467269897460938
70,6,160,2.9665775299072266,2.9671850204467773,0.0006074905395507812
70,7,160,2.969621419906616,2.9694550037384033,-0.00016641616821289062
70,8,160,2.7455496788024902,2.745493173599243,-5.650520324707031e-05
70,9,160,3.012997627258301,3.0139412879943848,0.0009436607360839844
70,10,160,3.1667139530181885,3.166961193084717,0.0002472400665283203
70,11,160,2.8124051094055176,2.814032554626465,0.0016274452209472656
70,12,160,2.941852569580078,2.9411540031433105,-0.0006985664367675781
70,13,160,3.601318597793579,3.59993052482605,-0.0013880729675292969
70,14,160,3.462207317352295,3.461369037628174,-0.0008382797241210938
70,15,160,3.3294408321380615,3.328608989715576,-0.0008318424224853516
70,16,160,3.710137128829956,3.7104883193969727,0.00035119056701660156
70,17,160,3.294914484024048,3.2938549518585205,-0.0010595321655273438
70,18,160,2.6119680404663086,2.612399101257324,0.000431060791015625
70,19,160,2.2980871200561523,2.297969341278076,-0.00011777877807617188
71,0,160,3.1259796619415283,3.126007080078125,2.7418136596679688e-05
71,1,160,3.3111376762390137,3.312244415283203,0.0011067390441894531
71,2,160,3.180311441421509,3.1798298358917236,-0.00048160552978515625
71,3,160,2.6619343757629395,2.662052631378174,0.000118255615234375
71,4,160,2.5520505905151367,2.552088737487793,3.814697265625e-05
71,5,160,3.0823538303375244,3.0813591480255127,-0.0009946823120117188
71,6,160,2.9665775299072266,2.9651174545288086,-0.0014600753784179688
71,7,160,2.969621419906616,2.9675276279449463,-0.002093791961669922
71,8,160,2.7455496788024902,2.745087146759033,-0.00046253204345703125
71,9,160,3.012997627258301,3.0118584632873535,-0.0011391639709472656
71,10,160,3.1667139530181885,3.165320634841919,-0.0013933181762695312
71,11,160,2.8124051094055176,2.8141322135925293,0.0017271041870117188
71,12,160,2.941852569580078,2.956855297088623,0.015002727508544922
71,13,160,3.601318597793579,3.6000914573669434,-0.0012271404266357422
71,14,160,3.462207317352295,3.4619081020355225,-0.00029921531677246094
71,15,160,3.3294408321380615,3.3290421962738037,-0.0003986358642578125
71,16,160,3.710137128829956,3.710608959197998,0.0004718303680419922
71,17,160,3.294914484024048,3.295997142791748,0.0010826587677001953
71,18,160,2.6119680404663086,2.6113107204437256,-0.0006573200225830078
71,19,160,2.2980871200561523,2.296417474746704,-0.0016696453094482422
72,0,160,3.1259796619415283,3.1279354095458984,0.001955747604370117
72,1,160,3.3111376762390137,3.312833070755005,0.001695394515991211
72,2,160,3.180311441421509,3.18357515335083,0.003263711929321289
72,3,160,2.6619343757629395,2.6633026599884033,0.0013682842254638672
72,4,160,2.5520505905151367,2.553154706954956,0.001104116439819336
72,5,160,3.0823538303375244,3.0826609134674072,0.0003070831298828125
72,6,160,2.9665775299072266,2.9692795276641846,0.002701997756958008
72,7,160,2.969621419906616,2.974857807159424,0.005236387252807617
72,8,160,2.7455496788024902,2.748537302017212,0.0029876232147216797
72,9,160,3.012997627258301,3.01285457611084,-0.0001430511474609375
72,10,160,3.1667139530181885,3.1678874492645264,0.0011734962463378906
72,11,160,2.8124051094055176,2.8151419162750244,0.002736806869506836
72,12,160,2.941852569580078,2.9417383670806885,-0.00011420249938964844
72,13,160,3.601318597793579,3.60122013092041,-9.846687316894531e-05
72,14,160,3.462207317352295,3.4628639221191406,0.0006566047668457031
72,15,160,3.3294408321380615,3.329287528991699,-0.0001533031463623047
72,16,160,3.710137128829956,3.709327220916748,-0.0008099079132080078
72,17,160,3.294914484024048,3.2937331199645996,-0.0011813640594482422
72,18,160,2.6119680404663086,2.6109375953674316,-0.0010304450988769531
72,19,160,2.2980871200561523,2.2985787391662598,0.0004916191101074219
73,0,160,3.1259796619415283,3.126289129257202,0.0003094673156738281
73,1,160,3.3111376762390137,3.310892343521118,-0.0002453327178955078
73,2,160,3.180311441421509,3.180109739303589,-0.00020170211791992188
73,3,160,2.6619343757629395,2.661083698272705,-0.000850677490234375
73,4,160,2.5520505905151367,2.552032709121704,-1.7881393432617188e-05
73,5,160,3.0823538303375244,3.0825889110565186,0.00023508071899414062
73,6,160,2.9665775299072266,2.9668898582458496,0.0003123283386230469
73,7,160,2.969621419906616,2.970080614089966,0.0004591941833496094
73,8,160,2.7455496788024902,2.7451817989349365,-0.00036787986755371094
73,9,160,3.012997627258301,3.0133392810821533,0.00034165382385253906
73,10,160,3.1667139530181885,3.1661229133605957,-0.0005910396575927734
73,11,160,2.8124051094055176,2.8123972415924072,-7.867813110351562e-06
73,12,160,2.941852569580078,2.9412219524383545,-0.0006306171417236328
73,13,160,3.601318597793579,3.600505828857422,-0.0008127689361572266
73,14,160,3.462207317352295,3.4611904621124268,-0.001016855239868164
73,15,160,3.3294408321380615,3.3288612365722656,-0.0005795955657958984
73,16,160,3.710137128829956,3.7107694149017334,0.0006322860717773438
73,17,160,3.294914484024048,3.292290449142456,-0.002624034881591797
73,18,160,2.6119680404663086,2.6125571727752686,0.0005891323089599609
73,19,160,2.2980871200561523,2.293138265609741,-0.004948854446411133
74,0,160,3.1259796619415283,3.127554416656494,0.0015747547149658203
74,1,160,3.3111376762390137,3.3128178119659424,0.001680135726928711
74,2,160,3.180311441421509,3.1802730560302734,-3.838539123535156e-05
74,3,160,2.6619343757629395,2.6637837886810303,0.0018494129180908203
74,4,160,2.5520505905151367,2.5521693229675293,0.00011873245239257812
74,5,160,3.0823538303375244,3.0819990634918213,-0.000354766845703125
74,6,160,2.9665775299072266,2.9650864601135254,-0.0014910697937011719
74,7,160,2.969621419906616,2.9706871509552,0.0010657310485839844
74,8,160,2.7455496788024902,2.744999647140503,-0.0005500316619873047
74,9,160,3.012997627258301,3.0126612186431885,-0.0003364086151123047
74,10,160,3.1667139530181885,3.16446590423584,-0.002248048782348633
74,11,160,2.8124051094055176,2.8142735958099365,0.0018684864044189453
74,12,160,2.941852569580078,2.956855297088623,0.015002727508544922
74,13,160,3.601318597793579,3.6012463569641113,-7.224082946777344e-05
74,14,160,3.462207317352295,3.462636947631836,0.0004296302795410156
74,15,160,3.3294408321380615,3.3292367458343506,-0.0002040863037109375
74,16,160,3.710137128829956,3.710564613342285,0.00042748451232910156
74,17,160,3.294914484024048,3.2932841777801514,-0.0016303062438964844
74,18,160,2.6119680404663086,2.611452102661133,-0.0005159378051757812
74,19,160,2.2980871200561523,2.2975714206695557,-0.0005156993865966797
75,0,160,3.1259796619415283,3.12502384185791,-0.0009558200836181641
75,1,160,3.3111376762390137,3.31087064743042,-0.00026702880859375
75,2,160,3.180311441421509,3.179485559463501,-0.0008258819580078125
75,3,160,2.6619343757629395,2.659665584564209,-0.0022687911987304688
75,4,160,2.5520505905151367,2.552351713180542,0.00030112266540527344
75,5,160,3.0823538303375244,3.079822301864624,-0.0025315284729003906
75,6,160,2.9665775299072266,2.9656996726989746,-0.0008778572082519531
75,7,160,2.969621419906616,2.970963716506958,0.0013422966003417969
75,8,160,2.7455496788024902,2.744414806365967,-0.0011348724365234375
75,9,160,3.012997627258301,3.0125629901885986,-0.00043463706970214844
75,10,160,3.1667139530181885,3.1655466556549072,-0.00116729736328125
75,11,160,2.8124051094055176,2.8128058910369873,0.00040078163146972656
75,12,160,2.941852569580078,2.9418537616729736,1.1920928955078125e-06
75,13,160,3.601318597793579,3.5996978282928467,-0.0016207695007324219
75,14,160,3.462207317352295,3.4622151851654053,7.867813110351562e-06
75,15,160,3.3294408321380615,3.3294684886932373,2.765655517578125e-05
75,16,160,3.710137128829956,3.710794687271118,0.0006575584411621094
75,17,160,3.294914484024048,3.2992777824401855,0.004363298416137695
75,18,160,2.6119680404663086,2.611708402633667,-0.00025963783264160156
75,19,160,2.2980871200561523,2.2985305786132812,0.00044345855712890625
76,0,160,3.1259796619415283,3.125609874725342,-0.00036978721618652344
76,1,160,3.3111376762390137,3.3112757205963135,0.0001380443572998047
76,2,160,3.180311441421509,3.180293321609497,-1.811981201171875e-05
76,3,160,2.6619343757629395,2.6606316566467285,-0.0013027191162109375
76,4,160,2.5520505905151367,2.5522263050079346,0.00017571449279785156
76,5,160,3.0823538303375244,3.0817906856536865,-0.0005631446838378906
76,6,160,2.9665775299072266,2.9670939445495605,0.0005164146423339844
76,7,160,2.969621419906616,2.969374656677246,-0.0002467632293701172
76,8,160,2.7455496788024902,2.743701219558716,-0.001848459243774414
76,9,160,3.012997627258301,3.01418399810791,0.001186370849609375
76,10,160,3.1667139530181885,3.166404962539673,-0.000308990478515625
76,11,160,2.8124051094055176,2.8167338371276855,0.004328727722167969
76,12,160,2.941852569580078,2.9481797218322754,0.006327152252197266
76,13,160,3.601318597793579,3.6019842624664307,0.0006656646728515625
76,14,160,3.462207317352295,3.4624500274658203,0.00024271011352539062
76,15,160,3.3294408321380615,3.3295986652374268,0.00015783309936523438
76,16,160,3.710137128829956,3.710014581680298,-0.00012254714965820312
76,17,160,3.294914484024048,3.294286012649536,-0.0006284713745117188
76,18,160,2.6119680404663086,2.6126747131347656,0.0007066726684570312
76,19,160,2.2980871200561523,2.2981982231140137,0.00011110305786132812
77,0,160,3.1259796619415283,3.1249258518218994,-0.0010538101196289062
77,1,160,3.3111376762390137,3.3115172386169434,0.0003795623779296875
77,2,160,3.180311441421509,3.180314302444458,2.86102294921875e-06
77,3,160,2.6619343757629395,2.6636970043182373,0.0017626285552978516
77,4,160,2.5520505905151367,2.5513572692871094,-0.0006933212280273438
77,5,160,3.0823538303375244,3.083108425140381,0.0007545948028564453
77,6,160,2.9665775299072266,2.9672720432281494,0.0006945133209228516
77,7,160,2.969621419906616,2.9713516235351562,0.001730203628540039
77,8,160,2.7455496788024902,2.7450990676879883,-0.0004506111145019531
77,9,160,3.012997627258301,3.0143373012542725,0.0013396739959716797
77,10,160,3.1667139530181885,3.16780948638916,0.0010955333709716797
77,11,160,2.8124051094055176,2.8125057220458984,0.00010061264038085938
77,12,160,2.941852569580078,2.942413330078125,0.000560760498046875
77,13,160,3.601318597793579,3.602670907974243,0.0013523101806640625
77,14,160,3.462207317352295,3.461179494857788,-0.001027822494506836
77,15,160,3.3294408321380615,3.3300888538360596,0.0006480216979980469
77,16,160,3.710137128829956,3.7096939086914062,-0.0004432201385498047
77,17,160,3.294914484024048,3.294063091278076,-0.0008513927459716797
77,18,160,2.6119680404663086,2.611994981765747,2.6941299438476562e-05
77,19,160,2.2980871200561523,2.2954328060150146,-0.0026543140411376953
78,0,160,3.1259796619415283,3.125933885574341,-4.57763671875e-05
78,1,160,3.3111376762390137,3.3115620613098145,0.00042438507080078125
78,2,160,3.180311441421509,3.180192708969116,-0.00011873245239257812
78,3,160,2.6619343757629395,2.6609582901000977,-0.0009760856628417969
78,4,160,2.5520505905151367,2.553983211517334,0.0019326210021972656
78,5,160,3.0823538303375244,3.0819826126098633,-0.0003712177276611328
78,6,160,2.9665775299072266,2.967200994491577,0.0006234645843505859
78,7,160,2.969621419906616,2.9704391956329346,0.0008177757263183594
78,8,160,2.7455496788024902,2.743767499923706,-0.0017821788787841797
78,9,160,3.012997627258301,3.011784076690674,-0.0012135505676269531
78,10,160,3.1667139530181885,3.1652560234069824,-0.0014579296112060547
78,11,160,2.8124051094055176,2.812427282333374,2.2172927856445312e-05
78,12,160,2.941852569580078,2.9418575763702393,5.0067901611328125e-06
78,13,160,3.601318597793579,3.5981194972991943,-0.0031991004943847656
78,14,160,3.462207317352295,3.4629271030426025,0.0007197856903076172
78,15,160,3.3294408321380615,3.33027720451355,0.0008363723754882812
78,16,160,3.710137128829956,3.7104451656341553,0.00030803680419921875
78,17,160,3.294914484024048,3.2944540977478027,-0.0004603862762451172
78,18,160,2.6119680404663086,2.6115405559539795,-0.00042748451232910156
78,19,160,2.2980871200561523,2.296128511428833,-0.001958608627319336
79,0,160,3.1259796619415283,3.125601053237915,-0.00037860870361328125
79,1,160,3.3111376762390137,3.3122034072875977,0.0010657310485839844
79,2,160,3.180311441421509,3.1797800064086914,-0.0005314350128173828
79,3,160,2.6619343757629395,2.661489725112915,-0.00044465065002441406
79,4,160,2.5520505905151367,2.5521278381347656,7.724761962890625e-05
79,5,160,3.0823538303375244,3.0830748081207275,0.000720977783203125
79,6,160,2.9665775299072266,2.9658238887786865,-0.0007536411285400391
79,7,160,2.969621419906616,2.9705698490142822,0.0009484291076660156
79,8,160,2.7455496788024902,2.7462124824523926,0.0006628036499023438
79,9,160,3.012997627258301,3.0139365196228027,0.0009388923645019531
79,10,160,3.1667139530181885,3.1667208671569824,6.9141387939453125e-06
79,11,160,2.8124051094055176,2.8125839233398438,0.00017881393432617188
79,12,160,2.941852569580078,2.940450429916382,-0.001402139663696289
79,13,160,3.601318597793579,3.598825693130493,-0.0024929046630859375
79,14,160,3.462207317352295,3.462010622024536,-0.00019669532775878906
79,15,160,3.3294408321380615,3.330141067504883,0.0007002353668212891
79,16,160,3.710137128829956,3.7103326320648193,0.00019550323486328125
79,17,160,3.294914484024048,3.2944233417510986,-0.0004911422729492188
79,18,160,2.6119680404663086,2.610581636428833,-0.001386404037475586
79,19,160,2.2980871200561523,2.296340227127075,-0.0017468929290771484
80,0,160,3.1259796619415283,3.124584913253784,-0.0013947486877441406
80,1,160,3.3111376762390137,3.312237501144409,0.0010998249053955078
80,2,160,3.180311441421509,3.179898500442505,-0.00041294097900390625
80,3,160,2.6619343757629395,2.662963628768921,0.0010292530059814453
80,4,160,2.5520505905151367,2.5511348247528076,-0.0009157657623291016
80,5,160,3.0823538303375244,3.081575870513916,-0.0007779598236083984
80,6,160,2.9665775299072266,2.9669909477233887,0.0004134178161621094
80,7,160,2.969621419906616,2.9714815616607666,0.0018601417541503906
80,8,160,2.7455496788024902,2.7454581260681152,-9.1552734375e-05
80,9,160,3.012997627258301,3.0150136947631836,0.0020160675048828125
80,10,160,3.1667139530181885,3.1662259101867676,-0.00048804283142089844
80,11,160,2.8124051094055176,2.8136138916015625,0.0012087821960449219
80,12,160,2.941852569580078,2.9420225620269775,0.00016999244689941406
80,13,160,3.601318597793579,3.601179599761963,-0.00013899803161621094
80,14,160,3.462207317352295,3.4627573490142822,0.0005500316619873047
80,15,160,3.3294408321380615,3.329845428466797,0.00040459632873535156
80,16,160,3.710137128829956,3.709531307220459,-0.0006058216094970703
80,17,160,3.294914484024048,3.2945756912231445,-0.0003387928009033203
80,18,160,2.6119680404663086,2.612243413925171,0.0002753734588623047
80,19,160,2.2980871200561523,2.2975821495056152,-0.0005049705505371094
81,0,160,3.1259796619415283,3.1262364387512207,0.0002567768096923828
81,1,160,3.3111376762390137,3.311866283416748,0.000728607177734375
81,2,160,3.180311441421509,3.18009352684021,-0.00021791458129882812
81,3,160,2.6619343757629395,2.6640167236328125,0.002082347869873047
81,4,160,2.5520505905151367,2.5522096157073975,0.0001590251922607422
81,5,160,3.0823538303375244,3.08203387260437,-0.0003199577331542969
81,6,160,2.9665775299072266,2.967545747756958,0.0009682178497314453
81,7,160,2.969621419906616,2.968966245651245,-0.0006551742553710938
81,8,160,2.7455496788024902,2.7451305389404297,-0.0004191398620605469
81,9,160,3.012997627258301,3.0126726627349854,-0.0003249645233154297
81,10,160,3.1667139530181885,3.166228771209717,-0.0004851818084716797
81,11,160,2.8124051094055176,2.812012195587158,-0.000392913818359375
81,12,160,2.941852569580078,2.941544532775879,-0.00030803680419921875
81,13,160,3.601318597793579,3.601384401321411,6.580352783203125e-05
81,14,160,3.462207317352295,3.462897539138794,0.0006902217864990234
81,15,160,3.3294408321380615,3.330087900161743,0.0006470680236816406
81,16,160,3.710137128829956,3.7098987102508545,-0.0002384185791015625
81,17,160,3.294914484024048,3.2942137718200684,-0.0007007122039794922
81,18,160,2.6119680404663086,2.61122989654541,-0.0007381439208984375
81,19,160,2.2980871200561523,2.2968194484710693,-0.0012676715850830078
82,0,160,3.1259796619415283,3.1247384548187256,-0.0012412071228027344
82,1,160,3.3111376762390137,3.3107998371124268,-0.00033783912658691406
82,2,160,3.180311441421509,3.1804068088531494,9.5367431640625e-05
82,3,160,2.6619343757629395,2.661675214767456,-0.00025916099548339844
82,4,160,2.5520505905151367,2.5524258613586426,0.0003752708435058594
82,5,160,3.0823538303375244,3.0826194286346436,0.0002655982971191406
82,6,160,2.9665775299072266,2.9657459259033203,-0.00083160400390625
82,7,160,2.969621419906616,2.9694387912750244,-0.00018262863159179688
82,8,160,2.7455496788024902,2.7423813343048096,-0.003168344497680664
82,9,160,3.012997627258301,3.014040231704712,0.0010426044464111328
82,10,160,3.1667139530181885,3.165553331375122,-0.0011606216430664062
82,11,160,2.8124051094055176,2.813042640686035,0.0006375312805175781
82,12,160,2.941852569580078,2.942331552505493,0.00047898292541503906
82,13,160,3.601318597793579,3.60056471824646,-0.0007538795471191406
82,14,160,3.462207317352295,3.462515354156494,0.00030803680419921875
82,15,160,3.3294408321380615,3.3308403491973877,0.0013995170593261719
82,16,160,3.710137128829956,3.70978045463562,-0.0003566741943359375
82,17,160,3.294914484024048,3.2966837882995605,0.0017693042755126953
82,18,160,2.6119680404663086,2.6125030517578125,0.0005350112915039062
82,19,160,2.2980871200561523,2.2948946952819824,-0.003192424774169922
83,0,160,3.1259796619415283,3.1243724822998047,-0.0016071796417236328
83,1,160,3.3111376762390137,3.312098979949951,0.0009613037109375
83,2,160,3.180311441421509,3.1806070804595947,0.0002956390380859375
83,3,160,2.6619343757629395,2.6628830432891846,0.0009486675262451172
83,4,160,2.5520505905151367,2.551159143447876,-0.0008914470672607422
83,5,160,3.0823538303375244,3.0806028842926025,-0.001750946044921875
83,6,160,2.9665775299072266,2.9676074981689453,0.00102996826171875
83,7,160,2.969621419906616,2.9720141887664795,0.0023927688598632812
83,8,160,2.7455496788024902,2.745465040206909,-8.463859558105469e-05
83,9,160,3.012997627258301,3.011558771133423,-0.0014388561248779297
83,10,160,3.1667139530181885,3.1682722568511963,0.0015583038330078125
83,11,160,2.8124051094055176,2.815387725830078,0.002982616424560547
83,12,160,2.941852569580078,2.9430289268493652,0.0011763572692871094
83,13,160,3.601318597793579,3.6027908325195312,0.0014722347259521484
83,14,160,3.462207317352295,3.461517810821533,-0.0006895065307617188
83,15,160,3.3294408321380615,3.32901668548584,-0.0004241466522216797
83,16,160,3.710137128829956,3.710900068283081,0.000762939453125
83,17,160,3.294914484024048,3.2958991527557373,0.0009846687316894531
83,18,160,2.6119680404663086,2.613525390625,0.0015573501586914062
83,19,160,2.2980871200561523,2.298428773880005,0.00034165382385253906
84,0,160,3.1259796619415283,3.1263020038604736,0.0003223419189453125
84,1,160,3.3111376762390137,3.3107166290283203,-0.0004210472106933594
84,2,160,3.180311441421509,3.1825742721557617,0.0022628307342529297
84,3,160,2.6619343757629395,2.6635520458221436,0.0016176700592041016
84,4,160,2.5520505905151367,2.555755853652954,0.003705263137817383
84,5,160,3.0823538303375244,3.0850841999053955,0.0027303695678710938
84,6,160,2.9665775299072266,2.968751907348633,0.00217437744140625
84,7,160,2.969621419906616,2.971851348876953,0.002229928970336914
84,8,160,2.7455496788024902,2.747105121612549,0.0015554428100585938
84,9,160,3.012997627258301,3.0161077976226807,0.003110170364379883
84,10,160,3.1667139530181885,3.1696276664733887,0.0029137134552001953
84,11,160,2.8124051094055176,2.811866283416748,-0.0005388259887695312
84,12,160,2.941852569580078,2.9424784183502197,0.0006258487701416016
84,13,160,3.601318597793579,3.6009464263916016,-0.00037217140197753906
84,14,160,3.462207317352295,3.4616990089416504,-0.0005083084106445312
84,15,160,3.3294408321380615,3.3289198875427246,-0.0005209445953369141
84,16,160,3.710137128829956,3.7100231647491455,-0.00011396408081054688
84,17,160,3.294914484024048,3.296739101409912,0.0018246173858642578
84,18,160,2.6119680404663086,2.6118178367614746,-0.00015020370483398438
84,19,160,2.2980871200561523,2.2984819412231445,0.0003948211669921875
85,0,160,3.1259796619415283,3.126124143600464,0.00014448165893554688
85,1,160,3.3111376762390137,3.312955141067505,0.001817464828491211
85,2,160,3.180311441421509,3.1791770458221436,-0.0011343955993652344
85,3,160,2.6619343757629395,2.661372661590576,-0.0005617141723632812
85,4,160,2.5520505905151367,2.5526957511901855,0.0006451606750488281
85,5,160,3.0823538303375244,3.0810718536376953,-0.0012819766998291016
85,6,160,2.9665775299072266,2.9680521488189697,0.001474618911743164
85,7,160,2.969621419906616,2.9689252376556396,-0.0006961822509765625
85,8,160,2.7455496788024902,2.7450926303863525,-0.0004570484161376953
85,9,160,3.012997627258301,3.013305187225342,0.0003075599670410156
85,10,160,3.1667139530181885,3.1665892601013184,-0.0001246929168701172
85,11,160,2.8124051094055176,2.8127801418304443,0.0003750324249267578
85,12,160,2.941852569580078,2.944061279296875,0.002208709716796875
85,13,160,3.601318597793579,3.6001832485198975,-0.0011353492736816406
85,14,160,3.462207317352295,3.461150884628296,-0.0010564327239990234
85,15,160,3.3294408321380615,3.32965350151062,0.00021266937255859375
85,16,160,3.710137128829956,3.7110002040863037,0.0008630752563476562
85,17,160,3.294914484024048,3.296862840652466,0.0019483566284179688
85,18,160,2.6119680404663086,2.6122069358825684,0.00023889541625976562
85,19,160,2.2980871200561523,2.2992405891418457,0.0011534690856933594
86,0,160,3.1259796619415283,3.1255009174346924,-0.0004787445068359375
86,1,160,3.3111376762390137,3.3123180866241455,0.001180410385131836
86,2,160,3.180311441421509,3.1812877655029297,0.0009763240814208984
86,3,160,2.6619343757629395,2.661886692047119,-4.76837158203125e-05
86,4,160,2.5520505905151367,2.5515387058258057,-0.0005118846893310547
86,5,160,3.0823538303375244,3.081005334854126,-0.0013484954833984375
86,6,160,2.9665775299072266,2.966017723083496,-0.0005598068237304688
86,7,160,2.969621419906616,2.9705235958099365,0.0009021759033203125
86,8,160,2.7455496788024902,2.744720220565796,-0.0008294582366943359
86,9,160,3.012997627258301,3.013664722442627,0.0006670951843261719
86,10,160,3.1667139530181885,3.1651413440704346,-0.0015726089477539062
86,11,160,2.8124051094055176,2.8150458335876465,0.0026407241821289062
86,12,160,2.941852569580078,2.9470386505126953,0.0051860809326171875
86,13,160,3.601318597793579,3.60044264793396,-0.0008759498596191406
86,14,160,3.462207317352295,3.461017370223999,-0.0011899471282958984
86,15,160,3.3294408321380615,3.328073501586914,-0.001367330551147461
86,16,160,3.710137128829956,3.709531545639038,-0.0006055831909179688
86,17,160,3.294914484024048,3.293030023574829,-0.00188446044921875
86,18,160,2.6119680404663086,2.6101438999176025,-0.0018241405487060547
86,19,160,2.2980871200561523,2.2996037006378174,0.001516580581665039
87,0,160,3.1259796619415283,3.12666392326355,0.0006842613220214844
87,1,160,3.3111376762390137,3.3126332759857178,0.0014955997467041016
87,2,160,3.180311441421509,3.1861579418182373,0.005846500396728516
87,3,160,2.6619343757629395,2.6634984016418457,0.00156402587890625
87,4,160,2.5520505905151367,2.555070638656616,0.003020048141479492
87,5,160,3.0823538303375244,3.085796594619751,0.0034427642822265625
87,6,160,2.9665775299072266,2.9704105854034424,0.0038330554962158203
87,7,160,2.969621419906616,2.976285934448242,0.0066645145416259766
87,8,160,2.7455496788024902,2.7453017234802246,-0.000247955322265625
87,9,160,3.012997627258301,3.017407178878784,0.0044095516204833984
87,10,160,3.1667139530181885,3.170423984527588,0.003710031509399414
87,11,160,2.8124051094055176,2.815887928009033,0.003482818603515625
87,12,160,2.941852569580078,2.942161798477173,0.00030922889709472656
87,13,160,3.601318597793579,3.6001532077789307,-0.0011653900146484375
87,14,160,3.462207317352295,3.4600138664245605,-0.002193450927734375
87,15,160,3.3294408321380615,3.330587148666382,0.0011463165283203125
87,16,160,3.710137128829956,3.7101619243621826,2.47955322265625e-05
87,17,160,3.294914484024048,3.295165538787842,0.0002510547637939453
87,18,160,2.6119680404663086,2.6125102043151855,0.0005421638488769531
87,19,160,2.2980871200561523,2.2970380783081055,-0.001049041748046875
88,0,160,3.1259796619415283,3.125814914703369,-0.0001647472381591797
88,1,160,3.3111376762390137,3.3107681274414062,-0.0003695487976074219
88,2,160,3.180311441421509,3.1801247596740723,-0.00018668174743652344
88,3,160,2.6619343757629395,2.66176438331604,-0.00016999244689941406
88,4,160,2.5520505905151367,2.5514049530029297,-0.0006456375122070312
88,5,160,3.0823538303375244,3.0819692611694336,-0.0003845691680908203
88,6,160,2.9665775299072266,2.9668948650360107,0.0003173351287841797
88,7,160,2.969621419906616,2.9701554775238037,0.0005340576171875
88,8,160,2.7455496788024902,2.7450482845306396,-0.0005013942718505859
88,9,160,3.012997627258301,3.014468193054199,0.0014705657958984375
88,10,160,3.1667139530181885,3.1656670570373535,-0.001046895980834961
88,11,160,2.8124051094055176,2.811753749847412,-0.0006513595581054688
88,12,160,2.941852569580078,2.941923141479492,7.05718994140625e-05
88,13,160,3.601318597793579,3.6008355617523193,-0.0004830360412597656
88,14,160,3.462207317352295,3.463075876235962,0.0008685588836669922
88,15,160,3.3294408321380615,3.3300628662109375,0.0006220340728759766
88,16,160,3.710137128829956,3.7099194526672363,-0.00021767616271972656
88,17,160,3.294914484024048,3.296804904937744,0.001890420913696289
88,18,160,2.6119680404663086,2.6117515563964844,-0.00021648406982421875
88,19,160,2.2980871200561523,2.2988147735595703,0.0007276535034179688
89,0,160,3.1259796619415283,3.1271114349365234,0.0011317729949951172
89,1,160,3.3111376762390137,3.3131940364837646,0.0020563602447509766
89,2,160,3.180311441421509,3.1805343627929688,0.00022292137145996094
89,3,160,2.6619343757629395,2.6616289615631104,-0.00030541419982910156
89,4,160,2.5520505905151367,2.5507097244262695,-0.0013408660888671875
89,5,160,3.0823538303375244,3.081639289855957,-0.0007145404815673828
89,6,160,2.9665775299072266,2.967827796936035,0.0012502670288085938
89,7,160,2.969621419906616,2.969440221786499,-0.0001811981201171875
89,8,160,2.7455496788024902,2.744723081588745,-0.0008265972137451172
89,9,160,3.012997627258301,3.014176845550537,0.0011792182922363281
89,10,160,3.1667139530181885,3.1673455238342285,0.0006315708160400391
89,11,160,2.8124051094055176,2.814038038253784,0.0016329288482666016
89,12,160,2.941852569580078,2.94144344329834,-0.00040912628173828125
89,13,160,3.601318597793579,3.6004700660705566,-0.0008485317230224609
89,14,160,3.462207317352295,3.463237762451172,0.0010304450988769531
89,15,160,3.3294408321380615,3.3282535076141357,-0.0011873245239257812
89,16,160,3.710137128829956,3.711182117462158,0.0010449886322021484
89,17,160,3.294914484024048,3.2959563732147217,0.0010418891906738281
89,18,160,2.6119680404663086,2.6109888553619385,-0.0009791851043701172
89,19,160,2.2980871200561523,2.2968597412109375,-0.0012273788452148438
90,0,160,3.1259796619415283,3.1251986026763916,-0.0007810592651367188
90,1,160,3.3111376762390137,3.3119027614593506,0.0007650852203369141
90,2,160,3.180311441421509,3.1776509284973145,-0.002660512924194336
90,3,160,2.6619343757629395,2.662644863128662,0.0007104873657226562
90,4,160,2.5520505905151367,2.55094838142395,-0.0011022090911865234
90,5,160,3.0823538303375244,3.0839273929595947,0.0015735626220703125
90,6,160,2.9665775299072266,2.9664077758789062,-0.0001697540283203125
90,7,160,2.969621419906616,2.9730029106140137,0.003381490707397461
90,8,160,2.7455496788024902,2.7454006671905518,-0.00014901161193847656
90,9,160,3.012997627258301,3.0118865966796875,-0.0011110305786132812
90,10,160,3.1667139530181885,3.166499137878418,-0.0002148151397705078
90,11,160,2.8124051094055176,2.812349557876587,-5.555152893066406e-05
90,12,160,2.941852569580078,2.9427223205566406,0.0008697509765625
90,13,160,3.601318597793579,3.600895404815674,-0.00042319297790527344
90,14,160,3.462207317352295,3.4618375301361084,-0.00036978721618652344
90,15,160,3.3294408321380615,3.329694986343384,0.0002541542053222656
90,16,160,3.710137128829956,3.7116613388061523,0.001524209976196289
90,17,160,3.294914484024048,3.2951626777648926,0.00024819374084472656
90,18,160,2.6119680404663086,2.612541913986206,0.0005738735198974609
90,19,160,2.2980871200561523,2.2966856956481934,-0.0014014244079589844
91,0,160,3.1259796619415283,3.1255836486816406,-0.0003960132598876953
91,1,160,3.3111376762390137,3.310394525527954,-0.0007431507110595703
91,2,160,3.180311441421509,3.180718421936035,0.0004069805145263672
91,3,160,2.6619343757629395,2.660435676574707,-0.0014986991882324219
91,4,160,2.5520505905151367,2.553262710571289,0.0012121200561523438
91,5,160,3.0823538303375244,3.0827512741088867,0.0003974437713623047
91,6,160,2.9665775299072266,2.9669222831726074,0.0003447532653808594
91,7,160,2.969621419906616,2.9710569381713867,0.0014355182647705078
91,8,160,2.7455496788024902,2.7479922771453857,0.002442598342895508
91,9,160,3.012997627258301,3.0132253170013428,0.0002276897430419922
91,10,160,3.1667139530181885,3.16498064994812,-0.0017333030700683594
91,11,160,2.8124051094055176,2.8142282962799072,0.0018231868743896484
91,12,160,2.941852569580078,2.9427857398986816,0.0009331703186035156
91,13,160,3.601318597793579,3.5998730659484863,-0.0014455318450927734
91,14,160,3.462207317352295,3.4610493183135986,-0.001157999038696289
91,15,160,3.3294408321380615,3.3293449878692627,-9.584426879882812e-05
91,16,160,3.710137128829956,3.7093863487243652,-0.0007507801055908203
91,17,160,3.294914484024048,3.2951107025146484,0.00019621849060058594
91,18,160,2.6119680404663086,2.6119625568389893,-5.4836273193359375e-06
91,19,160,2.2980871200561523,2.2963244915008545,-0.0017626285552978516
92,0,160,3.1259796619415283,3.1267833709716797,0.0008037090301513672
92,1,160,3.3111376762390137,3.311821460723877,0.0006837844848632812
92,2,160,3.180311441421509,3.178554058074951,-0.0017573833465576172
92,3,160,2.6619343757629395,2.6611881256103516,-0.0007462501525878906
92,4,160,2.5520505905151367,2.5531158447265625,0.0010652542114257812
92,5,160,3.0823538303375244,3.082943916320801,0.0005900859832763672
92,6,160,2.9665775299072266,2.9694626331329346,0.002885103225708008
92,7,160,2.969621419906616,2.970632791519165,0.0010113716125488281
92,8,160,2.7455496788024902,2.744202136993408,-0.0013475418090820312
92,9,160,3.012997627258301,3.014098644256592,0.0011010169982910156
92,10,160,3.1667139530181885,3.165870189666748,-0.0008437633514404297
92,11,160,2.8124051094055176,2.8127529621124268,0.0003478527069091797
92,12,160,2.941852569580078,2.9407074451446533,-0.0011451244354248047
92,13,160,3.601318597793579,3.6011343002319336,-0.0001842975616455078
92,14,160,3.462207317352295,3.4633944034576416,0.0011870861053466797
92,15,160,3.3294408321380615,3.3298215866088867,0.0003807544708251953
92,16,160,3.710137128829956,3.709901809692383,-0.0002353191375732422
92,17,160,3.294914484024048,3.294928789138794,1.430511474609375e-05
92,18,160,2.6119680404663086,2.611271858215332,-0.0006961822509765625
92,19,160,2.2980871200561523,2.2978813648223877,-0.00020575523376464844
93,0,160,3.1259796619415283,3.1259758472442627,-3.814697265625e-06
93,1,160,3.3111376762390137,3.3127548694610596,0.0016171932220458984
93,2,160,3.180311441421509,3.181020975112915,0.00070953369140625
93,3,160,2.6619343757629395,2.6621243953704834,0.0001900196075439453
93,4,160,2.5520505905151367,2.5522048473358154,0.00015425682067871094
93,5,160,3.0823538303375244,3.0818862915039062,-0.00046753883361816406
93,6,160,2.9665775299072266,2.9667811393737793,0.00020360946655273438
93,7,160,2.969621419906616,2.9692296981811523,-0.0003917217254638672
93,8,160,2.7455496788024902,2.744734287261963,-0.0008153915405273438
93,9,160,3.012997627258301,3.011890172958374,-0.0011074542999267578
93,10,160,3.1667139530181885,3.167435884475708,0.0007219314575195312
93,11,160,2.8124051094055176,2.8136041164398193,0.0011990070343017578
93,12,160,2.941852569580078,2.941357374191284,-0.0004951953887939453
93,13,160,3.601318597793579,3.6005520820617676,-0.0007665157318115234
93,14,160,3.462207317352295,3.461280345916748,-0.000926971435546875
93,15,160,3.3294408321380615,3.329789876937866,0.0003490447998046875
93,16,160,3.710137128829956,3.709890604019165,-0.0002465248107910156
93,17,160,3.294914484024048,3.2949743270874023,5.984306335449219e-05
93,18,160,2.6119680404663086,2.612218141555786,0.00025010108947753906
93,19,160,2.2980871200561523,2.2959067821502686,-0.002180337905883789
94,0,160,3.1259796619415283,3.125976800918579,-2.86102294921875e-06
94,1,160,3.3111376762390137,3.3123958110809326,0.0012581348419189453
94,2,160,3.180311441421509,3.1818125247955322,0.0015010833740234375
94,3,160,2.6619343757629395,2.6617960929870605,-0.00013828277587890625
94,4,160,2.5520505905151367,2.5523648262023926,0.0003142356872558594
94,5,160,3.0823538303375244,3.0825774669647217,0.00022363662719726562
94,6,160,2.9665775299072266,2.969060182571411,0.0024826526641845703
94,7,160,2.969621419906616,2.970674514770508,0.0010530948638916016
94,8,160,2.7455496788024902,2.744692802429199,-0.0008568763732910156
94,9,160,3.012997627258301,3.0130372047424316,3.9577484130859375e-05
94,10,160,3.1667139530181885,3.1657087802886963,-0.0010051727294921875
94,11,160,2.8124051094055176,2.811608076095581,-0.0007970333099365234
94,12,160,2.941852569580078,2.941580295562744,-0.0002722740173339844
94,13,160,3.601318597793579,3.599228858947754,-0.0020897388458251953
94,14,160,3.462207317352295,3.460886240005493,-0.0013210773468017578
94,15,160,3.3294408321380615,3.3297369480133057,0.0002961158752441406
94,16,160,3.710137128829956,3.710935354232788,0.0007982254028320312
94,17,160,3.294914484024048,3.2963578701019287,0.0014433860778808594
94,18,160,2.6119680404663086,2.610529899597168,-0.001438140869140625
94,19,160,2.2980871200561523,2.2928307056427,-0.0052564144134521484
95,0,160,3.1259796619415283,3.1254069805145264,-0.0005726814270019531
95,1,160,3.3111376762390137,3.3117096424102783,0.0005719661712646484
95,2,160,3.180311441421509,3.1794652938842773,-0.0008461475372314453
95,3,160,2.6619343757629395,2.661196708679199,-0.0007376670837402344
95,4,160,2.5520505905151367,2.5514748096466064,-0.0005757808685302734
95,5,160,3.0823538303375244,3.0821149349212646,-0.00023889541625976562
95,6,160,2.9665775299072266,2.966381311416626,-0.00019621849060058594
95,7,160,2.969621419906616,2.970893383026123,0.001271963119506836
95,8,160,2.7455496788024902,2.7453553676605225,-0.00019431114196777344
95,9,160,3.012997627258301,3.015139102935791,0.0021414756774902344
95,10,160,3.1667139530181885,3.1678147315979004,0.001100778579711914
95,11,160,2.8124051094055176,2.811466932296753,-0.0009381771087646484
95,12,160,2.941852569580078,2.9415645599365234,-0.0002880096435546875
95,13,160,3.601318597793579,3.600525140762329,-0.00079345703125
95,14,160,3.462207317352295,3.4617648124694824,-0.0004425048828125
95,15,160,3.3294408321380615,3.3289928436279297,-0.00044798851013183594
95,16,160,3.710137128829956,3.710930109024048,0.0007929801940917969
95,17,160,3.294914484024048,3.2936134338378906,-0.0013010501861572266
95,18,160,2.6119680404663086,2.612173557281494,0.00020551681518554688
95,19,160,2.2980871200561523,2.297375202178955,-0.0007119178771972656
96,0,160,3.1259796619415283,3.125593900680542,-0.0003857612609863281
96,1,160,3.3111376762390137,3.310720682144165,-0.0004169940948486328
96,2,160,3.180311441421509,3.180457830429077,0.00014638900756835938
96,3,160,2.6619343757629395,2.6641318798065186,0.0021975040435791016
96,4,160,2.5520505905151367,2.5522780418395996,0.00022745132446289062
96,5,160,3.0823538303375244,3.083625316619873,0.0012714862823486328
96,6,160,2.9665775299072266,2.9677693843841553,0.001191854476928711
96,7,160,2.969621419906616,2.9693024158477783,-0.0003190040588378906
96,8,160,2.7455496788024902,2.746415138244629,0.0008654594421386719
96,9,160,3.012997627258301,3.0142099857330322,0.0012123584747314453
96,10,160,3.1667139530181885,3.1682934761047363,0.0015795230865478516
96,11,160,2.8124051094055176,2.8122293949127197,-0.00017571449279785156
96,12,160,2.941852569580078,2.942547082901001,0.0006945133209228516
96,13,160,3.601318597793579,3.6026759147644043,0.0013573169708251953
96,14,160,3.462207317352295,3.461949348449707,-0.0002579689025878906
96,15,160,3.3294408321380615,3.3305468559265137,0.0011060237884521484
96,16,160,3.710137128829956,3.711655616760254,0.0015184879302978516
96,17,160,3.294914484024048,3.296564817428589,0.0016503334045410156
96,18,160,2.6119680404663086,2.6105539798736572,-0.0014140605926513672
96,19,160,2.2980871200561523,2.2959184646606445,-0.0021686553955078125
97,0,160,3.1259796619415283,3.1253890991210938,-0.0005905628204345703
97,1,160,3.3111376762390137,3.3105411529541016,-0.0005965232849121094
97,2,160,3.180311441421509,3.1820216178894043,0.0017101764678955078
97,3,160,2.6619343757629395,2.66436505317688,0.0024306774139404297
97,4,160,2.5520505905151367,2.5515975952148438,-0.00045299530029296875
97,5,160,3.0823538303375244,3.0847585201263428,0.0024046897888183594
97,6,160,2.9665775299072266,2.967559814453125,0.0009822845458984375
97,7,160,2.969621419906616,2.9727344512939453,0.0031130313873291016
97,8,160,2.7455496788024902,2.746018886566162,0.000469207763671875
97,9,160,3.012997627258301,3.016108989715576,0.0031113624572753906
97,10,160,3.1667139530181885,3.1664340496063232,-0.0002799034118652344
97,11,160,2.8124051094055176,2.812049627304077,-0.0003554821014404297
97,12,160,2.941852569580078,2.9414548873901367,-0.00039768218994140625
97,13,160,3.601318597793579,3.601120710372925,-0.00019788742065429688
97,14,160,3.462207317352295,3.4625537395477295,0.0003464221954345703
97,15,160,3.3294408321380615,3.330409049987793,0.0009682178497314453
97,16,160,3.710137128829956,3.711737871170044,0.0016007423400878906
97,17,160,3.294914484024048,3.2959787845611572,0.001064300537109375
97,18,160,2.6119680404663086,2.6118133068084717,-0.00015473365783691406
97,19,160,2.2980871200561523,2.2980921268463135,5.0067901611328125e-06
98,0,160,3.1259796619415283,3.1257262229919434,-0.00025343894958496094
98,1,160,3.3111376762390137,3.311992883682251,0.0008552074432373047
98,2,160,3.180311441421509,3.1797430515289307,-0.000568389892578125
98,3,160,2.6619343757629395,2.6624457836151123,0.0005114078521728516
98,4,160,2.5520505905151367,2.5516021251678467,-0.00044846534729003906
98,5,160,3.0823538303375244,3.081763982772827,-0.0005898475646972656
98,6,160,2.9665775299072266,2.966001272201538,-0.0005762577056884766
98,7,160,2.969621419906616,2.9684886932373047,-0.0011327266693115234
98,8,160,2.7455496788024902,2.744251012802124,-0.001298666000366211
98,9,160,3.012997627258301,3.012824773788452,-0.0001728534698486328
98,10,160,3.1667139530181885,3.1668319702148438,0.00011801719665527344
98,11,160,2.8124051094055176,2.813025712966919,0.0006206035614013672
98,12,160,2.941852569580078,2.9408702850341797,-0.0009822845458984375
98,13,160,3.601318597793579,3.6004865169525146,-0.0008320808410644531
98,14,160,3.462207317352295,3.4606411457061768,-0.001566171646118164
98,15,160,3.3294408321380615,3.328460454940796,-0.000980377197265625
98,16,160,3.710137128829956,3.7097039222717285,-0.00043320655822753906
98,17,160,3.294914484024048,3.2945964336395264,-0.0003180503845214844
98,18,160,2.6119680404663086,2.611800193786621,-0.0001678466796875
98,19,160,2.2980871200561523,2.2966349124908447,-0.0014522075653076172
99,0,160,3.1259796619415283,3.124509334564209,-0.001470327377319336
99,1,160,3.3111376762390137,3.310697555541992,-0.0004401206970214844
99,2,160,3.180311441421509,3.178924560546875,-0.001386880874633789
99,3,160,2.6619343757629395,2.6614439487457275,-0.0004904270172119141
99,4,160,2.5520505905151367,2.5523133277893066,0.0002627372741699219
99,5,160,3.0823538303375244,3.08245587348938,0.00010204315185546875
99,6,160,2.9665775299072266,2.9675490856170654,0.0009715557098388672
99,7,160,2.969621419906616,2.9693450927734375,-0.00027632713317871094
99,8,160,2.7455496788024902,2.744197368621826,-0.0013523101806640625
99,9,160,3.012997627258301,3.012927293777466,-7.033348083496094e-05
99,10,160,3.1667139530181885,3.166191577911377,-0.0005223751068115234
99,11,160,2.8124051094055176,2.814079999923706,0.0016748905181884766
99,12,160,2.941852569580078,2.9412925243377686,-0.0005600452423095703
99,13,160,3.601318597793579,3.601576089859009,0.0002574920654296875
99,14,160,3.462207317352295,3.4633629322052,0.0011556148529052734
99,15,160,3.3294408321380615,3.3292236328125,-0.00021719932556152344
99,16,160,3.710137128829956,3.709885835647583,-0.0002512931823730469
99,17,160,3.294914484024048,3.295095682144165,0.0001811981201171875
99,18,160,2.6119680404663086,2.611753225326538,-0.0002148151397705078
99,19,160,2.2980871200561523,2.2955503463745117,-0.002536773681640625
