subset,query,n_removed,baseline_loss,filtered_loss,loss_change
0,0,160,3.411754846572876,3.410766839981079,-0.000988006591796875
0,1,160,3.5385618209838867,3.536975383758545,-0.0015864372253417969
0,2,160,3.4561805725097656,3.4559433460235596,-0.0002372264862060547
0,3,160,2.999037742614746,2.997924327850342,-0.0011134147644042969
0,4,160,2.837625503540039,2.8353168964385986,-0.0023086071014404297
0,5,160,3.3331079483032227,3.334230422973633,0.0011224746704101562
0,6,160,3.329303741455078,3.3260300159454346,-0.0032737255096435547
0,7,160,3.3449511528015137,3.3447577953338623,-0.0001933574676513672
0,8,160,3.0519068241119385,3.0511767864227295,-0.0007300376892089844
0,9,160,3.2737743854522705,3.2732882499694824,-0.00048613548278808594
0,10,160,3.4976565837860107,3.4969890117645264,-0.000667572021484375
0,11,160,3.1188201904296875,3.120725154876709,0.0019049644470214844
0,12,160,3.3343567848205566,3.334052085876465,-0.0003046989440917969
0,13,160,3.80757212638855,3.804838180541992,-0.002733945846557617
0,14,160,3.637634515762329,3.6394126415252686,0.0017781257629394531
0,15,160,3.5595288276672363,3.5594515800476074,-7.724761962890625e-05
0,16,160,3.91955304145813,3.920313596725464,0.0007605552673339844
0,17,160,3.5629773139953613,3.5636396408081055,0.0006623268127441406
0,18,160,2.9200689792633057,2.9199206829071045,-0.00014829635620117188
0,19,160,2.5281593799591064,2.526793956756592,-0.0013654232025146484
1,0,160,3.411754846572876,3.4121251106262207,0.00037026405334472656
1,1,160,3.5385618209838867,3.5391621589660645,0.0006003379821777344
1,2,160,3.4561805725097656,3.4564671516418457,0.0002865791320800781
1,3,160,2.999037742614746,2.995953321456909,-0.003084421157836914
1,4,160,2.837625503540039,2.836671829223633,-0.00095367431640625
1,5,160,3.3331079483032227,3.3339555263519287,0.0008475780487060547
1,6,160,3.329303741455078,3.3260772228240967,-0.0032265186309814453
1,7,160,3.3449511528015137,3.344778299331665,-0.0001728534698486328
1,8,160,3.0519068241119385,3.049997568130493,-0.0019092559814453125
1,9,160,3.2737743854522705,3.2726926803588867,-0.001081705093383789
1,10,160,3.4976565837860107,3.4988064765930176,0.001149892807006836
1,11,160,3.1188201904296875,3.1208505630493164,0.0020303726196289062
1,12,160,3.3343567848205566,3.3421099185943604,0.007753133773803711
1,13,160,3.80757212638855,3.804358720779419,-0.0032134056091308594
1,14,160,3.637634515762329,3.640972137451172,0.0033376216888427734
1,15,160,3.5595288276672363,3.559492826461792,-3.600120544433594e-05
1,16,160,3.91955304145813,3.921386480331421,0.0018334388732910156
1,17,160,3.5629773139953613,3.5602827072143555,-0.0026946067810058594
1,18,160,2.9200689792633057,2.920170307159424,0.00010132789611816406
1,19,160,2.5281593799591064,2.5260202884674072,-0.0021390914916992188
2,0,160,3.411754846572876,3.410789966583252,-0.0009648799896240234
2,1,160,3.5385618209838867,3.5362727642059326,-0.0022890567779541016
2,2,160,3.4561805725097656,3.4562673568725586,8.678436279296875e-05
2,3,160,2.999037742614746,2.9966213703155518,-0.002416372299194336
2,4,160,2.837625503540039,2.837725877761841,0.00010037422180175781
2,5,160,3.3331079483032227,3.332230806350708,-0.0008771419525146484
2,6,160,3.329303741455078,3.3272504806518555,-0.0020532608032226562
2,7,160,3.3449511528015137,3.345095634460449,0.00014448165893554688
2,8,160,3.0519068241119385,3.0519497394561768,4.291534423828125e-05
2,9,160,3.2737743854522705,3.272958517074585,-0.0008158683776855469
2,10,160,3.4976565837860107,3.4967429637908936,-0.0009136199951171875
2,11,160,3.1188201904296875,3.123948574066162,0.005128383636474609
2,12,160,3.3343567848205566,3.334834575653076,0.00047779083251953125
2,13,160,3.80757212638855,3.805391311645508,-0.002180814743041992
2,14,160,3.637634515762329,3.6408896446228027,0.003255128860473633
2,15,160,3.5595288276672363,3.560063600540161,0.0005347728729248047
2,16,160,3.91955304145813,3.9209156036376953,0.0013625621795654297
2,17,160,3.5629773139953613,3.563335418701172,0.0003581047058105469
2,18,160,2.9200689792633057,2.9201579093933105,8.893013000488281e-05
2,19,160,2.5281593799591064,2.5278117656707764,-0.0003476142883300781
3,0,160,3.411754846572876,3.4097740650177,-0.0019807815551757812
3,1,160,3.5385618209838867,3.5389461517333984,0.00038433074951171875
3,2,160,3.4561805725097656,3.4576199054718018,0.0014393329620361328
3,3,160,2.999037742614746,2.9975922107696533,-0.0014455318450927734
3,4,160,2.837625503540039,2.8370282649993896,-0.0005972385406494141
3,5,160,3.3331079483032227,3.3328018188476562,-0.00030612945556640625
3,6,160,3.329303741455078,3.326709508895874,-0.0025942325592041016
3,7,160,3.3449511528015137,3.3451857566833496,0.0002346038818359375
3,8,160,3.0519068241119385,3.0507938861846924,-0.0011129379272460938
3,9,160,3.2737743854522705,3.273207426071167,-0.0005669593811035156
3,10,160,3.4976565837860107,3.4967398643493652,-0.0009167194366455078
3,11,160,3.1188201904296875,3.1202263832092285,0.0014061927795410156
3,12,160,3.3343567848205566,3.334390163421631,3.337860107421875e-05
3,13,160,3.80757212638855,3.8054184913635254,-0.002153635025024414
3,14,160,3.637634515762329,3.6408259868621826,0.0031914710998535156
3,15,160,3.5595288276672363,3.560129165649414,0.0006003379821777344
3,16,160,3.91955304145813,3.921388864517212,0.0018358230590820312
3,17,160,3.5629773139953613,3.560756206512451,-0.0022211074829101562
3,18,160,2.9200689792633057,2.9201462268829346,7.724761962890625e-05
3,19,160,2.5281593799591064,2.525081157684326,-0.0030782222747802734
4,0,160,3.411754846572876,3.41198468208313,0.00022983551025390625
4,1,160,3.5385618209838867,3.536787509918213,-0.0017743110656738281
4,2,160,3.4561805725097656,3.4556987285614014,-0.0004818439483642578
4,3,160,2.999037742614746,3.000298261642456,0.001260519027709961
4,4,160,2.837625503540039,2.8357911109924316,-0.0018343925476074219
4,5,160,3.3331079483032227,3.3339054584503174,0.0007975101470947266
4,6,160,3.329303741455078,3.3294193744659424,0.00011563301086425781
4,7,160,3.3449511528015137,3.3456318378448486,0.0006806850433349609
4,8,160,3.0519068241119385,3.051175594329834,-0.0007312297821044922
4,9,160,3.2737743854522705,3.2743916511535645,0.0006172657012939453
4,10,160,3.4976565837860107,3.499253511428833,0.0015969276428222656
4,11,160,3.1188201904296875,3.119318962097168,0.0004987716674804688
4,12,160,3.3343567848205566,3.343231678009033,0.008874893188476562
4,13,160,3.80757212638855,3.8075573444366455,-1.4781951904296875e-05
4,14,160,3.637634515762329,3.63722562789917,-0.0004088878631591797
4,15,160,3.5595288276672363,3.5601961612701416,0.0006673336029052734
4,16,160,3.91955304145813,3.9183316230773926,-0.0012214183807373047
4,17,160,3.5629773139953613,3.562551259994507,-0.0004260540008544922
4,18,160,2.9200689792633057,2.9201273918151855,5.841255187988281e-05
4,19,160,2.5281593799591064,2.527190685272217,-0.0009686946868896484
5,0,160,3.411754846572876,3.4127390384674072,0.00098419189453125
5,1,160,3.5385618209838867,3.539315700531006,0.0007538795471191406
5,2,160,3.4561805725097656,3.454657554626465,-0.0015230178833007812
5,3,160,2.999037742614746,2.996983289718628,-0.002054452896118164
5,4,160,2.837625503540039,2.8383471965789795,0.0007216930389404297
5,5,160,3.3331079483032227,3.332216501235962,-0.0008914470672607422
5,6,160,3.329303741455078,3.3289895057678223,-0.0003142356872558594
5,7,160,3.3449511528015137,3.3461527824401855,0.001201629638671875
5,8,160,3.0519068241119385,3.052748918533325,0.0008420944213867188
5,9,160,3.2737743854522705,3.274179458618164,0.0004050731658935547
5,10,160,3.4976565837860107,3.4975554943084717,-0.0001010894775390625
5,11,160,3.1188201904296875,3.1185433864593506,-0.00027680397033691406
5,12,160,3.3343567848205566,3.3328561782836914,-0.0015006065368652344
5,13,160,3.80757212638855,3.808523178100586,0.0009510517120361328
5,14,160,3.637634515762329,3.638108491897583,0.00047397613525390625
5,15,160,3.5595288276672363,3.5618600845336914,0.002331256866455078
5,16,160,3.91955304145813,3.9198896884918213,0.00033664703369140625
5,17,160,3.5629773139953613,3.5620386600494385,-0.0009386539459228516
5,18,160,2.9200689792633057,2.9202141761779785,0.00014519691467285156
5,19,160,2.5281593799591064,2.527221202850342,-0.0009381771087646484
6,0,160,3.411754846572876,3.4113354682922363,-0.00041937828063964844
6,1,160,3.5385618209838867,3.5398733615875244,0.0013115406036376953
6,2,160,3.4561805725097656,3.4547042846679688,-0.001476287841796875
6,3,160,2.999037742614746,2.9995486736297607,0.0005109310150146484
6,4,160,2.837625503540039,2.836996555328369,-0.0006289482116699219
6,5,160,3.3331079483032227,3.331425905227661,-0.0016820430755615234
6,6,160,3.329303741455078,3.32738995552063,-0.0019137859344482422
6,7,160,3.3449511528015137,3.3447346687316895,-0.00021648406982421875
6,8,160,3.0519068241119385,3.0524561405181885,0.00054931640625
6,9,160,3.2737743854522705,3.270775079727173,-0.0029993057250976562
6,10,160,3.4976565837860107,3.4965620040893555,-0.0010945796966552734
6,11,160,3.1188201904296875,3.117866039276123,-0.0009541511535644531
6,12,160,3.3343567848205566,3.335303783416748,0.0009469985961914062
6,13,160,3.80757212638855,3.8074593544006348,-0.00011277198791503906
6,14,160,3.637634515762329,3.639906644821167,0.0022721290588378906
6,15,160,3.5595288276672363,3.559342861175537,-0.00018596649169921875
6,16,160,3.91955304145813,3.918633222579956,-0.0009198188781738281
6,17,160,3.5629773139953613,3.564652681350708,0.0016753673553466797
6,18,160,2.9200689792633057,2.9189133644104004,-0.0011556148529052734
6,19,160,2.5281593799591064,2.5280568599700928,-0.00010251998901367188
7,0,160,3.411754846572876,3.411991834640503,0.00023698806762695312
7,1,160,3.5385618209838867,3.5397932529449463,0.0012314319610595703
7,2,160,3.4561805725097656,3.455204486846924,-0.0009760856628417969
7,3,160,2.999037742614746,2.9993526935577393,0.00031495094299316406
7,4,160,2.837625503540039,2.838583469390869,0.0009579658508300781
7,5,160,3.3331079483032227,3.331754684448242,-0.0013532638549804688
7,6,160,3.329303741455078,3.3297677040100098,0.0004639625549316406
7,7,160,3.3449511528015137,3.3458147048950195,0.0008635520935058594
7,8,160,3.0519068241119385,3.05143141746521,-0.0004754066467285156
7,9,160,3.2737743854522705,3.2729101181030273,-0.0008642673492431641
7,10,160,3.4976565837860107,3.4980876445770264,0.000431060791015625
7,11,160,3.1188201904296875,3.119713068008423,0.0008928775787353516
7,12,160,3.3343567848205566,3.3347349166870117,0.0003781318664550781
7,13,160,3.80757212638855,3.807825803756714,0.0002536773681640625
7,14,160,3.637634515762329,3.637932300567627,0.00029778480529785156
7,15,160,3.5595288276672363,3.561413526535034,0.0018846988677978516
7,16,160,3.91955304145813,3.9202351570129395,0.0006821155548095703
7,17,160,3.5629773139953613,3.5627517700195312,-0.00022554397583007812
7,18,160,2.9200689792633057,2.9195268154144287,-0.0005421638488769531
7,19,160,2.5281593799591064,2.529526948928833,0.0013675689697265625
8,0,160,3.411754846572876,3.4112050533294678,-0.0005497932434082031
8,1,160,3.5385618209838867,3.536498785018921,-0.0020630359649658203
8,2,160,3.4561805725097656,3.454832077026367,-0.0013484954833984375
8,3,160,2.999037742614746,3.001448154449463,0.002410411834716797
8,4,160,2.837625503540039,2.8377957344055176,0.00017023086547851562
8,5,160,3.3331079483032227,3.3331758975982666,6.794929504394531e-05
8,6,160,3.329303741455078,3.329868793487549,0.0005650520324707031
8,7,160,3.3449511528015137,3.3453760147094727,0.0004248619079589844
8,8,160,3.0519068241119385,3.0510261058807373,-0.0008807182312011719
8,9,160,3.2737743854522705,3.273386001586914,-0.0003883838653564453
8,10,160,3.4976565837860107,3.4975991249084473,-5.745887756347656e-05
8,11,160,3.1188201904296875,3.1216580867767334,0.0028378963470458984
8,12,160,3.3343567848205566,3.3333890438079834,-0.0009677410125732422
8,13,160,3.80757212638855,3.805802583694458,-0.0017695426940917969
8,14,160,3.637634515762329,3.6389317512512207,0.0012972354888916016
8,15,160,3.5595288276672363,3.5612611770629883,0.0017323493957519531
8,16,160,3.91955304145813,3.918877124786377,-0.0006759166717529297
8,17,160,3.5629773139953613,3.56815242767334,0.005175113677978516
8,18,160,2.9200689792633057,2.918454885482788,-0.0016140937805175781
8,19,160,2.5281593799591064,2.528141498565674,-1.7881393432617188e-05
9,0,160,3.411754846572876,3.4111592769622803,-0.0005955696105957031
9,1,160,3.5385618209838867,3.5377628803253174,-0.0007989406585693359
9,2,160,3.4561805725097656,3.4569294452667236,0.0007488727569580078
9,3,160,2.999037742614746,2.998136281967163,-0.0009014606475830078
9,4,160,2.837625503540039,2.835876941680908,-0.0017485618591308594
9,5,160,3.3331079483032227,3.3311707973480225,-0.0019371509552001953
9,6,160,3.329303741455078,3.327316999435425,-0.0019867420196533203
9,7,160,3.3449511528015137,3.344705104827881,-0.0002460479736328125
9,8,160,3.0519068241119385,3.050609588623047,-0.0012972354888916016
9,9,160,3.2737743854522705,3.2750892639160156,0.0013148784637451172
9,10,160,3.4976565837860107,3.4976723194122314,1.5735626220703125e-05
9,11,160,3.1188201904296875,3.119610071182251,0.0007898807525634766
9,12,160,3.3343567848205566,3.3343660831451416,9.298324584960938e-06
9,13,160,3.80757212638855,3.8072729110717773,-0.00029921531677246094
9,14,160,3.637634515762329,3.6374282836914062,-0.00020623207092285156
9,15,160,3.5595288276672363,3.559027671813965,-0.0005011558532714844
9,16,160,3.91955304145813,3.918966054916382,-0.0005869865417480469
9,17,160,3.5629773139953613,3.562866449356079,-0.00011086463928222656
9,18,160,2.9200689792633057,2.9201393127441406,7.033348083496094e-05
9,19,160,2.5281593799591064,2.5260469913482666,-0.0021123886108398438
10,0,160,3.411754846572876,3.412585496902466,0.0008306503295898438
10,1,160,3.5385618209838867,3.5388689041137695,0.0003070831298828125
10,2,160,3.4561805725097656,3.455477714538574,-0.0007028579711914062
10,3,160,2.999037742614746,3.0018093585968018,0.002771615982055664
10,4,160,2.837625503540039,2.83842396736145,0.0007984638214111328
10,5,160,3.3331079483032227,3.3327903747558594,-0.00031757354736328125
10,6,160,3.329303741455078,3.3262765407562256,-0.003027200698852539
10,7,160,3.3449511528015137,3.344985246658325,3.409385681152344e-05
10,8,160,3.0519068241119385,3.051987409591675,8.058547973632812e-05
10,9,160,3.2737743854522705,3.275695562362671,0.0019211769104003906
10,10,160,3.4976565837860107,3.497744560241699,8.797645568847656e-05
10,11,160,3.1188201904296875,3.118258476257324,-0.0005617141723632812
10,12,160,3.3343567848205566,3.333571195602417,-0.0007855892181396484
10,13,160,3.80757212638855,3.8069865703582764,-0.0005855560302734375
10,14,160,3.637634515762329,3.6377038955688477,6.937980651855469e-05
10,15,160,3.5595288276672363,3.560941219329834,0.0014123916625976562
10,16,160,3.91955304145813,3.919496536254883,-5.650520324707031e-05
10,17,160,3.5629773139953613,3.5619449615478516,-0.0010323524475097656
10,18,160,2.9200689792633057,2.9200093746185303,-5.9604644775390625e-05
10,19,160,2.5281593799591064,2.5293326377868652,0.001173257827758789
11,0,160,3.411754846572876,3.4123647212982178,0.0006098747253417969
11,1,160,3.5385618209838867,3.539020538330078,0.00045871734619140625
11,2,160,3.4561805725097656,3.4580423831939697,0.0018618106842041016
11,3,160,2.999037742614746,3.000089406967163,0.0010516643524169922
11,4,160,2.837625503540039,2.8370518684387207,-0.0005736351013183594
11,5,160,3.3331079483032227,3.333289384841919,0.00018143653869628906
11,6,160,3.329303741455078,3.3294925689697266,0.0001888275146484375
11,7,160,3.3449511528015137,3.3435819149017334,-0.0013692378997802734
11,8,160,3.0519068241119385,3.0535330772399902,0.0016262531280517578
11,9,160,3.2737743854522705,3.2732081413269043,-0.0005662441253662109
11,10,160,3.4976565837860107,3.4995176792144775,0.0018610954284667969
11,11,160,3.1188201904296875,3.120333433151245,0.0015132427215576172
11,12,160,3.3343567848205566,3.333076238632202,-0.0012805461883544922
11,13,160,3.80757212638855,3.8106672763824463,0.0030951499938964844
11,14,160,3.637634515762329,3.637577533721924,-5.698204040527344e-05
11,15,160,3.5595288276672363,3.5587289333343506,-0.0007998943328857422
11,16,160,3.91955304145813,3.9196112155914307,5.817413330078125e-05
11,17,160,3.5629773139953613,3.5624749660491943,-0.0005023479461669922
11,18,160,2.9200689792633057,2.919600009918213,-0.00046896934509277344
11,19,160,2.5281593799591064,2.5282411575317383,8.177757263183594e-05
12,0,160,3.411754846572876,3.4107611179351807,-0.0009937286376953125
12,1,160,3.5385618209838867,3.5389628410339355,0.0004010200500488281
12,2,160,3.4561805725097656,3.4539072513580322,-0.0022733211517333984
12,3,160,2.999037742614746,2.999138116836548,0.00010037422180175781
12,4,160,2.837625503540039,2.8370978832244873,-0.0005276203155517578
12,5,160,3.3331079483032227,3.3352773189544678,0.002169370651245117
12,6,160,3.329303741455078,3.3288190364837646,-0.00048470497131347656
12,7,160,3.3449511528015137,3.345686674118042,0.0007355213165283203
12,8,160,3.0519068241119385,3.0520694255828857,0.00016260147094726562
12,9,160,3.2737743854522705,3.273582935333252,-0.0001914501190185547
12,10,160,3.4976565837860107,3.4980201721191406,0.0003635883331298828
12,11,160,3.1188201904296875,3.1196277141571045,0.0008075237274169922
12,12,160,3.3343567848205566,3.3357231616973877,0.0013663768768310547
12,13,160,3.80757212638855,3.8078577518463135,0.0002856254577636719
12,14,160,3.637634515762329,3.638033628463745,0.0003991127014160156
12,15,160,3.5595288276672363,3.560950517654419,0.0014216899871826172
12,16,160,3.91955304145813,3.921377658843994,0.0018246173858642578
12,17,160,3.5629773139953613,3.5620779991149902,-0.0008993148803710938
12,18,160,2.9200689792633057,2.9208240509033203,0.0007550716400146484
12,19,160,2.5281593799591064,2.5288615226745605,0.0007021427154541016
13,0,160,3.411754846572876,3.4114198684692383,-0.0003349781036376953
13,1,160,3.5385618209838867,3.5385613441467285,-4.76837158203125e-07
13,2,160,3.4561805725097656,3.4547829627990723,-0.0013976097106933594
13,3,160,2.999037742614746,2.998826265335083,-0.00021147727966308594
13,4,160,2.837625503540039,2.8368823528289795,-0.0007431507110595703
13,5,160,3.3331079483032227,3.3324244022369385,-0.0006835460662841797
13,6,160,3.329303741455078,3.329840660095215,0.0005369186401367188
13,7,160,3.3449511528015137,3.3458876609802246,0.0009365081787109375
13,8,160,3.0519068241119385,3.0492632389068604,-0.002643585205078125
13,9,160,3.2737743854522705,3.2725934982299805,-0.001180887222290039
13,10,160,3.4976565837860107,3.4962880611419678,-0.0013685226440429688
13,11,160,3.1188201904296875,3.1198039054870605,0.0009837150573730469
13,12,160,3.3343567848205566,3.334378719329834,2.193450927734375e-05
13,13,160,3.80757212638855,3.8069634437561035,-0.0006086826324462891
13,14,160,3.637634515762329,3.63659930229187,-0.0010352134704589844
13,15,160,3.5595288276672363,3.5596277713775635,9.894371032714844e-05
13,16,160,3.91955304145813,3.919086217880249,-0.0004668235778808594
13,17,160,3.5629773139953613,3.566645622253418,0.0036683082580566406
13,18,160,2.9200689792633057,2.9193668365478516,-0.0007021427154541016
13,19,160,2.5281593799591064,2.529472589492798,0.0013132095336914062
14,0,160,3.411754846572876,3.409773111343384,-0.0019817352294921875
14,1,160,3.5385618209838867,3.5383288860321045,-0.00023293495178222656
14,2,160,3.4561805725097656,3.459538698196411,0.003358125686645508
14,3,160,2.999037742614746,3.005491256713867,0.006453514099121094
14,4,160,2.837625503540039,2.8395423889160156,0.0019168853759765625
14,5,160,3.3331079483032227,3.3351800441741943,0.0020720958709716797
14,6,160,3.329303741455078,3.330507278442383,0.0012035369873046875
14,7,160,3.3449511528015137,3.34713077545166,0.0021796226501464844
14,8,160,3.0519068241119385,3.055147409439087,0.0032405853271484375
14,9,160,3.2737743854522705,3.2741169929504395,0.0003426074981689453
14,10,160,3.4976565837860107,3.5017318725585938,0.004075288772583008
14,11,160,3.1188201904296875,3.1195406913757324,0.0007205009460449219
14,12,160,3.3343567848205566,3.334954261779785,0.0005974769592285156
14,13,160,3.80757212638855,3.807774782180786,0.00020265579223632812
14,14,160,3.637634515762329,3.640547275543213,0.002912759780883789
14,15,160,3.5595288276672363,3.5579352378845215,-0.0015935897827148438
14,16,160,3.91955304145813,3.919994831085205,0.0004417896270751953
14,17,160,3.5629773139953613,3.5617880821228027,-0.0011892318725585938
14,18,160,2.9200689792633057,2.919180393218994,-0.0008885860443115234
14,19,160,2.5281593799591064,2.529649496078491,0.0014901161193847656
15,0,160,3.411754846572876,3.411280393600464,-0.0004744529724121094
15,1,160,3.5385618209838867,3.536406993865967,-0.002154827117919922
15,2,160,3.4561805725097656,3.4557077884674072,-0.00047278404235839844
15,3,160,2.999037742614746,2.9981625080108643,-0.0008752346038818359
15,4,160,2.837625503540039,2.8378243446350098,0.00019884109497070312
15,5,160,3.3331079483032227,3.3351798057556152,0.002071857452392578
15,6,160,3.329303741455078,3.3298757076263428,0.0005719661712646484
15,7,160,3.3449511528015137,3.3468194007873535,0.0018682479858398438
15,8,160,3.0519068241119385,3.051849603652954,-5.7220458984375e-05
15,9,160,3.2737743854522705,3.273329257965088,-0.0004451274871826172
15,10,160,3.4976565837860107,3.498281717300415,0.0006251335144042969
15,11,160,3.1188201904296875,3.1198225021362305,0.0010023117065429688
15,12,160,3.3343567848205566,3.3338418006896973,-0.000514984130859375
15,13,160,3.80757212638855,3.8082432746887207,0.0006711483001708984
15,14,160,3.637634515762329,3.6381702423095703,0.0005357265472412109
15,15,160,3.5595288276672363,3.5601751804351807,0.0006463527679443359
15,16,160,3.91955304145813,3.921294927597046,0.0017418861389160156
15,17,160,3.5629773139953613,3.5657191276550293,0.0027418136596679688
15,18,160,2.9200689792633057,2.921351671218872,0.0012826919555664062
15,19,160,2.5281593799591064,2.5284645557403564,0.00030517578125
16,0,160,3.411754846572876,3.409562587738037,-0.002192258834838867
16,1,160,3.5385618209838867,3.538719892501831,0.00015807151794433594
16,2,160,3.4561805725097656,3.456735610961914,0.0005550384521484375
16,3,160,2.999037742614746,2.998030662536621,-0.001007080078125
16,4,160,2.837625503540039,2.8381941318511963,0.0005686283111572266
16,5,160,3.3331079483032227,3.332854986190796,-0.0002529621124267578
16,6,160,3.329303741455078,3.3294332027435303,0.00012946128845214844
16,7,160,3.3449511528015137,3.3448214530944824,-0.00012969970703125
16,8,160,3.0519068241119385,3.0512566566467285,-0.0006501674652099609
16,9,160,3.2737743854522705,3.2735345363616943,-0.00023984909057617188
16,10,160,3.4976565837860107,3.497426748275757,-0.00022983551025390625
16,11,160,3.1188201904296875,3.1180527210235596,-0.0007674694061279297
16,12,160,3.3343567848205566,3.3417129516601562,0.007356166839599609
16,13,160,3.80757212638855,3.8074958324432373,-7.62939453125e-05
16,14,160,3.637634515762329,3.636981964111328,-0.0006525516510009766
16,15,160,3.5595288276672363,3.560486078262329,0.0009572505950927734
16,16,160,3.91955304145813,3.9202895164489746,0.0007364749908447266
16,17,160,3.5629773139953613,3.5670082569122314,0.004030942916870117
16,18,160,2.9200689792633057,2.9196581840515137,-0.0004107952117919922
16,19,160,2.5281593799591064,2.5283658504486084,0.00020647048950195312
17,0,160,3.411754846572876,3.4111483097076416,-0.000606536865234375
17,1,160,3.5385618209838867,3.5401594638824463,0.0015976428985595703
17,2,160,3.4561805725097656,3.456364870071411,0.0001842975616455078
17,3,160,2.999037742614746,2.997093677520752,-0.0019440650939941406
17,4,160,2.837625503540039,2.8380019664764404,0.0003764629364013672
17,5,160,3.3331079483032227,3.33231782913208,-0.0007901191711425781
17,6,160,3.329303741455078,3.329439401626587,0.00013566017150878906
17,7,160,3.3449511528015137,3.3441550731658936,-0.0007960796356201172
17,8,160,3.0519068241119385,3.0539674758911133,0.0020606517791748047
17,9,160,3.2737743854522705,3.2751071453094482,0.0013327598571777344
17,10,160,3.4976565837860107,3.4969558715820312,-0.0007007122039794922
17,11,160,3.1188201904296875,3.1174755096435547,-0.0013446807861328125
17,12,160,3.3343567848205566,3.3340580463409424,-0.0002987384796142578
17,13,160,3.80757212638855,3.805891990661621,-0.001680135726928711
17,14,160,3.637634515762329,3.638058662414551,0.0004241466522216797
17,15,160,3.5595288276672363,3.559305429458618,-0.00022339820861816406
17,16,160,3.91955304145813,3.918499708175659,-0.0010533332824707031
17,17,160,3.5629773139953613,3.5652225017547607,0.002245187759399414
17,18,160,2.9200689792633057,2.921149969100952,0.0010809898376464844
17,19,160,2.5281593799591064,2.5270912647247314,-0.001068115234375
18,0,160,3.411754846572876,3.4161081314086914,0.00435328483581543
18,1,160,3.5385618209838867,3.544017791748047,0.005455970764160156
18,2,160,3.4561805725097656,3.457948684692383,0.0017681121826171875
18,3,160,2.999037742614746,2.99786639213562,-0.0011713504791259766
18,4,160,2.837625503540039,2.8392293453216553,0.001603841781616211
18,5,160,3.3331079483032227,3.3339483737945557,0.0008404254913330078
18,6,160,3.329303741455078,3.3295109272003174,0.0002071857452392578
18,7,160,3.3449511528015137,3.3451688289642334,0.00021767616271972656
18,8,160,3.0519068241119385,3.052368402481079,0.000461578369140625
18,9,160,3.2737743854522705,3.2737343311309814,-4.00543212890625e-05
18,10,160,3.4976565837860107,3.4983415603637695,0.0006849765777587891
18,11,160,3.1188201904296875,3.1205198764801025,0.001699686050415039
18,12,160,3.3343567848205566,3.3350112438201904,0.0006544589996337891
18,13,160,3.80757212638855,3.809171676635742,0.0015995502471923828
18,14,160,3.637634515762329,3.637066602706909,-0.0005679130554199219
18,15,160,3.5595288276672363,3.5609288215637207,0.001399993896484375
18,16,160,3.91955304145813,3.919743061065674,0.0001900196075439453
18,17,160,3.5629773139953613,3.5615663528442383,-0.0014109611511230469
18,18,160,2.9200689792633057,2.920452356338501,0.0003833770751953125
18,19,160,2.5281593799591064,2.5284433364868164,0.00028395652770996094
19,0,160,3.411754846572876,3.410540819168091,-0.0012140274047851562
19,1,160,3.5385618209838867,3.5380821228027344,-0.00047969818115234375
19,2,160,3.4561805725097656,3.456026792526245,-0.0001537799835205078
19,3,160,2.999037742614746,2.9983134269714355,-0.0007243156433105469
19,4,160,2.837625503540039,2.83683180809021,-0.0007936954498291016
19,5,160,3.3331079483032227,3.33371639251709,0.0006084442138671875
19,6,160,3.329303741455078,3.3275067806243896,-0.0017969608306884766
19,7,160,3.3449511528015137,3.3433997631073,-0.0015513896942138672
19,8,160,3.0519068241119385,3.0529799461364746,0.0010731220245361328
19,9,160,3.2737743854522705,3.2739717960357666,0.00019741058349609375
19,10,160,3.4976565837860107,3.500152111053467,0.0024955272674560547
19,11,160,3.1188201904296875,3.1189002990722656,8.0108642578125e-05
19,12,160,3.3343567848205566,3.333326816558838,-0.00102996826171875
19,13,160,3.80757212638855,3.80678391456604,-0.0007882118225097656
19,14,160,3.637634515762329,3.63845157623291,0.0008170604705810547
19,15,160,3.5595288276672363,3.5593574047088623,-0.00017142295837402344
19,16,160,3.91955304145813,3.918720245361328,-0.0008327960968017578
19,17,160,3.5629773139953613,3.561333656311035,-0.0016436576843261719
19,18,160,2.9200689792633057,2.920541524887085,0.0004725456237792969
19,19,160,2.5281593799591064,2.5266151428222656,-0.0015442371368408203
20,0,160,3.411754846572876,3.412062406539917,0.0003075599670410156
20,1,160,3.5385618209838867,3.5384907722473145,-7.104873657226562e-05
20,2,160,3.4561805725097656,3.457338333129883,0.0011577606201171875
20,3,160,2.999037742614746,2.9973702430725098,-0.0016674995422363281
20,4,160,2.837625503540039,2.8379101753234863,0.0002846717834472656
20,5,160,3.3331079483032227,3.3346846103668213,0.0015766620635986328
20,6,160,3.329303741455078,3.328144073486328,-0.00115966796875
20,7,160,3.3449511528015137,3.3446829319000244,-0.0002682209014892578
20,8,160,3.0519068241119385,3.051262378692627,-0.0006444454193115234
20,9,160,3.2737743854522705,3.2751805782318115,0.0014061927795410156
20,10,160,3.4976565837860107,3.496262311935425,-0.0013942718505859375
20,11,160,3.1188201904296875,3.119396448135376,0.0005762577056884766
20,12,160,3.3343567848205566,3.3367600440979004,0.00240325927734375
20,13,160,3.80757212638855,3.8064706325531006,-0.0011014938354492188
20,14,160,3.637634515762329,3.636580228805542,-0.0010542869567871094
20,15,160,3.5595288276672363,3.56030011177063,0.0007712841033935547
20,16,160,3.91955304145813,3.9179892539978027,-0.0015637874603271484
20,17,160,3.5629773139953613,3.5748701095581055,0.01189279556274414
20,18,160,2.9200689792633057,2.9200026988983154,-6.628036499023438e-05
20,19,160,2.5281593799591064,2.527212619781494,-0.0009467601776123047
21,0,160,3.411754846572876,3.4137027263641357,0.0019478797912597656
21,1,160,3.5385618209838867,3.53843092918396,-0.0001308917999267578
21,2,160,3.4561805725097656,3.4549498558044434,-0.0012307167053222656
21,3,160,2.999037742614746,2.9982492923736572,-0.0007884502410888672
21,4,160,2.837625503540039,2.8358094692230225,-0.0018160343170166016
21,5,160,3.3331079483032227,3.3315415382385254,-0.0015664100646972656
21,6,160,3.329303741455078,3.3291971683502197,-0.00010657310485839844
21,7,160,3.3449511528015137,3.344381093978882,-0.0005700588226318359
21,8,160,3.0519068241119385,3.0515522956848145,-0.00035452842712402344
21,9,160,3.2737743854522705,3.272651195526123,-0.001123189926147461
21,10,160,3.4976565837860107,3.4957027435302734,-0.0019538402557373047
21,11,160,3.1188201904296875,3.119908571243286,0.0010883808135986328
21,12,160,3.3343567848205566,3.3352439403533936,0.0008871555328369141
21,13,160,3.80757212638855,3.807715892791748,0.0001437664031982422
21,14,160,3.637634515762329,3.637356758117676,-0.0002777576446533203
21,15,160,3.5595288276672363,3.5588788986206055,-0.0006499290466308594
21,16,160,3.91955304145813,3.918584108352661,-0.00096893310546875
21,17,160,3.5629773139953613,3.5659897327423096,0.003012418746948242
21,18,160,2.9200689792633057,2.921977996826172,0.001909017562866211
21,19,160,2.5281593799591064,2.527735710144043,-0.00042366981506347656
22,0,160,3.411754846572876,3.4112770557403564,-0.00047779083251953125
22,1,160,3.5385618209838867,3.5383875370025635,-0.0001742839813232422
22,2,160,3.4561805725097656,3.4568114280700684,0.0006308555603027344
22,3,160,2.999037742614746,2.99794602394104,-0.0010917186737060547
22,4,160,2.837625503540039,2.8379197120666504,0.0002942085266113281
22,5,160,3.3331079483032227,3.3347742557525635,0.0016663074493408203
22,6,160,3.329303741455078,3.3295819759368896,0.00027823448181152344
22,7,160,3.3449511528015137,3.344966411590576,1.52587890625e-05
22,8,160,3.0519068241119385,3.0508506298065186,-0.0010561943054199219
22,9,160,3.2737743854522705,3.272385597229004,-0.0013887882232666016
22,10,160,3.4976565837860107,3.497426986694336,-0.0002295970916748047
22,11,160,3.1188201904296875,3.117633104324341,-0.0011870861053466797
22,12,160,3.3343567848205566,3.3344080448150635,5.125999450683594e-05
22,13,160,3.80757212638855,3.805428981781006,-0.0021431446075439453
22,14,160,3.637634515762329,3.6373789310455322,-0.000255584716796875
22,15,160,3.5595288276672363,3.560699224472046,0.0011703968048095703
22,16,160,3.91955304145813,3.9194767475128174,-7.62939453125e-05
22,17,160,3.5629773139953613,3.5627996921539307,-0.00017762184143066406
22,18,160,2.9200689792633057,2.918956995010376,-0.0011119842529296875
22,19,160,2.5281593799591064,2.526817560195923,-0.0013418197631835938
23,0,160,3.411754846572876,3.411862850189209,0.00010800361633300781
23,1,160,3.5385618209838867,3.5405049324035645,0.0019431114196777344
23,2,160,3.4561805725097656,3.454333782196045,-0.0018467903137207031
23,3,160,2.999037742614746,2.9950268268585205,-0.004010915756225586
23,4,160,2.837625503540039,2.8379766941070557,0.00035119056701660156
23,5,160,3.3331079483032227,3.3337485790252686,0.0006406307220458984
23,6,160,3.329303741455078,3.3277089595794678,-0.0015947818756103516
23,7,160,3.3449511528015137,3.345928430557251,0.0009772777557373047
23,8,160,3.0519068241119385,3.0506045818328857,-0.0013022422790527344
23,9,160,3.2737743854522705,3.274144172668457,0.00036978721618652344
23,10,160,3.4976565837860107,3.4982059001922607,0.00054931640625
23,11,160,3.1188201904296875,3.1165316104888916,-0.0022885799407958984
23,12,160,3.3343567848205566,3.33370304107666,-0.0006537437438964844
23,13,160,3.80757212638855,3.80669903755188,-0.0008730888366699219
23,14,160,3.637634515762329,3.6373445987701416,-0.0002899169921875
23,15,160,3.5595288276672363,3.55873966217041,-0.0007891654968261719
23,16,160,3.91955304145813,3.9190375804901123,-0.0005154609680175781
23,17,160,3.5629773139953613,3.563459873199463,0.0004825592041015625
23,18,160,2.9200689792633057,2.918393611907959,-0.0016753673553466797
23,19,160,2.5281593799591064,2.5304324626922607,0.002273082733154297
24,0,160,3.411754846572876,3.4132869243621826,0.0015320777893066406
24,1,160,3.5385618209838867,3.5386099815368652,4.8160552978515625e-05
24,2,160,3.4561805725097656,3.458218574523926,0.0020380020141601562
24,3,160,2.999037742614746,2.998769998550415,-0.0002677440643310547
24,4,160,2.837625503540039,2.83647084236145,-0.0011546611785888672
24,5,160,3.3331079483032227,3.3340649604797363,0.0009570121765136719
24,6,160,3.329303741455078,3.3297369480133057,0.00043320655822753906
24,7,160,3.3449511528015137,3.3451731204986572,0.0002219676971435547
24,8,160,3.0519068241119385,3.0541884899139404,0.002281665802001953
24,9,160,3.2737743854522705,3.2747488021850586,0.0009744167327880859
24,10,160,3.4976565837860107,3.497796058654785,0.00013947486877441406
24,11,160,3.1188201904296875,3.1187143325805664,-0.00010585784912109375
24,12,160,3.3343567848205566,3.3347272872924805,0.0003705024719238281
24,13,160,3.80757212638855,3.807436943054199,-0.00013518333435058594
24,14,160,3.637634515762329,3.6380045413970947,0.000370025634765625
24,15,160,3.5595288276672363,3.5608229637145996,0.0012941360473632812
24,16,160,3.91955304145813,3.917755603790283,-0.0017974376678466797
24,17,160,3.5629773139953613,3.560793876647949,-0.0021834373474121094
24,18,160,2.9200689792633057,2.9202401638031006,0.00017118453979492188
24,19,160,2.5281593799591064,2.527334213256836,-0.0008251667022705078
25,0,160,3.411754846572876,3.4111483097076416,-0.000606536865234375
25,1,160,3.5385618209838867,3.536996603012085,-0.0015652179718017578
25,2,160,3.4561805725097656,3.455423593521118,-0.0007569789886474609
25,3,160,2.999037742614746,2.9996135234832764,0.0005757808685302734
25,4,160,2.837625503540039,2.837883710861206,0.0002582073211669922
25,5,160,3.3331079483032227,3.3338968753814697,0.0007889270782470703
25,6,160,3.329303741455078,3.3301360607147217,0.0008323192596435547
25,7,160,3.3449511528015137,3.3463258743286133,0.0013747215270996094
25,8,160,3.0519068241119385,3.053299903869629,0.0013930797576904297
25,9,160,3.2737743854522705,3.2735464572906494,-0.00022792816162109375
25,10,160,3.4976565837860107,3.4990429878234863,0.001386404037475586
25,11,160,3.1188201904296875,3.119708299636841,0.0008881092071533203
25,12,160,3.3343567848205566,3.332397222518921,-0.001959562301635742
25,13,160,3.80757212638855,3.8087158203125,0.0011436939239501953
25,14,160,3.637634515762329,3.6364054679870605,-0.0012290477752685547
25,15,160,3.5595288276672363,3.558490514755249,-0.0010383129119873047
25,16,160,3.91955304145813,3.9203405380249023,0.0007874965667724609
25,17,160,3.5629773139953613,3.5690042972564697,0.0060269832611083984
25,18,160,2.9200689792633057,2.9215033054351807,0.001434326171875
25,19,160,2.5281593799591064,2.5271835327148438,-0.0009758472442626953
26,0,160,3.411754846572876,3.410625457763672,-0.0011293888092041016
26,1,160,3.5385618209838867,3.5372965335845947,-0.0012652873992919922
26,2,160,3.4561805725097656,3.45611834526062,-6.222724914550781e-05
26,3,160,2.999037742614746,2.998774766921997,-0.00026297569274902344
26,4,160,2.837625503540039,2.8365530967712402,-0.0010724067687988281
26,5,160,3.3331079483032227,3.3330397605895996,-6.818771362304688e-05
26,6,160,3.329303741455078,3.331862688064575,0.0025589466094970703
26,7,160,3.3449511528015137,3.3447442054748535,-0.00020694732666015625
26,8,160,3.0519068241119385,3.0512139797210693,-0.0006928443908691406
26,9,160,3.2737743854522705,3.2747561931610107,0.0009818077087402344
26,10,160,3.4976565837860107,3.497969627380371,0.00031304359436035156
26,11,160,3.1188201904296875,3.1167171001434326,-0.002103090286254883
26,12,160,3.3343567848205566,3.335744619369507,0.0013878345489501953
26,13,160,3.80757212638855,3.8068811893463135,-0.0006909370422363281
26,14,160,3.637634515762329,3.6394548416137695,0.0018203258514404297
26,15,160,3.5595288276672363,3.558926582336426,-0.0006022453308105469
26,16,160,3.91955304145813,3.9181180000305176,-0.0014350414276123047
26,17,160,3.5629773139953613,3.5629544258117676,-2.288818359375e-05
26,18,160,2.9200689792633057,2.9208908081054688,0.0008218288421630859
26,19,160,2.5281593799591064,2.5255212783813477,-0.002638101577758789
27,0,160,3.411754846572876,3.41143536567688,-0.00031948089599609375
27,1,160,3.5385618209838867,3.5400686264038086,0.001506805419921875
27,2,160,3.4561805725097656,3.4552371501922607,-0.0009434223175048828
27,3,160,2.999037742614746,2.997411012649536,-0.001626729965209961
27,4,160,2.837625503540039,2.8372323513031006,-0.00039315223693847656
27,5,160,3.3331079483032227,3.332319974899292,-0.0007879734039306641
27,6,160,3.329303741455078,3.3278543949127197,-0.0014493465423583984
27,7,160,3.3449511528015137,3.343867540359497,-0.0010836124420166016
27,8,160,3.0519068241119385,3.0516583919525146,-0.0002484321594238281
27,9,160,3.2737743854522705,3.272819995880127,-0.0009543895721435547
27,10,160,3.4976565837860107,3.4980661869049072,0.0004096031188964844
27,11,160,3.1188201904296875,3.119032144546509,0.00021195411682128906
27,12,160,3.3343567848205566,3.334322452545166,-3.4332275390625e-05
27,13,160,3.80757212638855,3.8081417083740234,0.0005695819854736328
27,14,160,3.637634515762329,3.636688232421875,-0.0009462833404541016
27,15,160,3.5595288276672363,3.5599513053894043,0.00042247772216796875
27,16,160,3.91955304145813,3.917213201522827,-0.0023398399353027344
27,17,160,3.5629773139953613,3.5632553100585938,0.0002779960632324219
27,18,160,2.9200689792633057,2.9187417030334473,-0.0013272762298583984
27,19,160,2.5281593799591064,2.527467727661133,-0.0006916522979736328
28,0,160,3.411754846572876,3.412275791168213,0.0005209445953369141
28,1,160,3.5385618209838867,3.5383262634277344,-0.00023555755615234375
28,2,160,3.4561805725097656,3.455796957015991,-0.00038361549377441406
28,3,160,2.999037742614746,2.9989278316497803,-0.00010991096496582031
28,4,160,2.837625503540039,2.8355541229248047,-0.002071380615234375
28,5,160,3.3331079483032227,3.331953525543213,-0.0011544227600097656
28,6,160,3.329303741455078,3.32940411567688,0.00010037422180175781
28,7,160,3.3449511528015137,3.347665309906006,0.0027141571044921875
28,8,160,3.0519068241119385,3.0526840686798096,0.0007772445678710938
28,9,160,3.2737743854522705,3.2759575843811035,0.002183198928833008
28,10,160,3.4976565837860107,3.498626947402954,0.0009703636169433594
28,11,160,3.1188201904296875,3.1177048683166504,-0.0011153221130371094
28,12,160,3.3343567848205566,3.333360433578491,-0.0009963512420654297
28,13,160,3.80757212638855,3.8075530529022217,-1.9073486328125e-05
28,14,160,3.637634515762329,3.638554573059082,0.0009200572967529297
28,15,160,3.5595288276672363,3.5595009326934814,-2.7894973754882812e-05
28,16,160,3.91955304145813,3.92020845413208,0.0006554126739501953
28,17,160,3.5629773139953613,3.5655665397644043,0.0025892257690429688
28,18,160,2.9200689792633057,2.919569253921509,-0.000499725341796875
28,19,160,2.5281593799591064,2.528214931488037,5.555152893066406e-05
29,0,160,3.411754846572876,3.410684585571289,-0.001070261001586914
29,1,160,3.5385618209838867,3.5373246669769287,-0.0012371540069580078
29,2,160,3.4561805725097656,3.4554595947265625,-0.000720977783203125
29,3,160,2.999037742614746,2.998673439025879,-0.0003643035888671875
29,4,160,2.837625503540039,2.839219808578491,0.0015943050384521484
29,5,160,3.3331079483032227,3.3317294120788574,-0.0013785362243652344
29,6,160,3.329303741455078,3.328997850418091,-0.0003058910369873047
29,7,160,3.3449511528015137,3.3452630043029785,0.00031185150146484375
29,8,160,3.0519068241119385,3.0506439208984375,-0.0012629032135009766
29,9,160,3.2737743854522705,3.2737207412719727,-5.364418029785156e-05
29,10,160,3.4976565837860107,3.4970977306365967,-0.0005588531494140625
29,11,160,3.1188201904296875,3.1180739402770996,-0.0007462501525878906
29,12,160,3.3343567848205566,3.3337016105651855,-0.0006551742553710938
29,13,160,3.80757212638855,3.8079495429992676,0.00037741661071777344
29,14,160,3.637634515762329,3.637195348739624,-0.0004391670227050781
29,15,160,3.5595288276672363,3.557345151901245,-0.002183675765991211
29,16,160,3.91955304145813,3.919480800628662,-7.224082946777344e-05
29,17,160,3.5629773139953613,3.5631625652313232,0.00018525123596191406
29,18,160,2.9200689792633057,2.9176509380340576,-0.002418041229248047
29,19,160,2.5281593799591064,2.528549909591675,0.0003905296325683594
30,0,160,3.411754846572876,3.4099767208099365,-0.0017781257629394531
30,1,160,3.5385618209838867,3.5371057987213135,-0.0014560222625732422
30,2,160,3.4561805725097656,3.4560999870300293,-8.058547973632812e-05
30,3,160,2.999037742614746,3.0001516342163086,0.0011138916015625
30,4,160,2.837625503540039,2.838679313659668,0.0010538101196289062
30,5,160,3.3331079483032227,3.3346266746520996,0.0015187263488769531
30,6,160,3.329303741455078,3.3317391872406006,0.002435445785522461
30,7,160,3.3449511528015137,3.3460421562194824,0.00109100341796875
30,8,160,3.0519068241119385,3.051557779312134,-0.0003490447998046875
30,9,160,3.2737743854522705,3.274017333984375,0.0002429485321044922
30,10,160,3.4976565837860107,3.500166416168213,0.0025098323822021484
30,11,160,3.1188201904296875,3.1172118186950684,-0.0016083717346191406
30,12,160,3.3343567848205566,3.3346357345581055,0.0002789497375488281
30,13,160,3.80757212638855,3.8068292140960693,-0.0007429122924804688
30,14,160,3.637634515762329,3.6363470554351807,-0.0012874603271484375
30,15,160,3.5595288276672363,3.5601744651794434,0.0006456375122070312
30,16,160,3.91955304145813,3.9211106300354004,0.0015575885772705078
30,17,160,3.5629773139953613,3.5663318634033203,0.0033545494079589844
30,18,160,2.9200689792633057,2.921424388885498,0.0013554096221923828
30,19,160,2.5281593799591064,2.5260636806488037,-0.0020956993103027344
31,0,160,3.411754846572876,3.411386728286743,-0.0003681182861328125
31,1,160,3.5385618209838867,3.5396082401275635,0.0010464191436767578
31,2,160,3.4561805725097656,3.455526113510132,-0.0006544589996337891
31,3,160,2.999037742614746,3.000839948654175,0.001802206039428711
31,4,160,2.837625503540039,2.8386588096618652,0.0010333061218261719
31,5,160,3.3331079483032227,3.33091402053833,-0.002193927764892578
31,6,160,3.329303741455078,3.3304409980773926,0.0011372566223144531
31,7,160,3.3449511528015137,3.3453919887542725,0.00044083595275878906
31,8,160,3.0519068241119385,3.0515551567077637,-0.0003516674041748047
31,9,160,3.2737743854522705,3.2719829082489014,-0.0017914772033691406
31,10,160,3.4976565837860107,3.4972894191741943,-0.00036716461181640625
31,11,160,3.1188201904296875,3.1192688941955566,0.0004487037658691406
31,12,160,3.3343567848205566,3.3348467350006104,0.0004899501800537109
31,13,160,3.80757212638855,3.807145833969116,-0.00042629241943359375
31,14,160,3.637634515762329,3.6384105682373047,0.0007760524749755859
31,15,160,3.5595288276672363,3.5594942569732666,-3.457069396972656e-05
31,16,160,3.91955304145813,3.917239189147949,-0.002313852310180664
31,17,160,3.5629773139953613,3.5625250339508057,-0.00045228004455566406
31,18,160,2.9200689792633057,2.9197537899017334,-0.0003151893615722656
31,19,160,2.5281593799591064,2.5280601978302,-9.918212890625e-05
32,0,160,3.411754846572876,3.4136133193969727,0.0018584728240966797
32,1,160,3.5385618209838867,3.5405702590942383,0.0020084381103515625
32,2,160,3.4561805725097656,3.4555160999298096,-0.0006644725799560547
32,3,160,2.999037742614746,3.001027822494507,0.001990079879760742
32,4,160,2.837625503540039,2.8371520042419434,-0.0004734992980957031
32,5,160,3.3331079483032227,3.3332643508911133,0.000156402587890625
32,6,160,3.329303741455078,3.3280868530273438,-0.001216888427734375
32,7,160,3.3449511528015137,3.3446552753448486,-0.00029587745666503906
32,8,160,3.0519068241119385,3.0496928691864014,-0.0022139549255371094
32,9,160,3.2737743854522705,3.274453639984131,0.0006792545318603516
32,10,160,3.4976565837860107,3.497227191925049,-0.00042939186096191406
32,11,160,3.1188201904296875,3.1186506748199463,-0.00016951560974121094
32,12,160,3.3343567848205566,3.333670139312744,-0.0006866455078125
32,13,160,3.80757212638855,3.8072471618652344,-0.0003249645233154297
32,14,160,3.637634515762329,3.6383461952209473,0.0007116794586181641
32,15,160,3.5595288276672363,3.559788703918457,0.0002598762512207031
32,16,160,3.91955304145813,3.9185047149658203,-0.0010483264923095703
32,17,160,3.5629773139953613,3.565113067626953,0.002135753631591797
32,18,160,2.9200689792633057,2.920363187789917,0.0002942085266113281
32,19,160,2.5281593799591064,2.526677131652832,-0.001482248306274414
33,0,160,3.411754846572876,3.4153168201446533,0.0035619735717773438
33,1,160,3.5385618209838867,3.539334774017334,0.0007729530334472656
33,2,160,3.4561805725097656,3.454585075378418,-0.0015954971313476562
33,3,160,2.999037742614746,2.9989547729492188,-8.296966552734375e-05
33,4,160,2.837625503540039,2.8367526531219482,-0.0008728504180908203
33,5,160,3.3331079483032227,3.331198215484619,-0.0019097328186035156
33,6,160,3.329303741455078,3.329400062561035,9.632110595703125e-05
33,7,160,3.3449511528015137,3.3449347019195557,-1.6450881958007812e-05
33,8,160,3.0519068241119385,3.0531091690063477,0.0012023448944091797
33,9,160,3.2737743854522705,3.272268295288086,-0.0015060901641845703
33,10,160,3.4976565837860107,3.497445583343506,-0.0002110004425048828
33,11,160,3.1188201904296875,3.1173038482666016,-0.0015163421630859375
33,12,160,3.3343567848205566,3.3322865962982178,-0.002070188522338867
33,13,160,3.80757212638855,3.8089287281036377,0.0013566017150878906
33,14,160,3.637634515762329,3.637326240539551,-0.0003082752227783203
33,15,160,3.5595288276672363,3.5600192546844482,0.0004904270172119141
33,16,160,3.91955304145813,3.920309543609619,0.0007565021514892578
33,17,160,3.5629773139953613,3.562786102294922,-0.00019121170043945312
33,18,160,2.9200689792633057,2.9196507930755615,-0.0004181861877441406
33,19,160,2.5281593799591064,2.5291075706481934,0.0009481906890869141
34,0,160,3.411754846572876,3.4114489555358887,-0.0003058910369873047
34,1,160,3.5385618209838867,3.538318634033203,-0.00024318695068359375
34,2,160,3.4561805725097656,3.455906391143799,-0.0002741813659667969
34,3,160,2.999037742614746,3.0007057189941406,0.0016679763793945312
34,4,160,2.837625503540039,2.8378188610076904,0.0001933574676513672
34,5,160,3.3331079483032227,3.3344507217407227,0.0013427734375
34,6,160,3.329303741455078,3.329329013824463,2.5272369384765625e-05
34,7,160,3.3449511528015137,3.346907377243042,0.0019562244415283203
34,8,160,3.0519068241119385,3.0522193908691406,0.00031256675720214844
34,9,160,3.2737743854522705,3.2741856575012207,0.0004112720489501953
34,10,160,3.4976565837860107,3.498522996902466,0.0008664131164550781
34,11,160,3.1188201904296875,3.1190593242645264,0.0002391338348388672
34,12,160,3.3343567848205566,3.3336570262908936,-0.0006997585296630859
34,13,160,3.80757212638855,3.808408498764038,0.0008363723754882812
34,14,160,3.637634515762329,3.638806104660034,0.0011715888977050781
34,15,160,3.5595288276672363,3.5602548122406006,0.0007259845733642578
34,16,160,3.91955304145813,3.919067621231079,-0.00048542022705078125
34,17,160,3.5629773139953613,3.565516948699951,0.0025396347045898438
34,18,160,2.9200689792633057,2.9211132526397705,0.0010442733764648438
34,19,160,2.5281593799591064,2.528860092163086,0.0007007122039794922
35,0,160,3.411754846572876,3.411609411239624,-0.00014543533325195312
35,1,160,3.5385618209838867,3.537132978439331,-0.001428842544555664
35,2,160,3.4561805725097656,3.456092119216919,-8.845329284667969e-05
35,3,160,2.999037742614746,3.000492811203003,0.001455068588256836
35,4,160,2.837625503540039,2.839200973510742,0.001575469970703125
35,5,160,3.3331079483032227,3.333648920059204,0.0005409717559814453
35,6,160,3.329303741455078,3.330517530441284,0.0012137889862060547
35,7,160,3.3449511528015137,3.3459503650665283,0.0009992122650146484
35,8,160,3.0519068241119385,3.0539093017578125,0.0020024776458740234
35,9,160,3.2737743854522705,3.2746469974517822,0.0008726119995117188
35,10,160,3.4976565837860107,3.498554229736328,0.0008976459503173828
35,11,160,3.1188201904296875,3.1176908016204834,-0.0011293888092041016
35,12,160,3.3343567848205566,3.3347017765045166,0.00034499168395996094
35,13,160,3.80757212638855,3.809404134750366,0.0018320083618164062
35,14,160,3.637634515762329,3.6381468772888184,0.0005123615264892578
35,15,160,3.5595288276672363,3.561577558517456,0.0020487308502197266
35,16,160,3.91955304145813,3.9219367504119873,0.002383708953857422
35,17,160,3.5629773139953613,3.564884662628174,0.0019073486328125
35,18,160,2.9200689792633057,2.9194490909576416,-0.0006198883056640625
35,19,160,2.5281593799591064,2.527557611465454,-0.0006017684936523438
36,0,160,3.411754846572876,3.4122354984283447,0.00048065185546875
36,1,160,3.5385618209838867,3.539823055267334,0.0012612342834472656
36,2,160,3.4561805725097656,3.4554288387298584,-0.0007517337799072266
36,3,160,2.999037742614746,2.9976930618286133,-0.0013446807861328125
36,4,160,2.837625503540039,2.837857723236084,0.00023221969604492188
36,5,160,3.3331079483032227,3.334279775619507,0.0011718273162841797
36,6,160,3.329303741455078,3.328975200653076,-0.0003285408020019531
36,7,160,3.3449511528015137,3.3439383506774902,-0.0010128021240234375
36,8,160,3.0519068241119385,3.050916910171509,-0.0009899139404296875
36,9,160,3.2737743854522705,3.2728331089019775,-0.0009412765502929688
36,10,160,3.4976565837860107,3.498413324356079,0.0007567405700683594
36,11,160,3.1188201904296875,3.119123935699463,0.0003037452697753906
36,12,160,3.3343567848205566,3.3347389698028564,0.0003821849822998047
36,13,160,3.80757212638855,3.8085289001464844,0.0009567737579345703
36,14,160,3.637634515762329,3.6371874809265137,-0.0004470348358154297
36,15,160,3.5595288276672363,3.560551643371582,0.0010228157043457031
36,16,160,3.91955304145813,3.9196481704711914,9.512901306152344e-05
36,17,160,3.5629773139953613,3.564028739929199,0.0010514259338378906
36,18,160,2.9200689792633057,2.9191653728485107,-0.0009036064147949219
36,19,160,2.5281593799591064,2.5276074409484863,-0.0005519390106201172
37,0,160,3.411754846572876,3.4127659797668457,0.0010111331939697266
37,1,160,3.5385618209838867,3.5366079807281494,-0.0019538402557373047
37,2,160,3.4561805725097656,3.4569132328033447,0.0007326602935791016
37,3,160,2.999037742614746,3.0006637573242188,0.0016260147094726562
37,4,160,2.837625503540039,2.837658643722534,3.314018249511719e-05
37,5,160,3.3331079483032227,3.333448648452759,0.0003407001495361328
37,6,160,3.329303741455078,3.3304061889648438,0.001102447509765625
37,7,160,3.3449511528015137,3.343785524368286,-0.001165628433227539
37,8,160,3.0519068241119385,3.0499935150146484,-0.001913309097290039
37,9,160,3.2737743854522705,3.27437162399292,0.0005972385406494141
37,10,160,3.4976565837860107,3.4999327659606934,0.002276182174682617
37,11,160,3.1188201904296875,3.118835210800171,1.5020370483398438e-05
37,12,160,3.3343567848205566,3.3345561027526855,0.00019931793212890625
37,13,160,3.80757212638855,3.806239128112793,-0.001332998275756836
37,14,160,3.637634515762329,3.6387951374053955,0.0011606216430664062
37,15,160,3.5595288276672363,3.5607104301452637,0.0011816024780273438
37,16,160,3.91955304145813,3.9195449352264404,-8.106231689453125e-06
37,17,160,3.5629773139953613,3.562711715698242,-0.0002655982971191406
37,18,160,2.9200689792633057,2.9196388721466064,-0.00043010711669921875
37,19,160,2.5281593799591064,2.5265212059020996,-0.001638174057006836
38,0,160,3.411754846572876,3.410881280899048,-0.000873565673828125
38,1,160,3.5385618209838867,3.5391042232513428,0.0005424022674560547
38,2,160,3.4561805725097656,3.459843873977661,0.003663301467895508
38,3,160,2.999037742614746,3.0008792877197266,0.0018415451049804688
38,4,160,2.837625503540039,2.841233015060425,0.003607511520385742
38,5,160,3.3331079483032227,3.3338356018066406,0.0007276535034179688
38,6,160,3.329303741455078,3.3320417404174805,0.0027379989624023438
38,7,160,3.3449511528015137,3.3486998081207275,0.003748655319213867
38,8,160,3.0519068241119385,3.052302122116089,0.0003952980041503906
38,9,160,3.2737743854522705,3.274244785308838,0.0004703998565673828
38,10,160,3.4976565837860107,3.500347852706909,0.0026912689208984375
38,11,160,3.1188201904296875,3.1204981803894043,0.0016779899597167969
38,12,160,3.3343567848205566,3.351370096206665,0.0170133113861084
38,13,160,3.80757212638855,3.806406021118164,-0.0011661052703857422
38,14,160,3.637634515762329,3.6371970176696777,-0.0004374980926513672
38,15,160,3.5595288276672363,3.5601258277893066,0.0005970001220703125
38,16,160,3.91955304145813,3.922212600708008,0.0026595592498779297
38,17,160,3.5629773139953613,3.564427614212036,0.0014503002166748047
38,18,160,2.9200689792633057,2.9193358421325684,-0.0007331371307373047
38,19,160,2.5281593799591064,2.5259647369384766,-0.002194643020629883
39,0,160,3.411754846572876,3.4117441177368164,-1.0728836059570312e-05
39,1,160,3.5385618209838867,3.539414644241333,0.0008528232574462891
39,2,160,3.4561805725097656,3.458514451980591,0.0023338794708251953
39,3,160,2.999037742614746,3.0002760887145996,0.0012383460998535156
39,4,160,2.837625503540039,2.8378162384033203,0.00019073486328125
39,5,160,3.3331079483032227,3.335526466369629,0.00241851806640625
39,6,160,3.329303741455078,3.329495906829834,0.00019216537475585938
39,7,160,3.3449511528015137,3.346513032913208,0.001561880111694336
39,8,160,3.0519068241119385,3.0533244609832764,0.0014176368713378906
39,9,160,3.2737743854522705,3.274655342102051,0.0008809566497802734
39,10,160,3.4976565837860107,3.498528242111206,0.0008716583251953125
39,11,160,3.1188201904296875,3.118983268737793,0.00016307830810546875
39,12,160,3.3343567848205566,3.334552049636841,0.0001952648162841797
39,13,160,3.80757212638855,3.8077080249786377,0.00013589859008789062
39,14,160,3.637634515762329,3.637866973876953,0.00023245811462402344
39,15,160,3.5595288276672363,3.55942702293396,-0.00010180473327636719
39,16,160,3.91955304145813,3.917759656906128,-0.0017933845520019531
39,17,160,3.5629773139953613,3.5616071224212646,-0.0013701915740966797
39,18,160,2.9200689792633057,2.918642044067383,-0.0014269351959228516
39,19,160,2.5281593799591064,2.528547763824463,0.0003883838653564453
40,0,160,3.411754846572876,3.4118220806121826,6.723403930664062e-05
40,1,160,3.5385618209838867,3.5377657413482666,-0.0007960796356201172
40,2,160,3.4561805725097656,3.4546427726745605,-0.0015377998352050781
40,3,160,2.999037742614746,2.9978630542755127,-0.0011746883392333984
40,4,160,2.837625503540039,2.837879180908203,0.0002536773681640625
40,5,160,3.3331079483032227,3.3335814476013184,0.0004734992980957031
40,6,160,3.329303741455078,3.3279707431793213,-0.001332998275756836
40,7,160,3.3449511528015137,3.3445024490356445,-0.0004487037658691406
40,8,160,3.0519068241119385,3.05237078666687,0.0004639625549316406
40,9,160,3.2737743854522705,3.273327589035034,-0.0004467964172363281
40,10,160,3.4976565837860107,3.49695086479187,-0.000705718994140625
40,11,160,3.1188201904296875,3.1210198402404785,0.0021996498107910156
40,12,160,3.3343567848205566,3.3423781394958496,0.008021354675292969
40,13,160,3.80757212638855,3.80644154548645,-0.0011305809020996094
40,14,160,3.637634515762329,3.6389927864074707,0.0013582706451416016
40,15,160,3.5595288276672363,3.5602831840515137,0.0007543563842773438
40,16,160,3.91955304145813,3.9195971488952637,4.410743713378906e-05
40,17,160,3.5629773139953613,3.562924861907959,-5.245208740234375e-05
40,18,160,2.9200689792633057,2.9193966388702393,-0.0006723403930664062
40,19,160,2.5281593799591064,2.5292420387268066,0.0010826587677001953
41,0,160,3.411754846572876,3.4134867191314697,0.00173187255859375
41,1,160,3.5385618209838867,3.539475679397583,0.0009138584136962891
41,2,160,3.4561805725097656,3.4576706886291504,0.0014901161193847656
41,3,160,2.999037742614746,2.9987692832946777,-0.0002684593200683594
41,4,160,2.837625503540039,2.8376822471618652,5.6743621826171875e-05
41,5,160,3.3331079483032227,3.3334293365478516,0.00032138824462890625
41,6,160,3.329303741455078,3.327826976776123,-0.0014767646789550781
41,7,160,3.3449511528015137,3.3438966274261475,-0.001054525375366211
41,8,160,3.0519068241119385,3.051365375518799,-0.0005414485931396484
41,9,160,3.2737743854522705,3.2746307849884033,0.0008563995361328125
41,10,160,3.4976565837860107,3.497565269470215,-9.131431579589844e-05
41,11,160,3.1188201904296875,3.119487762451172,0.000667572021484375
41,12,160,3.3343567848205566,3.335014581680298,0.0006577968597412109
41,13,160,3.80757212638855,3.807624578475952,5.245208740234375e-05
41,14,160,3.637634515762329,3.637277603149414,-0.00035691261291503906
41,15,160,3.5595288276672363,3.5596306324005127,0.00010180473327636719
41,16,160,3.91955304145813,3.9202632904052734,0.0007102489471435547
41,17,160,3.5629773139953613,3.561772108078003,-0.0012052059173583984
41,18,160,2.9200689792633057,2.9193620681762695,-0.0007069110870361328
41,19,160,2.5281593799591064,2.52766489982605,-0.0004944801330566406
42,0,160,3.411754846572876,3.4114632606506348,-0.00029158592224121094
42,1,160,3.5385618209838867,3.5388050079345703,0.00024318695068359375
42,2,160,3.4561805725097656,3.459596633911133,0.0034160614013671875
42,3,160,2.999037742614746,3.000777244567871,0.001739501953125
42,4,160,2.837625503540039,2.8384363651275635,0.0008108615875244141
42,5,160,3.3331079483032227,3.3343327045440674,0.0012247562408447266
42,6,160,3.329303741455078,3.332186698913574,0.0028829574584960938
42,7,160,3.3449511528015137,3.350313186645508,0.005362033843994141
42,8,160,3.0519068241119385,3.052578926086426,0.0006721019744873047
42,9,160,3.2737743854522705,3.275258779525757,0.0014843940734863281
42,10,160,3.4976565837860107,3.5015997886657715,0.003943204879760742
42,11,160,3.1188201904296875,3.11808180809021,-0.0007383823394775391
42,12,160,3.3343567848205566,3.3342702388763428,-8.654594421386719e-05
42,13,160,3.80757212638855,3.8090436458587646,0.0014715194702148438
42,14,160,3.637634515762329,3.6370434761047363,-0.0005910396575927734
42,15,160,3.5595288276672363,3.560230255126953,0.0007014274597167969
42,16,160,3.91955304145813,3.920950174331665,0.0013971328735351562
42,17,160,3.5629773139953613,3.562408208847046,-0.0005691051483154297
42,18,160,2.9200689792633057,2.9185523986816406,-0.001516580581665039
42,19,160,2.5281593799591064,2.528254747390747,9.5367431640625e-05
43,0,160,3.411754846572876,3.4124069213867188,0.0006520748138427734
43,1,160,3.5385618209838867,3.5384349822998047,-0.00012683868408203125
43,2,160,3.4561805725097656,3.4543211460113525,-0.001859426498413086
43,3,160,2.999037742614746,2.99816632270813,-0.0008714199066162109
43,4,160,2.837625503540039,2.8386075496673584,0.000982046127319336
43,5,160,3.3331079483032227,3.3342268466949463,0.0011188983917236328
43,6,160,3.329303741455078,3.3277509212493896,-0.0015528202056884766
43,7,160,3.3449511528015137,3.3450236320495605,7.2479248046875e-05
43,8,160,3.0519068241119385,3.052042245864868,0.0001354217529296875
43,9,160,3.2737743854522705,3.2720212936401367,-0.001753091812133789
43,10,160,3.4976565837860107,3.497600555419922,-5.602836608886719e-05
43,11,160,3.1188201904296875,3.118590831756592,-0.00022935867309570312
43,12,160,3.3343567848205566,3.3333590030670166,-0.000997781753540039
43,13,160,3.80757212638855,3.8070926666259766,-0.0004794597625732422
43,14,160,3.637634515762329,3.6383180618286133,0.0006835460662841797
43,15,160,3.5595288276672363,3.5596401691436768,0.00011134147644042969
43,16,160,3.91955304145813,3.919271230697632,-0.0002818107604980469
43,17,160,3.5629773139953613,3.5656588077545166,0.0026814937591552734
43,18,160,2.9200689792633057,2.9220290184020996,0.0019600391387939453
43,19,160,2.5281593799591064,2.5283873081207275,0.00022792816162109375
44,0,160,3.411754846572876,3.411160945892334,-0.0005939006805419922
44,1,160,3.5385618209838867,3.5389132499694824,0.0003514289855957031
44,2,160,3.4561805725097656,3.456007957458496,-0.00017261505126953125
44,3,160,2.999037742614746,3.0010757446289062,0.0020380020141601562
44,4,160,2.837625503540039,2.8347349166870117,-0.0028905868530273438
44,5,160,3.3331079483032227,3.33486270904541,0.0017547607421875
44,6,160,3.329303741455078,3.3282902240753174,-0.0010135173797607422
44,7,160,3.3449511528015137,3.3435566425323486,-0.001394510269165039
44,8,160,3.0519068241119385,3.052380323410034,0.0004734992980957031
44,9,160,3.2737743854522705,3.2732973098754883,-0.00047707557678222656
44,10,160,3.4976565837860107,3.49934720993042,0.0016906261444091797
44,11,160,3.1188201904296875,3.1184282302856445,-0.00039196014404296875
44,12,160,3.3343567848205566,3.3346927165985107,0.00033593177795410156
44,13,160,3.80757212638855,3.807847499847412,0.0002753734588623047
44,14,160,3.637634515762329,3.636258840560913,-0.0013756752014160156
44,15,160,3.5595288276672363,3.5590779781341553,-0.0004508495330810547
44,16,160,3.91955304145813,3.9210050106048584,0.0014519691467285156
44,17,160,3.5629773139953613,3.564830780029297,0.0018534660339355469
44,18,160,2.9200689792633057,2.918916940689087,-0.00115203857421875
44,19,160,2.5281593799591064,2.527346611022949,-0.0008127689361572266
45,0,160,3.411754846572876,3.4124367237091064,0.0006818771362304688
45,1,160,3.5385618209838867,3.538649082183838,8.726119995117188e-05
45,2,160,3.4561805725097656,3.4575111865997314,0.0013306140899658203
45,3,160,2.999037742614746,2.9984021186828613,-0.0006356239318847656
45,4,160,2.837625503540039,2.8375205993652344,-0.0001049041748046875
45,5,160,3.3331079483032227,3.333219051361084,0.00011110305786132812
45,6,160,3.329303741455078,3.3292179107666016,-8.58306884765625e-05
45,7,160,3.3449511528015137,3.345541477203369,0.0005903244018554688
45,8,160,3.0519068241119385,3.0517964363098145,-0.00011038780212402344
45,9,160,3.2737743854522705,3.272197723388672,-0.0015766620635986328
45,10,160,3.4976565837860107,3.496797800064087,-0.0008587837219238281
45,11,160,3.1188201904296875,3.117950201034546,-0.0008699893951416016
45,12,160,3.3343567848205566,3.3348023891448975,0.0004456043243408203
45,13,160,3.80757212638855,3.807724952697754,0.00015282630920410156
45,14,160,3.637634515762329,3.6383254528045654,0.0006909370422363281
45,15,160,3.5595288276672363,3.559558153152466,2.9325485229492188e-05
45,16,160,3.91955304145813,3.918119430541992,-0.0014336109161376953
45,17,160,3.5629773139953613,3.5627505779266357,-0.00022673606872558594
45,18,160,2.9200689792633057,2.9185452461242676,-0.001523733139038086
45,19,160,2.5281593799591064,2.526437759399414,-0.0017216205596923828
46,0,160,3.411754846572876,3.412149429321289,0.00039458274841308594
46,1,160,3.5385618209838867,3.5376009941101074,-0.0009608268737792969
46,2,160,3.4561805725097656,3.455353260040283,-0.0008273124694824219
46,3,160,2.999037742614746,2.99892258644104,-0.00011515617370605469
46,4,160,2.837625503540039,2.837238311767578,-0.0003871917724609375
46,5,160,3.3331079483032227,3.332895517349243,-0.0002124309539794922
46,6,160,3.329303741455078,3.329287528991699,-1.621246337890625e-05
46,7,160,3.3449511528015137,3.3470115661621094,0.002060413360595703
46,8,160,3.0519068241119385,3.0536935329437256,0.0017867088317871094
46,9,160,3.2737743854522705,3.2744760513305664,0.0007016658782958984
46,10,160,3.4976565837860107,3.4958958625793457,-0.001760721206665039
46,11,160,3.1188201904296875,3.117499351501465,-0.0013208389282226562
46,12,160,3.3343567848205566,3.335054636001587,0.0006978511810302734
46,13,160,3.80757212638855,3.8092854022979736,0.0017132759094238281
46,14,160,3.637634515762329,3.637721061706543,8.654594421386719e-05
46,15,160,3.5595288276672363,3.56062388420105,0.0010950565338134766
46,16,160,3.91955304145813,3.9210784435272217,0.0015254020690917969
46,17,160,3.5629773139953613,3.5638558864593506,0.0008785724639892578
46,18,160,2.9200689792633057,2.920168399810791,9.942054748535156e-05
46,19,160,2.5281593799591064,2.527864456176758,-0.0002949237823486328
47,0,160,3.411754846572876,3.4106216430664062,-0.0011332035064697266
47,1,160,3.5385618209838867,3.5374908447265625,-0.0010709762573242188
47,2,160,3.4561805725097656,3.459207057952881,0.0030264854431152344
47,3,160,2.999037742614746,2.9994516372680664,0.0004138946533203125
47,4,160,2.837625503540039,2.8377208709716797,9.5367431640625e-05
47,5,160,3.3331079483032227,3.3317294120788574,-0.0013785362243652344
47,6,160,3.329303741455078,3.3305296897888184,0.0012259483337402344
47,7,160,3.3449511528015137,3.343539237976074,-0.0014119148254394531
47,8,160,3.0519068241119385,3.051954507827759,4.76837158203125e-05
47,9,160,3.2737743854522705,3.273003101348877,-0.0007712841033935547
47,10,160,3.4976565837860107,3.497697114944458,4.0531158447265625e-05
47,11,160,3.1188201904296875,3.1197574138641357,0.0009372234344482422
47,12,160,3.3343567848205566,3.3363912105560303,0.002034425735473633
47,13,160,3.80757212638855,3.8084216117858887,0.0008494853973388672
47,14,160,3.637634515762329,3.635225296020508,-0.002409219741821289
47,15,160,3.5595288276672363,3.5616531372070312,0.002124309539794922
47,16,160,3.91955304145813,3.9205257892608643,0.000972747802734375
47,17,160,3.5629773139953613,3.564988136291504,0.002010822296142578
47,18,160,2.9200689792633057,2.9218618869781494,0.00179290771484375
47,19,160,2.5281593799591064,2.5288772583007812,0.0007178783416748047
48,0,160,3.411754846572876,3.4127352237701416,0.000980377197265625
48,1,160,3.5385618209838867,3.539027214050293,0.00046539306640625
48,2,160,3.4561805725097656,3.4556188583374023,-0.0005617141723632812
48,3,160,2.999037742614746,2.9998257160186768,0.0007879734039306641
48,4,160,2.837625503540039,2.8378186225891113,0.00019311904907226562
48,5,160,3.3331079483032227,3.3331356048583984,2.765655517578125e-05
48,6,160,3.329303741455078,3.3281500339508057,-0.001153707504272461
48,7,160,3.3449511528015137,3.344560384750366,-0.00039076805114746094
48,8,160,3.0519068241119385,3.0516397953033447,-0.00026702880859375
48,9,160,3.2737743854522705,3.27258563041687,-0.0011887550354003906
48,10,160,3.4976565837860107,3.4977529048919678,9.632110595703125e-05
48,11,160,3.1188201904296875,3.118168592453003,-0.0006515979766845703
48,12,160,3.3343567848205566,3.333796501159668,-0.0005602836608886719
48,13,160,3.80757212638855,3.807788610458374,0.00021648406982421875
48,14,160,3.637634515762329,3.6368579864501953,-0.0007765293121337891
48,15,160,3.5595288276672363,3.5593950748443604,-0.00013375282287597656
48,16,160,3.91955304145813,3.919189929962158,-0.0003631114959716797
48,17,160,3.5629773139953613,3.5626306533813477,-0.0003466606140136719
48,18,160,2.9200689792633057,2.9202117919921875,0.00014281272888183594
48,19,160,2.5281593799591064,2.5287411212921143,0.0005817413330078125
49,0,160,3.411754846572876,3.4118597507476807,0.0001049041748046875
49,1,160,3.5385618209838867,3.5407450199127197,0.002183198928833008
49,2,160,3.4561805725097656,3.4554238319396973,-0.0007567405700683594
49,3,160,2.999037742614746,3.0000667572021484,0.0010290145874023438
49,4,160,2.837625503540039,2.837312698364258,-0.00031280517578125
49,5,160,3.3331079483032227,3.333737373352051,0.000629425048828125
49,6,160,3.329303741455078,3.3304131031036377,0.0011093616485595703
49,7,160,3.3449511528015137,3.3448920249938965,-5.91278076171875e-05
49,8,160,3.0519068241119385,3.0546412467956543,0.0027344226837158203
49,9,160,3.2737743854522705,3.27356219291687,-0.00021219253540039062
49,10,160,3.4976565837860107,3.4972727298736572,-0.0003838539123535156
49,11,160,3.1188201904296875,3.1206881999969482,0.0018680095672607422
49,12,160,3.3343567848205566,3.334153175354004,-0.00020360946655273438
49,13,160,3.80757212638855,3.808340549468994,0.0007684230804443359
49,14,160,3.637634515762329,3.638235092163086,0.0006005764007568359
49,15,160,3.5595288276672363,3.560319662094116,0.0007908344268798828
49,16,160,3.91955304145813,3.920649766921997,0.0010967254638671875
49,17,160,3.5629773139953613,3.561861038208008,-0.0011162757873535156
49,18,160,2.9200689792633057,2.9208645820617676,0.0007956027984619141
49,19,160,2.5281593799591064,2.5275068283081055,-0.0006525516510009766
50,0,160,3.411754846572876,3.4106340408325195,-0.0011208057403564453
50,1,160,3.5385618209838867,3.538771867752075,0.00021004676818847656
50,2,160,3.4561805725097656,3.4568278789520264,0.0006473064422607422
50,3,160,2.999037742614746,2.9980578422546387,-0.0009799003601074219
50,4,160,2.837625503540039,2.8383564949035645,0.0007309913635253906
50,5,160,3.3331079483032227,3.3332457542419434,0.00013780593872070312
50,6,160,3.329303741455078,3.3298346996307373,0.0005309581756591797
50,7,160,3.3449511528015137,3.3445658683776855,-0.000385284423828125
50,8,160,3.0519068241119385,3.052797317504883,0.0008904933929443359
50,9,160,3.2737743854522705,3.2739176750183105,0.00014328956604003906
50,10,160,3.4976565837860107,3.498192310333252,0.0005357265472412109
50,11,160,3.1188201904296875,3.1177783012390137,-0.0010418891906738281
50,12,160,3.3343567848205566,3.335076093673706,0.0007193088531494141
50,13,160,3.80757212638855,3.80682635307312,-0.0007457733154296875
50,14,160,3.637634515762329,3.6366870403289795,-0.0009474754333496094
50,15,160,3.5595288276672363,3.5594067573547363,-0.0001220703125
50,16,160,3.91955304145813,3.919185161590576,-0.00036787986755371094
50,17,160,3.5629773139953613,3.5623395442962646,-0.0006377696990966797
50,18,160,2.9200689792633057,2.9189727306365967,-0.0010962486267089844
50,19,160,2.5281593799591064,2.5252904891967773,-0.0028688907623291016
51,0,160,3.411754846572876,3.4109675884246826,-0.0007872581481933594
51,1,160,3.5385618209838867,3.537914276123047,-0.0006475448608398438
51,2,160,3.4561805725097656,3.455587387084961,-0.0005931854248046875
51,3,160,2.999037742614746,2.998967409133911,-7.033348083496094e-05
51,4,160,2.837625503540039,2.837686777114868,6.127357482910156e-05
51,5,160,3.3331079483032227,3.332895517349243,-0.0002124309539794922
51,6,160,3.329303741455078,3.32839035987854,-0.0009133815765380859
51,7,160,3.3449511528015137,3.3452959060668945,0.0003447532653808594
51,8,160,3.0519068241119385,3.049783229827881,-0.002123594284057617
51,9,160,3.2737743854522705,3.273012161254883,-0.0007622241973876953
51,10,160,3.4976565837860107,3.496117353439331,-0.0015392303466796875
51,11,160,3.1188201904296875,3.1188275814056396,7.3909759521484375e-06
51,12,160,3.3343567848205566,3.3347926139831543,0.00043582916259765625
51,13,160,3.80757212638855,3.806685447692871,-0.0008866786956787109
51,14,160,3.637634515762329,3.638979434967041,0.001344919204711914
51,15,160,3.5595288276672363,3.5602877140045166,0.0007588863372802734
51,16,160,3.91955304145813,3.9183897972106934,-0.0011632442474365234
51,17,160,3.5629773139953613,3.5639231204986572,0.0009458065032958984
51,18,160,2.9200689792633057,2.918323040008545,-0.0017459392547607422
51,19,160,2.5281593799591064,2.528956174850464,0.0007967948913574219
52,0,160,3.411754846572876,3.4120242595672607,0.0002694129943847656
52,1,160,3.5385618209838867,3.5376181602478027,-0.0009436607360839844
52,2,160,3.4561805725097656,3.455481767654419,-0.0006988048553466797
52,3,160,2.999037742614746,2.9984138011932373,-0.0006239414215087891
52,4,160,2.837625503540039,2.837127923965454,-0.0004975795745849609
52,5,160,3.3331079483032227,3.333144187927246,3.62396240234375e-05
52,6,160,3.329303741455078,3.3313190937042236,0.002015352249145508
52,7,160,3.3449511528015137,3.3445889949798584,-0.00036215782165527344
52,8,160,3.0519068241119385,3.052154302597046,0.0002474784851074219
52,9,160,3.2737743854522705,3.2754485607147217,0.0016741752624511719
52,10,160,3.4976565837860107,3.498835563659668,0.0011789798736572266
52,11,160,3.1188201904296875,3.1179304122924805,-0.0008897781372070312
52,12,160,3.3343567848205566,3.336541175842285,0.0021843910217285156
52,13,160,3.80757212638855,3.8079192638397217,0.000347137451171875
52,14,160,3.637634515762329,3.6363515853881836,-0.0012829303741455078
52,15,160,3.5595288276672363,3.5597407817840576,0.00021195411682128906
52,16,160,3.91955304145813,3.9202709197998047,0.0007178783416748047
52,17,160,3.5629773139953613,3.5628533363342285,-0.0001239776611328125
52,18,160,2.9200689792633057,2.919599771499634,-0.000469207763671875
52,19,160,2.5281593799591064,2.5282983779907227,0.00013899803161621094
53,0,160,3.411754846572876,3.412882089614868,0.0011272430419921875
53,1,160,3.5385618209838867,3.538560152053833,-1.6689300537109375e-06
53,2,160,3.4561805725097656,3.45461368560791,-0.0015668869018554688
53,3,160,2.999037742614746,2.998422145843506,-0.0006155967712402344
53,4,160,2.837625503540039,2.8358848094940186,-0.0017406940460205078
53,5,160,3.3331079483032227,3.3292412757873535,-0.0038666725158691406
53,6,160,3.329303741455078,3.325697183609009,-0.003606557846069336
53,7,160,3.3449511528015137,3.3439979553222656,-0.0009531974792480469
53,8,160,3.0519068241119385,3.0510189533233643,-0.0008878707885742188
53,9,160,3.2737743854522705,3.2724833488464355,-0.001291036605834961
53,10,160,3.4976565837860107,3.4963431358337402,-0.0013134479522705078
53,11,160,3.1188201904296875,3.1190075874328613,0.00018739700317382812
53,12,160,3.3343567848205566,3.3344383239746094,8.153915405273438e-05
53,13,160,3.80757212638855,3.8069069385528564,-0.0006651878356933594
53,14,160,3.637634515762329,3.6365954875946045,-0.0010390281677246094
53,15,160,3.5595288276672363,3.559445858001709,-8.296966552734375e-05
53,16,160,3.91955304145813,3.9199507236480713,0.00039768218994140625
53,17,160,3.5629773139953613,3.563889265060425,0.0009119510650634766
53,18,160,2.9200689792633057,2.9192628860473633,-0.0008060932159423828
53,19,160,2.5281593799591064,2.5301268100738525,0.0019674301147460938
54,0,160,3.411754846572876,3.413576602935791,0.001821756362915039
54,1,160,3.5385618209838867,3.5395710468292236,0.001009225845336914
54,2,160,3.4561805725097656,3.4573254585266113,0.0011448860168457031
54,3,160,2.999037742614746,2.9973652362823486,-0.001672506332397461
54,4,160,2.837625503540039,2.83762788772583,2.384185791015625e-06
54,5,160,3.3331079483032227,3.332418203353882,-0.0006897449493408203
54,6,160,3.329303741455078,3.329857587814331,0.0005538463592529297
54,7,160,3.3449511528015137,3.344848394393921,-0.00010275840759277344
54,8,160,3.0519068241119385,3.0518062114715576,-0.00010061264038085938
54,9,160,3.2737743854522705,3.2742178440093994,0.00044345855712890625
54,10,160,3.4976565837860107,3.495328426361084,-0.002328157424926758
54,11,160,3.1188201904296875,3.1182851791381836,-0.0005350112915039062
54,12,160,3.3343567848205566,3.334113836288452,-0.0002429485321044922
54,13,160,3.80757212638855,3.8074495792388916,-0.00012254714965820312
54,14,160,3.637634515762329,3.6381232738494873,0.0004887580871582031
54,15,160,3.5595288276672363,3.561552047729492,0.0020232200622558594
54,16,160,3.91955304145813,3.9180378913879395,-0.0015151500701904297
54,17,160,3.5629773139953613,3.5618879795074463,-0.001089334487915039
54,18,160,2.9200689792633057,2.918771505355835,-0.0012974739074707031
54,19,160,2.5281593799591064,2.5285227298736572,0.00036334991455078125
55,0,160,3.411754846572876,3.4110159873962402,-0.0007388591766357422
55,1,160,3.5385618209838867,3.537743091583252,-0.0008187294006347656
55,2,160,3.4561805725097656,3.4553606510162354,-0.0008199214935302734
55,3,160,2.999037742614746,2.9990084171295166,-2.9325485229492188e-05
55,4,160,2.837625503540039,2.8370513916015625,-0.0005741119384765625
55,5,160,3.3331079483032227,3.3333182334899902,0.00021028518676757812
55,6,160,3.329303741455078,3.3293187618255615,1.5020370483398438e-05
55,7,160,3.3449511528015137,3.344992160797119,4.100799560546875e-05
55,8,160,3.0519068241119385,3.052042007446289,0.00013518333435058594
55,9,160,3.2737743854522705,3.271591901779175,-0.002182483673095703
55,10,160,3.4976565837860107,3.4984898567199707,0.0008332729339599609
55,11,160,3.1188201904296875,3.120570659637451,0.0017504692077636719
55,12,160,3.3343567848205566,3.3328444957733154,-0.001512289047241211
55,13,160,3.80757212638855,3.8068294525146484,-0.0007426738739013672
55,14,160,3.637634515762329,3.6392672061920166,0.0016326904296875
55,15,160,3.5595288276672363,3.55875825881958,-0.00077056884765625
55,16,160,3.91955304145813,3.919367790222168,-0.00018525123596191406
55,17,160,3.5629773139953613,3.565823554992676,0.002846240997314453
55,18,160,2.9200689792633057,2.9202120304107666,0.0001430511474609375
55,19,160,2.5281593799591064,2.5291006565093994,0.0009412765502929688
56,0,160,3.411754846572876,3.4123036861419678,0.0005488395690917969
56,1,160,3.5385618209838867,3.5418951511383057,0.0033333301544189453
56,2,160,3.4561805725097656,3.4538822174072266,-0.0022983551025390625
56,3,160,2.999037742614746,2.9981191158294678,-0.0009186267852783203
56,4,160,2.837625503540039,2.8384013175964355,0.0007758140563964844
56,5,160,3.3331079483032227,3.33278751373291,-0.0003204345703125
56,6,160,3.329303741455078,3.3297200202941895,0.0004162788391113281
56,7,160,3.3449511528015137,3.3442866802215576,-0.0006644725799560547
56,8,160,3.0519068241119385,3.052582263946533,0.0006754398345947266
56,9,160,3.2737743854522705,3.27278733253479,-0.0009870529174804688
56,10,160,3.4976565837860107,3.497065305709839,-0.000591278076171875
56,11,160,3.1188201904296875,3.1199123859405518,0.0010921955108642578
56,12,160,3.3343567848205566,3.3357856273651123,0.001428842544555664
56,13,160,3.80757212638855,3.8070433139801025,-0.0005288124084472656
56,14,160,3.637634515762329,3.6367363929748535,-0.0008981227874755859
56,15,160,3.5595288276672363,3.5598244667053223,0.0002956390380859375
56,16,160,3.91955304145813,3.918152093887329,-0.0014009475708007812
56,17,160,3.5629773139953613,3.563072443008423,9.512901306152344e-05
56,18,160,2.9200689792633057,2.92021107673645,0.00014209747314453125
56,19,160,2.5281593799591064,2.530078411102295,0.0019190311431884766
57,0,160,3.411754846572876,3.411190986633301,-0.0005638599395751953
57,1,160,3.5385618209838867,3.540048837661743,0.0014870166778564453
57,2,160,3.4561805725097656,3.4565482139587402,0.0003676414489746094
57,3,160,2.999037742614746,2.997800350189209,-0.0012373924255371094
57,4,160,2.837625503540039,2.835662603378296,-0.001962900161743164
57,5,160,3.3331079483032227,3.3335084915161133,0.000400543212890625
57,6,160,3.329303741455078,3.3293137550354004,1.0013580322265625e-05
57,7,160,3.3449511528015137,3.3438689708709717,-0.0010821819305419922
57,8,160,3.0519068241119385,3.052920341491699,0.0010135173797607422
57,9,160,3.2737743854522705,3.272101402282715,-0.001672983169555664
57,10,160,3.4976565837860107,3.497548818588257,-0.00010776519775390625
57,11,160,3.1188201904296875,3.121321678161621,0.0025014877319335938
57,12,160,3.3343567848205566,3.3341214656829834,-0.0002353191375732422
57,13,160,3.80757212638855,3.8063364028930664,-0.0012357234954833984
57,14,160,3.637634515762329,3.6373584270477295,-0.0002760887145996094
57,15,160,3.5595288276672363,3.5598042011260986,0.0002753734588623047
57,16,160,3.91955304145813,3.9194629192352295,-9.012222290039062e-05
57,17,160,3.5629773139953613,3.5654966831207275,0.002519369125366211
57,18,160,2.9200689792633057,2.9176671504974365,-0.0024018287658691406
57,19,160,2.5281593799591064,2.5297658443450928,0.0016064643859863281
58,0,160,3.411754846572876,3.4138896465301514,0.0021347999572753906
58,1,160,3.5385618209838867,3.5420002937316895,0.0034384727478027344
58,2,160,3.4561805725097656,3.4571244716644287,0.0009438991546630859
58,3,160,2.999037742614746,2.998063564300537,-0.0009741783142089844
58,4,160,2.837625503540039,2.8375561237335205,-6.937980651855469e-05
58,5,160,3.3331079483032227,3.331350803375244,-0.0017571449279785156
58,6,160,3.329303741455078,3.3291783332824707,-0.00012540817260742188
58,7,160,3.3449511528015137,3.344327688217163,-0.0006234645843505859
58,8,160,3.0519068241119385,3.050870656967163,-0.0010361671447753906
58,9,160,3.2737743854522705,3.276329517364502,0.0025551319122314453
58,10,160,3.4976565837860107,3.4987804889678955,0.0011239051818847656
58,11,160,3.1188201904296875,3.118972063064575,0.0001518726348876953
58,12,160,3.3343567848205566,3.336588144302368,0.0022313594818115234
58,13,160,3.80757212638855,3.8060810565948486,-0.0014910697937011719
58,14,160,3.637634515762329,3.6377756595611572,0.000141143798828125
58,15,160,3.5595288276672363,3.560455560684204,0.0009267330169677734
58,16,160,3.91955304145813,3.9193403720855713,-0.00021266937255859375
58,17,160,3.5629773139953613,3.5667104721069336,0.0037331581115722656
58,18,160,2.9200689792633057,2.919893503189087,-0.00017547607421875
58,19,160,2.5281593799591064,2.528939723968506,0.0007803440093994141
59,0,160,3.411754846572876,3.4133760929107666,0.001621246337890625
59,1,160,3.5385618209838867,3.538900375366211,0.00033855438232421875
59,2,160,3.4561805725097656,3.4569473266601562,0.000766754150390625
59,3,160,2.999037742614746,2.999005079269409,-3.266334533691406e-05
59,4,160,2.837625503540039,2.836883306503296,-0.0007421970367431641
59,5,160,3.3331079483032227,3.3349416255950928,0.0018336772918701172
59,6,160,3.329303741455078,3.3320841789245605,0.002780437469482422
59,7,160,3.3449511528015137,3.344918727874756,-3.24249267578125e-05
59,8,160,3.0519068241119385,3.051380157470703,-0.0005266666412353516
59,9,160,3.2737743854522705,3.274667978286743,0.0008935928344726562
59,10,160,3.4976565837860107,3.4991517066955566,0.0014951229095458984
59,11,160,3.1188201904296875,3.1188719272613525,5.173683166503906e-05
59,12,160,3.3343567848205566,3.3346328735351562,0.0002760887145996094
59,13,160,3.80757212638855,3.807706356048584,0.0001342296600341797
59,14,160,3.637634515762329,3.6373167037963867,-0.0003178119659423828
59,15,160,3.5595288276672363,3.5604488849639893,0.0009200572967529297
59,16,160,3.91955304145813,3.9212393760681152,0.0016863346099853516
59,17,160,3.5629773139953613,3.5658912658691406,0.002913951873779297
59,18,160,2.9200689792633057,2.9197752475738525,-0.000293731689453125
59,19,160,2.5281593799591064,2.526456832885742,-0.0017025470733642578
60,0,160,3.411754846572876,3.412015914916992,0.00026106834411621094
60,1,160,3.5385618209838867,3.537842035293579,-0.0007197856903076172
60,2,160,3.4561805725097656,3.4570798873901367,0.0008993148803710938
60,3,160,2.999037742614746,2.999455213546753,0.00041747093200683594
60,4,160,2.837625503540039,2.8384432792663574,0.0008177757263183594
60,5,160,3.3331079483032227,3.3332419395446777,0.00013399124145507812
60,6,160,3.329303741455078,3.3294622898101807,0.00015854835510253906
60,7,160,3.3449511528015137,3.3466532230377197,0.0017020702362060547
60,8,160,3.0519068241119385,3.0530784130096436,0.0011715888977050781
60,9,160,3.2737743854522705,3.273045539855957,-0.0007288455963134766
60,10,160,3.4976565837860107,3.498020648956299,0.00036406517028808594
60,11,160,3.1188201904296875,3.120203733444214,0.0013835430145263672
60,12,160,3.3343567848205566,3.3325116634368896,-0.0018451213836669922
60,13,160,3.80757212638855,3.806718587875366,-0.0008535385131835938
60,14,160,3.637634515762329,3.6374242305755615,-0.00021028518676757812
60,15,160,3.5595288276672363,3.560159206390381,0.0006303787231445312
60,16,160,3.91955304145813,3.9192683696746826,-0.0002846717834472656
60,17,160,3.5629773139953613,3.566638231277466,0.003660917282104492
60,18,160,2.9200689792633057,2.921114444732666,0.0010454654693603516
60,19,160,2.5281593799591064,2.5279970169067383,-0.00016236305236816406
61,0,160,3.411754846572876,3.4133458137512207,0.0015909671783447266
61,1,160,3.5385618209838867,3.538640260696411,7.843971252441406e-05
61,2,160,3.4561805725097656,3.4550621509552,-0.0011184215545654297
61,3,160,2.999037742614746,2.9970383644104004,-0.001999378204345703
61,4,160,2.837625503540039,2.83758282661438,-4.267692565917969e-05
61,5,160,3.3331079483032227,3.332087993621826,-0.0010199546813964844
61,6,160,3.329303741455078,3.326383590698242,-0.0029201507568359375
61,7,160,3.3449511528015137,3.3438704013824463,-0.0010807514190673828
61,8,160,3.0519068241119385,3.051344394683838,-0.0005624294281005859
61,9,160,3.2737743854522705,3.271519660949707,-0.0022547245025634766
61,10,160,3.4976565837860107,3.4972076416015625,-0.0004489421844482422
61,11,160,3.1188201904296875,3.119844436645508,0.0010242462158203125
61,12,160,3.3343567848205566,3.3337268829345703,-0.0006299018859863281
61,13,160,3.80757212638855,3.8072311878204346,-0.0003409385681152344
61,14,160,3.637634515762329,3.6377859115600586,0.0001513957977294922
61,15,160,3.5595288276672363,3.559338331222534,-0.00019049644470214844
61,16,160,3.91955304145813,3.920769214630127,0.0012161731719970703
61,17,160,3.5629773139953613,3.566847801208496,0.0038704872131347656
61,18,160,2.9200689792633057,2.921194314956665,0.001125335693359375
61,19,160,2.5281593799591064,2.5283706188201904,0.00021123886108398438
62,0,160,3.411754846572876,3.412367105484009,0.0006122589111328125
62,1,160,3.5385618209838867,3.5395185947418213,0.0009567737579345703
62,2,160,3.4561805725097656,3.4570984840393066,0.0009179115295410156
62,3,160,2.999037742614746,2.9991230964660645,8.535385131835938e-05
62,4,160,2.837625503540039,2.8367340564727783,-0.0008914470672607422
62,5,160,3.3331079483032227,3.3338637351989746,0.0007557868957519531
62,6,160,3.329303741455078,3.3283567428588867,-0.0009469985961914062
62,7,160,3.3449511528015137,3.3433420658111572,-0.0016090869903564453
62,8,160,3.0519068241119385,3.0511152744293213,-0.0007915496826171875
62,9,160,3.2737743854522705,3.2734556198120117,-0.00031876564025878906
62,10,160,3.4976565837860107,3.498965263366699,0.0013086795806884766
62,11,160,3.1188201904296875,3.1189956665039062,0.00017547607421875
62,12,160,3.3343567848205566,3.33310604095459,-0.0012507438659667969
62,13,160,3.80757212638855,3.806124687194824,-0.001447439193725586
62,14,160,3.637634515762329,3.6379921436309814,0.00035762786865234375
62,15,160,3.5595288276672363,3.5605428218841553,0.0010139942169189453
62,16,160,3.91955304145813,3.9198036193847656,0.0002505779266357422
62,17,160,3.5629773139953613,3.56152606010437,-0.001451253890991211
62,18,160,2.9200689792633057,2.918938159942627,-0.001130819320678711
62,19,160,2.5281593799591064,2.528568744659424,0.0004093647003173828
63,0,160,3.411754846572876,3.413041591644287,0.0012867450714111328
63,1,160,3.5385618209838867,3.538059949874878,-0.0005018711090087891
63,2,160,3.4561805725097656,3.4557316303253174,-0.0004489421844482422
63,3,160,2.999037742614746,2.9989209175109863,-0.00011682510375976562
63,4,160,2.837625503540039,2.839433193206787,0.0018076896667480469
63,5,160,3.3331079483032227,3.3310961723327637,-0.0020117759704589844
63,6,160,3.329303741455078,3.32882022857666,-0.00048351287841796875
63,7,160,3.3449511528015137,3.344251871109009,-0.0006992816925048828
63,8,160,3.0519068241119385,3.05212664604187,0.00021982192993164062
63,9,160,3.2737743854522705,3.2748851776123047,0.0011107921600341797
63,10,160,3.4976565837860107,3.4990923404693604,0.0014357566833496094
63,11,160,3.1188201904296875,3.1195640563964844,0.000743865966796875
63,12,160,3.3343567848205566,3.3346502780914307,0.00029349327087402344
63,13,160,3.80757212638855,3.8080060482025146,0.00043392181396484375
63,14,160,3.637634515762329,3.6370935440063477,-0.0005409717559814453
63,15,160,3.5595288276672363,3.5605194568634033,0.0009906291961669922
63,16,160,3.91955304145813,3.920830726623535,0.0012776851654052734
63,17,160,3.5629773139953613,3.5625975131988525,-0.00037980079650878906
63,18,160,2.9200689792633057,2.919990301132202,-7.867813110351562e-05
63,19,160,2.5281593799591064,2.526341676712036,-0.0018177032470703125
64,0,160,3.411754846572876,3.413466453552246,0.0017116069793701172
64,1,160,3.5385618209838867,3.538430690765381,-0.00013113021850585938
64,2,160,3.4561805725097656,3.454965829849243,-0.001214742660522461
64,3,160,2.999037742614746,3.0000953674316406,0.0010576248168945312
64,4,160,2.837625503540039,2.837458610534668,-0.00016689300537109375
64,5,160,3.3331079483032227,3.3334999084472656,0.00039196014404296875
64,6,160,3.329303741455078,3.3305091857910156,0.0012054443359375
64,7,160,3.3449511528015137,3.3438398838043213,-0.0011112689971923828
64,8,160,3.0519068241119385,3.051510810852051,-0.0003960132598876953
64,9,160,3.2737743854522705,3.272634983062744,-0.0011394023895263672
64,10,160,3.4976565837860107,3.4965710639953613,-0.001085519790649414
64,11,160,3.1188201904296875,3.117990493774414,-0.0008296966552734375
64,12,160,3.3343567848205566,3.3352043628692627,0.0008475780487060547
64,13,160,3.80757212638855,3.8091037273406982,0.0015316009521484375
64,14,160,3.637634515762329,3.6385433673858643,0.0009088516235351562
64,15,160,3.5595288276672363,3.560394287109375,0.0008654594421386719
64,16,160,3.91955304145813,3.9187374114990234,-0.0008156299591064453
64,17,160,3.5629773139953613,3.569657802581787,0.006680488586425781
64,18,160,2.9200689792633057,2.9210686683654785,0.0009996891021728516
64,19,160,2.5281593799591064,2.5288174152374268,0.0006580352783203125
65,0,160,3.411754846572876,3.4105417728424072,-0.00121307373046875
65,1,160,3.5385618209838867,3.5376360416412354,-0.0009257793426513672
65,2,160,3.4561805725097656,3.456153392791748,-2.7179718017578125e-05
65,3,160,2.999037742614746,2.998680353164673,-0.0003573894500732422
65,4,160,2.837625503540039,2.83709454536438,-0.0005309581756591797
65,5,160,3.3331079483032227,3.3327746391296387,-0.0003333091735839844
65,6,160,3.329303741455078,3.3283965587615967,-0.0009071826934814453
65,7,160,3.3449511528015137,3.346426248550415,0.0014750957489013672
65,8,160,3.0519068241119385,3.051086664199829,-0.000820159912109375
65,9,160,3.2737743854522705,3.273289203643799,-0.0004851818084716797
65,10,160,3.4976565837860107,3.497751235961914,9.465217590332031e-05
65,11,160,3.1188201904296875,3.1185312271118164,-0.00028896331787109375
65,12,160,3.3343567848205566,3.332777500152588,-0.00157928466796875
65,13,160,3.80757212638855,3.8073174953460693,-0.00025463104248046875
65,14,160,3.637634515762329,3.6376547813415527,2.0265579223632812e-05
65,15,160,3.5595288276672363,3.559112310409546,-0.0004165172576904297
65,16,160,3.91955304145813,3.9208431243896484,0.0012900829315185547
65,17,160,3.5629773139953613,3.5672807693481445,0.004303455352783203
65,18,160,2.9200689792633057,2.9202487468719482,0.00017976760864257812
65,19,160,2.5281593799591064,2.5275468826293945,-0.0006124973297119141
66,0,160,3.411754846572876,3.412226438522339,0.0004715919494628906
66,1,160,3.5385618209838867,3.5387823581695557,0.0002205371856689453
66,2,160,3.4561805725097656,3.457158088684082,0.0009775161743164062
66,3,160,2.999037742614746,2.998750925064087,-0.0002868175506591797
66,4,160,2.837625503540039,2.8378591537475586,0.00023365020751953125
66,5,160,3.3331079483032227,3.3333678245544434,0.0002598762512207031
66,6,160,3.329303741455078,3.330155611038208,0.0008518695831298828
66,7,160,3.3449511528015137,3.344630718231201,-0.0003204345703125
66,8,160,3.0519068241119385,3.051379680633545,-0.0005271434783935547
66,9,160,3.2737743854522705,3.2755558490753174,0.001781463623046875
66,10,160,3.4976565837860107,3.4978294372558594,0.0001728534698486328
66,11,160,3.1188201904296875,3.119600296020508,0.0007801055908203125
66,12,160,3.3343567848205566,3.3334312438964844,-0.0009255409240722656
66,13,160,3.80757212638855,3.808741807937622,0.0011696815490722656
66,14,160,3.637634515762329,3.6376168727874756,-1.7642974853515625e-05
66,15,160,3.5595288276672363,3.5607097148895264,0.001180887222290039
66,16,160,3.91955304145813,3.9180219173431396,-0.0015311241149902344
66,17,160,3.5629773139953613,3.5622122287750244,-0.0007650852203369141
66,18,160,2.9200689792633057,2.920653820037842,0.0005848407745361328
66,19,160,2.5281593799591064,2.526013135910034,-0.0021462440490722656
67,0,160,3.411754846572876,3.411855459213257,0.00010061264038085938
67,1,160,3.5385618209838867,3.5395283699035645,0.0009665489196777344
67,2,160,3.4561805725097656,3.4570677280426025,0.0008871555328369141
67,3,160,2.999037742614746,2.999863862991333,0.0008261203765869141
67,4,160,2.837625503540039,2.8374979496002197,-0.00012755393981933594
67,5,160,3.3331079483032227,3.332371950149536,-0.0007359981536865234
67,6,160,3.329303741455078,3.331439971923828,0.00213623046875
67,7,160,3.3449511528015137,3.3470277786254883,0.0020766258239746094
67,8,160,3.0519068241119385,3.052072763442993,0.0001659393310546875
67,9,160,3.2737743854522705,3.2744367122650146,0.0006623268127441406
67,10,160,3.4976565837860107,3.4974777698516846,-0.00017881393432617188
67,11,160,3.1188201904296875,3.1192855834960938,0.00046539306640625
67,12,160,3.3343567848205566,3.3354814052581787,0.0011246204376220703
67,13,160,3.80757212638855,3.807734966278076,0.0001628398895263672
67,14,160,3.637634515762329,3.639275074005127,0.0016405582427978516
67,15,160,3.5595288276672363,3.5593225955963135,-0.00020623207092285156
67,16,160,3.91955304145813,3.9190073013305664,-0.0005457401275634766
67,17,160,3.5629773139953613,3.562925338745117,-5.1975250244140625e-05
67,18,160,2.9200689792633057,2.920341968536377,0.00027298927307128906
67,19,160,2.5281593799591064,2.530562400817871,0.0024030208587646484
68,0,160,3.411754846572876,3.412060499191284,0.0003056526184082031
68,1,160,3.5385618209838867,3.537823438644409,-0.0007383823394775391
68,2,160,3.4561805725097656,3.455817937850952,-0.00036263465881347656
68,3,160,2.999037742614746,2.9997928142547607,0.0007550716400146484
68,4,160,2.837625503540039,2.837472915649414,-0.000152587890625
68,5,160,3.3331079483032227,3.3350772857666016,0.0019693374633789062
68,6,160,3.329303741455078,3.3306801319122314,0.0013763904571533203
68,7,160,3.3449511528015137,3.3455963134765625,0.0006451606750488281
68,8,160,3.0519068241119385,3.0521669387817383,0.0002601146697998047
68,9,160,3.2737743854522705,3.273846387863159,7.200241088867188e-05
68,10,160,3.4976565837860107,3.498239040374756,0.0005824565887451172
68,11,160,3.1188201904296875,3.118131160736084,-0.0006890296936035156
68,12,160,3.3343567848205566,3.3354358673095703,0.0010790824890136719
68,13,160,3.80757212638855,3.808270215988159,0.000698089599609375
68,14,160,3.637634515762329,3.6371426582336426,-0.0004918575286865234
68,15,160,3.5595288276672363,3.5596702098846436,0.00014138221740722656
68,16,160,3.91955304145813,3.9180426597595215,-0.0015103816986083984
68,17,160,3.5629773139953613,3.5638370513916016,0.0008597373962402344
68,18,160,2.9200689792633057,2.9212534427642822,0.0011844635009765625
68,19,160,2.5281593799591064,2.5296108722686768,0.0014514923095703125
69,0,160,3.411754846572876,3.411604166030884,-0.0001506805419921875
69,1,160,3.5385618209838867,3.5395448207855225,0.0009829998016357422
69,2,160,3.4561805725097656,3.4555418491363525,-0.0006387233734130859
69,3,160,2.999037742614746,3.0001580715179443,0.0011203289031982422
69,4,160,2.837625503540039,2.8371849060058594,-0.0004405975341796875
69,5,160,3.3331079483032227,3.334303379058838,0.0011954307556152344
69,6,160,3.329303741455078,3.329439878463745,0.0001361370086669922
69,7,160,3.3449511528015137,3.3461928367614746,0.0012416839599609375
69,8,160,3.0519068241119385,3.052513599395752,0.0006067752838134766
69,9,160,3.2737743854522705,3.2726452350616455,-0.001129150390625
69,10,160,3.4976565837860107,3.4988784790039062,0.0012218952178955078
69,11,160,3.1188201904296875,3.1187684535980225,-5.173683166503906e-05
69,12,160,3.3343567848205566,3.3362154960632324,0.0018587112426757812
69,13,160,3.80757212638855,3.808375120162964,0.0008029937744140625
69,14,160,3.637634515762329,3.637568473815918,-6.604194641113281e-05
69,15,160,3.5595288276672363,3.558905601501465,-0.0006232261657714844
69,16,160,3.91955304145813,3.921478033065796,0.0019249916076660156
69,17,160,3.5629773139953613,3.565824031829834,0.0028467178344726562
69,18,160,2.9200689792633057,2.91983699798584,-0.0002319812774658203
69,19,160,2.5281593799591064,2.5288257598876953,0.0006663799285888672
70,0,160,3.411754846572876,3.4120631217956543,0.0003082752227783203
70,1,160,3.5385618209838867,3.5403943061828613,0.0018324851989746094
70,2,160,3.4561805725097656,3.4558422565460205,-0.0003383159637451172
70,3,160,2.999037742614746,2.9990241527557373,-1.3589859008789062e-05
70,4,160,2.837625503540039,2.836434841156006,-0.0011906623840332031
70,5,160,3.3331079483032227,3.3350391387939453,0.0019311904907226562
70,6,160,3.329303741455078,3.328977584838867,-0.0003261566162109375
70,7,160,3.3449511528015137,3.3450753688812256,0.00012421607971191406
70,8,160,3.0519068241119385,3.051567316055298,-0.000339508056640625
70,9,160,3.2737743854522705,3.2731282711029053,-0.0006461143493652344
70,10,160,3.4976565837860107,3.4963719844818115,-0.0012845993041992188
70,11,160,3.1188201904296875,3.119208574295044,0.0003883838653564453
70,12,160,3.3343567848205566,3.3356122970581055,0.0012555122375488281
70,13,160,3.80757212638855,3.8051750659942627,-0.0023970603942871094
70,14,160,3.637634515762329,3.637789011001587,0.0001544952392578125
70,15,160,3.5595288276672363,3.560091495513916,0.0005626678466796875
70,16,160,3.91955304145813,3.9190568923950195,-0.0004961490631103516
70,17,160,3.5629773139953613,3.563321113586426,0.0003437995910644531
70,18,160,2.9200689792633057,2.9179368019104004,-0.0021321773529052734
70,19,160,2.5281593799591064,2.526414394378662,-0.001744985580444336
71,0,160,3.411754846572876,3.4117209911346436,-3.3855438232421875e-05
71,1,160,3.5385618209838867,3.5402791500091553,0.0017173290252685547
71,2,160,3.4561805725097656,3.4558019638061523,-0.00037860870361328125
71,3,160,2.999037742614746,3.0014970302581787,0.002459287643432617
71,4,160,2.837625503540039,2.838841438293457,0.0012159347534179688
71,5,160,3.3331079483032227,3.332777500152588,-0.0003304481506347656
71,6,160,3.329303741455078,3.3285508155822754,-0.0007529258728027344
71,7,160,3.3449511528015137,3.3438847064971924,-0.001066446304321289
71,8,160,3.0519068241119385,3.0525295734405518,0.0006227493286132812
71,9,160,3.2737743854522705,3.2723753452301025,-0.0013990402221679688
71,10,160,3.4976565837860107,3.4979372024536133,0.00028061866760253906
71,11,160,3.1188201904296875,3.120068073272705,0.0012478828430175781
71,12,160,3.3343567848205566,3.3497538566589355,0.015397071838378906
71,13,160,3.80757212638855,3.807358503341675,-0.000213623046875
71,14,160,3.637634515762329,3.638805627822876,0.001171112060546875
71,15,160,3.5595288276672363,3.560060501098633,0.0005316734313964844
71,16,160,3.91955304145813,3.9190123081207275,-0.0005407333374023438
71,17,160,3.5629773139953613,3.5640170574188232,0.001039743423461914
71,18,160,2.9200689792633057,2.9201598167419434,9.083747863769531e-05
71,19,160,2.5281593799591064,2.527885913848877,-0.0002734661102294922
72,0,160,3.411754846572876,3.4124257564544678,0.0006709098815917969
72,1,160,3.5385618209838867,3.539530038833618,0.0009682178497314453
72,2,160,3.4561805725097656,3.4591598510742188,0.002979278564453125
72,3,160,2.999037742614746,2.9987244606018066,-0.0003132820129394531
72,4,160,2.837625503540039,2.838156223297119,0.0005307197570800781
72,5,160,3.3331079483032227,3.3342854976654053,0.0011775493621826172
72,6,160,3.329303741455078,3.3302700519561768,0.0009663105010986328
72,7,160,3.3449511528015137,3.3477532863616943,0.002802133560180664
72,8,160,3.0519068241119385,3.0521843433380127,0.00027751922607421875
72,9,160,3.2737743854522705,3.274026870727539,0.0002524852752685547
72,10,160,3.4976565837860107,3.4990482330322266,0.0013916492462158203
72,11,160,3.1188201904296875,3.121102809906006,0.0022826194763183594
72,12,160,3.3343567848205566,3.3350818157196045,0.0007250308990478516
72,13,160,3.80757212638855,3.807901620864868,0.0003294944763183594
72,14,160,3.637634515762329,3.6373541355133057,-0.0002803802490234375
72,15,160,3.5595288276672363,3.5584890842437744,-0.001039743423461914
72,16,160,3.91955304145813,3.9195432662963867,-9.775161743164062e-06
72,17,160,3.5629773139953613,3.5657570362091064,0.002779722213745117
72,18,160,2.9200689792633057,2.918339729309082,-0.0017292499542236328
72,19,160,2.5281593799591064,2.529686212539673,0.0015268325805664062
73,0,160,3.411754846572876,3.4115498065948486,-0.00020503997802734375
73,1,160,3.5385618209838867,3.538593292236328,3.147125244140625e-05
73,2,160,3.4561805725097656,3.4558987617492676,-0.0002818107604980469
73,3,160,2.999037742614746,2.9984309673309326,-0.0006067752838134766
73,4,160,2.837625503540039,2.8375585079193115,-6.699562072753906e-05
73,5,160,3.3331079483032227,3.3348946571350098,0.0017867088317871094
73,6,160,3.329303741455078,3.329782247543335,0.00047850608825683594
73,7,160,3.3449511528015137,3.3449647426605225,1.3589859008789062e-05
73,8,160,3.0519068241119385,3.051182508468628,-0.0007243156433105469
73,9,160,3.2737743854522705,3.2756667137145996,0.0018923282623291016
73,10,160,3.4976565837860107,3.5003223419189453,0.0026657581329345703
73,11,160,3.1188201904296875,3.119669198989868,0.0008490085601806641
73,12,160,3.3343567848205566,3.3345251083374023,0.00016832351684570312
73,13,160,3.80757212638855,3.807260513305664,-0.0003116130828857422
73,14,160,3.637634515762329,3.637410879135132,-0.00022363662719726562
73,15,160,3.5595288276672363,3.5592854022979736,-0.0002434253692626953
73,16,160,3.91955304145813,3.9222524166107178,0.0026993751525878906
73,17,160,3.5629773139953613,3.5621349811553955,-0.0008423328399658203
73,18,160,2.9200689792633057,2.9192800521850586,-0.0007889270782470703
73,19,160,2.5281593799591064,2.5281949043273926,3.552436828613281e-05
74,0,160,3.411754846572876,3.412269115447998,0.0005142688751220703
74,1,160,3.5385618209838867,3.5396363735198975,0.0010745525360107422
74,2,160,3.4561805725097656,3.456845283508301,0.0006647109985351562
74,3,160,2.999037742614746,2.9989352226257324,-0.00010251998901367188
74,4,160,2.837625503540039,2.839404344558716,0.0017788410186767578
74,5,160,3.3331079483032227,3.3321778774261475,-0.0009300708770751953
74,6,160,3.329303741455078,3.3285770416259766,-0.0007266998291015625
74,7,160,3.3449511528015137,3.3445334434509277,-0.0004177093505859375
74,8,160,3.0519068241119385,3.0525872707366943,0.0006804466247558594
74,9,160,3.2737743854522705,3.2742464542388916,0.00047206878662109375
74,10,160,3.4976565837860107,3.496431827545166,-0.0012247562408447266
74,11,160,3.1188201904296875,3.1216964721679688,0.00287628173828125
74,12,160,3.3343567848205566,3.3514347076416016,0.017077922821044922
74,13,160,3.80757212638855,3.807492256164551,-7.987022399902344e-05
74,14,160,3.637634515762329,3.637267589569092,-0.0003669261932373047
74,15,160,3.5595288276672363,3.5598251819610596,0.0002963542938232422
74,16,160,3.91955304145813,3.919292449951172,-0.0002605915069580078
74,17,160,3.5629773139953613,3.5624969005584717,-0.00048041343688964844
74,18,160,2.9200689792633057,2.9217827320098877,0.0017137527465820312
74,19,160,2.5281593799591064,2.528590202331543,0.00043082237243652344
75,0,160,3.411754846572876,3.4120125770568848,0.00025773048400878906
75,1,160,3.5385618209838867,3.53939151763916,0.0008296966552734375
75,2,160,3.4561805725097656,3.4565160274505615,0.00033545494079589844
75,3,160,2.999037742614746,2.997612953186035,-0.0014247894287109375
75,4,160,2.837625503540039,2.8371479511260986,-0.0004775524139404297
75,5,160,3.3331079483032227,3.3340580463409424,0.0009500980377197266
75,6,160,3.329303741455078,3.3274831771850586,-0.0018205642700195312
75,7,160,3.3449511528015137,3.3464741706848145,0.0015230178833007812
75,8,160,3.0519068241119385,3.050987720489502,-0.0009191036224365234
75,9,160,3.2737743854522705,3.2728214263916016,-0.0009529590606689453
75,10,160,3.4976565837860107,3.499185085296631,0.0015285015106201172
75,11,160,3.1188201904296875,3.119643211364746,0.0008230209350585938
75,12,160,3.3343567848205566,3.3336682319641113,-0.0006885528564453125
75,13,160,3.80757212638855,3.807781457901001,0.00020933151245117188
75,14,160,3.637634515762329,3.6394264698028564,0.0017919540405273438
75,15,160,3.5595288276672363,3.5596563816070557,0.00012755393981933594
75,16,160,3.91955304145813,3.919314384460449,-0.00023865699768066406
75,17,160,3.5629773139953613,3.567899703979492,0.004922389984130859
75,18,160,2.9200689792633057,2.919433832168579,-0.0006351470947265625
75,19,160,2.5281593799591064,2.5289177894592285,0.0007584095001220703
76,0,160,3.411754846572876,3.410658121109009,-0.0010967254638671875
76,1,160,3.5385618209838867,3.537184715270996,-0.001377105712890625
76,2,160,3.4561805725097656,3.454444169998169,-0.0017364025115966797
76,3,160,2.999037742614746,2.9979169368743896,-0.0011208057403564453
76,4,160,2.837625503540039,2.8380916118621826,0.0004661083221435547
76,5,160,3.3331079483032227,3.333129405975342,2.1457672119140625e-05
76,6,160,3.329303741455078,3.329322099685669,1.8358230590820312e-05
76,7,160,3.3449511528015137,3.344036817550659,-0.0009143352508544922
76,8,160,3.0519068241119385,3.051470994949341,-0.00043582916259765625
76,9,160,3.2737743854522705,3.271604299545288,-0.002170085906982422
76,10,160,3.4976565837860107,3.4974801540374756,-0.00017642974853515625
76,11,160,3.1188201904296875,3.1233150959014893,0.004494905471801758
76,12,160,3.3343567848205566,3.3437812328338623,0.009424448013305664
76,13,160,3.80757212638855,3.807753324508667,0.0001811981201171875
76,14,160,3.637634515762329,3.6388540267944336,0.0012195110321044922
76,15,160,3.5595288276672363,3.559608221054077,7.939338684082031e-05
76,16,160,3.91955304145813,3.9200711250305176,0.0005180835723876953
76,17,160,3.5629773139953613,3.561720132827759,-0.001257181167602539
76,18,160,2.9200689792633057,2.91975998878479,-0.000308990478515625
76,19,160,2.5281593799591064,2.5272369384765625,-0.0009224414825439453
77,0,160,3.411754846572876,3.4108965396881104,-0.000858306884765625
77,1,160,3.5385618209838867,3.5392963886260986,0.0007345676422119141
77,2,160,3.4561805725097656,3.4556102752685547,-0.0005702972412109375
77,3,160,2.999037742614746,3.0011487007141113,0.0021109580993652344
77,4,160,2.837625503540039,2.839020252227783,0.0013947486877441406
77,5,160,3.3331079483032227,3.3346121311187744,0.0015041828155517578
77,6,160,3.329303741455078,3.329641580581665,0.00033783912658691406
77,7,160,3.3449511528015137,3.3486897945404053,0.0037386417388916016
77,8,160,3.0519068241119385,3.0532336235046387,0.0013267993927001953
77,9,160,3.2737743854522705,3.2763142585754395,0.0025398731231689453
77,10,160,3.4976565837860107,3.4974687099456787,-0.00018787384033203125
77,11,160,3.1188201904296875,3.117236614227295,-0.0015835762023925781
77,12,160,3.3343567848205566,3.3339905738830566,-0.0003662109375
77,13,160,3.80757212638855,3.8058440685272217,-0.001728057861328125
77,14,160,3.637634515762329,3.6380057334899902,0.0003712177276611328
77,15,160,3.5595288276672363,3.5592377185821533,-0.0002911090850830078
77,16,160,3.91955304145813,3.9202306270599365,0.0006775856018066406
77,17,160,3.5629773139953613,3.56261944770813,-0.0003578662872314453
77,18,160,2.9200689792633057,2.9210922718048096,0.0010232925415039062
77,19,160,2.5281593799591064,2.529017925262451,0.0008585453033447266
78,0,160,3.411754846572876,3.413595676422119,0.001840829849243164
78,1,160,3.5385618209838867,3.540919303894043,0.00235748291015625
78,2,160,3.4561805725097656,3.4569971561431885,0.0008165836334228516
78,3,160,2.999037742614746,2.9990453720092773,7.62939453125e-06
78,4,160,2.837625503540039,2.8398678302764893,0.0022423267364501953
78,5,160,3.3331079483032227,3.3357994556427,0.002691507339477539
78,6,160,3.329303741455078,3.3309667110443115,0.0016629695892333984
78,7,160,3.3449511528015137,3.3455402851104736,0.0005891323089599609
78,8,160,3.0519068241119385,3.052353858947754,0.0004470348358154297
78,9,160,3.2737743854522705,3.2729711532592773,-0.0008032321929931641
78,10,160,3.4976565837860107,3.4988512992858887,0.0011947154998779297
78,11,160,3.1188201904296875,3.119480609893799,0.0006604194641113281
78,12,160,3.3343567848205566,3.333658218383789,-0.0006985664367675781
78,13,160,3.80757212638855,3.8062496185302734,-0.0013225078582763672
78,14,160,3.637634515762329,3.6380558013916016,0.00042128562927246094
78,15,160,3.5595288276672363,3.558429479598999,-0.0010993480682373047
78,16,160,3.91955304145813,3.920438051223755,0.000885009765625
78,17,160,3.5629773139953613,3.562011241912842,-0.0009660720825195312
78,18,160,2.9200689792633057,2.9187827110290527,-0.0012862682342529297
78,19,160,2.5281593799591064,2.527338743209839,-0.0008206367492675781
79,0,160,3.411754846572876,3.4114017486572266,-0.00035309791564941406
79,1,160,3.5385618209838867,3.5391764640808105,0.0006146430969238281
79,2,160,3.4561805725097656,3.4567766189575195,0.0005960464477539062
79,3,160,2.999037742614746,3.0001535415649414,0.0011157989501953125
79,4,160,2.837625503540039,2.838514566421509,0.0008890628814697266
79,5,160,3.3331079483032227,3.332812786102295,-0.0002951622009277344
79,6,160,3.329303741455078,3.3307945728302,0.0014908313751220703
79,7,160,3.3449511528015137,3.3439104557037354,-0.0010406970977783203
79,8,160,3.0519068241119385,3.0522916316986084,0.0003848075866699219
79,9,160,3.2737743854522705,3.2744603157043457,0.0006859302520751953
79,10,160,3.4976565837860107,3.4980552196502686,0.0003986358642578125
79,11,160,3.1188201904296875,3.1181912422180176,-0.0006289482116699219
79,12,160,3.3343567848205566,3.3349192142486572,0.0005624294281005859
79,13,160,3.80757212638855,3.807131290435791,-0.00044083595275878906
79,14,160,3.637634515762329,3.6358673572540283,-0.0017671585083007812
79,15,160,3.5595288276672363,3.561471462249756,0.0019426345825195312
79,16,160,3.91955304145813,3.92167592048645,0.0021228790283203125
79,17,160,3.5629773139953613,3.565436840057373,0.0024595260620117188
79,18,160,2.9200689792633057,2.9181292057037354,-0.0019397735595703125
79,19,160,2.5281593799591064,2.5291500091552734,0.0009906291961669922
80,0,160,3.411754846572876,3.4107255935668945,-0.0010292530059814453
80,1,160,3.5385618209838867,3.539058208465576,0.0004963874816894531
80,2,160,3.4561805725097656,3.4577319622039795,0.0015513896942138672
80,3,160,2.999037742614746,3.000044107437134,0.0010063648223876953
80,4,160,2.837625503540039,2.8375327587127686,-9.274482727050781e-05
80,5,160,3.3331079483032227,3.3323466777801514,-0.0007612705230712891
80,6,160,3.329303741455078,3.3285069465637207,-0.0007967948913574219
80,7,160,3.3449511528015137,3.346123456954956,0.0011723041534423828
80,8,160,3.0519068241119385,3.050896406173706,-0.0010104179382324219
80,9,160,3.2737743854522705,3.2728121280670166,-0.0009622573852539062
80,10,160,3.4976565837860107,3.4958860874176025,-0.0017704963684082031
80,11,160,3.1188201904296875,3.1182186603546143,-0.0006015300750732422
80,12,160,3.3343567848205566,3.334847927093506,0.0004911422729492188
80,13,160,3.80757212638855,3.805824041366577,-0.0017480850219726562
80,14,160,3.637634515762329,3.6397154331207275,0.0020809173583984375
80,15,160,3.5595288276672363,3.561825752258301,0.002296924591064453
80,16,160,3.91955304145813,3.916738510131836,-0.0028145313262939453
80,17,160,3.5629773139953613,3.5620763301849365,-0.0009009838104248047
80,18,160,2.9200689792633057,2.9198575019836426,-0.00021147727966308594
80,19,160,2.5281593799591064,2.528334856033325,0.00017547607421875
81,0,160,3.411754846572876,3.411071300506592,-0.0006835460662841797
81,1,160,3.5385618209838867,3.541548728942871,0.002986907958984375
81,2,160,3.4561805725097656,3.4554929733276367,-0.0006875991821289062
81,3,160,2.999037742614746,2.997995376586914,-0.0010423660278320312
81,4,160,2.837625503540039,2.838066577911377,0.0004410743713378906
81,5,160,3.3331079483032227,3.332817316055298,-0.0002906322479248047
81,6,160,3.329303741455078,3.3300259113311768,0.0007221698760986328
81,7,160,3.3449511528015137,3.345334529876709,0.0003833770751953125
81,8,160,3.0519068241119385,3.050647020339966,-0.0012598037719726562
81,9,160,3.2737743854522705,3.2733817100524902,-0.00039267539978027344
81,10,160,3.4976565837860107,3.4974305629730225,-0.00022602081298828125
81,11,160,3.1188201904296875,3.119314432144165,0.0004942417144775391
81,12,160,3.3343567848205566,3.3336477279663086,-0.0007090568542480469
81,13,160,3.80757212638855,3.8073291778564453,-0.0002429485321044922
81,14,160,3.637634515762329,3.637669086456299,3.457069396972656e-05
81,15,160,3.5595288276672363,3.560262680053711,0.0007338523864746094
81,16,160,3.91955304145813,3.9198179244995117,0.00026488304138183594
81,17,160,3.5629773139953613,3.5616347789764404,-0.0013425350189208984
81,18,160,2.9200689792633057,2.918588638305664,-0.0014803409576416016
81,19,160,2.5281593799591064,2.527965784072876,-0.00019359588623046875
82,0,160,3.411754846572876,3.4115588665008545,-0.00019598007202148438
82,1,160,3.5385618209838867,3.5394577980041504,0.0008959770202636719
82,2,160,3.4561805725097656,3.4576492309570312,0.001468658447265625
82,3,160,2.999037742614746,2.998795747756958,-0.00024199485778808594
82,4,160,2.837625503540039,2.836909294128418,-0.0007162094116210938
82,5,160,3.3331079483032227,3.333012342453003,-9.560585021972656e-05
82,6,160,3.329303741455078,3.3296289443969727,0.00032520294189453125
82,7,160,3.3449511528015137,3.3429412841796875,-0.002009868621826172
82,8,160,3.0519068241119385,3.049497365951538,-0.0024094581604003906
82,9,160,3.2737743854522705,3.274341106414795,0.0005667209625244141
82,10,160,3.4976565837860107,3.4980275630950928,0.00037097930908203125
82,11,160,3.1188201904296875,3.119858741760254,0.0010385513305664062
82,12,160,3.3343567848205566,3.334500312805176,0.00014352798461914062
82,13,160,3.80757212638855,3.8092758655548096,0.0017037391662597656
82,14,160,3.637634515762329,3.6371688842773438,-0.00046563148498535156
82,15,160,3.5595288276672363,3.55922532081604,-0.00030350685119628906
82,16,160,3.91955304145813,3.918971300125122,-0.0005817413330078125
82,17,160,3.5629773139953613,3.5647132396698,0.0017359256744384766
82,18,160,2.9200689792633057,2.91911244392395,-0.0009565353393554688
82,19,160,2.5281593799591064,2.5287818908691406,0.0006225109100341797
83,0,160,3.411754846572876,3.4124417304992676,0.0006868839263916016
83,1,160,3.5385618209838867,3.541879653930664,0.0033178329467773438
83,2,160,3.4561805725097656,3.4567196369171143,0.0005390644073486328
83,3,160,2.999037742614746,3.000638961791992,0.0016012191772460938
83,4,160,2.837625503540039,2.8353943824768066,-0.002231121063232422
83,5,160,3.3331079483032227,3.333305597305298,0.0001976490020751953
83,6,160,3.329303741455078,3.3300414085388184,0.0007376670837402344
83,7,160,3.3449511528015137,3.3474740982055664,0.0025229454040527344
83,8,160,3.0519068241119385,3.0519392490386963,3.24249267578125e-05
83,9,160,3.2737743854522705,3.2739274501800537,0.00015306472778320312
83,10,160,3.4976565837860107,3.4992120265960693,0.0015554428100585938
83,11,160,3.1188201904296875,3.122464418411255,0.003644227981567383
83,12,160,3.3343567848205566,3.3346352577209473,0.000278472900390625
83,13,160,3.80757212638855,3.809039831161499,0.0014677047729492188
83,14,160,3.637634515762329,3.6372506618499756,-0.0003838539123535156
83,15,160,3.5595288276672363,3.558258056640625,-0.0012707710266113281
83,16,160,3.91955304145813,3.9206836223602295,0.0011305809020996094
83,17,160,3.5629773139953613,3.5650837421417236,0.0021064281463623047
83,18,160,2.9200689792633057,2.9199936389923096,-7.534027099609375e-05
83,19,160,2.5281593799591064,2.5272271633148193,-0.0009322166442871094
84,0,160,3.411754846572876,3.4123640060424805,0.0006091594696044922
84,1,160,3.5385618209838867,3.5383105278015137,-0.0002512931823730469
84,2,160,3.4561805725097656,3.4582390785217285,0.0020585060119628906
84,3,160,2.999037742614746,3.002293586730957,0.0032558441162109375
84,4,160,2.837625503540039,2.838196039199829,0.0005705356597900391
84,5,160,3.3331079483032227,3.3361504077911377,0.003042459487915039
84,6,160,3.329303741455078,3.3321502208709717,0.0028464794158935547
84,7,160,3.3449511528015137,3.3478174209594727,0.0028662681579589844
84,8,160,3.0519068241119385,3.0545473098754883,0.0026404857635498047
84,9,160,3.2737743854522705,3.2748048305511475,0.0010304450988769531
84,10,160,3.4976565837860107,3.4992191791534424,0.0015625953674316406
84,11,160,3.1188201904296875,3.1192116737365723,0.0003914833068847656
84,12,160,3.3343567848205566,3.334183692932129,-0.00017309188842773438
84,13,160,3.80757212638855,3.8074076175689697,-0.00016450881958007812
84,14,160,3.637634515762329,3.639636516571045,0.0020020008087158203
84,15,160,3.5595288276672363,3.5599987506866455,0.0004699230194091797
84,16,160,3.91955304145813,3.920562744140625,0.0010097026824951172
84,17,160,3.5629773139953613,3.56351900100708,0.00054168701171875
84,18,160,2.9200689792633057,2.9196560382843018,-0.00041294097900390625
84,19,160,2.5281593799591064,2.5292787551879883,0.001119375228881836
85,0,160,3.411754846572876,3.410296678543091,-0.0014581680297851562
85,1,160,3.5385618209838867,3.53890323638916,0.0003414154052734375
85,2,160,3.4561805725097656,3.455650568008423,-0.0005300045013427734
85,3,160,2.999037742614746,3.0003559589385986,0.001318216323852539
85,4,160,2.837625503540039,2.837085247039795,-0.0005402565002441406
85,5,160,3.3331079483032227,3.3324363231658936,-0.0006716251373291016
85,6,160,3.329303741455078,3.3309624195098877,0.0016586780548095703
85,7,160,3.3449511528015137,3.3448894023895264,-6.175041198730469e-05
85,8,160,3.0519068241119385,3.052333354949951,0.0004265308380126953
85,9,160,3.2737743854522705,3.274059295654297,0.0002849102020263672
85,10,160,3.4976565837860107,3.4987735748291016,0.0011169910430908203
85,11,160,3.1188201904296875,3.119267463684082,0.00044727325439453125
85,12,160,3.3343567848205566,3.3343453407287598,-1.1444091796875e-05
85,13,160,3.80757212638855,3.8080894947052,0.0005173683166503906
85,14,160,3.637634515762329,3.6368703842163086,-0.0007641315460205078
85,15,160,3.5595288276672363,3.5604677200317383,0.0009388923645019531
85,16,160,3.91955304145813,3.920973062515259,0.0014200210571289062
85,17,160,3.5629773139953613,3.563868522644043,0.0008912086486816406
85,18,160,2.9200689792633057,2.920102834701538,3.3855438232421875e-05
85,19,160,2.5281593799591064,2.529757261276245,0.0015978813171386719
86,0,160,3.411754846572876,3.412036180496216,0.00028133392333984375
86,1,160,3.5385618209838867,3.538370132446289,-0.00019168853759765625
86,2,160,3.4561805725097656,3.455413341522217,-0.0007672309875488281
86,3,160,2.999037742614746,2.998392343521118,-0.0006453990936279297
86,4,160,2.837625503540039,2.8378193378448486,0.0001938343048095703
86,5,160,3.3331079483032227,3.332348108291626,-0.0007598400115966797
86,6,160,3.329303741455078,3.327906608581543,-0.0013971328735351562
86,7,160,3.3449511528015137,3.3435964584350586,-0.0013546943664550781
86,8,160,3.0519068241119385,3.050999164581299,-0.0009076595306396484
86,9,160,3.2737743854522705,3.273932456970215,0.00015807151794433594
86,10,160,3.4976565837860107,3.4992311000823975,0.0015745162963867188
86,11,160,3.1188201904296875,3.1219358444213867,0.0031156539916992188
86,12,160,3.3343567848205566,3.3405628204345703,0.006206035614013672
86,13,160,3.80757212638855,3.807997465133667,0.0004253387451171875
86,14,160,3.637634515762329,3.6374800205230713,-0.0001544952392578125
86,15,160,3.5595288276672363,3.560081958770752,0.000553131103515625
86,16,160,3.91955304145813,3.919205904006958,-0.000347137451171875
86,17,160,3.5629773139953613,3.5624964237213135,-0.00048089027404785156
86,18,160,2.9200689792633057,2.9189019203186035,-0.0011670589447021484
86,19,160,2.5281593799591064,2.5292279720306396,0.0010685920715332031
87,0,160,3.411754846572876,3.4122347831726074,0.0004799365997314453
87,1,160,3.5385618209838867,3.538297653198242,-0.00026416778564453125
87,2,160,3.4561805725097656,3.460096836090088,0.003916263580322266
87,3,160,2.999037742614746,3.000397205352783,0.0013594627380371094
87,4,160,2.837625503540039,2.8407273292541504,0.003101825714111328
87,5,160,3.3331079483032227,3.3368358612060547,0.0037279129028320312
87,6,160,3.329303741455078,3.330132484436035,0.0008287429809570312
87,7,160,3.3449511528015137,3.348954200744629,0.004003047943115234
87,8,160,3.0519068241119385,3.052499532699585,0.0005927085876464844
87,9,160,3.2737743854522705,3.2759530544281006,0.002178668975830078
87,10,160,3.4976565837860107,3.4991579055786133,0.001501321792602539
87,11,160,3.1188201904296875,3.122955560684204,0.0041353702545166016
87,12,160,3.3343567848205566,3.3353893756866455,0.0010325908660888672
87,13,160,3.80757212638855,3.808668375015259,0.0010962486267089844
87,14,160,3.637634515762329,3.6362433433532715,-0.0013911724090576172
87,15,160,3.5595288276672363,3.560305118560791,0.0007762908935546875
87,16,160,3.91955304145813,3.918752908706665,-0.0008001327514648438
87,17,160,3.5629773139953613,3.5638272762298584,0.0008499622344970703
87,18,160,2.9200689792633057,2.9201135635375977,4.458427429199219e-05
87,19,160,2.5281593799591064,2.5262997150421143,-0.0018596649169921875
88,0,160,3.411754846572876,3.41268253326416,0.0009276866912841797
88,1,160,3.5385618209838867,3.537545680999756,-0.0010161399841308594
88,2,160,3.4561805725097656,3.457113027572632,0.0009324550628662109
88,3,160,2.999037742614746,2.998715400695801,-0.0003223419189453125
88,4,160,2.837625503540039,2.839294910430908,0.0016694068908691406
88,5,160,3.3331079483032227,3.3334901332855225,0.0003821849822998047
88,6,160,3.329303741455078,3.3299214839935303,0.0006177425384521484
88,7,160,3.3449511528015137,3.3449697494506836,1.8596649169921875e-05
88,8,160,3.0519068241119385,3.0504441261291504,-0.001462697982788086
88,9,160,3.2737743854522705,3.276289224624634,0.0025148391723632812
88,10,160,3.4976565837860107,3.4986371994018555,0.0009806156158447266
88,11,160,3.1188201904296875,3.1183736324310303,-0.00044655799865722656
88,12,160,3.3343567848205566,3.336196184158325,0.0018393993377685547
88,13,160,3.80757212638855,3.8056938648223877,-0.0018782615661621094
88,14,160,3.637634515762329,3.637678623199463,4.410743713378906e-05
88,15,160,3.5595288276672363,3.5601694583892822,0.0006406307220458984
88,16,160,3.91955304145813,3.919583797454834,3.075599670410156e-05
88,17,160,3.5629773139953613,3.564601421356201,0.0016241073608398438
88,18,160,2.9200689792633057,2.920624256134033,0.0005552768707275391
88,19,160,2.5281593799591064,2.5304276943206787,0.0022683143615722656
89,0,160,3.411754846572876,3.412583112716675,0.0008282661437988281
89,1,160,3.5385618209838867,3.5402963161468506,0.0017344951629638672
89,2,160,3.4561805725097656,3.4530200958251953,-0.0031604766845703125
89,3,160,2.999037742614746,2.997312545776367,-0.0017251968383789062
89,4,160,2.837625503540039,2.836594820022583,-0.0010306835174560547
89,5,160,3.3331079483032227,3.3328747749328613,-0.00023317337036132812
89,6,160,3.329303741455078,3.3268699645996094,-0.00243377685546875
89,7,160,3.3449511528015137,3.345151901245117,0.00020074844360351562
89,8,160,3.0519068241119385,3.0501673221588135,-0.001739501953125
89,9,160,3.2737743854522705,3.271843910217285,-0.0019304752349853516
89,10,160,3.4976565837860107,3.4972119331359863,-0.00044465065002441406
89,11,160,3.1188201904296875,3.11969256401062,0.0008723735809326172
89,12,160,3.3343567848205566,3.334012508392334,-0.00034427642822265625
89,13,160,3.80757212638855,3.8061349391937256,-0.0014371871948242188
89,14,160,3.637634515762329,3.6391005516052246,0.0014660358428955078
89,15,160,3.5595288276672363,3.5594141483306885,-0.00011467933654785156
89,16,160,3.91955304145813,3.9211275577545166,0.0015745162963867188
89,17,160,3.5629773139953613,3.5645923614501953,0.0016150474548339844
89,18,160,2.9200689792633057,2.9197964668273926,-0.00027251243591308594
89,19,160,2.5281593799591064,2.5287699699401855,0.0006105899810791016
90,0,160,3.411754846572876,3.411569595336914,-0.00018525123596191406
90,1,160,3.5385618209838867,3.5401525497436523,0.001590728759765625
90,2,160,3.4561805725097656,3.45430064201355,-0.0018799304962158203
90,3,160,2.999037742614746,3.0002105236053467,0.001172780990600586
90,4,160,2.837625503540039,2.8371734619140625,-0.0004520416259765625
90,5,160,3.3331079483032227,3.332864284515381,-0.00024366378784179688
90,6,160,3.329303741455078,3.3301496505737305,0.0008459091186523438
90,7,160,3.3449511528015137,3.3459291458129883,0.0009779930114746094
90,8,160,3.0519068241119385,3.0518085956573486,-9.822845458984375e-05
90,9,160,3.2737743854522705,3.2747910022735596,0.0010166168212890625
90,10,160,3.4976565837860107,3.4988391399383545,0.00118255615234375
90,11,160,3.1188201904296875,3.119475841522217,0.0006556510925292969
90,12,160,3.3343567848205566,3.3355703353881836,0.0012135505676269531
90,13,160,3.80757212638855,3.8070902824401855,-0.0004818439483642578
90,14,160,3.637634515762329,3.6382009983062744,0.0005664825439453125
90,15,160,3.5595288276672363,3.5597035884857178,0.0001747608184814453
90,16,160,3.91955304145813,3.9191579818725586,-0.00039505958557128906
90,17,160,3.5629773139953613,3.5646517276763916,0.0016744136810302734
90,18,160,2.9200689792633057,2.919130802154541,-0.0009381771087646484
90,19,160,2.5281593799591064,2.5279839038848877,-0.00017547607421875
91,0,160,3.411754846572876,3.41208815574646,0.0003333091735839844
91,1,160,3.5385618209838867,3.53861665725708,5.4836273193359375e-05
91,2,160,3.4561805725097656,3.4553987979888916,-0.0007817745208740234
91,3,160,2.999037742614746,2.997593402862549,-0.0014443397521972656
91,4,160,2.837625503540039,2.837801933288574,0.00017642974853515625
91,5,160,3.3331079483032227,3.3351330757141113,0.002025127410888672
91,6,160,3.329303741455078,3.3273825645446777,-0.0019211769104003906
91,7,160,3.3449511528015137,3.3453896045684814,0.00043845176696777344
91,8,160,3.0519068241119385,3.0530552864074707,0.0011484622955322266
91,9,160,3.2737743854522705,3.2743985652923584,0.0006241798400878906
91,10,160,3.4976565837860107,3.498121500015259,0.0004649162292480469
91,11,160,3.1188201904296875,3.1214585304260254,0.0026383399963378906
91,12,160,3.3343567848205566,3.3359477519989014,0.0015909671783447266
91,13,160,3.80757212638855,3.807767391204834,0.0001952648162841797
91,14,160,3.637634515762329,3.6368207931518555,-0.0008137226104736328
91,15,160,3.5595288276672363,3.559225082397461,-0.0003037452697753906
91,16,160,3.91955304145813,3.9180891513824463,-0.0014638900756835938
91,17,160,3.5629773139953613,3.564826250076294,0.0018489360809326172
91,18,160,2.9200689792633057,2.9193003177642822,-0.0007686614990234375
91,19,160,2.5281593799591064,2.529130220413208,0.0009708404541015625
92,0,160,3.411754846572876,3.412057399749756,0.0003025531768798828
92,1,160,3.5385618209838867,3.5388476848602295,0.00028586387634277344
92,2,160,3.4561805725097656,3.455415964126587,-0.0007646083831787109
92,3,160,2.999037742614746,2.998419761657715,-0.00061798095703125
92,4,160,2.837625503540039,2.838334798812866,0.0007092952728271484
92,5,160,3.3331079483032227,3.331810474395752,-0.0012974739074707031
92,6,160,3.329303741455078,3.329686403274536,0.0003826618194580078
92,7,160,3.3449511528015137,3.343285322189331,-0.0016658306121826172
92,8,160,3.0519068241119385,3.0523223876953125,0.00041556358337402344
92,9,160,3.2737743854522705,3.2732994556427,-0.0004749298095703125
92,10,160,3.4976565837860107,3.496565818786621,-0.0010907649993896484
92,11,160,3.1188201904296875,3.118485689163208,-0.0003345012664794922
92,12,160,3.3343567848205566,3.3343169689178467,-3.981590270996094e-05
92,13,160,3.80757212638855,3.807746171951294,0.00017404556274414062
92,14,160,3.637634515762329,3.6376636028289795,2.9087066650390625e-05
92,15,160,3.5595288276672363,3.5598838329315186,0.00035500526428222656
92,16,160,3.91955304145813,3.9193835258483887,-0.00016951560974121094
92,17,160,3.5629773139953613,3.5664005279541016,0.0034232139587402344
92,18,160,2.9200689792633057,2.919163465499878,-0.0009055137634277344
92,19,160,2.5281593799591064,2.5276131629943848,-0.0005462169647216797
93,0,160,3.411754846572876,3.4116392135620117,-0.00011563301086425781
93,1,160,3.5385618209838867,3.5366764068603516,-0.0018854141235351562
93,2,160,3.4561805725097656,3.45682430267334,0.0006437301635742188
93,3,160,2.999037742614746,2.999399185180664,0.00036144256591796875
93,4,160,2.837625503540039,2.8379006385803223,0.0002751350402832031
93,5,160,3.3331079483032227,3.332298755645752,-0.0008091926574707031
93,6,160,3.329303741455078,3.3302977085113525,0.000993967056274414
93,7,160,3.3449511528015137,3.344521999359131,-0.0004291534423828125
93,8,160,3.0519068241119385,3.0512924194335938,-0.0006144046783447266
93,9,160,3.2737743854522705,3.274803400039673,0.0010290145874023438
93,10,160,3.4976565837860107,3.4970734119415283,-0.0005831718444824219
93,11,160,3.1188201904296875,3.1206350326538086,0.0018148422241210938
93,12,160,3.3343567848205566,3.3339121341705322,-0.00044465065002441406
93,13,160,3.80757212638855,3.806356906890869,-0.001215219497680664
93,14,160,3.637634515762329,3.636382818222046,-0.0012516975402832031
93,15,160,3.5595288276672363,3.561333656311035,0.0018048286437988281
93,16,160,3.91955304145813,3.919097423553467,-0.00045561790466308594
93,17,160,3.5629773139953613,3.5631942749023438,0.00021696090698242188
93,18,160,2.9200689792633057,2.919633626937866,-0.0004353523254394531
93,19,160,2.5281593799591064,2.5301096439361572,0.0019502639770507812
94,0,160,3.411754846572876,3.411432981491089,-0.0003218650817871094
94,1,160,3.5385618209838867,3.53826642036438,-0.00029540061950683594
94,2,160,3.4561805725097656,3.4560534954071045,-0.0001270771026611328
94,3,160,2.999037742614746,2.9991230964660645,8.535385131835938e-05
94,4,160,2.837625503540039,2.836920976638794,-0.0007045269012451172
94,5,160,3.3331079483032227,3.3327033519744873,-0.00040459632873535156
94,6,160,3.329303741455078,3.3299620151519775,0.0006582736968994141
94,7,160,3.3449511528015137,3.345210313796997,0.00025916099548339844
94,8,160,3.0519068241119385,3.051271677017212,-0.0006351470947265625
94,9,160,3.2737743854522705,3.2751541137695312,0.0013797283172607422
94,10,160,3.4976565837860107,3.4962334632873535,-0.0014231204986572266
94,11,160,3.1188201904296875,3.117051362991333,-0.0017688274383544922
94,12,160,3.3343567848205566,3.334268093109131,-8.869171142578125e-05
94,13,160,3.80757212638855,3.807610034942627,3.790855407714844e-05
94,14,160,3.637634515762329,3.6367316246032715,-0.0009028911590576172
94,15,160,3.5595288276672363,3.560377359390259,0.0008485317230224609
94,16,160,3.91955304145813,3.920016288757324,0.00046324729919433594
94,17,160,3.5629773139953613,3.5654821395874023,0.0025048255920410156
94,18,160,2.9200689792633057,2.918691873550415,-0.001377105712890625
94,19,160,2.5281593799591064,2.5251946449279785,-0.0029647350311279297
95,0,160,3.411754846572876,3.411195993423462,-0.0005588531494140625
95,1,160,3.5385618209838867,3.5389187335968018,0.00035691261291503906
95,2,160,3.4561805725097656,3.456101417541504,-7.915496826171875e-05
95,3,160,2.999037742614746,2.99885630607605,-0.00018143653869628906
95,4,160,2.837625503540039,2.8362643718719482,-0.0013611316680908203
95,5,160,3.3331079483032227,3.3336875438690186,0.0005795955657958984
95,6,160,3.329303741455078,3.3307242393493652,0.0014204978942871094
95,7,160,3.3449511528015137,3.3444664478302,-0.00048470497131347656
95,8,160,3.0519068241119385,3.052499294281006,0.0005924701690673828
95,9,160,3.2737743854522705,3.27397084236145,0.0001964569091796875
95,10,160,3.4976565837860107,3.499814987182617,0.0021584033966064453
95,11,160,3.1188201904296875,3.1194655895233154,0.0006453990936279297
95,12,160,3.3343567848205566,3.333824634552002,-0.0005321502685546875
95,13,160,3.80757212638855,3.8079605102539062,0.0003883838653564453
95,14,160,3.637634515762329,3.635094165802002,-0.0025403499603271484
95,15,160,3.5595288276672363,3.5586535930633545,-0.0008752346038818359
95,16,160,3.91955304145813,3.9219839572906494,0.0024309158325195312
95,17,160,3.5629773139953613,3.5617713928222656,-0.0012059211730957031
95,18,160,2.9200689792633057,2.9201061725616455,3.719329833984375e-05
95,19,160,2.5281593799591064,2.529197931289673,0.0010385513305664062
96,0,160,3.411754846572876,3.4109392166137695,-0.0008156299591064453
96,1,160,3.5385618209838867,3.5393383502960205,0.0007765293121337891
96,2,160,3.4561805725097656,3.4569754600524902,0.0007948875427246094
96,3,160,2.999037742614746,3.000789165496826,0.0017514228820800781
96,4,160,2.837625503540039,2.837073802947998,-0.0005517005920410156
96,5,160,3.3331079483032227,3.3335084915161133,0.000400543212890625
96,6,160,3.329303741455078,3.3310301303863525,0.001726388931274414
96,7,160,3.3449511528015137,3.3452486991882324,0.00029754638671875
96,8,160,3.0519068241119385,3.054032802581787,0.002125978469848633
96,9,160,3.2737743854522705,3.2734837532043457,-0.0002906322479248047
96,10,160,3.4976565837860107,3.498518466949463,0.0008618831634521484
96,11,160,3.1188201904296875,3.1171181201934814,-0.0017020702362060547
96,12,160,3.3343567848205566,3.334862232208252,0.0005054473876953125
96,13,160,3.80757212638855,3.8102164268493652,0.0026443004608154297
96,14,160,3.637634515762329,3.637017250061035,-0.0006172657012939453
96,15,160,3.5595288276672363,3.560049295425415,0.0005204677581787109
96,16,160,3.91955304145813,3.922232151031494,0.002679109573364258
96,17,160,3.5629773139953613,3.5654540061950684,0.0024766921997070312
96,18,160,2.9200689792633057,2.9209516048431396,0.0008826255798339844
96,19,160,2.5281593799591064,2.528160333633423,9.5367431640625e-07
97,0,160,3.411754846572876,3.410874605178833,-0.0008802413940429688
97,1,160,3.5385618209838867,3.536855936050415,-0.0017058849334716797
97,2,160,3.4561805725097656,3.457075595855713,0.0008950233459472656
97,3,160,2.999037742614746,3.0012478828430176,0.0022101402282714844
97,4,160,2.837625503540039,2.8373863697052,-0.0002391338348388672
97,5,160,3.3331079483032227,3.3334860801696777,0.0003781318664550781
97,6,160,3.329303741455078,3.330090045928955,0.0007863044738769531
97,7,160,3.3449511528015137,3.3473997116088867,0.002448558807373047
97,8,160,3.0519068241119385,3.053018808364868,0.0011119842529296875
97,9,160,3.2737743854522705,3.2748727798461914,0.0010983943939208984
97,10,160,3.4976565837860107,3.4993090629577637,0.0016524791717529297
97,11,160,3.1188201904296875,3.1189992427825928,0.00017905235290527344
97,12,160,3.3343567848205566,3.3345086574554443,0.0001518726348876953
97,13,160,3.80757212638855,3.8094372749328613,0.0018651485443115234
97,14,160,3.637634515762329,3.6378815174102783,0.00024700164794921875
97,15,160,3.5595288276672363,3.5592148303985596,-0.0003139972686767578
97,16,160,3.91955304145813,3.9207897186279297,0.0012366771697998047
97,17,160,3.5629773139953613,3.565856456756592,0.0028791427612304688
97,18,160,2.9200689792633057,2.920276165008545,0.0002071857452392578
97,19,160,2.5281593799591064,2.527308225631714,-0.0008511543273925781
98,0,160,3.411754846572876,3.413034200668335,0.0012793540954589844
98,1,160,3.5385618209838867,3.539915084838867,0.0013532638549804688
98,2,160,3.4561805725097656,3.4546215534210205,-0.0015590190887451172
98,3,160,2.999037742614746,2.997636556625366,-0.0014011859893798828
98,4,160,2.837625503540039,2.836707592010498,-0.0009179115295410156
98,5,160,3.3331079483032227,3.3333380222320557,0.0002300739288330078
98,6,160,3.329303741455078,3.329521417617798,0.00021767616271972656
98,7,160,3.3449511528015137,3.3443400859832764,-0.0006110668182373047
98,8,160,3.0519068241119385,3.0496156215667725,-0.0022912025451660156
98,9,160,3.2737743854522705,3.273139715194702,-0.0006346702575683594
98,10,160,3.4976565837860107,3.4961235523223877,-0.0015330314636230469
98,11,160,3.1188201904296875,3.120134115219116,0.001313924789428711
98,12,160,3.3343567848205566,3.3349640369415283,0.0006072521209716797
98,13,160,3.80757212638855,3.808626413345337,0.0010542869567871094
98,14,160,3.637634515762329,3.637758255004883,0.00012373924255371094
98,15,160,3.5595288276672363,3.559755563735962,0.00022673606872558594
98,16,160,3.91955304145813,3.9202303886413574,0.0006773471832275391
98,17,160,3.5629773139953613,3.5657429695129395,0.002765655517578125
98,18,160,2.9200689792633057,2.923220157623291,0.0031511783599853516
98,19,160,2.5281593799591064,2.526641845703125,-0.0015175342559814453
99,0,160,3.411754846572876,3.4121649265289307,0.0004100799560546875
99,1,160,3.5385618209838867,3.5397379398345947,0.0011761188507080078
99,2,160,3.4561805725097656,3.45633602142334,0.00015544891357421875
99,3,160,2.999037742614746,3.0019359588623047,0.0028982162475585938
99,4,160,2.837625503540039,2.8391244411468506,0.0014989376068115234
99,5,160,3.3331079483032227,3.332904815673828,-0.00020313262939453125
99,6,160,3.329303741455078,3.3286263942718506,-0.0006773471832275391
99,7,160,3.3449511528015137,3.3434252738952637,-0.00152587890625
99,8,160,3.0519068241119385,3.0500283241271973,-0.001878499984741211
99,9,160,3.2737743854522705,3.272928237915039,-0.0008461475372314453
99,10,160,3.4976565837860107,3.4977505207061768,9.393692016601562e-05
99,11,160,3.1188201904296875,3.1184499263763428,-0.00037026405334472656
99,12,160,3.3343567848205566,3.33427095413208,-8.58306884765625e-05
99,13,160,3.80757212638855,3.806950807571411,-0.0006213188171386719
99,14,160,3.637634515762329,3.63736891746521,-0.0002655982971191406
99,15,160,3.5595288276672363,3.55916690826416,-0.0003619194030761719
99,16,160,3.91955304145813,3.920680284500122,0.0011272430419921875
99,17,160,3.5629773139953613,3.563509225845337,0.0005319118499755859
99,18,160,2.9200689792633057,2.91931414604187,-0.0007548332214355469
99,19,160,2.5281593799591064,2.526130437850952,-0.002028942108154297
