subset,query,n_removed,baseline_loss,filtered_loss,loss_change
0,0,160,3.4124255180358887,3.411405086517334,-0.0010204315185546875
0,1,160,3.5449578762054443,3.543149709701538,-0.00180816650390625
0,2,160,3.4617114067077637,3.461829900741577,0.00011849403381347656
0,3,160,3.000498056411743,3.0001683235168457,-0.00032973289489746094
0,4,160,2.8379716873168945,2.836308717727661,-0.0016629695892333984
0,5,160,3.348323106765747,3.3492276668548584,0.0009045600891113281
0,6,160,3.339444160461426,3.336179733276367,-0.0032644271850585938
0,7,160,3.350605010986328,3.350158452987671,-0.00044655799865722656
0,8,160,3.059028387069702,3.0586020946502686,-0.00042629241943359375
0,9,160,3.2808873653411865,3.280754566192627,-0.0001327991485595703
0,10,160,3.503187656402588,3.5028462409973145,-0.0003414154052734375
0,11,160,3.1410646438598633,3.143693685531616,0.0026290416717529297
0,12,160,3.339723587036133,3.339256525039673,-0.00046706199645996094
0,13,160,3.8051559925079346,3.802133321762085,-0.0030226707458496094
0,14,160,3.638680934906006,3.6410820484161377,0.002401113510131836
0,15,160,3.5612964630126953,3.560772657394409,-0.0005238056182861328
0,16,160,3.921389102935791,3.9220407009124756,0.0006515979766845703
0,17,160,3.5919134616851807,3.592052936553955,0.00013947486877441406
0,18,160,2.9101085662841797,2.910198926925659,9.036064147949219e-05
0,19,160,2.5034892559051514,2.5026700496673584,-0.0008192062377929688
1,0,160,3.4124255180358887,3.412693500518799,0.00026798248291015625
1,1,160,3.5449578762054443,3.545323610305786,0.0003657341003417969
1,2,160,3.4617114067077637,3.4630558490753174,0.001344442367553711
1,3,160,3.000498056411743,2.9995017051696777,-0.0009963512420654297
1,4,160,2.8379716873168945,2.837343454360962,-0.0006282329559326172
1,5,160,3.348323106765747,3.3488810062408447,0.0005578994750976562
1,6,160,3.339444160461426,3.336655378341675,-0.0027887821197509766
1,7,160,3.350605010986328,3.3504555225372314,-0.0001494884490966797
1,8,160,3.059028387069702,3.0582802295684814,-0.0007481575012207031
1,9,160,3.2808873653411865,3.2803940773010254,-0.0004932880401611328
1,10,160,3.503187656402588,3.5040714740753174,0.0008838176727294922
1,11,160,3.1410646438598633,3.1437013149261475,0.0026366710662841797
1,12,160,3.339723587036133,3.346811532974243,0.0070879459381103516
1,13,160,3.8051559925079346,3.8024988174438477,-0.002657175064086914
1,14,160,3.638680934906006,3.642451286315918,0.0037703514099121094
1,15,160,3.5612964630126953,3.560739040374756,-0.0005574226379394531
1,16,160,3.921389102935791,3.923532485961914,0.002143383026123047
1,17,160,3.5919134616851807,3.5886282920837402,-0.0032851696014404297
1,18,160,2.9101085662841797,2.9101438522338867,3.528594970703125e-05
1,19,160,2.5034892559051514,2.5025320053100586,-0.0009572505950927734
2,0,160,3.4124255180358887,3.4118478298187256,-0.0005776882171630859
2,1,160,3.5449578762054443,3.542797803878784,-0.0021600723266601562
2,2,160,3.4617114067077637,3.462374687194824,0.0006632804870605469
2,3,160,3.000498056411743,2.9989969730377197,-0.0015010833740234375
2,4,160,2.8379716873168945,2.8380846977233887,0.00011301040649414062
2,5,160,3.348323106765747,3.3486685752868652,0.00034546852111816406
2,6,160,3.339444160461426,3.338221549987793,-0.0012226104736328125
2,7,160,3.350605010986328,3.3505630493164062,-4.1961669921875e-05
2,8,160,3.059028387069702,3.0594277381896973,0.0003993511199951172
2,9,160,3.2808873653411865,3.280285120010376,-0.0006022453308105469
2,10,160,3.503187656402588,3.502934217453003,-0.00025343894958496094
2,11,160,3.1410646438598633,3.1459929943084717,0.0049283504486083984
2,12,160,3.339723587036133,3.3408854007720947,0.001161813735961914
2,13,160,3.8051559925079346,3.802400827407837,-0.0027551651000976562
2,14,160,3.638680934906006,3.6419382095336914,0.003257274627685547
2,15,160,3.5612964630126953,3.5615086555480957,0.00021219253540039062
2,16,160,3.921389102935791,3.9227356910705566,0.001346588134765625
2,17,160,3.5919134616851807,3.5933656692504883,0.0014522075653076172
2,18,160,2.9101085662841797,2.9099647998809814,-0.0001437664031982422
2,19,160,2.5034892559051514,2.501380205154419,-0.002109050750732422
3,0,160,3.4124255180358887,3.4107890129089355,-0.001636505126953125
3,1,160,3.5449578762054443,3.545499563217163,0.00054168701171875
3,2,160,3.4617114067077637,3.4641549587249756,0.002443552017211914
3,3,160,3.000498056411743,3.0006091594696045,0.00011110305786132812
3,4,160,2.8379716873168945,2.8383965492248535,0.0004248619079589844
3,5,160,3.348323106765747,3.348599672317505,0.0002765655517578125
3,6,160,3.339444160461426,3.3370864391326904,-0.0023577213287353516
3,7,160,3.350605010986328,3.3508949279785156,0.0002899169921875
3,8,160,3.059028387069702,3.0587081909179688,-0.00032019615173339844
3,9,160,3.2808873653411865,3.2806169986724854,-0.0002703666687011719
3,10,160,3.503187656402588,3.503394603729248,0.00020694732666015625
3,11,160,3.1410646438598633,3.143451452255249,0.002386808395385742
3,12,160,3.339723587036133,3.3396618366241455,-6.175041198730469e-05
3,13,160,3.8051559925079346,3.8024184703826904,-0.0027375221252441406
3,14,160,3.638680934906006,3.6425931453704834,0.003912210464477539
3,15,160,3.5612964630126953,3.562349557876587,0.0010530948638916016
3,16,160,3.921389102935791,3.922614097595215,0.0012249946594238281
3,17,160,3.5919134616851807,3.5889625549316406,-0.002950906753540039
3,18,160,2.9101085662841797,2.9105396270751953,0.000431060791015625
3,19,160,2.5034892559051514,2.501893997192383,-0.0015952587127685547
4,0,160,3.4124255180358887,3.4128968715667725,0.00047135353088378906
4,1,160,3.5449578762054443,3.5435280799865723,-0.0014297962188720703
4,2,160,3.4617114067077637,3.4611546993255615,-0.0005567073822021484
4,3,160,3.000498056411743,3.0013017654418945,0.0008037090301513672
4,4,160,2.8379716873168945,2.836146354675293,-0.0018253326416015625
4,5,160,3.348323106765747,3.3488941192626953,0.0005710124969482422
4,6,160,3.339444160461426,3.3392765522003174,-0.00016760826110839844
4,7,160,3.350605010986328,3.3510537147521973,0.0004487037658691406
4,8,160,3.059028387069702,3.058075428009033,-0.0009529590606689453
4,9,160,3.2808873653411865,3.2810728549957275,0.00018548965454101562
4,10,160,3.503187656402588,3.504077196121216,0.0008895397186279297
4,11,160,3.1410646438598633,3.1422078609466553,0.0011432170867919922
4,12,160,3.339723587036133,3.3478665351867676,0.008142948150634766
4,13,160,3.8051559925079346,3.805704355239868,0.0005483627319335938
4,14,160,3.638680934906006,3.6384568214416504,-0.00022411346435546875
4,15,160,3.5612964630126953,3.5619888305664062,0.0006923675537109375
4,16,160,3.921389102935791,3.9208195209503174,-0.0005695819854736328
4,17,160,3.5919134616851807,3.591144561767578,-0.0007688999176025391
4,18,160,2.9101085662841797,2.9104554653167725,0.00034689903259277344
4,19,160,2.5034892559051514,2.503098964691162,-0.0003902912139892578
5,0,160,3.4124255180358887,3.413353681564331,0.0009281635284423828
5,1,160,3.5449578762054443,3.545564651489258,0.0006067752838134766
5,2,160,3.4617114067077637,3.4608206748962402,-0.0008907318115234375
5,3,160,3.000498056411743,2.9985151290893555,-0.0019829273223876953
5,4,160,2.8379716873168945,2.838822603225708,0.0008509159088134766
5,5,160,3.348323106765747,3.348086357116699,-0.00023674964904785156
5,6,160,3.339444160461426,3.339190721511841,-0.00025343894958496094
5,7,160,3.350605010986328,3.3518118858337402,0.0012068748474121094
5,8,160,3.059028387069702,3.0597543716430664,0.0007259845733642578
5,9,160,3.2808873653411865,3.281463146209717,0.0005757808685302734
5,10,160,3.503187656402588,3.5033657550811768,0.0001780986785888672
5,11,160,3.1410646438598633,3.141408681869507,0.0003440380096435547
5,12,160,3.339723587036133,3.3385329246520996,-0.0011906623840332031
5,13,160,3.8051559925079346,3.8059091567993164,0.0007531642913818359
5,14,160,3.638680934906006,3.638946771621704,0.0002658367156982422
5,15,160,3.5612964630126953,3.5631346702575684,0.0018382072448730469
5,16,160,3.921389102935791,3.921602964401245,0.00021386146545410156
5,17,160,3.5919134616851807,3.591073751449585,-0.0008397102355957031
5,18,160,2.9101085662841797,2.9100685119628906,-4.00543212890625e-05
5,19,160,2.5034892559051514,2.5022571086883545,-0.001232147216796875
6,0,160,3.4124255180358887,3.4112794399261475,-0.001146078109741211
6,1,160,3.5449578762054443,3.546046257019043,0.0010883808135986328
6,2,160,3.4617114067077637,3.4602410793304443,-0.001470327377319336
6,3,160,3.000498056411743,3.000688076019287,0.0001900196075439453
6,4,160,2.8379716873168945,2.8366315364837646,-0.0013401508331298828
6,5,160,3.348323106765747,3.3463172912597656,-0.0020058155059814453
6,6,160,3.339444160461426,3.3372178077697754,-0.0022263526916503906
6,7,160,3.350605010986328,3.3504555225372314,-0.0001494884490966797
6,8,160,3.059028387069702,3.0590646266937256,3.62396240234375e-05
6,9,160,3.2808873653411865,3.278604745864868,-0.0022826194763183594
6,10,160,3.503187656402588,3.503079891204834,-0.00010776519775390625
6,11,160,3.1410646438598633,3.139099359512329,-0.0019652843475341797
6,12,160,3.339723587036133,3.3393056392669678,-0.00041794776916503906
6,13,160,3.8051559925079346,3.8050966262817383,-5.936622619628906e-05
6,14,160,3.638680934906006,3.6406073570251465,0.001926422119140625
6,15,160,3.5612964630126953,3.5610697269439697,-0.00022673606872558594
6,16,160,3.921389102935791,3.9208033084869385,-0.0005857944488525391
6,17,160,3.5919134616851807,3.5923917293548584,0.0004782676696777344
6,18,160,2.9101085662841797,2.909524917602539,-0.000583648681640625
6,19,160,2.5034892559051514,2.5035195350646973,3.0279159545898438e-05
7,0,160,3.4124255180358887,3.4122531414031982,-0.0001723766326904297
7,1,160,3.5449578762054443,3.5454204082489014,0.00046253204345703125
7,2,160,3.4617114067077637,3.4615516662597656,-0.00015974044799804688
7,3,160,3.000498056411743,3.0007476806640625,0.00024962425231933594
7,4,160,2.8379716873168945,2.838305711746216,0.00033402442932128906
7,5,160,3.348323106765747,3.347329616546631,-0.000993490219116211
7,6,160,3.339444160461426,3.3399415016174316,0.0004973411560058594
7,7,160,3.350605010986328,3.3511383533477783,0.0005333423614501953
7,8,160,3.059028387069702,3.0582656860351562,-0.0007627010345458984
7,9,160,3.2808873653411865,3.280655860900879,-0.0002315044403076172
7,10,160,3.503187656402588,3.5033276081085205,0.0001399517059326172
7,11,160,3.1410646438598633,3.1412529945373535,0.00018835067749023438
7,12,160,3.339723587036133,3.3399484157562256,0.00022482872009277344
7,13,160,3.8051559925079346,3.8053197860717773,0.00016379356384277344
7,14,160,3.638680934906006,3.6394052505493164,0.0007243156433105469
7,15,160,3.5612964630126953,3.562687635421753,0.0013911724090576172
7,16,160,3.921389102935791,3.9222359657287598,0.00084686279296875
7,17,160,3.5919134616851807,3.5908188819885254,-0.0010945796966552734
7,18,160,2.9101085662841797,2.909527540206909,-0.0005810260772705078
7,19,160,2.5034892559051514,2.503324031829834,-0.0001652240753173828
8,0,160,3.4124255180358887,3.411543130874634,-0.0008823871612548828
8,1,160,3.5449578762054443,3.542593002319336,-0.0023648738861083984
8,2,160,3.4617114067077637,3.4600443840026855,-0.001667022705078125
8,3,160,3.000498056411743,3.002614974975586,0.0021169185638427734
8,4,160,2.8379716873168945,2.837744951248169,-0.00022673606872558594
8,5,160,3.348323106765747,3.3475332260131836,-0.0007898807525634766
8,6,160,3.339444160461426,3.33902907371521,-0.0004150867462158203
8,7,160,3.350605010986328,3.350440502166748,-0.00016450881958007812
8,8,160,3.059028387069702,3.0577714443206787,-0.0012569427490234375
8,9,160,3.2808873653411865,3.2805628776550293,-0.00032448768615722656
8,10,160,3.503187656402588,3.5030763149261475,-0.00011134147644042969
8,11,160,3.1410646438598633,3.143547296524048,0.0024826526641845703
8,12,160,3.339723587036133,3.3389089107513428,-0.0008146762847900391
8,13,160,3.8051559925079346,3.8044769763946533,-0.00067901611328125
8,14,160,3.638680934906006,3.639678716659546,0.000997781753540039
8,15,160,3.5612964630126953,3.5631046295166016,0.00180816650390625
8,16,160,3.921389102935791,3.921321153640747,-6.794929504394531e-05
8,17,160,3.5919134616851807,3.5975799560546875,0.005666494369506836
8,18,160,2.9101085662841797,2.9087491035461426,-0.0013594627380371094
8,19,160,2.5034892559051514,2.5042026042938232,0.000713348388671875
9,0,160,3.4124255180358887,3.411519765853882,-0.0009057521820068359
9,1,160,3.5449578762054443,3.543591260910034,-0.0013666152954101562
9,2,160,3.4617114067077637,3.4621143341064453,0.0004029273986816406
9,3,160,3.000498056411743,2.999439001083374,-0.0010590553283691406
9,4,160,2.8379716873168945,2.8367209434509277,-0.0012507438659667969
9,5,160,3.348323106765747,3.3465185165405273,-0.0018045902252197266
9,6,160,3.339444160461426,3.3378703594207764,-0.001573801040649414
9,7,160,3.350605010986328,3.350207567214966,-0.0003974437713623047
9,8,160,3.059028387069702,3.057952404022217,-0.0010759830474853516
9,9,160,3.2808873653411865,3.2824225425720215,0.001535177230834961
9,10,160,3.503187656402588,3.503204822540283,1.71661376953125e-05
9,11,160,3.1410646438598633,3.1416094303131104,0.0005447864532470703
9,12,160,3.339723587036133,3.339118003845215,-0.0006055831909179688
9,13,160,3.8051559925079346,3.805835723876953,0.0006797313690185547
9,14,160,3.638680934906006,3.639371871948242,0.0006909370422363281
9,15,160,3.5612964630126953,3.5607855319976807,-0.0005109310150146484
9,16,160,3.921389102935791,3.9215519428253174,0.0001628398895263672
9,17,160,3.5919134616851807,3.590458631515503,-0.0014548301696777344
9,18,160,2.9101085662841797,2.910276412963867,0.0001678466796875
9,19,160,2.5034892559051514,2.501873016357422,-0.0016162395477294922
10,0,160,3.4124255180358887,3.4134395122528076,0.0010139942169189453
10,1,160,3.5449578762054443,3.545048713684082,9.083747863769531e-05
10,2,160,3.4617114067077637,3.4613311290740967,-0.0003802776336669922
10,3,160,3.000498056411743,3.0038366317749023,0.0033385753631591797
10,4,160,2.8379716873168945,2.8385775089263916,0.0006058216094970703
10,5,160,3.348323106765747,3.3483011722564697,-2.193450927734375e-05
10,6,160,3.339444160461426,3.337176561355591,-0.002267599105834961
10,7,160,3.350605010986328,3.3504323959350586,-0.00017261505126953125
10,8,160,3.059028387069702,3.0592308044433594,0.00020241737365722656
10,9,160,3.2808873653411865,3.282294988632202,0.001407623291015625
10,10,160,3.503187656402588,3.5039196014404297,0.0007319450378417969
10,11,160,3.1410646438598633,3.1409120559692383,-0.000152587890625
10,12,160,3.339723587036133,3.339097738265991,-0.0006258487701416016
10,13,160,3.8051559925079346,3.8048646450042725,-0.0002913475036621094
10,14,160,3.638680934906006,3.638960123062134,0.0002791881561279297
10,15,160,3.5612964630126953,3.562364101409912,0.0010676383972167969
10,16,160,3.921389102935791,3.9218382835388184,0.00044918060302734375
10,17,160,3.5919134616851807,3.590139389038086,-0.0017740726470947266
10,18,160,2.9101085662841797,2.9105827808380127,0.0004742145538330078
10,19,160,2.5034892559051514,2.50451397895813,0.0010247230529785156
11,0,160,3.4124255180358887,3.412605047225952,0.00017952919006347656
11,1,160,3.5449578762054443,3.5446906089782715,-0.00026726722717285156
11,2,160,3.4617114067077637,3.4633657932281494,0.0016543865203857422
11,3,160,3.000498056411743,3.0008790493011475,0.0003809928894042969
11,4,160,2.8379716873168945,2.8373305797576904,-0.0006411075592041016
11,5,160,3.348323106765747,3.3497703075408936,0.0014472007751464844
11,6,160,3.339444160461426,3.340580701828003,0.0011365413665771484
11,7,160,3.350605010986328,3.3498008251190186,-0.0008041858673095703
11,8,160,3.059028387069702,3.0613911151885986,0.0023627281188964844
11,9,160,3.2808873653411865,3.2808737754821777,-1.3589859008789062e-05
11,10,160,3.503187656402588,3.5042777061462402,0.0010900497436523438
11,11,160,3.1410646438598633,3.1424930095672607,0.001428365707397461
11,12,160,3.339723587036133,3.3388161659240723,-0.0009074211120605469
11,13,160,3.8051559925079346,3.808415651321411,0.0032596588134765625
11,14,160,3.638680934906006,3.638892889022827,0.00021195411682128906
11,15,160,3.5612964630126953,3.5611226558685303,-0.00017380714416503906
11,16,160,3.921389102935791,3.9217684268951416,0.00037932395935058594
11,17,160,3.5919134616851807,3.591433525085449,-0.0004799365997314453
11,18,160,2.9101085662841797,2.9089128971099854,-0.001195669174194336
11,19,160,2.5034892559051514,2.5026776790618896,-0.0008115768432617188
12,0,160,3.4124255180358887,3.411177396774292,-0.0012481212615966797
12,1,160,3.5449578762054443,3.545077085494995,0.00011920928955078125
12,2,160,3.4617114067077637,3.459592819213867,-0.0021185874938964844
12,3,160,3.000498056411743,3.000330686569214,-0.00016736984252929688
12,4,160,2.8379716873168945,2.8369667530059814,-0.001004934310913086
12,5,160,3.348323106765747,3.349724292755127,0.0014011859893798828
12,6,160,3.339444160461426,3.3386456966400146,-0.0007984638214111328
12,7,160,3.350605010986328,3.35160231590271,0.000997304916381836
12,8,160,3.059028387069702,3.0596587657928467,0.0006303787231445312
12,9,160,3.2808873653411865,3.279982328414917,-0.0009050369262695312
12,10,160,3.503187656402588,3.5032949447631836,0.00010728836059570312
12,11,160,3.1410646438598633,3.1419849395751953,0.0009202957153320312
12,12,160,3.339723587036133,3.341034412384033,0.0013108253479003906
12,13,160,3.8051559925079346,3.8059000968933105,0.0007441043853759766
12,14,160,3.638680934906006,3.639240264892578,0.0005593299865722656
12,15,160,3.5612964630126953,3.562678813934326,0.0013823509216308594
12,16,160,3.921389102935791,3.92348051071167,0.0020914077758789062
12,17,160,3.5919134616851807,3.590681552886963,-0.0012319087982177734
12,18,160,2.9101085662841797,2.9108035564422607,0.0006949901580810547
12,19,160,2.5034892559051514,2.5045323371887207,0.001043081283569336
13,0,160,3.4124255180358887,3.412163734436035,-0.0002617835998535156
13,1,160,3.5449578762054443,3.5447170734405518,-0.00024080276489257812
13,2,160,3.4617114067077637,3.460547924041748,-0.001163482666015625
13,3,160,3.000498056411743,3.000068426132202,-0.0004296302795410156
13,4,160,2.8379716873168945,2.8375141620635986,-0.00045752525329589844
13,5,160,3.348323106765747,3.3478143215179443,-0.0005087852478027344
13,6,160,3.339444160461426,3.339787483215332,0.00034332275390625
13,7,160,3.350605010986328,3.3507089614868164,0.00010395050048828125
13,8,160,3.059028387069702,3.057262659072876,-0.0017657279968261719
13,9,160,3.2808873653411865,3.2802672386169434,-0.0006201267242431641
13,10,160,3.503187656402588,3.5021893978118896,-0.0009982585906982422
13,11,160,3.1410646438598633,3.1418771743774414,0.000812530517578125
13,12,160,3.339723587036133,3.3397841453552246,6.0558319091796875e-05
13,13,160,3.8051559925079346,3.805161476135254,5.4836273193359375e-06
13,14,160,3.638680934906006,3.637662172317505,-0.0010187625885009766
13,15,160,3.5612964630126953,3.561128854751587,-0.00016760826110839844
13,16,160,3.921389102935791,3.921776056289673,0.00038695335388183594
13,17,160,3.5919134616851807,3.595889091491699,0.003975629806518555
13,18,160,2.9101085662841797,2.909672260284424,-0.0004363059997558594
13,19,160,2.5034892559051514,2.5044848918914795,0.000995635986328125
14,0,160,3.4124255180358887,3.4096789360046387,-0.00274658203125
14,1,160,3.5449578762054443,3.5434868335723877,-0.0014710426330566406
14,2,160,3.4617114067077637,3.4652493000030518,0.003537893295288086
14,3,160,3.000498056411743,3.0069754123687744,0.00647735595703125
14,4,160,2.8379716873168945,2.839562177658081,0.0015904903411865234
14,5,160,3.348323106765747,3.3511173725128174,0.0027942657470703125
14,6,160,3.339444160461426,3.341717004776001,0.0022728443145751953
14,7,160,3.350605010986328,3.353630542755127,0.003025531768798828
14,8,160,3.059028387069702,3.0627071857452393,0.0036787986755371094
14,9,160,3.2808873653411865,3.281731605529785,0.0008442401885986328
14,10,160,3.503187656402588,3.5066487789154053,0.003461122512817383
14,11,160,3.1410646438598633,3.1412949562072754,0.00023031234741210938
14,12,160,3.339723587036133,3.33967924118042,-4.4345855712890625e-05
14,13,160,3.8051559925079346,3.804858446121216,-0.00029754638671875
14,14,160,3.638680934906006,3.641899347305298,0.003218412399291992
14,15,160,3.5612964630126953,3.5595085620880127,-0.0017879009246826172
14,16,160,3.921389102935791,3.922513008117676,0.0011239051818847656
14,17,160,3.5919134616851807,3.5901434421539307,-0.00177001953125
14,18,160,2.9101085662841797,2.90812611579895,-0.001982450485229492
14,19,160,2.5034892559051514,2.5030033588409424,-0.0004858970642089844
15,0,160,3.4124255180358887,3.4117624759674072,-0.0006630420684814453
15,1,160,3.5449578762054443,3.5434393882751465,-0.0015184879302978516
15,2,160,3.4617114067077637,3.461186647415161,-0.0005247592926025391
15,3,160,3.000498056411743,2.9999547004699707,-0.0005433559417724609
15,4,160,2.8379716873168945,2.838390350341797,0.00041866302490234375
15,5,160,3.348323106765747,3.350717782974243,0.0023946762084960938
15,6,160,3.339444160461426,3.340118646621704,0.0006744861602783203
15,7,160,3.350605010986328,3.3520147800445557,0.001409769058227539
15,8,160,3.059028387069702,3.0591039657592773,7.557868957519531e-05
15,9,160,3.2808873653411865,3.2808659076690674,-2.1457672119140625e-05
15,10,160,3.503187656402588,3.5045745372772217,0.001386880874633789
15,11,160,3.1410646438598633,3.142148733139038,0.0010840892791748047
15,12,160,3.339723587036133,3.3389878273010254,-0.0007357597351074219
15,13,160,3.8051559925079346,3.805804491043091,0.00064849853515625
15,14,160,3.638680934906006,3.63940691947937,0.0007259845733642578
15,15,160,3.5612964630126953,3.5621278285980225,0.0008313655853271484
15,16,160,3.921389102935791,3.9235897064208984,0.002200603485107422
15,17,160,3.5919134616851807,3.5948915481567383,0.002978086471557617
15,18,160,2.9101085662841797,2.911146402359009,0.0010378360748291016
15,19,160,2.5034892559051514,2.5037786960601807,0.0002894401550292969
16,0,160,3.4124255180358887,3.4104230403900146,-0.0020024776458740234
16,1,160,3.5449578762054443,3.5448648929595947,-9.298324584960938e-05
16,2,160,3.4617114067077637,3.462188720703125,0.0004773139953613281
16,3,160,3.000498056411743,2.999659776687622,-0.0008382797241210938
16,4,160,2.8379716873168945,2.8386168479919434,0.0006451606750488281
16,5,160,3.348323106765747,3.3483269214630127,3.814697265625e-06
16,6,160,3.339444160461426,3.3396692276000977,0.000225067138671875
16,7,160,3.350605010986328,3.350550651550293,-5.435943603515625e-05
16,8,160,3.059028387069702,3.058333396911621,-0.0006949901580810547
16,9,160,3.2808873653411865,3.2811732292175293,0.00028586387634277344
16,10,160,3.503187656402588,3.5035202503204346,0.0003325939178466797
16,11,160,3.1410646438598633,3.1405112743377686,-0.0005533695220947266
16,12,160,3.339723587036133,3.346559762954712,0.0068361759185791016
16,13,160,3.8051559925079346,3.8053700923919678,0.00021409988403320312
16,14,160,3.638680934906006,3.6385154724121094,-0.00016546249389648438
16,15,160,3.5612964630126953,3.562317371368408,0.0010209083557128906
16,16,160,3.921389102935791,3.9222147464752197,0.0008256435394287109
16,17,160,3.5919134616851807,3.5966670513153076,0.004753589630126953
16,18,160,2.9101085662841797,2.9102132320404053,0.00010466575622558594
16,19,160,2.5034892559051514,2.5038905143737793,0.0004012584686279297
17,0,160,3.4124255180358887,3.4120450019836426,-0.00038051605224609375
17,1,160,3.5449578762054443,3.546206474304199,0.0012485980987548828
17,2,160,3.4617114067077637,3.461587905883789,-0.00012350082397460938
17,3,160,3.000498056411743,2.998929977416992,-0.0015680789947509766
17,4,160,2.8379716873168945,2.838390350341797,0.00041866302490234375
17,5,160,3.348323106765747,3.3476176261901855,-0.0007054805755615234
17,6,160,3.339444160461426,3.339709520339966,0.00026535987854003906
17,7,160,3.350605010986328,3.3504221439361572,-0.00018286705017089844
17,8,160,3.059028387069702,3.0607807636260986,0.0017523765563964844
17,9,160,3.2808873653411865,3.2822470664978027,0.001359701156616211
17,10,160,3.503187656402588,3.5027177333831787,-0.0004699230194091797
17,11,160,3.1410646438598633,3.1401896476745605,-0.0008749961853027344
17,12,160,3.339723587036133,3.339960813522339,0.0002372264862060547
17,13,160,3.8051559925079346,3.804356098175049,-0.0007998943328857422
17,14,160,3.638680934906006,3.639146327972412,0.00046539306640625
17,15,160,3.5612964630126953,3.5610852241516113,-0.00021123886108398438
17,16,160,3.921389102935791,3.9205970764160156,-0.0007920265197753906
17,17,160,3.5919134616851807,3.594120979309082,0.002207517623901367
17,18,160,2.9101085662841797,2.9110617637634277,0.0009531974792480469
17,19,160,2.5034892559051514,2.502887010574341,-0.0006022453308105469
18,0,160,3.4124255180358887,3.4158952236175537,0.003469705581665039
18,1,160,3.5449578762054443,3.549764394760132,0.0048065185546875
18,2,160,3.4617114067077637,3.4634828567504883,0.0017714500427246094
18,3,160,3.000498056411743,3.000098705291748,-0.0003993511199951172
18,4,160,2.8379716873168945,2.8387928009033203,0.0008211135864257812
18,5,160,3.348323106765747,3.3489797115325928,0.0006566047668457031
18,6,160,3.339444160461426,3.339587450027466,0.00014328956604003906
18,7,160,3.350605010986328,3.3503100872039795,-0.0002949237823486328
18,8,160,3.059028387069702,3.0591795444488525,0.00015115737915039062
18,9,160,3.2808873653411865,3.2806243896484375,-0.00026297569274902344
18,10,160,3.503187656402588,3.5032763481140137,8.869171142578125e-05
18,11,160,3.1410646438598633,3.142577648162842,0.0015130043029785156
18,12,160,3.339723587036133,3.340301036834717,0.0005774497985839844
18,13,160,3.8051559925079346,3.8068487644195557,0.0016927719116210938
18,14,160,3.638680934906006,3.638690948486328,1.0013580322265625e-05
18,15,160,3.5612964630126953,3.5617473125457764,0.0004508495330810547
18,16,160,3.921389102935791,3.922356367111206,0.0009672641754150391
18,17,160,3.5919134616851807,3.590075731277466,-0.0018377304077148438
18,18,160,2.9101085662841797,2.91100811958313,0.0008995532989501953
18,19,160,2.5034892559051514,2.504401206970215,0.0009119510650634766
19,0,160,3.4124255180358887,3.41109561920166,-0.0013298988342285156
19,1,160,3.5449578762054443,3.544159412384033,-0.0007984638214111328
19,2,160,3.4617114067077637,3.461730480194092,1.9073486328125e-05
19,3,160,3.000498056411743,3.000617027282715,0.00011897087097167969
19,4,160,2.8379716873168945,2.837367057800293,-0.0006046295166015625
19,5,160,3.348323106765747,3.3493716716766357,0.0010485649108886719
19,6,160,3.339444160461426,3.337716579437256,-0.0017275810241699219
19,7,160,3.350605010986328,3.349520206451416,-0.0010848045349121094
19,8,160,3.059028387069702,3.0599122047424316,0.0008838176727294922
19,9,160,3.2808873653411865,3.2807178497314453,-0.00016951560974121094
19,10,160,3.503187656402588,3.50537109375,0.0021834373474121094
19,11,160,3.1410646438598633,3.141221284866333,0.00015664100646972656
19,12,160,3.339723587036133,3.338866710662842,-0.0008568763732910156
19,13,160,3.8051559925079346,3.8048903942108154,-0.0002655982971191406
19,14,160,3.638680934906006,3.639373540878296,0.0006926059722900391
19,15,160,3.5612964630126953,3.560802936553955,-0.0004935264587402344
19,16,160,3.921389102935791,3.9210011959075928,-0.0003879070281982422
19,17,160,3.5919134616851807,3.5896847248077393,-0.0022287368774414062
19,18,160,2.9101085662841797,2.9107465744018555,0.0006380081176757812
19,19,160,2.5034892559051514,2.5023627281188965,-0.0011265277862548828
20,0,160,3.4124255180358887,3.411809206008911,-0.0006163120269775391
20,1,160,3.5449578762054443,3.5444490909576416,-0.0005087852478027344
20,2,160,3.4617114067077637,3.4626777172088623,0.0009663105010986328
20,3,160,3.000498056411743,2.999389171600342,-0.0011088848114013672
20,4,160,2.8379716873168945,2.8379287719726562,-4.291534423828125e-05
20,5,160,3.348323106765747,3.349860429763794,0.001537322998046875
20,6,160,3.339444160461426,3.3373265266418457,-0.002117633819580078
20,7,160,3.350605010986328,3.34987735748291,-0.0007276535034179688
20,8,160,3.059028387069702,3.0583927631378174,-0.0006356239318847656
20,9,160,3.2808873653411865,3.2823212146759033,0.0014338493347167969
20,10,160,3.503187656402588,3.501971483230591,-0.0012161731719970703
20,11,160,3.1410646438598633,3.142138957977295,0.0010743141174316406
20,12,160,3.339723587036133,3.3415687084198,0.0018451213836669922
20,13,160,3.8051559925079346,3.8045756816864014,-0.0005803108215332031
20,14,160,3.638680934906006,3.637547016143799,-0.0011339187622070312
20,15,160,3.5612964630126953,3.561727523803711,0.000431060791015625
20,16,160,3.921389102935791,3.9203591346740723,-0.00102996826171875
20,17,160,3.5919134616851807,3.6046760082244873,0.01276254653930664
20,18,160,2.9101085662841797,2.9101719856262207,6.341934204101562e-05
20,19,160,2.5034892559051514,2.501828670501709,-0.0016605854034423828
21,0,160,3.4124255180358887,3.4139974117279053,0.0015718936920166016
21,1,160,3.5449578762054443,3.5444674491882324,-0.0004904270172119141
21,2,160,3.4617114067077637,3.460576057434082,-0.0011353492736816406
21,3,160,3.000498056411743,2.998861789703369,-0.0016362667083740234
21,4,160,2.8379716873168945,2.8351051807403564,-0.002866506576538086
21,5,160,3.348323106765747,3.346245765686035,-0.002077341079711914
21,6,160,3.339444160461426,3.3381075859069824,-0.0013365745544433594
21,7,160,3.350605010986328,3.350198745727539,-0.0004062652587890625
21,8,160,3.059028387069702,3.058380603790283,-0.0006477832794189453
21,9,160,3.2808873653411865,3.280343532562256,-0.0005438327789306641
21,10,160,3.503187656402588,3.5013322830200195,-0.0018553733825683594
21,11,160,3.1410646438598633,3.1413238048553467,0.00025916099548339844
21,12,160,3.339723587036133,3.3399479389190674,0.0002243518829345703
21,13,160,3.8051559925079346,3.8048207759857178,-0.0003352165222167969
21,14,160,3.638680934906006,3.638035535812378,-0.0006453990936279297
21,15,160,3.5612964630126953,3.5605974197387695,-0.0006990432739257812
21,16,160,3.921389102935791,3.9207217693328857,-0.0006673336029052734
21,17,160,3.5919134616851807,3.5948681831359863,0.002954721450805664
21,18,160,2.9101085662841797,2.9128847122192383,0.0027761459350585938
21,19,160,2.5034892559051514,2.504915952682495,0.00142669677734375
22,0,160,3.4124255180358887,3.411710023880005,-0.0007154941558837891
22,1,160,3.5449578762054443,3.5447638034820557,-0.00019407272338867188
22,2,160,3.4617114067077637,3.4624998569488525,0.0007884502410888672
22,3,160,3.000498056411743,2.999025583267212,-0.00147247314453125
22,4,160,2.8379716873168945,2.837894916534424,-7.677078247070312e-05
22,5,160,3.348323106765747,3.3505139350891113,0.002190828323364258
22,6,160,3.339444160461426,3.339411735534668,-3.24249267578125e-05
22,7,160,3.350605010986328,3.349755048751831,-0.0008499622344970703
22,8,160,3.059028387069702,3.058206558227539,-0.0008218288421630859
22,9,160,3.2808873653411865,3.2794816493988037,-0.0014057159423828125
22,10,160,3.503187656402588,3.503274440765381,8.678436279296875e-05
22,11,160,3.1410646438598633,3.1404404640197754,-0.0006241798400878906
22,12,160,3.339723587036133,3.3394691944122314,-0.0002543926239013672
22,13,160,3.8051559925079346,3.8037102222442627,-0.001445770263671875
22,14,160,3.638680934906006,3.6380162239074707,-0.0006647109985351562
22,15,160,3.5612964630126953,3.5620157718658447,0.0007193088531494141
22,16,160,3.921389102935791,3.9221625328063965,0.0007734298706054688
22,17,160,3.5919134616851807,3.591428756713867,-0.00048470497131347656
22,18,160,2.9101085662841797,2.9089813232421875,-0.0011272430419921875
22,19,160,2.5034892559051514,2.5017764568328857,-0.001712799072265625
23,0,160,3.4124255180358887,3.412189245223999,-0.00023627281188964844
23,1,160,3.5449578762054443,3.546640157699585,0.001682281494140625
23,2,160,3.4617114067077637,3.4606451988220215,-0.0010662078857421875
23,3,160,3.000498056411743,2.997023344039917,-0.003474712371826172
23,4,160,2.8379716873168945,2.838552236557007,0.0005805492401123047
23,5,160,3.348323106765747,3.3492393493652344,0.0009162425994873047
23,6,160,3.339444160461426,3.3379693031311035,-0.0014748573303222656
23,7,160,3.350605010986328,3.352170467376709,0.0015654563903808594
23,8,160,3.059028387069702,3.0584640502929688,-0.0005643367767333984
23,9,160,3.2808873653411865,3.282137870788574,0.0012505054473876953
23,10,160,3.503187656402588,3.503939628601074,0.0007519721984863281
23,11,160,3.1410646438598633,3.1392898559570312,-0.0017747879028320312
23,12,160,3.339723587036133,3.33896803855896,-0.0007555484771728516
23,13,160,3.8051559925079346,3.804497003555298,-0.0006589889526367188
23,14,160,3.638680934906006,3.638549566268921,-0.00013136863708496094
23,15,160,3.5612964630126953,3.560598611831665,-0.0006978511810302734
23,16,160,3.921389102935791,3.921159505844116,-0.0002295970916748047
23,17,160,3.5919134616851807,3.5912742614746094,-0.0006392002105712891
23,18,160,2.9101085662841797,2.9086053371429443,-0.0015032291412353516
23,19,160,2.5034892559051514,2.5062859058380127,0.002796649932861328
24,0,160,3.4124255180358887,3.4131836891174316,0.0007581710815429688
24,1,160,3.5449578762054443,3.544832706451416,-0.0001251697540283203
24,2,160,3.4617114067077637,3.4634246826171875,0.0017132759094238281
24,3,160,3.000498056411743,3.0006144046783447,0.0001163482666015625
24,4,160,2.8379716873168945,2.837557554244995,-0.00041413307189941406
24,5,160,3.348323106765747,3.3497633934020996,0.001440286636352539
24,6,160,3.339444160461426,3.340150833129883,0.0007066726684570312
24,7,160,3.350605010986328,3.350870132446289,0.0002651214599609375
24,8,160,3.059028387069702,3.0609188079833984,0.001890420913696289
24,9,160,3.2808873653411865,3.2816903591156006,0.0008029937744140625
24,10,160,3.503187656402588,3.5037851333618164,0.0005974769592285156
24,11,160,3.1410646438598633,3.141477346420288,0.0004127025604248047
24,12,160,3.339723587036133,3.340085983276367,0.000362396240234375
24,13,160,3.8051559925079346,3.8048577308654785,-0.0002982616424560547
24,14,160,3.638680934906006,3.6393845081329346,0.0007035732269287109
24,15,160,3.5612964630126953,3.5625948905944824,0.0012984275817871094
24,16,160,3.921389102935791,3.920048236846924,-0.0013408660888671875
24,17,160,3.5919134616851807,3.589381217956543,-0.0025322437286376953
24,18,160,2.9101085662841797,2.909790515899658,-0.0003180503845214844
24,19,160,2.5034892559051514,2.5027360916137695,-0.0007531642913818359
25,0,160,3.4124255180358887,3.4117329120635986,-0.0006926059722900391
25,1,160,3.5449578762054443,3.543625831604004,-0.0013320446014404297
25,2,160,3.4617114067077637,3.461243152618408,-0.00046825408935546875
25,3,160,3.000498056411743,3.000983953475952,0.0004858970642089844
25,4,160,2.8379716873168945,2.838157892227173,0.0001862049102783203
25,5,160,3.348323106765747,3.3490283489227295,0.0007052421569824219
25,6,160,3.339444160461426,3.3396050930023193,0.0001609325408935547
25,7,160,3.350605010986328,3.351749897003174,0.0011448860168457031
25,8,160,3.059028387069702,3.0602664947509766,0.001238107681274414
25,9,160,3.2808873653411865,3.27986741065979,-0.0010199546813964844
25,10,160,3.503187656402588,3.5037317276000977,0.0005440711975097656
25,11,160,3.1410646438598633,3.1424007415771484,0.0013360977172851562
25,12,160,3.339723587036133,3.338172674179077,-0.001550912857055664
25,13,160,3.8051559925079346,3.8059444427490234,0.0007884502410888672
25,14,160,3.638680934906006,3.6374728679656982,-0.0012080669403076172
25,15,160,3.5612964630126953,3.5601255893707275,-0.0011708736419677734
25,16,160,3.921389102935791,3.922672748565674,0.0012836456298828125
25,17,160,3.5919134616851807,3.5979528427124023,0.00603938102722168
25,18,160,2.9101085662841797,2.9120662212371826,0.0019576549530029297
25,19,160,2.5034892559051514,2.503742218017578,0.0002529621124267578
26,0,160,3.4124255180358887,3.411316156387329,-0.0011093616485595703
26,1,160,3.5449578762054443,3.5439865589141846,-0.0009713172912597656
26,2,160,3.4617114067077637,3.4620020389556885,0.0002906322479248047
26,3,160,3.000498056411743,3.0006449222564697,0.0001468658447265625
26,4,160,2.8379716873168945,2.836899518966675,-0.0010721683502197266
26,5,160,3.348323106765747,3.3487088680267334,0.0003857612609863281
26,6,160,3.339444160461426,3.34162974357605,0.0021855831146240234
26,7,160,3.350605010986328,3.3497507572174072,-0.0008542537689208984
26,8,160,3.059028387069702,3.0588223934173584,-0.00020599365234375
26,9,160,3.2808873653411865,3.2821545600891113,0.0012671947479248047
26,10,160,3.503187656402588,3.503896474838257,0.0007088184356689453
26,11,160,3.1410646438598633,3.1390092372894287,-0.0020554065704345703
26,12,160,3.339723587036133,3.340912103652954,0.001188516616821289
26,13,160,3.8051559925079346,3.804611921310425,-0.0005440711975097656
26,14,160,3.638680934906006,3.639984369277954,0.0013034343719482422
26,15,160,3.5612964630126953,3.5607197284698486,-0.0005767345428466797
26,16,160,3.921389102935791,3.9204623699188232,-0.0009267330169677734
26,17,160,3.5919134616851807,3.5918972492218018,-1.621246337890625e-05
26,18,160,2.9101085662841797,2.910583972930908,0.0004754066467285156
26,19,160,2.5034892559051514,2.500701427459717,-0.0027878284454345703
27,0,160,3.4124255180358887,3.412142753601074,-0.0002827644348144531
27,1,160,3.5449578762054443,3.54590106010437,0.0009431838989257812
27,2,160,3.4617114067077637,3.461247682571411,-0.00046372413635253906
27,3,160,3.000498056411743,2.9995949268341064,-0.0009031295776367188
27,4,160,2.8379716873168945,2.8373684883117676,-0.0006031990051269531
27,5,160,3.348323106765747,3.3475067615509033,-0.00081634521484375
27,6,160,3.339444160461426,3.338038682937622,-0.001405477523803711
27,7,160,3.350605010986328,3.348968505859375,-0.001636505126953125
27,8,160,3.059028387069702,3.058884859085083,-0.00014352798461914062
27,9,160,3.2808873653411865,3.2798078060150146,-0.001079559326171875
27,10,160,3.503187656402588,3.5036354064941406,0.0004477500915527344
27,11,160,3.1410646438598633,3.1415059566497803,0.0004413127899169922
27,12,160,3.339723587036133,3.339846134185791,0.00012254714965820312
27,13,160,3.8051559925079346,3.8057878017425537,0.0006318092346191406
27,14,160,3.638680934906006,3.6377062797546387,-0.0009746551513671875
27,15,160,3.5612964630126953,3.5613672733306885,7.081031799316406e-05
27,16,160,3.921389102935791,3.919520616531372,-0.0018684864044189453
27,17,160,3.5919134616851807,3.5920560359954834,0.00014257431030273438
27,18,160,2.9101085662841797,2.9086897373199463,-0.0014188289642333984
27,19,160,2.5034892559051514,2.5025455951690674,-0.0009436607360839844
28,0,160,3.4124255180358887,3.412560224533081,0.0001347064971923828
28,1,160,3.5449578762054443,3.544135570526123,-0.0008223056793212891
28,2,160,3.4617114067077637,3.4617867469787598,7.534027099609375e-05
28,3,160,3.000498056411743,3.0003867149353027,-0.00011134147644042969
28,4,160,2.8379716873168945,2.8363823890686035,-0.0015892982482910156
28,5,160,3.348323106765747,3.3477954864501953,-0.0005276203155517578
28,6,160,3.339444160461426,3.3393516540527344,-9.250640869140625e-05
28,7,160,3.350605010986328,3.3525919914245605,0.001986980438232422
28,8,160,3.059028387069702,3.0603365898132324,0.0013082027435302734
28,9,160,3.2808873653411865,3.283217668533325,0.002330303192138672
28,10,160,3.503187656402588,3.5039780139923096,0.0007903575897216797
28,11,160,3.1410646438598633,3.1402029991149902,-0.0008616447448730469
28,12,160,3.339723587036133,3.3385531902313232,-0.0011703968048095703
28,13,160,3.8051559925079346,3.8050966262817383,-5.936622619628906e-05
28,14,160,3.638680934906006,3.6394577026367188,0.0007767677307128906
28,15,160,3.5612964630126953,3.5612738132476807,-2.2649765014648438e-05
28,16,160,3.921389102935791,3.9219398498535156,0.0005507469177246094
28,17,160,3.5919134616851807,3.5943901538848877,0.0024766921997070312
28,18,160,2.9101085662841797,2.9098105430603027,-0.0002980232238769531
28,19,160,2.5034892559051514,2.5035622119903564,7.295608520507812e-05
29,0,160,3.4124255180358887,3.4119081497192383,-0.0005173683166503906
29,1,160,3.5449578762054443,3.543729305267334,-0.0012285709381103516
29,2,160,3.4617114067077637,3.460911273956299,-0.0008001327514648438
29,3,160,3.000498056411743,3.000121831893921,-0.0003762245178222656
29,4,160,2.8379716873168945,2.8400583267211914,0.002086639404296875
29,5,160,3.348323106765747,3.347059488296509,-0.0012636184692382812
29,6,160,3.339444160461426,3.339198589324951,-0.0002455711364746094
29,7,160,3.350605010986328,3.351005792617798,0.00040078163146972656
29,8,160,3.059028387069702,3.057581663131714,-0.0014467239379882812
29,9,160,3.2808873653411865,3.281268835067749,0.0003814697265625
29,10,160,3.503187656402588,3.50248122215271,-0.0007064342498779297
29,11,160,3.1410646438598633,3.1395578384399414,-0.001506805419921875
29,12,160,3.339723587036133,3.3387842178344727,-0.0009393692016601562
29,13,160,3.8051559925079346,3.805584192276001,0.00042819976806640625
29,14,160,3.638680934906006,3.638212203979492,-0.0004687309265136719
29,15,160,3.5612964630126953,3.559222936630249,-0.002073526382446289
29,16,160,3.921389102935791,3.922030210494995,0.0006411075592041016
29,17,160,3.5919134616851807,3.591862440109253,-5.1021575927734375e-05
29,18,160,2.9101085662841797,2.9081151485443115,-0.001993417739868164
29,19,160,2.5034892559051514,2.5040090084075928,0.0005197525024414062
30,0,160,3.4124255180358887,3.4108774662017822,-0.0015480518341064453
30,1,160,3.5449578762054443,3.543546676635742,-0.0014111995697021484
30,2,160,3.4617114067077637,3.4618430137634277,0.0001316070556640625
30,3,160,3.000498056411743,3.001505136489868,0.001007080078125
30,4,160,2.8379716873168945,2.839002847671509,0.0010311603546142578
30,5,160,3.348323106765747,3.349818229675293,0.0014951229095458984
30,6,160,3.339444160461426,3.3411362171173096,0.001692056655883789
30,7,160,3.350605010986328,3.3514044284820557,0.0007994174957275391
30,8,160,3.059028387069702,3.0581088066101074,-0.0009195804595947266
30,9,160,3.2808873653411865,3.2809247970581055,3.743171691894531e-05
30,10,160,3.503187656402588,3.5049691200256348,0.001781463623046875
30,11,160,3.1410646438598633,3.1395227909088135,-0.0015418529510498047
30,12,160,3.339723587036133,3.339956521987915,0.00023293495178222656
30,13,160,3.8051559925079346,3.8045318126678467,-0.0006241798400878906
30,14,160,3.638680934906006,3.637287139892578,-0.0013937950134277344
30,15,160,3.5612964630126953,3.562079668045044,0.0007832050323486328
30,16,160,3.921389102935791,3.9237782955169678,0.002389192581176758
30,17,160,3.5919134616851807,3.5941855907440186,0.0022721290588378906
30,18,160,2.9101085662841797,2.911170244216919,0.0010616779327392578
30,19,160,2.5034892559051514,2.501373529434204,-0.0021157264709472656
31,0,160,3.4124255180358887,3.4115045070648193,-0.0009210109710693359
31,1,160,3.5449578762054443,3.545069932937622,0.00011205673217773438
31,2,160,3.4617114067077637,3.4616003036499023,-0.00011110305786132812
31,3,160,3.000498056411743,3.0018060207366943,0.0013079643249511719
31,4,160,2.8379716873168945,2.8383424282073975,0.0003707408905029297
31,5,160,3.348323106765747,3.3459279537200928,-0.002395153045654297
31,6,160,3.339444160461426,3.3400537967681885,0.0006096363067626953
31,7,160,3.350605010986328,3.3511853218078613,0.0005803108215332031
31,8,160,3.059028387069702,3.058736562728882,-0.0002918243408203125
31,9,160,3.2808873653411865,3.2795915603637695,-0.0012958049774169922
31,10,160,3.503187656402588,3.5032193660736084,3.170967102050781e-05
31,11,160,3.1410646438598633,3.1404669284820557,-0.0005977153778076172
31,12,160,3.339723587036133,3.339709997177124,-1.3589859008789062e-05
31,13,160,3.8051559925079346,3.804973840713501,-0.00018215179443359375
31,14,160,3.638680934906006,3.6400134563446045,0.0013325214385986328
31,15,160,3.5612964630126953,3.560955762863159,-0.0003407001495361328
31,16,160,3.921389102935791,3.920342445373535,-0.0010466575622558594
31,17,160,3.5919134616851807,3.590468168258667,-0.0014452934265136719
31,18,160,2.9101085662841797,2.9091501235961914,-0.0009584426879882812
31,19,160,2.5034892559051514,2.502842664718628,-0.0006465911865234375
32,0,160,3.4124255180358887,3.413546323776245,0.0011208057403564453
32,1,160,3.5449578762054443,3.546640396118164,0.0016825199127197266
32,2,160,3.4617114067077637,3.4610464572906494,-0.0006649494171142578
32,3,160,3.000498056411743,3.0021276473999023,0.0016295909881591797
32,4,160,2.8379716873168945,2.837576150894165,-0.0003955364227294922
32,5,160,3.348323106765747,3.3488388061523438,0.0005156993865966797
32,6,160,3.339444160461426,3.3382420539855957,-0.0012021064758300781
32,7,160,3.350605010986328,3.3502302169799805,-0.00037479400634765625
32,8,160,3.059028387069702,3.0571465492248535,-0.0018818378448486328
32,9,160,3.2808873653411865,3.2818470001220703,0.0009596347808837891
32,10,160,3.503187656402588,3.502790689468384,-0.00039696693420410156
32,11,160,3.1410646438598633,3.1411354541778564,7.081031799316406e-05
32,12,160,3.339723587036133,3.339308023452759,-0.00041556358337402344
32,13,160,3.8051559925079346,3.805366277694702,0.00021028518676757812
32,14,160,3.638680934906006,3.639138698577881,0.000457763671875
32,15,160,3.5612964630126953,3.561277389526367,-1.9073486328125e-05
32,16,160,3.921389102935791,3.9206411838531494,-0.0007479190826416016
32,17,160,3.5919134616851807,3.593581199645996,0.0016677379608154297
32,18,160,2.9101085662841797,2.91050386428833,0.0003952980041503906
32,19,160,2.5034892559051514,2.5022263526916504,-0.0012629032135009766
33,0,160,3.4124255180358887,3.4153144359588623,0.002888917922973633
33,1,160,3.5449578762054443,3.5454788208007812,0.0005209445953369141
33,2,160,3.4617114067077637,3.4609951972961426,-0.0007162094116210938
33,3,160,3.000498056411743,3.0002245903015137,-0.0002734661102294922
33,4,160,2.8379716873168945,2.8376553058624268,-0.00031638145446777344
33,5,160,3.348323106765747,3.347226619720459,-0.001096487045288086
33,6,160,3.339444160461426,3.3393912315368652,-5.2928924560546875e-05
33,7,160,3.350605010986328,3.350893497467041,0.0002884864807128906
33,8,160,3.059028387069702,3.060164213180542,0.0011358261108398438
33,9,160,3.2808873653411865,3.279417037963867,-0.001470327377319336
33,10,160,3.503187656402588,3.502265691757202,-0.0009219646453857422
33,11,160,3.1410646438598633,3.13978910446167,-0.0012755393981933594
33,12,160,3.339723587036133,3.3378357887268066,-0.0018877983093261719
33,13,160,3.8051559925079346,3.806525468826294,0.001369476318359375
33,14,160,3.638680934906006,3.638288736343384,-0.0003921985626220703
33,15,160,3.5612964630126953,3.5622217655181885,0.0009253025054931641
33,16,160,3.921389102935791,3.92215895652771,0.0007698535919189453
33,17,160,3.5919134616851807,3.590742826461792,-0.0011706352233886719
33,18,160,2.9101085662841797,2.9097468852996826,-0.0003616809844970703
33,19,160,2.5034892559051514,2.5038657188415527,0.0003764629364013672
34,0,160,3.4124255180358887,3.411827325820923,-0.0005981922149658203
34,1,160,3.5449578762054443,3.544964075088501,6.198883056640625e-06
34,2,160,3.4617114067077637,3.4620280265808105,0.000316619873046875
34,3,160,3.000498056411743,3.0021045207977295,0.0016064643859863281
34,4,160,2.8379716873168945,2.83813738822937,0.00016570091247558594
34,5,160,3.348323106765747,3.349935531616211,0.0016124248504638672
34,6,160,3.339444160461426,3.339845657348633,0.00040149688720703125
34,7,160,3.350605010986328,3.3517720699310303,0.0011670589447021484
34,8,160,3.059028387069702,3.059837579727173,0.0008091926574707031
34,9,160,3.2808873653411865,3.2813782691955566,0.0004909038543701172
34,10,160,3.503187656402588,3.503716230392456,0.0005285739898681641
34,11,160,3.1410646438598633,3.141409397125244,0.0003447532653808594
34,12,160,3.339723587036133,3.339667797088623,-5.5789947509765625e-05
34,13,160,3.8051559925079346,3.806032657623291,0.0008766651153564453
34,14,160,3.638680934906006,3.6396074295043945,0.0009264945983886719
34,15,160,3.5612964630126953,3.561462163925171,0.00016570091247558594
34,16,160,3.921389102935791,3.9212288856506348,-0.00016021728515625
34,17,160,3.5919134616851807,3.5948283672332764,0.002914905548095703
34,18,160,2.9101085662841797,2.9105541706085205,0.0004456043243408203
34,19,160,2.5034892559051514,2.5034050941467285,-8.416175842285156e-05
35,0,160,3.4124255180358887,3.412292003631592,-0.000133514404296875
35,1,160,3.5449578762054443,3.5435237884521484,-0.0014340877532958984
35,2,160,3.4617114067077637,3.460758686065674,-0.0009527206420898438
35,3,160,3.000498056411743,3.0008034706115723,0.00030541419982910156
35,4,160,2.8379716873168945,2.8388190269470215,0.0008473396301269531
35,5,160,3.348323106765747,3.348111629486084,-0.00021147727966308594
35,6,160,3.339444160461426,3.339658498764038,0.0002143383026123047
35,7,160,3.350605010986328,3.3504798412323,-0.0001251697540283203
35,8,160,3.059028387069702,3.060818910598755,0.0017905235290527344
35,9,160,3.2808873653411865,3.280560255050659,-0.00032711029052734375
35,10,160,3.503187656402588,3.5037851333618164,0.0005974769592285156
35,11,160,3.1410646438598633,3.1399664878845215,-0.0010981559753417969
35,12,160,3.339723587036133,3.3396687507629395,-5.4836273193359375e-05
35,13,160,3.8051559925079346,3.8068835735321045,0.0017275810241699219
35,14,160,3.638680934906006,3.6386845111846924,3.5762786865234375e-06
35,15,160,3.5612964630126953,3.5632340908050537,0.0019376277923583984
35,16,160,3.921389102935791,3.923567771911621,0.002178668975830078
35,17,160,3.5919134616851807,3.593017339706421,0.0011038780212402344
35,18,160,2.9101085662841797,2.9108564853668213,0.0007479190826416016
35,19,160,2.5034892559051514,2.502598285675049,-0.0008909702301025391
36,0,160,3.4124255180358887,3.412684917449951,0.0002593994140625
36,1,160,3.5449578762054443,3.5462629795074463,0.0013051033020019531
36,2,160,3.4617114067077637,3.4612574577331543,-0.000453948974609375
36,3,160,3.000498056411743,2.9997212886810303,-0.0007767677307128906
36,4,160,2.8379716873168945,2.8376758098602295,-0.00029587745666503906
36,5,160,3.348323106765747,3.3497681617736816,0.0014450550079345703
36,6,160,3.339444160461426,3.3396172523498535,0.00017309188842773438
36,7,160,3.350605010986328,3.3499703407287598,-0.0006346702575683594
36,8,160,3.059028387069702,3.0590195655822754,-8.821487426757812e-06
36,9,160,3.2808873653411865,3.2801513671875,-0.0007359981536865234
36,10,160,3.503187656402588,3.503953456878662,0.0007658004760742188
36,11,160,3.1410646438598633,3.141477584838867,0.00041294097900390625
36,12,160,3.339723587036133,3.3396599292755127,-6.365776062011719e-05
36,13,160,3.8051559925079346,3.805678129196167,0.0005221366882324219
36,14,160,3.638680934906006,3.638739585876465,5.8650970458984375e-05
36,15,160,3.5612964630126953,3.5624892711639404,0.0011928081512451172
36,16,160,3.921389102935791,3.9215242862701416,0.00013518333435058594
36,17,160,3.5919134616851807,3.5921263694763184,0.0002129077911376953
36,18,160,2.9101085662841797,2.9091241359710693,-0.0009844303131103516
36,19,160,2.5034892559051514,2.502941370010376,-0.0005478858947753906
37,0,160,3.4124255180358887,3.4130024909973145,0.0005769729614257812
37,1,160,3.5449578762054443,3.5436818599700928,-0.0012760162353515625
37,2,160,3.4617114067077637,3.4625966548919678,0.0008852481842041016
37,3,160,3.000498056411743,3.001840591430664,0.0013425350189208984
37,4,160,2.8379716873168945,2.838271379470825,0.00029969215393066406
37,5,160,3.348323106765747,3.3485922813415527,0.00026917457580566406
37,6,160,3.339444160461426,3.339935064315796,0.0004909038543701172
37,7,160,3.350605010986328,3.34971022605896,-0.0008947849273681641
37,8,160,3.059028387069702,3.057232141494751,-0.0017962455749511719
37,9,160,3.2808873653411865,3.2812602519989014,0.00037288665771484375
37,10,160,3.503187656402588,3.5051157474517822,0.001928091049194336
37,11,160,3.1410646438598633,3.1414682865142822,0.0004036426544189453
37,12,160,3.339723587036133,3.339607000350952,-0.00011658668518066406
37,13,160,3.8051559925079346,3.803955554962158,-0.0012004375457763672
37,14,160,3.638680934906006,3.639679431915283,0.0009984970092773438
37,15,160,3.5612964630126953,3.562575578689575,0.0012791156768798828
37,16,160,3.921389102935791,3.9219322204589844,0.0005431175231933594
37,17,160,3.5919134616851807,3.5913808345794678,-0.0005326271057128906
37,18,160,2.9101085662841797,2.9096953868865967,-0.0004131793975830078
37,19,160,2.5034892559051514,2.502194881439209,-0.0012943744659423828
38,0,160,3.4124255180358887,3.411298990249634,-0.0011265277862548828
38,1,160,3.5449578762054443,3.544997453689575,3.9577484130859375e-05
38,2,160,3.4617114067077637,3.465045213699341,0.0033338069915771484
38,3,160,3.000498056411743,3.0024142265319824,0.0019161701202392578
38,4,160,2.8379716873168945,2.8407723903656006,0.0028007030487060547
38,5,160,3.348323106765747,3.3489480018615723,0.0006248950958251953
38,6,160,3.339444160461426,3.3429183959960938,0.0034742355346679688
38,7,160,3.350605010986328,3.3544323444366455,0.003827333450317383
38,8,160,3.059028387069702,3.0605695247650146,0.0015411376953125
38,9,160,3.2808873653411865,3.281973123550415,0.0010857582092285156
38,10,160,3.503187656402588,3.505751132965088,0.0025634765625
38,11,160,3.1410646438598633,3.1433768272399902,0.002312183380126953
38,12,160,3.339723587036133,3.3547637462615967,0.015040159225463867
38,13,160,3.8051559925079346,3.8037538528442383,-0.001402139663696289
38,14,160,3.638680934906006,3.6385481357574463,-0.0001327991485595703
38,15,160,3.5612964630126953,3.5616157054901123,0.0003192424774169922
38,16,160,3.921389102935791,3.9239933490753174,0.002604246139526367
38,17,160,3.5919134616851807,3.5919857025146484,7.224082946777344e-05
38,18,160,2.9101085662841797,2.909593105316162,-0.0005154609680175781
38,19,160,2.5034892559051514,2.5012881755828857,-0.002201080322265625
39,0,160,3.4124255180358887,3.4119770526885986,-0.00044846534729003906
39,1,160,3.5449578762054443,3.545775890350342,0.0008180141448974609
39,2,160,3.4617114067077637,3.4638493061065674,0.002137899398803711
39,3,160,3.000498056411743,3.001833200454712,0.00133514404296875
39,4,160,2.8379716873168945,2.8386340141296387,0.0006623268127441406
39,5,160,3.348323106765747,3.350487232208252,0.002164125442504883
39,6,160,3.339444160461426,3.3391857147216797,-0.00025844573974609375
39,7,160,3.350605010986328,3.3514769077301025,0.0008718967437744141
39,8,160,3.059028387069702,3.0602660179138184,0.001237630844116211
39,9,160,3.2808873653411865,3.282250165939331,0.0013628005981445312
39,10,160,3.503187656402588,3.503819704055786,0.0006320476531982422
39,11,160,3.1410646438598633,3.141033411026001,-3.123283386230469e-05
39,12,160,3.339723587036133,3.3398289680480957,0.00010538101196289062
39,13,160,3.8051559925079346,3.8063902854919434,0.001234292984008789
39,14,160,3.638680934906006,3.638730764389038,4.982948303222656e-05
39,15,160,3.5612964630126953,3.5607948303222656,-0.0005016326904296875
39,16,160,3.921389102935791,3.920228958129883,-0.0011601448059082031
39,17,160,3.5919134616851807,3.589876890182495,-0.002036571502685547
39,18,160,2.9101085662841797,2.909412384033203,-0.0006961822509765625
39,19,160,2.5034892559051514,2.503499984741211,1.0728836059570312e-05
40,0,160,3.4124255180358887,3.4120402336120605,-0.000385284423828125
40,1,160,3.5449578762054443,3.544137477874756,-0.0008203983306884766
40,2,160,3.4617114067077637,3.460164785385132,-0.001546621322631836
40,3,160,3.000498056411743,2.9985103607177734,-0.0019876956939697266
40,4,160,2.8379716873168945,2.8384530544281006,0.0004813671112060547
40,5,160,3.348323106765747,3.3484835624694824,0.00016045570373535156
40,6,160,3.339444160461426,3.337036371231079,-0.0024077892303466797
40,7,160,3.350605010986328,3.3493330478668213,-0.001271963119506836
40,8,160,3.059028387069702,3.0594215393066406,0.00039315223693847656
40,9,160,3.2808873653411865,3.2792716026306152,-0.001615762710571289
40,10,160,3.503187656402588,3.5018556118011475,-0.0013320446014404297
40,11,160,3.1410646438598633,3.1426548957824707,0.0015902519226074219
40,12,160,3.339723587036133,3.3456883430480957,0.005964756011962891
40,13,160,3.8051559925079346,3.8031249046325684,-0.002031087875366211
40,14,160,3.638680934906006,3.639228582382202,0.0005476474761962891
40,15,160,3.5612964630126953,3.5620081424713135,0.0007116794586181641
40,16,160,3.921389102935791,3.921576738357544,0.0001876354217529297
40,17,160,3.5919134616851807,3.5920393466949463,0.000125885009765625
40,18,160,2.9101085662841797,2.9098470211029053,-0.00026154518127441406
40,19,160,2.5034892559051514,2.504033088684082,0.0005438327789306641
41,0,160,3.4124255180358887,3.4140121936798096,0.0015866756439208984
41,1,160,3.5449578762054443,3.5452473163604736,0.0002894401550292969
41,2,160,3.4617114067077637,3.4635090827941895,0.0017976760864257812
41,3,160,3.000498056411743,3.000654697418213,0.00015664100646972656
41,4,160,2.8379716873168945,2.838615894317627,0.0006442070007324219
41,5,160,3.348323106765747,3.3489999771118164,0.0006768703460693359
41,6,160,3.339444160461426,3.3378889560699463,-0.0015552043914794922
41,7,160,3.350605010986328,3.3500049114227295,-0.0006000995635986328
41,8,160,3.059028387069702,3.058809757232666,-0.0002186298370361328
41,9,160,3.2808873653411865,3.281838893890381,0.0009515285491943359
41,10,160,3.503187656402588,3.5028860569000244,-0.00030159950256347656
41,11,160,3.1410646438598633,3.1411750316619873,0.00011038780212402344
41,12,160,3.339723587036133,3.3401429653167725,0.00041937828063964844
41,13,160,3.8051559925079346,3.8048462867736816,-0.0003097057342529297
41,14,160,3.638680934906006,3.6381473541259766,-0.0005335807800292969
41,15,160,3.5612964630126953,3.5612549781799316,-4.1484832763671875e-05
41,16,160,3.921389102935791,3.9216458797454834,0.0002567768096923828
41,17,160,3.5919134616851807,3.590749979019165,-0.001163482666015625
41,18,160,2.9101085662841797,2.9090423583984375,-0.0010662078857421875
41,19,160,2.5034892559051514,2.503223419189453,-0.0002658367156982422
42,0,160,3.4124255180358887,3.4117939472198486,-0.0006315708160400391
42,1,160,3.5449578762054443,3.5444400310516357,-0.0005178451538085938
42,2,160,3.4617114067077637,3.465566873550415,0.003855466842651367
42,3,160,3.000498056411743,3.0027971267700195,0.002299070358276367
42,4,160,2.8379716873168945,2.8384249210357666,0.0004532337188720703
42,5,160,3.348323106765747,3.35007643699646,0.0017533302307128906
42,6,160,3.339444160461426,3.341949224472046,0.002505064010620117
42,7,160,3.350605010986328,3.356255531311035,0.005650520324707031
42,8,160,3.059028387069702,3.059622049331665,0.0005936622619628906
42,9,160,3.2808873653411865,3.2822329998016357,0.0013456344604492188
42,10,160,3.503187656402588,3.5072104930877686,0.004022836685180664
42,11,160,3.1410646438598633,3.140686273574829,-0.0003783702850341797
42,12,160,3.339723587036133,3.3398311138153076,0.00010752677917480469
42,13,160,3.8051559925079346,3.8068134784698486,0.0016574859619140625
42,14,160,3.638680934906006,3.6378042697906494,-0.0008766651153564453
42,15,160,3.5612964630126953,3.5615341663360596,0.0002377033233642578
42,16,160,3.921389102935791,3.922865152359009,0.0014760494232177734
42,17,160,3.5919134616851807,3.5908865928649902,-0.0010268688201904297
42,18,160,2.9101085662841797,2.909058094024658,-0.0010504722595214844
42,19,160,2.5034892559051514,2.5029189586639404,-0.0005702972412109375
43,0,160,3.4124255180358887,3.4127888679504395,0.00036334991455078125
43,1,160,3.5449578762054443,3.544384002685547,-0.0005738735198974609
43,2,160,3.4617114067077637,3.4600157737731934,-0.0016956329345703125
43,3,160,3.000498056411743,3.0000903606414795,-0.0004076957702636719
43,4,160,2.8379716873168945,2.8384315967559814,0.00045990943908691406
43,5,160,3.348323106765747,3.349461793899536,0.0011386871337890625
43,6,160,3.339444160461426,3.3379876613616943,-0.0014564990997314453
43,7,160,3.350605010986328,3.3508338928222656,0.0002288818359375
43,8,160,3.059028387069702,3.0590360164642334,7.62939453125e-06
43,9,160,3.2808873653411865,3.2795138359069824,-0.0013735294342041016
43,10,160,3.503187656402588,3.503070116043091,-0.00011754035949707031
43,11,160,3.1410646438598633,3.1405866146087646,-0.0004780292510986328
43,12,160,3.339723587036133,3.3384883403778076,-0.0012352466583251953
43,13,160,3.8051559925079346,3.805704116821289,0.0005481243133544922
43,14,160,3.638680934906006,3.6393940448760986,0.0007131099700927734
43,15,160,3.5612964630126953,3.561357259750366,6.079673767089844e-05
43,16,160,3.921389102935791,3.921682596206665,0.00029349327087402344
43,17,160,3.5919134616851807,3.5950074195861816,0.0030939579010009766
43,18,160,2.9101085662841797,2.911734104156494,0.0016255378723144531
43,19,160,2.5034892559051514,2.5034868717193604,-2.384185791015625e-06
44,0,160,3.4124255180358887,3.41142201423645,-0.0010035037994384766
44,1,160,3.5449578762054443,3.545248508453369,0.0002906322479248047
44,2,160,3.4617114067077637,3.4613196849823,-0.0003917217254638672
44,3,160,3.000498056411743,3.0017266273498535,0.0012285709381103516
44,4,160,2.8379716873168945,2.836444616317749,-0.0015270709991455078
44,5,160,3.348323106765747,3.3499128818511963,0.0015897750854492188
44,6,160,3.339444160461426,3.3383145332336426,-0.0011296272277832031
44,7,160,3.350605010986328,3.349459171295166,-0.0011458396911621094
44,8,160,3.059028387069702,3.0591318607330322,0.00010347366333007812
44,9,160,3.2808873653411865,3.2804081439971924,-0.0004792213439941406
44,10,160,3.503187656402588,3.50408673286438,0.0008990764617919922
44,11,160,3.1410646438598633,3.1411290168762207,6.437301635742188e-05
44,12,160,3.339723587036133,3.3399224281311035,0.00019884109497070312
44,13,160,3.8051559925079346,3.805745840072632,0.0005898475646972656
44,14,160,3.638680934906006,3.637674331665039,-0.0010066032409667969
44,15,160,3.5612964630126953,3.5612640380859375,-3.24249267578125e-05
44,16,160,3.921389102935791,3.923111915588379,0.0017228126525878906
44,17,160,3.5919134616851807,3.5936777591705322,0.0017642974853515625
44,18,160,2.9101085662841797,2.9093129634857178,-0.0007956027984619141
44,19,160,2.5034892559051514,2.502483367919922,-0.0010058879852294922
45,0,160,3.4124255180358887,3.4126124382019043,0.000186920166015625
45,1,160,3.5449578762054443,3.5443344116210938,-0.0006234645843505859
45,2,160,3.4617114067077637,3.4633309841156006,0.001619577407836914
45,3,160,3.000498056411743,3.0005807876586914,8.273124694824219e-05
45,4,160,2.8379716873168945,2.838169574737549,0.00019788742065429688
45,5,160,3.348323106765747,3.3492774963378906,0.0009543895721435547
45,6,160,3.339444160461426,3.34078311920166,0.001338958740234375
45,7,160,3.350605010986328,3.351508378982544,0.0009033679962158203
45,8,160,3.059028387069702,3.059354782104492,0.00032639503479003906
45,9,160,3.2808873653411865,3.280359983444214,-0.0005273818969726562
45,10,160,3.503187656402588,3.5030109882354736,-0.0001766681671142578
45,11,160,3.1410646438598633,3.1411190032958984,5.435943603515625e-05
45,12,160,3.339723587036133,3.339832305908203,0.0001087188720703125
45,13,160,3.8051559925079346,3.8067967891693115,0.0016407966613769531
45,14,160,3.638680934906006,3.6395108699798584,0.0008299350738525391
45,15,160,3.5612964630126953,3.561048746109009,-0.00024771690368652344
45,16,160,3.921389102935791,3.921077251434326,-0.00031185150146484375
45,17,160,3.5919134616851807,3.590817451477051,-0.0010960102081298828
45,18,160,2.9101085662841797,2.9092910289764404,-0.0008175373077392578
45,19,160,2.5034892559051514,2.5005645751953125,-0.002924680709838867
46,0,160,3.4124255180358887,3.4127631187438965,0.0003376007080078125
46,1,160,3.5449578762054443,3.5433690547943115,-0.0015888214111328125
46,2,160,3.4617114067077637,3.4609906673431396,-0.0007207393646240234
46,3,160,3.000498056411743,3.0004587173461914,-3.933906555175781e-05
46,4,160,2.8379716873168945,2.837836265563965,-0.0001354217529296875
46,5,160,3.348323106765747,3.3480746746063232,-0.0002484321594238281
46,6,160,3.339444160461426,3.3400168418884277,0.0005726814270019531
46,7,160,3.350605010986328,3.3524508476257324,0.0018458366394042969
46,8,160,3.059028387069702,3.0602917671203613,0.0012633800506591797
46,9,160,3.2808873653411865,3.281266927719116,0.0003795623779296875
46,10,160,3.503187656402588,3.501375436782837,-0.0018122196197509766
46,11,160,3.1410646438598633,3.1395456790924072,-0.0015189647674560547
46,12,160,3.339723587036133,3.340283155441284,0.0005595684051513672
46,13,160,3.8051559925079346,3.807344436645508,0.002188444137573242
46,14,160,3.638680934906006,3.639061450958252,0.00038051605224609375
46,15,160,3.5612964630126953,3.561695098876953,0.0003986358642578125
46,16,160,3.921389102935791,3.9231464862823486,0.0017573833465576172
46,17,160,3.5919134616851807,3.5919463634490967,3.2901763916015625e-05
46,18,160,2.9101085662841797,2.909825325012207,-0.00028324127197265625
46,19,160,2.5034892559051514,2.504120349884033,0.0006310939788818359
47,0,160,3.4124255180358887,3.4109084606170654,-0.0015170574188232422
47,1,160,3.5449578762054443,3.5435914993286133,-0.0013663768768310547
47,2,160,3.4617114067077637,3.4646124839782715,0.0029010772705078125
47,3,160,3.000498056411743,3.00046968460083,-2.8371810913085938e-05
47,4,160,2.8379716873168945,2.838064670562744,9.298324584960938e-05
47,5,160,3.348323106765747,3.346613645553589,-0.0017094612121582031
47,6,160,3.339444160461426,3.340219259262085,0.0007750988006591797
47,7,160,3.350605010986328,3.3486099243164062,-0.001995086669921875
47,8,160,3.059028387069702,3.0588204860687256,-0.0002079010009765625
47,9,160,3.2808873653411865,3.280125617980957,-0.0007617473602294922
47,10,160,3.503187656402588,3.5027213096618652,-0.00046634674072265625
47,11,160,3.1410646438598633,3.1419432163238525,0.0008785724639892578
47,12,160,3.339723587036133,3.341221332550049,0.0014977455139160156
47,13,160,3.8051559925079346,3.806014060974121,0.0008580684661865234
47,14,160,3.638680934906006,3.6370909214019775,-0.0015900135040283203
47,15,160,3.5612964630126953,3.563551425933838,0.002254962921142578
47,16,160,3.921389102935791,3.922128200531006,0.0007390975952148438
47,17,160,3.5919134616851807,3.5930991172790527,0.0011856555938720703
47,18,160,2.9101085662841797,2.9112696647644043,0.0011610984802246094
47,19,160,2.5034892559051514,2.504854679107666,0.0013654232025146484
48,0,160,3.4124255180358887,3.413086175918579,0.0006606578826904297
48,1,160,3.5449578762054443,3.5456137657165527,0.0006558895111083984
48,2,160,3.4617114067077637,3.461238384246826,-0.0004730224609375
48,3,160,3.000498056411743,3.0011022090911865,0.0006041526794433594
48,4,160,2.8379716873168945,2.8381478786468506,0.0001761913299560547
48,5,160,3.348323106765747,3.3483753204345703,5.221366882324219e-05
48,6,160,3.339444160461426,3.337878465652466,-0.001565694808959961
48,7,160,3.350605010986328,3.350008010864258,-0.0005970001220703125
48,8,160,3.059028387069702,3.058990955352783,-3.743171691894531e-05
48,9,160,3.2808873653411865,3.2793056964874268,-0.0015816688537597656
48,10,160,3.503187656402588,3.5030179023742676,-0.0001697540283203125
48,11,160,3.1410646438598633,3.1406381130218506,-0.0004265308380126953
48,12,160,3.339723587036133,3.3392505645751953,-0.0004730224609375
48,13,160,3.8051559925079346,3.805457592010498,0.00030159950256347656
48,14,160,3.638680934906006,3.6377336978912354,-0.0009472370147705078
48,15,160,3.5612964630126953,3.5609042644500732,-0.0003921985626220703
48,16,160,3.921389102935791,3.921604871749878,0.00021576881408691406
48,17,160,3.5919134616851807,3.5909712314605713,-0.000942230224609375
48,18,160,2.9101085662841797,2.9103775024414062,0.0002689361572265625
48,19,160,2.5034892559051514,2.5036871433258057,0.00019788742065429688
49,0,160,3.4124255180358887,3.411665678024292,-0.0007598400115966797
49,1,160,3.5449578762054443,3.5467379093170166,0.0017800331115722656
49,2,160,3.4617114067077637,3.4615416526794434,-0.0001697540283203125
49,3,160,3.000498056411743,3.001826286315918,0.0013282299041748047
49,4,160,2.8379716873168945,2.8382771015167236,0.00030541419982910156
49,5,160,3.348323106765747,3.3499436378479004,0.0016205310821533203
49,6,160,3.339444160461426,3.340374708175659,0.0009305477142333984
49,7,160,3.350605010986328,3.350701332092285,9.632110595703125e-05
49,8,160,3.059028387069702,3.061384677886963,0.002356290817260742
49,9,160,3.2808873653411865,3.2808070182800293,-8.034706115722656e-05
49,10,160,3.503187656402588,3.5033698081970215,0.00018215179443359375
49,11,160,3.1410646438598633,3.1433067321777344,0.0022420883178710938
49,12,160,3.339723587036133,3.339616298675537,-0.00010728836059570312
49,13,160,3.8051559925079346,3.8065128326416016,0.0013568401336669922
49,14,160,3.638680934906006,3.639158248901367,0.0004773139953613281
49,15,160,3.5612964630126953,3.5617401599884033,0.0004436969757080078
49,16,160,3.921389102935791,3.922619581222534,0.001230478286743164
49,17,160,3.5919134616851807,3.5903689861297607,-0.0015444755554199219
49,18,160,2.9101085662841797,2.9103212356567383,0.00021266937255859375
49,19,160,2.5034892559051514,2.5025336742401123,-0.0009555816650390625
50,0,160,3.4124255180358887,3.4111990928649902,-0.0012264251708984375
50,1,160,3.5449578762054443,3.5447583198547363,-0.0001995563507080078
50,2,160,3.4617114067077637,3.463052272796631,0.0013408660888671875
50,3,160,3.000498056411743,2.9996726512908936,-0.0008254051208496094
50,4,160,2.8379716873168945,2.838693618774414,0.0007219314575195312
50,5,160,3.348323106765747,3.3481533527374268,-0.0001697540283203125
50,6,160,3.339444160461426,3.3396847248077393,0.00024056434631347656
50,7,160,3.350605010986328,3.350433588027954,-0.00017142295837402344
50,8,160,3.059028387069702,3.0603580474853516,0.001329660415649414
50,9,160,3.2808873653411865,3.2811026573181152,0.00021529197692871094
50,10,160,3.503187656402588,3.5031771659851074,-1.049041748046875e-05
50,11,160,3.1410646438598633,3.140075445175171,-0.0009891986846923828
50,12,160,3.339723587036133,3.3403074741363525,0.0005838871002197266
50,13,160,3.8051559925079346,3.8043015003204346,-0.0008544921875
50,14,160,3.638680934906006,3.6379358768463135,-0.0007450580596923828
50,15,160,3.5612964630126953,3.561455249786377,0.00015878677368164062
50,16,160,3.921389102935791,3.921290159225464,-9.894371032714844e-05
50,17,160,3.5919134616851807,3.5916030406951904,-0.0003104209899902344
50,18,160,2.9101085662841797,2.909695625305176,-0.00041294097900390625
50,19,160,2.5034892559051514,2.501335382461548,-0.0021538734436035156
51,0,160,3.4124255180358887,3.4110283851623535,-0.0013971328735351562
51,1,160,3.5449578762054443,3.5446417331695557,-0.0003161430358886719
51,2,160,3.4617114067077637,3.4614109992980957,-0.00030040740966796875
51,3,160,3.000498056411743,3.0002310276031494,-0.00026702880859375
51,4,160,2.8379716873168945,2.838315963745117,0.00034427642822265625
51,5,160,3.348323106765747,3.348844051361084,0.0005209445953369141
51,6,160,3.339444160461426,3.3388543128967285,-0.0005898475646972656
51,7,160,3.350605010986328,3.350909471511841,0.0003044605255126953
51,8,160,3.059028387069702,3.057131052017212,-0.0018973350524902344
51,9,160,3.2808873653411865,3.2809956073760986,0.00010824203491210938
51,10,160,3.503187656402588,3.5022075176239014,-0.0009801387786865234
51,11,160,3.1410646438598633,3.140456199645996,-0.0006084442138671875
51,12,160,3.339723587036133,3.3394956588745117,-0.00022792816162109375
51,13,160,3.8051559925079346,3.8055272102355957,0.0003712177276611328
51,14,160,3.638680934906006,3.640138864517212,0.0014579296112060547
51,15,160,3.5612964630126953,3.562082529067993,0.0007860660552978516
51,16,160,3.921389102935791,3.921032667160034,-0.00035643577575683594
51,17,160,3.5919134616851807,3.591510534286499,-0.0004029273986816406
51,18,160,2.9101085662841797,2.908207654953003,-0.0019009113311767578
51,19,160,2.5034892559051514,2.502946376800537,-0.0005428791046142578
52,0,160,3.4124255180358887,3.4128758907318115,0.00045037269592285156
52,1,160,3.5449578762054443,3.543764352798462,-0.0011935234069824219
52,2,160,3.4617114067077637,3.4607269763946533,-0.0009844303131103516
52,3,160,3.000498056411743,2.999551296234131,-0.0009467601776123047
52,4,160,2.8379716873168945,2.838151454925537,0.00017976760864257812
52,5,160,3.348323106765747,3.347806692123413,-0.0005164146423339844
52,6,160,3.339444160461426,3.3409366607666016,0.0014925003051757812
52,7,160,3.350605010986328,3.349484920501709,-0.0011200904846191406
52,8,160,3.059028387069702,3.0593678951263428,0.000339508056640625
52,9,160,3.2808873653411865,3.2824323177337646,0.001544952392578125
52,10,160,3.503187656402588,3.503984212875366,0.0007965564727783203
52,11,160,3.1410646438598633,3.1399264335632324,-0.0011382102966308594
52,12,160,3.339723587036133,3.3412864208221436,0.0015628337860107422
52,13,160,3.8051559925079346,3.8051400184631348,-1.5974044799804688e-05
52,14,160,3.638680934906006,3.637610912322998,-0.0010700225830078125
52,15,160,3.5612964630126953,3.561845541000366,0.0005490779876708984
52,16,160,3.921389102935791,3.9227564334869385,0.001367330551147461
52,17,160,3.5919134616851807,3.58974027633667,-0.002173185348510742
52,18,160,2.9101085662841797,2.910850763320923,0.0007421970367431641
52,19,160,2.5034892559051514,2.5055322647094727,0.002043008804321289
53,0,160,3.4124255180358887,3.4133312702178955,0.0009057521820068359
53,1,160,3.5449578762054443,3.5446999073028564,-0.0002579689025878906
53,2,160,3.4617114067077637,3.4605345726013184,-0.0011768341064453125
53,3,160,3.000498056411743,3.000718355178833,0.00022029876708984375
53,4,160,2.8379716873168945,2.836671829223633,-0.0012998580932617188
53,5,160,3.348323106765747,3.34559965133667,-0.0027234554290771484
53,6,160,3.339444160461426,3.3378682136535645,-0.0015759468078613281
53,7,160,3.350605010986328,3.350170850753784,-0.0004341602325439453
53,8,160,3.059028387069702,3.059000015258789,-2.8371810913085938e-05
53,9,160,3.2808873653411865,3.2807388305664062,-0.00014853477478027344
53,10,160,3.503187656402588,3.5022642612457275,-0.0009233951568603516
53,11,160,3.1410646438598633,3.1419975757598877,0.0009329319000244141
53,12,160,3.339723587036133,3.3392207622528076,-0.0005028247833251953
53,13,160,3.8051559925079346,3.805467367172241,0.0003113746643066406
53,14,160,3.638680934906006,3.6375482082366943,-0.0011327266693115234
53,15,160,3.5612964630126953,3.5610644817352295,-0.0002319812774658203
53,16,160,3.921389102935791,3.922527313232422,0.0011382102966308594
53,17,160,3.5919134616851807,3.5913093090057373,-0.0006041526794433594
53,18,160,2.9101085662841797,2.909296989440918,-0.0008115768432617188
53,19,160,2.5034892559051514,2.503993272781372,0.0005040168762207031
54,0,160,3.4124255180358887,3.413426399230957,0.0010008811950683594
54,1,160,3.5449578762054443,3.5456228256225586,0.0006649494171142578
54,2,160,3.4617114067077637,3.463188409805298,0.0014770030975341797
54,3,160,3.000498056411743,2.999314308166504,-0.0011837482452392578
54,4,160,2.8379716873168945,2.8376524448394775,-0.0003192424774169922
54,5,160,3.348323106765747,3.346888542175293,-0.0014345645904541016
54,6,160,3.339444160461426,3.339891195297241,0.0004470348358154297
54,7,160,3.350605010986328,3.3498668670654297,-0.0007381439208984375
54,8,160,3.059028387069702,3.058830738067627,-0.0001976490020751953
54,9,160,3.2808873653411865,3.281383991241455,0.0004966259002685547
54,10,160,3.503187656402588,3.501430034637451,-0.0017576217651367188
54,11,160,3.1410646438598633,3.139855146408081,-0.0012094974517822266
54,12,160,3.339723587036133,3.338806629180908,-0.0009169578552246094
54,13,160,3.8051559925079346,3.8049697875976562,-0.0001862049102783203
54,14,160,3.638680934906006,3.6395294666290283,0.0008485317230224609
54,15,160,3.5612964630126953,3.5631370544433594,0.0018405914306640625
54,16,160,3.921389102935791,3.920032024383545,-0.0013570785522460938
54,17,160,3.5919134616851807,3.5898804664611816,-0.0020329952239990234
54,18,160,2.9101085662841797,2.910365343093872,0.0002567768096923828
54,19,160,2.5034892559051514,2.50478196144104,0.0012927055358886719
55,0,160,3.4124255180358887,3.411374092102051,-0.0010514259338378906
55,1,160,3.5449578762054443,3.543677568435669,-0.0012803077697753906
55,2,160,3.4617114067077637,3.4603207111358643,-0.001390695571899414
55,3,160,3.000498056411743,3.000253200531006,-0.0002448558807373047
55,4,160,2.8379716873168945,2.8365066051483154,-0.0014650821685791016
55,5,160,3.348323106765747,3.347791910171509,-0.0005311965942382812
55,6,160,3.339444160461426,3.338740587234497,-0.0007035732269287109
55,7,160,3.350605010986328,3.350349187850952,-0.00025582313537597656
55,8,160,3.059028387069702,3.058783769607544,-0.0002446174621582031
55,9,160,3.2808873653411865,3.2779979705810547,-0.002889394760131836
55,10,160,3.503187656402588,3.5034096240997314,0.0002219676971435547
55,11,160,3.1410646438598633,3.144045829772949,0.0029811859130859375
55,12,160,3.339723587036133,3.3381989002227783,-0.0015246868133544922
55,13,160,3.8051559925079346,3.804988384246826,-0.00016760826110839844
55,14,160,3.638680934906006,3.640383720397949,0.0017027854919433594
55,15,160,3.5612964630126953,3.5603554248809814,-0.0009410381317138672
55,16,160,3.921389102935791,3.9213976860046387,8.58306884765625e-06
55,17,160,3.5919134616851807,3.5946197509765625,0.002706289291381836
55,18,160,2.9101085662841797,2.910506248474121,0.00039768218994140625
55,19,160,2.5034892559051514,2.5044548511505127,0.0009655952453613281
56,0,160,3.4124255180358887,3.4122560024261475,-0.00016951560974121094
56,1,160,3.5449578762054443,3.546815872192383,0.0018579959869384766
56,2,160,3.4617114067077637,3.4608476161956787,-0.0008637905120849609
56,3,160,3.000498056411743,3.000279426574707,-0.0002186298370361328
56,4,160,2.8379716873168945,2.8386387825012207,0.0006670951843261719
56,5,160,3.348323106765747,3.3491036891937256,0.0007805824279785156
56,6,160,3.339444160461426,3.33992862701416,0.000484466552734375
56,7,160,3.350605010986328,3.3501522541046143,-0.0004527568817138672
56,8,160,3.059028387069702,3.059303045272827,0.000274658203125
56,9,160,3.2808873653411865,3.2804601192474365,-0.00042724609375
56,10,160,3.503187656402588,3.5028769969940186,-0.00031065940856933594
56,11,160,3.1410646438598633,3.1417362689971924,0.0006716251373291016
56,12,160,3.339723587036133,3.3405017852783203,0.0007781982421875
56,13,160,3.8051559925079346,3.8047549724578857,-0.0004010200500488281
56,14,160,3.638680934906006,3.6380298137664795,-0.0006511211395263672
56,15,160,3.5612964630126953,3.5616626739501953,0.0003662109375
56,16,160,3.921389102935791,3.9201180934906006,-0.0012710094451904297
56,17,160,3.5919134616851807,3.590864419937134,-0.001049041748046875
56,18,160,2.9101085662841797,2.910076856613159,-3.170967102050781e-05
56,19,160,2.5034892559051514,2.5046825408935547,0.0011932849884033203
57,0,160,3.4124255180358887,3.4118075370788574,-0.00061798095703125
57,1,160,3.5449578762054443,3.5459656715393066,0.0010077953338623047
57,2,160,3.4617114067077637,3.4627950191497803,0.0010836124420166016
57,3,160,3.000498056411743,2.9997429847717285,-0.0007550716400146484
57,4,160,2.8379716873168945,2.8361880779266357,-0.001783609390258789
57,5,160,3.348323106765747,3.348820924758911,0.0004978179931640625
57,6,160,3.339444160461426,3.339668035507202,0.0002238750457763672
57,7,160,3.350605010986328,3.3497769832611084,-0.0008280277252197266
57,8,160,3.059028387069702,3.060279130935669,0.0012507438659667969
57,9,160,3.2808873653411865,3.2804105281829834,-0.000476837158203125
57,10,160,3.503187656402588,3.5035946369171143,0.0004069805145263672
57,11,160,3.1410646438598633,3.1429812908172607,0.001916646957397461
57,12,160,3.339723587036133,3.339107036590576,-0.0006165504455566406
57,13,160,3.8051559925079346,3.804699659347534,-0.0004563331604003906
57,14,160,3.638680934906006,3.638139247894287,-0.00054168701171875
57,15,160,3.5612964630126953,3.560852527618408,-0.0004439353942871094
57,16,160,3.921389102935791,3.921659469604492,0.0002703666687011719
57,17,160,3.5919134616851807,3.5937037467956543,0.0017902851104736328
57,18,160,2.9101085662841797,2.908198356628418,-0.0019102096557617188
57,19,160,2.5034892559051514,2.504312038421631,0.0008227825164794922
58,0,160,3.4124255180358887,3.4136877059936523,0.0012621879577636719
58,1,160,3.5449578762054443,3.548220157623291,0.0032622814178466797
58,2,160,3.4617114067077637,3.4633939266204834,0.0016825199127197266
58,3,160,3.000498056411743,2.9999160766601562,-0.0005819797515869141
58,4,160,2.8379716873168945,2.8373093605041504,-0.0006623268127441406
58,5,160,3.348323106765747,3.347729444503784,-0.0005936622619628906
58,6,160,3.339444160461426,3.3397748470306396,0.0003306865692138672
58,7,160,3.350605010986328,3.351121664047241,0.0005166530609130859
58,8,160,3.059028387069702,3.0582048892974854,-0.0008234977722167969
58,9,160,3.2808873653411865,3.284137010574341,0.003249645233154297
58,10,160,3.503187656402588,3.504239320755005,0.0010516643524169922
58,11,160,3.1410646438598633,3.1413402557373047,0.00027561187744140625
58,12,160,3.339723587036133,3.341399908065796,0.001676321029663086
58,13,160,3.8051559925079346,3.8037679195404053,-0.0013880729675292969
58,14,160,3.638680934906006,3.638705015182495,2.4080276489257812e-05
58,15,160,3.5612964630126953,3.561893939971924,0.0005974769592285156
58,16,160,3.921389102935791,3.921915292739868,0.0005261898040771484
58,17,160,3.5919134616851807,3.5951099395751953,0.0031964778900146484
58,18,160,2.9101085662841797,2.910080909729004,-2.765655517578125e-05
58,19,160,2.5034892559051514,2.502943277359009,-0.0005459785461425781
59,0,160,3.4124255180358887,3.413796901702881,0.0013713836669921875
59,1,160,3.5449578762054443,3.544971466064453,1.3589859008789062e-05
59,2,160,3.4617114067077637,3.4623470306396484,0.0006356239318847656
59,3,160,3.000498056411743,3.000476121902466,-2.193450927734375e-05
59,4,160,2.8379716873168945,2.8373427391052246,-0.0006289482116699219
59,5,160,3.348323106765747,3.350374460220337,0.0020513534545898438
59,6,160,3.339444160461426,3.341665029525757,0.0022208690643310547
59,7,160,3.350605010986328,3.3501434326171875,-0.000461578369140625
59,8,160,3.059028387069702,3.058762311935425,-0.00026607513427734375
59,9,160,3.2808873653411865,3.281982660293579,0.0010952949523925781
59,10,160,3.503187656402588,3.504842758178711,0.0016551017761230469
59,11,160,3.1410646438598633,3.1415536403656006,0.0004889965057373047
59,12,160,3.339723587036133,3.3399546146392822,0.00023102760314941406
59,13,160,3.8051559925079346,3.805607795715332,0.00045180320739746094
59,14,160,3.638680934906006,3.6383824348449707,-0.00029850006103515625
59,15,160,3.5612964630126953,3.5616157054901123,0.0003192424774169922
59,16,160,3.921389102935791,3.923048496246338,0.001659393310546875
59,17,160,3.5919134616851807,3.5949249267578125,0.003011465072631836
59,18,160,2.9101085662841797,2.9097049236297607,-0.0004036426544189453
59,19,160,2.5034892559051514,2.502655267715454,-0.0008339881896972656
60,0,160,3.4124255180358887,3.4125709533691406,0.00014543533325195312
60,1,160,3.5449578762054443,3.5440683364868164,-0.0008895397186279297
60,2,160,3.4617114067077637,3.462721586227417,0.0010101795196533203
60,3,160,3.000498056411743,3.0011653900146484,0.0006673336029052734
60,4,160,2.8379716873168945,2.838263988494873,0.0002923011779785156
60,5,160,3.348323106765747,3.348707437515259,0.00038433074951171875
60,6,160,3.339444160461426,3.3399317264556885,0.0004875659942626953
60,7,160,3.350605010986328,3.352463960647583,0.0018589496612548828
60,8,160,3.059028387069702,3.0605454444885254,0.0015170574188232422
60,9,160,3.2808873653411865,3.2804059982299805,-0.0004813671112060547
60,10,160,3.503187656402588,3.5032877922058105,0.00010013580322265625
60,11,160,3.1410646438598633,3.1421642303466797,0.0010995864868164062
60,12,160,3.339723587036133,3.338315725326538,-0.0014078617095947266
60,13,160,3.8051559925079346,3.8044865131378174,-0.0006694793701171875
60,14,160,3.638680934906006,3.6383044719696045,-0.0003764629364013672
60,15,160,3.5612964630126953,3.5618298053741455,0.0005333423614501953
60,16,160,3.921389102935791,3.9211299419403076,-0.00025916099548339844
60,17,160,3.5919134616851807,3.5960729122161865,0.004159450531005859
60,18,160,2.9101085662841797,2.9105098247528076,0.0004012584686279297
60,19,160,2.5034892559051514,2.5024263858795166,-0.0010628700256347656
61,0,160,3.4124255180358887,3.412740468978882,0.00031495094299316406
61,1,160,3.5449578762054443,3.544574022293091,-0.0003838539123535156
61,2,160,3.4617114067077637,3.460585117340088,-0.0011262893676757812
61,3,160,3.000498056411743,2.998767852783203,-0.001730203628540039
61,4,160,2.8379716873168945,2.8385233879089355,0.0005517005920410156
61,5,160,3.348323106765747,3.348483085632324,0.00015997886657714844
61,6,160,3.339444160461426,3.3374335765838623,-0.0020105838775634766
61,7,160,3.350605010986328,3.3492865562438965,-0.0013184547424316406
61,8,160,3.059028387069702,3.0585460662841797,-0.00048232078552246094
61,9,160,3.2808873653411865,3.2790136337280273,-0.0018737316131591797
61,10,160,3.503187656402588,3.50365948677063,0.0004718303680419922
61,11,160,3.1410646438598633,3.1421239376068115,0.0010592937469482422
61,12,160,3.339723587036133,3.3388025760650635,-0.0009210109710693359
61,13,160,3.8051559925079346,3.805488348007202,0.0003323554992675781
61,14,160,3.638680934906006,3.638401985168457,-0.0002789497375488281
61,15,160,3.5612964630126953,3.560683012008667,-0.0006134510040283203
61,16,160,3.921389102935791,3.9231741428375244,0.0017850399017333984
61,17,160,3.5919134616851807,3.595426082611084,0.0035126209259033203
61,18,160,2.9101085662841797,2.910736322402954,0.0006277561187744141
61,19,160,2.5034892559051514,2.5037879943847656,0.0002987384796142578
62,0,160,3.4124255180358887,3.4130334854125977,0.0006079673767089844
62,1,160,3.5449578762054443,3.5452053546905518,0.0002474784851074219
62,2,160,3.4617114067077637,3.4633843898773193,0.001672983169555664
62,3,160,3.000498056411743,3.0003414154052734,-0.00015664100646972656
62,4,160,2.8379716873168945,2.8370189666748047,-0.0009527206420898438
62,5,160,3.348323106765747,3.34865140914917,0.00032830238342285156
62,6,160,3.339444160461426,3.3391530513763428,-0.0002911090850830078
62,7,160,3.350605010986328,3.3498945236206055,-0.0007104873657226562
62,8,160,3.059028387069702,3.058587074279785,-0.0004413127899169922
62,9,160,3.2808873653411865,3.2812395095825195,0.0003521442413330078
62,10,160,3.503187656402588,3.504763603210449,0.0015759468078613281
62,11,160,3.1410646438598633,3.1419637203216553,0.0008990764617919922
62,12,160,3.339723587036133,3.3386781215667725,-0.0010454654693603516
62,13,160,3.8051559925079346,3.804058313369751,-0.0010976791381835938
62,14,160,3.638680934906006,3.639063596725464,0.0003826618194580078
62,15,160,3.5612964630126953,3.5622668266296387,0.0009703636169433594
62,16,160,3.921389102935791,3.922046422958374,0.0006573200225830078
62,17,160,3.5919134616851807,3.5901739597320557,-0.001739501953125
62,18,160,2.9101085662841797,2.9088590145111084,-0.001249551773071289
62,19,160,2.5034892559051514,2.5028584003448486,-0.0006308555603027344
63,0,160,3.4124255180358887,3.4127395153045654,0.0003139972686767578
63,1,160,3.5449578762054443,3.5442686080932617,-0.0006892681121826172
63,2,160,3.4617114067077637,3.4615774154663086,-0.00013399124145507812
63,3,160,3.000498056411743,3.0008676052093506,0.0003695487976074219
63,4,160,2.8379716873168945,2.8393595218658447,0.0013878345489501953
63,5,160,3.348323106765747,3.34682559967041,-0.001497507095336914
63,6,160,3.339444160461426,3.3396992683410645,0.0002551078796386719
63,7,160,3.350605010986328,3.3503129482269287,-0.00029206275939941406
63,8,160,3.059028387069702,3.0597164630889893,0.0006880760192871094
63,9,160,3.2808873653411865,3.2822577953338623,0.0013704299926757812
63,10,160,3.503187656402588,3.5044944286346436,0.001306772232055664
63,11,160,3.1410646438598633,3.1417956352233887,0.0007309913635253906
63,12,160,3.339723587036133,3.3397557735443115,3.218650817871094e-05
63,13,160,3.8051559925079346,3.80684757232666,0.001691579818725586
63,14,160,3.638680934906006,3.638580083847046,-0.00010085105895996094
63,15,160,3.5612964630126953,3.5622477531433105,0.0009512901306152344
63,16,160,3.921389102935791,3.922912120819092,0.0015230178833007812
63,17,160,3.5919134616851807,3.590723752975464,-0.0011897087097167969
63,18,160,2.9101085662841797,2.9098165035247803,-0.00029206275939941406
63,19,160,2.5034892559051514,2.502163887023926,-0.001325368881225586
64,0,160,3.4124255180358887,3.413482666015625,0.0010571479797363281
64,1,160,3.5449578762054443,3.5451221466064453,0.00016427040100097656
64,2,160,3.4617114067077637,3.4610488414764404,-0.0006625652313232422
64,3,160,3.000498056411743,3.001333475112915,0.000835418701171875
64,4,160,2.8379716873168945,2.837985038757324,1.33514404296875e-05
64,5,160,3.348323106765747,3.3494057655334473,0.0010826587677001953
64,6,160,3.339444160461426,3.340994358062744,0.0015501976013183594
64,7,160,3.350605010986328,3.350334405899048,-0.00027060508728027344
64,8,160,3.059028387069702,3.0586111545562744,-0.0004172325134277344
64,9,160,3.2808873653411865,3.2810816764831543,0.00019431114196777344
64,10,160,3.503187656402588,3.502411127090454,-0.0007765293121337891
64,11,160,3.1410646438598633,3.1401124000549316,-0.0009522438049316406
64,12,160,3.339723587036133,3.339733123779297,9.5367431640625e-06
64,13,160,3.8051559925079346,3.8068413734436035,0.0016853809356689453
64,14,160,3.638680934906006,3.6396701335906982,0.0009891986846923828
64,15,160,3.5612964630126953,3.5628087520599365,0.001512289047241211
64,16,160,3.921389102935791,3.9214205741882324,3.147125244140625e-05
64,17,160,3.5919134616851807,3.5985395908355713,0.006626129150390625
64,18,160,2.9101085662841797,2.9116947650909424,0.0015861988067626953
64,19,160,2.5034892559051514,2.5032997131347656,-0.0001895427703857422
65,0,160,3.4124255180358887,3.4114983081817627,-0.0009272098541259766
65,1,160,3.5449578762054443,3.5437674522399902,-0.0011904239654541016
65,2,160,3.4617114067077637,3.4623942375183105,0.000682830810546875
65,3,160,3.000498056411743,3.000523328781128,2.5272369384765625e-05
65,4,160,2.8379716873168945,2.837672710418701,-0.0002989768981933594
65,5,160,3.348323106765747,3.3485705852508545,0.0002474784851074219
65,6,160,3.339444160461426,3.3387627601623535,-0.0006814002990722656
65,7,160,3.350605010986328,3.352221727371216,0.0016167163848876953
65,8,160,3.059028387069702,3.0587315559387207,-0.0002968311309814453
65,9,160,3.2808873653411865,3.2808194160461426,-6.794929504394531e-05
65,10,160,3.503187656402588,3.5033905506134033,0.0002028942108154297
65,11,160,3.1410646438598633,3.140960931777954,-0.00010371208190917969
65,12,160,3.339723587036133,3.3380849361419678,-0.001638650894165039
65,13,160,3.8051559925079346,3.805229902267456,7.390975952148438e-05
65,14,160,3.638680934906006,3.6388909816741943,0.00021004676818847656
65,15,160,3.5612964630126953,3.5611236095428467,-0.0001728534698486328
65,16,160,3.921389102935791,3.9223780632019043,0.0009889602661132812
65,17,160,3.5919134616851807,3.596163511276245,0.004250049591064453
65,18,160,2.9101085662841797,2.909855365753174,-0.0002532005310058594
65,19,160,2.5034892559051514,2.5022220611572266,-0.0012671947479248047
66,0,160,3.4124255180358887,3.412121057510376,-0.0003044605255126953
66,1,160,3.5449578762054443,3.5447750091552734,-0.00018286705017089844
66,2,160,3.4617114067077637,3.462425947189331,0.0007145404815673828
66,3,160,3.000498056411743,3.000523805618286,2.574920654296875e-05
66,4,160,2.8379716873168945,2.8387348651885986,0.0007631778717041016
66,5,160,3.348323106765747,3.3493850231170654,0.0010619163513183594
66,6,160,3.339444160461426,3.3402953147888184,0.0008511543273925781
66,7,160,3.350605010986328,3.3503832817077637,-0.00022172927856445312
66,8,160,3.059028387069702,3.0586533546447754,-0.0003750324249267578
66,9,160,3.2808873653411865,3.282564401626587,0.0016770362854003906
66,10,160,3.503187656402588,3.5029854774475098,-0.000202178955078125
66,11,160,3.1410646438598633,3.1415133476257324,0.0004487037658691406
66,12,160,3.339723587036133,3.339235305786133,-0.00048828125
66,13,160,3.8051559925079346,3.806230306625366,0.0010743141174316406
66,14,160,3.638680934906006,3.6382226943969727,-0.0004582405090332031
66,15,160,3.5612964630126953,3.561753749847412,0.0004572868347167969
66,16,160,3.921389102935791,3.920164108276367,-0.0012249946594238281
66,17,160,3.5919134616851807,3.5905370712280273,-0.0013763904571533203
66,18,160,2.9101085662841797,2.9104907512664795,0.0003821849822998047
66,19,160,2.5034892559051514,2.5022404193878174,-0.0012488365173339844
67,0,160,3.4124255180358887,3.412395477294922,-3.0040740966796875e-05
67,1,160,3.5449578762054443,3.5452682971954346,0.0003104209899902344
67,2,160,3.4617114067077637,3.462937116622925,0.0012257099151611328
67,3,160,3.000498056411743,3.000962257385254,0.0004642009735107422
67,4,160,2.8379716873168945,2.837470769882202,-0.0005009174346923828
67,5,160,3.348323106765747,3.347421169281006,-0.0009019374847412109
67,6,160,3.339444160461426,3.340669631958008,0.0012254714965820312
67,7,160,3.350605010986328,3.35187029838562,0.0012652873992919922
67,8,160,3.059028387069702,3.059121608734131,9.322166442871094e-05
67,9,160,3.2808873653411865,3.281670570373535,0.0007832050323486328
67,10,160,3.503187656402588,3.5030977725982666,-8.988380432128906e-05
67,11,160,3.1410646438598633,3.1416819095611572,0.0006172657012939453
67,12,160,3.339723587036133,3.3404736518859863,0.0007500648498535156
67,13,160,3.8051559925079346,3.8054726123809814,0.000316619873046875
67,14,160,3.638680934906006,3.6401445865631104,0.0014636516571044922
67,15,160,3.5612964630126953,3.560805559158325,-0.0004909038543701172
67,16,160,3.921389102935791,3.921276569366455,-0.0001125335693359375
67,17,160,3.5919134616851807,3.5909855365753174,-0.0009279251098632812
67,18,160,2.9101085662841797,2.9106061458587646,0.0004975795745849609
67,19,160,2.5034892559051514,2.5053670406341553,0.0018777847290039062
68,0,160,3.4124255180358887,3.4121642112731934,-0.0002613067626953125
68,1,160,3.5449578762054443,3.5441527366638184,-0.0008051395416259766
68,2,160,3.4617114067077637,3.4617350101470947,2.3603439331054688e-05
68,3,160,3.000498056411743,3.0009148120880127,0.00041675567626953125
68,4,160,2.8379716873168945,2.8380627632141113,9.107589721679688e-05
68,5,160,3.348323106765747,3.350870132446289,0.002547025680541992
68,6,160,3.339444160461426,3.3416197299957275,0.002175569534301758
68,7,160,3.350605010986328,3.3510568141937256,0.00045180320739746094
68,8,160,3.059028387069702,3.0596723556518555,0.0006439685821533203
68,9,160,3.2808873653411865,3.281068801879883,0.00018143653869628906
68,10,160,3.503187656402588,3.50400710105896,0.0008194446563720703
68,11,160,3.1410646438598633,3.141178846359253,0.00011420249938964844
68,12,160,3.339723587036133,3.3407351970672607,0.0010116100311279297
68,13,160,3.8051559925079346,3.805881977081299,0.0007259845733642578
68,14,160,3.638680934906006,3.6377696990966797,-0.0009112358093261719
68,15,160,3.5612964630126953,3.561206817626953,-8.96453857421875e-05
68,16,160,3.921389102935791,3.9200823307037354,-0.001306772232055664
68,17,160,3.5919134616851807,3.593195676803589,0.0012822151184082031
68,18,160,2.9101085662841797,2.910430669784546,0.00032210350036621094
68,19,160,2.5034892559051514,2.5043787956237793,0.0008895397186279297
69,0,160,3.4124255180358887,3.411761522293091,-0.0006639957427978516
69,1,160,3.5449578762054443,3.545503616333008,0.0005457401275634766
69,2,160,3.4617114067077637,3.4618594646453857,0.0001480579376220703
69,3,160,3.000498056411743,3.001941442489624,0.0014433860778808594
69,4,160,2.8379716873168945,2.8379313945770264,-4.029273986816406e-05
69,5,160,3.348323106765747,3.3493566513061523,0.0010335445404052734
69,6,160,3.339444160461426,3.339776039123535,0.000331878662109375
69,7,160,3.350605010986328,3.3513023853302,0.0006973743438720703
69,8,160,3.059028387069702,3.059635639190674,0.0006072521209716797
69,9,160,3.2808873653411865,3.2796108722686768,-0.0012764930725097656
69,10,160,3.503187656402588,3.5040829181671143,0.0008952617645263672
69,11,160,3.1410646438598633,3.1408774852752686,-0.00018715858459472656
69,12,160,3.339723587036133,3.340987205505371,0.0012636184692382812
69,13,160,3.8051559925079346,3.806455373764038,0.0012993812561035156
69,14,160,3.638680934906006,3.6385860443115234,-9.489059448242188e-05
69,15,160,3.5612964630126953,3.560307025909424,-0.0009894371032714844
69,16,160,3.921389102935791,3.923585891723633,0.002196788787841797
69,17,160,3.5919134616851807,3.5942180156707764,0.002304553985595703
69,18,160,2.9101085662841797,2.909946918487549,-0.00016164779663085938
69,19,160,2.5034892559051514,2.5038537979125977,0.00036454200744628906
70,0,160,3.4124255180358887,3.4123523235321045,-7.319450378417969e-05
70,1,160,3.5449578762054443,3.5461502075195312,0.001192331314086914
70,2,160,3.4617114067077637,3.46229887008667,0.00058746337890625
70,3,160,3.000498056411743,3.0006778240203857,0.00017976760864257812
70,4,160,2.8379716873168945,2.836918592453003,-0.0010530948638916016
70,5,160,3.348323106765747,3.3508453369140625,0.0025222301483154297
70,6,160,3.339444160461426,3.3392210006713867,-0.0002231597900390625
70,7,160,3.350605010986328,3.3510053157806396,0.00040030479431152344
70,8,160,3.059028387069702,3.058856248855591,-0.00017213821411132812
70,9,160,3.2808873653411865,3.281015157699585,0.0001277923583984375
70,10,160,3.503187656402588,3.502617835998535,-0.0005698204040527344
70,11,160,3.1410646438598633,3.1413462162017822,0.0002815723419189453
70,12,160,3.339723587036133,3.341106414794922,0.0013828277587890625
70,13,160,3.8051559925079346,3.8036184310913086,-0.0015375614166259766
70,14,160,3.638680934906006,3.6387434005737305,6.246566772460938e-05
70,15,160,3.5612964630126953,3.561526298522949,0.00022983551025390625
70,16,160,3.921389102935791,3.9214789867401123,8.988380432128906e-05
70,17,160,3.5919134616851807,3.5910484790802,-0.0008649826049804688
70,18,160,2.9101085662841797,2.908254384994507,-0.0018541812896728516
70,19,160,2.5034892559051514,2.5015950202941895,-0.001894235610961914
71,0,160,3.4124255180358887,3.4115355014801025,-0.0008900165557861328
71,1,160,3.5449578762054443,3.546351194381714,0.0013933181762695312
71,2,160,3.4617114067077637,3.4613990783691406,-0.0003123283386230469
71,3,160,3.000498056411743,3.0034048557281494,0.00290679931640625
71,4,160,2.8379716873168945,2.8391833305358887,0.0012116432189941406
71,5,160,3.348323106765747,3.348508596420288,0.00018548965454101562
71,6,160,3.339444160461426,3.3388209342956543,-0.0006232261657714844
71,7,160,3.350605010986328,3.350013017654419,-0.0005919933319091797
71,8,160,3.059028387069702,3.060023546218872,0.0009951591491699219
71,9,160,3.2808873653411865,3.279766798019409,-0.0011205673217773438
71,10,160,3.503187656402588,3.5028767585754395,-0.0003108978271484375
71,11,160,3.1410646438598633,3.1423890590667725,0.0013244152069091797
71,12,160,3.339723587036133,3.35304856300354,0.013324975967407227
71,13,160,3.8051559925079346,3.8045902252197266,-0.0005657672882080078
71,14,160,3.638680934906006,3.6393067836761475,0.0006258487701416016
71,15,160,3.5612964630126953,3.5614776611328125,0.0001811981201171875
71,16,160,3.921389102935791,3.9205739498138428,-0.0008151531219482422
71,17,160,3.5919134616851807,3.59238338470459,0.0004699230194091797
71,18,160,2.9101085662841797,2.9098286628723145,-0.0002799034118652344
71,19,160,2.5034892559051514,2.503842830657959,0.0003535747528076172
72,0,160,3.4124255180358887,3.4123189449310303,-0.00010657310485839844
72,1,160,3.5449578762054443,3.5456676483154297,0.0007097721099853516
72,2,160,3.4617114067077637,3.4640464782714844,0.002335071563720703
72,3,160,3.000498056411743,3.000138521194458,-0.00035953521728515625
72,4,160,2.8379716873168945,2.838660955429077,0.0006892681121826172
72,5,160,3.348323106765747,3.349461078643799,0.0011379718780517578
72,6,160,3.339444160461426,3.3401710987091064,0.0007269382476806641
72,7,160,3.350605010986328,3.3527252674102783,0.0021202564239501953
72,8,160,3.059028387069702,3.0599660873413086,0.0009377002716064453
72,9,160,3.2808873653411865,3.2810890674591064,0.00020170211791992188
72,10,160,3.503187656402588,3.5041050910949707,0.0009174346923828125
72,11,160,3.1410646438598633,3.143991708755493,0.002927064895629883
72,12,160,3.339723587036133,3.3403122425079346,0.0005886554718017578
72,13,160,3.8051559925079346,3.805438756942749,0.0002827644348144531
72,14,160,3.638680934906006,3.6385269165039062,-0.00015401840209960938
72,15,160,3.5612964630126953,3.5607640743255615,-0.0005323886871337891
72,16,160,3.921389102935791,3.921722650527954,0.00033354759216308594
72,17,160,3.5919134616851807,3.59441876411438,0.0025053024291992188
72,18,160,2.9101085662841797,2.909101724624634,-0.0010068416595458984
72,19,160,2.5034892559051514,2.5053868293762207,0.001897573471069336
73,0,160,3.4124255180358887,3.4118146896362305,-0.0006108283996582031
73,1,160,3.5449578762054443,3.5448241233825684,-0.00013375282287597656
73,2,160,3.4617114067077637,3.4615516662597656,-0.00015974044799804688
73,3,160,3.000498056411743,3.0006332397460938,0.00013518333435058594
73,4,160,2.8379716873168945,2.8379576206207275,-1.4066696166992188e-05
73,5,160,3.348323106765747,3.3496315479278564,0.001308441162109375
73,6,160,3.339444160461426,3.339122772216797,-0.00032138824462890625
73,7,160,3.350605010986328,3.3503074645996094,-0.00029754638671875
73,8,160,3.059028387069702,3.0591070652008057,7.867813110351562e-05
73,9,160,3.2808873653411865,3.2826590538024902,0.001771688461303711
73,10,160,3.503187656402588,3.505082607269287,0.0018949508666992188
73,11,160,3.1410646438598633,3.1418590545654297,0.0007944107055664062
73,12,160,3.339723587036133,3.339536666870117,-0.000186920166015625
73,13,160,3.8051559925079346,3.8055880069732666,0.00043201446533203125
73,14,160,3.638680934906006,3.6388070583343506,0.00012612342834472656
73,15,160,3.5612964630126953,3.560976266860962,-0.00032019615173339844
73,16,160,3.921389102935791,3.923261880874634,0.0018727779388427734
73,17,160,3.5919134616851807,3.5900871753692627,-0.0018262863159179688
73,18,160,2.9101085662841797,2.9099926948547363,-0.00011587142944335938
73,19,160,2.5034892559051514,2.503912925720215,0.00042366981506347656
74,0,160,3.4124255180358887,3.412665843963623,0.000240325927734375
74,1,160,3.5449578762054443,3.5452022552490234,0.00024437904357910156
74,2,160,3.4617114067077637,3.462094783782959,0.0003833770751953125
74,3,160,3.000498056411743,2.9999918937683105,-0.0005061626434326172
74,4,160,2.8379716873168945,2.839816093444824,0.0018444061279296875
74,5,160,3.348323106765747,3.3477280139923096,-0.0005950927734375
74,6,160,3.339444160461426,3.338425874710083,-0.0010182857513427734
74,7,160,3.350605010986328,3.349834442138672,-0.00077056884765625
74,8,160,3.059028387069702,3.0592920780181885,0.0002636909484863281
74,9,160,3.2808873653411865,3.2813961505889893,0.0005087852478027344
74,10,160,3.503187656402588,3.5018258094787598,-0.001361846923828125
74,11,160,3.1410646438598633,3.1430423259735107,0.001977682113647461
74,12,160,3.339723587036133,3.3543832302093506,0.014659643173217773
74,13,160,3.8051559925079346,3.8055503368377686,0.0003943443298339844
74,14,160,3.638680934906006,3.638382911682129,-0.0002980232238769531
74,15,160,3.5612964630126953,3.5612080097198486,-8.845329284667969e-05
74,16,160,3.921389102935791,3.9211843013763428,-0.0002048015594482422
74,17,160,3.5919134616851807,3.590785026550293,-0.0011284351348876953
74,18,160,2.9101085662841797,2.9114787578582764,0.0013701915740966797
74,19,160,2.5034892559051514,2.503830671310425,0.0003414154052734375
75,0,160,3.4124255180358887,3.4123899936676025,-3.552436828613281e-05
75,1,160,3.5449578762054443,3.5451061725616455,0.00014829635620117188
75,2,160,3.4617114067077637,3.462266445159912,0.0005550384521484375
75,3,160,3.000498056411743,2.999274253845215,-0.0012238025665283203
75,4,160,2.8379716873168945,2.837132215499878,-0.0008394718170166016
75,5,160,3.348323106765747,3.34898042678833,0.0006573200225830078
75,6,160,3.339444160461426,3.338024616241455,-0.0014195442199707031
75,7,160,3.350605010986328,3.352233648300171,0.0016286373138427734
75,8,160,3.059028387069702,3.0584287643432617,-0.0005996227264404297
75,9,160,3.2808873653411865,3.2793731689453125,-0.0015141963958740234
75,10,160,3.503187656402588,3.5047566890716553,0.0015690326690673828
75,11,160,3.1410646438598633,3.141507148742676,0.0004425048828125
75,12,160,3.339723587036133,3.339184284210205,-0.0005393028259277344
75,13,160,3.8051559925079346,3.8054678440093994,0.00031185150146484375
75,14,160,3.638680934906006,3.6402387619018555,0.0015578269958496094
75,15,160,3.5612964630126953,3.5612189769744873,-7.748603820800781e-05
75,16,160,3.921389102935791,3.920907974243164,-0.0004811286926269531
75,17,160,3.5919134616851807,3.596895217895508,0.0049817562103271484
75,18,160,2.9101085662841797,2.909533739089966,-0.0005748271942138672
75,19,160,2.5034892559051514,2.504265546798706,0.0007762908935546875
76,0,160,3.4124255180358887,3.411386251449585,-0.001039266586303711
76,1,160,3.5449578762054443,3.543177604675293,-0.0017802715301513672
76,2,160,3.4617114067077637,3.460775136947632,-0.0009362697601318359
76,3,160,3.000498056411743,2.9997901916503906,-0.0007078647613525391
76,4,160,2.8379716873168945,2.838391065597534,0.00041937828063964844
76,5,160,3.348323106765747,3.348612070083618,0.00028896331787109375
76,6,160,3.339444160461426,3.3398549556732178,0.0004107952117919922
76,7,160,3.350605010986328,3.349844217300415,-0.0007607936859130859
76,8,160,3.059028387069702,3.0594518184661865,0.000423431396484375
76,9,160,3.2808873653411865,3.2792320251464844,-0.0016553401947021484
76,10,160,3.503187656402588,3.502930164337158,-0.0002574920654296875
76,11,160,3.1410646438598633,3.144948959350586,0.0038843154907226562
76,12,160,3.339723587036133,3.3473052978515625,0.0075817108154296875
76,13,160,3.8051559925079346,3.805732250213623,0.0005762577056884766
76,14,160,3.638680934906006,3.6398608684539795,0.0011799335479736328
76,15,160,3.5612964630126953,3.561223030090332,-7.343292236328125e-05
76,16,160,3.921389102935791,3.92220139503479,0.0008122920989990234
76,17,160,3.5919134616851807,3.5893383026123047,-0.0025751590728759766
76,18,160,2.9101085662841797,2.9101412296295166,3.266334533691406e-05
76,19,160,2.5034892559051514,2.5030159950256348,-0.00047326087951660156
77,0,160,3.4124255180358887,3.411878824234009,-0.0005466938018798828
77,1,160,3.5449578762054443,3.545769691467285,0.0008118152618408203
77,2,160,3.4617114067077637,3.4615468978881836,-0.00016450881958007812
77,3,160,3.000498056411743,3.002471685409546,0.0019736289978027344
77,4,160,2.8379716873168945,2.8388655185699463,0.0008938312530517578
77,5,160,3.348323106765747,3.3500990867614746,0.001775979995727539
77,6,160,3.339444160461426,3.339829444885254,0.000385284423828125
77,7,160,3.350605010986328,3.354246139526367,0.0036411285400390625
77,8,160,3.059028387069702,3.0603020191192627,0.0012736320495605469
77,9,160,3.2808873653411865,3.2833383083343506,0.0024509429931640625
77,10,160,3.503187656402588,3.5031635761260986,-2.4080276489257812e-05
77,11,160,3.1410646438598633,3.1400599479675293,-0.0010046958923339844
77,12,160,3.339723587036133,3.339433193206787,-0.0002903938293457031
77,13,160,3.8051559925079346,3.8044400215148926,-0.0007159709930419922
77,14,160,3.638680934906006,3.6389272212982178,0.00024628639221191406
77,15,160,3.5612964630126953,3.560504674911499,-0.0007917881011962891
77,16,160,3.921389102935791,3.922004461288452,0.0006153583526611328
77,17,160,3.5919134616851807,3.591242551803589,-0.0006709098815917969
77,18,160,2.9101085662841797,2.910867929458618,0.0007593631744384766
77,19,160,2.5034892559051514,2.5038235187530518,0.0003342628479003906
78,0,160,3.4124255180358887,3.4134676456451416,0.0010421276092529297
78,1,160,3.5449578762054443,3.547245502471924,0.002287626266479492
78,2,160,3.4617114067077637,3.4624345302581787,0.0007231235504150391
78,3,160,3.000498056411743,3.000835418701172,0.00033736228942871094
78,4,160,2.8379716873168945,2.839632034301758,0.0016603469848632812
78,5,160,3.348323106765747,3.3506174087524414,0.002294301986694336
78,6,160,3.339444160461426,3.3400051593780518,0.0005609989166259766
78,7,160,3.350605010986328,3.351223945617676,0.0006189346313476562
78,8,160,3.059028387069702,3.0592362880706787,0.0002079010009765625
78,9,160,3.2808873653411865,3.2803499698638916,-0.0005373954772949219
78,10,160,3.503187656402588,3.5043909549713135,0.001203298568725586
78,11,160,3.1410646438598633,3.1418118476867676,0.0007472038269042969
78,12,160,3.339723587036133,3.339050769805908,-0.0006728172302246094
78,13,160,3.8051559925079346,3.804142475128174,-0.0010135173797607422
78,14,160,3.638680934906006,3.6387434005737305,6.246566772460938e-05
78,15,160,3.5612964630126953,3.560011863708496,-0.0012845993041992188
78,16,160,3.921389102935791,3.922673463821411,0.0012843608856201172
78,17,160,3.5919134616851807,3.590149402618408,-0.001764059066772461
78,18,160,2.9101085662841797,2.9098987579345703,-0.000209808349609375
78,19,160,2.5034892559051514,2.503488063812256,-1.1920928955078125e-06
79,0,160,3.4124255180358887,3.4123003482818604,-0.0001251697540283203
79,1,160,3.5449578762054443,3.545133113861084,0.00017523765563964844
79,2,160,3.4617114067077637,3.4618983268737793,0.000186920166015625
79,3,160,3.000498056411743,3.000973701477051,0.0004756450653076172
79,4,160,2.8379716873168945,2.8386693000793457,0.0006976127624511719
79,5,160,3.348323106765747,3.3477888107299805,-0.0005342960357666016
79,6,160,3.339444160461426,3.340130567550659,0.0006864070892333984
79,7,160,3.350605010986328,3.3494997024536133,-0.0011053085327148438
79,8,160,3.059028387069702,3.059258460998535,0.0002300739288330078
79,9,160,3.2808873653411865,3.2811548709869385,0.0002675056457519531
79,10,160,3.503187656402588,3.50333309173584,0.00014543533325195312
79,11,160,3.1410646438598633,3.140080451965332,-0.00098419189453125
79,12,160,3.339723587036133,3.340143918991089,0.0004203319549560547
79,13,160,3.8051559925079346,3.804534435272217,-0.0006215572357177734
79,14,160,3.638680934906006,3.6373071670532227,-0.0013737678527832031
79,15,160,3.5612964630126953,3.5631911754608154,0.0018947124481201172
79,16,160,3.921389102935791,3.9232969284057617,0.0019078254699707031
79,17,160,3.5919134616851807,3.594670534133911,0.0027570724487304688
79,18,160,2.9101085662841797,2.908844470977783,-0.0012640953063964844
79,19,160,2.5034892559051514,2.505004644393921,0.0015153884887695312
80,0,160,3.4124255180358887,3.411302089691162,-0.0011234283447265625
80,1,160,3.5449578762054443,3.544928550720215,-2.9325485229492188e-05
80,2,160,3.4617114067077637,3.4640138149261475,0.002302408218383789
80,3,160,3.000498056411743,3.0022451877593994,0.00174713134765625
80,4,160,2.8379716873168945,2.838000535964966,2.8848648071289062e-05
80,5,160,3.348323106765747,3.347797393798828,-0.0005257129669189453
80,6,160,3.339444160461426,3.33882212638855,-0.0006220340728759766
80,7,160,3.350605010986328,3.3516972064971924,0.0010921955108642578
80,8,160,3.059028387069702,3.0585856437683105,-0.00044274330139160156
80,9,160,3.2808873653411865,3.280686140060425,-0.00020122528076171875
80,10,160,3.503187656402588,3.501471757888794,-0.0017158985137939453
80,11,160,3.1410646438598633,3.140390157699585,-0.0006744861602783203
80,12,160,3.339723587036133,3.3399863243103027,0.0002627372741699219
80,13,160,3.8051559925079346,3.8041205406188965,-0.001035451889038086
80,14,160,3.638680934906006,3.6404643058776855,0.0017833709716796875
80,15,160,3.5612964630126953,3.5635781288146973,0.002281665802001953
80,16,160,3.921389102935791,3.91896390914917,-0.0024251937866210938
80,17,160,3.5919134616851807,3.590496063232422,-0.001417398452758789
80,18,160,2.9101085662841797,2.910776138305664,0.000667572021484375
80,19,160,2.5034892559051514,2.503340005874634,-0.00014925003051757812
81,0,160,3.4124255180358887,3.4118103981018066,-0.0006151199340820312
81,1,160,3.5449578762054443,3.547457218170166,0.0024993419647216797
81,2,160,3.4617114067077637,3.46109676361084,-0.0006146430969238281
81,3,160,3.000498056411743,2.9997920989990234,-0.0007059574127197266
81,4,160,2.8379716873168945,2.8382792472839355,0.0003075599670410156
81,5,160,3.348323106765747,3.348217248916626,-0.00010585784912109375
81,6,160,3.339444160461426,3.3400936126708984,0.0006494522094726562
81,7,160,3.350605010986328,3.350761651992798,0.00015664100646972656
81,8,160,3.059028387069702,3.0580689907073975,-0.0009593963623046875
81,9,160,3.2808873653411865,3.280874490737915,-1.2874603271484375e-05
81,10,160,3.503187656402588,3.5029616355895996,-0.00022602081298828125
81,11,160,3.1410646438598633,3.1413564682006836,0.0002918243408203125
81,12,160,3.339723587036133,3.339226484298706,-0.0004971027374267578
81,13,160,3.8051559925079346,3.8052077293395996,5.173683166503906e-05
81,14,160,3.638680934906006,3.6382408142089844,-0.0004401206970214844
81,15,160,3.5612964630126953,3.561572790145874,0.00027632713317871094
81,16,160,3.921389102935791,3.921556234359741,0.0001671314239501953
81,17,160,3.5919134616851807,3.5901272296905518,-0.0017862319946289062
81,18,160,2.9101085662841797,2.908623218536377,-0.0014853477478027344
81,19,160,2.5034892559051514,2.5037171840667725,0.00022792816162109375
82,0,160,3.4124255180358887,3.4114444255828857,-0.0009810924530029297
82,1,160,3.5449578762054443,3.5451574325561523,0.0001995563507080078
82,2,160,3.4617114067077637,3.463184118270874,0.0014727115631103516
82,3,160,3.000498056411743,3.0008246898651123,0.0003266334533691406
82,4,160,2.8379716873168945,2.8376095294952393,-0.00036215782165527344
82,5,160,3.348323106765747,3.3493921756744385,0.0010690689086914062
82,6,160,3.339444160461426,3.3403210639953613,0.0008769035339355469
82,7,160,3.350605010986328,3.3492913246154785,-0.0013136863708496094
82,8,160,3.059028387069702,3.0576136112213135,-0.0014147758483886719
82,9,160,3.2808873653411865,3.2817893028259277,0.0009019374847412109
82,10,160,3.503187656402588,3.5032949447631836,0.00010728836059570312
82,11,160,3.1410646438598633,3.142625570297241,0.0015609264373779297
82,12,160,3.339723587036133,3.339292049407959,-0.0004315376281738281
82,13,160,3.8051559925079346,3.807185649871826,0.0020296573638916016
82,14,160,3.638680934906006,3.6381471157073975,-0.0005338191986083984
82,15,160,3.5612964630126953,3.561160087585449,-0.00013637542724609375
82,16,160,3.921389102935791,3.921086549758911,-0.0003025531768798828
82,17,160,3.5919134616851807,3.593970775604248,0.002057313919067383
82,18,160,2.9101085662841797,2.9095935821533203,-0.000514984130859375
82,19,160,2.5034892559051514,2.503880262374878,0.0003910064697265625
83,0,160,3.4124255180358887,3.41344952583313,0.001024007797241211
83,1,160,3.5449578762054443,3.547682762145996,0.002724885940551758
83,2,160,3.4617114067077637,3.462094783782959,0.0003833770751953125
83,3,160,3.000498056411743,3.0020813941955566,0.0015833377838134766
83,4,160,2.8379716873168945,2.8357043266296387,-0.0022673606872558594
83,5,160,3.348323106765747,3.348846197128296,0.0005230903625488281
83,6,160,3.339444160461426,3.340203046798706,0.0007588863372802734
83,7,160,3.350605010986328,3.3527638912200928,0.0021588802337646484
83,8,160,3.059028387069702,3.0589816570281982,-4.673004150390625e-05
83,9,160,3.2808873653411865,3.2808547019958496,-3.266334533691406e-05
83,10,160,3.503187656402588,3.5044500827789307,0.0012624263763427734
83,11,160,3.1410646438598633,3.144939422607422,0.0038747787475585938
83,12,160,3.339723587036133,3.340009927749634,0.00028634071350097656
83,13,160,3.8051559925079346,3.8067541122436523,0.0015981197357177734
83,14,160,3.638680934906006,3.6385672092437744,-0.00011372566223144531
83,15,160,3.5612964630126953,3.5600967407226562,-0.0011997222900390625
83,16,160,3.921389102935791,3.9228179454803467,0.001428842544555664
83,17,160,3.5919134616851807,3.594244956970215,0.0023314952850341797
83,18,160,2.9101085662841797,2.910327911376953,0.0002193450927734375
83,19,160,2.5034892559051514,2.5023434162139893,-0.0011458396911621094
84,0,160,3.4124255180358887,3.4124889373779297,6.341934204101562e-05
84,1,160,3.5449578762054443,3.5439629554748535,-0.0009949207305908203
84,2,160,3.4617114067077637,3.4634103775024414,0.0016989707946777344
84,3,160,3.000498056411743,3.0033328533172607,0.002834796905517578
84,4,160,2.8379716873168945,2.838843822479248,0.0008721351623535156
84,5,160,3.348323106765747,3.3518855571746826,0.003562450408935547
84,6,160,3.339444160461426,3.34297513961792,0.0035309791564941406
84,7,160,3.350605010986328,3.3538670539855957,0.003262042999267578
84,8,160,3.059028387069702,3.061971426010132,0.0029430389404296875
84,9,160,3.2808873653411865,3.282104730606079,0.0012173652648925781
84,10,160,3.503187656402588,3.5047109127044678,0.0015232563018798828
84,11,160,3.1410646438598633,3.1418516635894775,0.0007870197296142578
84,12,160,3.339723587036133,3.3395705223083496,-0.00015306472778320312
84,13,160,3.8051559925079346,3.8051705360412598,1.4543533325195312e-05
84,14,160,3.638680934906006,3.640207052230835,0.0015261173248291016
84,15,160,3.5612964630126953,3.5613605976104736,6.413459777832031e-05
84,16,160,3.921389102935791,3.922459125518799,0.0010700225830078125
84,17,160,3.5919134616851807,3.592634439468384,0.000720977783203125
84,18,160,2.9101085662841797,2.9101760387420654,6.747245788574219e-05
84,19,160,2.5034892559051514,2.503368377685547,-0.00012087821960449219
85,0,160,3.4124255180358887,3.4111886024475098,-0.0012369155883789062
85,1,160,3.5449578762054443,3.5456488132476807,0.0006909370422363281
85,2,160,3.4617114067077637,3.461726188659668,1.4781951904296875e-05
85,3,160,3.000498056411743,3.0022661685943604,0.0017681121826171875
85,4,160,2.8379716873168945,2.837502956390381,-0.0004687309265136719
85,5,160,3.348323106765747,3.347736120223999,-0.0005869865417480469
85,6,160,3.339444160461426,3.341043472290039,0.0015993118286132812
85,7,160,3.350605010986328,3.350663661956787,5.8650970458984375e-05
85,8,160,3.059028387069702,3.060285806655884,0.0012574195861816406
85,9,160,3.2808873653411865,3.281719923019409,0.0008325576782226562
85,10,160,3.503187656402588,3.504818916320801,0.0016312599182128906
85,11,160,3.1410646438598633,3.1418683528900146,0.0008037090301513672
85,12,160,3.339723587036133,3.340137243270874,0.00041365623474121094
85,13,160,3.8051559925079346,3.80486798286438,-0.0002880096435546875
85,14,160,3.638680934906006,3.6380887031555176,-0.0005922317504882812
85,15,160,3.5612964630126953,3.5619449615478516,0.00064849853515625
85,16,160,3.921389102935791,3.922795057296753,0.001405954360961914
85,17,160,3.5919134616851807,3.5934672355651855,0.0015537738800048828
85,18,160,2.9101085662841797,2.909837007522583,-0.0002715587615966797
85,19,160,2.5034892559051514,2.5054707527160645,0.001981496810913086
86,0,160,3.4124255180358887,3.4125497341156006,0.00012421607971191406
86,1,160,3.5449578762054443,3.5449297428131104,-2.8133392333984375e-05
86,2,160,3.4617114067077637,3.4614293575286865,-0.00028204917907714844
86,3,160,3.000498056411743,2.999903678894043,-0.0005943775177001953
86,4,160,2.8379716873168945,2.8382012844085693,0.0002295970916748047
86,5,160,3.348323106765747,3.3471975326538086,-0.0011255741119384766
86,6,160,3.339444160461426,3.3375306129455566,-0.0019135475158691406
86,7,160,3.350605010986328,3.349008560180664,-0.0015964508056640625
86,8,160,3.059028387069702,3.0589241981506348,-0.00010418891906738281
86,9,160,3.2808873653411865,3.2809839248657227,9.655952453613281e-05
86,10,160,3.503187656402588,3.504493236541748,0.0013055801391601562
86,11,160,3.1410646438598633,3.1432693004608154,0.0022046566009521484
86,12,160,3.339723587036133,3.344797134399414,0.00507354736328125
86,13,160,3.8051559925079346,3.8059279918670654,0.0007719993591308594
86,14,160,3.638680934906006,3.6382570266723633,-0.0004239082336425781
86,15,160,3.5612964630126953,3.5619091987609863,0.0006127357482910156
86,16,160,3.921389102935791,3.921686887741089,0.00029778480529785156
86,17,160,3.5919134616851807,3.5912671089172363,-0.0006463527679443359
86,18,160,2.9101085662841797,2.9088289737701416,-0.001279592514038086
86,19,160,2.5034892559051514,2.5032694339752197,-0.00021982192993164062
87,0,160,3.4124255180358887,3.4133169651031494,0.0008914470672607422
87,1,160,3.5449578762054443,3.5445616245269775,-0.0003962516784667969
87,2,160,3.4617114067077637,3.4657750129699707,0.004063606262207031
87,3,160,3.000498056411743,3.0014166831970215,0.0009186267852783203
87,4,160,2.8379716873168945,2.8412458896636963,0.003274202346801758
87,5,160,3.348323106765747,3.351038694381714,0.002715587615966797
87,6,160,3.339444160461426,3.339517593383789,7.343292236328125e-05
87,7,160,3.350605010986328,3.3547239303588867,0.004118919372558594
87,8,160,3.059028387069702,3.0591561794281006,0.0001277923583984375
87,9,160,3.2808873653411865,3.283090114593506,0.002202749252319336
87,10,160,3.503187656402588,3.5044071674346924,0.0012195110321044922
87,11,160,3.1410646438598633,3.1448280811309814,0.003763437271118164
87,12,160,3.339723587036133,3.340606212615967,0.0008826255798339844
87,13,160,3.8051559925079346,3.805903434753418,0.0007474422454833984
87,14,160,3.638680934906006,3.636946678161621,-0.0017342567443847656
87,15,160,3.5612964630126953,3.561915636062622,0.0006191730499267578
87,16,160,3.921389102935791,3.920827865600586,-0.0005612373352050781
87,17,160,3.5919134616851807,3.592754602432251,0.0008411407470703125
87,18,160,2.9101085662841797,2.9104909896850586,0.00038242340087890625
87,19,160,2.5034892559051514,2.5020804405212402,-0.0014088153839111328
88,0,160,3.4124255180358887,3.4129583835601807,0.0005328655242919922
88,1,160,3.5449578762054443,3.5442147254943848,-0.0007431507110595703
88,2,160,3.4617114067077637,3.4627294540405273,0.0010180473327636719
88,3,160,3.000498056411743,3.0004053115844727,-9.274482727050781e-05
88,4,160,2.8379716873168945,2.839669704437256,0.0016980171203613281
88,5,160,3.348323106765747,3.3491649627685547,0.0008418560028076172
88,6,160,3.339444160461426,3.3398382663726807,0.0003941059112548828
88,7,160,3.350605010986328,3.35097336769104,0.00036835670471191406
88,8,160,3.059028387069702,3.057817220687866,-0.0012111663818359375
88,9,160,3.2808873653411865,3.28360652923584,0.0027191638946533203
88,10,160,3.503187656402588,3.5043935775756836,0.0012059211730957031
88,11,160,3.1410646438598633,3.1409528255462646,-0.00011181831359863281
88,12,160,3.339723587036133,3.3410701751708984,0.001346588134765625
88,13,160,3.8051559925079346,3.8037776947021484,-0.0013782978057861328
88,14,160,3.638680934906006,3.638542652130127,-0.00013828277587890625
88,15,160,3.5612964630126953,3.5617237091064453,0.00042724609375
88,16,160,3.921389102935791,3.921872615814209,0.00048351287841796875
88,17,160,3.5919134616851807,3.593961000442505,0.0020475387573242188
88,18,160,2.9101085662841797,2.9112250804901123,0.0011165142059326172
88,19,160,2.5034892559051514,2.5052521228790283,0.0017628669738769531
89,0,160,3.4124255180358887,3.41287899017334,0.0004534721374511719
89,1,160,3.5449578762054443,3.5463764667510986,0.0014185905456542969
89,2,160,3.4617114067077637,3.459699869155884,-0.002011537551879883
89,3,160,3.000498056411743,2.9990317821502686,-0.0014662742614746094
89,4,160,2.8379716873168945,2.8372838497161865,-0.0006878376007080078
89,5,160,3.348323106765747,3.3483223915100098,-7.152557373046875e-07
89,6,160,3.339444160461426,3.3377292156219482,-0.001714944839477539
89,7,160,3.350605010986328,3.350339412689209,-0.0002655982971191406
89,8,160,3.059028387069702,3.057673454284668,-0.0013549327850341797
89,9,160,3.2808873653411865,3.279921054840088,-0.0009663105010986328
89,10,160,3.503187656402588,3.5033342838287354,0.00014662742614746094
89,11,160,3.1410646438598633,3.141937255859375,0.0008726119995117188
89,12,160,3.339723587036133,3.3393702507019043,-0.0003533363342285156
89,13,160,3.8051559925079346,3.804029941558838,-0.0011260509490966797
89,14,160,3.638680934906006,3.640235185623169,0.001554250717163086
89,15,160,3.5612964630126953,3.561014413833618,-0.00028204917907714844
89,16,160,3.921389102935791,3.9233033657073975,0.0019142627716064453
89,17,160,3.5919134616851807,3.5939581394195557,0.002044677734375
89,18,160,2.9101085662841797,2.9098868370056152,-0.00022172927856445312
89,19,160,2.5034892559051514,2.504206418991089,0.0007171630859375
90,0,160,3.4124255180358887,3.4124839305877686,5.841255187988281e-05
90,1,160,3.5449578762054443,3.5464565753936768,0.0014986991882324219
90,2,160,3.4617114067077637,3.459794521331787,-0.0019168853759765625
90,3,160,3.000498056411743,3.0009031295776367,0.0004050731658935547
90,4,160,2.8379716873168945,2.8376293182373047,-0.00034236907958984375
90,5,160,3.348323106765747,3.3480911254882812,-0.0002319812774658203
90,6,160,3.339444160461426,3.3395001888275146,5.602836608886719e-05
90,7,160,3.350605010986328,3.3510191440582275,0.00041413307189941406
90,8,160,3.059028387069702,3.059285879135132,0.0002574920654296875
90,9,160,3.2808873653411865,3.281156063079834,0.00026869773864746094
90,10,160,3.503187656402588,3.504521369934082,0.0013337135314941406
90,11,160,3.1410646438598633,3.140777111053467,-0.0002875328063964844
90,12,160,3.339723587036133,3.3412399291992188,0.0015163421630859375
90,13,160,3.8051559925079346,3.804215908050537,-0.0009400844573974609
90,14,160,3.638680934906006,3.639474868774414,0.0007939338684082031
90,15,160,3.5612964630126953,3.5615806579589844,0.0002841949462890625
90,16,160,3.921389102935791,3.9213879108428955,-1.1920928955078125e-06
90,17,160,3.5919134616851807,3.593181610107422,0.001268148422241211
90,18,160,2.9101085662841797,2.9106831550598145,0.0005745887756347656
90,19,160,2.5034892559051514,2.5038795471191406,0.0003902912139892578
91,0,160,3.4124255180358887,3.412747383117676,0.0003218650817871094
91,1,160,3.5449578762054443,3.5449538230895996,-4.0531158447265625e-06
91,2,160,3.4617114067077637,3.4612293243408203,-0.0004820823669433594
91,3,160,3.000498056411743,2.999349594116211,-0.0011484622955322266
91,4,160,2.8379716873168945,2.838711977005005,0.0007402896881103516
91,5,160,3.348323106765747,3.3502261638641357,0.0019030570983886719
91,6,160,3.339444160461426,3.3375661373138428,-0.0018780231475830078
91,7,160,3.350605010986328,3.3510005474090576,0.0003955364227294922
91,8,160,3.059028387069702,3.0601000785827637,0.0010716915130615234
91,9,160,3.2808873653411865,3.281153440475464,0.00026607513427734375
91,10,160,3.503187656402588,3.5038857460021973,0.000698089599609375
91,11,160,3.1410646438598633,3.1446261405944824,0.0035614967346191406
91,12,160,3.339723587036133,3.341087579727173,0.001363992691040039
91,13,160,3.8051559925079346,3.8062446117401123,0.0010886192321777344
91,14,160,3.638680934906006,3.6376709938049316,-0.0010099411010742188
91,15,160,3.5612964630126953,3.5608410835266113,-0.0004553794860839844
91,16,160,3.921389102935791,3.9203567504882812,-0.0010323524475097656
91,17,160,3.5919134616851807,3.593916893005371,0.0020034313201904297
91,18,160,2.9101085662841797,2.909473180770874,-0.0006353855133056641
91,19,160,2.5034892559051514,2.5040526390075684,0.0005633831024169922
92,0,160,3.4124255180358887,3.412450075149536,2.4557113647460938e-05
92,1,160,3.5449578762054443,3.545192241668701,0.00023436546325683594
92,2,160,3.4617114067077637,3.460679292678833,-0.001032114028930664
92,3,160,3.000498056411743,3.0000035762786865,-0.0004944801330566406
92,4,160,2.8379716873168945,2.8378772735595703,-9.441375732421875e-05
92,5,160,3.348323106765747,3.3471782207489014,-0.0011448860168457031
92,6,160,3.339444160461426,3.339803695678711,0.00035953521728515625
92,7,160,3.350605010986328,3.3489596843719482,-0.0016453266143798828
92,8,160,3.059028387069702,3.0596730709075928,0.000644683837890625
92,9,160,3.2808873653411865,3.279667377471924,-0.0012199878692626953
92,10,160,3.503187656402588,3.501736879348755,-0.0014507770538330078
92,11,160,3.1410646438598633,3.1405491828918457,-0.0005154609680175781
92,12,160,3.339723587036133,3.339740514755249,1.6927719116210938e-05
92,13,160,3.8051559925079346,3.806588888168335,0.0014328956604003906
92,14,160,3.638680934906006,3.6383581161499023,-0.0003228187561035156
92,15,160,3.5612964630126953,3.561645030975342,0.0003485679626464844
92,16,160,3.921389102935791,3.921661853790283,0.0002727508544921875
92,17,160,3.5919134616851807,3.5945239067077637,0.002610445022583008
92,18,160,2.9101085662841797,2.9088032245635986,-0.0013053417205810547
92,19,160,2.5034892559051514,2.5024330615997314,-0.0010561943054199219
93,0,160,3.4124255180358887,3.4120805263519287,-0.00034499168395996094
93,1,160,3.5449578762054443,3.5429890155792236,-0.001968860626220703
93,2,160,3.4617114067077637,3.4629969596862793,0.001285552978515625
93,3,160,3.000498056411743,3.0000884532928467,-0.0004096031188964844
93,4,160,2.8379716873168945,2.8387019634246826,0.0007302761077880859
93,5,160,3.348323106765747,3.347407341003418,-0.0009157657623291016
93,6,160,3.339444160461426,3.3402516841888428,0.0008075237274169922
93,7,160,3.350605010986328,3.3502676486968994,-0.00033736228942871094
93,8,160,3.059028387069702,3.0584499835968018,-0.0005784034729003906
93,9,160,3.2808873653411865,3.2813613414764404,0.00047397613525390625
93,10,160,3.503187656402588,3.502863645553589,-0.00032401084899902344
93,11,160,3.1410646438598633,3.142357587814331,0.0012929439544677734
93,12,160,3.339723587036133,3.3389487266540527,-0.0007748603820800781
93,13,160,3.8051559925079346,3.803394317626953,-0.0017616748809814453
93,14,160,3.638680934906006,3.6376631259918213,-0.0010178089141845703
93,15,160,3.5612964630126953,3.5628137588500977,0.0015172958374023438
93,16,160,3.921389102935791,3.921104669570923,-0.00028443336486816406
93,17,160,3.5919134616851807,3.5904693603515625,-0.001444101333618164
93,18,160,2.9101085662841797,2.9104156494140625,0.0003070831298828125
93,19,160,2.5034892559051514,2.507155418395996,0.0036661624908447266
94,0,160,3.4124255180358887,3.4122912883758545,-0.0001342296600341797
94,1,160,3.5449578762054443,3.544304370880127,-0.0006535053253173828
94,2,160,3.4617114067077637,3.462026834487915,0.0003154277801513672
94,3,160,3.000498056411743,3.0012264251708984,0.0007283687591552734
94,4,160,2.8379716873168945,2.8377928733825684,-0.00017881393432617188
94,5,160,3.348323106765747,3.348107099533081,-0.00021600723266601562
94,6,160,3.339444160461426,3.340440511703491,0.0009963512420654297
94,7,160,3.350605010986328,3.3502233028411865,-0.00038170814514160156
94,8,160,3.059028387069702,3.0586042404174805,-0.0004241466522216797
94,9,160,3.2808873653411865,3.2818472385406494,0.0009598731994628906
94,10,160,3.503187656402588,3.501701593399048,-0.001486063003540039
94,11,160,3.1410646438598633,3.1396141052246094,-0.0014505386352539062
94,12,160,3.339723587036133,3.3392739295959473,-0.0004496574401855469
94,13,160,3.8051559925079346,3.80525803565979,0.00010204315185546875
94,14,160,3.638680934906006,3.6378872394561768,-0.0007936954498291016
94,15,160,3.5612964630126953,3.562014102935791,0.0007176399230957031
94,16,160,3.921389102935791,3.9219441413879395,0.0005550384521484375
94,17,160,3.5919134616851807,3.5944573879241943,0.002543926239013672
94,18,160,2.9101085662841797,2.908355236053467,-0.0017533302307128906
94,19,160,2.5034892559051514,2.5013461112976074,-0.0021431446075439453
95,0,160,3.4124255180358887,3.4120421409606934,-0.0003833770751953125
95,1,160,3.5449578762054443,3.5449960231781006,3.814697265625e-05
95,2,160,3.4617114067077637,3.4620063304901123,0.0002949237823486328
95,3,160,3.000498056411743,3.000581741333008,8.368492126464844e-05
95,4,160,2.8379716873168945,2.836907148361206,-0.0010645389556884766
95,5,160,3.348323106765747,3.3488147258758545,0.0004916191101074219
95,6,160,3.339444160461426,3.340744972229004,0.001300811767578125
95,7,160,3.350605010986328,3.3503732681274414,-0.00023174285888671875
95,8,160,3.059028387069702,3.0600361824035645,0.0010077953338623047
95,9,160,3.2808873653411865,3.2814457416534424,0.0005583763122558594
95,10,160,3.503187656402588,3.505277156829834,0.0020895004272460938
95,11,160,3.1410646438598633,3.1418330669403076,0.0007684230804443359
95,12,160,3.339723587036133,3.3389339447021484,-0.000789642333984375
95,13,160,3.8051559925079346,3.80566668510437,0.0005106925964355469
95,14,160,3.638680934906006,3.6365323066711426,-0.0021486282348632812
95,15,160,3.5612964630126953,3.56065034866333,-0.0006461143493652344
95,16,160,3.921389102935791,3.923760414123535,0.0023713111877441406
95,17,160,3.5919134616851807,3.5896713733673096,-0.0022420883178710938
95,18,160,2.9101085662841797,2.910737991333008,0.000629425048828125
95,19,160,2.5034892559051514,2.5035831928253174,9.393692016601562e-05
96,0,160,3.4124255180358887,3.4117698669433594,-0.0006556510925292969
96,1,160,3.5449578762054443,3.545367956161499,0.0004100799560546875
96,2,160,3.4617114067077637,3.462385892868042,0.0006744861602783203
96,3,160,3.000498056411743,3.0022006034851074,0.0017025470733642578
96,4,160,2.8379716873168945,2.8380396366119385,6.794929504394531e-05
96,5,160,3.348323106765747,3.3488106727600098,0.0004875659942626953
96,6,160,3.339444160461426,3.340851306915283,0.0014071464538574219
96,7,160,3.350605010986328,3.351024866104126,0.00041985511779785156
96,8,160,3.059028387069702,3.0610785484313965,0.002050161361694336
96,9,160,3.2808873653411865,3.2803425788879395,-0.0005447864532470703
96,10,160,3.503187656402588,3.504271984100342,0.0010843276977539062
96,11,160,3.1410646438598633,3.1394295692443848,-0.0016350746154785156
96,12,160,3.339723587036133,3.339914321899414,0.00019073486328125
96,13,160,3.8051559925079346,3.8083815574645996,0.003225564956665039
96,14,160,3.638680934906006,3.638389825820923,-0.0002911090850830078
96,15,160,3.5612964630126953,3.561638116836548,0.00034165382385253906
96,16,160,3.921389102935791,3.924041271209717,0.0026521682739257812
96,17,160,3.5919134616851807,3.5946850776672363,0.002771615982055664
96,18,160,2.9101085662841797,2.910816192626953,0.0007076263427734375
96,19,160,2.5034892559051514,2.5036606788635254,0.00017142295837402344
97,0,160,3.4124255180358887,3.4117918014526367,-0.0006337165832519531
97,1,160,3.5449578762054443,3.5435080528259277,-0.0014498233795166016
97,2,160,3.4617114067077637,3.4632792472839355,0.001567840576171875
97,3,160,3.000498056411743,3.0027077198028564,0.0022096633911132812
97,4,160,2.8379716873168945,2.83793306350708,-3.8623809814453125e-05
97,5,160,3.348323106765747,3.3488612174987793,0.0005381107330322266
97,6,160,3.339444160461426,3.3402817249298096,0.0008375644683837891
97,7,160,3.350605010986328,3.3531041145324707,0.002499103546142578
97,8,160,3.059028387069702,3.0599005222320557,0.0008721351623535156
97,9,160,3.2808873653411865,3.282454490661621,0.0015671253204345703
97,10,160,3.503187656402588,3.5036749839782715,0.00048732757568359375
97,11,160,3.1410646438598633,3.141359329223633,0.00029468536376953125
97,12,160,3.339723587036133,3.339829444885254,0.00010585784912109375
97,13,160,3.8051559925079346,3.807856798171997,0.0027008056640625
97,14,160,3.638680934906006,3.638209581375122,-0.00047135353088378906
97,15,160,3.5612964630126953,3.560636281967163,-0.0006601810455322266
97,16,160,3.921389102935791,3.922738552093506,0.0013494491577148438
97,17,160,3.5919134616851807,3.5953774452209473,0.0034639835357666016
97,18,160,2.9101085662841797,2.9104020595550537,0.00029349327087402344
97,19,160,2.5034892559051514,2.502187728881836,-0.0013015270233154297
98,0,160,3.4124255180358887,3.413010358810425,0.0005848407745361328
98,1,160,3.5449578762054443,3.545976400375366,0.001018524169921875
98,2,160,3.4617114067077637,3.4604756832122803,-0.0012357234954833984
98,3,160,3.000498056411743,2.9995903968811035,-0.0009076595306396484
98,4,160,2.8379716873168945,2.837315797805786,-0.0006558895111083984
98,5,160,3.348323106765747,3.3481600284576416,-0.00016307830810546875
98,6,160,3.339444160461426,3.339733839035034,0.00028967857360839844
98,7,160,3.350605010986328,3.3499033451080322,-0.0007016658782958984
98,8,160,3.059028387069702,3.057191848754883,-0.001836538314819336
98,9,160,3.2808873653411865,3.280588150024414,-0.00029921531677246094
98,10,160,3.503187656402588,3.5018489360809326,-0.0013387203216552734
98,11,160,3.1410646438598633,3.1434240341186523,0.0023593902587890625
98,12,160,3.339723587036133,3.340233087539673,0.0005095005035400391
98,13,160,3.8051559925079346,3.8057291507720947,0.0005731582641601562
98,14,160,3.638680934906006,3.638259172439575,-0.00042176246643066406
98,15,160,3.5612964630126953,3.5613744258880615,7.796287536621094e-05
98,16,160,3.921389102935791,3.9219141006469727,0.0005249977111816406
98,17,160,3.5919134616851807,3.5946977138519287,0.002784252166748047
98,18,160,2.9101085662841797,2.9130425453186035,0.002933979034423828
98,19,160,2.5034892559051514,2.5020251274108887,-0.0014641284942626953
99,0,160,3.4124255180358887,3.412667989730835,0.00024247169494628906
99,1,160,3.5449578762054443,3.54538631439209,0.0004284381866455078
99,2,160,3.4617114067077637,3.461749792098999,3.838539123535156e-05
99,3,160,3.000498056411743,3.00370454788208,0.003206491470336914
99,4,160,2.8379716873168945,2.8391263484954834,0.0011546611785888672
99,5,160,3.348323106765747,3.3484344482421875,0.00011134147644042969
99,6,160,3.339444160461426,3.339059829711914,-0.00038433074951171875
99,7,160,3.350605010986328,3.349069595336914,-0.0015354156494140625
99,8,160,3.059028387069702,3.0572943687438965,-0.001734018325805664
99,9,160,3.2808873653411865,3.280430555343628,-0.00045680999755859375
99,10,160,3.503187656402588,3.503274917602539,8.726119995117188e-05
99,11,160,3.1410646438598633,3.141211986541748,0.00014734268188476562
99,12,160,3.339723587036133,3.3388912677764893,-0.0008323192596435547
99,13,160,3.8051559925079346,3.8049800395965576,-0.00017595291137695312
99,14,160,3.638680934906006,3.63820743560791,-0.0004734992980957031
99,15,160,3.5612964630126953,3.560542583465576,-0.0007538795471191406
99,16,160,3.921389102935791,3.922612428665161,0.0012233257293701172
99,17,160,3.5919134616851807,3.591721296310425,-0.00019216537475585938
99,18,160,2.9101085662841797,2.909912347793579,-0.00019621849060058594
99,19,160,2.5034892559051514,2.502020835876465,-0.0014684200286865234
