subset,query,n_removed,baseline_loss,filtered_loss,loss_change
0,0,320,3.40600323677063,3.4072890281677246,0.0012857913970947266
0,1,320,3.5302278995513916,3.5292611122131348,-0.0009667873382568359
0,2,320,3.4479353427886963,3.447093963623047,-0.0008413791656494141
0,3,320,2.9904139041900635,2.9899892807006836,-0.0004246234893798828
0,4,320,2.8394577503204346,2.838979959487915,-0.00047779083251953125
0,5,320,3.3308308124542236,3.3308699131011963,3.910064697265625e-05
0,6,320,3.317845106124878,3.3203537464141846,0.0025086402893066406
0,7,320,3.34153413772583,3.3411262035369873,-0.00040793418884277344
0,8,320,3.0509579181671143,3.0511326789855957,0.0001747608184814453
0,9,320,3.275113344192505,3.276174545288086,0.0010612010955810547
0,10,320,3.489503860473633,3.4897782802581787,0.00027441978454589844
0,11,320,3.0907936096191406,3.0904386043548584,-0.00035500526428222656
0,12,320,3.327287197113037,3.3255884647369385,-0.0016987323760986328
0,13,320,3.8022046089172363,3.8034379482269287,0.0012333393096923828
0,14,320,3.6261394023895264,3.6260762214660645,-6.318092346191406e-05
0,15,320,3.5645182132720947,3.5659220218658447,0.00140380859375
0,16,320,3.9106411933898926,3.911036491394043,0.0003952980041503906
0,17,320,3.5231335163116455,3.5236876010894775,0.0005540847778320312
0,18,320,2.905329942703247,2.9051666259765625,-0.0001633167266845703
0,19,320,2.5039193630218506,2.503937005996704,1.7642974853515625e-05
1,0,320,3.40600323677063,3.405540704727173,-0.00046253204345703125
1,1,320,3.5302278995513916,3.530073881149292,-0.00015401840209960938
1,2,320,3.4479353427886963,3.448575258255005,0.0006399154663085938
1,3,320,2.9904139041900635,2.9900143146514893,-0.00039958953857421875
1,4,320,2.8394577503204346,2.8395862579345703,0.0001285076141357422
1,5,320,3.3308308124542236,3.332108974456787,0.0012781620025634766
1,6,320,3.317845106124878,3.3187384605407715,0.0008933544158935547
1,7,320,3.34153413772583,3.343284845352173,0.0017507076263427734
1,8,320,3.0509579181671143,3.050265073776245,-0.0006928443908691406
1,9,320,3.275113344192505,3.276625156402588,0.0015118122100830078
1,10,320,3.489503860473633,3.4900834560394287,0.0005795955657958984
1,11,320,3.0907936096191406,3.091186761856079,0.00039315223693847656
1,12,320,3.327287197113037,3.326284408569336,-0.0010027885437011719
1,13,320,3.8022046089172363,3.8026723861694336,0.0004677772521972656
1,14,320,3.6261394023895264,3.6246137619018555,-0.0015256404876708984
1,15,320,3.5645182132720947,3.564441442489624,-7.677078247070312e-05
1,16,320,3.9106411933898926,3.9110426902770996,0.00040149688720703125
1,17,320,3.5231335163116455,3.5233678817749023,0.00023436546325683594
1,18,320,2.905329942703247,2.9037604331970215,-0.001569509506225586
1,19,320,2.5039193630218506,2.5039217472076416,2.384185791015625e-06
2,0,320,3.40600323677063,3.405751943588257,-0.0002512931823730469
2,1,320,3.5302278995513916,3.533264636993408,0.0030367374420166016
2,2,320,3.4479353427886963,3.4475884437561035,-0.00034689903259277344
2,3,320,2.9904139041900635,2.9899933338165283,-0.00042057037353515625
2,4,320,2.8394577503204346,2.8397700786590576,0.0003123283386230469
2,5,320,3.3308308124542236,3.3310515880584717,0.00022077560424804688
2,6,320,3.317845106124878,3.318882703781128,0.00103759765625
2,7,320,3.34153413772583,3.3413853645324707,-0.000148773193359375
2,8,320,3.0509579181671143,3.051823854446411,0.000865936279296875
2,9,320,3.275113344192505,3.2741916179656982,-0.0009217262268066406
2,10,320,3.489503860473633,3.489528179168701,2.4318695068359375e-05
2,11,320,3.0907936096191406,3.0901684761047363,-0.0006251335144042969
2,12,320,3.327287197113037,3.3254904747009277,-0.001796722412109375
2,13,320,3.8022046089172363,3.8017354011535645,-0.000469207763671875
2,14,320,3.6261394023895264,3.626746892929077,0.0006074905395507812
2,15,320,3.5645182132720947,3.563372850418091,-0.0011453628540039062
2,16,320,3.9106411933898926,3.9103620052337646,-0.0002791881561279297
2,17,320,3.5231335163116455,3.52421498298645,0.0010814666748046875
2,18,320,2.905329942703247,2.905205726623535,-0.00012421607971191406
2,19,320,2.5039193630218506,2.50606632232666,0.0021469593048095703
3,0,320,3.40600323677063,3.4082999229431152,0.0022966861724853516
3,1,320,3.5302278995513916,3.530956268310547,0.0007283687591552734
3,2,320,3.4479353427886963,3.4466936588287354,-0.0012416839599609375
3,3,320,2.9904139041900635,2.989821195602417,-0.0005927085876464844
3,4,320,2.8394577503204346,2.839355230331421,-0.00010251998901367188
3,5,320,3.3308308124542236,3.328294038772583,-0.002536773681640625
3,6,320,3.317845106124878,3.317385196685791,-0.00045990943908691406
3,7,320,3.34153413772583,3.3428990840911865,0.0013649463653564453
3,8,320,3.0509579181671143,3.049395799636841,-0.0015621185302734375
3,9,320,3.275113344192505,3.274796724319458,-0.000316619873046875
3,10,320,3.489503860473633,3.48773455619812,-0.0017693042755126953
3,11,320,3.0907936096191406,3.0906054973602295,-0.0001881122589111328
3,12,320,3.327287197113037,3.3267784118652344,-0.0005087852478027344
3,13,320,3.8022046089172363,3.802738666534424,0.0005340576171875
3,14,320,3.6261394023895264,3.626563310623169,0.0004239082336425781
3,15,320,3.5645182132720947,3.5655791759490967,0.0010609626770019531
3,16,320,3.9106411933898926,3.9107229709625244,8.177757263183594e-05
3,17,320,3.5231335163116455,3.5231361389160156,2.6226043701171875e-06
3,18,320,2.905329942703247,2.9055087566375732,0.00017881393432617188
3,19,320,2.5039193630218506,2.505140781402588,0.0012214183807373047
4,0,320,3.40600323677063,3.4057836532592773,-0.00021958351135253906
4,1,320,3.5302278995513916,3.5298779010772705,-0.00034999847412109375
4,2,320,3.4479353427886963,3.449920892715454,0.0019855499267578125
4,3,320,2.9904139041900635,2.9897940158843994,-0.0006198883056640625
4,4,320,2.8394577503204346,2.8409583568573,0.0015006065368652344
4,5,320,3.3308308124542236,3.3320906162261963,0.0012598037719726562
4,6,320,3.317845106124878,3.318859577178955,0.0010144710540771484
4,7,320,3.34153413772583,3.3437469005584717,0.0022127628326416016
4,8,320,3.0509579181671143,3.054095506668091,0.0031375885009765625
4,9,320,3.275113344192505,3.2752699851989746,0.00015664100646972656
4,10,320,3.489503860473633,3.4914181232452393,0.0019142627716064453
4,11,320,3.0907936096191406,3.0947840213775635,0.0039904117584228516
4,12,320,3.327287197113037,3.3335535526275635,0.006266355514526367
4,13,320,3.8022046089172363,3.8019046783447266,-0.0002999305725097656
4,14,320,3.6261394023895264,3.6272826194763184,0.0011432170867919922
4,15,320,3.5645182132720947,3.564692258834839,0.00017404556274414062
4,16,320,3.9106411933898926,3.9102041721343994,-0.00043702125549316406
4,17,320,3.5231335163116455,3.521524667739868,-0.0016088485717773438
4,18,320,2.905329942703247,2.9037818908691406,-0.0015480518341064453
4,19,320,2.5039193630218506,2.504476547241211,0.0005571842193603516
5,0,320,3.40600323677063,3.405988931655884,-1.430511474609375e-05
5,1,320,3.5302278995513916,3.5291342735290527,-0.0010936260223388672
5,2,320,3.4479353427886963,3.4488344192504883,0.0008990764617919922
5,3,320,2.9904139041900635,2.9923336505889893,0.0019197463989257812
5,4,320,2.8394577503204346,2.8393232822418213,-0.00013446807861328125
5,5,320,3.3308308124542236,3.330909013748169,7.82012939453125e-05
5,6,320,3.317845106124878,3.317748546600342,-9.655952453613281e-05
5,7,320,3.34153413772583,3.342510938644409,0.0009768009185791016
5,8,320,3.0509579181671143,3.0515706539154053,0.0006127357482910156
5,9,320,3.275113344192505,3.2750558853149414,-5.745887756347656e-05
5,10,320,3.489503860473633,3.4901301860809326,0.0006263256072998047
5,11,320,3.0907936096191406,3.089489459991455,-0.0013041496276855469
5,12,320,3.327287197113037,3.3261935710906982,-0.0010936260223388672
5,13,320,3.8022046089172363,3.7998979091644287,-0.002306699752807617
5,14,320,3.6261394023895264,3.6244661808013916,-0.0016732215881347656
5,15,320,3.5645182132720947,3.5653343200683594,0.0008161067962646484
5,16,320,3.9106411933898926,3.9119455814361572,0.0013043880462646484
5,17,320,3.5231335163116455,3.5231587886810303,2.5272369384765625e-05
5,18,320,2.905329942703247,2.903538227081299,-0.0017917156219482422
5,19,320,2.5039193630218506,2.5023696422576904,-0.0015497207641601562
6,0,320,3.40600323677063,3.405862331390381,-0.00014090538024902344
6,1,320,3.5302278995513916,3.529863119125366,-0.0003647804260253906
6,2,320,3.4479353427886963,3.447087287902832,-0.0008480548858642578
6,3,320,2.9904139041900635,2.9921276569366455,0.0017137527465820312
6,4,320,2.8394577503204346,2.83730411529541,-0.002153635025024414
6,5,320,3.3308308124542236,3.3295738697052,-0.0012569427490234375
6,6,320,3.317845106124878,3.317789316177368,-5.5789947509765625e-05
6,7,320,3.34153413772583,3.3402059078216553,-0.0013282299041748047
6,8,320,3.0509579181671143,3.0520119667053223,0.0010540485382080078
6,9,320,3.275113344192505,3.2763659954071045,0.0012526512145996094
6,10,320,3.489503860473633,3.4893600940704346,-0.0001437664031982422
6,11,320,3.0907936096191406,3.088336706161499,-0.0024569034576416016
6,12,320,3.327287197113037,3.327178478240967,-0.0001087188720703125
6,13,320,3.8022046089172363,3.801603317260742,-0.0006012916564941406
6,14,320,3.6261394023895264,3.627678155899048,0.0015387535095214844
6,15,320,3.5645182132720947,3.563185453414917,-0.0013327598571777344
6,16,320,3.9106411933898926,3.9116907119750977,0.0010495185852050781
6,17,320,3.5231335163116455,3.5235958099365234,0.0004622936248779297
6,18,320,2.905329942703247,2.9064137935638428,0.0010838508605957031
6,19,320,2.5039193630218506,2.5037803649902344,-0.00013899803161621094
7,0,320,3.40600323677063,3.4050488471984863,-0.0009543895721435547
7,1,320,3.5302278995513916,3.531761646270752,0.0015337467193603516
7,2,320,3.4479353427886963,3.447786331176758,-0.00014901161193847656
7,3,320,2.9904139041900635,2.989952564239502,-0.00046133995056152344
7,4,320,2.8394577503204346,2.839359998703003,-9.775161743164062e-05
7,5,320,3.3308308124542236,3.330383539199829,-0.00044727325439453125
7,6,320,3.317845106124878,3.317549467086792,-0.0002956390380859375
7,7,320,3.34153413772583,3.34285044670105,0.0013163089752197266
7,8,320,3.0509579181671143,3.049499988555908,-0.0014579296112060547
7,9,320,3.275113344192505,3.2745838165283203,-0.0005295276641845703
7,10,320,3.489503860473633,3.4887523651123047,-0.000751495361328125
7,11,320,3.0907936096191406,3.0909290313720703,0.0001354217529296875
7,12,320,3.327287197113037,3.3275809288024902,0.000293731689453125
7,13,320,3.8022046089172363,3.8028271198272705,0.0006225109100341797
7,14,320,3.6261394023895264,3.6270439624786377,0.0009045600891113281
7,15,320,3.5645182132720947,3.5654008388519287,0.0008826255798339844
7,16,320,3.9106411933898926,3.9114174842834473,0.0007762908935546875
7,17,320,3.5231335163116455,3.5235965251922607,0.0004630088806152344
7,18,320,2.905329942703247,2.9074714183807373,0.0021414756774902344
7,19,320,2.5039193630218506,2.5044021606445312,0.00048279762268066406
8,0,320,3.40600323677063,3.4058268070220947,-0.00017642974853515625
8,1,320,3.5302278995513916,3.5299339294433594,-0.00029397010803222656
8,2,320,3.4479353427886963,3.4479165077209473,-1.8835067749023438e-05
8,3,320,2.9904139041900635,2.992032527923584,0.0016186237335205078
8,4,320,2.8394577503204346,2.839484214782715,2.6464462280273438e-05
8,5,320,3.3308308124542236,3.330061435699463,-0.0007693767547607422
8,6,320,3.317845106124878,3.3174004554748535,-0.00044465065002441406
8,7,320,3.34153413772583,3.342958688735962,0.001424551010131836
8,8,320,3.0509579181671143,3.0520920753479004,0.0011341571807861328
8,9,320,3.275113344192505,3.2754478454589844,0.0003345012664794922
8,10,320,3.489503860473633,3.490142583847046,0.0006387233734130859
8,11,320,3.0907936096191406,3.0901103019714355,-0.0006833076477050781
8,12,320,3.327287197113037,3.3262665271759033,-0.001020669937133789
8,13,320,3.8022046089172363,3.800689220428467,-0.0015153884887695312
8,14,320,3.6261394023895264,3.6268084049224854,0.0006690025329589844
8,15,320,3.5645182132720947,3.562347173690796,-0.002171039581298828
8,16,320,3.9106411933898926,3.908952474594116,-0.0016887187957763672
8,17,320,3.5231335163116455,3.523355007171631,0.00022149085998535156
8,18,320,2.905329942703247,2.905388355255127,5.841255187988281e-05
8,19,320,2.5039193630218506,2.5026345252990723,-0.0012848377227783203
9,0,320,3.40600323677063,3.405547857284546,-0.0004553794860839844
9,1,320,3.5302278995513916,3.5309815406799316,0.0007536411285400391
9,2,320,3.4479353427886963,3.447800874710083,-0.00013446807861328125
9,3,320,2.9904139041900635,2.9898500442504883,-0.0005638599395751953
9,4,320,2.8394577503204346,2.841872215270996,0.0024144649505615234
9,5,320,3.3308308124542236,3.3310580253601074,0.00022721290588378906
9,6,320,3.317845106124878,3.317092180252075,-0.0007529258728027344
9,7,320,3.34153413772583,3.342730760574341,0.0011966228485107422
9,8,320,3.0509579181671143,3.050891160964966,-6.67572021484375e-05
9,9,320,3.275113344192505,3.2745561599731445,-0.0005571842193603516
9,10,320,3.489503860473633,3.4888217449188232,-0.0006821155548095703
9,11,320,3.0907936096191406,3.0908970832824707,0.00010347366333007812
9,12,320,3.327287197113037,3.326761245727539,-0.0005259513854980469
9,13,320,3.8022046089172363,3.8024563789367676,0.00025177001953125
9,14,320,3.6261394023895264,3.626718282699585,0.0005788803100585938
9,15,320,3.5645182132720947,3.5651934146881104,0.000675201416015625
9,16,320,3.9106411933898926,3.910446882247925,-0.00019431114196777344
9,17,320,3.5231335163116455,3.5245320796966553,0.0013985633850097656
9,18,320,2.905329942703247,2.9052085876464844,-0.00012135505676269531
9,19,320,2.5039193630218506,2.505486488342285,0.0015671253204345703
10,0,320,3.40600323677063,3.4048681259155273,-0.001135110855102539
10,1,320,3.5302278995513916,3.5283546447753906,-0.0018732547760009766
10,2,320,3.4479353427886963,3.448794364929199,0.0008590221405029297
10,3,320,2.9904139041900635,2.990438938140869,2.5033950805664062e-05
10,4,320,2.8394577503204346,2.8391833305358887,-0.00027441978454589844
10,5,320,3.3308308124542236,3.3317909240722656,0.0009601116180419922
10,6,320,3.317845106124878,3.3172361850738525,-0.0006089210510253906
10,7,320,3.34153413772583,3.3413703441619873,-0.00016379356384277344
10,8,320,3.0509579181671143,3.051974058151245,0.0010161399841308594
10,9,320,3.275113344192505,3.2762508392333984,0.0011374950408935547
10,10,320,3.489503860473633,3.4916577339172363,0.0021538734436035156
10,11,320,3.0907936096191406,3.09234881401062,0.0015552043914794922
10,12,320,3.327287197113037,3.327876091003418,0.0005888938903808594
10,13,320,3.8022046089172363,3.801805257797241,-0.0003993511199951172
10,14,320,3.6261394023895264,3.6255342960357666,-0.0006051063537597656
10,15,320,3.5645182132720947,3.5642404556274414,-0.0002777576446533203
10,16,320,3.9106411933898926,3.913330078125,0.002688884735107422
10,17,320,3.5231335163116455,3.525038242340088,0.0019047260284423828
10,18,320,2.905329942703247,2.9060192108154297,0.0006892681121826172
10,19,320,2.5039193630218506,2.5037014484405518,-0.00021791458129882812
11,0,320,3.40600323677063,3.4065418243408203,0.0005385875701904297
11,1,320,3.5302278995513916,3.5290982723236084,-0.0011296272277832031
11,2,320,3.4479353427886963,3.4480948448181152,0.0001595020294189453
11,3,320,2.9904139041900635,2.9898712635040283,-0.0005426406860351562
11,4,320,2.8394577503204346,2.8404488563537598,0.0009911060333251953
11,5,320,3.3308308124542236,3.3301310539245605,-0.0006997585296630859
11,6,320,3.317845106124878,3.319009780883789,0.0011646747589111328
11,7,320,3.34153413772583,3.3425650596618652,0.0010309219360351562
11,8,320,3.0509579181671143,3.0522003173828125,0.0012423992156982422
11,9,320,3.275113344192505,3.2770631313323975,0.0019497871398925781
11,10,320,3.489503860473633,3.4909415245056152,0.0014376640319824219
11,11,320,3.0907936096191406,3.089691162109375,-0.001102447509765625
11,12,320,3.327287197113037,3.3273820877075195,9.489059448242188e-05
11,13,320,3.8022046089172363,3.802462100982666,0.0002574920654296875
11,14,320,3.6261394023895264,3.6248767375946045,-0.001262664794921875
11,15,320,3.5645182132720947,3.5653135776519775,0.0007953643798828125
11,16,320,3.9106411933898926,3.909417152404785,-0.0012240409851074219
11,17,320,3.5231335163116455,3.5226566791534424,-0.000476837158203125
11,18,320,2.905329942703247,2.904093027114868,-0.0012369155883789062
11,19,320,2.5039193630218506,2.5036706924438477,-0.0002486705780029297
12,0,320,3.40600323677063,3.406449794769287,0.00044655799865722656
12,1,320,3.5302278995513916,3.5313427448272705,0.0011148452758789062
12,2,320,3.4479353427886963,3.4476726055145264,-0.0002627372741699219
12,3,320,2.9904139041900635,2.99131441116333,0.0009005069732666016
12,4,320,2.8394577503204346,2.8395681381225586,0.00011038780212402344
12,5,320,3.3308308124542236,3.329807996749878,-0.0010228157043457031
12,6,320,3.317845106124878,3.3170385360717773,-0.0008065700531005859
12,7,320,3.34153413772583,3.3412067890167236,-0.0003273487091064453
12,8,320,3.0509579181671143,3.049844264984131,-0.0011136531829833984
12,9,320,3.275113344192505,3.275473117828369,0.0003597736358642578
12,10,320,3.489503860473633,3.4879956245422363,-0.0015082359313964844
12,11,320,3.0907936096191406,3.0905354022979736,-0.0002582073211669922
12,12,320,3.327287197113037,3.326035261154175,-0.0012519359588623047
12,13,320,3.8022046089172363,3.8038406372070312,0.0016360282897949219
12,14,320,3.6261394023895264,3.6275217533111572,0.0013823509216308594
12,15,320,3.5645182132720947,3.564016103744507,-0.0005021095275878906
12,16,320,3.9106411933898926,3.909090757369995,-0.001550436019897461
12,17,320,3.5231335163116455,3.5231757164001465,4.220008850097656e-05
12,18,320,2.905329942703247,2.9047045707702637,-0.0006253719329833984
12,19,320,2.5039193630218506,2.5030558109283447,-0.0008635520935058594
13,0,320,3.40600323677063,3.405444383621216,-0.0005588531494140625
13,1,320,3.5302278995513916,3.5295674800872803,-0.0006604194641113281
13,2,320,3.4479353427886963,3.447489023208618,-0.000446319580078125
13,3,320,2.9904139041900635,2.989410877227783,-0.0010030269622802734
13,4,320,2.8394577503204346,2.8389036655426025,-0.0005540847778320312
13,5,320,3.3308308124542236,3.3307573795318604,-7.343292236328125e-05
13,6,320,3.317845106124878,3.317751169204712,-9.393692016601562e-05
13,7,320,3.34153413772583,3.3404462337493896,-0.0010879039764404297
13,8,320,3.0509579181671143,3.0514931678771973,0.0005352497100830078
13,9,320,3.275113344192505,3.2748470306396484,-0.0002663135528564453
13,10,320,3.489503860473633,3.489213466644287,-0.0002903938293457031
13,11,320,3.0907936096191406,3.090336799621582,-0.00045680999755859375
13,12,320,3.327287197113037,3.3267791271209717,-0.0005080699920654297
13,13,320,3.8022046089172363,3.8032236099243164,0.0010190010070800781
13,14,320,3.6261394023895264,3.626616954803467,0.0004775524139404297
13,15,320,3.5645182132720947,3.564899444580078,0.00038123130798339844
13,16,320,3.9106411933898926,3.909838914871216,-0.0008022785186767578
13,17,320,3.5231335163116455,3.523198127746582,6.461143493652344e-05
13,18,320,2.905329942703247,2.9038045406341553,-0.0015254020690917969
13,19,320,2.5039193630218506,2.5065157413482666,0.0025963783264160156
14,0,320,3.40600323677063,3.4053781032562256,-0.0006251335144042969
14,1,320,3.5302278995513916,3.5293338298797607,-0.0008940696716308594
14,2,320,3.4479353427886963,3.4472453594207764,-0.0006899833679199219
14,3,320,2.9904139041900635,2.990879774093628,0.0004658699035644531
14,4,320,2.8394577503204346,2.8400163650512695,0.0005586147308349609
14,5,320,3.3308308124542236,3.3322715759277344,0.0014407634735107422
14,6,320,3.317845106124878,3.3205838203430176,0.0027387142181396484
14,7,320,3.34153413772583,3.3409831523895264,-0.0005509853363037109
14,8,320,3.0509579181671143,3.051881790161133,0.0009238719940185547
14,9,320,3.275113344192505,3.275007486343384,-0.00010585784912109375
14,10,320,3.489503860473633,3.4904890060424805,0.0009851455688476562
14,11,320,3.0907936096191406,3.090256690979004,-0.0005369186401367188
14,12,320,3.327287197113037,3.3327465057373047,0.005459308624267578
14,13,320,3.8022046089172363,3.800899028778076,-0.0013055801391601562
14,14,320,3.6261394023895264,3.6254661083221436,-0.0006732940673828125
14,15,320,3.5645182132720947,3.565077543258667,0.0005593299865722656
14,16,320,3.9106411933898926,3.9109129905700684,0.00027179718017578125
14,17,320,3.5231335163116455,3.522101402282715,-0.001032114028930664
14,18,320,2.905329942703247,2.9052491188049316,-8.082389831542969e-05
14,19,320,2.5039193630218506,2.505305528640747,0.0013861656188964844
15,0,320,3.40600323677063,3.4048850536346436,-0.0011181831359863281
15,1,320,3.5302278995513916,3.528158664703369,-0.002069234848022461
15,2,320,3.4479353427886963,3.448293447494507,0.0003581047058105469
15,3,320,2.9904139041900635,2.9897348880767822,-0.00067901611328125
15,4,320,2.8394577503204346,2.8397135734558105,0.00025582313537597656
15,5,320,3.3308308124542236,3.3304874897003174,-0.00034332275390625
15,6,320,3.317845106124878,3.3187317848205566,0.0008866786956787109
15,7,320,3.34153413772583,3.3420729637145996,0.0005388259887695312
15,8,320,3.0509579181671143,3.0512924194335938,0.0003345012664794922
15,9,320,3.275113344192505,3.2750203609466553,-9.298324584960938e-05
15,10,320,3.489503860473633,3.4891419410705566,-0.0003619194030761719
15,11,320,3.0907936096191406,3.0904839038848877,-0.0003097057342529297
15,12,320,3.327287197113037,3.328139543533325,0.0008523464202880859
15,13,320,3.8022046089172363,3.8016152381896973,-0.0005893707275390625
15,14,320,3.6261394023895264,3.6273903846740723,0.0012509822845458984
15,15,320,3.5645182132720947,3.5639538764953613,-0.0005643367767333984
15,16,320,3.9106411933898926,3.9107890129089355,0.00014781951904296875
15,17,320,3.5231335163116455,3.523433208465576,0.00029969215393066406
15,18,320,2.905329942703247,2.903754234313965,-0.0015757083892822266
15,19,320,2.5039193630218506,2.500905990600586,-0.0030133724212646484
16,0,320,3.40600323677063,3.4053847789764404,-0.0006184577941894531
16,1,320,3.5302278995513916,3.5321505069732666,0.001922607421875
16,2,320,3.4479353427886963,3.446352243423462,-0.001583099365234375
16,3,320,2.9904139041900635,2.9901576042175293,-0.0002562999725341797
16,4,320,2.8394577503204346,2.8410327434539795,0.0015749931335449219
16,5,320,3.3308308124542236,3.330077886581421,-0.0007529258728027344
16,6,320,3.317845106124878,3.3177011013031006,-0.00014400482177734375
16,7,320,3.34153413772583,3.3423638343811035,0.0008296966552734375
16,8,320,3.0509579181671143,3.0512616634368896,0.0003037452697753906
16,9,320,3.275113344192505,3.2731873989105225,-0.0019259452819824219
16,10,320,3.489503860473633,3.488227605819702,-0.001276254653930664
16,11,320,3.0907936096191406,3.0919840335845947,0.0011904239654541016
16,12,320,3.327287197113037,3.3274881839752197,0.0002009868621826172
16,13,320,3.8022046089172363,3.8004133701324463,-0.001791238784790039
16,14,320,3.6261394023895264,3.6258597373962402,-0.0002796649932861328
16,15,320,3.5645182132720947,3.5663695335388184,0.0018513202667236328
16,16,320,3.9106411933898926,3.9103634357452393,-0.0002777576446533203
16,17,320,3.5231335163116455,3.523531436920166,0.0003979206085205078
16,18,320,2.905329942703247,2.90575909614563,0.0004291534423828125
16,19,320,2.5039193630218506,2.5057005882263184,0.0017812252044677734
17,0,320,3.40600323677063,3.406826972961426,0.0008237361907958984
17,1,320,3.5302278995513916,3.531675338745117,0.001447439193725586
17,2,320,3.4479353427886963,3.447796106338501,-0.0001392364501953125
17,3,320,2.9904139041900635,2.990169048309326,-0.0002448558807373047
17,4,320,2.8394577503204346,2.840388298034668,0.0009305477142333984
17,5,320,3.3308308124542236,3.331285238265991,0.0004544258117675781
17,6,320,3.317845106124878,3.317512273788452,-0.00033283233642578125
17,7,320,3.34153413772583,3.3416097164154053,7.557868957519531e-05
17,8,320,3.0509579181671143,3.0501766204833984,-0.0007812976837158203
17,9,320,3.275113344192505,3.2747395038604736,-0.00037384033203125
17,10,320,3.489503860473633,3.4879119396209717,-0.0015919208526611328
17,11,320,3.0907936096191406,3.0913403034210205,0.0005466938018798828
17,12,320,3.327287197113037,3.32694411277771,-0.00034308433532714844
17,13,320,3.8022046089172363,3.8005948066711426,-0.00160980224609375
17,14,320,3.6261394023895264,3.6249730587005615,-0.0011663436889648438
17,15,320,3.5645182132720947,3.565152168273926,0.0006339550018310547
17,16,320,3.9106411933898926,3.910229206085205,-0.0004119873046875
17,17,320,3.5231335163116455,3.523420572280884,0.00028705596923828125
17,18,320,2.905329942703247,2.9056639671325684,0.00033402442932128906
17,19,320,2.5039193630218506,2.506251573562622,0.0023322105407714844
18,0,320,3.40600323677063,3.405282497406006,-0.0007207393646240234
18,1,320,3.5302278995513916,3.530543088912964,0.0003151893615722656
18,2,320,3.4479353427886963,3.4468746185302734,-0.0010607242584228516
18,3,320,2.9904139041900635,2.98895001411438,-0.0014638900756835938
18,4,320,2.8394577503204346,2.8401663303375244,0.0007085800170898438
18,5,320,3.3308308124542236,3.3311779499053955,0.000347137451171875
18,6,320,3.317845106124878,3.3192861080169678,0.0014410018920898438
18,7,320,3.34153413772583,3.340132474899292,-0.001401662826538086
18,8,320,3.0509579181671143,3.050525188446045,-0.00043272972106933594
18,9,320,3.275113344192505,3.275083541870117,-2.9802322387695312e-05
18,10,320,3.489503860473633,3.4890098571777344,-0.0004940032958984375
18,11,320,3.0907936096191406,3.0902116298675537,-0.0005819797515869141
18,12,320,3.327287197113037,3.326875925064087,-0.0004112720489501953
18,13,320,3.8022046089172363,3.802006483078003,-0.00019812583923339844
18,14,320,3.6261394023895264,3.625763416290283,-0.00037598609924316406
18,15,320,3.5645182132720947,3.5652267932891846,0.0007085800170898438
18,16,320,3.9106411933898926,3.9120194911956787,0.0013782978057861328
18,17,320,3.5231335163116455,3.522451400756836,-0.0006821155548095703
18,18,320,2.905329942703247,2.9067471027374268,0.0014171600341796875
18,19,320,2.5039193630218506,2.5053086280822754,0.0013892650604248047
19,0,320,3.40600323677063,3.406236410140991,0.00023317337036132812
19,1,320,3.5302278995513916,3.529348611831665,-0.0008792877197265625
19,2,320,3.4479353427886963,3.4481303691864014,0.00019502639770507812
19,3,320,2.9904139041900635,2.98923921585083,-0.0011746883392333984
19,4,320,2.8394577503204346,2.8399837017059326,0.0005259513854980469
19,5,320,3.3308308124542236,3.332854986190796,0.0020241737365722656
19,6,320,3.317845106124878,3.32026743888855,0.002422332763671875
19,7,320,3.34153413772583,3.341352701187134,-0.00018143653869628906
19,8,320,3.0509579181671143,3.0508058071136475,-0.00015211105346679688
19,9,320,3.275113344192505,3.276444911956787,0.0013315677642822266
19,10,320,3.489503860473633,3.4909327030181885,0.001428842544555664
19,11,320,3.0907936096191406,3.089637279510498,-0.0011563301086425781
19,12,320,3.327287197113037,3.326725959777832,-0.0005612373352050781
19,13,320,3.8022046089172363,3.8031225204467773,0.0009179115295410156
19,14,320,3.6261394023895264,3.626509666442871,0.00037026405334472656
19,15,320,3.5645182132720947,3.5645079612731934,-1.0251998901367188e-05
19,16,320,3.9106411933898926,3.9111204147338867,0.0004792213439941406
19,17,320,3.5231335163116455,3.523005723953247,-0.0001277923583984375
19,18,320,2.905329942703247,2.904595375061035,-0.0007345676422119141
19,19,320,2.5039193630218506,2.5060760974884033,0.0021567344665527344
20,0,320,3.40600323677063,3.4048070907592773,-0.001196146011352539
20,1,320,3.5302278995513916,3.5313048362731934,0.0010769367218017578
20,2,320,3.4479353427886963,3.4467012882232666,-0.0012340545654296875
20,3,320,2.9904139041900635,2.991222858428955,0.0008089542388916016
20,4,320,2.8394577503204346,2.8396990299224854,0.00024127960205078125
20,5,320,3.3308308124542236,3.333122491836548,0.0022916793823242188
20,6,320,3.317845106124878,3.3169662952423096,-0.0008788108825683594
20,7,320,3.34153413772583,3.3432798385620117,0.0017457008361816406
20,8,320,3.0509579181671143,3.0516324043273926,0.0006744861602783203
20,9,320,3.275113344192505,3.275009870529175,-0.00010347366333007812
20,10,320,3.489503860473633,3.490198850631714,0.0006949901580810547
20,11,320,3.0907936096191406,3.092071533203125,0.001277923583984375
20,12,320,3.327287197113037,3.3260645866394043,-0.0012226104736328125
20,13,320,3.8022046089172363,3.8023407459259033,0.0001361370086669922
20,14,320,3.6261394023895264,3.6281604766845703,0.0020210742950439453
20,15,320,3.5645182132720947,3.5656042098999023,0.0010859966278076172
20,16,320,3.9106411933898926,3.9102470874786377,-0.0003941059112548828
20,17,320,3.5231335163116455,3.524514675140381,0.0013811588287353516
20,18,320,2.905329942703247,2.9049758911132812,-0.0003540515899658203
20,19,320,2.5039193630218506,2.5039279460906982,8.58306884765625e-06
21,0,320,3.40600323677063,3.4069931507110596,0.0009899139404296875
21,1,320,3.5302278995513916,3.5307536125183105,0.0005257129669189453
21,2,320,3.4479353427886963,3.448298454284668,0.0003631114959716797
21,3,320,2.9904139041900635,2.9913902282714844,0.0009763240814208984
21,4,320,2.8394577503204346,2.840872287750244,0.0014145374298095703
21,5,320,3.3308308124542236,3.3313794136047363,0.0005486011505126953
21,6,320,3.317845106124878,3.318592071533203,0.0007469654083251953
21,7,320,3.34153413772583,3.34232497215271,0.0007908344268798828
21,8,320,3.0509579181671143,3.0530495643615723,0.002091646194458008
21,9,320,3.275113344192505,3.27517032623291,5.698204040527344e-05
21,10,320,3.489503860473633,3.4898605346679688,0.0003566741943359375
21,11,320,3.0907936096191406,3.0916616916656494,0.0008680820465087891
21,12,320,3.327287197113037,3.3276002407073975,0.00031304359436035156
21,13,320,3.8022046089172363,3.801870107650757,-0.0003345012664794922
21,14,320,3.6261394023895264,3.626913070678711,0.0007736682891845703
21,15,320,3.5645182132720947,3.565438985824585,0.0009207725524902344
21,16,320,3.9106411933898926,3.9115025997161865,0.0008614063262939453
21,17,320,3.5231335163116455,3.522012948989868,-0.0011205673217773438
21,18,320,2.905329942703247,2.906057834625244,0.0007278919219970703
21,19,320,2.5039193630218506,2.503108501434326,-0.0008108615875244141
22,0,320,3.40600323677063,3.4064812660217285,0.0004780292510986328
22,1,320,3.5302278995513916,3.528557538986206,-0.0016703605651855469
22,2,320,3.4479353427886963,3.446676731109619,-0.0012586116790771484
22,3,320,2.9904139041900635,2.991485357284546,0.0010714530944824219
22,4,320,2.8394577503204346,2.839690923690796,0.00023317337036132812
22,5,320,3.3308308124542236,3.331709623336792,0.0008788108825683594
22,6,320,3.317845106124878,3.3176259994506836,-0.00021910667419433594
22,7,320,3.34153413772583,3.3416554927825928,0.00012135505676269531
22,8,320,3.0509579181671143,3.051356792449951,0.00039887428283691406
22,9,320,3.275113344192505,3.2750465869903564,-6.67572021484375e-05
22,10,320,3.489503860473633,3.4896624088287354,0.00015854835510253906
22,11,320,3.0907936096191406,3.0915236473083496,0.0007300376892089844
22,12,320,3.327287197113037,3.3272976875305176,1.049041748046875e-05
22,13,320,3.8022046089172363,3.8007850646972656,-0.0014195442199707031
22,14,320,3.6261394023895264,3.6273815631866455,0.0012421607971191406
22,15,320,3.5645182132720947,3.5649619102478027,0.0004436969757080078
22,16,320,3.9106411933898926,3.912104606628418,0.0014634132385253906
22,17,320,3.5231335163116455,3.523651599884033,0.0005180835723876953
22,18,320,2.905329942703247,2.905320882797241,-9.059906005859375e-06
22,19,320,2.5039193630218506,2.503586769104004,-0.0003325939178466797
23,0,320,3.40600323677063,3.407870292663574,0.001867055892944336
23,1,320,3.5302278995513916,3.5305283069610596,0.00030040740966796875
23,2,320,3.4479353427886963,3.454245090484619,0.0063097476959228516
23,3,320,2.9904139041900635,2.9915709495544434,0.0011570453643798828
23,4,320,2.8394577503204346,2.840440034866333,0.0009822845458984375
23,5,320,3.3308308124542236,3.332765817642212,0.0019350051879882812
23,6,320,3.317845106124878,3.3175811767578125,-0.0002639293670654297
23,7,320,3.34153413772583,3.341041088104248,-0.0004930496215820312
23,8,320,3.0509579181671143,3.0531811714172363,0.0022232532501220703
23,9,320,3.275113344192505,3.276963233947754,0.0018498897552490234
23,10,320,3.489503860473633,3.4916229248046875,0.0021190643310546875
23,11,320,3.0907936096191406,3.0922768115997314,0.0014832019805908203
23,12,320,3.327287197113037,3.3281702995300293,0.0008831024169921875
23,13,320,3.8022046089172363,3.8022916316986084,8.702278137207031e-05
23,14,320,3.6261394023895264,3.6259384155273438,-0.0002009868621826172
23,15,320,3.5645182132720947,3.563770294189453,-0.0007479190826416016
23,16,320,3.9106411933898926,3.911261796951294,0.0006206035614013672
23,17,320,3.5231335163116455,3.523023843765259,-0.00010967254638671875
23,18,320,2.905329942703247,2.904862880706787,-0.00046706199645996094
23,19,320,2.5039193630218506,2.5019543170928955,-0.001965045928955078
24,0,320,3.40600323677063,3.407733678817749,0.0017304420471191406
24,1,320,3.5302278995513916,3.529664993286133,-0.0005629062652587891
24,2,320,3.4479353427886963,3.449373483657837,0.001438140869140625
24,3,320,2.9904139041900635,2.9894587993621826,-0.0009551048278808594
24,4,320,2.8394577503204346,2.839675188064575,0.000217437744140625
24,5,320,3.3308308124542236,3.328740358352661,-0.0020904541015625
24,6,320,3.317845106124878,3.318143606185913,0.00029850006103515625
24,7,320,3.34153413772583,3.3425333499908447,0.0009992122650146484
24,8,320,3.0509579181671143,3.0497424602508545,-0.0012154579162597656
24,9,320,3.275113344192505,3.2742936611175537,-0.0008196830749511719
24,10,320,3.489503860473633,3.4882731437683105,-0.0012307167053222656
24,11,320,3.0907936096191406,3.0908396244049072,4.601478576660156e-05
24,12,320,3.327287197113037,3.3270089626312256,-0.00027823448181152344
24,13,320,3.8022046089172363,3.8027992248535156,0.0005946159362792969
24,14,320,3.6261394023895264,3.6258416175842285,-0.00029778480529785156
24,15,320,3.5645182132720947,3.5638792514801025,-0.0006389617919921875
24,16,320,3.9106411933898926,3.9102771282196045,-0.00036406517028808594
24,17,320,3.5231335163116455,3.5245730876922607,0.0014395713806152344
24,18,320,2.905329942703247,2.9059953689575195,0.0006654262542724609
24,19,320,2.5039193630218506,2.5050363540649414,0.0011169910430908203
25,0,320,3.40600323677063,3.406989336013794,0.0009860992431640625
25,1,320,3.5302278995513916,3.529803991317749,-0.0004239082336425781
25,2,320,3.4479353427886963,3.449268341064453,0.001332998275756836
25,3,320,2.9904139041900635,2.9917490482330322,0.00133514404296875
25,4,320,2.8394577503204346,2.838167190551758,-0.0012905597686767578
25,5,320,3.3308308124542236,3.331873893737793,0.001043081283569336
25,6,320,3.317845106124878,3.3185932636260986,0.0007481575012207031
25,7,320,3.34153413772583,3.340500593185425,-0.0010335445404052734
25,8,320,3.0509579181671143,3.053705930709839,0.0027480125427246094
25,9,320,3.275113344192505,3.2766568660736084,0.0015435218811035156
25,10,320,3.489503860473633,3.489884614944458,0.0003807544708251953
25,11,320,3.0907936096191406,3.092424154281616,0.001630544662475586
25,12,320,3.327287197113037,3.3284924030303955,0.0012052059173583984
25,13,320,3.8022046089172363,3.802403688430786,0.0001990795135498047
25,14,320,3.6261394023895264,3.625980854034424,-0.00015854835510253906
25,15,320,3.5645182132720947,3.565248727798462,0.0007305145263671875
25,16,320,3.9106411933898926,3.910148859024048,-0.0004923343658447266
25,17,320,3.5231335163116455,3.5233943462371826,0.0002608299255371094
25,18,320,2.905329942703247,2.9070351123809814,0.001705169677734375
25,19,320,2.5039193630218506,2.5054430961608887,0.001523733139038086
26,0,320,3.40600323677063,3.4060568809509277,5.364418029785156e-05
26,1,320,3.5302278995513916,3.529688835144043,-0.0005390644073486328
26,2,320,3.4479353427886963,3.4477031230926514,-0.00023221969604492188
26,3,320,2.9904139041900635,2.989748477935791,-0.0006654262542724609
26,4,320,2.8394577503204346,2.839069128036499,-0.0003886222839355469
26,5,320,3.3308308124542236,3.3295347690582275,-0.0012960433959960938
26,6,320,3.317845106124878,3.31589937210083,-0.0019457340240478516
26,7,320,3.34153413772583,3.3412513732910156,-0.0002827644348144531
26,8,320,3.0509579181671143,3.051513671875,0.0005557537078857422
26,9,320,3.275113344192505,3.275346517562866,0.00023317337036132812
26,10,320,3.489503860473633,3.4886891841888428,-0.0008146762847900391
26,11,320,3.0907936096191406,3.0919148921966553,0.0011212825775146484
26,12,320,3.327287197113037,3.3269243240356445,-0.0003628730773925781
26,13,320,3.8022046089172363,3.800929546356201,-0.0012750625610351562
26,14,320,3.6261394023895264,3.626957416534424,0.0008180141448974609
26,15,320,3.5645182132720947,3.5629594326019287,-0.0015587806701660156
26,16,320,3.9106411933898926,3.910968065261841,0.0003268718719482422
26,17,320,3.5231335163116455,3.5229249000549316,-0.0002086162567138672
26,18,320,2.905329942703247,2.9043116569519043,-0.0010182857513427734
26,19,320,2.5039193630218506,2.5040230751037598,0.00010371208190917969
27,0,320,3.40600323677063,3.4055016040802,-0.0005016326904296875
27,1,320,3.5302278995513916,3.529280662536621,-0.0009472370147705078
27,2,320,3.4479353427886963,3.4488701820373535,0.0009348392486572266
27,3,320,2.9904139041900635,2.990736722946167,0.0003228187561035156
27,4,320,2.8394577503204346,2.840301036834717,0.0008432865142822266
27,5,320,3.3308308124542236,3.331172466278076,0.00034165382385253906
27,6,320,3.317845106124878,3.3185791969299316,0.0007340908050537109
27,7,320,3.34153413772583,3.341902494430542,0.00036835670471191406
27,8,320,3.0509579181671143,3.051354169845581,0.0003962516784667969
27,9,320,3.275113344192505,3.2757437229156494,0.0006303787231445312
27,10,320,3.489503860473633,3.489016056060791,-0.0004878044128417969
27,11,320,3.0907936096191406,3.0927486419677734,0.0019550323486328125
27,12,320,3.327287197113037,3.3279201984405518,0.0006330013275146484
27,13,320,3.8022046089172363,3.8028647899627686,0.0006601810455322266
27,14,320,3.6261394023895264,3.62595534324646,-0.00018405914306640625
27,15,320,3.5645182132720947,3.5662357807159424,0.0017175674438476562
27,16,320,3.9106411933898926,3.9127352237701416,0.0020940303802490234
27,17,320,3.5231335163116455,3.5250022411346436,0.0018687248229980469
27,18,320,2.905329942703247,2.9057705402374268,0.0004405975341796875
27,19,320,2.5039193630218506,2.502747058868408,-0.0011723041534423828
28,0,320,3.40600323677063,3.4066765308380127,0.0006732940673828125
28,1,320,3.5302278995513916,3.5318408012390137,0.0016129016876220703
28,2,320,3.4479353427886963,3.449354887008667,0.0014195442199707031
28,3,320,2.9904139041900635,2.992487907409668,0.002074003219604492
28,4,320,2.8394577503204346,2.8395657539367676,0.00010800361633300781
28,5,320,3.3308308124542236,3.329913854598999,-0.0009169578552246094
28,6,320,3.317845106124878,3.317605972290039,-0.0002391338348388672
28,7,320,3.34153413772583,3.342144250869751,0.0006101131439208984
28,8,320,3.0509579181671143,3.0518476963043213,0.0008897781372070312
28,9,320,3.275113344192505,3.2765190601348877,0.0014057159423828125
28,10,320,3.489503860473633,3.4891483783721924,-0.0003554821014404297
28,11,320,3.0907936096191406,3.0912399291992188,0.000446319580078125
28,12,320,3.327287197113037,3.328249931335449,0.0009627342224121094
28,13,320,3.8022046089172363,3.802380323410034,0.00017571449279785156
28,14,320,3.6261394023895264,3.6268701553344727,0.0007307529449462891
28,15,320,3.5645182132720947,3.5667061805725098,0.002187967300415039
28,16,320,3.9106411933898926,3.911884307861328,0.0012431144714355469
28,17,320,3.5231335163116455,3.523693084716797,0.0005595684051513672
28,18,320,2.905329942703247,2.904968023300171,-0.0003619194030761719
28,19,320,2.5039193630218506,2.5054519176483154,0.0015325546264648438
29,0,320,3.40600323677063,3.4046828746795654,-0.0013203620910644531
29,1,320,3.5302278995513916,3.529452323913574,-0.0007755756378173828
29,2,320,3.4479353427886963,3.448859453201294,0.0009241104125976562
29,3,320,2.9904139041900635,2.990971326828003,0.0005574226379394531
29,4,320,2.8394577503204346,2.838118076324463,-0.0013396739959716797
29,5,320,3.3308308124542236,3.3332908153533936,0.002460002899169922
29,6,320,3.317845106124878,3.3168158531188965,-0.0010292530059814453
29,7,320,3.34153413772583,3.342926502227783,0.001392364501953125
29,8,320,3.0509579181671143,3.0509402751922607,-1.7642974853515625e-05
29,9,320,3.275113344192505,3.2761406898498535,0.0010273456573486328
29,10,320,3.489503860473633,3.490598201751709,0.0010943412780761719
29,11,320,3.0907936096191406,3.092087745666504,0.0012941360473632812
29,12,320,3.327287197113037,3.3285512924194336,0.0012640953063964844
29,13,320,3.8022046089172363,3.8042824268341064,0.002077817916870117
29,14,320,3.6261394023895264,3.627249002456665,0.0011096000671386719
29,15,320,3.5645182132720947,3.5629231929779053,-0.0015950202941894531
29,16,320,3.9106411933898926,3.9099836349487305,-0.0006575584411621094
29,17,320,3.5231335163116455,3.5235373973846436,0.0004038810729980469
29,18,320,2.905329942703247,2.9063360691070557,0.0010061264038085938
29,19,320,2.5039193630218506,2.5033042430877686,-0.0006151199340820312
30,0,320,3.40600323677063,3.4059765338897705,-2.6702880859375e-05
30,1,320,3.5302278995513916,3.5290021896362305,-0.0012257099151611328
30,2,320,3.4479353427886963,3.4488940238952637,0.0009586811065673828
30,3,320,2.9904139041900635,2.990513801574707,9.989738464355469e-05
30,4,320,2.8394577503204346,2.8401176929473877,0.000659942626953125
30,5,320,3.3308308124542236,3.331113815307617,0.0002830028533935547
30,6,320,3.317845106124878,3.3174943923950195,-0.00035071372985839844
30,7,320,3.34153413772583,3.3434324264526367,0.0018982887268066406
30,8,320,3.0509579181671143,3.050347089767456,-0.0006108283996582031
30,9,320,3.275113344192505,3.276273727416992,0.0011603832244873047
30,10,320,3.489503860473633,3.488816261291504,-0.0006875991821289062
30,11,320,3.0907936096191406,3.0921826362609863,0.0013890266418457031
30,12,320,3.327287197113037,3.326467275619507,-0.0008199214935302734
30,13,320,3.8022046089172363,3.803192615509033,0.000988006591796875
30,14,320,3.6261394023895264,3.626422643661499,0.00028324127197265625
30,15,320,3.5645182132720947,3.563593864440918,-0.0009243488311767578
30,16,320,3.9106411933898926,3.90952730178833,-0.0011138916015625
30,17,320,3.5231335163116455,3.5238118171691895,0.0006783008575439453
30,18,320,2.905329942703247,2.904813528060913,-0.0005164146423339844
30,19,320,2.5039193630218506,2.5028841495513916,-0.0010352134704589844
31,0,320,3.40600323677063,3.404933214187622,-0.0010700225830078125
31,1,320,3.5302278995513916,3.5298221111297607,-0.0004057884216308594
31,2,320,3.4479353427886963,3.450345993041992,0.0024106502532958984
31,3,320,2.9904139041900635,2.9917707443237305,0.0013568401336669922
31,4,320,2.8394577503204346,2.840045213699341,0.00058746337890625
31,5,320,3.3308308124542236,3.331688642501831,0.0008578300476074219
31,6,320,3.317845106124878,3.3193588256835938,0.0015137195587158203
31,7,320,3.34153413772583,3.341853618621826,0.00031948089599609375
31,8,320,3.0509579181671143,3.0523979663848877,0.0014400482177734375
31,9,320,3.275113344192505,3.2754693031311035,0.0003559589385986328
31,10,320,3.489503860473633,3.4888644218444824,-0.0006394386291503906
31,11,320,3.0907936096191406,3.090564727783203,-0.0002288818359375
31,12,320,3.327287197113037,3.32822585105896,0.0009386539459228516
31,13,320,3.8022046089172363,3.8013927936553955,-0.0008118152618408203
31,14,320,3.6261394023895264,3.626932382583618,0.0007929801940917969
31,15,320,3.5645182132720947,3.565769910812378,0.0012516975402832031
31,16,320,3.9106411933898926,3.910722494125366,8.130073547363281e-05
31,17,320,3.5231335163116455,3.5239102840423584,0.0007767677307128906
31,18,320,2.905329942703247,2.9039387702941895,-0.0013911724090576172
31,19,320,2.5039193630218506,2.502268075942993,-0.0016512870788574219
32,0,320,3.40600323677063,3.405366897583008,-0.0006363391876220703
32,1,320,3.5302278995513916,3.529995918273926,-0.0002319812774658203
32,2,320,3.4479353427886963,3.4494516849517822,0.0015163421630859375
32,3,320,2.9904139041900635,2.9894773960113525,-0.0009365081787109375
32,4,320,2.8394577503204346,2.8397886753082275,0.00033092498779296875
32,5,320,3.3308308124542236,3.3311610221862793,0.00033020973205566406
32,6,320,3.317845106124878,3.318194627761841,0.0003495216369628906
32,7,320,3.34153413772583,3.3410139083862305,-0.0005202293395996094
32,8,320,3.0509579181671143,3.0511176586151123,0.00015974044799804688
32,9,320,3.275113344192505,3.2762908935546875,0.0011775493621826172
32,10,320,3.489503860473633,3.4885170459747314,-0.0009868144989013672
32,11,320,3.0907936096191406,3.0905203819274902,-0.0002732276916503906
32,12,320,3.327287197113037,3.327939987182617,0.0006527900695800781
32,13,320,3.8022046089172363,3.802304267883301,9.965896606445312e-05
32,14,320,3.6261394023895264,3.627302885055542,0.001163482666015625
32,15,320,3.5645182132720947,3.56510591506958,0.0005877017974853516
32,16,320,3.9106411933898926,3.9126501083374023,0.0020089149475097656
32,17,320,3.5231335163116455,3.523214340209961,8.082389831542969e-05
32,18,320,2.905329942703247,2.9055373668670654,0.00020742416381835938
32,19,320,2.5039193630218506,2.50551438331604,0.0015950202941894531
33,0,320,3.40600323677063,3.4079372882843018,0.001934051513671875
33,1,320,3.5302278995513916,3.5306458473205566,0.00041794776916503906
33,2,320,3.4479353427886963,3.4474997520446777,-0.0004355907440185547
33,3,320,2.9904139041900635,2.98797869682312,-0.0024352073669433594
33,4,320,2.8394577503204346,2.840116500854492,0.0006587505340576172
33,5,320,3.3308308124542236,3.3286149501800537,-0.002215862274169922
33,6,320,3.317845106124878,3.3177590370178223,-8.606910705566406e-05
33,7,320,3.34153413772583,3.34254789352417,0.0010137557983398438
33,8,320,3.0509579181671143,3.051201105117798,0.00024318695068359375
33,9,320,3.275113344192505,3.273831605911255,-0.00128173828125
33,10,320,3.489503860473633,3.489532470703125,2.86102294921875e-05
33,11,320,3.0907936096191406,3.0901737213134766,-0.0006198883056640625
33,12,320,3.327287197113037,3.326694965362549,-0.0005922317504882812
33,13,320,3.8022046089172363,3.8030645847320557,0.0008599758148193359
33,14,320,3.6261394023895264,3.6254007816314697,-0.0007386207580566406
33,15,320,3.5645182132720947,3.5653703212738037,0.0008521080017089844
33,16,320,3.9106411933898926,3.9119627475738525,0.001321554183959961
33,17,320,3.5231335163116455,3.5220978260040283,-0.0010356903076171875
33,18,320,2.905329942703247,2.9048120975494385,-0.0005178451538085938
33,19,320,2.5039193630218506,2.5054728984832764,0.0015535354614257812
34,0,320,3.40600323677063,3.4070072174072266,0.0010039806365966797
34,1,320,3.5302278995513916,3.530829668045044,0.0006017684936523438
34,2,320,3.4479353427886963,3.4485299587249756,0.0005946159362792969
34,3,320,2.9904139041900635,2.9911115169525146,0.0006976127624511719
34,4,320,2.8394577503204346,2.839010715484619,-0.0004470348358154297
34,5,320,3.3308308124542236,3.330282688140869,-0.0005481243133544922
34,6,320,3.317845106124878,3.3189187049865723,0.001073598861694336
34,7,320,3.34153413772583,3.3430604934692383,0.0015263557434082031
34,8,320,3.0509579181671143,3.051848888397217,0.0008909702301025391
34,9,320,3.275113344192505,3.2743704319000244,-0.0007429122924804688
34,10,320,3.489503860473633,3.488844394683838,-0.0006594657897949219
34,11,320,3.0907936096191406,3.0927460193634033,0.0019524097442626953
34,12,320,3.327287197113037,3.326176166534424,-0.0011110305786132812
34,13,320,3.8022046089172363,3.801748275756836,-0.0004563331604003906
34,14,320,3.6261394023895264,3.6277713775634766,0.0016319751739501953
34,15,320,3.5645182132720947,3.5655205249786377,0.0010023117065429688
34,16,320,3.9106411933898926,3.9092822074890137,-0.0013589859008789062
34,17,320,3.5231335163116455,3.52406644821167,0.0009329319000244141
34,18,320,2.905329942703247,2.9048056602478027,-0.0005242824554443359
34,19,320,2.5039193630218506,2.505185842514038,0.0012664794921875
35,0,320,3.40600323677063,3.4075872898101807,0.0015840530395507812
35,1,320,3.5302278995513916,3.530524730682373,0.0002968311309814453
35,2,320,3.4479353427886963,3.447002410888672,-0.0009329319000244141
35,3,320,2.9904139041900635,2.9897565841674805,-0.0006573200225830078
35,4,320,2.8394577503204346,2.8396031856536865,0.00014543533325195312
35,5,320,3.3308308124542236,3.3312978744506836,0.00046706199645996094
35,6,320,3.317845106124878,3.318877696990967,0.0010325908660888672
35,7,320,3.34153413772583,3.3422539234161377,0.0007197856903076172
35,8,320,3.0509579181671143,3.0497822761535645,-0.0011756420135498047
35,9,320,3.275113344192505,3.2752339839935303,0.00012063980102539062
35,10,320,3.489503860473633,3.488494396209717,-0.0010094642639160156
35,11,320,3.0907936096191406,3.090024471282959,-0.0007691383361816406
35,12,320,3.327287197113037,3.3276166915893555,0.0003294944763183594
35,13,320,3.8022046089172363,3.802870988845825,0.0006663799285888672
35,14,320,3.6261394023895264,3.6257667541503906,-0.0003726482391357422
35,15,320,3.5645182132720947,3.5661237239837646,0.0016055107116699219
35,16,320,3.9106411933898926,3.9105722904205322,-6.890296936035156e-05
35,17,320,3.5231335163116455,3.523190498352051,5.698204040527344e-05
35,18,320,2.905329942703247,2.905763626098633,0.0004336833953857422
35,19,320,2.5039193630218506,2.503103733062744,-0.0008156299591064453
36,0,320,3.40600323677063,3.4060609340667725,5.7697296142578125e-05
36,1,320,3.5302278995513916,3.5295796394348145,-0.0006482601165771484
36,2,320,3.4479353427886963,3.4488229751586914,0.0008876323699951172
36,3,320,2.9904139041900635,2.9916279315948486,0.0012140274047851562
36,4,320,2.8394577503204346,2.8402068614959717,0.0007491111755371094
36,5,320,3.3308308124542236,3.331402540206909,0.0005717277526855469
36,6,320,3.317845106124878,3.319136142730713,0.001291036605834961
36,7,320,3.34153413772583,3.3404579162597656,-0.0010762214660644531
36,8,320,3.0509579181671143,3.0500380992889404,-0.0009198188781738281
36,9,320,3.275113344192505,3.275970935821533,0.0008575916290283203
36,10,320,3.489503860473633,3.4881904125213623,-0.0013134479522705078
36,11,320,3.0907936096191406,3.0902657508850098,-0.0005278587341308594
36,12,320,3.327287197113037,3.3271732330322266,-0.00011396408081054688
36,13,320,3.8022046089172363,3.802785873413086,0.0005812644958496094
36,14,320,3.6261394023895264,3.626239538192749,0.00010013580322265625
36,15,320,3.5645182132720947,3.5645344257354736,1.621246337890625e-05
36,16,320,3.9106411933898926,3.9124348163604736,0.0017936229705810547
36,17,320,3.5231335163116455,3.5247421264648438,0.0016086101531982422
36,18,320,2.905329942703247,2.905179262161255,-0.0001506805419921875
36,19,320,2.5039193630218506,2.5043275356292725,0.000408172607421875
37,0,320,3.40600323677063,3.4079320430755615,0.0019288063049316406
37,1,320,3.5302278995513916,3.531961441040039,0.001733541488647461
37,2,320,3.4479353427886963,3.447420120239258,-0.0005152225494384766
37,3,320,2.9904139041900635,2.9907240867614746,0.0003101825714111328
37,4,320,2.8394577503204346,2.839207410812378,-0.0002503395080566406
37,5,320,3.3308308124542236,3.3302369117736816,-0.0005939006805419922
37,6,320,3.317845106124878,3.318190813064575,0.0003457069396972656
37,7,320,3.34153413772583,3.341217517852783,-0.000316619873046875
37,8,320,3.0509579181671143,3.0509235858917236,-3.4332275390625e-05
37,9,320,3.275113344192505,3.275235414505005,0.0001220703125
37,10,320,3.489503860473633,3.487917900085449,-0.0015859603881835938
37,11,320,3.0907936096191406,3.089495897293091,-0.0012977123260498047
37,12,320,3.327287197113037,3.3264002799987793,-0.0008869171142578125
37,13,320,3.8022046089172363,3.8024094104766846,0.0002048015594482422
37,14,320,3.6261394023895264,3.6265900135040283,0.0004506111145019531
37,15,320,3.5645182132720947,3.563458204269409,-0.0010600090026855469
37,16,320,3.9106411933898926,3.9130985736846924,0.0024573802947998047
37,17,320,3.5231335163116455,3.5232772827148438,0.0001437664031982422
37,18,320,2.905329942703247,2.904697895050049,-0.0006320476531982422
37,19,320,2.5039193630218506,2.506699800491333,0.002780437469482422
38,0,320,3.40600323677063,3.4059090614318848,-9.417533874511719e-05
38,1,320,3.5302278995513916,3.5303895473480225,0.00016164779663085938
38,2,320,3.4479353427886963,3.4464986324310303,-0.0014367103576660156
38,3,320,2.9904139041900635,2.9906606674194336,0.0002467632293701172
38,4,320,2.8394577503204346,2.838750123977661,-0.0007076263427734375
38,5,320,3.3308308124542236,3.3284099102020264,-0.0024209022521972656
38,6,320,3.317845106124878,3.317739963531494,-0.00010514259338378906
38,7,320,3.34153413772583,3.3393523693084717,-0.0021817684173583984
38,8,320,3.0509579181671143,3.0499274730682373,-0.0010304450988769531
38,9,320,3.275113344192505,3.273926019668579,-0.0011873245239257812
38,10,320,3.489503860473633,3.491442918777466,0.0019390583038330078
38,11,320,3.0907936096191406,3.0918421745300293,0.0010485649108886719
38,12,320,3.327287197113037,3.3282697200775146,0.000982522964477539
38,13,320,3.8022046089172363,3.8019204139709473,-0.0002841949462890625
38,14,320,3.6261394023895264,3.6269495487213135,0.0008101463317871094
38,15,320,3.5645182132720947,3.56441593170166,-0.00010228157043457031
38,16,320,3.9106411933898926,3.911073923110962,0.00043272972106933594
38,17,320,3.5231335163116455,3.5223164558410645,-0.0008170604705810547
38,18,320,2.905329942703247,2.906071662902832,0.0007417201995849609
38,19,320,2.5039193630218506,2.5022292137145996,-0.0016901493072509766
39,0,320,3.40600323677063,3.4048709869384766,-0.0011322498321533203
39,1,320,3.5302278995513916,3.5308847427368164,0.0006568431854248047
39,2,320,3.4479353427886963,3.4485795497894287,0.0006442070007324219
39,3,320,2.9904139041900635,2.9903180599212646,-9.584426879882812e-05
39,4,320,2.8394577503204346,2.8388803005218506,-0.0005774497985839844
39,5,320,3.3308308124542236,3.3299179077148438,-0.0009129047393798828
39,6,320,3.317845106124878,3.317777395248413,-6.771087646484375e-05
39,7,320,3.34153413772583,3.341139793395996,-0.0003943443298339844
39,8,320,3.0509579181671143,3.0492122173309326,-0.0017457008361816406
39,9,320,3.275113344192505,3.272435426712036,-0.00267791748046875
39,10,320,3.489503860473633,3.489806652069092,0.0003027915954589844
39,11,320,3.0907936096191406,3.0909974575042725,0.00020384788513183594
39,12,320,3.327287197113037,3.326927900314331,-0.0003592967987060547
39,13,320,3.8022046089172363,3.802877187728882,0.0006725788116455078
39,14,320,3.6261394023895264,3.625910997390747,-0.00022840499877929688
39,15,320,3.5645182132720947,3.5630733966827393,-0.0014448165893554688
39,16,320,3.9106411933898926,3.9113147258758545,0.0006735324859619141
39,17,320,3.5231335163116455,3.523322582244873,0.00018906593322753906
39,18,320,2.905329942703247,2.9059739112854004,0.0006439685821533203
39,19,320,2.5039193630218506,2.5037577152252197,-0.00016164779663085938
40,0,320,3.40600323677063,3.407870292663574,0.001867055892944336
40,1,320,3.5302278995513916,3.5311293601989746,0.0009014606475830078
40,2,320,3.4479353427886963,3.449232816696167,0.0012974739074707031
40,3,320,2.9904139041900635,2.9905080795288086,9.417533874511719e-05
40,4,320,2.8394577503204346,2.8396387100219727,0.00018095970153808594
40,5,320,3.3308308124542236,3.3312506675720215,0.00041985511779785156
40,6,320,3.317845106124878,3.3191850185394287,0.0013399124145507812
40,7,320,3.34153413772583,3.341275215148926,-0.0002589225769042969
40,8,320,3.0509579181671143,3.051762104034424,0.0008041858673095703
40,9,320,3.275113344192505,3.2759556770324707,0.0008423328399658203
40,10,320,3.489503860473633,3.49009108543396,0.0005872249603271484
40,11,320,3.0907936096191406,3.089578628540039,-0.0012149810791015625
40,12,320,3.327287197113037,3.3276822566986084,0.00039505958557128906
40,13,320,3.8022046089172363,3.801689863204956,-0.0005147457122802734
40,14,320,3.6261394023895264,3.627115488052368,0.0009760856628417969
40,15,320,3.5645182132720947,3.5626821517944336,-0.0018360614776611328
40,16,320,3.9106411933898926,3.910080909729004,-0.0005602836608886719
40,17,320,3.5231335163116455,3.522073984146118,-0.0010595321655273438
40,18,320,2.905329942703247,2.9053571224212646,2.7179718017578125e-05
40,19,320,2.5039193630218506,2.5050458908081055,0.0011265277862548828
41,0,320,3.40600323677063,3.406973123550415,0.0009698867797851562
41,1,320,3.5302278995513916,3.5303566455841064,0.00012874603271484375
41,2,320,3.4479353427886963,3.447305917739868,-0.000629425048828125
41,3,320,2.9904139041900635,2.990222930908203,-0.00019097328186035156
41,4,320,2.8394577503204346,2.8388149738311768,-0.0006427764892578125
41,5,320,3.3308308124542236,3.3305740356445312,-0.0002567768096923828
41,6,320,3.317845106124878,3.3180665969848633,0.00022149085998535156
41,7,320,3.34153413772583,3.3404381275177,-0.0010960102081298828
41,8,320,3.0509579181671143,3.0510141849517822,5.626678466796875e-05
41,9,320,3.275113344192505,3.2764179706573486,0.00130462646484375
41,10,320,3.489503860473633,3.488860845565796,-0.0006430149078369141
41,11,320,3.0907936096191406,3.092069625854492,0.0012760162353515625
41,12,320,3.327287197113037,3.3261613845825195,-0.0011258125305175781
41,13,320,3.8022046089172363,3.8032872676849365,0.0010826587677001953
41,14,320,3.6261394023895264,3.627307415008545,0.0011680126190185547
41,15,320,3.5645182132720947,3.5651133060455322,0.0005950927734375
41,16,320,3.9106411933898926,3.9116086959838867,0.0009675025939941406
41,17,320,3.5231335163116455,3.5226683616638184,-0.00046515464782714844
41,18,320,2.905329942703247,2.905940532684326,0.0006105899810791016
41,19,320,2.5039193630218506,2.5050253868103027,0.0011060237884521484
42,0,320,3.40600323677063,3.406107187271118,0.00010395050048828125
42,1,320,3.5302278995513916,3.5306239128112793,0.0003960132598876953
42,2,320,3.4479353427886963,3.4469165802001953,-0.0010187625885009766
42,3,320,2.9904139041900635,2.9917383193969727,0.0013244152069091797
42,4,320,2.8394577503204346,2.8385443687438965,-0.0009133815765380859
42,5,320,3.3308308124542236,3.3359146118164062,0.005083799362182617
42,6,320,3.317845106124878,3.3191816806793213,0.0013365745544433594
42,7,320,3.34153413772583,3.3445942401885986,0.0030601024627685547
42,8,320,3.0509579181671143,3.053622245788574,0.002664327621459961
42,9,320,3.275113344192505,3.2761385440826416,0.0010251998901367188
42,10,320,3.489503860473633,3.494009494781494,0.004505634307861328
42,11,320,3.0907936096191406,3.0949547290802,0.00416111946105957
42,12,320,3.327287197113037,3.327714204788208,0.00042700767517089844
42,13,320,3.8022046089172363,3.801218032836914,-0.0009865760803222656
42,14,320,3.6261394023895264,3.625318765640259,-0.0008206367492675781
42,15,320,3.5645182132720947,3.5662381649017334,0.0017199516296386719
42,16,320,3.9106411933898926,3.9105093479156494,-0.00013184547424316406
42,17,320,3.5231335163116455,3.524334192276001,0.0012006759643554688
42,18,320,2.905329942703247,2.9036688804626465,-0.001661062240600586
42,19,320,2.5039193630218506,2.504042387008667,0.00012302398681640625
43,0,320,3.40600323677063,3.4062483310699463,0.00024509429931640625
43,1,320,3.5302278995513916,3.5289738178253174,-0.0012540817260742188
43,2,320,3.4479353427886963,3.447183609008789,-0.0007517337799072266
43,3,320,2.9904139041900635,2.9906115531921387,0.0001976490020751953
43,4,320,2.8394577503204346,2.8402788639068604,0.0008211135864257812
43,5,320,3.3308308124542236,3.3310623168945312,0.0002315044403076172
43,6,320,3.317845106124878,3.31740403175354,-0.0004410743713378906
43,7,320,3.34153413772583,3.340463638305664,-0.0010704994201660156
43,8,320,3.0509579181671143,3.0515594482421875,0.0006015300750732422
43,9,320,3.275113344192505,3.2751762866973877,6.29425048828125e-05
43,10,320,3.489503860473633,3.488848924636841,-0.0006549358367919922
43,11,320,3.0907936096191406,3.0917322635650635,0.0009386539459228516
43,12,320,3.327287197113037,3.3276233673095703,0.0003361701965332031
43,13,320,3.8022046089172363,3.80324125289917,0.0010366439819335938
43,14,320,3.6261394023895264,3.6264801025390625,0.0003407001495361328
43,15,320,3.5645182132720947,3.564851760864258,0.00033354759216308594
43,16,320,3.9106411933898926,3.9091131687164307,-0.001528024673461914
43,17,320,3.5231335163116455,3.52364444732666,0.0005109310150146484
43,18,320,2.905329942703247,2.9053235054016113,-6.4373016357421875e-06
43,19,320,2.5039193630218506,2.5022881031036377,-0.0016312599182128906
44,0,320,3.40600323677063,3.4052672386169434,-0.0007359981536865234
44,1,320,3.5302278995513916,3.53043794631958,0.00021004676818847656
44,2,320,3.4479353427886963,3.4454643726348877,-0.0024709701538085938
44,3,320,2.9904139041900635,2.9895999431610107,-0.0008139610290527344
44,4,320,2.8394577503204346,2.839700222015381,0.00024247169494628906
44,5,320,3.3308308124542236,3.3314099311828613,0.0005791187286376953
44,6,320,3.317845106124878,3.3165268898010254,-0.001318216323852539
44,7,320,3.34153413772583,3.3413403034210205,-0.0001938343048095703
44,8,320,3.0509579181671143,3.049828290939331,-0.0011296272277832031
44,9,320,3.275113344192505,3.2745611667633057,-0.0005521774291992188
44,10,320,3.489503860473633,3.4901621341705322,0.0006582736968994141
44,11,320,3.0907936096191406,3.0926458835601807,0.001852273941040039
44,12,320,3.327287197113037,3.327047824859619,-0.00023937225341796875
44,13,320,3.8022046089172363,3.8017332553863525,-0.00047135353088378906
44,14,320,3.6261394023895264,3.625645399093628,-0.0004940032958984375
44,15,320,3.5645182132720947,3.565595865249634,0.0010776519775390625
44,16,320,3.9106411933898926,3.9116458892822266,0.0010046958923339844
44,17,320,3.5231335163116455,3.524125814437866,0.0009922981262207031
44,18,320,2.905329942703247,2.905580520629883,0.0002505779266357422
44,19,320,2.5039193630218506,2.505225658416748,0.001306295394897461
45,0,320,3.40600323677063,3.4056313037872314,-0.0003719329833984375
45,1,320,3.5302278995513916,3.5307421684265137,0.0005142688751220703
45,2,320,3.4479353427886963,3.446491241455078,-0.001444101333618164
45,3,320,2.9904139041900635,2.9899823665618896,-0.0004315376281738281
45,4,320,2.8394577503204346,2.839280128479004,-0.00017762184143066406
45,5,320,3.3308308124542236,3.332111120223999,0.0012803077697753906
45,6,320,3.317845106124878,3.3171889781951904,-0.0006561279296875
45,7,320,3.34153413772583,3.342557191848755,0.0010230541229248047
45,8,320,3.0509579181671143,3.051586627960205,0.0006287097930908203
45,9,320,3.275113344192505,3.275135040283203,2.1696090698242188e-05
45,10,320,3.489503860473633,3.4893758296966553,-0.00012803077697753906
45,11,320,3.0907936096191406,3.0905284881591797,-0.0002651214599609375
45,12,320,3.327287197113037,3.3267080783843994,-0.0005791187286376953
45,13,320,3.8022046089172363,3.8028690814971924,0.0006644725799560547
45,14,320,3.6261394023895264,3.6244890689849854,-0.0016503334045410156
45,15,320,3.5645182132720947,3.563202142715454,-0.001316070556640625
45,16,320,3.9106411933898926,3.911072015762329,0.00043082237243652344
45,17,320,3.5231335163116455,3.5230865478515625,-4.696846008300781e-05
45,18,320,2.905329942703247,2.905496835708618,0.00016689300537109375
45,19,320,2.5039193630218506,2.504629135131836,0.0007097721099853516
46,0,320,3.40600323677063,3.405125379562378,-0.0008778572082519531
46,1,320,3.5302278995513916,3.530843734741211,0.0006158351898193359
46,2,320,3.4479353427886963,3.4492969512939453,0.0013616085052490234
46,3,320,2.9904139041900635,2.990509033203125,9.512901306152344e-05
46,4,320,2.8394577503204346,2.8385732173919678,-0.0008845329284667969
46,5,320,3.3308308124542236,3.3298580646514893,-0.000972747802734375
46,6,320,3.317845106124878,3.318453788757324,0.0006086826324462891
46,7,320,3.34153413772583,3.3424057960510254,0.0008716583251953125
46,8,320,3.0509579181671143,3.0508241653442383,-0.00013375282287597656
46,9,320,3.275113344192505,3.2738451957702637,-0.001268148422241211
46,10,320,3.489503860473633,3.49019455909729,0.0006906986236572266
46,11,320,3.0907936096191406,3.0913991928100586,0.0006055831909179688
46,12,320,3.327287197113037,3.326627254486084,-0.000659942626953125
46,13,320,3.8022046089172363,3.8038244247436523,0.0016198158264160156
46,14,320,3.6261394023895264,3.6265358924865723,0.00039649009704589844
46,15,320,3.5645182132720947,3.563768148422241,-0.0007500648498535156
46,16,320,3.9106411933898926,3.909562587738037,-0.0010786056518554688
46,17,320,3.5231335163116455,3.5233516693115234,0.0002181529998779297
46,18,320,2.905329942703247,2.90464186668396,-0.0006880760192871094
46,19,320,2.5039193630218506,2.5031237602233887,-0.0007956027984619141
47,0,320,3.40600323677063,3.4066078662872314,0.0006046295166015625
47,1,320,3.5302278995513916,3.5319786071777344,0.0017507076263427734
47,2,320,3.4479353427886963,3.448153495788574,0.0002181529998779297
47,3,320,2.9904139041900635,2.989713191986084,-0.0007007122039794922
47,4,320,2.8394577503204346,2.8409056663513184,0.001447916030883789
47,5,320,3.3308308124542236,3.3318824768066406,0.0010516643524169922
47,6,320,3.317845106124878,3.3200628757476807,0.0022177696228027344
47,7,320,3.34153413772583,3.3430299758911133,0.0014958381652832031
47,8,320,3.0509579181671143,3.051647663116455,0.0006897449493408203
47,9,320,3.275113344192505,3.27616024017334,0.001046895980834961
47,10,320,3.489503860473633,3.489518642425537,1.4781951904296875e-05
47,11,320,3.0907936096191406,3.0909714698791504,0.00017786026000976562
47,12,320,3.327287197113037,3.3268861770629883,-0.0004010200500488281
47,13,320,3.8022046089172363,3.8024373054504395,0.000232696533203125
47,14,320,3.6261394023895264,3.626584529876709,0.0004451274871826172
47,15,320,3.5645182132720947,3.5646228790283203,0.00010466575622558594
47,16,320,3.9106411933898926,3.911156177520752,0.000514984130859375
47,17,320,3.5231335163116455,3.524564027786255,0.001430511474609375
47,18,320,2.905329942703247,2.9056944847106934,0.00036454200744628906
47,19,320,2.5039193630218506,2.5036301612854004,-0.0002892017364501953
48,0,320,3.40600323677063,3.40767502784729,0.0016717910766601562
48,1,320,3.5302278995513916,3.529817581176758,-0.00041031837463378906
48,2,320,3.4479353427886963,3.452512741088867,0.0045773983001708984
48,3,320,2.9904139041900635,2.9905476570129395,0.00013375282287597656
48,4,320,2.8394577503204346,2.8404030799865723,0.0009453296661376953
48,5,320,3.3308308124542236,3.3316268920898438,0.0007960796356201172
48,6,320,3.317845106124878,3.3183753490448,0.000530242919921875
48,7,320,3.34153413772583,3.3430209159851074,0.0014867782592773438
48,8,320,3.0509579181671143,3.051689386367798,0.0007314682006835938
48,9,320,3.275113344192505,3.2766661643981934,0.0015528202056884766
48,10,320,3.489503860473633,3.4883456230163574,-0.0011582374572753906
48,11,320,3.0907936096191406,3.090242385864258,-0.0005512237548828125
48,12,320,3.327287197113037,3.3262367248535156,-0.0010504722595214844
48,13,320,3.8022046089172363,3.8029143810272217,0.0007097721099853516
48,14,320,3.6261394023895264,3.6255240440368652,-0.0006153583526611328
48,15,320,3.5645182132720947,3.5649642944335938,0.00044608116149902344
48,16,320,3.9106411933898926,3.909496545791626,-0.0011446475982666016
48,17,320,3.5231335163116455,3.5227763652801514,-0.0003571510314941406
48,18,320,2.905329942703247,2.9039459228515625,-0.0013840198516845703
48,19,320,2.5039193630218506,2.5046756267547607,0.0007562637329101562
49,0,320,3.40600323677063,3.4065866470336914,0.0005834102630615234
49,1,320,3.5302278995513916,3.5291249752044678,-0.0011029243469238281
49,2,320,3.4479353427886963,3.4475514888763428,-0.0003838539123535156
49,3,320,2.9904139041900635,2.9898369312286377,-0.0005769729614257812
49,4,320,2.8394577503204346,2.839906930923462,0.00044918060302734375
49,5,320,3.3308308124542236,3.3319921493530273,0.001161336898803711
49,6,320,3.317845106124878,3.317959785461426,0.00011467933654785156
49,7,320,3.34153413772583,3.3403849601745605,-0.0011491775512695312
49,8,320,3.0509579181671143,3.0520784854888916,0.0011205673217773438
49,9,320,3.275113344192505,3.275761365890503,0.0006480216979980469
49,10,320,3.489503860473633,3.4914703369140625,0.0019664764404296875
49,11,320,3.0907936096191406,3.0909552574157715,0.00016164779663085938
49,12,320,3.327287197113037,3.3249857425689697,-0.002301454544067383
49,13,320,3.8022046089172363,3.801940679550171,-0.0002639293670654297
49,14,320,3.6261394023895264,3.6250786781311035,-0.0010607242584228516
49,15,320,3.5645182132720947,3.5647642612457275,0.0002460479736328125
49,16,320,3.9106411933898926,3.9106204509735107,-2.0742416381835938e-05
49,17,320,3.5231335163116455,3.5236833095550537,0.0005497932434082031
49,18,320,2.905329942703247,2.9060158729553223,0.0006859302520751953
49,19,320,2.5039193630218506,2.5034899711608887,-0.00042939186096191406
50,0,320,3.40600323677063,3.4045677185058594,-0.0014355182647705078
50,1,320,3.5302278995513916,3.530294895172119,6.699562072753906e-05
50,2,320,3.4479353427886963,3.4473438262939453,-0.0005915164947509766
50,3,320,2.9904139041900635,2.9904558658599854,4.1961669921875e-05
50,4,320,2.8394577503204346,2.839576005935669,0.000118255615234375
50,5,320,3.3308308124542236,3.3308017253875732,-2.9087066650390625e-05
50,6,320,3.317845106124878,3.31699800491333,-0.0008471012115478516
50,7,320,3.34153413772583,3.3417911529541016,0.0002570152282714844
50,8,320,3.0509579181671143,3.0506343841552734,-0.0003235340118408203
50,9,320,3.275113344192505,3.2770185470581055,0.001905202865600586
50,10,320,3.489503860473633,3.489670991897583,0.0001671314239501953
50,11,320,3.0907936096191406,3.090696096420288,-9.751319885253906e-05
50,12,320,3.327287197113037,3.3284547328948975,0.0011675357818603516
50,13,320,3.8022046089172363,3.8041110038757324,0.0019063949584960938
50,14,320,3.6261394023895264,3.6257851123809814,-0.0003542900085449219
50,15,320,3.5645182132720947,3.565178155899048,0.000659942626953125
50,16,320,3.9106411933898926,3.9101061820983887,-0.0005350112915039062
50,17,320,3.5231335163116455,3.5231103897094727,-2.3126602172851562e-05
50,18,320,2.905329942703247,2.9062962532043457,0.0009663105010986328
50,19,320,2.5039193630218506,2.504122018814087,0.00020265579223632812
51,0,320,3.40600323677063,3.4062912464141846,0.0002880096435546875
51,1,320,3.5302278995513916,3.5306835174560547,0.00045561790466308594
51,2,320,3.4479353427886963,3.4473114013671875,-0.0006239414215087891
51,3,320,2.9904139041900635,2.989511489868164,-0.0009024143218994141
51,4,320,2.8394577503204346,2.8383705615997314,-0.001087188720703125
51,5,320,3.3308308124542236,3.3308236598968506,-7.152557373046875e-06
51,6,320,3.317845106124878,3.3167176246643066,-0.001127481460571289
51,7,320,3.34153413772583,3.3388407230377197,-0.0026934146881103516
51,8,320,3.0509579181671143,3.0502994060516357,-0.0006585121154785156
51,9,320,3.275113344192505,3.2757890224456787,0.0006756782531738281
51,10,320,3.489503860473633,3.487518787384033,-0.0019850730895996094
51,11,320,3.0907936096191406,3.0907890796661377,-4.5299530029296875e-06
51,12,320,3.327287197113037,3.325242519378662,-0.002044677734375
51,13,320,3.8022046089172363,3.8036506175994873,0.0014460086822509766
51,14,320,3.6261394023895264,3.627774953842163,0.0016355514526367188
51,15,320,3.5645182132720947,3.564493417739868,-2.47955322265625e-05
51,16,320,3.9106411933898926,3.9109339714050293,0.00029277801513671875
51,17,320,3.5231335163116455,3.522451400756836,-0.0006821155548095703
51,18,320,2.905329942703247,2.9046080112457275,-0.0007219314575195312
51,19,320,2.5039193630218506,2.505276679992676,0.0013573169708251953
52,0,320,3.40600323677063,3.4043290615081787,-0.0016741752624511719
52,1,320,3.5302278995513916,3.530371904373169,0.00014400482177734375
52,2,320,3.4479353427886963,3.4484336376190186,0.0004982948303222656
52,3,320,2.9904139041900635,2.9904792308807373,6.532669067382812e-05
52,4,320,2.8394577503204346,2.841305732727051,0.001847982406616211
52,5,320,3.3308308124542236,3.3321917057037354,0.0013608932495117188
52,6,320,3.317845106124878,3.3190810680389404,0.0012359619140625
52,7,320,3.34153413772583,3.3412678241729736,-0.0002663135528564453
52,8,320,3.0509579181671143,3.0502052307128906,-0.0007526874542236328
52,9,320,3.275113344192505,3.2749428749084473,-0.0001704692840576172
52,10,320,3.489503860473633,3.4902453422546387,0.0007414817810058594
52,11,320,3.0907936096191406,3.090418815612793,-0.00037479400634765625
52,12,320,3.327287197113037,3.326967716217041,-0.00031948089599609375
52,13,320,3.8022046089172363,3.802684783935547,0.0004801750183105469
52,14,320,3.6261394023895264,3.626303195953369,0.00016379356384277344
52,15,320,3.5645182132720947,3.5636181831359863,-0.0009000301361083984
52,16,320,3.9106411933898926,3.9087586402893066,-0.0018825531005859375
52,17,320,3.5231335163116455,3.5221917629241943,-0.0009417533874511719
52,18,320,2.905329942703247,2.9066174030303955,0.0012874603271484375
52,19,320,2.5039193630218506,2.5026063919067383,-0.0013129711151123047
53,0,320,3.40600323677063,3.40810227394104,0.0020990371704101562
53,1,320,3.5302278995513916,3.5303828716278076,0.00015497207641601562
53,2,320,3.4479353427886963,3.453507900238037,0.00557255744934082
53,3,320,2.9904139041900635,2.9922163486480713,0.0018024444580078125
53,4,320,2.8394577503204346,2.8417916297912598,0.0023338794708251953
53,5,320,3.3308308124542236,3.333401679992676,0.0025708675384521484
53,6,320,3.317845106124878,3.317298173904419,-0.0005469322204589844
53,7,320,3.34153413772583,3.3434436321258545,0.001909494400024414
53,8,320,3.0509579181671143,3.0528531074523926,0.0018951892852783203
53,9,320,3.275113344192505,3.27595591545105,0.0008425712585449219
53,10,320,3.489503860473633,3.4925920963287354,0.003088235855102539
53,11,320,3.0907936096191406,3.0933754444122314,0.0025818347930908203
53,12,320,3.327287197113037,3.3269004821777344,-0.0003867149353027344
53,13,320,3.8022046089172363,3.803128957748413,0.0009243488311767578
53,14,320,3.6261394023895264,3.6253011226654053,-0.0008382797241210938
53,15,320,3.5645182132720947,3.5640645027160645,-0.00045371055603027344
53,16,320,3.9106411933898926,3.911320686340332,0.0006794929504394531
53,17,320,3.5231335163116455,3.5237162113189697,0.0005826950073242188
53,18,320,2.905329942703247,2.9059932231903076,0.0006632804870605469
53,19,320,2.5039193630218506,2.502032995223999,-0.0018863677978515625
54,0,320,3.40600323677063,3.4066498279571533,0.0006465911865234375
54,1,320,3.5302278995513916,3.531383514404297,0.0011556148529052734
54,2,320,3.4479353427886963,3.4488415718078613,0.0009062290191650391
54,3,320,2.9904139041900635,2.9897027015686035,-0.0007112026214599609
54,4,320,2.8394577503204346,2.8392868041992188,-0.0001709461212158203
54,5,320,3.3308308124542236,3.329814910888672,-0.0010159015655517578
54,6,320,3.317845106124878,3.3181822299957275,0.0003371238708496094
54,7,320,3.34153413772583,3.339808464050293,-0.0017256736755371094
54,8,320,3.0509579181671143,3.0487825870513916,-0.0021753311157226562
54,9,320,3.275113344192505,3.2732977867126465,-0.0018155574798583984
54,10,320,3.489503860473633,3.4881064891815186,-0.0013973712921142578
54,11,320,3.0907936096191406,3.0926291942596436,0.0018355846405029297
54,12,320,3.327287197113037,3.3275768756866455,0.00028967857360839844
54,13,320,3.8022046089172363,3.8026626110076904,0.00045800209045410156
54,14,320,3.6261394023895264,3.6277129650115967,0.0015735626220703125
54,15,320,3.5645182132720947,3.5655088424682617,0.0009906291961669922
54,16,320,3.9106411933898926,3.9107506275177,0.00010943412780761719
54,17,320,3.5231335163116455,3.5235021114349365,0.0003685951232910156
54,18,320,2.905329942703247,2.905524253845215,0.00019431114196777344
54,19,320,2.5039193630218506,2.5035784244537354,-0.0003409385681152344
55,0,320,3.40600323677063,3.405616044998169,-0.0003871917724609375
55,1,320,3.5302278995513916,3.5294289588928223,-0.0007989406585693359
55,2,320,3.4479353427886963,3.4470841884613037,-0.0008511543273925781
55,3,320,2.9904139041900635,2.9913601875305176,0.0009462833404541016
55,4,320,2.8394577503204346,2.839803457260132,0.0003457069396972656
55,5,320,3.3308308124542236,3.330075979232788,-0.0007548332214355469
55,6,320,3.317845106124878,3.3163840770721436,-0.001461029052734375
55,7,320,3.34153413772583,3.3400449752807617,-0.0014891624450683594
55,8,320,3.0509579181671143,3.0511367321014404,0.00017881393432617188
55,9,320,3.275113344192505,3.2742221355438232,-0.0008912086486816406
55,10,320,3.489503860473633,3.4895763397216797,7.2479248046875e-05
55,11,320,3.0907936096191406,3.0909109115600586,0.00011730194091796875
55,12,320,3.327287197113037,3.3272500038146973,-3.719329833984375e-05
55,13,320,3.8022046089172363,3.8030309677124023,0.0008263587951660156
55,14,320,3.6261394023895264,3.624878168106079,-0.0012612342834472656
55,15,320,3.5645182132720947,3.564523458480835,5.245208740234375e-06
55,16,320,3.9106411933898926,3.9095675945281982,-0.001073598861694336
55,17,320,3.5231335163116455,3.5221896171569824,-0.0009438991546630859
55,18,320,2.905329942703247,2.9071967601776123,0.0018668174743652344
55,19,320,2.5039193630218506,2.5031068325042725,-0.000812530517578125
56,0,320,3.40600323677063,3.405177593231201,-0.0008256435394287109
56,1,320,3.5302278995513916,3.531050443649292,0.0008225440979003906
56,2,320,3.4479353427886963,3.447416305541992,-0.0005190372467041016
56,3,320,2.9904139041900635,2.9919052124023438,0.0014913082122802734
56,4,320,2.8394577503204346,2.8411550521850586,0.0016973018646240234
56,5,320,3.3308308124542236,3.3312315940856934,0.00040078163146972656
56,6,320,3.317845106124878,3.3180556297302246,0.0002105236053466797
56,7,320,3.34153413772583,3.3406240940093994,-0.0009100437164306641
56,8,320,3.0509579181671143,3.049901008605957,-0.0010569095611572266
56,9,320,3.275113344192505,3.2763988971710205,0.001285552978515625
56,10,320,3.489503860473633,3.4895193576812744,1.5497207641601562e-05
56,11,320,3.0907936096191406,3.090251922607422,-0.00054168701171875
56,12,320,3.327287197113037,3.326369285583496,-0.0009179115295410156
56,13,320,3.8022046089172363,3.802762269973755,0.0005576610565185547
56,14,320,3.6261394023895264,3.6251847743988037,-0.0009546279907226562
56,15,320,3.5645182132720947,3.5654783248901367,0.0009601116180419922
56,16,320,3.9106411933898926,3.909463405609131,-0.0011777877807617188
56,17,320,3.5231335163116455,3.524024486541748,0.0008909702301025391
56,18,320,2.905329942703247,2.9054906368255615,0.00016069412231445312
56,19,320,2.5039193630218506,2.502239465713501,-0.0016798973083496094
57,0,320,3.40600323677063,3.4063494205474854,0.00034618377685546875
57,1,320,3.5302278995513916,3.531160831451416,0.0009329319000244141
57,2,320,3.4479353427886963,3.4497153759002686,0.0017800331115722656
57,3,320,2.9904139041900635,2.9893829822540283,-0.0010309219360351562
57,4,320,2.8394577503204346,2.840235948562622,0.0007781982421875
57,5,320,3.3308308124542236,3.330580472946167,-0.0002503395080566406
57,6,320,3.317845106124878,3.316924810409546,-0.0009202957153320312
57,7,320,3.34153413772583,3.3407862186431885,-0.0007479190826416016
57,8,320,3.0509579181671143,3.049560546875,-0.0013973712921142578
57,9,320,3.275113344192505,3.274801015853882,-0.0003123283386230469
57,10,320,3.489503860473633,3.4890761375427246,-0.0004277229309082031
57,11,320,3.0907936096191406,3.0914547443389893,0.0006611347198486328
57,12,320,3.327287197113037,3.3273684978485107,8.130073547363281e-05
57,13,320,3.8022046089172363,3.8012924194335938,-0.0009121894836425781
57,14,320,3.6261394023895264,3.6259772777557373,-0.0001621246337890625
57,15,320,3.5645182132720947,3.5646398067474365,0.00012159347534179688
57,16,320,3.9106411933898926,3.9112634658813477,0.0006222724914550781
57,17,320,3.5231335163116455,3.5249366760253906,0.0018031597137451172
57,18,320,2.905329942703247,2.9060614109039307,0.0007314682006835938
57,19,320,2.5039193630218506,2.505107879638672,0.001188516616821289
58,0,320,3.40600323677063,3.4058172702789307,-0.00018596649169921875
58,1,320,3.5302278995513916,3.529709577560425,-0.0005183219909667969
58,2,320,3.4479353427886963,3.4484386444091797,0.0005033016204833984
58,3,320,2.9904139041900635,2.9900009632110596,-0.00041294097900390625
58,4,320,2.8394577503204346,2.8412024974823,0.0017447471618652344
58,5,320,3.3308308124542236,3.330658197402954,-0.00017261505126953125
58,6,320,3.317845106124878,3.3170533180236816,-0.0007917881011962891
58,7,320,3.34153413772583,3.3413758277893066,-0.0001583099365234375
58,8,320,3.0509579181671143,3.0504074096679688,-0.0005505084991455078
58,9,320,3.275113344192505,3.273226499557495,-0.0018868446350097656
58,10,320,3.489503860473633,3.4887638092041016,-0.00074005126953125
58,11,320,3.0907936096191406,3.0949480533599854,0.0041544437408447266
58,12,320,3.327287197113037,3.3275656700134277,0.000278472900390625
58,13,320,3.8022046089172363,3.8030145168304443,0.0008099079132080078
58,14,320,3.6261394023895264,3.625188112258911,-0.0009512901306152344
58,15,320,3.5645182132720947,3.5643956661224365,-0.00012254714965820312
58,16,320,3.9106411933898926,3.9091620445251465,-0.0014791488647460938
58,17,320,3.5231335163116455,3.523937463760376,0.0008039474487304688
58,18,320,2.905329942703247,2.9062201976776123,0.0008902549743652344
58,19,320,2.5039193630218506,2.5035998821258545,-0.00031948089599609375
59,0,320,3.40600323677063,3.405989408493042,-1.3828277587890625e-05
59,1,320,3.5302278995513916,3.528921365737915,-0.0013065338134765625
59,2,320,3.4479353427886963,3.4488155841827393,0.0008802413940429688
59,3,320,2.9904139041900635,2.9907448291778564,0.00033092498779296875
59,4,320,2.8394577503204346,2.8382413387298584,-0.0012164115905761719
59,5,320,3.3308308124542236,3.3309037685394287,7.295608520507812e-05
59,6,320,3.317845106124878,3.318253993988037,0.0004088878631591797
59,7,320,3.34153413772583,3.3417012691497803,0.0001671314239501953
59,8,320,3.0509579181671143,3.050950288772583,-7.62939453125e-06
59,9,320,3.275113344192505,3.275668144226074,0.0005548000335693359
59,10,320,3.489503860473633,3.489290237426758,-0.000213623046875
59,11,320,3.0907936096191406,3.0899691581726074,-0.0008244514465332031
59,12,320,3.327287197113037,3.3279995918273926,0.0007123947143554688
59,13,320,3.8022046089172363,3.802504301071167,0.00029969215393066406
59,14,320,3.6261394023895264,3.625014543533325,-0.0011248588562011719
59,15,320,3.5645182132720947,3.5653576850891113,0.0008394718170166016
59,16,320,3.9106411933898926,3.9111952781677246,0.0005540847778320312
59,17,320,3.5231335163116455,3.5226123332977295,-0.0005211830139160156
59,18,320,2.905329942703247,2.905329942703247,0.0
59,19,320,2.5039193630218506,2.504319190979004,0.0003998279571533203
60,0,320,3.40600323677063,3.406574010848999,0.0005707740783691406
60,1,320,3.5302278995513916,3.531015396118164,0.0007874965667724609
60,2,320,3.4479353427886963,3.4487180709838867,0.0007827281951904297
60,3,320,2.9904139041900635,2.990330219268799,-8.368492126464844e-05
60,4,320,2.8394577503204346,2.838041067123413,-0.0014166831970214844
60,5,320,3.3308308124542236,3.329528331756592,-0.001302480697631836
60,6,320,3.317845106124878,3.317505121231079,-0.0003399848937988281
60,7,320,3.34153413772583,3.342052459716797,0.0005183219909667969
60,8,320,3.0509579181671143,3.051013231277466,5.53131103515625e-05
60,9,320,3.275113344192505,3.275862693786621,0.0007493495941162109
60,10,320,3.489503860473633,3.4899590015411377,0.0004551410675048828
60,11,320,3.0907936096191406,3.0910263061523438,0.000232696533203125
60,12,320,3.327287197113037,3.325998306274414,-0.0012888908386230469
60,13,320,3.8022046089172363,3.80277419090271,0.0005695819854736328
60,14,320,3.6261394023895264,3.6281681060791016,0.0020287036895751953
60,15,320,3.5645182132720947,3.5656776428222656,0.0011594295501708984
60,16,320,3.9106411933898926,3.910630702972412,-1.049041748046875e-05
60,17,320,3.5231335163116455,3.523365020751953,0.0002315044403076172
60,18,320,2.905329942703247,2.9056758880615234,0.0003459453582763672
60,19,320,2.5039193630218506,2.5045862197875977,0.0006668567657470703
61,0,320,3.40600323677063,3.4058423042297363,-0.0001609325408935547
61,1,320,3.5302278995513916,3.530346155166626,0.000118255615234375
61,2,320,3.4479353427886963,3.4475886821746826,-0.0003466606140136719
61,3,320,2.9904139041900635,2.991206169128418,0.0007922649383544922
61,4,320,2.8394577503204346,2.8387794494628906,-0.0006783008575439453
61,5,320,3.3308308124542236,3.3319122791290283,0.0010814666748046875
61,6,320,3.317845106124878,3.318666696548462,0.0008215904235839844
61,7,320,3.34153413772583,3.3427140712738037,0.0011799335479736328
61,8,320,3.0509579181671143,3.0529003143310547,0.0019423961639404297
61,9,320,3.275113344192505,3.2764086723327637,0.001295328140258789
61,10,320,3.489503860473633,3.491787910461426,0.0022840499877929688
61,11,320,3.0907936096191406,3.0923500061035156,0.001556396484375
61,12,320,3.327287197113037,3.326902151107788,-0.00038504600524902344
61,13,320,3.8022046089172363,3.802978277206421,0.0007736682891845703
61,14,320,3.6261394023895264,3.6268231868743896,0.0006837844848632812
61,15,320,3.5645182132720947,3.565378427505493,0.0008602142333984375
61,16,320,3.9106411933898926,3.9104421138763428,-0.0001990795135498047
61,17,320,3.5231335163116455,3.523451566696167,0.0003180503845214844
61,18,320,2.905329942703247,2.9067060947418213,0.0013761520385742188
61,19,320,2.5039193630218506,2.504457473754883,0.0005381107330322266
62,0,320,3.40600323677063,3.4058849811553955,-0.000118255615234375
62,1,320,3.5302278995513916,3.5311102867126465,0.0008823871612548828
62,2,320,3.4479353427886963,3.4480717182159424,0.00013637542724609375
62,3,320,2.9904139041900635,2.9884610176086426,-0.0019528865814208984
62,4,320,2.8394577503204346,2.8383712768554688,-0.0010864734649658203
62,5,320,3.3308308124542236,3.329772472381592,-0.001058340072631836
62,6,320,3.317845106124878,3.3174610137939453,-0.0003840923309326172
62,7,320,3.34153413772583,3.3413186073303223,-0.0002155303955078125
62,8,320,3.0509579181671143,3.0504579544067383,-0.0004999637603759766
62,9,320,3.275113344192505,3.2757601737976074,0.0006468296051025391
62,10,320,3.489503860473633,3.489151954650879,-0.00035190582275390625
62,11,320,3.0907936096191406,3.088010549545288,-0.002783060073852539
62,12,320,3.327287197113037,3.3274850845336914,0.00019788742065429688
62,13,320,3.8022046089172363,3.8019134998321533,-0.0002911090850830078
62,14,320,3.6261394023895264,3.62736177444458,0.001222372055053711
62,15,320,3.5645182132720947,3.5645222663879395,4.0531158447265625e-06
62,16,320,3.9106411933898926,3.911139965057373,0.0004987716674804688
62,17,320,3.5231335163116455,3.5221810340881348,-0.0009524822235107422
62,18,320,2.905329942703247,2.905042886734009,-0.00028705596923828125
62,19,320,2.5039193630218506,2.5056002140045166,0.0016808509826660156
63,0,320,3.40600323677063,3.4066104888916016,0.0006072521209716797
63,1,320,3.5302278995513916,3.529474973678589,-0.0007529258728027344
63,2,320,3.4479353427886963,3.4504263401031494,0.002490997314453125
63,3,320,2.9904139041900635,2.9947497844696045,0.004335880279541016
63,4,320,2.8394577503204346,2.841627597808838,0.0021698474884033203
63,5,320,3.3308308124542236,3.3337528705596924,0.00292205810546875
63,6,320,3.317845106124878,3.319239377975464,0.0013942718505859375
63,7,320,3.34153413772583,3.346172332763672,0.004638195037841797
63,8,320,3.0509579181671143,3.051450252532959,0.0004923343658447266
63,9,320,3.275113344192505,3.2771403789520264,0.0020270347595214844
63,10,320,3.489503860473633,3.494065046310425,0.004561185836791992
63,11,320,3.0907936096191406,3.091789722442627,0.0009961128234863281
63,12,320,3.327287197113037,3.3262040615081787,-0.0010831356048583984
63,13,320,3.8022046089172363,3.8030014038085938,0.0007967948913574219
63,14,320,3.6261394023895264,3.627495050430298,0.0013556480407714844
63,15,320,3.5645182132720947,3.564385175704956,-0.00013303756713867188
63,16,320,3.9106411933898926,3.911247968673706,0.0006067752838134766
63,17,320,3.5231335163116455,3.523934841156006,0.0008013248443603516
63,18,320,2.905329942703247,2.9054195880889893,8.96453857421875e-05
63,19,320,2.5039193630218506,2.502737283706665,-0.0011820793151855469
64,0,320,3.40600323677063,3.4051551818847656,-0.0008480548858642578
64,1,320,3.5302278995513916,3.5310633182525635,0.000835418701171875
64,2,320,3.4479353427886963,3.448214530944824,0.0002791881561279297
64,3,320,2.9904139041900635,2.9880752563476562,-0.0023386478424072266
64,4,320,2.8394577503204346,2.839599370956421,0.00014162063598632812
64,5,320,3.3308308124542236,3.3304672241210938,-0.0003635883331298828
64,6,320,3.317845106124878,3.316530704498291,-0.001314401626586914
64,7,320,3.34153413772583,3.340033769607544,-0.0015003681182861328
64,8,320,3.0509579181671143,3.052032232284546,0.0010743141174316406
64,9,320,3.275113344192505,3.275242567062378,0.00012922286987304688
64,10,320,3.489503860473633,3.4891433715820312,-0.0003604888916015625
64,11,320,3.0907936096191406,3.0902445316314697,-0.0005490779876708984
64,12,320,3.327287197113037,3.326624631881714,-0.0006625652313232422
64,13,320,3.8022046089172363,3.803507089614868,0.001302480697631836
64,14,320,3.6261394023895264,3.6254332065582275,-0.0007061958312988281
64,15,320,3.5645182132720947,3.564044952392578,-0.00047326087951660156
64,16,320,3.9106411933898926,3.912221670150757,0.0015804767608642578
64,17,320,3.5231335163116455,3.5245561599731445,0.0014226436614990234
64,18,320,2.905329942703247,2.9051859378814697,-0.00014400482177734375
64,19,320,2.5039193630218506,2.504603147506714,0.0006837844848632812
65,0,320,3.40600323677063,3.406240463256836,0.0002372264862060547
65,1,320,3.5302278995513916,3.5293993949890137,-0.0008285045623779297
65,2,320,3.4479353427886963,3.449275016784668,0.0013396739959716797
65,3,320,2.9904139041900635,2.9920308589935303,0.0016169548034667969
65,4,320,2.8394577503204346,2.8388421535491943,-0.0006155967712402344
65,5,320,3.3308308124542236,3.3331775665283203,0.0023467540740966797
65,6,320,3.317845106124878,3.318084955215454,0.00023984909057617188
65,7,320,3.34153413772583,3.3416738510131836,0.00013971328735351562
65,8,320,3.0509579181671143,3.050879955291748,-7.796287536621094e-05
65,9,320,3.275113344192505,3.2745399475097656,-0.0005733966827392578
65,10,320,3.489503860473633,3.4914934635162354,0.001989603042602539
65,11,320,3.0907936096191406,3.0914154052734375,0.000621795654296875
65,12,320,3.327287197113037,3.3270137310028076,-0.0002734661102294922
65,13,320,3.8022046089172363,3.8024909496307373,0.00028634071350097656
65,14,320,3.6261394023895264,3.6279523372650146,0.0018129348754882812
65,15,320,3.5645182132720947,3.5647289752960205,0.00021076202392578125
65,16,320,3.9106411933898926,3.9101030826568604,-0.0005381107330322266
65,17,320,3.5231335163116455,3.5230557918548584,-7.772445678710938e-05
65,18,320,2.905329942703247,2.904766798019409,-0.0005631446838378906
65,19,320,2.5039193630218506,2.503124952316284,-0.0007944107055664062
66,0,320,3.40600323677063,3.405273675918579,-0.0007295608520507812
66,1,320,3.5302278995513916,3.529090642929077,-0.0011372566223144531
66,2,320,3.4479353427886963,3.4482710361480713,0.000335693359375
66,3,320,2.9904139041900635,2.9902267456054688,-0.00018715858459472656
66,4,320,2.8394577503204346,2.840930938720703,0.0014731884002685547
66,5,320,3.3308308124542236,3.328975200653076,-0.001855611801147461
66,6,320,3.317845106124878,3.3177754878997803,-6.961822509765625e-05
66,7,320,3.34153413772583,3.340390205383301,-0.0011439323425292969
66,8,320,3.0509579181671143,3.0500872135162354,-0.0008707046508789062
66,9,320,3.275113344192505,3.2726190090179443,-0.002494335174560547
66,10,320,3.489503860473633,3.4891726970672607,-0.0003311634063720703
66,11,320,3.0907936096191406,3.093121290206909,0.0023276805877685547
66,12,320,3.327287197113037,3.327467918395996,0.00018072128295898438
66,13,320,3.8022046089172363,3.801635503768921,-0.0005691051483154297
66,14,320,3.6261394023895264,3.626325845718384,0.00018644332885742188
66,15,320,3.5645182132720947,3.563647985458374,-0.0008702278137207031
66,16,320,3.9106411933898926,3.909761905670166,-0.0008792877197265625
66,17,320,3.5231335163116455,3.5241103172302246,0.0009768009185791016
66,18,320,2.905329942703247,2.9050912857055664,-0.00023865699768066406
66,19,320,2.5039193630218506,2.5016677379608154,-0.0022516250610351562
67,0,320,3.40600323677063,3.4076972007751465,0.0016939640045166016
67,1,320,3.5302278995513916,3.530975818634033,0.0007479190826416016
67,2,320,3.4479353427886963,3.4476027488708496,-0.0003325939178466797
67,3,320,2.9904139041900635,2.9909346103668213,0.0005207061767578125
67,4,320,2.8394577503204346,2.8389034271240234,-0.0005543231964111328
67,5,320,3.3308308124542236,3.3301889896392822,-0.0006418228149414062
67,6,320,3.317845106124878,3.3181066513061523,0.00026154518127441406
67,7,320,3.34153413772583,3.3412325382232666,-0.00030159950256347656
67,8,320,3.0509579181671143,3.051790714263916,0.0008327960968017578
67,9,320,3.275113344192505,3.275059461593628,-5.3882598876953125e-05
67,10,320,3.489503860473633,3.490139961242676,0.0006361007690429688
67,11,320,3.0907936096191406,3.0920908451080322,0.0012972354888916016
67,12,320,3.327287197113037,3.327970266342163,0.0006830692291259766
67,13,320,3.8022046089172363,3.8027000427246094,0.0004954338073730469
67,14,320,3.6261394023895264,3.626513719558716,0.0003743171691894531
67,15,320,3.5645182132720947,3.564682960510254,0.0001647472381591797
67,16,320,3.9106411933898926,3.9125161170959473,0.0018749237060546875
67,17,320,3.5231335163116455,3.52400803565979,0.0008745193481445312
67,18,320,2.905329942703247,2.9043867588043213,-0.0009431838989257812
67,19,320,2.5039193630218506,2.5011165142059326,-0.0028028488159179688
68,0,320,3.40600323677063,3.4058151245117188,-0.0001881122589111328
68,1,320,3.5302278995513916,3.532254219055176,0.0020263195037841797
68,2,320,3.4479353427886963,3.4470314979553223,-0.0009038448333740234
68,3,320,2.9904139041900635,2.9890639781951904,-0.0013499259948730469
68,4,320,2.8394577503204346,2.8380613327026367,-0.0013964176177978516
68,5,320,3.3308308124542236,3.3298535346984863,-0.0009772777557373047
68,6,320,3.317845106124878,3.3164737224578857,-0.0013713836669921875
68,7,320,3.34153413772583,3.340451955795288,-0.0010821819305419922
68,8,320,3.0509579181671143,3.050784111022949,-0.00017380714416503906
68,9,320,3.275113344192505,3.276736259460449,0.001622915267944336
68,10,320,3.489503860473633,3.491888999938965,0.0023851394653320312
68,11,320,3.0907936096191406,3.0907533168792725,-4.029273986816406e-05
68,12,320,3.327287197113037,3.326180934906006,-0.00110626220703125
68,13,320,3.8022046089172363,3.803342342376709,0.0011377334594726562
68,14,320,3.6261394023895264,3.6250715255737305,-0.0010678768157958984
68,15,320,3.5645182132720947,3.5622236728668213,-0.0022945404052734375
68,16,320,3.9106411933898926,3.9108169078826904,0.00017571449279785156
68,17,320,3.5231335163116455,3.5254759788513184,0.0023424625396728516
68,18,320,2.905329942703247,2.9045002460479736,-0.0008296966552734375
68,19,320,2.5039193630218506,2.503387212753296,-0.0005321502685546875
69,0,320,3.40600323677063,3.4065136909484863,0.0005104541778564453
69,1,320,3.5302278995513916,3.5320560932159424,0.0018281936645507812
69,2,320,3.4479353427886963,3.4481656551361084,0.00023031234741210938
69,3,320,2.9904139041900635,2.9904990196228027,8.511543273925781e-05
69,4,320,2.8394577503204346,2.8396286964416504,0.0001709461212158203
69,5,320,3.3308308124542236,3.3291640281677246,-0.0016667842864990234
69,6,320,3.317845106124878,3.318429946899414,0.0005848407745361328
69,7,320,3.34153413772583,3.3425042629241943,0.0009701251983642578
69,8,320,3.0509579181671143,3.0496432781219482,-0.0013146400451660156
69,9,320,3.275113344192505,3.274174213409424,-0.0009391307830810547
69,10,320,3.489503860473633,3.48927640914917,-0.00022745132446289062
69,11,320,3.0907936096191406,3.090404510498047,-0.00038909912109375
69,12,320,3.327287197113037,3.3277437686920166,0.0004565715789794922
69,13,320,3.8022046089172363,3.8014519214630127,-0.0007526874542236328
69,14,320,3.6261394023895264,3.6270556449890137,0.0009162425994873047
69,15,320,3.5645182132720947,3.5636544227600098,-0.0008637905120849609
69,16,320,3.9106411933898926,3.913614511489868,0.002973318099975586
69,17,320,3.5231335163116455,3.5239346027374268,0.00080108642578125
69,18,320,2.905329942703247,2.906301259994507,0.0009713172912597656
69,19,320,2.5039193630218506,2.504697799682617,0.0007784366607666016
70,0,320,3.40600323677063,3.4066972732543945,0.0006940364837646484
70,1,320,3.5302278995513916,3.5313057899475098,0.001077890396118164
70,2,320,3.4479353427886963,3.4477853775024414,-0.0001499652862548828
70,3,320,2.9904139041900635,2.9914379119873047,0.001024007797241211
70,4,320,2.8394577503204346,2.8407106399536133,0.001252889633178711
70,5,320,3.3308308124542236,3.3316385746002197,0.0008077621459960938
70,6,320,3.317845106124878,3.3173370361328125,-0.0005080699920654297
70,7,320,3.34153413772583,3.342304229736328,0.0007700920104980469
70,8,320,3.0509579181671143,3.0504751205444336,-0.00048279762268066406
70,9,320,3.275113344192505,3.2765309810638428,0.0014176368713378906
70,10,320,3.489503860473633,3.488579273223877,-0.0009245872497558594
70,11,320,3.0907936096191406,3.0919060707092285,0.0011124610900878906
70,12,320,3.327287197113037,3.3287758827209473,0.0014886856079101562
70,13,320,3.8022046089172363,3.8022544384002686,4.982948303222656e-05
70,14,320,3.6261394023895264,3.6266837120056152,0.0005443096160888672
70,15,320,3.5645182132720947,3.566120147705078,0.0016019344329833984
70,16,320,3.9106411933898926,3.9104793071746826,-0.00016188621520996094
70,17,320,3.5231335163116455,3.524423122406006,0.0012896060943603516
70,18,320,2.905329942703247,2.9059054851531982,0.0005755424499511719
70,19,320,2.5039193630218506,2.5040619373321533,0.00014257431030273438
71,0,320,3.40600323677063,3.405217170715332,-0.0007860660552978516
71,1,320,3.5302278995513916,3.5291852951049805,-0.0010426044464111328
71,2,320,3.4479353427886963,3.4480156898498535,8.034706115722656e-05
71,3,320,2.9904139041900635,2.988501787185669,-0.0019121170043945312
71,4,320,2.8394577503204346,2.839543104171753,8.535385131835938e-05
71,5,320,3.3308308124542236,3.3302559852600098,-0.0005748271942138672
71,6,320,3.317845106124878,3.3210859298706055,0.003240823745727539
71,7,320,3.34153413772583,3.342378854751587,0.0008447170257568359
71,8,320,3.0509579181671143,3.052517890930176,0.0015599727630615234
71,9,320,3.275113344192505,3.274754285812378,-0.0003590583801269531
71,10,320,3.489503860473633,3.4892256259918213,-0.00027823448181152344
71,11,320,3.0907936096191406,3.0901098251342773,-0.0006837844848632812
71,12,320,3.327287197113037,3.3275160789489746,0.0002288818359375
71,13,320,3.8022046089172363,3.8009562492370605,-0.0012483596801757812
71,14,320,3.6261394023895264,3.6259546279907227,-0.00018477439880371094
71,15,320,3.5645182132720947,3.5659563541412354,0.001438140869140625
71,16,320,3.9106411933898926,3.911071538925171,0.0004303455352783203
71,17,320,3.5231335163116455,3.521552085876465,-0.001581430435180664
71,18,320,2.905329942703247,2.9070382118225098,0.0017082691192626953
71,19,320,2.5039193630218506,2.5042614936828613,0.0003421306610107422
72,0,320,3.40600323677063,3.4051592350006104,-0.0008440017700195312
72,1,320,3.5302278995513916,3.5300540924072266,-0.00017380714416503906
72,2,320,3.4479353427886963,3.4485225677490234,0.0005872249603271484
72,3,320,2.9904139041900635,2.9919822216033936,0.0015683174133300781
72,4,320,2.8394577503204346,2.840059995651245,0.0006022453308105469
72,5,320,3.3308308124542236,3.3316755294799805,0.0008447170257568359
72,6,320,3.317845106124878,3.317640781402588,-0.00020432472229003906
72,7,320,3.34153413772583,3.34081768989563,-0.0007164478302001953
72,8,320,3.0509579181671143,3.051133394241333,0.00017547607421875
72,9,320,3.275113344192505,3.2758700847625732,0.0007567405700683594
72,10,320,3.489503860473633,3.490041971206665,0.0005381107330322266
72,11,320,3.0907936096191406,3.0895819664001465,-0.0012116432189941406
72,12,320,3.327287197113037,3.3277292251586914,0.0004420280456542969
72,13,320,3.8022046089172363,3.802464008331299,0.0002593994140625
72,14,320,3.6261394023895264,3.6244828701019287,-0.0016565322875976562
72,15,320,3.5645182132720947,3.5646941661834717,0.00017595291137695312
72,16,320,3.9106411933898926,3.9110214710235596,0.0003802776336669922
72,17,320,3.5231335163116455,3.5227487087249756,-0.0003848075866699219
72,18,320,2.905329942703247,2.906412363052368,0.0010824203491210938
72,19,320,2.5039193630218506,2.5036826133728027,-0.00023674964904785156
73,0,320,3.40600323677063,3.4064085483551025,0.00040531158447265625
73,1,320,3.5302278995513916,3.5302093029022217,-1.8596649169921875e-05
73,2,320,3.4479353427886963,3.448260545730591,0.00032520294189453125
73,3,320,2.9904139041900635,2.991513729095459,0.0010998249053955078
73,4,320,2.8394577503204346,2.8400566577911377,0.000598907470703125
73,5,320,3.3308308124542236,3.3323962688446045,0.0015654563903808594
73,6,320,3.317845106124878,3.318246364593506,0.0004012584686279297
73,7,320,3.34153413772583,3.3404505252838135,-0.0010836124420166016
73,8,320,3.0509579181671143,3.0516610145568848,0.0007030963897705078
73,9,320,3.275113344192505,3.27626371383667,0.001150369644165039
73,10,320,3.489503860473633,3.4914391040802,0.0019352436065673828
73,11,320,3.0907936096191406,3.0923044681549072,0.0015108585357666016
73,12,320,3.327287197113037,3.3271143436431885,-0.0001728534698486328
73,13,320,3.8022046089172363,3.8003792762756348,-0.0018253326416015625
73,14,320,3.6261394023895264,3.6277732849121094,0.0016338825225830078
73,15,320,3.5645182132720947,3.564145565032959,-0.0003726482391357422
73,16,320,3.9106411933898926,3.9144370555877686,0.0037958621978759766
73,17,320,3.5231335163116455,3.523353099822998,0.00021958351135253906
73,18,320,2.905329942703247,2.9057271480560303,0.0003972053527832031
73,19,320,2.5039193630218506,2.5032615661621094,-0.0006577968597412109
74,0,320,3.40600323677063,3.4051785469055176,-0.0008246898651123047
74,1,320,3.5302278995513916,3.5315093994140625,0.0012814998626708984
74,2,320,3.4479353427886963,3.446699619293213,-0.0012357234954833984
74,3,320,2.9904139041900635,2.989811897277832,-0.0006020069122314453
74,4,320,2.8394577503204346,2.839242696762085,-0.00021505355834960938
74,5,320,3.3308308124542236,3.331651449203491,0.0008206367492675781
74,6,320,3.317845106124878,3.317633867263794,-0.00021123886108398438
74,7,320,3.34153413772583,3.3403377532958984,-0.0011963844299316406
74,8,320,3.0509579181671143,3.051124334335327,0.00016641616821289062
74,9,320,3.275113344192505,3.2747247219085693,-0.0003886222839355469
74,10,320,3.489503860473633,3.4906766414642334,0.001172780990600586
74,11,320,3.0907936096191406,3.091447353363037,0.0006537437438964844
74,12,320,3.327287197113037,3.325807571411133,-0.0014796257019042969
74,13,320,3.8022046089172363,3.8028035163879395,0.000598907470703125
74,14,320,3.6261394023895264,3.6266324520111084,0.0004930496215820312
74,15,320,3.5645182132720947,3.5655758380889893,0.0010576248168945312
74,16,320,3.9106411933898926,3.9124677181243896,0.0018265247344970703
74,17,320,3.5231335163116455,3.5279438495635986,0.004810333251953125
74,18,320,2.905329942703247,2.9055962562561035,0.0002663135528564453
74,19,320,2.5039193630218506,2.505169630050659,0.0012502670288085938
75,0,320,3.40600323677063,3.4082436561584473,0.002240419387817383
75,1,320,3.5302278995513916,3.531327724456787,0.0010998249053955078
75,2,320,3.4479353427886963,3.4485275745391846,0.0005922317504882812
75,3,320,2.9904139041900635,2.990647315979004,0.0002334117889404297
75,4,320,2.8394577503204346,2.8378374576568604,-0.0016202926635742188
75,5,320,3.3308308124542236,3.3288509845733643,-0.001979827880859375
75,6,320,3.317845106124878,3.3188092708587646,0.0009641647338867188
75,7,320,3.34153413772583,3.34027361869812,-0.001260519027709961
75,8,320,3.0509579181671143,3.0516979694366455,0.00074005126953125
75,9,320,3.275113344192505,3.2753162384033203,0.0002028942108154297
75,10,320,3.489503860473633,3.488515853881836,-0.000988006591796875
75,11,320,3.0907936096191406,3.0910823345184326,0.0002887248992919922
75,12,320,3.327287197113037,3.326958417892456,-0.0003287792205810547
75,13,320,3.8022046089172363,3.8024964332580566,0.0002918243408203125
75,14,320,3.6261394023895264,3.627931594848633,0.0017921924591064453
75,15,320,3.5645182132720947,3.5639641284942627,-0.0005540847778320312
75,16,320,3.9106411933898926,3.9098093509674072,-0.0008318424224853516
75,17,320,3.5231335163116455,3.523252010345459,0.00011849403381347656
75,18,320,2.905329942703247,2.9060726165771484,0.0007426738739013672
75,19,320,2.5039193630218506,2.5037431716918945,-0.0001761913299560547
76,0,320,3.40600323677063,3.4069552421569824,0.0009520053863525391
76,1,320,3.5302278995513916,3.5287861824035645,-0.0014417171478271484
76,2,320,3.4479353427886963,3.4488894939422607,0.0009541511535644531
76,3,320,2.9904139041900635,2.9909303188323975,0.0005164146423339844
76,4,320,2.8394577503204346,2.84012770652771,0.0006699562072753906
76,5,320,3.3308308124542236,3.330200433731079,-0.0006303787231445312
76,6,320,3.317845106124878,3.3190598487854004,0.001214742660522461
76,7,320,3.34153413772583,3.3419690132141113,0.00043487548828125
76,8,320,3.0509579181671143,3.0521240234375,0.0011661052703857422
76,9,320,3.275113344192505,3.27579665184021,0.0006833076477050781
76,10,320,3.489503860473633,3.487537384033203,-0.0019664764404296875
76,11,320,3.0907936096191406,3.08974027633667,-0.0010533332824707031
76,12,320,3.327287197113037,3.3280110359191895,0.0007238388061523438
76,13,320,3.8022046089172363,3.8022971153259277,9.250640869140625e-05
76,14,320,3.6261394023895264,3.624905586242676,-0.001233816146850586
76,15,320,3.5645182132720947,3.563504695892334,-0.0010135173797607422
76,16,320,3.9106411933898926,3.9092180728912354,-0.0014231204986572266
76,17,320,3.5231335163116455,3.524273633956909,0.0011401176452636719
76,18,320,2.905329942703247,2.9047605991363525,-0.0005693435668945312
76,19,320,2.5039193630218506,2.503793716430664,-0.00012564659118652344
77,0,320,3.40600323677063,3.4059269428253174,-7.62939453125e-05
77,1,320,3.5302278995513916,3.5285146236419678,-0.0017132759094238281
77,2,320,3.4479353427886963,3.4480478763580322,0.0001125335693359375
77,3,320,2.9904139041900635,2.9906632900238037,0.0002493858337402344
77,4,320,2.8394577503204346,2.84049916267395,0.001041412353515625
77,5,320,3.3308308124542236,3.3305652141571045,-0.0002655982971191406
77,6,320,3.317845106124878,3.318406820297241,0.0005617141723632812
77,7,320,3.34153413772583,3.3399205207824707,-0.001613616943359375
77,8,320,3.0509579181671143,3.0507078170776367,-0.00025010108947753906
77,9,320,3.275113344192505,3.274366617202759,-0.0007467269897460938
77,10,320,3.489503860473633,3.488788604736328,-0.0007152557373046875
77,11,320,3.0907936096191406,3.090118885040283,-0.0006747245788574219
77,12,320,3.327287197113037,3.326465368270874,-0.0008218288421630859
77,13,320,3.8022046089172363,3.8012096881866455,-0.0009949207305908203
77,14,320,3.6261394023895264,3.6266961097717285,0.0005567073822021484
77,15,320,3.5645182132720947,3.5640580654144287,-0.0004601478576660156
77,16,320,3.9106411933898926,3.9109549522399902,0.00031375885009765625
77,17,320,3.5231335163116455,3.524526596069336,0.0013930797576904297
77,18,320,2.905329942703247,2.904521942138672,-0.0008080005645751953
77,19,320,2.5039193630218506,2.505256414413452,0.0013370513916015625
78,0,320,3.40600323677063,3.4063308238983154,0.0003275871276855469
78,1,320,3.5302278995513916,3.531248092651367,0.001020193099975586
78,2,320,3.4479353427886963,3.4485130310058594,0.0005776882171630859
78,3,320,2.9904139041900635,2.989884614944458,-0.0005292892456054688
78,4,320,2.8394577503204346,2.8395018577575684,4.410743713378906e-05
78,5,320,3.3308308124542236,3.3299083709716797,-0.0009224414825439453
78,6,320,3.317845106124878,3.3208413124084473,0.002996206283569336
78,7,320,3.34153413772583,3.342804193496704,0.0012700557708740234
78,8,320,3.0509579181671143,3.052062749862671,0.0011048316955566406
78,9,320,3.275113344192505,3.2742440700531006,-0.0008692741394042969
78,10,320,3.489503860473633,3.4927730560302734,0.003269195556640625
78,11,320,3.0907936096191406,3.089087724685669,-0.0017058849334716797
78,12,320,3.327287197113037,3.328037738800049,0.0007505416870117188
78,13,320,3.8022046089172363,3.803661584854126,0.0014569759368896484
78,14,320,3.6261394023895264,3.6266815662384033,0.0005421638488769531
78,15,320,3.5645182132720947,3.565406084060669,0.0008878707885742188
78,16,320,3.9106411933898926,3.9119632244110107,0.001322031021118164
78,17,320,3.5231335163116455,3.5224037170410156,-0.0007297992706298828
78,18,320,2.905329942703247,2.905266046524048,-6.389617919921875e-05
78,19,320,2.5039193630218506,2.5043132305145264,0.00039386749267578125
79,0,320,3.40600323677063,3.405391216278076,-0.0006120204925537109
79,1,320,3.5302278995513916,3.5321850776672363,0.0019571781158447266
79,2,320,3.4479353427886963,3.4476613998413086,-0.0002739429473876953
79,3,320,2.9904139041900635,2.9892749786376953,-0.001138925552368164
79,4,320,2.8394577503204346,2.840040922164917,0.0005831718444824219
79,5,320,3.3308308124542236,3.3348143100738525,0.003983497619628906
79,6,320,3.317845106124878,3.318349838256836,0.0005047321319580078
79,7,320,3.34153413772583,3.3411402702331543,-0.00039386749267578125
79,8,320,3.0509579181671143,3.051185131072998,0.00022721290588378906
79,9,320,3.275113344192505,3.274327039718628,-0.0007863044738769531
79,10,320,3.489503860473633,3.4900856018066406,0.0005817413330078125
79,11,320,3.0907936096191406,3.091529369354248,0.0007357597351074219
79,12,320,3.327287197113037,3.326660633087158,-0.0006265640258789062
79,13,320,3.8022046089172363,3.804649829864502,0.002445220947265625
79,14,320,3.6261394023895264,3.6257026195526123,-0.0004367828369140625
79,15,320,3.5645182132720947,3.5646209716796875,0.00010275840759277344
79,16,320,3.9106411933898926,3.9117326736450195,0.0010914802551269531
79,17,320,3.5231335163116455,3.5234384536743164,0.00030493736267089844
79,18,320,2.905329942703247,2.906052589416504,0.0007226467132568359
79,19,320,2.5039193630218506,2.503122329711914,-0.0007970333099365234
80,0,320,3.40600323677063,3.4064950942993164,0.0004918575286865234
80,1,320,3.5302278995513916,3.529672622680664,-0.0005552768707275391
80,2,320,3.4479353427886963,3.4469285011291504,-0.0010068416595458984
80,3,320,2.9904139041900635,2.9888827800750732,-0.0015311241149902344
80,4,320,2.8394577503204346,2.8402843475341797,0.0008265972137451172
80,5,320,3.3308308124542236,3.329723834991455,-0.0011069774627685547
80,6,320,3.317845106124878,3.3171825408935547,-0.0006625652313232422
80,7,320,3.34153413772583,3.3412065505981445,-0.0003275871276855469
80,8,320,3.0509579181671143,3.0514094829559326,0.0004515647888183594
80,9,320,3.275113344192505,3.2743542194366455,-0.000759124755859375
80,10,320,3.489503860473633,3.4891562461853027,-0.0003476142883300781
80,11,320,3.0907936096191406,3.092258930206299,0.0014653205871582031
80,12,320,3.327287197113037,3.3270719051361084,-0.00021529197692871094
80,13,320,3.8022046089172363,3.801612138748169,-0.0005924701690673828
80,14,320,3.6261394023895264,3.624288558959961,-0.0018508434295654297
80,15,320,3.5645182132720947,3.564183235168457,-0.0003349781036376953
80,16,320,3.9106411933898926,3.9110846519470215,0.00044345855712890625
80,17,320,3.5231335163116455,3.5217154026031494,-0.0014181137084960938
80,18,320,2.905329942703247,2.9059717655181885,0.0006418228149414062
80,19,320,2.5039193630218506,2.5039963722229004,7.700920104980469e-05
81,0,320,3.40600323677063,3.405526638031006,-0.00047659873962402344
81,1,320,3.5302278995513916,3.530489921569824,0.0002620220184326172
81,2,320,3.4479353427886963,3.4476277828216553,-0.0003075599670410156
81,3,320,2.9904139041900635,2.989851713180542,-0.0005621910095214844
81,4,320,2.8394577503204346,2.8406336307525635,0.0011758804321289062
81,5,320,3.3308308124542236,3.333237409591675,0.002406597137451172
81,6,320,3.317845106124878,3.3182036876678467,0.00035858154296875
81,7,320,3.34153413772583,3.3420066833496094,0.0004725456237792969
81,8,320,3.0509579181671143,3.051849365234375,0.0008914470672607422
81,9,320,3.275113344192505,3.2741522789001465,-0.0009610652923583984
81,10,320,3.489503860473633,3.4886679649353027,-0.0008358955383300781
81,11,320,3.0907936096191406,3.090088129043579,-0.0007054805755615234
81,12,320,3.327287197113037,3.326883316040039,-0.0004038810729980469
81,13,320,3.8022046089172363,3.8022661209106445,6.151199340820312e-05
81,14,320,3.6261394023895264,3.62658953666687,0.00045013427734375
81,15,320,3.5645182132720947,3.5627787113189697,-0.001739501953125
81,16,320,3.9106411933898926,3.9091198444366455,-0.0015213489532470703
81,17,320,3.5231335163116455,3.5236170291900635,0.00048351287841796875
81,18,320,2.905329942703247,2.9046506881713867,-0.0006792545318603516
81,19,320,2.5039193630218506,2.503185510635376,-0.0007338523864746094
82,0,320,3.40600323677063,3.4056575298309326,-0.0003457069396972656
82,1,320,3.5302278995513916,3.5308127403259277,0.0005848407745361328
82,2,320,3.4479353427886963,3.4484333992004395,0.0004980564117431641
82,3,320,2.9904139041900635,2.9913253784179688,0.0009114742279052734
82,4,320,2.8394577503204346,2.8394951820373535,3.743171691894531e-05
82,5,320,3.3308308124542236,3.3308145999908447,-1.621246337890625e-05
82,6,320,3.317845106124878,3.3181562423706055,0.00031113624572753906
82,7,320,3.34153413772583,3.3437490463256836,0.0022149085998535156
82,8,320,3.0509579181671143,3.0515124797821045,0.0005545616149902344
82,9,320,3.275113344192505,3.2750940322875977,-1.9311904907226562e-05
82,10,320,3.489503860473633,3.489030122756958,-0.0004737377166748047
82,11,320,3.0907936096191406,3.0916943550109863,0.0009007453918457031
82,12,320,3.327287197113037,3.3283824920654297,0.0010952949523925781
82,13,320,3.8022046089172363,3.8031420707702637,0.0009374618530273438
82,14,320,3.6261394023895264,3.6256182193756104,-0.0005211830139160156
82,15,320,3.5645182132720947,3.5635147094726562,-0.0010035037994384766
82,16,320,3.9106411933898926,3.910165309906006,-0.00047588348388671875
82,17,320,3.5231335163116455,3.5242199897766113,0.0010864734649658203
82,18,320,2.905329942703247,2.9064691066741943,0.0011391639709472656
82,19,320,2.5039193630218506,2.5038883686065674,-3.0994415283203125e-05
83,0,320,3.40600323677063,3.408247232437134,0.0022439956665039062
83,1,320,3.5302278995513916,3.5307791233062744,0.0005512237548828125
83,2,320,3.4479353427886963,3.4467575550079346,-0.0011777877807617188
83,3,320,2.9904139041900635,2.991029977798462,0.0006160736083984375
83,4,320,2.8394577503204346,2.8389153480529785,-0.0005424022674560547
83,5,320,3.3308308124542236,3.3334381580352783,0.0026073455810546875
83,6,320,3.317845106124878,3.317387342453003,-0.000457763671875
83,7,320,3.34153413772583,3.342559337615967,0.0010251998901367188
83,8,320,3.0509579181671143,3.0511112213134766,0.0001533031463623047
83,9,320,3.275113344192505,3.2753725051879883,0.00025916099548339844
83,10,320,3.489503860473633,3.4886934757232666,-0.0008103847503662109
83,11,320,3.0907936096191406,3.0917563438415527,0.0009627342224121094
83,12,320,3.327287197113037,3.3275582790374756,0.00027108192443847656
83,13,320,3.8022046089172363,3.804229497909546,0.0020248889923095703
83,14,320,3.6261394023895264,3.626378059387207,0.00023865699768066406
83,15,320,3.5645182132720947,3.5646162033081055,9.799003601074219e-05
83,16,320,3.9106411933898926,3.9115066528320312,0.0008654594421386719
83,17,320,3.5231335163116455,3.5240023136138916,0.0008687973022460938
83,18,320,2.905329942703247,2.9054183959960938,8.845329284667969e-05
83,19,320,2.5039193630218506,2.5041587352752686,0.00023937225341796875
84,0,320,3.40600323677063,3.407789468765259,0.0017862319946289062
84,1,320,3.5302278995513916,3.5300698280334473,-0.00015807151794433594
84,2,320,3.4479353427886963,3.448533296585083,0.0005979537963867188
84,3,320,2.9904139041900635,2.9895081520080566,-0.0009057521820068359
84,4,320,2.8394577503204346,2.837682008743286,-0.0017757415771484375
84,5,320,3.3308308124542236,3.329453229904175,-0.0013775825500488281
84,6,320,3.317845106124878,3.3160226345062256,-0.0018224716186523438
84,7,320,3.34153413772583,3.3411107063293457,-0.000423431396484375
84,8,320,3.0509579181671143,3.0516417026519775,0.0006837844848632812
84,9,320,3.275113344192505,3.2736568450927734,-0.0014564990997314453
84,10,320,3.489503860473633,3.4886245727539062,-0.0008792877197265625
84,11,320,3.0907936096191406,3.0925204753875732,0.0017268657684326172
84,12,320,3.327287197113037,3.3257241249084473,-0.0015630722045898438
84,13,320,3.8022046089172363,3.801547050476074,-0.0006575584411621094
84,14,320,3.6261394023895264,3.6252453327178955,-0.0008940696716308594
84,15,320,3.5645182132720947,3.565589427947998,0.0010712146759033203
84,16,320,3.9106411933898926,3.9111900329589844,0.0005488395690917969
84,17,320,3.5231335163116455,3.524559736251831,0.0014262199401855469
84,18,320,2.905329942703247,2.90484881401062,-0.0004811286926269531
84,19,320,2.5039193630218506,2.5047059059143066,0.0007865428924560547
85,0,320,3.40600323677063,3.4055073261260986,-0.00049591064453125
85,1,320,3.5302278995513916,3.5293164253234863,-0.0009114742279052734
85,2,320,3.4479353427886963,3.4496169090270996,0.0016815662384033203
85,3,320,2.9904139041900635,2.989229440689087,-0.0011844635009765625
85,4,320,2.8394577503204346,2.838756561279297,-0.0007011890411376953
85,5,320,3.3308308124542236,3.3297295570373535,-0.0011012554168701172
85,6,320,3.317845106124878,3.3170299530029297,-0.0008151531219482422
85,7,320,3.34153413772583,3.340198278427124,-0.0013358592987060547
85,8,320,3.0509579181671143,3.0489203929901123,-0.002037525177001953
85,9,320,3.275113344192505,3.274217367172241,-0.0008959770202636719
85,10,320,3.489503860473633,3.4878947734832764,-0.0016090869903564453
85,11,320,3.0907936096191406,3.0897316932678223,-0.0010619163513183594
85,12,320,3.327287197113037,3.32759428024292,0.0003070831298828125
85,13,320,3.8022046089172363,3.8038508892059326,0.001646280288696289
85,14,320,3.6261394023895264,3.625596523284912,-0.0005428791046142578
85,15,320,3.5645182132720947,3.564401388168335,-0.00011682510375976562
85,16,320,3.9106411933898926,3.910311222076416,-0.0003299713134765625
85,17,320,3.5231335163116455,3.523552179336548,0.00041866302490234375
85,18,320,2.905329942703247,2.90445613861084,-0.0008738040924072266
85,19,320,2.5039193630218506,2.503567934036255,-0.0003514289855957031
86,0,320,3.40600323677063,3.4060943126678467,9.107589721679688e-05
86,1,320,3.5302278995513916,3.5299365520477295,-0.0002913475036621094
86,2,320,3.4479353427886963,3.448023557662964,8.821487426757812e-05
86,3,320,2.9904139041900635,2.9901630878448486,-0.00025081634521484375
86,4,320,2.8394577503204346,2.8414738178253174,0.0020160675048828125
86,5,320,3.3308308124542236,3.3321096897125244,0.0012788772583007812
86,6,320,3.317845106124878,3.3185408115386963,0.0006957054138183594
86,7,320,3.34153413772583,3.343090057373047,0.0015559196472167969
86,8,320,3.0509579181671143,3.0517258644104004,0.0007679462432861328
86,9,320,3.275113344192505,3.2743773460388184,-0.0007359981536865234
86,10,320,3.489503860473633,3.4895143508911133,1.049041748046875e-05
86,11,320,3.0907936096191406,3.0926547050476074,0.0018610954284667969
86,12,320,3.327287197113037,3.3269553184509277,-0.000331878662109375
86,13,320,3.8022046089172363,3.8029065132141113,0.000701904296875
86,14,320,3.6261394023895264,3.6264517307281494,0.0003123283386230469
86,15,320,3.5645182132720947,3.5665626525878906,0.0020444393157958984
86,16,320,3.9106411933898926,3.9117672443389893,0.0011260509490966797
86,17,320,3.5231335163116455,3.523444890975952,0.0003113746643066406
86,18,320,2.905329942703247,2.904947519302368,-0.00038242340087890625
86,19,320,2.5039193630218506,2.5044519901275635,0.0005326271057128906
87,0,320,3.40600323677063,3.407238721847534,0.0012354850769042969
87,1,320,3.5302278995513916,3.528165817260742,-0.002062082290649414
87,2,320,3.4479353427886963,3.447608232498169,-0.00032711029052734375
87,3,320,2.9904139041900635,2.990799903869629,0.0003859996795654297
87,4,320,2.8394577503204346,2.8400487899780273,0.0005910396575927734
87,5,320,3.3308308124542236,3.330115795135498,-0.0007150173187255859
87,6,320,3.317845106124878,3.319300889968872,0.0014557838439941406
87,7,320,3.34153413772583,3.3420400619506836,0.0005059242248535156
87,8,320,3.0509579181671143,3.051466703414917,0.0005087852478027344
87,9,320,3.275113344192505,3.2762696743011475,0.0011563301086425781
87,10,320,3.489503860473633,3.4906699657440186,0.0011661052703857422
87,11,320,3.0907936096191406,3.0895626544952393,-0.0012309551239013672
87,12,320,3.327287197113037,3.326190710067749,-0.001096487045288086
87,13,320,3.8022046089172363,3.802562952041626,0.00035834312438964844
87,14,320,3.6261394023895264,3.627208948135376,0.0010695457458496094
87,15,320,3.5645182132720947,3.5651662349700928,0.0006480216979980469
87,16,320,3.9106411933898926,3.9096994400024414,-0.0009417533874511719
87,17,320,3.5231335163116455,3.5240869522094727,0.0009534358978271484
87,18,320,2.905329942703247,2.9052987098693848,-3.123283386230469e-05
87,19,320,2.5039193630218506,2.505056381225586,0.0011370182037353516
88,0,320,3.40600323677063,3.4058313369750977,-0.00017189979553222656
88,1,320,3.5302278995513916,3.5303001403808594,7.224082946777344e-05
88,2,320,3.4479353427886963,3.449230670928955,0.001295328140258789
88,3,320,2.9904139041900635,2.9915614128112793,0.0011475086212158203
88,4,320,2.8394577503204346,2.8378984928131104,-0.0015592575073242188
88,5,320,3.3308308124542236,3.3319594860076904,0.0011286735534667969
88,6,320,3.317845106124878,3.320124387741089,0.0022792816162109375
88,7,320,3.34153413772583,3.3411166667938232,-0.00041747093200683594
88,8,320,3.0509579181671143,3.0521860122680664,0.0012280941009521484
88,9,320,3.275113344192505,3.2744877338409424,-0.0006256103515625
88,10,320,3.489503860473633,3.491353988647461,0.001850128173828125
88,11,320,3.0907936096191406,3.0890538692474365,-0.0017397403717041016
88,12,320,3.327287197113037,3.327768325805664,0.0004811286926269531
88,13,320,3.8022046089172363,3.8034555912017822,0.0012509822845458984
88,14,320,3.6261394023895264,3.625502586364746,-0.0006368160247802734
88,15,320,3.5645182132720947,3.5668106079101562,0.0022923946380615234
88,16,320,3.9106411933898926,3.9120242595672607,0.001383066177368164
88,17,320,3.5231335163116455,3.5231316089630127,-1.9073486328125e-06
88,18,320,2.905329942703247,2.9042036533355713,-0.0011262893676757812
88,19,320,2.5039193630218506,2.506415843963623,0.002496480941772461
89,0,320,3.40600323677063,3.4056997299194336,-0.00030350685119628906
89,1,320,3.5302278995513916,3.5287837982177734,-0.001444101333618164
89,2,320,3.4479353427886963,3.4488563537597656,0.0009210109710693359
89,3,320,2.9904139041900635,2.9894556999206543,-0.0009582042694091797
89,4,320,2.8394577503204346,2.8389768600463867,-0.00048089027404785156
89,5,320,3.3308308124542236,3.3319196701049805,0.001088857650756836
89,6,320,3.317845106124878,3.3165159225463867,-0.001329183578491211
89,7,320,3.34153413772583,3.3428900241851807,0.001355886459350586
89,8,320,3.0509579181671143,3.049513816833496,-0.001444101333618164
89,9,320,3.275113344192505,3.274500846862793,-0.0006124973297119141
89,10,320,3.489503860473633,3.489053964614868,-0.00044989585876464844
89,11,320,3.0907936096191406,3.0879485607147217,-0.0028450489044189453
89,12,320,3.327287197113037,3.3277058601379395,0.00041866302490234375
89,13,320,3.8022046089172363,3.802198886871338,-5.7220458984375e-06
89,14,320,3.6261394023895264,3.6274123191833496,0.0012729167938232422
89,15,320,3.5645182132720947,3.5643134117126465,-0.0002048015594482422
89,16,320,3.9106411933898926,3.9119224548339844,0.0012812614440917969
89,17,320,3.5231335163116455,3.5224974155426025,-0.0006361007690429688
89,18,320,2.905329942703247,2.9059252738952637,0.0005953311920166016
89,19,320,2.5039193630218506,2.5034923553466797,-0.00042700767517089844
90,0,320,3.40600323677063,3.4054782390594482,-0.0005249977111816406
90,1,320,3.5302278995513916,3.530805826187134,0.0005779266357421875
90,2,320,3.4479353427886963,3.4548022747039795,0.006866931915283203
90,3,320,2.9904139041900635,2.9928126335144043,0.0023987293243408203
90,4,320,2.8394577503204346,2.8408448696136475,0.0013871192932128906
90,5,320,3.3308308124542236,3.331261396408081,0.0004305839538574219
90,6,320,3.317845106124878,3.3173341751098633,-0.0005109310150146484
90,7,320,3.34153413772583,3.341078042984009,-0.00045609474182128906
90,8,320,3.0509579181671143,3.053431987762451,0.002474069595336914
90,9,320,3.275113344192505,3.2756261825561523,0.0005128383636474609
90,10,320,3.489503860473633,3.4918434619903564,0.002339601516723633
90,11,320,3.0907936096191406,3.0913546085357666,0.0005609989166259766
90,12,320,3.327287197113037,3.3406124114990234,0.013325214385986328
90,13,320,3.8022046089172363,3.8028488159179688,0.0006442070007324219
90,14,320,3.6261394023895264,3.625333309173584,-0.0008060932159423828
90,15,320,3.5645182132720947,3.564486026763916,-3.218650817871094e-05
90,16,320,3.9106411933898926,3.9103903770446777,-0.00025081634521484375
90,17,320,3.5231335163116455,3.5224435329437256,-0.0006899833679199219
90,18,320,2.905329942703247,2.9062819480895996,0.0009520053863525391
90,19,320,2.5039193630218506,2.504375457763672,0.00045609474182128906
91,0,320,3.40600323677063,3.4063570499420166,0.00035381317138671875
91,1,320,3.5302278995513916,3.531144618988037,0.0009167194366455078
91,2,320,3.4479353427886963,3.446697950363159,-0.0012373924255371094
91,3,320,2.9904139041900635,2.9913482666015625,0.0009343624114990234
91,4,320,2.8394577503204346,2.8383595943450928,-0.0010981559753417969
91,5,320,3.3308308124542236,3.3312108516693115,0.0003800392150878906
91,6,320,3.317845106124878,3.31911301612854,0.0012679100036621094
91,7,320,3.34153413772583,3.3417916297912598,0.0002574920654296875
91,8,320,3.0509579181671143,3.051933765411377,0.0009758472442626953
91,9,320,3.275113344192505,3.2763144969940186,0.0012011528015136719
91,10,320,3.489503860473633,3.489384651184082,-0.00011920928955078125
91,11,320,3.0907936096191406,3.090437412261963,-0.0003561973571777344
91,12,320,3.327287197113037,3.326829671859741,-0.00045752525329589844
91,13,320,3.8022046089172363,3.8003463745117188,-0.0018582344055175781
91,14,320,3.6261394023895264,3.6269655227661133,0.0008261203765869141
91,15,320,3.5645182132720947,3.5662620067596436,0.0017437934875488281
91,16,320,3.9106411933898926,3.9119014739990234,0.0012602806091308594
91,17,320,3.5231335163116455,3.5230348110198975,-9.870529174804688e-05
91,18,320,2.905329942703247,2.9046101570129395,-0.0007197856903076172
91,19,320,2.5039193630218506,2.5036404132843018,-0.0002789497375488281
92,0,320,3.40600323677063,3.4066250324249268,0.000621795654296875
92,1,320,3.5302278995513916,3.5307345390319824,0.0005066394805908203
92,2,320,3.4479353427886963,3.450284242630005,0.0023488998413085938
92,3,320,2.9904139041900635,2.9908320903778076,0.0004181861877441406
92,4,320,2.8394577503204346,2.8382084369659424,-0.0012493133544921875
92,5,320,3.3308308124542236,3.3311350345611572,0.00030422210693359375
92,6,320,3.317845106124878,3.31791353225708,6.842613220214844e-05
92,7,320,3.34153413772583,3.342068672180176,0.0005345344543457031
92,8,320,3.0509579181671143,3.0518107414245605,0.0008528232574462891
92,9,320,3.275113344192505,3.275965452194214,0.0008521080017089844
92,10,320,3.489503860473633,3.4908082485198975,0.0013043880462646484
92,11,320,3.0907936096191406,3.093614339828491,0.002820730209350586
92,12,320,3.327287197113037,3.327816963195801,0.0005297660827636719
92,13,320,3.8022046089172363,3.802157402038574,-4.7206878662109375e-05
92,14,320,3.6261394023895264,3.625762939453125,-0.0003764629364013672
92,15,320,3.5645182132720947,3.5651423931121826,0.0006241798400878906
92,16,320,3.9106411933898926,3.9101104736328125,-0.0005307197570800781
92,17,320,3.5231335163116455,3.5232152938842773,8.177757263183594e-05
92,18,320,2.905329942703247,2.9058749675750732,0.0005450248718261719
92,19,320,2.5039193630218506,2.501654863357544,-0.0022644996643066406
93,0,320,3.40600323677063,3.406294822692871,0.00029158592224121094
93,1,320,3.5302278995513916,3.5305941104888916,0.0003662109375
93,2,320,3.4479353427886963,3.447418212890625,-0.0005171298980712891
93,3,320,2.9904139041900635,2.9898524284362793,-0.0005614757537841797
93,4,320,2.8394577503204346,2.8387022018432617,-0.0007555484771728516
93,5,320,3.3308308124542236,3.332324743270874,0.0014939308166503906
93,6,320,3.317845106124878,3.3171045780181885,-0.0007405281066894531
93,7,320,3.34153413772583,3.3404297828674316,-0.0011043548583984375
93,8,320,3.0509579181671143,3.0520260334014893,0.001068115234375
93,9,320,3.275113344192505,3.2765109539031982,0.0013976097106933594
93,10,320,3.489503860473633,3.4881601333618164,-0.0013437271118164062
93,11,320,3.0907936096191406,3.090986967086792,0.0001933574676513672
93,12,320,3.327287197113037,3.3280887603759766,0.0008015632629394531
93,13,320,3.8022046089172363,3.8044896125793457,0.002285003662109375
93,14,320,3.6261394023895264,3.6252403259277344,-0.0008990764617919922
93,15,320,3.5645182132720947,3.5654714107513428,0.0009531974792480469
93,16,320,3.9106411933898926,3.910778760910034,0.00013756752014160156
93,17,320,3.5231335163116455,3.5224897861480713,-0.0006437301635742188
93,18,320,2.905329942703247,2.904491901397705,-0.0008380413055419922
93,19,320,2.5039193630218506,2.504668712615967,0.0007493495941162109
94,0,320,3.40600323677063,3.4057211875915527,-0.00028204917907714844
94,1,320,3.5302278995513916,3.5312283039093018,0.0010004043579101562
94,2,320,3.4479353427886963,3.4514613151550293,0.003525972366333008
94,3,320,2.9904139041900635,2.9938440322875977,0.0034301280975341797
94,4,320,2.8394577503204346,2.8411648273468018,0.0017070770263671875
94,5,320,3.3308308124542236,3.336392879486084,0.0055620670318603516
94,6,320,3.317845106124878,3.3200602531433105,0.002215147018432617
94,7,320,3.34153413772583,3.345449924468994,0.0039157867431640625
94,8,320,3.0509579181671143,3.0524330139160156,0.0014750957489013672
94,9,320,3.275113344192505,3.277855396270752,0.0027420520782470703
94,10,320,3.489503860473633,3.49060320854187,0.0010993480682373047
94,11,320,3.0907936096191406,3.0924041271209717,0.0016105175018310547
94,12,320,3.327287197113037,3.3275673389434814,0.00028014183044433594
94,13,320,3.8022046089172363,3.800740957260132,-0.0014636516571044922
94,14,320,3.6261394023895264,3.62636137008667,0.0002219676971435547
94,15,320,3.5645182132720947,3.5643911361694336,-0.0001270771026611328
94,16,320,3.9106411933898926,3.9118812084198,0.0012400150299072266
94,17,320,3.5231335163116455,3.5232839584350586,0.00015044212341308594
94,18,320,2.905329942703247,2.9044272899627686,-0.0009026527404785156
94,19,320,2.5039193630218506,2.5054032802581787,0.001483917236328125
95,0,320,3.40600323677063,3.4086296558380127,0.0026264190673828125
95,1,320,3.5302278995513916,3.531717538833618,0.0014896392822265625
95,2,320,3.4479353427886963,3.447777271270752,-0.00015807151794433594
95,3,320,2.9904139041900635,2.9910285472869873,0.0006146430969238281
95,4,320,2.8394577503204346,2.8420541286468506,0.0025963783264160156
95,5,320,3.3308308124542236,3.332301139831543,0.001470327377319336
95,6,320,3.317845106124878,3.3173370361328125,-0.0005080699920654297
95,7,320,3.34153413772583,3.3413569927215576,-0.00017714500427246094
95,8,320,3.0509579181671143,3.050288677215576,-0.0006692409515380859
95,9,320,3.275113344192505,3.2767438888549805,0.001630544662475586
95,10,320,3.489503860473633,3.4899659156799316,0.0004620552062988281
95,11,320,3.0907936096191406,3.0920770168304443,0.001283407211303711
95,12,320,3.327287197113037,3.3274548053741455,0.00016760826110839844
95,13,320,3.8022046089172363,3.8022637367248535,5.91278076171875e-05
95,14,320,3.6261394023895264,3.6268138885498047,0.0006744861602783203
95,15,320,3.5645182132720947,3.5638134479522705,-0.0007047653198242188
95,16,320,3.9106411933898926,3.9099698066711426,-0.00067138671875
95,17,320,3.5231335163116455,3.5230865478515625,-4.696846008300781e-05
95,18,320,2.905329942703247,2.905146360397339,-0.00018358230590820312
95,19,320,2.5039193630218506,2.504624843597412,0.0007054805755615234
96,0,320,3.40600323677063,3.406433582305908,0.0004303455352783203
96,1,320,3.5302278995513916,3.5299394130706787,-0.0002884864807128906
96,2,320,3.4479353427886963,3.4470953941345215,-0.0008399486541748047
96,3,320,2.9904139041900635,2.990496873855591,8.296966552734375e-05
96,4,320,2.8394577503204346,2.840942144393921,0.0014843940734863281
96,5,320,3.3308308124542236,3.3319594860076904,0.0011286735534667969
96,6,320,3.317845106124878,3.3179242610931396,7.915496826171875e-05
96,7,320,3.34153413772583,3.3435935974121094,0.002059459686279297
96,8,320,3.0509579181671143,3.051671028137207,0.0007131099700927734
96,9,320,3.275113344192505,3.273404598236084,-0.0017087459564208984
96,10,320,3.489503860473633,3.490692615509033,0.0011887550354003906
96,11,320,3.0907936096191406,3.0908901691436768,9.655952453613281e-05
96,12,320,3.327287197113037,3.329730749130249,0.002443552017211914
96,13,320,3.8022046089172363,3.8029234409332275,0.0007188320159912109
96,14,320,3.6261394023895264,3.6262590885162354,0.00011968612670898438
96,15,320,3.5645182132720947,3.5662426948547363,0.0017244815826416016
96,16,320,3.9106411933898926,3.912872552871704,0.0022313594818115234
96,17,320,3.5231335163116455,3.523871421813965,0.0007379055023193359
96,18,320,2.905329942703247,2.9034085273742676,-0.0019214153289794922
96,19,320,2.5039193630218506,2.5041072368621826,0.00018787384033203125
97,0,320,3.40600323677063,3.4060449600219727,4.172325134277344e-05
97,1,320,3.5302278995513916,3.529021739959717,-0.0012061595916748047
97,2,320,3.4479353427886963,3.4477784633636475,-0.00015687942504882812
97,3,320,2.9904139041900635,2.9888691902160645,-0.0015447139739990234
97,4,320,2.8394577503204346,2.839808702468872,0.0003509521484375
97,5,320,3.3308308124542236,3.3293778896331787,-0.0014529228210449219
97,6,320,3.317845106124878,3.317758321762085,-8.678436279296875e-05
97,7,320,3.34153413772583,3.342226505279541,0.0006923675537109375
97,8,320,3.0509579181671143,3.051682233810425,0.0007243156433105469
97,9,320,3.275113344192505,3.2730534076690674,-0.0020599365234375
97,10,320,3.489503860473633,3.487375020980835,-0.0021288394927978516
97,11,320,3.0907936096191406,3.0917415618896484,0.0009479522705078125
97,12,320,3.327287197113037,3.326463460922241,-0.0008237361907958984
97,13,320,3.8022046089172363,3.800297737121582,-0.0019068717956542969
97,14,320,3.6261394023895264,3.6275765895843506,0.0014371871948242188
97,15,320,3.5645182132720947,3.5639426708221436,-0.0005755424499511719
97,16,320,3.9106411933898926,3.91005277633667,-0.0005884170532226562
97,17,320,3.5231335163116455,3.5234694480895996,0.00033593177795410156
97,18,320,2.905329942703247,2.90549898147583,0.0001690387725830078
97,19,320,2.5039193630218506,2.5034642219543457,-0.0004551410675048828
98,0,320,3.40600323677063,3.4061532020568848,0.0001499652862548828
98,1,320,3.5302278995513916,3.5313565731048584,0.0011286735534667969
98,2,320,3.4479353427886963,3.4487154483795166,0.0007801055908203125
98,3,320,2.9904139041900635,2.992202043533325,0.0017881393432617188
98,4,320,2.8394577503204346,2.8415145874023438,0.0020568370819091797
98,5,320,3.3308308124542236,3.333130359649658,0.0022995471954345703
98,6,320,3.317845106124878,3.3197402954101562,0.0018951892852783203
98,7,320,3.34153413772583,3.3453831672668457,0.003849029541015625
98,8,320,3.0509579181671143,3.051274061203003,0.0003161430358886719
98,9,320,3.275113344192505,3.2750933170318604,-2.002716064453125e-05
98,10,320,3.489503860473633,3.4898664951324463,0.00036263465881347656
98,11,320,3.0907936096191406,3.0914697647094727,0.0006761550903320312
98,12,320,3.327287197113037,3.3282973766326904,0.0010101795196533203
98,13,320,3.8022046089172363,3.802454710006714,0.00025010108947753906
98,14,320,3.6261394023895264,3.624997138977051,-0.001142263412475586
98,15,320,3.5645182132720947,3.5646393299102783,0.00012111663818359375
98,16,320,3.9106411933898926,3.910482406616211,-0.00015878677368164062
98,17,320,3.5231335163116455,3.522202253341675,-0.0009312629699707031
98,18,320,2.905329942703247,2.9057650566101074,0.00043511390686035156
98,19,320,2.5039193630218506,2.5023577213287354,-0.0015616416931152344
99,0,320,3.40600323677063,3.405939817428589,-6.341934204101562e-05
99,1,320,3.5302278995513916,3.5306594371795654,0.0004315376281738281
99,2,320,3.4479353427886963,3.4466464519500732,-0.0012888908386230469
99,3,320,2.9904139041900635,2.990530490875244,0.00011658668518066406
99,4,320,2.8394577503204346,2.8394625186920166,4.76837158203125e-06
99,5,320,3.3308308124542236,3.3330681324005127,0.0022373199462890625
99,6,320,3.317845106124878,3.3185207843780518,0.0006756782531738281
99,7,320,3.34153413772583,3.3407366275787354,-0.0007975101470947266
99,8,320,3.0509579181671143,3.0514309406280518,0.0004730224609375
99,9,320,3.275113344192505,3.275049924850464,-6.341934204101562e-05
99,10,320,3.489503860473633,3.4887642860412598,-0.0007395744323730469
99,11,320,3.0907936096191406,3.0904784202575684,-0.0003151893615722656
99,12,320,3.327287197113037,3.3272480964660645,-3.910064697265625e-05
99,13,320,3.8022046089172363,3.8020689487457275,-0.00013566017150878906
99,14,320,3.6261394023895264,3.6264121532440186,0.0002727508544921875
99,15,320,3.5645182132720947,3.564349412918091,-0.00016880035400390625
99,16,320,3.9106411933898926,3.9127163887023926,0.0020751953125
99,17,320,3.5231335163116455,3.527221441268921,0.004087924957275391
99,18,320,2.905329942703247,2.9063849449157715,0.001055002212524414
99,19,320,2.5039193630218506,2.5029382705688477,-0.0009810924530029297
