subset,query,n_removed,baseline_loss,filtered_loss,loss_change
0,0,160,3.3962783813476562,3.3961598873138428,-0.00011849403381347656
0,1,160,3.5301687717437744,3.529916524887085,-0.0002522468566894531
0,2,160,3.4340221881866455,3.433201789855957,-0.0008203983306884766
0,3,160,3.0028064250946045,3.0039684772491455,0.0011620521545410156
0,4,160,2.826725721359253,2.8258745670318604,-0.0008511543273925781
0,5,160,3.3522353172302246,3.352736234664917,0.0005009174346923828
0,6,160,3.3211681842803955,3.3212924003601074,0.00012421607971191406
0,7,160,3.3372862339019775,3.337141513824463,-0.00014472007751464844
0,8,160,3.066228151321411,3.066216468811035,-1.1682510375976562e-05
0,9,160,3.2757341861724854,3.2764875888824463,0.0007534027099609375
0,10,160,3.4810545444488525,3.480412006378174,-0.0006425380706787109
0,11,160,3.139294147491455,3.1397764682769775,0.00048232078552246094
0,12,160,3.3418691158294678,3.3432440757751465,0.001374959945678711
0,13,160,3.8215041160583496,3.821143627166748,-0.0003604888916015625
0,14,160,3.629310131072998,3.6295132637023926,0.00020313262939453125
0,15,160,3.556509494781494,3.5565667152404785,5.7220458984375e-05
0,16,160,3.922792434692383,3.9232139587402344,0.0004215240478515625
0,17,160,3.5627806186676025,3.5647571086883545,0.001976490020751953
0,18,160,2.8953170776367188,2.8954811096191406,0.000164031982421875
0,19,160,2.5043790340423584,2.505549669265747,0.0011706352233886719
1,0,160,3.3962783813476562,3.396162748336792,-0.00011563301086425781
1,1,160,3.5301687717437744,3.530653238296509,0.000484466552734375
1,2,160,3.4340221881866455,3.435030221939087,0.0010080337524414062
1,3,160,3.0028064250946045,3.00235915184021,-0.00044727325439453125
1,4,160,2.826725721359253,2.8264999389648438,-0.0002257823944091797
1,5,160,3.3522353172302246,3.353043556213379,0.0008082389831542969
1,6,160,3.3211681842803955,3.321669340133667,0.0005011558532714844
1,7,160,3.3372862339019775,3.338031530380249,0.0007452964782714844
1,8,160,3.066228151321411,3.0664620399475098,0.0002338886260986328
1,9,160,3.2757341861724854,3.276726722717285,0.0009925365447998047
1,10,160,3.4810545444488525,3.4823901653289795,0.0013356208801269531
1,11,160,3.139294147491455,3.1394619941711426,0.0001678466796875
1,12,160,3.3418691158294678,3.3484628200531006,0.0065937042236328125
1,13,160,3.8215041160583496,3.822112798690796,0.0006086826324462891
1,14,160,3.629310131072998,3.6299073696136475,0.0005972385406494141
1,15,160,3.556509494781494,3.556072235107422,-0.0004372596740722656
1,16,160,3.922792434692383,3.9237170219421387,0.0009245872497558594
1,17,160,3.5627806186676025,3.5606038570404053,-0.0021767616271972656
1,18,160,2.8953170776367188,2.895695924758911,0.0003788471221923828
1,19,160,2.5043790340423584,2.5041143894195557,-0.0002646446228027344
2,0,160,3.3962783813476562,3.395627498626709,-0.0006508827209472656
2,1,160,3.5301687717437744,3.5293173789978027,-0.0008513927459716797
2,2,160,3.4340221881866455,3.4342164993286133,0.00019431114196777344
2,3,160,3.0028064250946045,3.00288462638855,7.82012939453125e-05
2,4,160,2.826725721359253,2.8266732692718506,-5.245208740234375e-05
2,5,160,3.3522353172302246,3.3529052734375,0.0006699562072753906
2,6,160,3.3211681842803955,3.322612762451172,0.0014445781707763672
2,7,160,3.3372862339019775,3.337890625,0.0006043910980224609
2,8,160,3.066228151321411,3.066838264465332,0.0006101131439208984
2,9,160,3.2757341861724854,3.27695894241333,0.0012247562408447266
2,10,160,3.4810545444488525,3.4803807735443115,-0.0006737709045410156
2,11,160,3.139294147491455,3.141467809677124,0.0021736621856689453
2,12,160,3.3418691158294678,3.3421285152435303,0.0002593994140625
2,13,160,3.8215041160583496,3.822169542312622,0.0006654262542724609
2,14,160,3.629310131072998,3.630866527557373,0.001556396484375
2,15,160,3.556509494781494,3.556962728500366,0.0004532337188720703
2,16,160,3.922792434692383,3.9233758449554443,0.0005834102630615234
2,17,160,3.5627806186676025,3.5631673336029053,0.0003867149353027344
2,18,160,2.8953170776367188,2.896071672439575,0.0007545948028564453
2,19,160,2.5043790340423584,2.5035035610198975,-0.0008754730224609375
3,0,160,3.3962783813476562,3.3947994709014893,-0.0014789104461669922
3,1,160,3.5301687717437744,3.531329870223999,0.0011610984802246094
3,2,160,3.4340221881866455,3.4352498054504395,0.0012276172637939453
3,3,160,3.0028064250946045,3.002781867980957,-2.4557113647460938e-05
3,4,160,2.826725721359253,2.8270576000213623,0.000331878662109375
3,5,160,3.3522353172302246,3.351457357406616,-0.0007779598236083984
3,6,160,3.3211681842803955,3.3221051692962646,0.0009369850158691406
3,7,160,3.3372862339019775,3.337416887283325,0.00013065338134765625
3,8,160,3.066228151321411,3.066743850708008,0.0005156993865966797
3,9,160,3.2757341861724854,3.2755918502807617,-0.0001423358917236328
3,10,160,3.4810545444488525,3.481147050857544,9.250640869140625e-05
3,11,160,3.139294147491455,3.1395761966705322,0.00028204917907714844
3,12,160,3.3418691158294678,3.3406295776367188,-0.0012395381927490234
3,13,160,3.8215041160583496,3.8206019401550293,-0.0009021759033203125
3,14,160,3.629310131072998,3.6307833194732666,0.0014731884002685547
3,15,160,3.556509494781494,3.556854486465454,0.00034499168395996094
3,16,160,3.922792434692383,3.92264723777771,-0.00014519691467285156
3,17,160,3.5627806186676025,3.561546564102173,-0.0012340545654296875
3,18,160,2.8953170776367188,2.895968437194824,0.0006513595581054688
3,19,160,2.5043790340423584,2.5039288997650146,-0.00045013427734375
4,0,160,3.3962783813476562,3.3972582817077637,0.0009799003601074219
4,1,160,3.5301687717437744,3.5292701721191406,-0.0008985996246337891
4,2,160,3.4340221881866455,3.433865785598755,-0.000156402587890625
4,3,160,3.0028064250946045,3.0035390853881836,0.0007326602935791016
4,4,160,2.826725721359253,2.8256688117980957,-0.0010569095611572266
4,5,160,3.3522353172302246,3.351898670196533,-0.00033664703369140625
4,6,160,3.3211681842803955,3.320734977722168,-0.00043320655822753906
4,7,160,3.3372862339019775,3.338229179382324,0.0009429454803466797
4,8,160,3.066228151321411,3.0664584636688232,0.00023031234741210938
4,9,160,3.2757341861724854,3.2763285636901855,0.0005943775177001953
4,10,160,3.4810545444488525,3.4816510677337646,0.0005965232849121094
4,11,160,3.139294147491455,3.139280319213867,-1.3828277587890625e-05
4,12,160,3.3418691158294678,3.3475728034973145,0.00570368766784668
4,13,160,3.8215041160583496,3.821913480758667,0.0004093647003173828
4,14,160,3.629310131072998,3.6293020248413086,-8.106231689453125e-06
4,15,160,3.556509494781494,3.556358575820923,-0.00015091896057128906
4,16,160,3.922792434692383,3.9228363037109375,4.38690185546875e-05
4,17,160,3.5627806186676025,3.5624449253082275,-0.000335693359375
4,18,160,2.8953170776367188,2.895347833633423,3.075599670410156e-05
4,19,160,2.5043790340423584,2.502713203430176,-0.0016658306121826172
5,0,160,3.3962783813476562,3.3970787525177,0.0008003711700439453
5,1,160,3.5301687717437744,3.5307955741882324,0.0006268024444580078
5,2,160,3.4340221881866455,3.4326331615448,-0.0013890266418457031
5,3,160,3.0028064250946045,3.0017919540405273,-0.0010144710540771484
5,4,160,2.826725721359253,2.827174663543701,0.0004489421844482422
5,5,160,3.3522353172302246,3.3508849143981934,-0.00135040283203125
5,6,160,3.3211681842803955,3.321228265762329,6.008148193359375e-05
5,7,160,3.3372862339019775,3.3384547233581543,0.0011684894561767578
5,8,160,3.066228151321411,3.0660760402679443,-0.00015211105346679688
5,9,160,3.2757341861724854,3.276010274887085,0.0002760887145996094
5,10,160,3.4810545444488525,3.4811413288116455,8.678436279296875e-05
5,11,160,3.139294147491455,3.1399264335632324,0.0006322860717773438
5,12,160,3.3418691158294678,3.3417274951934814,-0.00014162063598632812
5,13,160,3.8215041160583496,3.8222551345825195,0.0007510185241699219
5,14,160,3.629310131072998,3.6290814876556396,-0.00022864341735839844
5,15,160,3.556509494781494,3.558016300201416,0.001506805419921875
5,16,160,3.922792434692383,3.922088861465454,-0.0007035732269287109
5,17,160,3.5627806186676025,3.5617423057556152,-0.0010383129119873047
5,18,160,2.8953170776367188,2.8951094150543213,-0.00020766258239746094
5,19,160,2.5043790340423584,2.5034897327423096,-0.0008893013000488281
6,0,160,3.3962783813476562,3.396667003631592,0.0003886222839355469
6,1,160,3.5301687717437744,3.531369209289551,0.0012004375457763672
6,2,160,3.4340221881866455,3.432572364807129,-0.0014498233795166016
6,3,160,3.0028064250946045,3.0042970180511475,0.0014905929565429688
6,4,160,2.826725721359253,2.827364683151245,0.0006389617919921875
6,5,160,3.3522353172302246,3.3504531383514404,-0.0017821788787841797
6,6,160,3.3211681842803955,3.3191304206848145,-0.0020377635955810547
6,7,160,3.3372862339019775,3.336787223815918,-0.0004990100860595703
6,8,160,3.066228151321411,3.0655462741851807,-0.0006818771362304688
6,9,160,3.2757341861724854,3.274033546447754,-0.0017006397247314453
6,10,160,3.4810545444488525,3.4806997776031494,-0.000354766845703125
6,11,160,3.139294147491455,3.137988567352295,-0.0013055801391601562
6,12,160,3.3418691158294678,3.341583728790283,-0.0002853870391845703
6,13,160,3.8215041160583496,3.821378231048584,-0.000125885009765625
6,14,160,3.629310131072998,3.6306700706481934,0.0013599395751953125
6,15,160,3.556509494781494,3.555868625640869,-0.000640869140625
6,16,160,3.922792434692383,3.9228837490081787,9.131431579589844e-05
6,17,160,3.5627806186676025,3.5624306201934814,-0.00034999847412109375
6,18,160,2.8953170776367188,2.8950839042663574,-0.00023317337036132812
6,19,160,2.5043790340423584,2.5033020973205566,-0.0010769367218017578
7,0,160,3.3962783813476562,3.397024631500244,0.0007462501525878906
7,1,160,3.5301687717437744,3.5303502082824707,0.00018143653869628906
7,2,160,3.4340221881866455,3.433687686920166,-0.0003345012664794922
7,3,160,3.0028064250946045,3.002721071243286,-8.535385131835938e-05
7,4,160,2.826725721359253,2.8283002376556396,0.0015745162963867188
7,5,160,3.3522353172302246,3.352525234222412,0.0002899169921875
7,6,160,3.3211681842803955,3.3221282958984375,0.0009601116180419922
7,7,160,3.3372862339019775,3.338050365447998,0.0007641315460205078
7,8,160,3.066228151321411,3.0658490657806396,-0.0003790855407714844
7,9,160,3.2757341861724854,3.2758724689483643,0.00013828277587890625
7,10,160,3.4810545444488525,3.4815549850463867,0.0005004405975341797
7,11,160,3.139294147491455,3.1393110752105713,1.6927719116210938e-05
7,12,160,3.3418691158294678,3.342146158218384,0.0002770423889160156
7,13,160,3.8215041160583496,3.821239471435547,-0.0002646446228027344
7,14,160,3.629310131072998,3.629465103149414,0.00015497207641601562
7,15,160,3.556509494781494,3.557741403579712,0.0012319087982177734
7,16,160,3.922792434692383,3.922130584716797,-0.0006618499755859375
7,17,160,3.5627806186676025,3.5629730224609375,0.00019240379333496094
7,18,160,2.8953170776367188,2.8950376510620117,-0.00027942657470703125
7,19,160,2.5043790340423584,2.5050480365753174,0.0006690025329589844
8,0,160,3.3962783813476562,3.3959968090057373,-0.0002815723419189453
8,1,160,3.5301687717437744,3.528932809829712,-0.0012359619140625
8,2,160,3.4340221881866455,3.433331251144409,-0.0006909370422363281
8,3,160,3.0028064250946045,3.0052199363708496,0.002413511276245117
8,4,160,2.826725721359253,2.826950788497925,0.000225067138671875
8,5,160,3.3522353172302246,3.3520102500915527,-0.000225067138671875
8,6,160,3.3211681842803955,3.320500373840332,-0.0006678104400634766
8,7,160,3.3372862339019775,3.3371312618255615,-0.00015497207641601562
8,8,160,3.066228151321411,3.0646097660064697,-0.0016183853149414062
8,9,160,3.2757341861724854,3.274374485015869,-0.001359701156616211
8,10,160,3.4810545444488525,3.4808897972106934,-0.0001647472381591797
8,11,160,3.139294147491455,3.1401562690734863,0.00086212158203125
8,12,160,3.3418691158294678,3.3418004512786865,-6.866455078125e-05
8,13,160,3.8215041160583496,3.820432424545288,-0.0010716915130615234
8,14,160,3.629310131072998,3.6298792362213135,0.0005691051483154297
8,15,160,3.556509494781494,3.5578129291534424,0.0013034343719482422
8,16,160,3.922792434692383,3.922738790512085,-5.364418029785156e-05
8,17,160,3.5627806186676025,3.5667383670806885,0.0039577484130859375
8,18,160,2.8953170776367188,2.8946924209594727,-0.0006246566772460938
8,19,160,2.5043790340423584,2.5053179264068604,0.0009388923645019531
9,0,160,3.3962783813476562,3.394967555999756,-0.0013108253479003906
9,1,160,3.5301687717437744,3.529078722000122,-0.0010900497436523438
9,2,160,3.4340221881866455,3.434828758239746,0.0008065700531005859
9,3,160,3.0028064250946045,3.002042055130005,-0.0007643699645996094
9,4,160,2.826725721359253,2.825218677520752,-0.0015070438385009766
9,5,160,3.3522353172302246,3.3514840602874756,-0.0007512569427490234
9,6,160,3.3211681842803955,3.3197834491729736,-0.001384735107421875
9,7,160,3.3372862339019775,3.3373308181762695,4.458427429199219e-05
9,8,160,3.066228151321411,3.0656564235687256,-0.0005717277526855469
9,9,160,3.2757341861724854,3.277100086212158,0.0013659000396728516
9,10,160,3.4810545444488525,3.480086088180542,-0.0009684562683105469
9,11,160,3.139294147491455,3.139021635055542,-0.00027251243591308594
9,12,160,3.3418691158294678,3.342318296432495,0.00044918060302734375
9,13,160,3.8215041160583496,3.8217830657958984,0.0002789497375488281
9,14,160,3.629310131072998,3.629600763320923,0.0002906322479248047
9,15,160,3.556509494781494,3.556302309036255,-0.0002071857452392578
9,16,160,3.922792434692383,3.9224324226379395,-0.0003600120544433594
9,17,160,3.5627806186676025,3.5632247924804688,0.00044417381286621094
9,18,160,2.8953170776367188,2.894943952560425,-0.0003731250762939453
9,19,160,2.5043790340423584,2.5018558502197266,-0.002523183822631836
10,0,160,3.3962783813476562,3.396860122680664,0.0005817413330078125
10,1,160,3.5301687717437744,3.53047513961792,0.0003063678741455078
10,2,160,3.4340221881866455,3.4333057403564453,-0.0007164478302001953
10,3,160,3.0028064250946045,3.0031375885009766,0.0003311634063720703
10,4,160,2.826725721359253,2.8260185718536377,-0.0007071495056152344
10,5,160,3.3522353172302246,3.3503594398498535,-0.0018758773803710938
10,6,160,3.3211681842803955,3.3185667991638184,-0.0026013851165771484
10,7,160,3.3372862339019775,3.3377535343170166,0.0004673004150390625
10,8,160,3.066228151321411,3.06575345993042,-0.00047469139099121094
10,9,160,3.2757341861724854,3.2762703895568848,0.0005362033843994141
10,10,160,3.4810545444488525,3.479785442352295,-0.0012691020965576172
10,11,160,3.139294147491455,3.139192819595337,-0.00010132789611816406
10,12,160,3.3418691158294678,3.3408288955688477,-0.0010402202606201172
10,13,160,3.8215041160583496,3.8213469982147217,-0.0001571178436279297
10,14,160,3.629310131072998,3.629183053970337,-0.0001270771026611328
10,15,160,3.556509494781494,3.557373046875,0.0008635520935058594
10,16,160,3.922792434692383,3.9232921600341797,0.000499725341796875
10,17,160,3.5627806186676025,3.562171220779419,-0.0006093978881835938
10,18,160,2.8953170776367188,2.894554615020752,-0.0007624626159667969
10,19,160,2.5043790340423584,2.5038113594055176,-0.0005676746368408203
11,0,160,3.3962783813476562,3.3968682289123535,0.0005898475646972656
11,1,160,3.5301687717437744,3.5303523540496826,0.00018358230590820312
11,2,160,3.4340221881866455,3.4343645572662354,0.00034236907958984375
11,3,160,3.0028064250946045,3.002784490585327,-2.193450927734375e-05
11,4,160,2.826725721359253,2.8265504837036133,-0.00017523765563964844
11,5,160,3.3522353172302246,3.352487564086914,0.0002522468566894531
11,6,160,3.3211681842803955,3.321791648864746,0.0006234645843505859
11,7,160,3.3372862339019775,3.3362581729888916,-0.0010280609130859375
11,8,160,3.066228151321411,3.0669631958007812,0.0007350444793701172
11,9,160,3.2757341861724854,3.2740767002105713,-0.0016574859619140625
11,10,160,3.4810545444488525,3.4813008308410645,0.00024628639221191406
11,11,160,3.139294147491455,3.1397669315338135,0.00047278404235839844
11,12,160,3.3418691158294678,3.340325355529785,-0.0015437602996826172
11,13,160,3.8215041160583496,3.8237721920013428,0.002268075942993164
11,14,160,3.629310131072998,3.629554033279419,0.00024390220642089844
11,15,160,3.556509494781494,3.556675910949707,0.00016641616821289062
11,16,160,3.922792434692383,3.922724723815918,-6.771087646484375e-05
11,17,160,3.5627806186676025,3.562059164047241,-0.0007214546203613281
11,18,160,2.8953170776367188,2.895123243331909,-0.0001938343048095703
11,19,160,2.5043790340423584,2.5038745403289795,-0.0005044937133789062
12,0,160,3.3962783813476562,3.3958075046539307,-0.00047087669372558594
12,1,160,3.5301687717437744,3.5304198265075684,0.0002510547637939453
12,2,160,3.4340221881866455,3.432633399963379,-0.0013887882232666016
12,3,160,3.0028064250946045,3.0022099018096924,-0.0005965232849121094
12,4,160,2.826725721359253,2.8259572982788086,-0.0007684230804443359
12,5,160,3.3522353172302246,3.3519675731658936,-0.0002677440643310547
12,6,160,3.3211681842803955,3.3209760189056396,-0.00019216537475585938
12,7,160,3.3372862339019775,3.337413787841797,0.00012755393981933594
12,8,160,3.066228151321411,3.0664758682250977,0.00024771690368652344
12,9,160,3.2757341861724854,3.2751033306121826,-0.0006308555603027344
12,10,160,3.4810545444488525,3.4805233478546143,-0.0005311965942382812
12,11,160,3.139294147491455,3.1395602226257324,0.00026607513427734375
12,12,160,3.3418691158294678,3.3424055576324463,0.0005364418029785156
12,13,160,3.8215041160583496,3.822577714920044,0.001073598861694336
12,14,160,3.629310131072998,3.6287312507629395,-0.0005788803100585938
12,15,160,3.556509494781494,3.5572237968444824,0.0007143020629882812
12,16,160,3.922792434692383,3.9240522384643555,0.0012598037719726562
12,17,160,3.5627806186676025,3.561265468597412,-0.0015151500701904297
12,18,160,2.8953170776367188,2.8941171169281006,-0.001199960708618164
12,19,160,2.5043790340423584,2.5047671794891357,0.00038814544677734375
13,0,160,3.3962783813476562,3.396319627761841,4.124641418457031e-05
13,1,160,3.5301687717437744,3.5302793979644775,0.000110626220703125
13,2,160,3.4340221881866455,3.433474540710449,-0.0005476474761962891
13,3,160,3.0028064250946045,3.003007411956787,0.0002009868621826172
13,4,160,2.826725721359253,2.8259639739990234,-0.0007617473602294922
13,5,160,3.3522353172302246,3.351036787033081,-0.0011985301971435547
13,6,160,3.3211681842803955,3.3215184211730957,0.0003502368927001953
13,7,160,3.3372862339019775,3.3381831645965576,0.0008969306945800781
13,8,160,3.066228151321411,3.064390182495117,-0.0018379688262939453
13,9,160,3.2757341861724854,3.2753586769104004,-0.00037550926208496094
13,10,160,3.4810545444488525,3.4800961017608643,-0.0009584426879882812
13,11,160,3.139294147491455,3.1395883560180664,0.0002942085266113281
13,12,160,3.3418691158294678,3.341801643371582,-6.747245788574219e-05
13,13,160,3.8215041160583496,3.8210341930389404,-0.0004699230194091797
13,14,160,3.629310131072998,3.6283419132232666,-0.0009682178497314453
13,15,160,3.556509494781494,3.5566012859344482,9.179115295410156e-05
13,16,160,3.922792434692383,3.922974109649658,0.00018167495727539062
13,17,160,3.5627806186676025,3.566101551055908,0.003320932388305664
13,18,160,2.8953170776367188,2.8955130577087402,0.00019598007202148438
13,19,160,2.5043790340423584,2.505178689956665,0.0007996559143066406
14,0,160,3.3962783813476562,3.395887851715088,-0.0003905296325683594
14,1,160,3.5301687717437744,3.528994560241699,-0.0011742115020751953
14,2,160,3.4340221881866455,3.4363443851470947,0.0023221969604492188
14,3,160,3.0028064250946045,3.006235122680664,0.0034286975860595703
14,4,160,2.826725721359253,2.8287460803985596,0.0020203590393066406
14,5,160,3.3522353172302246,3.355499744415283,0.0032644271850585938
14,6,160,3.3211681842803955,3.3223307132720947,0.0011625289916992188
14,7,160,3.3372862339019775,3.339775323867798,0.0024890899658203125
14,8,160,3.066228151321411,3.0688700675964355,0.002641916275024414
14,9,160,3.2757341861724854,3.276453733444214,0.0007195472717285156
14,10,160,3.4810545444488525,3.4833528995513916,0.0022983551025390625
14,11,160,3.139294147491455,3.1403470039367676,0.0010528564453125
14,12,160,3.3418691158294678,3.3417718410491943,-9.72747802734375e-05
14,13,160,3.8215041160583496,3.8204970359802246,-0.001007080078125
14,14,160,3.629310131072998,3.631995677947998,0.002685546875
14,15,160,3.556509494781494,3.555922269821167,-0.0005872249603271484
14,16,160,3.922792434692383,3.9229938983917236,0.0002014636993408203
14,17,160,3.5627806186676025,3.561506748199463,-0.0012738704681396484
14,18,160,2.8953170776367188,2.8948240280151367,-0.0004930496215820312
14,19,160,2.5043790340423584,2.5053889751434326,0.0010099411010742188
15,0,160,3.3962783813476562,3.3954548835754395,-0.0008234977722167969
15,1,160,3.5301687717437744,3.528837203979492,-0.0013315677642822266
15,2,160,3.4340221881866455,3.4332833290100098,-0.0007388591766357422
15,3,160,3.0028064250946045,3.0021913051605225,-0.0006151199340820312
15,4,160,2.826725721359253,2.827425003051758,0.0006992816925048828
15,5,160,3.3522353172302246,3.3530964851379395,0.0008611679077148438
15,6,160,3.3211681842803955,3.3217978477478027,0.0006296634674072266
15,7,160,3.3372862339019775,3.338484287261963,0.0011980533599853516
15,8,160,3.066228151321411,3.066211462020874,-1.6689300537109375e-05
15,9,160,3.2757341861724854,3.276205062866211,0.00047087669372558594
15,10,160,3.4810545444488525,3.4809136390686035,-0.00014090538024902344
15,11,160,3.139294147491455,3.138857126235962,-0.00043702125549316406
15,12,160,3.3418691158294678,3.3414082527160645,-0.0004608631134033203
15,13,160,3.8215041160583496,3.822324275970459,0.000820159912109375
15,14,160,3.629310131072998,3.6291866302490234,-0.00012350082397460938
15,15,160,3.556509494781494,3.5564382076263428,-7.128715515136719e-05
15,16,160,3.922792434692383,3.9237277507781982,0.0009353160858154297
15,17,160,3.5627806186676025,3.565375566482544,0.0025949478149414062
15,18,160,2.8953170776367188,2.896552324295044,0.0012352466583251953
15,19,160,2.5043790340423584,2.5067245960235596,0.002345561981201172
16,0,160,3.3962783813476562,3.394876718521118,-0.001401662826538086
16,1,160,3.5301687717437744,3.529792308807373,-0.0003764629364013672
16,2,160,3.4340221881866455,3.43550705909729,0.0014848709106445312
16,3,160,3.0028064250946045,3.002568006515503,-0.0002384185791015625
16,4,160,2.826725721359253,2.8281168937683105,0.0013911724090576172
16,5,160,3.3522353172302246,3.3527541160583496,0.000518798828125
16,6,160,3.3211681842803955,3.321617364883423,0.00044918060302734375
16,7,160,3.3372862339019775,3.3374574184417725,0.00017118453979492188
16,8,160,3.066228151321411,3.066110134124756,-0.00011801719665527344
16,9,160,3.2757341861724854,3.2759435176849365,0.00020933151245117188
16,10,160,3.4810545444488525,3.480562686920166,-0.0004918575286865234
16,11,160,3.139294147491455,3.138427257537842,-0.0008668899536132812
16,12,160,3.3418691158294678,3.347374677658081,0.005505561828613281
16,13,160,3.8215041160583496,3.821885824203491,0.00038170814514160156
16,14,160,3.629310131072998,3.6284420490264893,-0.0008680820465087891
16,15,160,3.556509494781494,3.557436943054199,0.0009274482727050781
16,16,160,3.922792434692383,3.923349618911743,0.0005571842193603516
16,17,160,3.5627806186676025,3.56640887260437,0.003628253936767578
16,18,160,2.8953170776367188,2.895888328552246,0.0005712509155273438
16,19,160,2.5043790340423584,2.50516676902771,0.0007877349853515625
17,0,160,3.3962783813476562,3.395780086517334,-0.0004982948303222656
17,1,160,3.5301687717437744,3.5318028926849365,0.0016341209411621094
17,2,160,3.4340221881866455,3.433485507965088,-0.0005366802215576172
17,3,160,3.0028064250946045,3.0023064613342285,-0.0004999637603759766
17,4,160,2.826725721359253,2.826378345489502,-0.00034737586975097656
17,5,160,3.3522353172302246,3.3516247272491455,-0.0006105899810791016
17,6,160,3.3211681842803955,3.322054862976074,0.0008866786956787109
17,7,160,3.3372862339019775,3.3363325595855713,-0.00095367431640625
17,8,160,3.066228151321411,3.0663068294525146,7.867813110351562e-05
17,9,160,3.2757341861724854,3.276949405670166,0.001215219497680664
17,10,160,3.4810545444488525,3.4816317558288574,0.0005772113800048828
17,11,160,3.139294147491455,3.138378620147705,-0.00091552734375
17,12,160,3.3418691158294678,3.3420066833496094,0.00013756752014160156
17,13,160,3.8215041160583496,3.821774959564209,0.000270843505859375
17,14,160,3.629310131072998,3.6300673484802246,0.0007572174072265625
17,15,160,3.556509494781494,3.5567493438720703,0.00023984909057617188
17,16,160,3.922792434692383,3.9220783710479736,-0.0007140636444091797
17,17,160,3.5627806186676025,3.563807487487793,0.0010268688201904297
17,18,160,2.8953170776367188,2.8958957195281982,0.0005786418914794922
17,19,160,2.5043790340423584,2.502699136734009,-0.0016798973083496094
18,0,160,3.3962783813476562,3.400266647338867,0.0039882659912109375
18,1,160,3.5301687717437744,3.532780170440674,0.002611398696899414
18,2,160,3.4340221881866455,3.434920310974121,0.0008981227874755859
18,3,160,3.0028064250946045,3.002497434616089,-0.000308990478515625
18,4,160,2.826725721359253,2.8266704082489014,-5.53131103515625e-05
18,5,160,3.3522353172302246,3.3523662090301514,0.0001308917999267578
18,6,160,3.3211681842803955,3.3212575912475586,8.940696716308594e-05
18,7,160,3.3372862339019775,3.3382482528686523,0.0009620189666748047
18,8,160,3.066228151321411,3.0651631355285645,-0.0010650157928466797
18,9,160,3.2757341861724854,3.274653196334839,-0.0010809898376464844
18,10,160,3.4810545444488525,3.481224775314331,0.00017023086547851562
18,11,160,3.139294147491455,3.141166925430298,0.0018727779388427734
18,12,160,3.3418691158294678,3.3429043292999268,0.0010352134704589844
18,13,160,3.8215041160583496,3.8229305744171143,0.0014264583587646484
18,14,160,3.629310131072998,3.6301424503326416,0.0008323192596435547
18,15,160,3.556509494781494,3.5561509132385254,-0.00035858154296875
18,16,160,3.922792434692383,3.9231414794921875,0.0003490447998046875
18,17,160,3.5627806186676025,3.561596155166626,-0.0011844635009765625
18,18,160,2.8953170776367188,2.895531415939331,0.0002143383026123047
18,19,160,2.5043790340423584,2.503964424133301,-0.0004146099090576172
19,0,160,3.3962783813476562,3.395735502243042,-0.0005428791046142578
19,1,160,3.5301687717437744,3.530442476272583,0.00027370452880859375
19,2,160,3.4340221881866455,3.4342126846313477,0.00019049644470214844
19,3,160,3.0028064250946045,3.004032850265503,0.0012264251708984375
19,4,160,2.826725721359253,2.8269944190979004,0.00026869773864746094
19,5,160,3.3522353172302246,3.3523261547088623,9.083747863769531e-05
19,6,160,3.3211681842803955,3.3203418254852295,-0.0008263587951660156
19,7,160,3.3372862339019775,3.337354898452759,6.866455078125e-05
19,8,160,3.066228151321411,3.0652976036071777,-0.0009305477142333984
19,9,160,3.2757341861724854,3.275400161743164,-0.00033402442932128906
19,10,160,3.4810545444488525,3.482164144515991,0.0011096000671386719
19,11,160,3.139294147491455,3.1374664306640625,-0.0018277168273925781
19,12,160,3.3418691158294678,3.340956926345825,-0.0009121894836425781
19,13,160,3.8215041160583496,3.8221254348754883,0.0006213188171386719
19,14,160,3.629310131072998,3.629967212677002,0.0006570816040039062
19,15,160,3.556509494781494,3.556764602661133,0.0002551078796386719
19,16,160,3.922792434692383,3.922745943069458,-4.649162292480469e-05
19,17,160,3.5627806186676025,3.5621402263641357,-0.0006403923034667969
19,18,160,2.8953170776367188,2.8955962657928467,0.0002791881561279297
19,19,160,2.5043790340423584,2.503929615020752,-0.0004494190216064453
20,0,160,3.3962783813476562,3.3963115215301514,3.314018249511719e-05
20,1,160,3.5301687717437744,3.5304079055786133,0.0002391338348388672
20,2,160,3.4340221881866455,3.4353208541870117,0.001298666000366211
20,3,160,3.0028064250946045,3.00142240524292,-0.0013840198516845703
20,4,160,2.826725721359253,2.8271021842956543,0.0003764629364013672
20,5,160,3.3522353172302246,3.352452278137207,0.00021696090698242188
20,6,160,3.3211681842803955,3.3193159103393555,-0.001852273941040039
20,7,160,3.3372862339019775,3.336555242538452,-0.0007309913635253906
20,8,160,3.066228151321411,3.0654854774475098,-0.0007426738739013672
20,9,160,3.2757341861724854,3.276543617248535,0.0008094310760498047
20,10,160,3.4810545444488525,3.4792940616607666,-0.0017604827880859375
20,11,160,3.139294147491455,3.1402130126953125,0.0009188652038574219
20,12,160,3.3418691158294678,3.3431365489959717,0.0012674331665039062
20,13,160,3.8215041160583496,3.8208436965942383,-0.0006604194641113281
20,14,160,3.629310131072998,3.628260612487793,-0.0010495185852050781
20,15,160,3.556509494781494,3.557079553604126,0.0005700588226318359
20,16,160,3.922792434692383,3.921865463256836,-0.000926971435546875
20,17,160,3.5627806186676025,3.5737037658691406,0.010923147201538086
20,18,160,2.8953170776367188,2.8949031829833984,-0.0004138946533203125
20,19,160,2.5043790340423584,2.50339937210083,-0.0009796619415283203
21,0,160,3.3962783813476562,3.396489143371582,0.00021076202392578125
21,1,160,3.5301687717437744,3.5291967391967773,-0.0009720325469970703
21,2,160,3.4340221881866455,3.433737277984619,-0.0002849102020263672
21,3,160,3.0028064250946045,3.00235652923584,-0.00044989585876464844
21,4,160,2.826725721359253,2.824754238128662,-0.0019714832305908203
21,5,160,3.3522353172302246,3.3502981662750244,-0.0019371509552001953
21,6,160,3.3211681842803955,3.321526050567627,0.0003578662872314453
21,7,160,3.3372862339019775,3.3373851776123047,9.894371032714844e-05
21,8,160,3.066228151321411,3.065971851348877,-0.0002562999725341797
21,9,160,3.2757341861724854,3.2763516902923584,0.0006175041198730469
21,10,160,3.4810545444488525,3.4801218509674072,-0.0009326934814453125
21,11,160,3.139294147491455,3.139026641845703,-0.0002675056457519531
21,12,160,3.3418691158294678,3.341567277908325,-0.0003018379211425781
21,13,160,3.8215041160583496,3.821885108947754,0.0003809928894042969
21,14,160,3.629310131072998,3.629453659057617,0.00014352798461914062
21,15,160,3.556509494781494,3.5564048290252686,-0.00010466575622558594
21,16,160,3.922792434692383,3.9225423336029053,-0.00025010108947753906
21,17,160,3.5627806186676025,3.5659468173980713,0.00316619873046875
21,18,160,2.8953170776367188,2.8958616256713867,0.0005445480346679688
21,19,160,2.5043790340423584,2.504704475402832,0.0003254413604736328
22,0,160,3.3962783813476562,3.3956458568573,-0.0006325244903564453
22,1,160,3.5301687717437744,3.5296430587768555,-0.0005257129669189453
22,2,160,3.4340221881866455,3.4348413944244385,0.0008192062377929688
22,3,160,3.0028064250946045,3.0023276805877686,-0.0004787445068359375
22,4,160,2.826725721359253,2.826773166656494,4.744529724121094e-05
22,5,160,3.3522353172302246,3.3507087230682373,-0.0015265941619873047
22,6,160,3.3211681842803955,3.3208823204040527,-0.00028586387634277344
22,7,160,3.3372862339019775,3.3356385231018066,-0.0016477108001708984
22,8,160,3.066228151321411,3.0656888484954834,-0.0005393028259277344
22,9,160,3.2757341861724854,3.27616024017334,0.0004260540008544922
22,10,160,3.4810545444488525,3.479766368865967,-0.0012881755828857422
22,11,160,3.139294147491455,3.1387500762939453,-0.0005440711975097656
22,12,160,3.3418691158294678,3.341926336288452,5.7220458984375e-05
22,13,160,3.8215041160583496,3.821027994155884,-0.0004761219024658203
22,14,160,3.629310131072998,3.6299502849578857,0.0006401538848876953
22,15,160,3.556509494781494,3.557800054550171,0.0012905597686767578
22,16,160,3.922792434692383,3.9231925010681152,0.0004000663757324219
22,17,160,3.5627806186676025,3.562403917312622,-0.00037670135498046875
22,18,160,2.8953170776367188,2.894697427749634,-0.0006196498870849609
22,19,160,2.5043790340423584,2.504112958908081,-0.00026607513427734375
23,0,160,3.3962783813476562,3.396390914916992,0.0001125335693359375
23,1,160,3.5301687717437744,3.53218674659729,0.002017974853515625
23,2,160,3.4340221881866455,3.4339442253112793,-7.796287536621094e-05
23,3,160,3.0028064250946045,3.001220941543579,-0.0015854835510253906
23,4,160,2.826725721359253,2.8269362449645996,0.0002105236053466797
23,5,160,3.3522353172302246,3.3535892963409424,0.0013539791107177734
23,6,160,3.3211681842803955,3.3212153911590576,4.7206878662109375e-05
23,7,160,3.3372862339019775,3.3390822410583496,0.0017960071563720703
23,8,160,3.066228151321411,3.0670175552368164,0.0007894039154052734
23,9,160,3.2757341861724854,3.2750258445739746,-0.0007083415985107422
23,10,160,3.4810545444488525,3.4820144176483154,0.0009598731994628906
23,11,160,3.139294147491455,3.1384694576263428,-0.0008246898651123047
23,12,160,3.3418691158294678,3.340932607650757,-0.0009365081787109375
23,13,160,3.8215041160583496,3.8217575550079346,0.00025343894958496094
23,14,160,3.629310131072998,3.6288836002349854,-0.0004265308380126953
23,15,160,3.556509494781494,3.555867910385132,-0.0006415843963623047
23,16,160,3.922792434692383,3.9230422973632812,0.0002498626708984375
23,17,160,3.5627806186676025,3.5622901916503906,-0.0004904270172119141
23,18,160,2.8953170776367188,2.895411729812622,9.465217590332031e-05
23,19,160,2.5043790340423584,2.504951000213623,0.0005719661712646484
24,0,160,3.3962783813476562,3.3974978923797607,0.0012195110321044922
24,1,160,3.5301687717437744,3.5296835899353027,-0.0004851818084716797
24,2,160,3.4340221881866455,3.43342924118042,-0.0005929470062255859
24,3,160,3.0028064250946045,3.0027685165405273,-3.790855407714844e-05
24,4,160,2.826725721359253,2.8252780437469482,-0.0014476776123046875
24,5,160,3.3522353172302246,3.351649761199951,-0.0005855560302734375
24,6,160,3.3211681842803955,3.321209192276001,4.100799560546875e-05
24,7,160,3.3372862339019775,3.3360488414764404,-0.0012373924255371094
24,8,160,3.066228151321411,3.0667903423309326,0.0005621910095214844
24,9,160,3.2757341861724854,3.2756142616271973,-0.00011992454528808594
24,10,160,3.4810545444488525,3.481208086013794,0.00015354156494140625
24,11,160,3.139294147491455,3.139525890350342,0.00023174285888671875
24,12,160,3.3418691158294678,3.3425097465515137,0.0006406307220458984
24,13,160,3.8215041160583496,3.8221750259399414,0.0006709098815917969
24,14,160,3.629310131072998,3.6303529739379883,0.0010428428649902344
24,15,160,3.556509494781494,3.5577964782714844,0.0012869834899902344
24,16,160,3.922792434692383,3.9211373329162598,-0.0016551017761230469
24,17,160,3.5627806186676025,3.5612075328826904,-0.0015730857849121094
24,18,160,2.8953170776367188,2.8962342739105225,0.0009171962738037109
24,19,160,2.5043790340423584,2.504511594772339,0.00013256072998046875
25,0,160,3.3962783813476562,3.396583318710327,0.00030493736267089844
25,1,160,3.5301687717437744,3.5292444229125977,-0.0009243488311767578
25,2,160,3.4340221881866455,3.4339401721954346,-8.20159912109375e-05
25,3,160,3.0028064250946045,3.003180980682373,0.0003745555877685547
25,4,160,2.826725721359253,2.8270843029022217,0.00035858154296875
25,5,160,3.3522353172302246,3.3520333766937256,-0.00020194053649902344
25,6,160,3.3211681842803955,3.3212156295776367,4.744529724121094e-05
25,7,160,3.3372862339019775,3.3386032581329346,0.0013170242309570312
25,8,160,3.066228151321411,3.0672080516815186,0.0009799003601074219
25,9,160,3.2757341861724854,3.275547504425049,-0.00018668174743652344
25,10,160,3.4810545444488525,3.4828922748565674,0.0018377304077148438
25,11,160,3.139294147491455,3.1394565105438232,0.00016236305236816406
25,12,160,3.3418691158294678,3.3406078815460205,-0.0012612342834472656
25,13,160,3.8215041160583496,3.8235204219818115,0.002016305923461914
25,14,160,3.629310131072998,3.6285457611083984,-0.0007643699645996094
25,15,160,3.556509494781494,3.5552031993865967,-0.001306295394897461
25,16,160,3.922792434692383,3.9229698181152344,0.0001773834228515625
25,17,160,3.5627806186676025,3.5676565170288086,0.004875898361206055
25,18,160,2.8953170776367188,2.896649122238159,0.0013320446014404297
25,19,160,2.5043790340423584,2.5039331912994385,-0.0004458427429199219
26,0,160,3.3962783813476562,3.3953840732574463,-0.0008943080902099609
26,1,160,3.5301687717437744,3.529958963394165,-0.000209808349609375
26,2,160,3.4340221881866455,3.4328439235687256,-0.0011782646179199219
26,3,160,3.0028064250946045,3.003005027770996,0.00019860267639160156
26,4,160,2.826725721359253,2.8253676891326904,-0.0013580322265625
26,5,160,3.3522353172302246,3.352022647857666,-0.00021266937255859375
26,6,160,3.3211681842803955,3.322430372238159,0.0012621879577636719
26,7,160,3.3372862339019775,3.3373632431030273,7.700920104980469e-05
26,8,160,3.066228151321411,3.065487861633301,-0.0007402896881103516
26,9,160,3.2757341861724854,3.276761054992676,0.0010268688201904297
26,10,160,3.4810545444488525,3.4820704460144043,0.0010159015655517578
26,11,160,3.139294147491455,3.1373467445373535,-0.0019474029541015625
26,12,160,3.3418691158294678,3.342874526977539,0.001005411148071289
26,13,160,3.8215041160583496,3.8216705322265625,0.00016641616821289062
26,14,160,3.629310131072998,3.6301016807556152,0.0007915496826171875
26,15,160,3.556509494781494,3.556027412414551,-0.0004820823669433594
26,16,160,3.922792434692383,3.922028064727783,-0.0007643699645996094
26,17,160,3.5627806186676025,3.56284761428833,6.699562072753906e-05
26,18,160,2.8953170776367188,2.8954176902770996,0.00010061264038085938
26,19,160,2.5043790340423584,2.50258469581604,-0.0017943382263183594
27,0,160,3.3962783813476562,3.396763324737549,0.0004849433898925781
27,1,160,3.5301687717437744,3.530988931655884,0.000820159912109375
27,2,160,3.4340221881866455,3.43392014503479,-0.00010204315185546875
27,3,160,3.0028064250946045,3.0024397373199463,-0.0003666877746582031
27,4,160,2.826725721359253,2.8274662494659424,0.0007405281066894531
27,5,160,3.3522353172302246,3.3524322509765625,0.00019693374633789062
27,6,160,3.3211681842803955,3.320408821105957,-0.0007593631744384766
27,7,160,3.3372862339019775,3.337482213973999,0.00019598007202148438
27,8,160,3.066228151321411,3.0671470165252686,0.0009188652038574219
27,9,160,3.2757341861724854,3.275458574295044,-0.00027561187744140625
27,10,160,3.4810545444488525,3.4810760021209717,2.1457672119140625e-05
27,11,160,3.139294147491455,3.1389358043670654,-0.00035834312438964844
27,12,160,3.3418691158294678,3.3419549465179443,8.58306884765625e-05
27,13,160,3.8215041160583496,3.8219947814941406,0.0004906654357910156
27,14,160,3.629310131072998,3.628157377243042,-0.0011527538299560547
27,15,160,3.556509494781494,3.556363582611084,-0.00014591217041015625
27,16,160,3.922792434692383,3.9213521480560303,-0.001440286636352539
27,17,160,3.5627806186676025,3.5616703033447266,-0.0011103153228759766
27,18,160,2.8953170776367188,2.895714521408081,0.0003974437713623047
27,19,160,2.5043790340423584,2.5045177936553955,0.00013875961303710938
28,0,160,3.3962783813476562,3.3973186016082764,0.0010402202606201172
28,1,160,3.5301687717437744,3.5290822982788086,-0.0010864734649658203
28,2,160,3.4340221881866455,3.43295955657959,-0.001062631607055664
28,3,160,3.0028064250946045,3.0028560161590576,4.9591064453125e-05
28,4,160,2.826725721359253,2.8266420364379883,-8.368492126464844e-05
28,5,160,3.3522353172302246,3.3512258529663086,-0.0010094642639160156
28,6,160,3.3211681842803955,3.320716142654419,-0.0004520416259765625
28,7,160,3.3372862339019775,3.3389313220977783,0.0016450881958007812
28,8,160,3.066228151321411,3.0678646564483643,0.001636505126953125
28,9,160,3.2757341861724854,3.276991844177246,0.0012576580047607422
28,10,160,3.4810545444488525,3.4815242290496826,0.0004696846008300781
28,11,160,3.139294147491455,3.1375768184661865,-0.0017173290252685547
28,12,160,3.3418691158294678,3.341791868209839,-7.724761962890625e-05
28,13,160,3.8215041160583496,3.821645736694336,0.00014162063598632812
28,14,160,3.629310131072998,3.629387140274048,7.700920104980469e-05
28,15,160,3.556509494781494,3.5566561222076416,0.00014662742614746094
28,16,160,3.922792434692383,3.9233815670013428,0.0005891323089599609
28,17,160,3.5627806186676025,3.564711570739746,0.0019309520721435547
28,18,160,2.8953170776367188,2.895200252532959,-0.00011682510375976562
28,19,160,2.5043790340423584,2.5051281452178955,0.0007491111755371094
29,0,160,3.3962783813476562,3.3956665992736816,-0.0006117820739746094
29,1,160,3.5301687717437744,3.529559850692749,-0.0006089210510253906
29,2,160,3.4340221881866455,3.4342269897460938,0.0002048015594482422
29,3,160,3.0028064250946045,3.0030453205108643,0.00023889541625976562
29,4,160,2.826725721359253,2.8281972408294678,0.0014715194702148438
29,5,160,3.3522353172302246,3.35182785987854,-0.0004074573516845703
29,6,160,3.3211681842803955,3.3217368125915527,0.0005686283111572266
29,7,160,3.3372862339019775,3.3382740020751953,0.0009877681732177734
29,8,160,3.066228151321411,3.0661864280700684,-4.172325134277344e-05
29,9,160,3.2757341861724854,3.2768619060516357,0.0011277198791503906
29,10,160,3.4810545444488525,3.481304407119751,0.0002498626708984375
29,11,160,3.139294147491455,3.138476610183716,-0.0008175373077392578
29,12,160,3.3418691158294678,3.3425703048706055,0.0007011890411376953
29,13,160,3.8215041160583496,3.8225841522216797,0.0010800361633300781
29,14,160,3.629310131072998,3.6281161308288574,-0.001194000244140625
29,15,160,3.556509494781494,3.5553019046783447,-0.001207590103149414
29,16,160,3.922792434692383,3.922461748123169,-0.0003306865692138672
29,17,160,3.5627806186676025,3.562716007232666,-6.461143493652344e-05
29,18,160,2.8953170776367188,2.893880605697632,-0.001436471939086914
29,19,160,2.5043790340423584,2.5041863918304443,-0.0001926422119140625
30,0,160,3.3962783813476562,3.3955624103546143,-0.0007159709930419922
30,1,160,3.5301687717437744,3.5301146507263184,-5.412101745605469e-05
30,2,160,3.4340221881866455,3.434772253036499,0.0007500648498535156
30,3,160,3.0028064250946045,3.0033745765686035,0.0005681514739990234
30,4,160,2.826725721359253,2.8273351192474365,0.0006093978881835938
30,5,160,3.3522353172302246,3.3521506786346436,-8.463859558105469e-05
30,6,160,3.3211681842803955,3.3216564655303955,0.00048828125
30,7,160,3.3372862339019775,3.3376657962799072,0.0003795623779296875
30,8,160,3.066228151321411,3.0651943683624268,-0.001033782958984375
30,9,160,3.2757341861724854,3.2750978469848633,-0.0006363391876220703
30,10,160,3.4810545444488525,3.481304883956909,0.0002503395080566406
30,11,160,3.139294147491455,3.137718677520752,-0.001575469970703125
30,12,160,3.3418691158294678,3.3425960540771484,0.0007269382476806641
30,13,160,3.8215041160583496,3.8213953971862793,-0.0001087188720703125
30,14,160,3.629310131072998,3.6289381980895996,-0.0003719329833984375
30,15,160,3.556509494781494,3.556856870651245,0.00034737586975097656
30,16,160,3.922792434692383,3.9248483180999756,0.0020558834075927734
30,17,160,3.5627806186676025,3.5638997554779053,0.0011191368103027344
30,18,160,2.8953170776367188,2.89479660987854,-0.0005204677581787109
30,19,160,2.5043790340423584,2.503013849258423,-0.0013651847839355469
31,0,160,3.3962783813476562,3.39506459236145,-0.0012137889862060547
31,1,160,3.5301687717437744,3.530911922454834,0.0007431507110595703
31,2,160,3.4340221881866455,3.434190034866333,0.0001678466796875
31,3,160,3.0028064250946045,3.002959966659546,0.00015354156494140625
31,4,160,2.826725721359253,2.8281848430633545,0.0014591217041015625
31,5,160,3.3522353172302246,3.351409673690796,-0.0008256435394287109
31,6,160,3.3211681842803955,3.321457862854004,0.00028967857360839844
31,7,160,3.3372862339019775,3.3383750915527344,0.001088857650756836
31,8,160,3.066228151321411,3.0662128925323486,-1.52587890625e-05
31,9,160,3.2757341861724854,3.27616024017334,0.0004260540008544922
31,10,160,3.4810545444488525,3.4814209938049316,0.00036644935607910156
31,11,160,3.139294147491455,3.138611316680908,-0.000682830810546875
31,12,160,3.3418691158294678,3.341029167175293,-0.0008399486541748047
31,13,160,3.8215041160583496,3.8214151859283447,-8.893013000488281e-05
31,14,160,3.629310131072998,3.6302971839904785,0.0009870529174804688
31,15,160,3.556509494781494,3.5576155185699463,0.0011060237884521484
31,16,160,3.922792434692383,3.9224326610565186,-0.0003597736358642578
31,17,160,3.5627806186676025,3.5613646507263184,-0.0014159679412841797
31,18,160,2.8953170776367188,2.8955695629119873,0.0002524852752685547
31,19,160,2.5043790340423584,2.5047619342803955,0.0003829002380371094
32,0,160,3.3962783813476562,3.398383140563965,0.0021047592163085938
32,1,160,3.5301687717437744,3.530547618865967,0.0003788471221923828
32,2,160,3.4340221881866455,3.433598756790161,-0.000423431396484375
32,3,160,3.0028064250946045,3.003174304962158,0.00036787986755371094
32,4,160,2.826725721359253,2.8269059658050537,0.00018024444580078125
32,5,160,3.3522353172302246,3.3523623943328857,0.0001270771026611328
32,6,160,3.3211681842803955,3.3207051753997803,-0.0004630088806152344
32,7,160,3.3372862339019775,3.3371806144714355,-0.00010561943054199219
32,8,160,3.066228151321411,3.0653648376464844,-0.0008633136749267578
32,9,160,3.2757341861724854,3.2751379013061523,-0.0005962848663330078
32,10,160,3.4810545444488525,3.4804491996765137,-0.0006053447723388672
32,11,160,3.139294147491455,3.1393139362335205,1.9788742065429688e-05
32,12,160,3.3418691158294678,3.3415706157684326,-0.00029850006103515625
32,13,160,3.8215041160583496,3.8215770721435547,7.295608520507812e-05
32,14,160,3.629310131072998,3.62996768951416,0.0006575584411621094
32,15,160,3.556509494781494,3.5554139614105225,-0.0010955333709716797
32,16,160,3.922792434692383,3.9231770038604736,0.0003845691680908203
32,17,160,3.5627806186676025,3.5645132064819336,0.0017325878143310547
32,18,160,2.8953170776367188,2.8951635360717773,-0.00015354156494140625
32,19,160,2.5043790340423584,2.5038301944732666,-0.0005488395690917969
33,0,160,3.3962783813476562,3.3968563079833984,0.0005779266357421875
33,1,160,3.5301687717437744,3.530391216278076,0.0002224445343017578
33,2,160,3.4340221881866455,3.433053970336914,-0.0009682178497314453
33,3,160,3.0028064250946045,3.00290584564209,9.942054748535156e-05
33,4,160,2.826725721359253,2.826174259185791,-0.0005514621734619141
33,5,160,3.3522353172302246,3.351410388946533,-0.0008249282836914062
33,6,160,3.3211681842803955,3.3210415840148926,-0.0001266002655029297
33,7,160,3.3372862339019775,3.337552309036255,0.00026607513427734375
33,8,160,3.066228151321411,3.066328525543213,0.00010037422180175781
33,9,160,3.2757341861724854,3.2745676040649414,-0.0011665821075439453
33,10,160,3.4810545444488525,3.4802534580230713,-0.00080108642578125
33,11,160,3.139294147491455,3.1387617588043213,-0.0005323886871337891
33,12,160,3.3418691158294678,3.340813159942627,-0.0010559558868408203
33,13,160,3.8215041160583496,3.8221755027770996,0.00067138671875
33,14,160,3.629310131072998,3.6288902759552,-0.00041985511779785156
33,15,160,3.556509494781494,3.5567519664764404,0.00024247169494628906
33,16,160,3.922792434692383,3.923281669616699,0.0004892349243164062
33,17,160,3.5627806186676025,3.5610458850860596,-0.0017347335815429688
33,18,160,2.8953170776367188,2.895627498626709,0.0003104209899902344
33,19,160,2.5043790340423584,2.5029139518737793,-0.0014650821685791016
34,0,160,3.3962783813476562,3.3961329460144043,-0.00014543533325195312
34,1,160,3.5301687717437744,3.5305233001708984,0.00035452842712402344
34,2,160,3.4340221881866455,3.4336798191070557,-0.00034236907958984375
34,3,160,3.0028064250946045,3.003743886947632,0.0009374618530273438
34,4,160,2.826725721359253,2.827265501022339,0.0005397796630859375
34,5,160,3.3522353172302246,3.3534557819366455,0.0012204647064208984
34,6,160,3.3211681842803955,3.321716547012329,0.0005483627319335938
34,7,160,3.3372862339019775,3.33888840675354,0.0016021728515625
34,8,160,3.066228151321411,3.0661442279815674,-8.392333984375e-05
34,9,160,3.2757341861724854,3.276393175125122,0.0006589889526367188
34,10,160,3.4810545444488525,3.481008291244507,-4.6253204345703125e-05
34,11,160,3.139294147491455,3.1392178535461426,-7.62939453125e-05
34,12,160,3.3418691158294678,3.342233896255493,0.0003647804260253906
34,13,160,3.8215041160583496,3.8210809230804443,-0.00042319297790527344
34,14,160,3.629310131072998,3.6297402381896973,0.00043010711669921875
34,15,160,3.556509494781494,3.5568735599517822,0.00036406517028808594
34,16,160,3.922792434692383,3.9225916862487793,-0.00020074844360351562
34,17,160,3.5627806186676025,3.564476490020752,0.001695871353149414
34,18,160,2.8953170776367188,2.8967387676239014,0.0014216899871826172
34,19,160,2.5043790340423584,2.504875421524048,0.0004963874816894531
35,0,160,3.3962783813476562,3.39707612991333,0.0007977485656738281
35,1,160,3.5301687717437744,3.529453992843628,-0.0007147789001464844
35,2,160,3.4340221881866455,3.4337635040283203,-0.0002586841583251953
35,3,160,3.0028064250946045,3.0041661262512207,0.001359701156616211
35,4,160,2.826725721359253,2.8276736736297607,0.0009479522705078125
35,5,160,3.3522353172302246,3.352687358856201,0.0004520416259765625
35,6,160,3.3211681842803955,3.3198845386505127,-0.0012836456298828125
35,7,160,3.3372862339019775,3.3379948139190674,0.0007085800170898438
35,8,160,3.066228151321411,3.066962718963623,0.0007345676422119141
35,9,160,3.2757341861724854,3.2754056453704834,-0.0003285408020019531
35,10,160,3.4810545444488525,3.4814155101776123,0.0003609657287597656
35,11,160,3.139294147491455,3.139164447784424,-0.00012969970703125
35,12,160,3.3418691158294678,3.341843366622925,-2.574920654296875e-05
35,13,160,3.8215041160583496,3.8223166465759277,0.000812530517578125
35,14,160,3.629310131072998,3.6296420097351074,0.000331878662109375
35,15,160,3.556509494781494,3.556783437728882,0.0002739429473876953
35,16,160,3.922792434692383,3.924302816390991,0.0015103816986083984
35,17,160,3.5627806186676025,3.5637106895446777,0.0009300708770751953
35,18,160,2.8953170776367188,2.8952648639678955,-5.221366882324219e-05
35,19,160,2.5043790340423584,2.504392385482788,1.33514404296875e-05
36,0,160,3.3962783813476562,3.396214723587036,-6.365776062011719e-05
36,1,160,3.5301687717437744,3.5313594341278076,0.0011906623840332031
36,2,160,3.4340221881866455,3.4329302310943604,-0.0010919570922851562
36,3,160,3.0028064250946045,3.0018019676208496,-0.0010044574737548828
36,4,160,2.826725721359253,2.8260042667388916,-0.0007214546203613281
36,5,160,3.3522353172302246,3.3522934913635254,5.817413330078125e-05
36,6,160,3.3211681842803955,3.3210458755493164,-0.00012230873107910156
36,7,160,3.3372862339019775,3.337412118911743,0.000125885009765625
36,8,160,3.066228151321411,3.0661611557006836,-6.699562072753906e-05
36,9,160,3.2757341861724854,3.2751004695892334,-0.0006337165832519531
36,10,160,3.4810545444488525,3.4818074703216553,0.0007529258728027344
36,11,160,3.139294147491455,3.139852523803711,0.0005583763122558594
36,12,160,3.3418691158294678,3.3417701721191406,-9.894371032714844e-05
36,13,160,3.8215041160583496,3.8218584060668945,0.0003542900085449219
36,14,160,3.629310131072998,3.629152297973633,-0.00015783309936523438
36,15,160,3.556509494781494,3.5578267574310303,0.0013172626495361328
36,16,160,3.922792434692383,3.92311692237854,0.00032448768615722656
36,17,160,3.5627806186676025,3.563504934310913,0.0007243156433105469
36,18,160,2.8953170776367188,2.895735263824463,0.0004181861877441406
36,19,160,2.5043790340423584,2.5047619342803955,0.0003829002380371094
37,0,160,3.3962783813476562,3.397141456604004,0.0008630752563476562
37,1,160,3.5301687717437744,3.528815984725952,-0.0013527870178222656
37,2,160,3.4340221881866455,3.43491792678833,0.0008957386016845703
37,3,160,3.0028064250946045,3.0038681030273438,0.0010616779327392578
37,4,160,2.826725721359253,2.826683521270752,-4.220008850097656e-05
37,5,160,3.3522353172302246,3.352008819580078,-0.00022649765014648438
37,6,160,3.3211681842803955,3.3213398456573486,0.000171661376953125
37,7,160,3.3372862339019775,3.337008237838745,-0.0002779960632324219
37,8,160,3.066228151321411,3.0650665760040283,-0.0011615753173828125
37,9,160,3.2757341861724854,3.2759368419647217,0.00020265579223632812
37,10,160,3.4810545444488525,3.4827892780303955,0.0017347335815429688
37,11,160,3.139294147491455,3.1392040252685547,-9.012222290039062e-05
37,12,160,3.3418691158294678,3.342216730117798,0.0003476142883300781
37,13,160,3.8215041160583496,3.820712089538574,-0.0007920265197753906
37,14,160,3.629310131072998,3.6294989585876465,0.0001888275146484375
37,15,160,3.556509494781494,3.5562469959259033,-0.0002624988555908203
37,16,160,3.922792434692383,3.9234790802001953,0.0006866455078125
37,17,160,3.5627806186676025,3.561795234680176,-0.0009853839874267578
37,18,160,2.8953170776367188,2.8949079513549805,-0.00040912628173828125
37,19,160,2.5043790340423584,2.5044572353363037,7.82012939453125e-05
38,0,160,3.3962783813476562,3.395956039428711,-0.0003223419189453125
38,1,160,3.5301687717437744,3.5313243865966797,0.0011556148529052734
38,2,160,3.4340221881866455,3.437671184539795,0.003648996353149414
38,3,160,3.0028064250946045,3.00458025932312,0.001773834228515625
38,4,160,2.826725721359253,2.829669713973999,0.0029439926147460938
38,5,160,3.3522353172302246,3.353532075881958,0.0012967586517333984
38,6,160,3.3211681842803955,3.324202060699463,0.003033876419067383
38,7,160,3.3372862339019775,3.3402249813079834,0.0029387474060058594
38,8,160,3.066228151321411,3.0669336318969727,0.0007054805755615234
38,9,160,3.2757341861724854,3.2787139415740967,0.002979755401611328
38,10,160,3.4810545444488525,3.4832186698913574,0.002164125442504883
38,11,160,3.139294147491455,3.141712188720703,0.002418041229248047
38,12,160,3.3418691158294678,3.3547775745391846,0.012908458709716797
38,13,160,3.8215041160583496,3.8201799392700195,-0.0013241767883300781
38,14,160,3.629310131072998,3.6301422119140625,0.0008320808410644531
38,15,160,3.556509494781494,3.55668306350708,0.0001735687255859375
38,16,160,3.922792434692383,3.9237706661224365,0.000978231430053711
38,17,160,3.5627806186676025,3.56302547454834,0.0002448558807373047
38,18,160,2.8953170776367188,2.895435094833374,0.00011801719665527344
38,19,160,2.5043790340423584,2.5046510696411133,0.0002720355987548828
39,0,160,3.3962783813476562,3.3964242935180664,0.00014591217041015625
39,1,160,3.5301687717437744,3.5300395488739014,-0.00012922286987304688
39,2,160,3.4340221881866455,3.4356493949890137,0.001627206802368164
39,3,160,3.0028064250946045,3.003779888153076,0.0009734630584716797
39,4,160,2.826725721359253,2.826306104660034,-0.00041961669921875
39,5,160,3.3522353172302246,3.353440761566162,0.0012054443359375
39,6,160,3.3211681842803955,3.321742296218872,0.0005741119384765625
39,7,160,3.3372862339019775,3.3392770290374756,0.001990795135498047
39,8,160,3.066228151321411,3.066462278366089,0.00023412704467773438
39,9,160,3.2757341861724854,3.276754379272461,0.001020193099975586
39,10,160,3.4810545444488525,3.4821865558624268,0.0011320114135742188
39,11,160,3.139294147491455,3.1396422386169434,0.00034809112548828125
39,12,160,3.3418691158294678,3.3415863513946533,-0.0002827644348144531
39,13,160,3.8215041160583496,3.8217577934265137,0.0002536773681640625
39,14,160,3.629310131072998,3.629002809524536,-0.00030732154846191406
39,15,160,3.556509494781494,3.55614972114563,-0.0003597736358642578
39,16,160,3.922792434692383,3.9217798709869385,-0.001012563705444336
39,17,160,3.5627806186676025,3.5609402656555176,-0.001840353012084961
39,18,160,2.8953170776367188,2.894862651824951,-0.0004544258117675781
39,19,160,2.5043790340423584,2.505664348602295,0.0012853145599365234
40,0,160,3.3962783813476562,3.397688865661621,0.0014104843139648438
40,1,160,3.5301687717437744,3.5309414863586426,0.0007727146148681641
40,2,160,3.4340221881866455,3.4329583644866943,-0.0010638236999511719
40,3,160,3.0028064250946045,3.0028738975524902,6.747245788574219e-05
40,4,160,2.826725721359253,2.8270912170410156,0.0003654956817626953
40,5,160,3.3522353172302246,3.3528714179992676,0.0006361007690429688
40,6,160,3.3211681842803955,3.319591760635376,-0.0015764236450195312
40,7,160,3.3372862339019775,3.3379108905792236,0.0006246566772460938
40,8,160,3.066228151321411,3.0652477741241455,-0.000980377197265625
40,9,160,3.2757341861724854,3.2750165462493896,-0.0007176399230957031
40,10,160,3.4810545444488525,3.4797465801239014,-0.0013079643249511719
40,11,160,3.139294147491455,3.141525983810425,0.0022318363189697266
40,12,160,3.3418691158294678,3.3481216430664062,0.0062525272369384766
40,13,160,3.8215041160583496,3.8225672245025635,0.0010631084442138672
40,14,160,3.629310131072998,3.629462242126465,0.00015211105346679688
40,15,160,3.556509494781494,3.5571043491363525,0.0005948543548583984
40,16,160,3.922792434692383,3.923287868499756,0.0004954338073730469
40,17,160,3.5627806186676025,3.563197374343872,0.00041675567626953125
40,18,160,2.8953170776367188,2.8947389125823975,-0.0005781650543212891
40,19,160,2.5043790340423584,2.505048990249634,0.0006699562072753906
41,0,160,3.3962783813476562,3.3967843055725098,0.0005059242248535156
41,1,160,3.5301687717437744,3.5300965309143066,-7.224082946777344e-05
41,2,160,3.4340221881866455,3.435872793197632,0.0018506050109863281
41,3,160,3.0028064250946045,3.0020015239715576,-0.000804901123046875
41,4,160,2.826725721359253,2.8264377117156982,-0.0002880096435546875
41,5,160,3.3522353172302246,3.3519392013549805,-0.0002961158752441406
41,6,160,3.3211681842803955,3.3203155994415283,-0.0008525848388671875
41,7,160,3.3372862339019775,3.335331439971924,-0.001954793930053711
41,8,160,3.066228151321411,3.066251039505005,2.288818359375e-05
41,9,160,3.2757341861724854,3.275916576385498,0.0001823902130126953
41,10,160,3.4810545444488525,3.4799611568450928,-0.0010933876037597656
41,11,160,3.139294147491455,3.1396968364715576,0.00040268898010253906
41,12,160,3.3418691158294678,3.342689275741577,0.000820159912109375
41,13,160,3.8215041160583496,3.821530342102051,2.6226043701171875e-05
41,14,160,3.629310131072998,3.6292917728424072,-1.8358230590820312e-05
41,15,160,3.556509494781494,3.556546449661255,3.695487976074219e-05
41,16,160,3.922792434692383,3.9237093925476074,0.0009169578552246094
41,17,160,3.5627806186676025,3.5616261959075928,-0.0011544227600097656
41,18,160,2.8953170776367188,2.894409418106079,-0.0009076595306396484
41,19,160,2.5043790340423584,2.503223419189453,-0.0011556148529052734
42,0,160,3.3962783813476562,3.3966386318206787,0.00036025047302246094
42,1,160,3.5301687717437744,3.5309157371520996,0.0007469654083251953
42,2,160,3.4340221881866455,3.435220241546631,0.0011980533599853516
42,3,160,3.0028064250946045,3.0050671100616455,0.0022606849670410156
42,4,160,2.826725721359253,2.826861619949341,0.00013589859008789062
42,5,160,3.3522353172302246,3.354055643081665,0.0018203258514404297
42,6,160,3.3211681842803955,3.3241171836853027,0.0029489994049072266
42,7,160,3.3372862339019775,3.3406059741973877,0.0033197402954101562
42,8,160,3.066228151321411,3.067230701446533,0.0010025501251220703
42,9,160,3.2757341861724854,3.277169942855835,0.0014357566833496094
42,10,160,3.4810545444488525,3.4826676845550537,0.0016131401062011719
42,11,160,3.139294147491455,3.138671398162842,-0.0006227493286132812
42,12,160,3.3418691158294678,3.3410484790802,-0.0008206367492675781
42,13,160,3.8215041160583496,3.8226420879364014,0.0011379718780517578
42,14,160,3.629310131072998,3.628816843032837,-0.0004932880401611328
42,15,160,3.556509494781494,3.5577237606048584,0.0012142658233642578
42,16,160,3.922792434692383,3.924070358276367,0.001277923583984375
42,17,160,3.5627806186676025,3.5615651607513428,-0.0012154579162597656
42,18,160,2.8953170776367188,2.895195245742798,-0.00012183189392089844
42,19,160,2.5043790340423584,2.503718137741089,-0.0006608963012695312
43,0,160,3.3962783813476562,3.3979146480560303,0.0016362667083740234
43,1,160,3.5301687717437744,3.5299792289733887,-0.0001895427703857422
43,2,160,3.4340221881866455,3.433422565460205,-0.0005996227264404297
43,3,160,3.0028064250946045,3.0023131370544434,-0.0004932880401611328
43,4,160,2.826725721359253,2.827261447906494,0.0005357265472412109
43,5,160,3.3522353172302246,3.352447748184204,0.0002124309539794922
43,6,160,3.3211681842803955,3.320103168487549,-0.0010650157928466797
43,7,160,3.3372862339019775,3.336806535720825,-0.00047969818115234375
43,8,160,3.066228151321411,3.066053867340088,-0.0001742839813232422
43,9,160,3.2757341861724854,3.2737832069396973,-0.001950979232788086
43,10,160,3.4810545444488525,3.4794845581054688,-0.001569986343383789
43,11,160,3.139294147491455,3.139151096343994,-0.0001430511474609375
43,12,160,3.3418691158294678,3.3408548831939697,-0.0010142326354980469
43,13,160,3.8215041160583496,3.8228917121887207,0.0013875961303710938
43,14,160,3.629310131072998,3.629260778427124,-4.935264587402344e-05
43,15,160,3.556509494781494,3.5564002990722656,-0.00010919570922851562
43,16,160,3.922792434692383,3.9217450618743896,-0.001047372817993164
43,17,160,3.5627806186676025,3.564606189727783,0.001825571060180664
43,18,160,2.8953170776367188,2.896712064743042,0.0013949871063232422
43,19,160,2.5043790340423584,2.505030393600464,0.0006513595581054688
44,0,160,3.3962783813476562,3.395799160003662,-0.0004792213439941406
44,1,160,3.5301687717437744,3.530125617980957,-4.315376281738281e-05
44,2,160,3.4340221881866455,3.433319091796875,-0.0007030963897705078
44,3,160,3.0028064250946045,3.0049893856048584,0.0021829605102539062
44,4,160,2.826725721359253,2.825991630554199,-0.0007340908050537109
44,5,160,3.3522353172302246,3.35370135307312,0.0014660358428955078
44,6,160,3.3211681842803955,3.3198797702789307,-0.0012884140014648438
44,7,160,3.3372862339019775,3.335883855819702,-0.0014023780822753906
44,8,160,3.066228151321411,3.067528247833252,0.0013000965118408203
44,9,160,3.2757341861724854,3.2744805812835693,-0.0012536048889160156
44,10,160,3.4810545444488525,3.481379985809326,0.0003254413604736328
44,11,160,3.139294147491455,3.139556407928467,0.00026226043701171875
44,12,160,3.3418691158294678,3.3427443504333496,0.0008752346038818359
44,13,160,3.8215041160583496,3.82234525680542,0.0008411407470703125
44,14,160,3.629310131072998,3.62906813621521,-0.00024199485778808594
44,15,160,3.556509494781494,3.558021306991577,0.0015118122100830078
44,16,160,3.922792434692383,3.9242990016937256,0.0015065670013427734
44,17,160,3.5627806186676025,3.5641753673553467,0.0013947486877441406
44,18,160,2.8953170776367188,2.8957266807556152,0.0004096031188964844
44,19,160,2.5043790340423584,2.503223419189453,-0.0011556148529052734
45,0,160,3.3962783813476562,3.396632194519043,0.00035381317138671875
45,1,160,3.5301687717437744,3.5298538208007812,-0.00031495094299316406
45,2,160,3.4340221881866455,3.4344663619995117,0.00044417381286621094
45,3,160,3.0028064250946045,3.002631664276123,-0.0001747608184814453
45,4,160,2.826725721359253,2.826890707015991,0.00016498565673828125
45,5,160,3.3522353172302246,3.3528921604156494,0.0006568431854248047
45,6,160,3.3211681842803955,3.3227734565734863,0.0016052722930908203
45,7,160,3.3372862339019775,3.3373584747314453,7.224082946777344e-05
45,8,160,3.066228151321411,3.066641092300415,0.00041294097900390625
45,9,160,3.2757341861724854,3.276021718978882,0.0002875328063964844
45,10,160,3.4810545444488525,3.481104850769043,5.030632019042969e-05
45,11,160,3.139294147491455,3.13824725151062,-0.001046895980834961
45,12,160,3.3418691158294678,3.342221736907959,0.00035262107849121094
45,13,160,3.8215041160583496,3.8216311931610107,0.0001270771026611328
45,14,160,3.629310131072998,3.629930019378662,0.0006198883056640625
45,15,160,3.556509494781494,3.557725191116333,0.0012156963348388672
45,16,160,3.922792434692383,3.9217007160186768,-0.0010917186737060547
45,17,160,3.5627806186676025,3.5619308948516846,-0.0008497238159179688
45,18,160,2.8953170776367188,2.8941164016723633,-0.0012006759643554688
45,19,160,2.5043790340423584,2.504189968109131,-0.00018906593322753906
46,0,160,3.3962783813476562,3.3972628116607666,0.0009844303131103516
46,1,160,3.5301687717437744,3.5296359062194824,-0.0005328655242919922
46,2,160,3.4340221881866455,3.434159278869629,0.00013709068298339844
46,3,160,3.0028064250946045,3.0019407272338867,-0.0008656978607177734
46,4,160,2.826725721359253,2.8267147541046143,-1.0967254638671875e-05
46,5,160,3.3522353172302246,3.3522439002990723,8.58306884765625e-06
46,6,160,3.3211681842803955,3.3213443756103516,0.0001761913299560547
46,7,160,3.3372862339019775,3.3368828296661377,-0.00040340423583984375
46,8,160,3.066228151321411,3.0669076442718506,0.0006794929504394531
46,9,160,3.2757341861724854,3.2756426334381104,-9.1552734375e-05
46,10,160,3.4810545444488525,3.4807231426239014,-0.0003314018249511719
46,11,160,3.139294147491455,3.1379311084747314,-0.0013630390167236328
46,12,160,3.3418691158294678,3.341740846633911,-0.00012826919555664062
46,13,160,3.8215041160583496,3.822132110595703,0.0006279945373535156
46,14,160,3.629310131072998,3.6288206577301025,-0.0004894733428955078
46,15,160,3.556509494781494,3.5572760105133057,0.0007665157318115234
46,16,160,3.922792434692383,3.9245855808258057,0.0017931461334228516
46,17,160,3.5627806186676025,3.5631165504455566,0.00033593177795410156
46,18,160,2.8953170776367188,2.8944544792175293,-0.0008625984191894531
46,19,160,2.5043790340423584,2.5039784908294678,-0.000400543212890625
47,0,160,3.3962783813476562,3.3966095447540283,0.0003311634063720703
47,1,160,3.5301687717437744,3.528689384460449,-0.0014793872833251953
47,2,160,3.4340221881866455,3.435220718383789,0.0011985301971435547
47,3,160,3.0028064250946045,3.0026955604553223,-0.00011086463928222656
47,4,160,2.826725721359253,2.825977087020874,-0.0007486343383789062
47,5,160,3.3522353172302246,3.3508846759796143,-0.0013506412506103516
47,6,160,3.3211681842803955,3.3214094638824463,0.00024127960205078125
47,7,160,3.3372862339019775,3.3359320163726807,-0.001354217529296875
47,8,160,3.066228151321411,3.0665547847747803,0.0003266334533691406
47,9,160,3.2757341861724854,3.2741425037384033,-0.0015916824340820312
47,10,160,3.4810545444488525,3.4803452491760254,-0.0007092952728271484
47,11,160,3.139294147491455,3.1396830081939697,0.00038886070251464844
47,12,160,3.3418691158294678,3.3435397148132324,0.0016705989837646484
47,13,160,3.8215041160583496,3.8221118450164795,0.0006077289581298828
47,14,160,3.629310131072998,3.628730058670044,-0.0005800724029541016
47,15,160,3.556509494781494,3.5577094554901123,0.001199960708618164
47,16,160,3.922792434692383,3.9228484630584717,5.602836608886719e-05
47,17,160,3.5627806186676025,3.564023017883301,0.0012423992156982422
47,18,160,2.8953170776367188,2.8961479663848877,0.0008308887481689453
47,19,160,2.5043790340423584,2.5040206909179688,-0.00035834312438964844
48,0,160,3.3962783813476562,3.397047519683838,0.0007691383361816406
48,1,160,3.5301687717437744,3.531587839126587,0.0014190673828125
48,2,160,3.4340221881866455,3.434108257293701,8.606910705566406e-05
48,3,160,3.0028064250946045,3.0028257369995117,1.9311904907226562e-05
48,4,160,2.826725721359253,2.826608419418335,-0.00011730194091796875
48,5,160,3.3522353172302246,3.352011203765869,-0.00022411346435546875
48,6,160,3.3211681842803955,3.320101022720337,-0.0010671615600585938
48,7,160,3.3372862339019775,3.3373162746429443,3.0040740966796875e-05
48,8,160,3.066228151321411,3.066397190093994,0.0001690387725830078
48,9,160,3.2757341861724854,3.2748019695281982,-0.0009322166442871094
48,10,160,3.4810545444488525,3.480165958404541,-0.0008885860443115234
48,11,160,3.139294147491455,3.138232707977295,-0.0010614395141601562
48,12,160,3.3418691158294678,3.340935468673706,-0.0009336471557617188
48,13,160,3.8215041160583496,3.822012424468994,0.0005083084106445312
48,14,160,3.629310131072998,3.62880802154541,-0.0005021095275878906
48,15,160,3.556509494781494,3.5561981201171875,-0.0003113746643066406
48,16,160,3.922792434692383,3.9228458404541016,5.340576171875e-05
48,17,160,3.5627806186676025,3.5618362426757812,-0.0009443759918212891
48,18,160,2.8953170776367188,2.8965036869049072,0.0011866092681884766
48,19,160,2.5043790340423584,2.5030689239501953,-0.001310110092163086
49,0,160,3.3962783813476562,3.3960909843444824,-0.00018739700317382812
49,1,160,3.5301687717437744,3.5320966243743896,0.0019278526306152344
49,2,160,3.4340221881866455,3.433189868927002,-0.0008323192596435547
49,3,160,3.0028064250946045,3.003842830657959,0.0010364055633544922
49,4,160,2.826725721359253,2.826944589614868,0.00021886825561523438
49,5,160,3.3522353172302246,3.3536417484283447,0.0014064311981201172
49,6,160,3.3211681842803955,3.323190450668335,0.002022266387939453
49,7,160,3.3372862339019775,3.3382370471954346,0.0009508132934570312
49,8,160,3.066228151321411,3.0681750774383545,0.0019469261169433594
49,9,160,3.2757341861724854,3.2745745182037354,-0.00115966796875
49,10,160,3.4810545444488525,3.480748414993286,-0.00030612945556640625
49,11,160,3.139294147491455,3.1406850814819336,0.0013909339904785156
49,12,160,3.3418691158294678,3.3419132232666016,4.410743713378906e-05
49,13,160,3.8215041160583496,3.8220715522766113,0.0005674362182617188
49,14,160,3.629310131072998,3.628817319869995,-0.0004928112030029297
49,15,160,3.556509494781494,3.5560102462768555,-0.0004992485046386719
49,16,160,3.922792434692383,3.924171209335327,0.001378774642944336
49,17,160,3.5627806186676025,3.561072826385498,-0.0017077922821044922
49,18,160,2.8953170776367188,2.8952651023864746,-5.1975250244140625e-05
49,19,160,2.5043790340423584,2.5043232440948486,-5.5789947509765625e-05
50,0,160,3.3962783813476562,3.394679307937622,-0.0015990734100341797
50,1,160,3.5301687717437744,3.5301148891448975,-5.3882598876953125e-05
50,2,160,3.4340221881866455,3.4348902702331543,0.0008680820465087891
50,3,160,3.0028064250946045,3.0018444061279297,-0.0009620189666748047
50,4,160,2.826725721359253,2.827432870864868,0.0007071495056152344
50,5,160,3.3522353172302246,3.3508851528167725,-0.0013501644134521484
50,6,160,3.3211681842803955,3.3228940963745117,0.001725912094116211
50,7,160,3.3372862339019775,3.3378312587738037,0.0005450248718261719
50,8,160,3.066228151321411,3.067756175994873,0.001528024673461914
50,9,160,3.2757341861724854,3.2757551670074463,2.09808349609375e-05
50,10,160,3.4810545444488525,3.4814555644989014,0.0004010200500488281
50,11,160,3.139294147491455,3.137392282485962,-0.001901865005493164
50,12,160,3.3418691158294678,3.3423683643341064,0.0004992485046386719
50,13,160,3.8215041160583496,3.8207075595855713,-0.0007965564727783203
50,14,160,3.629310131072998,3.6286630630493164,-0.0006470680236816406
50,15,160,3.556509494781494,3.5567831993103027,0.00027370452880859375
50,16,160,3.922792434692383,3.922611713409424,-0.00018072128295898438
50,17,160,3.5627806186676025,3.5627541542053223,-2.6464462280273438e-05
50,18,160,2.8953170776367188,2.8942782878875732,-0.0010387897491455078
50,19,160,2.5043790340423584,2.5031304359436035,-0.0012485980987548828
51,0,160,3.3962783813476562,3.395033597946167,-0.0012447834014892578
51,1,160,3.5301687717437744,3.530034303665161,-0.00013446807861328125
51,2,160,3.4340221881866455,3.4336109161376953,-0.0004112720489501953
51,3,160,3.0028064250946045,3.0031332969665527,0.0003268718719482422
51,4,160,2.826725721359253,2.8268423080444336,0.00011658668518066406
51,5,160,3.3522353172302246,3.351990222930908,-0.00024509429931640625
51,6,160,3.3211681842803955,3.321168899536133,7.152557373046875e-07
51,7,160,3.3372862339019775,3.3373520374298096,6.580352783203125e-05
51,8,160,3.066228151321411,3.0652105808258057,-0.0010175704956054688
51,9,160,3.2757341861724854,3.2750587463378906,-0.0006754398345947266
51,10,160,3.4810545444488525,3.4804129600524902,-0.0006415843963623047
51,11,160,3.139294147491455,3.139260768890381,-3.337860107421875e-05
51,12,160,3.3418691158294678,3.341777801513672,-9.131431579589844e-05
51,13,160,3.8215041160583496,3.8204874992370605,-0.0010166168212890625
51,14,160,3.629310131072998,3.6307170391082764,0.0014069080352783203
51,15,160,3.556509494781494,3.5568342208862305,0.0003247261047363281
51,16,160,3.922792434692383,3.9224283695220947,-0.00036406517028808594
51,17,160,3.5627806186676025,3.5632221698760986,0.00044155120849609375
51,18,160,2.8953170776367188,2.893967390060425,-0.0013496875762939453
51,19,160,2.5043790340423584,2.5034518241882324,-0.0009272098541259766
52,0,160,3.3962783813476562,3.3953614234924316,-0.0009169578552246094
52,1,160,3.5301687717437744,3.527678966522217,-0.002489805221557617
52,2,160,3.4340221881866455,3.4346115589141846,0.0005893707275390625
52,3,160,3.0028064250946045,3.0035033226013184,0.0006968975067138672
52,4,160,2.826725721359253,2.8276476860046387,0.0009219646453857422
52,5,160,3.3522353172302246,3.3525400161743164,0.0003046989440917969
52,6,160,3.3211681842803955,3.321904420852661,0.000736236572265625
52,7,160,3.3372862339019775,3.337780475616455,0.0004942417144775391
52,8,160,3.066228151321411,3.0675458908081055,0.001317739486694336
52,9,160,3.2757341861724854,3.276120662689209,0.0003864765167236328
52,10,160,3.4810545444488525,3.481516122817993,0.000461578369140625
52,11,160,3.139294147491455,3.139617681503296,0.0003235340118408203
52,12,160,3.3418691158294678,3.342463493347168,0.0005943775177001953
52,13,160,3.8215041160583496,3.820680856704712,-0.0008232593536376953
52,14,160,3.629310131072998,3.6296722888946533,0.00036215782165527344
52,15,160,3.556509494781494,3.556980848312378,0.00047135353088378906
52,16,160,3.922792434692383,3.9240036010742188,0.0012111663818359375
52,17,160,3.5627806186676025,3.5616376399993896,-0.0011429786682128906
52,18,160,2.8953170776367188,2.895831823348999,0.0005147457122802734
52,19,160,2.5043790340423584,2.5049262046813965,0.0005471706390380859
53,0,160,3.3962783813476562,3.3970401287078857,0.0007617473602294922
53,1,160,3.5301687717437744,3.5305721759796143,0.00040340423583984375
53,2,160,3.4340221881866455,3.4335360527038574,-0.00048613548278808594
53,3,160,3.0028064250946045,3.0033726692199707,0.0005662441253662109
53,4,160,2.826725721359253,2.8262763023376465,-0.0004494190216064453
53,5,160,3.3522353172302246,3.351175546646118,-0.0010597705841064453
53,6,160,3.3211681842803955,3.3199141025543213,-0.0012540817260742188
53,7,160,3.3372862339019775,3.337798833847046,0.0005125999450683594
53,8,160,3.066228151321411,3.0669000148773193,0.0006718635559082031
53,9,160,3.2757341861724854,3.2750704288482666,-0.00066375732421875
53,10,160,3.4810545444488525,3.4813084602355957,0.00025391578674316406
53,11,160,3.139294147491455,3.1407310962677,0.0014369487762451172
53,12,160,3.3418691158294678,3.3411028385162354,-0.0007662773132324219
53,13,160,3.8215041160583496,3.821774959564209,0.000270843505859375
53,14,160,3.629310131072998,3.62916898727417,-0.000141143798828125
53,15,160,3.556509494781494,3.5567095279693604,0.00020003318786621094
53,16,160,3.922792434692383,3.923469066619873,0.0006766319274902344
53,17,160,3.5627806186676025,3.5623679161071777,-0.0004127025604248047
53,18,160,2.8953170776367188,2.8954954147338867,0.00017833709716796875
53,19,160,2.5043790340423584,2.505131959915161,0.0007529258728027344
54,0,160,3.3962783813476562,3.3975298404693604,0.0012514591217041016
54,1,160,3.5301687717437744,3.5312211513519287,0.0010523796081542969
54,2,160,3.4340221881866455,3.4334230422973633,-0.0005991458892822266
54,3,160,3.0028064250946045,3.002919912338257,0.00011348724365234375
54,4,160,2.826725721359253,2.8267109394073486,-1.4781951904296875e-05
54,5,160,3.3522353172302246,3.351954698562622,-0.00028061866760253906
54,6,160,3.3211681842803955,3.3224856853485107,0.0013175010681152344
54,7,160,3.3372862339019775,3.336289405822754,-0.0009968280792236328
54,8,160,3.066228151321411,3.0671401023864746,0.0009119510650634766
54,9,160,3.2757341861724854,3.2762250900268555,0.0004909038543701172
54,10,160,3.4810545444488525,3.480571746826172,-0.00048279762268066406
54,11,160,3.139294147491455,3.1386799812316895,-0.000614166259765625
54,12,160,3.3418691158294678,3.341201066970825,-0.0006680488586425781
54,13,160,3.8215041160583496,3.8198018074035645,-0.0017023086547851562
54,14,160,3.629310131072998,3.6304588317871094,0.0011487007141113281
54,15,160,3.556509494781494,3.556788444519043,0.0002789497375488281
54,16,160,3.922792434692383,3.9215235710144043,-0.0012688636779785156
54,17,160,3.5627806186676025,3.561213254928589,-0.0015673637390136719
54,18,160,2.8953170776367188,2.895336627960205,1.9550323486328125e-05
54,19,160,2.5043790340423584,2.5047712326049805,0.0003921985626220703
55,0,160,3.3962783813476562,3.3960297107696533,-0.0002486705780029297
55,1,160,3.5301687717437744,3.5300402641296387,-0.0001285076141357422
55,2,160,3.4340221881866455,3.434075355529785,5.316734313964844e-05
55,3,160,3.0028064250946045,3.003676176071167,0.0008697509765625
55,4,160,2.826725721359253,2.826131582260132,-0.0005941390991210938
55,5,160,3.3522353172302246,3.3511900901794434,-0.00104522705078125
55,6,160,3.3211681842803955,3.3194363117218018,-0.00173187255859375
55,7,160,3.3372862339019775,3.3375675678253174,0.00028133392333984375
55,8,160,3.066228151321411,3.0654964447021484,-0.0007317066192626953
55,9,160,3.2757341861724854,3.2725818157196045,-0.0031523704528808594
55,10,160,3.4810545444488525,3.4814085960388184,0.0003540515899658203
55,11,160,3.139294147491455,3.1411163806915283,0.0018222332000732422
55,12,160,3.3418691158294678,3.3406896591186523,-0.0011794567108154297
55,13,160,3.8215041160583496,3.822080373764038,0.0005762577056884766
55,14,160,3.629310131072998,3.6301634311676025,0.0008533000946044922
55,15,160,3.556509494781494,3.554819107055664,-0.0016903877258300781
55,16,160,3.922792434692383,3.923022508621216,0.0002300739288330078
55,17,160,3.5627806186676025,3.564645528793335,0.0018649101257324219
55,18,160,2.8953170776367188,2.894859552383423,-0.00045752525329589844
55,19,160,2.5043790340423584,2.5056989192962646,0.00131988525390625
56,0,160,3.3962783813476562,3.3966152667999268,0.0003368854522705078
56,1,160,3.5301687717437744,3.5322587490081787,0.002089977264404297
56,2,160,3.4340221881866455,3.4337308406829834,-0.0002913475036621094
56,3,160,3.0028064250946045,3.0015017986297607,-0.00130462646484375
56,4,160,2.826725721359253,2.827082633972168,0.00035691261291503906
56,5,160,3.3522353172302246,3.3512237071990967,-0.0010116100311279297
56,6,160,3.3211681842803955,3.3215763568878174,0.000408172607421875
56,7,160,3.3372862339019775,3.3363595008850098,-0.0009267330169677734
56,8,160,3.066228151321411,3.066094398498535,-0.00013375282287597656
56,9,160,3.2757341861724854,3.2756142616271973,-0.00011992454528808594
56,10,160,3.4810545444488525,3.480560064315796,-0.0004944801330566406
56,11,160,3.139294147491455,3.1385691165924072,-0.0007250308990478516
56,12,160,3.3418691158294678,3.342343807220459,0.00047469139099121094
56,13,160,3.8215041160583496,3.821530342102051,2.6226043701171875e-05
56,14,160,3.629310131072998,3.6296658515930176,0.00035572052001953125
56,15,160,3.556509494781494,3.5568974018096924,0.0003879070281982422
56,16,160,3.922792434692383,3.921388864517212,-0.0014035701751708984
56,17,160,3.5627806186676025,3.5615034103393555,-0.0012772083282470703
56,18,160,2.8953170776367188,2.895426034927368,0.00010895729064941406
56,19,160,2.5043790340423584,2.505594491958618,0.0012154579162597656
57,0,160,3.3962783813476562,3.3965859413146973,0.0003075599670410156
57,1,160,3.5301687717437744,3.5306694507598877,0.0005006790161132812
57,2,160,3.4340221881866455,3.4330484867095947,-0.0009737014770507812
57,3,160,3.0028064250946045,3.0023155212402344,-0.0004909038543701172
57,4,160,2.826725721359253,2.8258817195892334,-0.0008440017700195312
57,5,160,3.3522353172302246,3.3513872623443604,-0.0008480548858642578
57,6,160,3.3211681842803955,3.3202576637268066,-0.0009105205535888672
57,7,160,3.3372862339019775,3.3360791206359863,-0.001207113265991211
57,8,160,3.066228151321411,3.0657122135162354,-0.0005159378051757812
57,9,160,3.2757341861724854,3.2744181156158447,-0.001316070556640625
57,10,160,3.4810545444488525,3.4800665378570557,-0.000988006591796875
57,11,160,3.139294147491455,3.1407570838928223,0.0014629364013671875
57,12,160,3.3418691158294678,3.341172695159912,-0.0006964206695556641
57,13,160,3.8215041160583496,3.8203611373901367,-0.0011429786682128906
57,14,160,3.629310131072998,3.6289596557617188,-0.0003504753112792969
57,15,160,3.556509494781494,3.5564563274383545,-5.316734313964844e-05
57,16,160,3.922792434692383,3.9242570400238037,0.0014646053314208984
57,17,160,3.5627806186676025,3.5644118785858154,0.0016312599182128906
57,18,160,2.8953170776367188,2.8930821418762207,-0.002234935760498047
57,19,160,2.5043790340423584,2.5038650035858154,-0.0005140304565429688
58,0,160,3.3962783813476562,3.3980138301849365,0.0017354488372802734
58,1,160,3.5301687717437744,3.5317418575286865,0.0015730857849121094
58,2,160,3.4340221881866455,3.435380220413208,0.0013580322265625
58,3,160,3.0028064250946045,3.0027852058410645,-2.1219253540039062e-05
58,4,160,2.826725721359253,2.8261632919311523,-0.0005624294281005859
58,5,160,3.3522353172302246,3.351668357849121,-0.0005669593811035156
58,6,160,3.3211681842803955,3.3212993144989014,0.00013113021850585938
58,7,160,3.3372862339019775,3.337979793548584,0.0006935596466064453
58,8,160,3.066228151321411,3.0648446083068848,-0.0013835430145263672
58,9,160,3.2757341861724854,3.2761223316192627,0.00038814544677734375
58,10,160,3.4810545444488525,3.4815680980682373,0.0005135536193847656
58,11,160,3.139294147491455,3.140011787414551,0.0007176399230957031
58,12,160,3.3418691158294678,3.343346118927002,0.0014770030975341797
58,13,160,3.8215041160583496,3.821537494659424,3.337860107421875e-05
58,14,160,3.629310131072998,3.62941575050354,0.00010561943054199219
58,15,160,3.556509494781494,3.5573606491088867,0.0008511543273925781
58,16,160,3.922792434692383,3.9229423999786377,0.0001499652862548828
58,17,160,3.5627806186676025,3.5660407543182373,0.0032601356506347656
58,18,160,2.8953170776367188,2.895677328109741,0.00036025047302246094
58,19,160,2.5043790340423584,2.5036721229553223,-0.0007069110870361328
59,0,160,3.3962783813476562,3.398324966430664,0.0020465850830078125
59,1,160,3.5301687717437744,3.530169725418091,9.5367431640625e-07
59,2,160,3.4340221881866455,3.4341840744018555,0.00016188621520996094
59,3,160,3.0028064250946045,3.0026328563690186,-0.0001735687255859375
59,4,160,2.826725721359253,2.826366901397705,-0.00035881996154785156
59,5,160,3.3522353172302246,3.352843761444092,0.0006084442138671875
59,6,160,3.3211681842803955,3.320991277694702,-0.00017690658569335938
59,7,160,3.3372862339019775,3.335886240005493,-0.001399993896484375
59,8,160,3.066228151321411,3.0647151470184326,-0.0015130043029785156
59,9,160,3.2757341861724854,3.276033639907837,0.0002994537353515625
59,10,160,3.4810545444488525,3.482158660888672,0.001104116439819336
59,11,160,3.139294147491455,3.1387887001037598,-0.0005054473876953125
59,12,160,3.3418691158294678,3.3432235717773438,0.0013544559478759766
59,13,160,3.8215041160583496,3.8220362663269043,0.0005321502685546875
59,14,160,3.629310131072998,3.6291537284851074,-0.000156402587890625
59,15,160,3.556509494781494,3.556758165359497,0.0002486705780029297
59,16,160,3.922792434692383,3.923915386199951,0.0011229515075683594
59,17,160,3.5627806186676025,3.565434217453003,0.0026535987854003906
59,18,160,2.8953170776367188,2.8963522911071777,0.0010352134704589844
59,19,160,2.5043790340423584,2.5037851333618164,-0.0005939006805419922
60,0,160,3.3962783813476562,3.3963513374328613,7.295608520507812e-05
60,1,160,3.5301687717437744,3.5287842750549316,-0.0013844966888427734
60,2,160,3.4340221881866455,3.4349470138549805,0.0009248256683349609
60,3,160,3.0028064250946045,3.0038907527923584,0.0010843276977539062
60,4,160,2.826725721359253,2.8265295028686523,-0.00019621849060058594
60,5,160,3.3522353172302246,3.3526718616485596,0.00043654441833496094
60,6,160,3.3211681842803955,3.3211326599121094,-3.552436828613281e-05
60,7,160,3.3372862339019775,3.338428258895874,0.0011420249938964844
60,8,160,3.066228151321411,3.065643072128296,-0.0005850791931152344
60,9,160,3.2757341861724854,3.274930953979492,-0.0008032321929931641
60,10,160,3.4810545444488525,3.4810311794281006,-2.3365020751953125e-05
60,11,160,3.139294147491455,3.139786720275879,0.0004925727844238281
60,12,160,3.3418691158294678,3.340912103652954,-0.0009570121765136719
60,13,160,3.8215041160583496,3.8214707374572754,-3.337860107421875e-05
60,14,160,3.629310131072998,3.6287028789520264,-0.0006072521209716797
60,15,160,3.556509494781494,3.556488275527954,-2.1219253540039062e-05
60,16,160,3.922792434692383,3.9225547313690186,-0.0002377033233642578
60,17,160,3.5627806186676025,3.567051887512207,0.004271268844604492
60,18,160,2.8953170776367188,2.8963212966918945,0.0010042190551757812
60,19,160,2.5043790340423584,2.504755973815918,0.0003769397735595703
61,0,160,3.3962783813476562,3.395951509475708,-0.0003268718719482422
61,1,160,3.5301687717437744,3.529616117477417,-0.0005526542663574219
61,2,160,3.4340221881866455,3.43400502204895,-1.71661376953125e-05
61,3,160,3.0028064250946045,3.0021424293518066,-0.0006639957427978516
61,4,160,2.826725721359253,2.8265488147735596,-0.00017690658569335938
61,5,160,3.3522353172302246,3.3524558544158936,0.0002205371856689453
61,6,160,3.3211681842803955,3.3209753036499023,-0.00019288063049316406
61,7,160,3.3372862339019775,3.3359742164611816,-0.0013120174407958984
61,8,160,3.066228151321411,3.0663628578186035,0.0001347064971923828
61,9,160,3.2757341861724854,3.275547742843628,-0.00018644332885742188
61,10,160,3.4810545444488525,3.4803428649902344,-0.0007116794586181641
61,11,160,3.139294147491455,3.1404519081115723,0.0011577606201171875
61,12,160,3.3418691158294678,3.34208607673645,0.00021696090698242188
61,13,160,3.8215041160583496,3.8217403888702393,0.00023627281188964844
61,14,160,3.629310131072998,3.629737138748169,0.00042700767517089844
61,15,160,3.556509494781494,3.557180166244507,0.0006706714630126953
61,16,160,3.922792434692383,3.9235622882843018,0.0007698535919189453
61,17,160,3.5627806186676025,3.5655386447906494,0.002758026123046875
61,18,160,2.8953170776367188,2.89644193649292,0.0011248588562011719
61,19,160,2.5043790340423584,2.5035362243652344,-0.0008428096771240234
62,0,160,3.3962783813476562,3.397139310836792,0.0008609294891357422
62,1,160,3.5301687717437744,3.5306620597839355,0.0004932880401611328
62,2,160,3.4340221881866455,3.434271812438965,0.00024962425231933594
62,3,160,3.0028064250946045,3.0035836696624756,0.0007772445678710938
62,4,160,2.826725721359253,2.825772523880005,-0.0009531974792480469
62,5,160,3.3522353172302246,3.3523969650268555,0.00016164779663085938
62,6,160,3.3211681842803955,3.3217580318450928,0.0005898475646972656
62,7,160,3.3372862339019775,3.3370063304901123,-0.0002799034118652344
62,8,160,3.066228151321411,3.0659444332122803,-0.0002837181091308594
62,9,160,3.2757341861724854,3.2756283283233643,-0.00010585784912109375
62,10,160,3.4810545444488525,3.482051372528076,0.0009968280792236328
62,11,160,3.139294147491455,3.140329360961914,0.0010352134704589844
62,12,160,3.3418691158294678,3.3407726287841797,-0.001096487045288086
62,13,160,3.8215041160583496,3.822054386138916,0.0005502700805664062
62,14,160,3.629310131072998,3.6292076110839844,-0.00010251998901367188
62,15,160,3.556509494781494,3.5582985877990723,0.001789093017578125
62,16,160,3.922792434692383,3.9241838455200195,0.0013914108276367188
62,17,160,3.5627806186676025,3.5617880821228027,-0.0009925365447998047
62,18,160,2.8953170776367188,2.895328998565674,1.1920928955078125e-05
62,19,160,2.5043790340423584,2.50486421585083,0.0004851818084716797
63,0,160,3.3962783813476562,3.3967723846435547,0.0004940032958984375
63,1,160,3.5301687717437744,3.529733419418335,-0.0004353523254394531
63,2,160,3.4340221881866455,3.433234214782715,-0.0007879734039306641
63,3,160,3.0028064250946045,3.0018699169158936,-0.0009365081787109375
63,4,160,2.826725721359253,2.827707290649414,0.0009815692901611328
63,5,160,3.3522353172302246,3.35030460357666,-0.0019307136535644531
63,6,160,3.3211681842803955,3.321270227432251,0.00010204315185546875
63,7,160,3.3372862339019775,3.337015390396118,-0.000270843505859375
63,8,160,3.066228151321411,3.0664472579956055,0.00021910667419433594
63,9,160,3.2757341861724854,3.2754809856414795,-0.0002532005310058594
63,10,160,3.4810545444488525,3.4807653427124023,-0.0002892017364501953
63,11,160,3.139294147491455,3.139738082885742,0.0004439353942871094
63,12,160,3.3418691158294678,3.3415637016296387,-0.00030541419982910156
63,13,160,3.8215041160583496,3.8217997550964355,0.0002956390380859375
63,14,160,3.629310131072998,3.6289913654327393,-0.00031876564025878906
63,15,160,3.556509494781494,3.5571508407592773,0.0006413459777832031
63,16,160,3.922792434692383,3.9246718883514404,0.0018794536590576172
63,17,160,3.5627806186676025,3.562577724456787,-0.0002028942108154297
63,18,160,2.8953170776367188,2.8955581188201904,0.0002410411834716797
63,19,160,2.5043790340423584,2.5033016204833984,-0.001077413558959961
64,0,160,3.3962783813476562,3.397418975830078,0.001140594482421875
64,1,160,3.5301687717437744,3.531431198120117,0.0012624263763427734
64,2,160,3.4340221881866455,3.433887243270874,-0.00013494491577148438
64,3,160,3.0028064250946045,3.0034632682800293,0.0006568431854248047
64,4,160,2.826725721359253,2.825899124145508,-0.0008265972137451172
64,5,160,3.3522353172302246,3.3529322147369385,0.0006968975067138672
64,6,160,3.3211681842803955,3.3213343620300293,0.00016617774963378906
64,7,160,3.3372862339019775,3.3377137184143066,0.00042748451232910156
64,8,160,3.066228151321411,3.066328287124634,0.00010013580322265625
64,9,160,3.2757341861724854,3.276109218597412,0.0003750324249267578
64,10,160,3.4810545444488525,3.4811666011810303,0.00011205673217773438
64,11,160,3.139294147491455,3.1389355659484863,-0.00035858154296875
64,12,160,3.3418691158294678,3.342589855194092,0.0007207393646240234
64,13,160,3.8215041160583496,3.8224053382873535,0.0009012222290039062
64,14,160,3.629310131072998,3.629561424255371,0.0002512931823730469
64,15,160,3.556509494781494,3.5558533668518066,-0.0006561279296875
64,16,160,3.922792434692383,3.9228410720825195,4.863739013671875e-05
64,17,160,3.5627806186676025,3.566563606262207,0.003782987594604492
64,18,160,2.8953170776367188,2.8983047008514404,0.0029876232147216797
64,19,160,2.5043790340423584,2.5097126960754395,0.005333662033081055
65,0,160,3.3962783813476562,3.396049976348877,-0.00022840499877929688
65,1,160,3.5301687717437744,3.530176877975464,8.106231689453125e-06
65,2,160,3.4340221881866455,3.434705972671509,0.0006837844848632812
65,3,160,3.0028064250946045,3.002227783203125,-0.0005786418914794922
65,4,160,2.826725721359253,2.8263769149780273,-0.00034880638122558594
65,5,160,3.3522353172302246,3.351283073425293,-0.0009522438049316406
65,6,160,3.3211681842803955,3.3199143409729004,-0.0012538433074951172
65,7,160,3.3372862339019775,3.33795428276062,0.0006680488586425781
65,8,160,3.066228151321411,3.0663490295410156,0.00012087821960449219
65,9,160,3.2757341861724854,3.275256395339966,-0.00047779083251953125
65,10,160,3.4810545444488525,3.4808244705200195,-0.0002300739288330078
65,11,160,3.139294147491455,3.1393089294433594,1.4781951904296875e-05
65,12,160,3.3418691158294678,3.3404080867767334,-0.001461029052734375
65,13,160,3.8215041160583496,3.8221588134765625,0.0006546974182128906
65,14,160,3.629310131072998,3.629129409790039,-0.00018072128295898438
65,15,160,3.556509494781494,3.556750535964966,0.0002410411834716797
65,16,160,3.922792434692383,3.924050807952881,0.0012583732604980469
65,17,160,3.5627806186676025,3.565952777862549,0.003172159194946289
65,18,160,2.8953170776367188,2.896235466003418,0.0009183883666992188
65,19,160,2.5043790340423584,2.504240036010742,-0.00013899803161621094
66,0,160,3.3962783813476562,3.395291328430176,-0.0009870529174804688
66,1,160,3.5301687717437744,3.529613733291626,-0.0005550384521484375
66,2,160,3.4340221881866455,3.434286117553711,0.0002639293670654297
66,3,160,3.0028064250946045,3.0029850006103516,0.0001785755157470703
66,4,160,2.826725721359253,2.826716423034668,-9.298324584960938e-06
66,5,160,3.3522353172302246,3.3534047603607178,0.001169443130493164
66,6,160,3.3211681842803955,3.3216381072998047,0.0004699230194091797
66,7,160,3.3372862339019775,3.337275266647339,-1.0967254638671875e-05
66,8,160,3.066228151321411,3.0664236545562744,0.00019550323486328125
66,9,160,3.2757341861724854,3.276345729827881,0.0006115436553955078
66,10,160,3.4810545444488525,3.481478452682495,0.0004239082336425781
66,11,160,3.139294147491455,3.1388394832611084,-0.0004546642303466797
66,12,160,3.3418691158294678,3.3416244983673096,-0.0002446174621582031
66,13,160,3.8215041160583496,3.8232474327087402,0.001743316650390625
66,14,160,3.629310131072998,3.629606008529663,0.00029587745666503906
66,15,160,3.556509494781494,3.5566134452819824,0.00010395050048828125
66,16,160,3.922792434692383,3.921924352645874,-0.0008680820465087891
66,17,160,3.5627806186676025,3.5615265369415283,-0.0012540817260742188
66,18,160,2.8953170776367188,2.8954529762268066,0.00013589859008789062
66,19,160,2.5043790340423584,2.503587484359741,-0.0007915496826171875
67,0,160,3.3962783813476562,3.396867275238037,0.0005888938903808594
67,1,160,3.5301687717437744,3.529442071914673,-0.0007266998291015625
67,2,160,3.4340221881866455,3.434990882873535,0.0009686946868896484
67,3,160,3.0028064250946045,3.0036823749542236,0.0008759498596191406
67,4,160,2.826725721359253,2.827263832092285,0.0005381107330322266
67,5,160,3.3522353172302246,3.3514163494110107,-0.0008189678192138672
67,6,160,3.3211681842803955,3.321613073348999,0.0004448890686035156
67,7,160,3.3372862339019775,3.3381524085998535,0.0008661746978759766
67,8,160,3.066228151321411,3.0658743381500244,-0.00035381317138671875
67,9,160,3.2757341861724854,3.276697874069214,0.0009636878967285156
67,10,160,3.4810545444488525,3.4814131259918213,0.00035858154296875
67,11,160,3.139294147491455,3.1408309936523438,0.0015368461608886719
67,12,160,3.3418691158294678,3.3420963287353516,0.00022721290588378906
67,13,160,3.8215041160583496,3.8214282989501953,-7.581710815429688e-05
67,14,160,3.629310131072998,3.630070209503174,0.0007600784301757812
67,15,160,3.556509494781494,3.5573675632476807,0.0008580684661865234
67,16,160,3.922792434692383,3.9222846031188965,-0.0005078315734863281
67,17,160,3.5627806186676025,3.562756061553955,-2.4557113647460938e-05
67,18,160,2.8953170776367188,2.89487361907959,-0.00044345855712890625
67,19,160,2.5043790340423584,2.5071747303009033,0.002795696258544922
68,0,160,3.3962783813476562,3.396066188812256,-0.00021219253540039062
68,1,160,3.5301687717437744,3.5299344062805176,-0.00023436546325683594
68,2,160,3.4340221881866455,3.4334285259246826,-0.0005936622619628906
68,3,160,3.0028064250946045,3.0028910636901855,8.463859558105469e-05
68,4,160,2.826725721359253,2.8269784450531006,0.00025272369384765625
68,5,160,3.3522353172302246,3.353602170944214,0.0013668537139892578
68,6,160,3.3211681842803955,3.3229825496673584,0.0018143653869628906
68,7,160,3.3372862339019775,3.337634563446045,0.0003483295440673828
68,8,160,3.066228151321411,3.0670886039733887,0.0008604526519775391
68,9,160,3.2757341861724854,3.275738000869751,3.814697265625e-06
68,10,160,3.4810545444488525,3.4821486473083496,0.0010941028594970703
68,11,160,3.139294147491455,3.139594554901123,0.00030040740966796875
68,12,160,3.3418691158294678,3.342529058456421,0.000659942626953125
68,13,160,3.8215041160583496,3.8191964626312256,-0.0023076534271240234
68,14,160,3.629310131072998,3.6295154094696045,0.0002052783966064453
68,15,160,3.556509494781494,3.5568130016326904,0.00030350685119628906
68,16,160,3.922792434692383,3.9213414192199707,-0.0014510154724121094
68,17,160,3.5627806186676025,3.5641069412231445,0.0013263225555419922
68,18,160,2.8953170776367188,2.897042751312256,0.0017256736755371094
68,19,160,2.5043790340423584,2.5051653385162354,0.0007863044738769531
69,0,160,3.3962783813476562,3.3958723545074463,-0.00040602684020996094
69,1,160,3.5301687717437744,3.531193256378174,0.001024484634399414
69,2,160,3.4340221881866455,3.433340072631836,-0.0006821155548095703
69,3,160,3.0028064250946045,3.0025062561035156,-0.0003001689910888672
69,4,160,2.826725721359253,2.8263561725616455,-0.0003695487976074219
69,5,160,3.3522353172302246,3.3524410724639893,0.00020575523376464844
69,6,160,3.3211681842803955,3.3204143047332764,-0.0007538795471191406
69,7,160,3.3372862339019775,3.3387067317962646,0.0014204978942871094
69,8,160,3.066228151321411,3.067054510116577,0.0008263587951660156
69,9,160,3.2757341861724854,3.2753007411956787,-0.0004334449768066406
69,10,160,3.4810545444488525,3.481889247894287,0.0008347034454345703
69,11,160,3.139294147491455,3.1389355659484863,-0.00035858154296875
69,12,160,3.3418691158294678,3.3424265384674072,0.0005574226379394531
69,13,160,3.8215041160583496,3.821851968765259,0.0003478527069091797
69,14,160,3.629310131072998,3.6296563148498535,0.00034618377685546875
69,15,160,3.556509494781494,3.554774761199951,-0.0017347335815429688
69,16,160,3.922792434692383,3.924560070037842,0.0017676353454589844
69,17,160,3.5627806186676025,3.5648751258850098,0.0020945072174072266
69,18,160,2.8953170776367188,2.8952107429504395,-0.00010633468627929688
69,19,160,2.5043790340423584,2.5048344135284424,0.0004553794860839844
70,0,160,3.3962783813476562,3.3956458568573,-0.0006325244903564453
70,1,160,3.5301687717437744,3.5304324626922607,0.0002636909484863281
70,2,160,3.4340221881866455,3.434406280517578,0.0003840923309326172
70,3,160,3.0028064250946045,3.0021660327911377,-0.0006403923034667969
70,4,160,2.826725721359253,2.825946092605591,-0.0007796287536621094
70,5,160,3.3522353172302246,3.353231430053711,0.0009961128234863281
70,6,160,3.3211681842803955,3.3211190700531006,-4.9114227294921875e-05
70,7,160,3.3372862339019775,3.33687686920166,-0.0004093647003173828
70,8,160,3.066228151321411,3.066128969192505,-9.918212890625e-05
70,9,160,3.2757341861724854,3.276024580001831,0.0002903938293457031
70,10,160,3.4810545444488525,3.4801337718963623,-0.0009207725524902344
70,11,160,3.139294147491455,3.138376474380493,-0.0009176731109619141
70,12,160,3.3418691158294678,3.341566801071167,-0.00030231475830078125
70,13,160,3.8215041160583496,3.8213553428649902,-0.000148773193359375
70,14,160,3.629310131072998,3.628542900085449,-0.0007672309875488281
70,15,160,3.556509494781494,3.5567445755004883,0.00023508071899414062
70,16,160,3.922792434692383,3.9224162101745605,-0.0003762245178222656
70,17,160,3.5627806186676025,3.562669038772583,-0.00011157989501953125
70,18,160,2.8953170776367188,2.8945558071136475,-0.0007612705230712891
70,19,160,2.5043790340423584,2.50188946723938,-0.0024895668029785156
71,0,160,3.3962783813476562,3.395036220550537,-0.0012421607971191406
71,1,160,3.5301687717437744,3.5301389694213867,-2.9802322387695312e-05
71,2,160,3.4340221881866455,3.4339120388031006,-0.00011014938354492188
71,3,160,3.0028064250946045,3.003572702407837,0.0007662773132324219
71,4,160,2.826725721359253,2.8273584842681885,0.0006327629089355469
71,5,160,3.3522353172302246,3.350421190261841,-0.001814126968383789
71,6,160,3.3211681842803955,3.320439100265503,-0.0007290840148925781
71,7,160,3.3372862339019775,3.3377017974853516,0.00041556358337402344
71,8,160,3.066228151321411,3.066429853439331,0.00020170211791992188
71,9,160,3.2757341861724854,3.274334192276001,-0.001399993896484375
71,10,160,3.4810545444488525,3.4799280166625977,-0.0011265277862548828
71,11,160,3.139294147491455,3.139690399169922,0.0003962516784667969
71,12,160,3.3418691158294678,3.353813648223877,0.01194453239440918
71,13,160,3.8215041160583496,3.8209457397460938,-0.0005583763122558594
71,14,160,3.629310131072998,3.6302812099456787,0.0009710788726806641
71,15,160,3.556509494781494,3.5563762187957764,-0.00013327598571777344
71,16,160,3.922792434692383,3.9225471019744873,-0.0002453327178955078
71,17,160,3.5627806186676025,3.563081741333008,0.00030112266540527344
71,18,160,2.8953170776367188,2.8945350646972656,-0.000782012939453125
71,19,160,2.5043790340423584,2.501871109008789,-0.002507925033569336
72,0,160,3.3962783813476562,3.3972768783569336,0.0009984970092773438
72,1,160,3.5301687717437744,3.5307881832122803,0.0006194114685058594
72,2,160,3.4340221881866455,3.43618106842041,0.0021588802337646484
72,3,160,3.0028064250946045,3.002948760986328,0.0001423358917236328
72,4,160,2.826725721359253,2.8272838592529297,0.0005581378936767578
72,5,160,3.3522353172302246,3.353262186050415,0.0010268688201904297
72,6,160,3.3211681842803955,3.3216395378112793,0.00047135353088378906
72,7,160,3.3372862339019775,3.3389058113098145,0.001619577407836914
72,8,160,3.066228151321411,3.0665361881256104,0.00030803680419921875
72,9,160,3.2757341861724854,3.2755250930786133,-0.0002090930938720703
72,10,160,3.4810545444488525,3.481180191040039,0.00012564659118652344
72,11,160,3.139294147491455,3.1398558616638184,0.0005617141723632812
72,12,160,3.3418691158294678,3.3433287143707275,0.0014595985412597656
72,13,160,3.8215041160583496,3.821559190750122,5.507469177246094e-05
72,14,160,3.629310131072998,3.62798810005188,-0.001322031021118164
72,15,160,3.556509494781494,3.5551204681396484,-0.0013890266418457031
72,16,160,3.922792434692383,3.9222452640533447,-0.0005471706390380859
72,17,160,3.5627806186676025,3.5642566680908203,0.0014760494232177734
72,18,160,2.8953170776367188,2.8944079875946045,-0.0009090900421142578
72,19,160,2.5043790340423584,2.505091428756714,0.0007123947143554688
73,0,160,3.3962783813476562,3.3960163593292236,-0.0002620220184326172
73,1,160,3.5301687717437744,3.5303540229797363,0.00018525123596191406
73,2,160,3.4340221881866455,3.4346413612365723,0.0006191730499267578
73,3,160,3.0028064250946045,3.0025947093963623,-0.0002117156982421875
73,4,160,2.826725721359253,2.8276913166046143,0.0009655952453613281
73,5,160,3.3522353172302246,3.354083776473999,0.001848459243774414
73,6,160,3.3211681842803955,3.3216114044189453,0.0004432201385498047
73,7,160,3.3372862339019775,3.336866617202759,-0.00041961669921875
73,8,160,3.066228151321411,3.066298723220825,7.05718994140625e-05
73,9,160,3.2757341861724854,3.2769787311553955,0.0012445449829101562
73,10,160,3.4810545444488525,3.483384370803833,0.0023298263549804688
73,11,160,3.139294147491455,3.1391656398773193,-0.0001285076141357422
73,12,160,3.3418691158294678,3.341076612472534,-0.0007925033569335938
73,13,160,3.8215041160583496,3.8212554454803467,-0.0002486705780029297
73,14,160,3.629310131072998,3.629228353500366,-8.177757263183594e-05
73,15,160,3.556509494781494,3.557699680328369,0.001190185546875
73,16,160,3.922792434692383,3.9244420528411865,0.001649618148803711
73,17,160,3.5627806186676025,3.5613889694213867,-0.0013916492462158203
73,18,160,2.8953170776367188,2.8953678607940674,5.078315734863281e-05
73,19,160,2.5043790340423584,2.5047860145568848,0.0004069805145263672
74,0,160,3.3962783813476562,3.396307945251465,2.956390380859375e-05
74,1,160,3.5301687717437744,3.5313053131103516,0.0011365413665771484
74,2,160,3.4340221881866455,3.435274362564087,0.0012521743774414062
74,3,160,3.0028064250946045,3.002678632736206,-0.0001277923583984375
74,4,160,2.826725721359253,2.827648401260376,0.0009226799011230469
74,5,160,3.3522353172302246,3.3519277572631836,-0.0003075599670410156
74,6,160,3.3211681842803955,3.3201634883880615,-0.0010046958923339844
74,7,160,3.3372862339019775,3.336867332458496,-0.0004189014434814453
74,8,160,3.066228151321411,3.0658135414123535,-0.0004146099090576172
74,9,160,3.2757341861724854,3.2756991386413574,-3.504753112792969e-05
74,10,160,3.4810545444488525,3.480464220046997,-0.0005903244018554688
74,11,160,3.139294147491455,3.1409900188446045,0.001695871353149414
74,12,160,3.3418691158294678,3.3546054363250732,0.012736320495605469
74,13,160,3.8215041160583496,3.82149338722229,-1.0728836059570312e-05
74,14,160,3.629310131072998,3.629047393798828,-0.0002627372741699219
74,15,160,3.556509494781494,3.5557608604431152,-0.0007486343383789062
74,16,160,3.922792434692383,3.9228999614715576,0.00010752677917480469
74,17,160,3.5627806186676025,3.561936616897583,-0.0008440017700195312
74,18,160,2.8953170776367188,2.8961968421936035,0.0008797645568847656
74,19,160,2.5043790340423584,2.504892349243164,0.0005133152008056641
75,0,160,3.3962783813476562,3.396843910217285,0.0005655288696289062
75,1,160,3.5301687717437744,3.5307412147521973,0.0005724430084228516
75,2,160,3.4340221881866455,3.4332797527313232,-0.0007424354553222656
75,3,160,3.0028064250946045,3.0022411346435547,-0.0005652904510498047
75,4,160,2.826725721359253,2.8263843059539795,-0.0003414154052734375
75,5,160,3.3522353172302246,3.353590726852417,0.0013554096221923828
75,6,160,3.3211681842803955,3.3211708068847656,2.6226043701171875e-06
75,7,160,3.3372862339019775,3.338637590408325,0.0013513565063476562
75,8,160,3.066228151321411,3.0661590099334717,-6.914138793945312e-05
75,9,160,3.2757341861724854,3.2755165100097656,-0.00021767616271972656
75,10,160,3.4810545444488525,3.481564998626709,0.0005104541778564453
75,11,160,3.139294147491455,3.1399495601654053,0.0006554126739501953
75,12,160,3.3418691158294678,3.341007709503174,-0.0008614063262939453
75,13,160,3.8215041160583496,3.821861982345581,0.0003578662872314453
75,14,160,3.629310131072998,3.6313085556030273,0.001998424530029297
75,15,160,3.556509494781494,3.5558149814605713,-0.0006945133209228516
75,16,160,3.922792434692383,3.922868013381958,7.557868957519531e-05
75,17,160,3.5627806186676025,3.5670924186706543,0.004311800003051758
75,18,160,2.8953170776367188,2.894245147705078,-0.001071929931640625
75,19,160,2.5043790340423584,2.5048060417175293,0.00042700767517089844
76,0,160,3.3962783813476562,3.3956449031829834,-0.0006334781646728516
76,1,160,3.5301687717437744,3.5284085273742676,-0.001760244369506836
76,2,160,3.4340221881866455,3.4336097240448,-0.0004124641418457031
76,3,160,3.0028064250946045,3.002253770828247,-0.0005526542663574219
76,4,160,2.826725721359253,2.826996326446533,0.00027060508728027344
76,5,160,3.3522353172302246,3.3525431156158447,0.0003077983856201172
76,6,160,3.3211681842803955,3.3209939002990723,-0.0001742839813232422
76,7,160,3.3372862339019775,3.336905002593994,-0.00038123130798339844
76,8,160,3.066228151321411,3.067429304122925,0.0012011528015136719
76,9,160,3.2757341861724854,3.2747294902801514,-0.0010046958923339844
76,10,160,3.4810545444488525,3.481130361557007,7.581710815429688e-05
76,11,160,3.139294147491455,3.1411147117614746,0.0018205642700195312
76,12,160,3.3418691158294678,3.3488028049468994,0.006933689117431641
76,13,160,3.8215041160583496,3.821291208267212,-0.0002129077911376953
76,14,160,3.629310131072998,3.6296565532684326,0.0003464221954345703
76,15,160,3.556509494781494,3.5562379360198975,-0.0002715587615966797
76,16,160,3.922792434692383,3.9234373569488525,0.0006449222564697266
76,17,160,3.5627806186676025,3.5606420040130615,-0.0021386146545410156
76,18,160,2.8953170776367188,2.8954622745513916,0.00014519691467285156
76,19,160,2.5043790340423584,2.505188226699829,0.0008091926574707031
77,0,160,3.3962783813476562,3.3956637382507324,-0.0006146430969238281
77,1,160,3.5301687717437744,3.529696226119995,-0.0004725456237792969
77,2,160,3.4340221881866455,3.4345791339874268,0.00055694580078125
77,3,160,3.0028064250946045,3.0031960010528564,0.0003895759582519531
77,4,160,2.826725721359253,2.827512741088867,0.0007870197296142578
77,5,160,3.3522353172302246,3.353893756866455,0.0016584396362304688
77,6,160,3.3211681842803955,3.3221309185028076,0.0009627342224121094
77,7,160,3.3372862339019775,3.338313102722168,0.0010268688201904297
77,8,160,3.066228151321411,3.06697416305542,0.0007460117340087891
77,9,160,3.2757341861724854,3.2769031524658203,0.001168966293334961
77,10,160,3.4810545444488525,3.4820291996002197,0.0009746551513671875
77,11,160,3.139294147491455,3.138573408126831,-0.0007207393646240234
77,12,160,3.3418691158294678,3.3416502475738525,-0.00021886825561523438
77,13,160,3.8215041160583496,3.8208136558532715,-0.000690460205078125
77,14,160,3.629310131072998,3.6294004917144775,9.036064147949219e-05
77,15,160,3.556509494781494,3.555330276489258,-0.0011792182922363281
77,16,160,3.922792434692383,3.922821521759033,2.9087066650390625e-05
77,17,160,3.5627806186676025,3.561509609222412,-0.0012710094451904297
77,18,160,2.8953170776367188,2.8957035541534424,0.0003864765167236328
77,19,160,2.5043790340423584,2.5034170150756836,-0.0009620189666748047
78,0,160,3.3962783813476562,3.395787477493286,-0.0004909038543701172
78,1,160,3.5301687717437744,3.5306453704833984,0.00047659873962402344
78,2,160,3.4340221881866455,3.434593677520752,0.0005714893341064453
78,3,160,3.0028064250946045,3.002993583679199,0.00018715858459472656
78,4,160,2.826725721359253,2.8261330127716064,-0.0005927085876464844
78,5,160,3.3522353172302246,3.3522000312805176,-3.528594970703125e-05
78,6,160,3.3211681842803955,3.32210636138916,0.0009381771087646484
78,7,160,3.3372862339019775,3.3366856575012207,-0.0006005764007568359
78,8,160,3.066228151321411,3.066077709197998,-0.00015044212341308594
78,9,160,3.2757341861724854,3.274867534637451,-0.0008666515350341797
78,10,160,3.4810545444488525,3.481316566467285,0.0002620220184326172
78,11,160,3.139294147491455,3.1386585235595703,-0.0006356239318847656
78,12,160,3.3418691158294678,3.341066598892212,-0.0008025169372558594
78,13,160,3.8215041160583496,3.821106433868408,-0.00039768218994140625
78,14,160,3.629310131072998,3.629920482635498,0.0006103515625
78,15,160,3.556509494781494,3.556593418121338,8.392333984375e-05
78,16,160,3.922792434692383,3.924292802810669,0.0015003681182861328
78,17,160,3.5627806186676025,3.560558319091797,-0.002222299575805664
78,18,160,2.8953170776367188,2.8960602283477783,0.0007431507110595703
78,19,160,2.5043790340423584,2.504516363143921,0.0001373291015625
79,0,160,3.3962783813476562,3.395585298538208,-0.0006930828094482422
79,1,160,3.5301687717437744,3.529947519302368,-0.00022125244140625
79,2,160,3.4340221881866455,3.4333553314208984,-0.0006668567657470703
79,3,160,3.0028064250946045,3.0032331943511963,0.0004267692565917969
79,4,160,2.826725721359253,2.827099323272705,0.00037360191345214844
79,5,160,3.3522353172302246,3.3517608642578125,-0.0004744529724121094
79,6,160,3.3211681842803955,3.3222668170928955,0.0010986328125
79,7,160,3.3372862339019775,3.33683180809021,-0.0004544258117675781
79,8,160,3.066228151321411,3.0660221576690674,-0.00020599365234375
79,9,160,3.2757341861724854,3.2759830951690674,0.00024890899658203125
79,10,160,3.4810545444488525,3.481093406677246,3.886222839355469e-05
79,11,160,3.139294147491455,3.1385176181793213,-0.0007765293121337891
79,12,160,3.3418691158294678,3.342700481414795,0.0008313655853271484
79,13,160,3.8215041160583496,3.8228702545166016,0.0013661384582519531
79,14,160,3.629310131072998,3.627819299697876,-0.0014908313751220703
79,15,160,3.556509494781494,3.5586137771606445,0.0021042823791503906
79,16,160,3.922792434692383,3.925051212310791,0.002258777618408203
79,17,160,3.5627806186676025,3.565046787261963,0.0022661685943603516
79,18,160,2.8953170776367188,2.8936328887939453,-0.0016841888427734375
79,19,160,2.5043790340423584,2.5052244663238525,0.0008454322814941406
80,0,160,3.3962783813476562,3.3959920406341553,-0.00028634071350097656
80,1,160,3.5301687717437744,3.53039813041687,0.00022935867309570312
80,2,160,3.4340221881866455,3.4343597888946533,0.0003376007080078125
80,3,160,3.0028064250946045,3.0030407905578613,0.00023436546325683594
80,4,160,2.826725721359253,2.827239990234375,0.0005142688751220703
80,5,160,3.3522353172302246,3.3518052101135254,-0.00043010711669921875
80,6,160,3.3211681842803955,3.320103406906128,-0.0010647773742675781
80,7,160,3.3372862339019775,3.337458372116089,0.00017213821411132812
80,8,160,3.066228151321411,3.0654456615448,-0.0007824897766113281
80,9,160,3.2757341861724854,3.274806261062622,-0.0009279251098632812
80,10,160,3.4810545444488525,3.479020357131958,-0.0020341873168945312
80,11,160,3.139294147491455,3.139490842819214,0.00019669532775878906
80,12,160,3.3418691158294678,3.3428845405578613,0.0010154247283935547
80,13,160,3.8215041160583496,3.8201053142547607,-0.0013988018035888672
80,14,160,3.629310131072998,3.6299970149993896,0.0006868839263916016
80,15,160,3.556509494781494,3.557906150817871,0.0013966560363769531
80,16,160,3.922792434692383,3.9216973781585693,-0.0010950565338134766
80,17,160,3.5627806186676025,3.561244249343872,-0.0015363693237304688
80,18,160,2.8953170776367188,2.895437717437744,0.00012063980102539062
80,19,160,2.5043790340423584,2.503405809402466,-0.0009732246398925781
81,0,160,3.3962783813476562,3.395296335220337,-0.000982046127319336
81,1,160,3.5301687717437744,3.5312798023223877,0.0011110305786132812
81,2,160,3.4340221881866455,3.4336752891540527,-0.00034689903259277344
81,3,160,3.0028064250946045,3.00244402885437,-0.000362396240234375
81,4,160,2.826725721359253,2.8260064125061035,-0.0007193088531494141
81,5,160,3.3522353172302246,3.3517069816589355,-0.0005283355712890625
81,6,160,3.3211681842803955,3.321437358856201,0.00026917457580566406
81,7,160,3.3372862339019775,3.3374409675598145,0.00015473365783691406
81,8,160,3.066228151321411,3.0663976669311523,0.00016951560974121094
81,9,160,3.2757341861724854,3.2755188941955566,-0.00021529197692871094
81,10,160,3.4810545444488525,3.480736017227173,-0.0003185272216796875
81,11,160,3.139294147491455,3.140854597091675,0.0015604496002197266
81,12,160,3.3418691158294678,3.3418710231781006,1.9073486328125e-06
81,13,160,3.8215041160583496,3.822413682937622,0.0009095668792724609
81,14,160,3.629310131072998,3.6296520233154297,0.0003418922424316406
81,15,160,3.556509494781494,3.5579993724823,0.001489877700805664
81,16,160,3.922792434692383,3.9226269721984863,-0.00016546249389648438
81,17,160,3.5627806186676025,3.5618669986724854,-0.0009136199951171875
81,18,160,2.8953170776367188,2.89377498626709,-0.0015420913696289062
81,19,160,2.5043790340423584,2.5033085346221924,-0.0010704994201660156
82,0,160,3.3962783813476562,3.39530611038208,-0.0009722709655761719
82,1,160,3.5301687717437744,3.5306129455566406,0.00044417381286621094
82,2,160,3.4340221881866455,3.434422254562378,0.0004000663757324219
82,3,160,3.0028064250946045,3.002359628677368,-0.0004467964172363281
82,4,160,2.826725721359253,2.8263497352600098,-0.00037598609924316406
82,5,160,3.3522353172302246,3.3525023460388184,0.00026702880859375
82,6,160,3.3211681842803955,3.3219544887542725,0.0007863044738769531
82,7,160,3.3372862339019775,3.336034059524536,-0.0012521743774414062
82,8,160,3.066228151321411,3.0650999546051025,-0.0011281967163085938
82,9,160,3.2757341861724854,3.276278495788574,0.0005443096160888672
82,10,160,3.4810545444488525,3.4814698696136475,0.0004153251647949219
82,11,160,3.139294147491455,3.1405766010284424,0.0012824535369873047
82,12,160,3.3418691158294678,3.3408751487731934,-0.000993967056274414
82,13,160,3.8215041160583496,3.8227121829986572,0.0012080669403076172
82,14,160,3.629310131072998,3.6297340393066406,0.0004239082336425781
82,15,160,3.556509494781494,3.5564022064208984,-0.00010728836059570312
82,16,160,3.922792434692383,3.9225308895111084,-0.00026154518127441406
82,17,160,3.5627806186676025,3.5638720989227295,0.0010914802551269531
82,18,160,2.8953170776367188,2.894169807434082,-0.0011472702026367188
82,19,160,2.5043790340423584,2.504882335662842,0.0005033016204833984
83,0,160,3.3962783813476562,3.396085500717163,-0.00019288063049316406
83,1,160,3.5301687717437744,3.5322251319885254,0.0020563602447509766
83,2,160,3.4340221881866455,3.4340827465057373,6.0558319091796875e-05
83,3,160,3.0028064250946045,3.0038671493530273,0.0010607242584228516
83,4,160,2.826725721359253,2.825212001800537,-0.0015137195587158203
83,5,160,3.3522353172302246,3.3525938987731934,0.00035858154296875
83,6,160,3.3211681842803955,3.3202850818634033,-0.0008831024169921875
83,7,160,3.3372862339019775,3.3386924266815186,0.0014061927795410156
83,8,160,3.066228151321411,3.066025733947754,-0.00020241737365722656
83,9,160,3.2757341861724854,3.2747600078582764,-0.0009741783142089844
83,10,160,3.4810545444488525,3.4819400310516357,0.0008854866027832031
83,11,160,3.139294147491455,3.142580032348633,0.0032858848571777344
83,12,160,3.3418691158294678,3.342280387878418,0.0004112720489501953
83,13,160,3.8215041160583496,3.8235416412353516,0.002037525177001953
83,14,160,3.629310131072998,3.629427671432495,0.00011754035949707031
83,15,160,3.556509494781494,3.5557494163513184,-0.0007600784301757812
83,16,160,3.922792434692383,3.9236955642700195,0.0009031295776367188
83,17,160,3.5627806186676025,3.564865827560425,0.0020852088928222656
83,18,160,2.8953170776367188,2.8954076766967773,9.059906005859375e-05
83,19,160,2.5043790340423584,2.5037569999694824,-0.0006220340728759766
84,0,160,3.3962783813476562,3.396634101867676,0.00035572052001953125
84,1,160,3.5301687717437744,3.5304982662200928,0.0003294944763183594
84,2,160,3.4340221881866455,3.4362869262695312,0.002264738082885742
84,3,160,3.0028064250946045,3.004023551940918,0.0012171268463134766
84,4,160,2.826725721359253,2.827150821685791,0.00042510032653808594
84,5,160,3.3522353172302246,3.3526580333709717,0.0004227161407470703
84,6,160,3.3211681842803955,3.323964834213257,0.002796649932861328
84,7,160,3.3372862339019775,3.339529037475586,0.0022428035736083984
84,8,160,3.066228151321411,3.068162441253662,0.0019342899322509766
84,9,160,3.2757341861724854,3.276923418045044,0.0011892318725585938
84,10,160,3.4810545444488525,3.4810993671417236,4.482269287109375e-05
84,11,160,3.139294147491455,3.1404199600219727,0.0011258125305175781
84,12,160,3.3418691158294678,3.3422868251800537,0.0004177093505859375
84,13,160,3.8215041160583496,3.821528434753418,2.4318695068359375e-05
84,14,160,3.629310131072998,3.6308114528656006,0.001501321792602539
84,15,160,3.556509494781494,3.5563206672668457,-0.0001888275146484375
84,16,160,3.922792434692383,3.923583984375,0.0007915496826171875
84,17,160,3.5627806186676025,3.5634305477142334,0.0006499290466308594
84,18,160,2.8953170776367188,2.8952009677886963,-0.00011610984802246094
84,19,160,2.5043790340423584,2.5051980018615723,0.0008189678192138672
85,0,160,3.3962783813476562,3.394763231277466,-0.0015151500701904297
85,1,160,3.5301687717437744,3.530853748321533,0.0006849765777587891
85,2,160,3.4340221881866455,3.4337005615234375,-0.0003216266632080078
85,3,160,3.0028064250946045,3.003946542739868,0.0011401176452636719
85,4,160,2.826725721359253,2.8269450664520264,0.0002193450927734375
85,5,160,3.3522353172302246,3.3520469665527344,-0.00018835067749023438
85,6,160,3.3211681842803955,3.322260618209839,0.0010924339294433594
85,7,160,3.3372862339019775,3.337129831314087,-0.000156402587890625
85,8,160,3.066228151321411,3.0666680335998535,0.0004398822784423828
85,9,160,3.2757341861724854,3.276362895965576,0.0006287097930908203
85,10,160,3.4810545444488525,3.4807746410369873,-0.0002799034118652344
85,11,160,3.139294147491455,3.1400187015533447,0.0007245540618896484
85,12,160,3.3418691158294678,3.3424975872039795,0.0006284713745117188
85,13,160,3.8215041160583496,3.8219246864318848,0.00042057037353515625
85,14,160,3.629310131072998,3.6285958290100098,-0.0007143020629882812
85,15,160,3.556509494781494,3.55576491355896,-0.0007445812225341797
85,16,160,3.922792434692383,3.923711061477661,0.0009186267852783203
85,17,160,3.5627806186676025,3.563925266265869,0.0011446475982666016
85,18,160,2.8953170776367188,2.895151376724243,-0.00016570091247558594
85,19,160,2.5043790340423584,2.5043089389801025,-7.009506225585938e-05
86,0,160,3.3962783813476562,3.3973164558410645,0.0010380744934082031
86,1,160,3.5301687717437744,3.529982089996338,-0.00018668174743652344
86,2,160,3.4340221881866455,3.434375762939453,0.0003535747528076172
86,3,160,3.0028064250946045,3.001509666442871,-0.0012967586517333984
86,4,160,2.826725721359253,2.8267982006073,7.2479248046875e-05
86,5,160,3.3522353172302246,3.35166335105896,-0.0005719661712646484
86,6,160,3.3211681842803955,3.319711923599243,-0.0014562606811523438
86,7,160,3.3372862339019775,3.336686849594116,-0.0005993843078613281
86,8,160,3.066228151321411,3.0641720294952393,-0.002056121826171875
86,9,160,3.2757341861724854,3.2753076553344727,-0.0004265308380126953
86,10,160,3.4810545444488525,3.4823222160339355,0.0012676715850830078
86,11,160,3.139294147491455,3.1409668922424316,0.0016727447509765625
86,12,160,3.3418691158294678,3.346506357192993,0.004637241363525391
86,13,160,3.8215041160583496,3.823481559753418,0.0019774436950683594
86,14,160,3.629310131072998,3.6289267539978027,-0.0003833770751953125
86,15,160,3.556509494781494,3.557196617126465,0.0006871223449707031
86,16,160,3.922792434692383,3.921971559524536,-0.0008208751678466797
86,17,160,3.5627806186676025,3.562704563140869,-7.605552673339844e-05
86,18,160,2.8953170776367188,2.8946335315704346,-0.0006835460662841797
86,19,160,2.5043790340423584,2.5050997734069824,0.0007207393646240234
87,0,160,3.3962783813476562,3.396395683288574,0.00011730194091796875
87,1,160,3.5301687717437744,3.5304319858551025,0.000263214111328125
87,2,160,3.4340221881866455,3.43641996383667,0.002397775650024414
87,3,160,3.0028064250946045,3.003638744354248,0.0008323192596435547
87,4,160,2.826725721359253,2.828526735305786,0.0018010139465332031
87,5,160,3.3522353172302246,3.354377031326294,0.002141714096069336
87,6,160,3.3211681842803955,3.321272373199463,0.00010418891906738281
87,7,160,3.3372862339019775,3.339527130126953,0.002240896224975586
87,8,160,3.066228151321411,3.06643009185791,0.00020194053649902344
87,9,160,3.2757341861724854,3.27825665473938,0.0025224685668945312
87,10,160,3.4810545444488525,3.4828810691833496,0.0018265247344970703
87,11,160,3.139294147491455,3.1410562992095947,0.0017621517181396484
87,12,160,3.3418691158294678,3.342794418334961,0.0009253025054931641
87,13,160,3.8215041160583496,3.8218324184417725,0.00032830238342285156
87,14,160,3.629310131072998,3.6289420127868652,-0.0003681182861328125
87,15,160,3.556509494781494,3.5573832988739014,0.0008738040924072266
87,16,160,3.922792434692383,3.92189621925354,-0.0008962154388427734
87,17,160,3.5627806186676025,3.5628862380981445,0.00010561943054199219
87,18,160,2.8953170776367188,2.8947036266326904,-0.0006134510040283203
87,19,160,2.5043790340423584,2.5040030479431152,-0.00037598609924316406
88,0,160,3.3962783813476562,3.396820545196533,0.0005421638488769531
88,1,160,3.5301687717437744,3.528486967086792,-0.0016818046569824219
88,2,160,3.4340221881866455,3.4350273609161377,0.0010051727294921875
88,3,160,3.0028064250946045,3.0025832653045654,-0.0002231597900390625
88,4,160,2.826725721359253,2.8268826007843018,0.00015687942504882812
88,5,160,3.3522353172302246,3.3523778915405273,0.00014257431030273438
88,6,160,3.3211681842803955,3.3210198879241943,-0.00014829635620117188
88,7,160,3.3372862339019775,3.3365187644958496,-0.0007674694061279297
88,8,160,3.066228151321411,3.065469980239868,-0.0007581710815429688
88,9,160,3.2757341861724854,3.2760260105133057,0.0002918243408203125
88,10,160,3.4810545444488525,3.4822065830230713,0.00115203857421875
88,11,160,3.139294147491455,3.139819860458374,0.0005257129669189453
88,12,160,3.3418691158294678,3.34240984916687,0.0005407333374023438
88,13,160,3.8215041160583496,3.819819450378418,-0.0016846656799316406
88,14,160,3.629310131072998,3.629812479019165,0.0005023479461669922
88,15,160,3.556509494781494,3.556964874267578,0.0004553794860839844
88,16,160,3.922792434692383,3.9230189323425293,0.00022649765014648438
88,17,160,3.5627806186676025,3.5651628971099854,0.0023822784423828125
88,18,160,2.8953170776367188,2.8962502479553223,0.0009331703186035156
88,19,160,2.5043790340423584,2.505732774734497,0.0013537406921386719
89,0,160,3.3962783813476562,3.395847797393799,-0.0004305839538574219
89,1,160,3.5301687717437744,3.5310215950012207,0.0008528232574462891
89,2,160,3.4340221881866455,3.43267560005188,-0.001346588134765625
89,3,160,3.0028064250946045,3.001641273498535,-0.001165151596069336
89,4,160,2.826725721359253,2.825813055038452,-0.0009126663208007812
89,5,160,3.3522353172302246,3.351487636566162,-0.0007476806640625
89,6,160,3.3211681842803955,3.3199970722198486,-0.001171112060546875
89,7,160,3.3372862339019775,3.3379714488983154,0.0006852149963378906
89,8,160,3.066228151321411,3.0660510063171387,-0.00017714500427246094
89,9,160,3.2757341861724854,3.2754712104797363,-0.00026297569274902344
89,10,160,3.4810545444488525,3.4806628227233887,-0.0003917217254638672
89,11,160,3.139294147491455,3.13956618309021,0.0002720355987548828
89,12,160,3.3418691158294678,3.341273784637451,-0.0005953311920166016
89,13,160,3.8215041160583496,3.8197968006134033,-0.001707315444946289
89,14,160,3.629310131072998,3.629652261734009,0.0003421306610107422
89,15,160,3.556509494781494,3.556027889251709,-0.00048160552978515625
89,16,160,3.922792434692383,3.923143148422241,0.00035071372985839844
89,17,160,3.5627806186676025,3.564735174179077,0.0019545555114746094
89,18,160,2.8953170776367188,2.8947412967681885,-0.0005757808685302734
89,19,160,2.5043790340423584,2.5029797554016113,-0.0013992786407470703
90,0,160,3.3962783813476562,3.3978991508483887,0.0016207695007324219
90,1,160,3.5301687717437744,3.5313632488250732,0.0011944770812988281
90,2,160,3.4340221881866455,3.432278633117676,-0.0017435550689697266
90,3,160,3.0028064250946045,3.0036909580230713,0.0008845329284667969
90,4,160,2.826725721359253,2.8270938396453857,0.0003681182861328125
90,5,160,3.3522353172302246,3.35317325592041,0.0009379386901855469
90,6,160,3.3211681842803955,3.3219149112701416,0.0007467269897460938
90,7,160,3.3372862339019775,3.338200807571411,0.0009145736694335938
90,8,160,3.066228151321411,3.067667007446289,0.0014388561248779297
90,9,160,3.2757341861724854,3.276437759399414,0.0007035732269287109
90,10,160,3.4810545444488525,3.4818737506866455,0.0008192062377929688
90,11,160,3.139294147491455,3.1391761302948,-0.00011801719665527344
90,12,160,3.3418691158294678,3.3431169986724854,0.0012478828430175781
90,13,160,3.8215041160583496,3.8213510513305664,-0.00015306472778320312
90,14,160,3.629310131072998,3.6294329166412354,0.0001227855682373047
90,15,160,3.556509494781494,3.5567710399627686,0.00026154518127441406
90,16,160,3.922792434692383,3.9226772785186768,-0.00011515617370605469
90,17,160,3.5627806186676025,3.5638482570648193,0.0010676383972167969
90,18,160,2.8953170776367188,2.8950045108795166,-0.00031256675720214844
90,19,160,2.5043790340423584,2.5041933059692383,-0.0001857280731201172
91,0,160,3.3962783813476562,3.3976802825927734,0.0014019012451171875
91,1,160,3.5301687717437744,3.5309319496154785,0.0007631778717041016
91,2,160,3.4340221881866455,3.434152364730835,0.00013017654418945312
91,3,160,3.0028064250946045,3.001650333404541,-0.0011560916900634766
91,4,160,2.826725721359253,2.82700252532959,0.00027680397033691406
91,5,160,3.3522353172302246,3.3521270751953125,-0.00010824203491210938
91,6,160,3.3211681842803955,3.319196939468384,-0.0019712448120117188
91,7,160,3.3372862339019775,3.3367059230804443,-0.0005803108215332031
91,8,160,3.066228151321411,3.0665528774261475,0.0003247261047363281
91,9,160,3.2757341861724854,3.275789976119995,5.5789947509765625e-05
91,10,160,3.4810545444488525,3.480382204055786,-0.0006723403930664062
91,11,160,3.139294147491455,3.14083194732666,0.0015377998352050781
91,12,160,3.3418691158294678,3.343233108520508,0.001363992691040039
91,13,160,3.8215041160583496,3.8222100734710693,0.0007059574127197266
91,14,160,3.629310131072998,3.6284570693969727,-0.0008530616760253906
91,15,160,3.556509494781494,3.5555660724639893,-0.0009434223175048828
91,16,160,3.922792434692383,3.922380208969116,-0.00041222572326660156
91,17,160,3.5627806186676025,3.564025640487671,0.0012450218200683594
91,18,160,2.8953170776367188,2.895674705505371,0.00035762786865234375
91,19,160,2.5043790340423584,2.505727767944336,0.001348733901977539
92,0,160,3.3962783813476562,3.395413875579834,-0.0008645057678222656
92,1,160,3.5301687717437744,3.529733657836914,-0.00043511390686035156
92,2,160,3.4340221881866455,3.432471752166748,-0.001550436019897461
92,3,160,3.0028064250946045,3.0036919116973877,0.0008854866027832031
92,4,160,2.826725721359253,2.827580690383911,0.0008549690246582031
92,5,160,3.3522353172302246,3.349919557571411,-0.0023157596588134766
92,6,160,3.3211681842803955,3.3203108310699463,-0.0008573532104492188
92,7,160,3.3372862339019775,3.335420608520508,-0.0018656253814697266
92,8,160,3.066228151321411,3.0661373138427734,-9.083747863769531e-05
92,9,160,3.2757341861724854,3.2761495113372803,0.0004153251647949219
92,10,160,3.4810545444488525,3.4803452491760254,-0.0007092952728271484
92,11,160,3.139294147491455,3.1399574279785156,0.0006632804870605469
92,12,160,3.3418691158294678,3.3410792350769043,-0.0007898807525634766
92,13,160,3.8215041160583496,3.821234941482544,-0.00026917457580566406
92,14,160,3.629310131072998,3.629117012023926,-0.00019311904907226562
92,15,160,3.556509494781494,3.557288885116577,0.0007793903350830078
92,16,160,3.922792434692383,3.9217052459716797,-0.001087188720703125
92,17,160,3.5627806186676025,3.564450740814209,0.0016701221466064453
92,18,160,2.8953170776367188,2.895033597946167,-0.0002834796905517578
92,19,160,2.5043790340423584,2.504241466522217,-0.00013756752014160156
93,0,160,3.3962783813476562,3.3961057662963867,-0.00017261505126953125
93,1,160,3.5301687717437744,3.5302443504333496,7.557868957519531e-05
93,2,160,3.4340221881866455,3.434250593185425,0.00022840499877929688
93,3,160,3.0028064250946045,3.0024161338806152,-0.0003902912139892578
93,4,160,2.826725721359253,2.8267931938171387,6.747245788574219e-05
93,5,160,3.3522353172302246,3.351598024368286,-0.0006372928619384766
93,6,160,3.3211681842803955,3.3206653594970703,-0.0005028247833251953
93,7,160,3.3372862339019775,3.337737798690796,0.0004515647888183594
93,8,160,3.066228151321411,3.065621852874756,-0.0006062984466552734
93,9,160,3.2757341861724854,3.2753608226776123,-0.0003733634948730469
93,10,160,3.4810545444488525,3.4800326824188232,-0.0010218620300292969
93,11,160,3.139294147491455,3.139643907546997,0.0003497600555419922
93,12,160,3.3418691158294678,3.3412270545959473,-0.0006420612335205078
93,13,160,3.8215041160583496,3.8210396766662598,-0.00046443939208984375
93,14,160,3.629310131072998,3.6281354427337646,-0.0011746883392333984
93,15,160,3.556509494781494,3.5583038330078125,0.0017943382263183594
93,16,160,3.922792434692383,3.923030376434326,0.00023794174194335938
93,17,160,3.5627806186676025,3.5624868869781494,-0.000293731689453125
93,18,160,2.8953170776367188,2.8953418731689453,2.47955322265625e-05
93,19,160,2.5043790340423584,2.505368232727051,0.0009891986846923828
94,0,160,3.3962783813476562,3.3965742588043213,0.00029587745666503906
94,1,160,3.5301687717437744,3.529212713241577,-0.0009560585021972656
94,2,160,3.4340221881866455,3.4332499504089355,-0.0007722377777099609
94,3,160,3.0028064250946045,3.0032958984375,0.0004894733428955078
94,4,160,2.826725721359253,2.8276023864746094,0.0008766651153564453
94,5,160,3.3522353172302246,3.3522043228149414,-3.0994415283203125e-05
94,6,160,3.3211681842803955,3.321038246154785,-0.00012993812561035156
94,7,160,3.3372862339019775,3.3366336822509766,-0.0006525516510009766
94,8,160,3.066228151321411,3.0663020610809326,7.390975952148438e-05
94,9,160,3.2757341861724854,3.2756993770599365,-3.4809112548828125e-05
94,10,160,3.4810545444488525,3.4800400733947754,-0.0010144710540771484
94,11,160,3.139294147491455,3.1392736434936523,-2.0503997802734375e-05
94,12,160,3.3418691158294678,3.3419747352600098,0.00010561943054199219
94,13,160,3.8215041160583496,3.821165084838867,-0.0003390312194824219
94,14,160,3.629310131072998,3.6283912658691406,-0.0009188652038574219
94,15,160,3.556509494781494,3.55690860748291,0.0003991127014160156
94,16,160,3.922792434692383,3.9240450859069824,0.0012526512145996094
94,17,160,3.5627806186676025,3.564852714538574,0.0020720958709716797
94,18,160,2.8953170776367188,2.8943161964416504,-0.0010008811950683594
94,19,160,2.5043790340423584,2.503013849258423,-0.0013651847839355469
95,0,160,3.3962783813476562,3.396502733230591,0.0002243518829345703
95,1,160,3.5301687717437744,3.530388355255127,0.00021958351135253906
95,2,160,3.4340221881866455,3.434088706970215,6.651878356933594e-05
95,3,160,3.0028064250946045,3.00296688079834,0.00016045570373535156
95,4,160,2.826725721359253,2.8262782096862793,-0.0004475116729736328
95,5,160,3.3522353172302246,3.351785182952881,-0.00045013427734375
95,6,160,3.3211681842803955,3.3204872608184814,-0.0006809234619140625
95,7,160,3.3372862339019775,3.3368096351623535,-0.00047659873962402344
95,8,160,3.066228151321411,3.066037654876709,-0.00019049644470214844
95,9,160,3.2757341861724854,3.2759439945220947,0.000209808349609375
95,10,160,3.4810545444488525,3.4817869663238525,0.000732421875
95,11,160,3.139294147491455,3.1403424739837646,0.0010483264923095703
95,12,160,3.3418691158294678,3.342352867126465,0.0004837512969970703
95,13,160,3.8215041160583496,3.8222603797912598,0.0007562637329101562
95,14,160,3.629310131072998,3.6280457973480225,-0.001264333724975586
95,15,160,3.556509494781494,3.5557334423065186,-0.0007760524749755859
95,16,160,3.922792434692383,3.923884153366089,0.0010917186737060547
95,17,160,3.5627806186676025,3.5609560012817383,-0.0018246173858642578
95,18,160,2.8953170776367188,2.894885778427124,-0.00043129920959472656
95,19,160,2.5043790340423584,2.504512310028076,0.00013327598571777344
96,0,160,3.3962783813476562,3.3963730335235596,9.465217590332031e-05
96,1,160,3.5301687717437744,3.5306901931762695,0.0005214214324951172
96,2,160,3.4340221881866455,3.4343268871307373,0.0003046989440917969
96,3,160,3.0028064250946045,3.0034162998199463,0.0006098747253417969
96,4,160,2.826725721359253,2.826176166534424,-0.0005495548248291016
96,5,160,3.3522353172302246,3.3533425331115723,0.0011072158813476562
96,6,160,3.3211681842803955,3.32283616065979,0.0016679763793945312
96,7,160,3.3372862339019775,3.338880777359009,0.00159454345703125
96,8,160,3.066228151321411,3.0679664611816406,0.0017383098602294922
96,9,160,3.2757341861724854,3.2754714488983154,-0.0002627372741699219
96,10,160,3.4810545444488525,3.481771230697632,0.0007166862487792969
96,11,160,3.139294147491455,3.1383907794952393,-0.0009033679962158203
96,12,160,3.3418691158294678,3.3416178226470947,-0.0002512931823730469
96,13,160,3.8215041160583496,3.823049306869507,0.0015451908111572266
96,14,160,3.629310131072998,3.6287364959716797,-0.0005736351013183594
96,15,160,3.556509494781494,3.5568888187408447,0.00037932395935058594
96,16,160,3.922792434692383,3.9247207641601562,0.0019283294677734375
96,17,160,3.5627806186676025,3.5654802322387695,0.002699613571166992
96,18,160,2.8953170776367188,2.895505666732788,0.00018858909606933594
96,19,160,2.5043790340423584,2.503310203552246,-0.0010688304901123047
97,0,160,3.3962783813476562,3.3949365615844727,-0.0013418197631835938
97,1,160,3.5301687717437744,3.5292515754699707,-0.0009171962738037109
97,2,160,3.4340221881866455,3.434995651245117,0.0009734630584716797
97,3,160,3.0028064250946045,3.0045721530914307,0.0017657279968261719
97,4,160,2.826725721359253,2.8271117210388184,0.0003859996795654297
97,5,160,3.3522353172302246,3.3527040481567383,0.0004687309265136719
97,6,160,3.3211681842803955,3.3207592964172363,-0.0004088878631591797
97,7,160,3.3372862339019775,3.338918924331665,0.0016326904296875
97,8,160,3.066228151321411,3.067913055419922,0.0016849040985107422
97,9,160,3.2757341861724854,3.275705337524414,-2.8848648071289062e-05
97,10,160,3.4810545444488525,3.4810268878936768,-2.765655517578125e-05
97,11,160,3.139294147491455,3.139392375946045,9.822845458984375e-05
97,12,160,3.3418691158294678,3.3420016765594482,0.00013256072998046875
97,13,160,3.8215041160583496,3.8235280513763428,0.002023935317993164
97,14,160,3.629310131072998,3.6301076412200928,0.0007975101470947266
97,15,160,3.556509494781494,3.5565528869628906,4.3392181396484375e-05
97,16,160,3.922792434692383,3.9237732887268066,0.0009808540344238281
97,17,160,3.5627806186676025,3.5647494792938232,0.001968860626220703
97,18,160,2.8953170776367188,2.8948721885681152,-0.0004448890686035156
97,19,160,2.5043790340423584,2.504228353500366,-0.0001506805419921875
98,0,160,3.3962783813476562,3.3964462280273438,0.0001678466796875
98,1,160,3.5301687717437744,3.530860185623169,0.0006914138793945312
98,2,160,3.4340221881866455,3.433436632156372,-0.0005855560302734375
98,3,160,3.0028064250946045,3.002455711364746,-0.00035071372985839844
98,4,160,2.826725721359253,2.8268697261810303,0.00014400482177734375
98,5,160,3.3522353172302246,3.3513364791870117,-0.0008988380432128906
98,6,160,3.3211681842803955,3.3208200931549072,-0.00034809112548828125
98,7,160,3.3372862339019775,3.3366787433624268,-0.0006074905395507812
98,8,160,3.066228151321411,3.0641281604766846,-0.0020999908447265625
98,9,160,3.2757341861724854,3.2757818698883057,4.76837158203125e-05
98,10,160,3.4810545444488525,3.4797184467315674,-0.0013360977172851562
98,11,160,3.139294147491455,3.141730546951294,0.002436399459838867
98,12,160,3.3418691158294678,3.3421311378479004,0.0002620220184326172
98,13,160,3.8215041160583496,3.8223657608032227,0.0008616447448730469
98,14,160,3.629310131072998,3.6298110485076904,0.0005009174346923828
98,15,160,3.556509494781494,3.5569827556610107,0.00047326087951660156
98,16,160,3.922792434692383,3.9233551025390625,0.0005626678466796875
98,17,160,3.5627806186676025,3.5654520988464355,0.002671480178833008
98,18,160,2.8953170776367188,2.8971681594848633,0.0018510818481445312
98,19,160,2.5043790340423584,2.5038182735443115,-0.000560760498046875
99,0,160,3.3962783813476562,3.3967981338500977,0.0005197525024414062
99,1,160,3.5301687717437744,3.5304250717163086,0.0002562999725341797
99,2,160,3.4340221881866455,3.4344544410705566,0.0004322528839111328
99,3,160,3.0028064250946045,3.003504514694214,0.000698089599609375
99,4,160,2.826725721359253,2.8282101154327393,0.0014843940734863281
99,5,160,3.3522353172302246,3.351909875869751,-0.0003254413604736328
99,6,160,3.3211681842803955,3.3207850456237793,-0.00038313865661621094
99,7,160,3.3372862339019775,3.3371822834014893,-0.00010395050048828125
99,8,160,3.066228151321411,3.0654995441436768,-0.000728607177734375
99,9,160,3.2757341861724854,3.2752726078033447,-0.000461578369140625
99,10,160,3.4810545444488525,3.48030161857605,-0.0007529258728027344
99,11,160,3.139294147491455,3.140646457672119,0.0013523101806640625
99,12,160,3.3418691158294678,3.3411948680877686,-0.0006742477416992188
99,13,160,3.8215041160583496,3.8221004009246826,0.0005962848663330078
99,14,160,3.629310131072998,3.62978196144104,0.0004718303680419922
99,15,160,3.556509494781494,3.555666446685791,-0.000843048095703125
99,16,160,3.922792434692383,3.9233639240264893,0.0005714893341064453
99,17,160,3.5627806186676025,3.5618953704833984,-0.0008852481842041016
99,18,160,2.8953170776367188,2.8956491947174072,0.00033211708068847656
99,19,160,2.5043790340423584,2.503232955932617,-0.001146078109741211
