subset,query,n_removed,baseline_loss,filtered_loss,loss_change
0,0,320,3.3925628662109375,3.3928680419921875,0.00030517578125
0,1,320,3.5344126224517822,3.5332729816436768,-0.0011396408081054688
0,2,320,3.440383195877075,3.440338134765625,-4.506111145019531e-05
0,3,320,2.9953970909118652,2.9953410625457764,-5.602836608886719e-05
0,4,320,2.836568593978882,2.8367464542388916,0.00017786026000976562
0,5,320,3.332186222076416,3.333303928375244,0.001117706298828125
0,6,320,3.3162944316864014,3.319082021713257,0.0027875900268554688
0,7,320,3.3423731327056885,3.3414900302886963,-0.0008831024169921875
0,8,320,3.06367826461792,3.06413197517395,0.00045371055603027344
0,9,320,3.272820234298706,3.2726352214813232,-0.0001850128173828125
0,10,320,3.4882094860076904,3.487941026687622,-0.0002684593200683594
0,11,320,3.086958885192871,3.086322546005249,-0.0006363391876220703
0,12,320,3.3315787315368652,3.3305554389953613,-0.0010232925415039062
0,13,320,3.815915107727051,3.8183298110961914,0.002414703369140625
0,14,320,3.632822036743164,3.633035898208618,0.00021386146545410156
0,15,320,3.5651907920837402,3.5677030086517334,0.002512216567993164
0,16,320,3.9118754863739014,3.9131338596343994,0.0012583732604980469
0,17,320,3.5143396854400635,3.516014575958252,0.0016748905181884766
0,18,320,2.9091217517852783,2.908085346221924,-0.0010364055633544922
0,19,320,2.5207278728485107,2.5211145877838135,0.0003867149353027344
1,0,320,3.3925628662109375,3.390648365020752,-0.0019145011901855469
1,1,320,3.5344126224517822,3.533372640609741,-0.0010399818420410156
1,2,320,3.440383195877075,3.439709186553955,-0.0006740093231201172
1,3,320,2.9953970909118652,2.994898796081543,-0.0004982948303222656
1,4,320,2.836568593978882,2.835930585861206,-0.0006380081176757812
1,5,320,3.332186222076416,3.3314640522003174,-0.0007221698760986328
1,6,320,3.3162944316864014,3.3159048557281494,-0.0003895759582519531
1,7,320,3.3423731327056885,3.343527317047119,0.001154184341430664
1,8,320,3.06367826461792,3.0618343353271484,-0.0018439292907714844
1,9,320,3.272820234298706,3.272843837738037,2.3603439331054688e-05
1,10,320,3.4882094860076904,3.4865963459014893,-0.0016131401062011719
1,11,320,3.086958885192871,3.0866386890411377,-0.00032019615173339844
1,12,320,3.3315787315368652,3.3306689262390137,-0.0009098052978515625
1,13,320,3.815915107727051,3.816056728363037,0.00014162063598632812
1,14,320,3.632822036743164,3.631542205810547,-0.0012798309326171875
1,15,320,3.5651907920837402,3.565154790878296,-3.600120544433594e-05
1,16,320,3.9118754863739014,3.9118587970733643,-1.6689300537109375e-05
1,17,320,3.5143396854400635,3.514578342437744,0.00023865699768066406
1,18,320,2.9091217517852783,2.906153678894043,-0.0029680728912353516
1,19,320,2.5207278728485107,2.5188724994659424,-0.0018553733825683594
2,0,320,3.3925628662109375,3.392357110977173,-0.00020575523376464844
2,1,320,3.5344126224517822,3.536961555480957,0.0025489330291748047
2,2,320,3.440383195877075,3.441054344177246,0.0006711483001708984
2,3,320,2.9953970909118652,2.993924140930176,-0.0014729499816894531
2,4,320,2.836568593978882,2.836540460586548,-2.8133392333984375e-05
2,5,320,3.332186222076416,3.3322041034698486,1.7881393432617188e-05
2,6,320,3.3162944316864014,3.3174338340759277,0.0011394023895263672
2,7,320,3.3423731327056885,3.3425509929656982,0.00017786026000976562
2,8,320,3.06367826461792,3.0636656284332275,-1.2636184692382812e-05
2,9,320,3.272820234298706,3.2719833850860596,-0.0008368492126464844
2,10,320,3.4882094860076904,3.4878971576690674,-0.0003123283386230469
2,11,320,3.086958885192871,3.0870156288146973,5.6743621826171875e-05
2,12,320,3.3315787315368652,3.33042311668396,-0.0011556148529052734
2,13,320,3.815915107727051,3.8155431747436523,-0.0003719329833984375
2,14,320,3.632822036743164,3.6332473754882812,0.0004253387451171875
2,15,320,3.5651907920837402,3.564846992492676,-0.0003437995910644531
2,16,320,3.9118754863739014,3.9111990928649902,-0.0006763935089111328
2,17,320,3.5143396854400635,3.515263557434082,0.0009238719940185547
2,18,320,2.9091217517852783,2.909961223602295,0.0008394718170166016
2,19,320,2.5207278728485107,2.522003412246704,0.0012755393981933594
3,0,320,3.3925628662109375,3.3947465419769287,0.002183675765991211
3,1,320,3.5344126224517822,3.5345029830932617,9.036064147949219e-05
3,2,320,3.440383195877075,3.440021514892578,-0.0003616809844970703
3,3,320,2.9953970909118652,2.996405601501465,0.0010085105895996094
3,4,320,2.836568593978882,2.8366401195526123,7.152557373046875e-05
3,5,320,3.332186222076416,3.329155445098877,-0.0030307769775390625
3,6,320,3.3162944316864014,3.315786361694336,-0.0005080699920654297
3,7,320,3.3423731327056885,3.343371629714966,0.0009984970092773438
3,8,320,3.06367826461792,3.062232732772827,-0.0014455318450927734
3,9,320,3.272820234298706,3.272047519683838,-0.0007727146148681641
3,10,320,3.4882094860076904,3.486396551132202,-0.0018129348754882812
3,11,320,3.086958885192871,3.08683180809021,-0.0001270771026611328
3,12,320,3.3315787315368652,3.3304526805877686,-0.0011260509490966797
3,13,320,3.815915107727051,3.8164947032928467,0.0005795955657958984
3,14,320,3.632822036743164,3.6330783367156982,0.0002562999725341797
3,15,320,3.5651907920837402,3.5655035972595215,0.00031280517578125
3,16,320,3.9118754863739014,3.911159038543701,-0.0007164478302001953
3,17,320,3.5143396854400635,3.514164447784424,-0.00017523765563964844
3,18,320,2.9091217517852783,2.9094810485839844,0.0003592967987060547
3,19,320,2.5207278728485107,2.5208005905151367,7.271766662597656e-05
4,0,320,3.3925628662109375,3.3928186893463135,0.00025582313537597656
4,1,320,3.5344126224517822,3.5346970558166504,0.00028443336486816406
4,2,320,3.440383195877075,3.441187858581543,0.0008046627044677734
4,3,320,2.9953970909118652,2.994102716445923,-0.0012943744659423828
4,4,320,2.836568593978882,2.837364673614502,0.0007960796356201172
4,5,320,3.332186222076416,3.3333826065063477,0.0011963844299316406
4,6,320,3.3162944316864014,3.3167965412139893,0.0005021095275878906
4,7,320,3.3423731327056885,3.3428025245666504,0.00042939186096191406
4,8,320,3.06367826461792,3.065840005874634,0.002161741256713867
4,9,320,3.272820234298706,3.2721750736236572,-0.0006451606750488281
4,10,320,3.4882094860076904,3.4893133640289307,0.0011038780212402344
4,11,320,3.086958885192871,3.088707685470581,0.001748800277709961
4,12,320,3.3315787315368652,3.3387997150421143,0.0072209835052490234
4,13,320,3.815915107727051,3.816776752471924,0.0008616447448730469
4,14,320,3.632822036743164,3.633971691131592,0.0011496543884277344
4,15,320,3.5651907920837402,3.5655481815338135,0.0003573894500732422
4,16,320,3.9118754863739014,3.9111454486846924,-0.0007300376892089844
4,17,320,3.5143396854400635,3.512619733810425,-0.0017199516296386719
4,18,320,2.9091217517852783,2.906705141067505,-0.0024166107177734375
4,19,320,2.5207278728485107,2.5213468074798584,0.0006189346313476562
5,0,320,3.3925628662109375,3.3913047313690186,-0.0012581348419189453
5,1,320,3.5344126224517822,3.531345844268799,-0.0030667781829833984
5,2,320,3.440383195877075,3.44089412689209,0.0005109310150146484
5,3,320,2.9953970909118652,2.995366334915161,-3.075599670410156e-05
5,4,320,2.836568593978882,2.8361918926239014,-0.00037670135498046875
5,5,320,3.332186222076416,3.3331048488616943,0.0009186267852783203
5,6,320,3.3162944316864014,3.315683126449585,-0.0006113052368164062
5,7,320,3.3423731327056885,3.3426523208618164,0.0002791881561279297
5,8,320,3.06367826461792,3.065119981765747,0.0014417171478271484
5,9,320,3.272820234298706,3.2734546661376953,0.0006344318389892578
5,10,320,3.4882094860076904,3.488666296005249,0.00045680999755859375
5,11,320,3.086958885192871,3.086059808731079,-0.0008990764617919922
5,12,320,3.3315787315368652,3.3310418128967285,-0.0005369186401367188
5,13,320,3.815915107727051,3.8135735988616943,-0.0023415088653564453
5,14,320,3.632822036743164,3.6307926177978516,-0.0020294189453125
5,15,320,3.5651907920837402,3.5678060054779053,0.002615213394165039
5,16,320,3.9118754863739014,3.913562297821045,0.0016868114471435547
5,17,320,3.5143396854400635,3.5147082805633545,0.0003685951232910156
5,18,320,2.9091217517852783,2.9080896377563477,-0.001032114028930664
5,19,320,2.5207278728485107,2.5196452140808105,-0.0010826587677001953
6,0,320,3.3925628662109375,3.39225435256958,-0.0003085136413574219
6,1,320,3.5344126224517822,3.5349831581115723,0.0005705356597900391
6,2,320,3.440383195877075,3.439631462097168,-0.0007517337799072266
6,3,320,2.9953970909118652,2.9959895610809326,0.0005924701690673828
6,4,320,2.836568593978882,2.83477520942688,-0.0017933845520019531
6,5,320,3.332186222076416,3.332047462463379,-0.00013875961303710938
6,6,320,3.3162944316864014,3.315330743789673,-0.0009636878967285156
6,7,320,3.3423731327056885,3.3427703380584717,0.0003972053527832031
6,8,320,3.06367826461792,3.064251661300659,0.0005733966827392578
6,9,320,3.272820234298706,3.2732033729553223,0.00038313865661621094
6,10,320,3.4882094860076904,3.488799571990967,0.0005900859832763672
6,11,320,3.086958885192871,3.085573196411133,-0.0013856887817382812
6,12,320,3.3315787315368652,3.331138849258423,-0.0004398822784423828
6,13,320,3.815915107727051,3.814342498779297,-0.0015726089477539062
6,14,320,3.632822036743164,3.6325135231018066,-0.0003085136413574219
6,15,320,3.5651907920837402,3.5637881755828857,-0.0014026165008544922
6,16,320,3.9118754863739014,3.911864757537842,-1.0728836059570312e-05
6,17,320,3.5143396854400635,3.514284610748291,-5.507469177246094e-05
6,18,320,2.9091217517852783,2.9105594158172607,0.0014376640319824219
6,19,320,2.5207278728485107,2.521657705307007,0.0009298324584960938
7,0,320,3.3925628662109375,3.3919553756713867,-0.0006074905395507812
7,1,320,3.5344126224517822,3.537470579147339,0.0030579566955566406
7,2,320,3.440383195877075,3.4408562183380127,0.0004730224609375
7,3,320,2.9953970909118652,2.9949088096618652,-0.00048828125
7,4,320,2.836568593978882,2.8355934619903564,-0.0009751319885253906
7,5,320,3.332186222076416,3.331059694290161,-0.0011265277862548828
7,6,320,3.3162944316864014,3.317031145095825,0.0007367134094238281
7,7,320,3.3423731327056885,3.345017671585083,0.0026445388793945312
7,8,320,3.06367826461792,3.063723087310791,4.482269287109375e-05
7,9,320,3.272820234298706,3.2719881534576416,-0.0008320808410644531
7,10,320,3.4882094860076904,3.4874918460845947,-0.0007176399230957031
7,11,320,3.086958885192871,3.088330030441284,0.001371145248413086
7,12,320,3.3315787315368652,3.3310225009918213,-0.0005562305450439453
7,13,320,3.815915107727051,3.8159966468811035,8.153915405273438e-05
7,14,320,3.632822036743164,3.634133815765381,0.0013117790222167969
7,15,320,3.5651907920837402,3.56527042388916,7.963180541992188e-05
7,16,320,3.9118754863739014,3.9120750427246094,0.0001995563507080078
7,17,320,3.5143396854400635,3.5136914253234863,-0.0006482601165771484
7,18,320,2.9091217517852783,2.9119222164154053,0.002800464630126953
7,19,320,2.5207278728485107,2.5226030349731445,0.001875162124633789
8,0,320,3.3925628662109375,3.393343925476074,0.0007810592651367188
8,1,320,3.5344126224517822,3.53574538230896,0.0013327598571777344
8,2,320,3.440383195877075,3.440502405166626,0.00011920928955078125
8,3,320,2.9953970909118652,2.9971909523010254,0.0017938613891601562
8,4,320,2.836568593978882,2.8364675045013428,-0.0001010894775390625
8,5,320,3.332186222076416,3.333259105682373,0.0010728836059570312
8,6,320,3.3162944316864014,3.31712007522583,0.0008256435394287109
8,7,320,3.3423731327056885,3.344076633453369,0.001703500747680664
8,8,320,3.06367826461792,3.0663328170776367,0.002654552459716797
8,9,320,3.272820234298706,3.273543357849121,0.0007231235504150391
8,10,320,3.4882094860076904,3.489368438720703,0.0011589527130126953
8,11,320,3.086958885192871,3.0866036415100098,-0.0003552436828613281
8,12,320,3.3315787315368652,3.3306634426116943,-0.0009152889251708984
8,13,320,3.815915107727051,3.8146450519561768,-0.0012700557708740234
8,14,320,3.632822036743164,3.634097099304199,0.0012750625610351562
8,15,320,3.5651907920837402,3.563383102416992,-0.0018076896667480469
8,16,320,3.9118754863739014,3.9108998775482178,-0.0009756088256835938
8,17,320,3.5143396854400635,3.5148825645446777,0.0005428791046142578
8,18,320,2.9091217517852783,2.910430908203125,0.0013091564178466797
8,19,320,2.5207278728485107,2.519998073577881,-0.0007297992706298828
9,0,320,3.3925628662109375,3.3918204307556152,-0.0007424354553222656
9,1,320,3.5344126224517822,3.5362019538879395,0.0017893314361572266
9,2,320,3.440383195877075,3.441051483154297,0.0006682872772216797
9,3,320,2.9953970909118652,2.995387554168701,-9.5367431640625e-06
9,4,320,2.836568593978882,2.8383588790893555,0.0017902851104736328
9,5,320,3.332186222076416,3.3318188190460205,-0.0003674030303955078
9,6,320,3.3162944316864014,3.315225839614868,-0.0010685920715332031
9,7,320,3.3423731327056885,3.3442800045013428,0.0019068717956542969
9,8,320,3.06367826461792,3.0631701946258545,-0.0005080699920654297
9,9,320,3.272820234298706,3.2719473838806152,-0.0008728504180908203
9,10,320,3.4882094860076904,3.4879605770111084,-0.00024890899658203125
9,11,320,3.086958885192871,3.0867090225219727,-0.0002498626708984375
9,12,320,3.3315787315368652,3.3310158252716064,-0.0005629062652587891
9,13,320,3.815915107727051,3.816394329071045,0.0004792213439941406
9,14,320,3.632822036743164,3.634389877319336,0.001567840576171875
9,15,320,3.5651907920837402,3.566957473754883,0.0017666816711425781
9,16,320,3.9118754863739014,3.9121696949005127,0.0002942085266113281
9,17,320,3.5143396854400635,3.515658140182495,0.0013184547424316406
9,18,320,2.9091217517852783,2.909724473953247,0.00060272216796875
9,19,320,2.5207278728485107,2.52182674407959,0.0010988712310791016
10,0,320,3.3925628662109375,3.3923261165618896,-0.00023674964904785156
10,1,320,3.5344126224517822,3.5329437255859375,-0.0014688968658447266
10,2,320,3.440383195877075,3.440161943435669,-0.00022125244140625
10,3,320,2.9953970909118652,2.9941205978393555,-0.0012764930725097656
10,4,320,2.836568593978882,2.836778402328491,0.000209808349609375
10,5,320,3.332186222076416,3.332587957382202,0.0004017353057861328
10,6,320,3.3162944316864014,3.314368724822998,-0.0019257068634033203
10,7,320,3.3423731327056885,3.341566562652588,-0.0008065700531005859
10,8,320,3.06367826461792,3.0635986328125,-7.963180541992188e-05
10,9,320,3.272820234298706,3.273965358734131,0.0011451244354248047
10,10,320,3.4882094860076904,3.4898316860198975,0.0016222000122070312
10,11,320,3.086958885192871,3.088312864303589,0.0013539791107177734
10,12,320,3.3315787315368652,3.3316917419433594,0.00011301040649414062
10,13,320,3.815915107727051,3.816178560256958,0.00026345252990722656
10,14,320,3.632822036743164,3.632999897003174,0.00017786026000976562
10,15,320,3.5651907920837402,3.5644311904907227,-0.0007596015930175781
10,16,320,3.9118754863739014,3.9142754077911377,0.002399921417236328
10,17,320,3.5143396854400635,3.515554666519165,0.0012149810791015625
10,18,320,2.9091217517852783,2.9091339111328125,1.2159347534179688e-05
10,19,320,2.5207278728485107,2.521000623703003,0.0002727508544921875
11,0,320,3.3925628662109375,3.393510341644287,0.0009474754333496094
11,1,320,3.5344126224517822,3.534022569656372,-0.00039005279541015625
11,2,320,3.440383195877075,3.4402272701263428,-0.00015592575073242188
11,3,320,2.9953970909118652,2.994553327560425,-0.0008437633514404297
11,4,320,2.836568593978882,2.8367176055908203,0.00014901161193847656
11,5,320,3.332186222076416,3.3319287300109863,-0.0002574920654296875
11,6,320,3.3162944316864014,3.31706166267395,0.0007672309875488281
11,7,320,3.3423731327056885,3.3428831100463867,0.0005099773406982422
11,8,320,3.06367826461792,3.0649542808532715,0.0012760162353515625
11,9,320,3.272820234298706,3.272111415863037,-0.0007088184356689453
11,10,320,3.4882094860076904,3.4896843433380127,0.0014748573303222656
11,11,320,3.086958885192871,3.0855722427368164,-0.0013866424560546875
11,12,320,3.3315787315368652,3.331131935119629,-0.0004467964172363281
11,13,320,3.815915107727051,3.8171703815460205,0.0012552738189697266
11,14,320,3.632822036743164,3.6327831745147705,-3.886222839355469e-05
11,15,320,3.5651907920837402,3.565469741821289,0.0002789497375488281
11,16,320,3.9118754863739014,3.9105637073516846,-0.0013117790222167969
11,17,320,3.5143396854400635,3.5151193141937256,0.0007796287536621094
11,18,320,2.9091217517852783,2.9084837436676025,-0.0006380081176757812
11,19,320,2.5207278728485107,2.5208511352539062,0.0001232624053955078
12,0,320,3.3925628662109375,3.393383741378784,0.0008208751678466797
12,1,320,3.5344126224517822,3.536893367767334,0.002480745315551758
12,2,320,3.440383195877075,3.4387760162353516,-0.0016071796417236328
12,3,320,2.9953970909118652,2.9947104454040527,-0.0006866455078125
12,4,320,2.836568593978882,2.8350019454956055,-0.0015666484832763672
12,5,320,3.332186222076416,3.331397771835327,-0.0007884502410888672
12,6,320,3.3162944316864014,3.314619779586792,-0.001674652099609375
12,7,320,3.3423731327056885,3.341505289077759,-0.0008678436279296875
12,8,320,3.06367826461792,3.0622754096984863,-0.0014028549194335938
12,9,320,3.272820234298706,3.272132635116577,-0.0006875991821289062
12,10,320,3.4882094860076904,3.485863447189331,-0.002346038818359375
12,11,320,3.086958885192871,3.087514638900757,0.0005557537078857422
12,12,320,3.3315787315368652,3.3309128284454346,-0.0006659030914306641
12,13,320,3.815915107727051,3.8165478706359863,0.0006327629089355469
12,14,320,3.632822036743164,3.6336145401000977,0.0007925033569335938
12,15,320,3.5651907920837402,3.5660884380340576,0.0008976459503173828
12,16,320,3.9118754863739014,3.9111528396606445,-0.0007226467132568359
12,17,320,3.5143396854400635,3.5151803493499756,0.0008406639099121094
12,18,320,2.9091217517852783,2.907607316970825,-0.001514434814453125
12,19,320,2.5207278728485107,2.5190975666046143,-0.0016303062438964844
13,0,320,3.3925628662109375,3.3919131755828857,-0.0006496906280517578
13,1,320,3.5344126224517822,3.533883571624756,-0.0005290508270263672
13,2,320,3.440383195877075,3.440464496612549,8.130073547363281e-05
13,3,320,2.9953970909118652,2.9946556091308594,-0.0007414817810058594
13,4,320,2.836568593978882,2.8360729217529297,-0.0004956722259521484
13,5,320,3.332186222076416,3.3332462310791016,0.0010600090026855469
13,6,320,3.3162944316864014,3.3168141841888428,0.0005197525024414062
13,7,320,3.3423731327056885,3.3404693603515625,-0.0019037723541259766
13,8,320,3.06367826461792,3.064622163772583,0.0009438991546630859
13,9,320,3.272820234298706,3.272834300994873,1.4066696166992188e-05
13,10,320,3.4882094860076904,3.4880847930908203,-0.0001246929168701172
13,11,320,3.086958885192871,3.0868470668792725,-0.00011181831359863281
13,12,320,3.3315787315368652,3.330991744995117,-0.0005869865417480469
13,13,320,3.815915107727051,3.8147990703582764,-0.001116037368774414
13,14,320,3.632822036743164,3.6332576274871826,0.0004355907440185547
13,15,320,3.5651907920837402,3.564936637878418,-0.0002541542053222656
13,16,320,3.9118754863739014,3.9115653038024902,-0.0003101825714111328
13,17,320,3.5143396854400635,3.514618158340454,0.000278472900390625
13,18,320,2.9091217517852783,2.9074692726135254,-0.0016524791717529297
13,19,320,2.5207278728485107,2.522681713104248,0.0019538402557373047
14,0,320,3.3925628662109375,3.3917086124420166,-0.0008542537689208984
14,1,320,3.5344126224517822,3.53393292427063,-0.00047969818115234375
14,2,320,3.440383195877075,3.4399735927581787,-0.0004096031188964844
14,3,320,2.9953970909118652,2.9967029094696045,0.0013058185577392578
14,4,320,2.836568593978882,2.8369224071502686,0.00035381317138671875
14,5,320,3.332186222076416,3.3335187435150146,0.0013325214385986328
14,6,320,3.3162944316864014,3.3194656372070312,0.003171205520629883
14,7,320,3.3423731327056885,3.34243106842041,5.793571472167969e-05
14,8,320,3.06367826461792,3.0641677379608154,0.0004894733428955078
14,9,320,3.272820234298706,3.2735064029693604,0.0006861686706542969
14,10,320,3.4882094860076904,3.4893887042999268,0.0011792182922363281
14,11,320,3.086958885192871,3.0855047702789307,-0.0014541149139404297
14,12,320,3.3315787315368652,3.337238073348999,0.005659341812133789
14,13,320,3.815915107727051,3.8139560222625732,-0.001959085464477539
14,14,320,3.632822036743164,3.6324362754821777,-0.0003857612609863281
14,15,320,3.5651907920837402,3.5655744075775146,0.00038361549377441406
14,16,320,3.9118754863739014,3.913881540298462,0.002006053924560547
14,17,320,3.5143396854400635,3.5139503479003906,-0.00038933753967285156
14,18,320,2.9091217517852783,2.9090664386749268,-5.53131103515625e-05
14,19,320,2.5207278728485107,2.5203635692596436,-0.0003643035888671875
15,0,320,3.3925628662109375,3.3914453983306885,-0.0011174678802490234
15,1,320,3.5344126224517822,3.5332367420196533,-0.0011758804321289062
15,2,320,3.440383195877075,3.441693067550659,0.0013098716735839844
15,3,320,2.9953970909118652,2.9957990646362305,0.0004019737243652344
15,4,320,2.836568593978882,2.8352415561676025,-0.0013270378112792969
15,5,320,3.332186222076416,3.332801103591919,0.0006148815155029297
15,6,320,3.3162944316864014,3.317955493927002,0.001661062240600586
15,7,320,3.3423731327056885,3.34371018409729,0.0013370513916015625
15,8,320,3.06367826461792,3.0634586811065674,-0.00021958351135253906
15,9,320,3.272820234298706,3.2732911109924316,0.00047087669372558594
15,10,320,3.4882094860076904,3.4893081188201904,0.0010986328125
15,11,320,3.086958885192871,3.0868260860443115,-0.0001327991485595703
15,12,320,3.3315787315368652,3.3329508304595947,0.0013720989227294922
15,13,320,3.815915107727051,3.814429521560669,-0.001485586166381836
15,14,320,3.632822036743164,3.633268356323242,0.000446319580078125
15,15,320,3.5651907920837402,3.5651731491088867,-1.7642974853515625e-05
15,16,320,3.9118754863739014,3.9123923778533936,0.0005168914794921875
15,17,320,3.5143396854400635,3.514540195465088,0.00020051002502441406
15,18,320,2.9091217517852783,2.9087440967559814,-0.000377655029296875
15,19,320,2.5207278728485107,2.5204851627349854,-0.00024271011352539062
16,0,320,3.3925628662109375,3.3916072845458984,-0.0009555816650390625
16,1,320,3.5344126224517822,3.5366668701171875,0.0022542476654052734
16,2,320,3.440383195877075,3.4403018951416016,-8.130073547363281e-05
16,3,320,2.9953970909118652,2.9965832233428955,0.0011861324310302734
16,4,320,2.836568593978882,2.838310956954956,0.0017423629760742188
16,5,320,3.332186222076416,3.3339221477508545,0.0017359256744384766
16,6,320,3.3162944316864014,3.31710147857666,0.0008070468902587891
16,7,320,3.3423731327056885,3.34272837638855,0.0003552436828613281
16,8,320,3.06367826461792,3.064202308654785,0.0005240440368652344
16,9,320,3.272820234298706,3.270477056503296,-0.0023431777954101562
16,10,320,3.4882094860076904,3.487286329269409,-0.00092315673828125
16,11,320,3.086958885192871,3.087977170944214,0.0010182857513427734
16,12,320,3.3315787315368652,3.332090139389038,0.0005114078521728516
16,13,320,3.815915107727051,3.8143272399902344,-0.0015878677368164062
16,14,320,3.632822036743164,3.633120536804199,0.00029850006103515625
16,15,320,3.5651907920837402,3.5655786991119385,0.0003879070281982422
16,16,320,3.9118754863739014,3.911588430404663,-0.00028705596923828125
16,17,320,3.5143396854400635,3.51454758644104,0.0002079010009765625
16,18,320,2.9091217517852783,2.909334897994995,0.00021314620971679688
16,19,320,2.5207278728485107,2.5218136310577393,0.0010857582092285156
17,0,320,3.3925628662109375,3.393507242202759,0.0009443759918212891
17,1,320,3.5344126224517822,3.534761905670166,0.00034928321838378906
17,2,320,3.440383195877075,3.440709352493286,0.0003261566162109375
17,3,320,2.9953970909118652,2.9953861236572266,-1.0967254638671875e-05
17,4,320,2.836568593978882,2.836618423461914,4.982948303222656e-05
17,5,320,3.332186222076416,3.3321666717529297,-1.9550323486328125e-05
17,6,320,3.3162944316864014,3.314976453781128,-0.0013179779052734375
17,7,320,3.3423731327056885,3.3415541648864746,-0.0008189678192138672
17,8,320,3.06367826461792,3.0625486373901367,-0.0011296272277832031
17,9,320,3.272820234298706,3.271822452545166,-0.000997781753540039
17,10,320,3.4882094860076904,3.4868156909942627,-0.0013937950134277344
17,11,320,3.086958885192871,3.0879054069519043,0.0009465217590332031
17,12,320,3.3315787315368652,3.3309786319732666,-0.0006000995635986328
17,13,320,3.815915107727051,3.8154304027557373,-0.00048470497131347656
17,14,320,3.632822036743164,3.6317250728607178,-0.001096963882446289
17,15,320,3.5651907920837402,3.565843105316162,0.000652313232421875
17,16,320,3.9118754863739014,3.911266803741455,-0.0006086826324462891
17,17,320,3.5143396854400635,3.5146384239196777,0.0002987384796142578
17,18,320,2.9091217517852783,2.910595178604126,0.0014734268188476562
17,19,320,2.5207278728485107,2.522653818130493,0.0019259452819824219
18,0,320,3.3925628662109375,3.392106533050537,-0.0004563331604003906
18,1,320,3.5344126224517822,3.535182237625122,0.0007696151733398438
18,2,320,3.440383195877075,3.4397411346435547,-0.0006420612335205078
18,3,320,2.9953970909118652,2.995313882827759,-8.320808410644531e-05
18,4,320,2.836568593978882,2.837150812149048,0.0005822181701660156
18,5,320,3.332186222076416,3.3344364166259766,0.002250194549560547
18,6,320,3.3162944316864014,3.3185150623321533,0.002220630645751953
18,7,320,3.3423731327056885,3.3409392833709717,-0.0014338493347167969
18,8,320,3.06367826461792,3.0638949871063232,0.0002167224884033203
18,9,320,3.272820234298706,3.2740015983581543,0.0011813640594482422
18,10,320,3.4882094860076904,3.4894120693206787,0.0012025833129882812
18,11,320,3.086958885192871,3.086763620376587,-0.0001952648162841797
18,12,320,3.3315787315368652,3.33101749420166,-0.0005612373352050781
18,13,320,3.815915107727051,3.8159213066101074,6.198883056640625e-06
18,14,320,3.632822036743164,3.632920503616333,9.846687316894531e-05
18,15,320,3.5651907920837402,3.5647971630096436,-0.0003936290740966797
18,16,320,3.9118754863739014,3.912140130996704,0.0002646446228027344
18,17,320,3.5143396854400635,3.5146400928497314,0.00030040740966796875
18,18,320,2.9091217517852783,2.9108967781066895,0.0017750263214111328
18,19,320,2.5207278728485107,2.5212597846984863,0.0005319118499755859
19,0,320,3.3925628662109375,3.3916707038879395,-0.0008921623229980469
19,1,320,3.5344126224517822,3.5345458984375,0.00013327598571777344
19,2,320,3.440383195877075,3.440044403076172,-0.0003387928009033203
19,3,320,2.9953970909118652,2.994375467300415,-0.0010216236114501953
19,4,320,2.836568593978882,2.8375983238220215,0.0010297298431396484
19,5,320,3.332186222076416,3.3337860107421875,0.0015997886657714844
19,6,320,3.3162944316864014,3.3185102939605713,0.002215862274169922
19,7,320,3.3423731327056885,3.341567039489746,-0.0008060932159423828
19,8,320,3.06367826461792,3.0628676414489746,-0.0008106231689453125
19,9,320,3.272820234298706,3.274198055267334,0.0013778209686279297
19,10,320,3.4882094860076904,3.488424062728882,0.00021457672119140625
19,11,320,3.086958885192871,3.0869181156158447,-4.076957702636719e-05
19,12,320,3.3315787315368652,3.3295693397521973,-0.0020093917846679688
19,13,320,3.815915107727051,3.8166608810424805,0.0007457733154296875
19,14,320,3.632822036743164,3.635373115539551,0.0025510787963867188
19,15,320,3.5651907920837402,3.565377950668335,0.00018715858459472656
19,16,320,3.9118754863739014,3.911215305328369,-0.0006601810455322266
19,17,320,3.5143396854400635,3.5154917240142822,0.00115203857421875
19,18,320,2.9091217517852783,2.909557342529297,0.0004355907440185547
19,19,320,2.5207278728485107,2.5233869552612305,0.0026590824127197266
20,0,320,3.3925628662109375,3.391385555267334,-0.0011773109436035156
20,1,320,3.5344126224517822,3.5350663661956787,0.0006537437438964844
20,2,320,3.440383195877075,3.4405977725982666,0.00021457672119140625
20,3,320,2.9953970909118652,2.9968574047088623,0.0014603137969970703
20,4,320,2.836568593978882,2.8360462188720703,-0.0005223751068115234
20,5,320,3.332186222076416,3.3346452713012695,0.0024590492248535156
20,6,320,3.3162944316864014,3.3167269229888916,0.0004324913024902344
20,7,320,3.3423731327056885,3.3447229862213135,0.002349853515625
20,8,320,3.06367826461792,3.062340021133423,-0.0013382434844970703
20,9,320,3.272820234298706,3.2716615200042725,-0.0011587142944335938
20,10,320,3.4882094860076904,3.4880995750427246,-0.00010991096496582031
20,11,320,3.086958885192871,3.088188886642456,0.001230001449584961
20,12,320,3.3315787315368652,3.3301877975463867,-0.0013909339904785156
20,13,320,3.815915107727051,3.8158445358276367,-7.05718994140625e-05
20,14,320,3.632822036743164,3.6341280937194824,0.0013060569763183594
20,15,320,3.5651907920837402,3.5677521228790283,0.002561330795288086
20,16,320,3.9118754863739014,3.9124016761779785,0.0005261898040771484
20,17,320,3.5143396854400635,3.5160112380981445,0.0016715526580810547
20,18,320,2.9091217517852783,2.909019947052002,-0.00010180473327636719
20,19,320,2.5207278728485107,2.520500659942627,-0.00022721290588378906
21,0,320,3.3925628662109375,3.3925657272338867,2.86102294921875e-06
21,1,320,3.5344126224517822,3.5353362560272217,0.0009236335754394531
21,2,320,3.440383195877075,3.4400649070739746,-0.00031828880310058594
21,3,320,2.9953970909118652,2.9964182376861572,0.0010211467742919922
21,4,320,2.836568593978882,2.838373899459839,0.0018053054809570312
21,5,320,3.332186222076416,3.3331639766693115,0.0009777545928955078
21,6,320,3.3162944316864014,3.3177285194396973,0.0014340877532958984
21,7,320,3.3423731327056885,3.343360424041748,0.0009872913360595703
21,8,320,3.06367826461792,3.0657804012298584,0.0021021366119384766
21,9,320,3.272820234298706,3.2730867862701416,0.0002665519714355469
21,10,320,3.4882094860076904,3.489439010620117,0.0012295246124267578
21,11,320,3.086958885192871,3.088799476623535,0.0018405914306640625
21,12,320,3.3315787315368652,3.330829381942749,-0.0007493495941162109
21,13,320,3.815915107727051,3.815763473510742,-0.00015163421630859375
21,14,320,3.632822036743164,3.633439064025879,0.0006170272827148438
21,15,320,3.5651907920837402,3.5655837059020996,0.000392913818359375
21,16,320,3.9118754863739014,3.912677049636841,0.0008015632629394531
21,17,320,3.5143396854400635,3.513385772705078,-0.0009539127349853516
21,18,320,2.9091217517852783,2.910722017288208,0.0016002655029296875
21,19,320,2.5207278728485107,2.519876003265381,-0.0008518695831298828
22,0,320,3.3925628662109375,3.3935720920562744,0.001009225845336914
22,1,320,3.5344126224517822,3.5329432487487793,-0.0014693737030029297
22,2,320,3.440383195877075,3.4391672611236572,-0.0012159347534179688
22,3,320,2.9953970909118652,2.996608018875122,0.001210927963256836
22,4,320,2.836568593978882,2.835907220840454,-0.0006613731384277344
22,5,320,3.332186222076416,3.3322863578796387,0.00010013580322265625
22,6,320,3.3162944316864014,3.316972255706787,0.0006778240203857422
22,7,320,3.3423731327056885,3.3416225910186768,-0.0007505416870117188
22,8,320,3.06367826461792,3.0622036457061768,-0.001474618911743164
22,9,320,3.272820234298706,3.273433208465576,0.0006129741668701172
22,10,320,3.4882094860076904,3.4883885383605957,0.00017905235290527344
22,11,320,3.086958885192871,3.087745428085327,0.0007865428924560547
22,12,320,3.3315787315368652,3.3313159942626953,-0.0002627372741699219
22,13,320,3.815915107727051,3.8139729499816895,-0.0019421577453613281
22,14,320,3.632822036743164,3.63411808013916,0.0012960433959960938
22,15,320,3.5651907920837402,3.565690517425537,0.000499725341796875
22,16,320,3.9118754863739014,3.9121060371398926,0.00023055076599121094
22,17,320,3.5143396854400635,3.5159592628479004,0.001619577407836914
22,18,320,2.9091217517852783,2.9098243713378906,0.0007026195526123047
22,19,320,2.5207278728485107,2.5193381309509277,-0.0013897418975830078
23,0,320,3.3925628662109375,3.3941221237182617,0.0015592575073242188
23,1,320,3.5344126224517822,3.5343410968780518,-7.152557373046875e-05
23,2,320,3.440383195877075,3.446578025817871,0.0061948299407958984
23,3,320,2.9953970909118652,2.9976234436035156,0.0022263526916503906
23,4,320,2.836568593978882,2.8388664722442627,0.0022978782653808594
23,5,320,3.332186222076416,3.3345048427581787,0.0023186206817626953
23,6,320,3.3162944316864014,3.3175368309020996,0.0012423992156982422
23,7,320,3.3423731327056885,3.341872215270996,-0.0005009174346923828
23,8,320,3.06367826461792,3.0654845237731934,0.0018062591552734375
23,9,320,3.272820234298706,3.276362895965576,0.003542661666870117
23,10,320,3.4882094860076904,3.492251396179199,0.004041910171508789
23,11,320,3.086958885192871,3.0890886783599854,0.002129793167114258
23,12,320,3.3315787315368652,3.3330907821655273,0.0015120506286621094
23,13,320,3.815915107727051,3.8160479068756104,0.0001327991485595703
23,14,320,3.632822036743164,3.6321628093719482,-0.0006592273712158203
23,15,320,3.5651907920837402,3.564628839492798,-0.0005619525909423828
23,16,320,3.9118754863739014,3.912965774536133,0.0010902881622314453
23,17,320,3.5143396854400635,3.513580560684204,-0.000759124755859375
23,18,320,2.9091217517852783,2.909055471420288,-6.628036499023438e-05
23,19,320,2.5207278728485107,2.5197343826293945,-0.000993490219116211
24,0,320,3.3925628662109375,3.393735408782959,0.0011725425720214844
24,1,320,3.5344126224517822,3.534637689590454,0.000225067138671875
24,2,320,3.440383195877075,3.4419450759887695,0.001561880111694336
24,3,320,2.9953970909118652,2.9959020614624023,0.0005049705505371094
24,4,320,2.836568593978882,2.837148666381836,0.0005800724029541016
24,5,320,3.332186222076416,3.331037998199463,-0.001148223876953125
24,6,320,3.3162944316864014,3.3174946308135986,0.0012001991271972656
24,7,320,3.3423731327056885,3.3436167240142822,0.00124359130859375
24,8,320,3.06367826461792,3.063197135925293,-0.0004811286926269531
24,9,320,3.272820234298706,3.272289752960205,-0.0005304813385009766
24,10,320,3.4882094860076904,3.486637830734253,-0.0015716552734375
24,11,320,3.086958885192871,3.086885929107666,-7.295608520507812e-05
24,12,320,3.3315787315368652,3.3305752277374268,-0.0010035037994384766
24,13,320,3.815915107727051,3.81603741645813,0.00012230873107910156
24,14,320,3.632822036743164,3.6331026554107666,0.00028061866760253906
24,15,320,3.5651907920837402,3.5645813941955566,-0.0006093978881835938
24,16,320,3.9118754863739014,3.9118785858154297,3.0994415283203125e-06
24,17,320,3.5143396854400635,3.5161499977111816,0.001810312271118164
24,18,320,2.9091217517852783,2.9099767208099365,0.0008549690246582031
24,19,320,2.5207278728485107,2.5212478637695312,0.0005199909210205078
25,0,320,3.3925628662109375,3.3925907611846924,2.7894973754882812e-05
25,1,320,3.5344126224517822,3.5343220233917236,-9.059906005859375e-05
25,2,320,3.440383195877075,3.442319869995117,0.0019366741180419922
25,3,320,2.9953970909118652,2.9972176551818848,0.0018205642700195312
25,4,320,2.836568593978882,2.8349456787109375,-0.001622915267944336
25,5,320,3.332186222076416,3.333085536956787,0.0008993148803710938
25,6,320,3.3162944316864014,3.3164801597595215,0.0001857280731201172
25,7,320,3.3423731327056885,3.341468334197998,-0.0009047985076904297
25,8,320,3.06367826461792,3.066192388534546,0.0025141239166259766
25,9,320,3.272820234298706,3.27386736869812,0.0010471343994140625
25,10,320,3.4882094860076904,3.4878053665161133,-0.00040411949157714844
25,11,320,3.086958885192871,3.0875182151794434,0.0005593299865722656
25,12,320,3.3315787315368652,3.3331027030944824,0.0015239715576171875
25,13,320,3.815915107727051,3.8162662982940674,0.00035119056701660156
25,14,320,3.632822036743164,3.6334304809570312,0.0006084442138671875
25,15,320,3.5651907920837402,3.564749002456665,-0.0004417896270751953
25,16,320,3.9118754863739014,3.911712169647217,-0.0001633167266845703
25,17,320,3.5143396854400635,3.5154025554656982,0.0010628700256347656
25,18,320,2.9091217517852783,2.9101099967956543,0.0009882450103759766
25,19,320,2.5207278728485107,2.5216429233551025,0.0009150505065917969
26,0,320,3.3925628662109375,3.3919801712036133,-0.0005826950073242188
26,1,320,3.5344126224517822,3.534562349319458,0.00014972686767578125
26,2,320,3.440383195877075,3.4407055377960205,0.0003223419189453125
26,3,320,2.9953970909118652,2.994345188140869,-0.0010519027709960938
26,4,320,2.836568593978882,2.8356401920318604,-0.0009284019470214844
26,5,320,3.332186222076416,3.3310534954071045,-0.0011327266693115234
26,6,320,3.3162944316864014,3.3141725063323975,-0.0021219253540039062
26,7,320,3.3423731327056885,3.34137225151062,-0.0010008811950683594
26,8,320,3.06367826461792,3.064340114593506,0.0006618499755859375
26,9,320,3.272820234298706,3.2738037109375,0.0009834766387939453
26,10,320,3.4882094860076904,3.4879677295684814,-0.00024175643920898438
26,11,320,3.086958885192871,3.088254690170288,0.0012958049774169922
26,12,320,3.3315787315368652,3.330629587173462,-0.0009491443634033203
26,13,320,3.815915107727051,3.8165595531463623,0.0006444454193115234
26,14,320,3.632822036743164,3.633681058883667,0.0008590221405029297
26,15,320,3.5651907920837402,3.563901662826538,-0.0012891292572021484
26,16,320,3.9118754863739014,3.911550521850586,-0.0003249645233154297
26,17,320,3.5143396854400635,3.5153262615203857,0.0009865760803222656
26,18,320,2.9091217517852783,2.9085896015167236,-0.0005321502685546875
26,19,320,2.5207278728485107,2.5214898586273193,0.0007619857788085938
27,0,320,3.3925628662109375,3.392056465148926,-0.0005064010620117188
27,1,320,3.5344126224517822,3.5343289375305176,-8.368492126464844e-05
27,2,320,3.440383195877075,3.4403998851776123,1.6689300537109375e-05
27,3,320,2.9953970909118652,2.9962587356567383,0.0008616447448730469
27,4,320,2.836568593978882,2.8369574546813965,0.00038886070251464844
27,5,320,3.332186222076416,3.332764148712158,0.0005779266357421875
27,6,320,3.3162944316864014,3.3183937072753906,0.002099275588989258
27,7,320,3.3423731327056885,3.343655586242676,0.0012824535369873047
27,8,320,3.06367826461792,3.063880681991577,0.00020241737365722656
27,9,320,3.272820234298706,3.273089647293091,0.0002694129943847656
27,10,320,3.4882094860076904,3.4888949394226074,0.0006854534149169922
27,11,320,3.086958885192871,3.0890052318573,0.002046346664428711
27,12,320,3.3315787315368652,3.3302395343780518,-0.0013391971588134766
27,13,320,3.815915107727051,3.8166842460632324,0.0007691383361816406
27,14,320,3.632822036743164,3.632213592529297,-0.0006084442138671875
27,15,320,3.5651907920837402,3.566497325897217,0.0013065338134765625
27,16,320,3.9118754863739014,3.9134018421173096,0.0015263557434082031
27,17,320,3.5143396854400635,3.515655517578125,0.0013158321380615234
27,18,320,2.9091217517852783,2.9091360569000244,1.430511474609375e-05
27,19,320,2.5207278728485107,2.5194337368011475,-0.0012941360473632812
28,0,320,3.3925628662109375,3.393001079559326,0.0004382133483886719
28,1,320,3.5344126224517822,3.535808563232422,0.0013959407806396484
28,2,320,3.440383195877075,3.441366672515869,0.0009834766387939453
28,3,320,2.9953970909118652,2.995882034301758,0.0004849433898925781
28,4,320,2.836568593978882,2.8369455337524414,0.0003769397735595703
28,5,320,3.332186222076416,3.3307862281799316,-0.001399993896484375
28,6,320,3.3162944316864014,3.3158116340637207,-0.00048279762268066406
28,7,320,3.3423731327056885,3.342712640762329,0.000339508056640625
28,8,320,3.06367826461792,3.065600633621216,0.0019223690032958984
28,9,320,3.272820234298706,3.2731997966766357,0.0003795623779296875
28,10,320,3.4882094860076904,3.488422393798828,0.0002129077911376953
28,11,320,3.086958885192871,3.088428258895874,0.0014693737030029297
28,12,320,3.3315787315368652,3.3322408199310303,0.0006620883941650391
28,13,320,3.815915107727051,3.816701650619507,0.0007865428924560547
28,14,320,3.632822036743164,3.6329612731933594,0.0001392364501953125
28,15,320,3.5651907920837402,3.566490411758423,0.0012996196746826172
28,16,320,3.9118754863739014,3.9137346744537354,0.0018591880798339844
28,17,320,3.5143396854400635,3.5150482654571533,0.0007085800170898438
28,18,320,2.9091217517852783,2.909839153289795,0.0007174015045166016
28,19,320,2.5207278728485107,2.5222880840301514,0.001560211181640625
29,0,320,3.3925628662109375,3.3906021118164062,-0.00196075439453125
29,1,320,3.5344126224517822,3.533482551574707,-0.0009300708770751953
29,2,320,3.440383195877075,3.440887212753296,0.0005040168762207031
29,3,320,2.9953970909118652,2.996849775314331,0.0014526844024658203
29,4,320,2.836568593978882,2.8351798057556152,-0.0013887882232666016
29,5,320,3.332186222076416,3.3335554599761963,0.0013692378997802734
29,6,320,3.3162944316864014,3.3150951862335205,-0.0011992454528808594
29,7,320,3.3423731327056885,3.3440864086151123,0.0017132759094238281
29,8,320,3.06367826461792,3.064195394515991,0.0005171298980712891
29,9,320,3.272820234298706,3.272754430770874,-6.580352783203125e-05
29,10,320,3.4882094860076904,3.4889469146728516,0.0007374286651611328
29,11,320,3.086958885192871,3.0885918140411377,0.0016329288482666016
29,12,320,3.3315787315368652,3.3322973251342773,0.0007185935974121094
29,13,320,3.815915107727051,3.8166885375976562,0.0007734298706054688
29,14,320,3.632822036743164,3.6329853534698486,0.0001633167266845703
29,15,320,3.5651907920837402,3.564345359802246,-0.0008454322814941406
29,16,320,3.9118754863739014,3.911113977432251,-0.0007615089416503906
29,17,320,3.5143396854400635,3.514641523361206,0.0003018379211425781
29,18,320,2.9091217517852783,2.9092724323272705,0.0001506805419921875
29,19,320,2.5207278728485107,2.5188417434692383,-0.001886129379272461
30,0,320,3.3925628662109375,3.393592119216919,0.0010292530059814453
30,1,320,3.5344126224517822,3.53389835357666,-0.0005142688751220703
30,2,320,3.440383195877075,3.4425323009490967,0.0021491050720214844
30,3,320,2.9953970909118652,2.996025323867798,0.0006282329559326172
30,4,320,2.836568593978882,2.838308334350586,0.0017397403717041016
30,5,320,3.332186222076416,3.332594633102417,0.00040841102600097656
30,6,320,3.3162944316864014,3.317014694213867,0.0007202625274658203
30,7,320,3.3423731327056885,3.3446574211120605,0.0022842884063720703
30,8,320,3.06367826461792,3.0631537437438965,-0.0005245208740234375
30,9,320,3.272820234298706,3.2741591930389404,0.001338958740234375
30,10,320,3.4882094860076904,3.4878814220428467,-0.00032806396484375
30,11,320,3.086958885192871,3.08807635307312,0.0011174678802490234
30,12,320,3.3315787315368652,3.331585645675659,6.9141387939453125e-06
30,13,320,3.815915107727051,3.814683675765991,-0.0012314319610595703
30,14,320,3.632822036743164,3.6325228214263916,-0.00029921531677246094
30,15,320,3.5651907920837402,3.5632450580596924,-0.0019457340240478516
30,16,320,3.9118754863739014,3.911484956741333,-0.0003905296325683594
30,17,320,3.5143396854400635,3.51492977142334,0.0005900859832763672
30,18,320,2.9091217517852783,2.908489942550659,-0.0006318092346191406
30,19,320,2.5207278728485107,2.5197434425354004,-0.0009844303131103516
31,0,320,3.3925628662109375,3.3914525508880615,-0.0011103153228759766
31,1,320,3.5344126224517822,3.5347440242767334,0.0003314018249511719
31,2,320,3.440383195877075,3.4420578479766846,0.001674652099609375
31,3,320,2.9953970909118652,2.9967689514160156,0.0013718605041503906
31,4,320,2.836568593978882,2.837099075317383,0.0005304813385009766
31,5,320,3.332186222076416,3.3327996730804443,0.0006134510040283203
31,6,320,3.3162944316864014,3.316988468170166,0.0006940364837646484
31,7,320,3.3423731327056885,3.343491792678833,0.0011186599731445312
31,8,320,3.06367826461792,3.065019369125366,0.001341104507446289
31,9,320,3.272820234298706,3.272981882095337,0.00016164779663085938
31,10,320,3.4882094860076904,3.488435983657837,0.00022649765014648438
31,11,320,3.086958885192871,3.0871970653533936,0.00023818016052246094
31,12,320,3.3315787315368652,3.331625461578369,4.673004150390625e-05
31,13,320,3.815915107727051,3.8159143924713135,-7.152557373046875e-07
31,14,320,3.632822036743164,3.6330041885375977,0.00018215179443359375
31,15,320,3.5651907920837402,3.5667715072631836,0.0015807151794433594
31,16,320,3.9118754863739014,3.9124529361724854,0.0005774497985839844
31,17,320,3.5143396854400635,3.514195442199707,-0.0001442432403564453
31,18,320,2.9091217517852783,2.9070730209350586,-0.0020487308502197266
31,19,320,2.5207278728485107,2.519768714904785,-0.0009591579437255859
32,0,320,3.3925628662109375,3.3923325538635254,-0.00023031234741210938
32,1,320,3.5344126224517822,3.5344913005828857,7.867813110351562e-05
32,2,320,3.440383195877075,3.442081928253174,0.0016987323760986328
32,3,320,2.9953970909118652,2.9955849647521973,0.00018787384033203125
32,4,320,2.836568593978882,2.8364806175231934,-8.797645568847656e-05
32,5,320,3.332186222076416,3.3323841094970703,0.00019788742065429688
32,6,320,3.3162944316864014,3.3177378177642822,0.0014433860778808594
32,7,320,3.3423731327056885,3.3413476943969727,-0.0010254383087158203
32,8,320,3.06367826461792,3.0640833377838135,0.0004050731658935547
32,9,320,3.272820234298706,3.272656202316284,-0.000164031982421875
32,10,320,3.4882094860076904,3.4860968589782715,-0.0021126270294189453
32,11,320,3.086958885192871,3.0870871543884277,0.00012826919555664062
32,12,320,3.3315787315368652,3.3321614265441895,0.0005826950073242188
32,13,320,3.815915107727051,3.8166210651397705,0.0007059574127197266
32,14,320,3.632822036743164,3.633941173553467,0.0011191368103027344
32,15,320,3.5651907920837402,3.5651209354400635,-6.985664367675781e-05
32,16,320,3.9118754863739014,3.913896083831787,0.002020597457885742
32,17,320,3.5143396854400635,3.5143721103668213,3.24249267578125e-05
32,18,320,2.9091217517852783,2.9097471237182617,0.0006253719329833984
32,19,320,2.5207278728485107,2.521512746810913,0.0007848739624023438
33,0,320,3.3925628662109375,3.39306902885437,0.0005061626434326172
33,1,320,3.5344126224517822,3.5349860191345215,0.0005733966827392578
33,2,320,3.440383195877075,3.441190481185913,0.0008072853088378906
33,3,320,2.9953970909118652,2.9939520359039307,-0.0014450550079345703
33,4,320,2.836568593978882,2.835479259490967,-0.001089334487915039
33,5,320,3.332186222076416,3.3307435512542725,-0.0014426708221435547
33,6,320,3.3162944316864014,3.3147618770599365,-0.0015325546264648438
33,7,320,3.3423731327056885,3.3427486419677734,0.00037550926208496094
33,8,320,3.06367826461792,3.06485915184021,0.001180887222290039
33,9,320,3.272820234298706,3.2724545001983643,-0.0003657341003417969
33,10,320,3.4882094860076904,3.488490581512451,0.0002810955047607422
33,11,320,3.086958885192871,3.086193084716797,-0.0007658004760742188
33,12,320,3.3315787315368652,3.33199143409729,0.0004127025604248047
33,13,320,3.815915107727051,3.817301034927368,0.0013859272003173828
33,14,320,3.632822036743164,3.6317105293273926,-0.0011115074157714844
33,15,320,3.5651907920837402,3.5634379386901855,-0.0017528533935546875
33,16,320,3.9118754863739014,3.912083148956299,0.00020766258239746094
33,17,320,3.5143396854400635,3.5132029056549072,-0.00113677978515625
33,18,320,2.9091217517852783,2.908940553665161,-0.0001811981201171875
33,19,320,2.5207278728485107,2.5208020210266113,7.414817810058594e-05
34,0,320,3.3925628662109375,3.393066883087158,0.0005040168762207031
34,1,320,3.5344126224517822,3.5349228382110596,0.0005102157592773438
34,2,320,3.440383195877075,3.4407875537872314,0.00040435791015625
34,3,320,2.9953970909118652,2.9959218502044678,0.0005247592926025391
34,4,320,2.836568593978882,2.8372421264648438,0.0006735324859619141
34,5,320,3.332186222076416,3.3318676948547363,-0.0003185272216796875
34,6,320,3.3162944316864014,3.317517042160034,0.0012226104736328125
34,7,320,3.3423731327056885,3.344139814376831,0.0017666816711425781
34,8,320,3.06367826461792,3.064462661743164,0.0007843971252441406
34,9,320,3.272820234298706,3.2712321281433105,-0.0015881061553955078
34,10,320,3.4882094860076904,3.4884912967681885,0.0002818107604980469
34,11,320,3.086958885192871,3.088608980178833,0.001650094985961914
34,12,320,3.3315787315368652,3.330862522125244,-0.0007162094116210938
34,13,320,3.815915107727051,3.8159310817718506,1.5974044799804688e-05
34,14,320,3.632822036743164,3.6344544887542725,0.0016324520111083984
34,15,320,3.5651907920837402,3.5657474994659424,0.0005567073822021484
34,16,320,3.9118754863739014,3.9111266136169434,-0.0007488727569580078
34,17,320,3.5143396854400635,3.5161688327789307,0.0018291473388671875
34,18,320,2.9091217517852783,2.9099957942962646,0.0008740425109863281
34,19,320,2.5207278728485107,2.5233676433563232,0.0026397705078125
35,0,320,3.3925628662109375,3.3939974308013916,0.0014345645904541016
35,1,320,3.5344126224517822,3.5350894927978516,0.0006768703460693359
35,2,320,3.440383195877075,3.440354824066162,-2.8371810913085938e-05
35,3,320,2.9953970909118652,2.994306802749634,-0.0010902881622314453
35,4,320,2.836568593978882,2.8369553089141846,0.0003867149353027344
35,5,320,3.332186222076416,3.3321497440338135,-3.647804260253906e-05
35,6,320,3.3162944316864014,3.317150592803955,0.0008561611175537109
35,7,320,3.3423731327056885,3.3413631916046143,-0.0010099411010742188
35,8,320,3.06367826461792,3.062361717224121,-0.0013165473937988281
35,9,320,3.272820234298706,3.2726759910583496,-0.0001442432403564453
35,10,320,3.4882094860076904,3.486241340637207,-0.0019681453704833984
35,11,320,3.086958885192871,3.087026357650757,6.747245788574219e-05
35,12,320,3.3315787315368652,3.3313539028167725,-0.00022482872009277344
35,13,320,3.815915107727051,3.8164944648742676,0.0005793571472167969
35,14,320,3.632822036743164,3.632732391357422,-8.96453857421875e-05
35,15,320,3.5651907920837402,3.5665335655212402,0.0013427734375
35,16,320,3.9118754863739014,3.912569284439087,0.0006937980651855469
35,17,320,3.5143396854400635,3.514730930328369,0.00039124488830566406
35,18,320,2.9091217517852783,2.909296989440918,0.00017523765563964844
35,19,320,2.5207278728485107,2.520632266998291,-9.560585021972656e-05
36,0,320,3.3925628662109375,3.391707420349121,-0.0008554458618164062
36,1,320,3.5344126224517822,3.5329413414001465,-0.0014712810516357422
36,2,320,3.440383195877075,3.441559314727783,0.0011761188507080078
36,3,320,2.9953970909118652,2.995628595352173,0.0002315044403076172
36,4,320,2.836568593978882,2.8359193801879883,-0.0006492137908935547
36,5,320,3.332186222076416,3.3339128494262695,0.0017266273498535156
36,6,320,3.3162944316864014,3.318553924560547,0.002259492874145508
36,7,320,3.3423731327056885,3.342261552810669,-0.00011157989501953125
36,8,320,3.06367826461792,3.064678430557251,0.0010001659393310547
36,9,320,3.272820234298706,3.274273633956909,0.001453399658203125
36,10,320,3.4882094860076904,3.4876790046691895,-0.0005304813385009766
36,11,320,3.086958885192871,3.0868892669677734,-6.961822509765625e-05
36,12,320,3.3315787315368652,3.3306632041931152,-0.00091552734375
36,13,320,3.815915107727051,3.8156309127807617,-0.0002841949462890625
36,14,320,3.632822036743164,3.6331710815429688,0.0003490447998046875
36,15,320,3.5651907920837402,3.5661983489990234,0.0010075569152832031
36,16,320,3.9118754863739014,3.9134345054626465,0.0015590190887451172
36,17,320,3.5143396854400635,3.515974760055542,0.0016350746154785156
36,18,320,2.9091217517852783,2.9093661308288574,0.00024437904357910156
36,19,320,2.5207278728485107,2.5215024948120117,0.0007746219635009766
37,0,320,3.3925628662109375,3.393493175506592,0.0009303092956542969
37,1,320,3.5344126224517822,3.534977436065674,0.0005648136138916016
37,2,320,3.440383195877075,3.439824342727661,-0.0005588531494140625
37,3,320,2.9953970909118652,2.9961025714874268,0.0007054805755615234
37,4,320,2.836568593978882,2.8371102809906006,0.00054168701171875
37,5,320,3.332186222076416,3.3317925930023193,-0.0003936290740966797
37,6,320,3.3162944316864014,3.3170673847198486,0.0007729530334472656
37,7,320,3.3423731327056885,3.3420026302337646,-0.0003705024719238281
37,8,320,3.06367826461792,3.064504861831665,0.0008265972137451172
37,9,320,3.272820234298706,3.272761344909668,-5.888938903808594e-05
37,10,320,3.4882094860076904,3.4869399070739746,-0.0012695789337158203
37,11,320,3.086958885192871,3.0857326984405518,-0.001226186752319336
37,12,320,3.3315787315368652,3.3308768272399902,-0.000701904296875
37,13,320,3.815915107727051,3.8160459995269775,0.0001308917999267578
37,14,320,3.632822036743164,3.633756399154663,0.0009343624114990234
37,15,320,3.5651907920837402,3.5629658699035645,-0.0022249221801757812
37,16,320,3.9118754863739014,3.914285898208618,0.002410411834716797
37,17,320,3.5143396854400635,3.514417886734009,7.82012939453125e-05
37,18,320,2.9091217517852783,2.9099035263061523,0.0007817745208740234
37,19,320,2.5207278728485107,2.521599769592285,0.0008718967437744141
38,0,320,3.3925628662109375,3.392122745513916,-0.0004401206970214844
38,1,320,3.5344126224517822,3.5354666709899902,0.0010540485382080078
38,2,320,3.440383195877075,3.4393436908721924,-0.0010395050048828125
38,3,320,2.9953970909118652,2.994581699371338,-0.0008153915405273438
38,4,320,2.836568593978882,2.8355166912078857,-0.0010519027709960938
38,5,320,3.332186222076416,3.3298349380493164,-0.0023512840270996094
38,6,320,3.3162944316864014,3.316462993621826,0.0001685619354248047
38,7,320,3.3423731327056885,3.3407559394836426,-0.0016171932220458984
38,8,320,3.06367826461792,3.062020778656006,-0.0016574859619140625
38,9,320,3.272820234298706,3.271890640258789,-0.0009295940399169922
38,10,320,3.4882094860076904,3.4887146949768066,0.0005052089691162109
38,11,320,3.086958885192871,3.087782621383667,0.0008237361907958984
38,12,320,3.3315787315368652,3.3326592445373535,0.0010805130004882812
38,13,320,3.815915107727051,3.816248655319214,0.00033354759216308594
38,14,320,3.632822036743164,3.6332504749298096,0.0004284381866455078
38,15,320,3.5651907920837402,3.565561294555664,0.0003705024719238281
38,16,320,3.9118754863739014,3.911360740661621,-0.0005147457122802734
38,17,320,3.5143396854400635,3.5126354694366455,-0.0017042160034179688
38,18,320,2.9091217517852783,2.9108893871307373,0.0017676353454589844
38,19,320,2.5207278728485107,2.521507740020752,0.0007798671722412109
39,0,320,3.3925628662109375,3.3916707038879395,-0.0008921623229980469
39,1,320,3.5344126224517822,3.535299062728882,0.0008864402770996094
39,2,320,3.440383195877075,3.4409866333007812,0.0006034374237060547
39,3,320,2.9953970909118652,2.995401382446289,4.291534423828125e-06
39,4,320,2.836568593978882,2.8351712226867676,-0.0013973712921142578
39,5,320,3.332186222076416,3.3303701877593994,-0.0018160343170166016
39,6,320,3.3162944316864014,3.3163180351257324,2.3603439331054688e-05
39,7,320,3.3423731327056885,3.3416807651519775,-0.0006923675537109375
39,8,320,3.06367826461792,3.061500310897827,-0.0021779537200927734
39,9,320,3.272820234298706,3.269665002822876,-0.003155231475830078
39,10,320,3.4882094860076904,3.4885823726654053,0.00037288665771484375
39,11,320,3.086958885192871,3.086758613586426,-0.0002002716064453125
39,12,320,3.3315787315368652,3.331261396408081,-0.0003173351287841797
39,13,320,3.815915107727051,3.8161518573760986,0.00023674964904785156
39,14,320,3.632822036743164,3.633146286010742,0.000324249267578125
39,15,320,3.5651907920837402,3.564257860183716,-0.0009329319000244141
39,16,320,3.9118754863739014,3.912719249725342,0.0008437633514404297
39,17,320,3.5143396854400635,3.5140819549560547,-0.00025773048400878906
39,18,320,2.9091217517852783,2.910071611404419,0.000949859619140625
39,19,320,2.5207278728485107,2.5206069946289062,-0.00012087821960449219
40,0,320,3.3925628662109375,3.393545627593994,0.0009827613830566406
40,1,320,3.5344126224517822,3.5352964401245117,0.0008838176727294922
40,2,320,3.440383195877075,3.441723585128784,0.0013403892517089844
40,3,320,2.9953970909118652,2.9954614639282227,6.437301635742188e-05
40,4,320,2.836568593978882,2.8360464572906494,-0.0005221366882324219
40,5,320,3.332186222076416,3.3327341079711914,0.0005478858947753906
40,6,320,3.3162944316864014,3.317805528640747,0.0015110969543457031
40,7,320,3.3423731327056885,3.342244863510132,-0.00012826919555664062
40,8,320,3.06367826461792,3.065856456756592,0.002178192138671875
40,9,320,3.272820234298706,3.2737057209014893,0.0008854866027832031
40,10,320,3.4882094860076904,3.4885013103485107,0.0002918243408203125
40,11,320,3.086958885192871,3.086893081665039,-6.580352783203125e-05
40,12,320,3.3315787315368652,3.3313863277435303,-0.00019240379333496094
40,13,320,3.815915107727051,3.814462900161743,-0.0014522075653076172
40,14,320,3.632822036743164,3.6329736709594727,0.00015163421630859375
40,15,320,3.5651907920837402,3.5645036697387695,-0.0006871223449707031
40,16,320,3.9118754863739014,3.912015676498413,0.00014019012451171875
40,17,320,3.5143396854400635,3.5134687423706055,-0.0008709430694580078
40,18,320,2.9091217517852783,2.9104464054107666,0.0013246536254882812
40,19,320,2.5207278728485107,2.5214040279388428,0.0006761550903320312
41,0,320,3.3925628662109375,3.393409252166748,0.0008463859558105469
41,1,320,3.5344126224517822,3.5347609519958496,0.0003483295440673828
41,2,320,3.440383195877075,3.4403340816497803,-4.9114227294921875e-05
41,3,320,2.9953970909118652,2.9943134784698486,-0.0010836124420166016
41,4,320,2.836568593978882,2.8351664543151855,-0.001402139663696289
41,5,320,3.332186222076416,3.3309922218322754,-0.001194000244140625
41,6,320,3.3162944316864014,3.3165640830993652,0.0002696514129638672
41,7,320,3.3423731327056885,3.341879367828369,-0.0004937648773193359
41,8,320,3.06367826461792,3.0650126934051514,0.0013344287872314453
41,9,320,3.272820234298706,3.272864580154419,4.4345855712890625e-05
41,10,320,3.4882094860076904,3.4876511096954346,-0.0005583763122558594
41,11,320,3.086958885192871,3.0883426666259766,0.0013837814331054688
41,12,320,3.3315787315368652,3.3299591541290283,-0.001619577407836914
41,13,320,3.815915107727051,3.8165626525878906,0.0006475448608398438
41,14,320,3.632822036743164,3.6349713802337646,0.002149343490600586
41,15,320,3.5651907920837402,3.5652871131896973,9.632110595703125e-05
41,16,320,3.9118754863739014,3.913680076599121,0.0018045902252197266
41,17,320,3.5143396854400635,3.513371229171753,-0.0009684562683105469
41,18,320,2.9091217517852783,2.9122958183288574,0.0031740665435791016
41,19,320,2.5207278728485107,2.5237464904785156,0.003018617630004883
42,0,320,3.3925628662109375,3.3933167457580566,0.0007538795471191406
42,1,320,3.5344126224517822,3.53515362739563,0.0007410049438476562
42,2,320,3.440383195877075,3.4391350746154785,-0.0012481212615966797
42,3,320,2.9953970909118652,2.9963526725769043,0.0009555816650390625
42,4,320,2.836568593978882,2.836366891860962,-0.00020170211791992188
42,5,320,3.332186222076416,3.3361852169036865,0.003998994827270508
42,6,320,3.3162944316864014,3.317686080932617,0.0013916492462158203
42,7,320,3.3423731327056885,3.345397710800171,0.003024578094482422
42,8,320,3.06367826461792,3.0651230812072754,0.0014448165893554688
42,9,320,3.272820234298706,3.27299165725708,0.00017142295837402344
42,10,320,3.4882094860076904,3.491785764694214,0.0035762786865234375
42,11,320,3.086958885192871,3.091831684112549,0.004872798919677734
42,12,320,3.3315787315368652,3.3331291675567627,0.001550436019897461
42,13,320,3.815915107727051,3.8152246475219727,-0.000690460205078125
42,14,320,3.632822036743164,3.632091522216797,-0.0007305145263671875
42,15,320,3.5651907920837402,3.5664451122283936,0.0012543201446533203
42,16,320,3.9118754863739014,3.912440299987793,0.0005648136138916016
42,17,320,3.5143396854400635,3.5156726837158203,0.001332998275756836
42,18,320,2.9091217517852783,2.907402276992798,-0.0017194747924804688
42,19,320,2.5207278728485107,2.5198466777801514,-0.000881195068359375
43,0,320,3.3925628662109375,3.3928375244140625,0.000274658203125
43,1,320,3.5344126224517822,3.5333781242370605,-0.0010344982147216797
43,2,320,3.440383195877075,3.4403412342071533,-4.1961669921875e-05
43,3,320,2.9953970909118652,2.995678424835205,0.00028133392333984375
43,4,320,2.836568593978882,2.8371775150299072,0.0006089210510253906
43,5,320,3.332186222076416,3.3323464393615723,0.00016021728515625
43,6,320,3.3162944316864014,3.3150572776794434,-0.0012371540069580078
43,7,320,3.3423731327056885,3.3412225246429443,-0.0011506080627441406
43,8,320,3.06367826461792,3.065098524093628,0.0014202594757080078
43,9,320,3.272820234298706,3.2728798389434814,5.9604644775390625e-05
43,10,320,3.4882094860076904,3.4872372150421143,-0.0009722709655761719
43,11,320,3.086958885192871,3.0880722999572754,0.0011134147644042969
43,12,320,3.3315787315368652,3.331902027130127,0.00032329559326171875
43,13,320,3.815915107727051,3.8160316944122314,0.00011658668518066406
43,14,320,3.632822036743164,3.6316897869110107,-0.0011322498321533203
43,15,320,3.5651907920837402,3.565631628036499,0.00044083595275878906
43,16,320,3.9118754863739014,3.91125750541687,-0.00061798095703125
43,17,320,3.5143396854400635,3.5145838260650635,0.000244140625
43,18,320,2.9091217517852783,2.908602237701416,-0.0005195140838623047
43,19,320,2.5207278728485107,2.5192105770111084,-0.0015172958374023438
44,0,320,3.3925628662109375,3.3916656970977783,-0.0008971691131591797
44,1,320,3.5344126224517822,3.5347900390625,0.00037741661071777344
44,2,320,3.440383195877075,3.439188003540039,-0.0011951923370361328
44,3,320,2.9953970909118652,2.9941420555114746,-0.001255035400390625
44,4,320,2.836568593978882,2.8356027603149414,-0.0009658336639404297
44,5,320,3.332186222076416,3.332460641860962,0.00027441978454589844
44,6,320,3.3162944316864014,3.3151662349700928,-0.0011281967163085938
44,7,320,3.3423731327056885,3.341437816619873,-0.0009353160858154297
44,8,320,3.06367826461792,3.0625414848327637,-0.00113677978515625
44,9,320,3.272820234298706,3.2719881534576416,-0.0008320808410644531
44,10,320,3.4882094860076904,3.4887213706970215,0.0005118846893310547
44,11,320,3.086958885192871,3.0881261825561523,0.00116729736328125
44,12,320,3.3315787315368652,3.3319950103759766,0.0004162788391113281
44,13,320,3.815915107727051,3.8160512447357178,0.0001361370086669922
44,14,320,3.632822036743164,3.6318767070770264,-0.0009453296661376953
44,15,320,3.5651907920837402,3.5652358531951904,4.506111145019531e-05
44,16,320,3.9118754863739014,3.913054943084717,0.0011794567108154297
44,17,320,3.5143396854400635,3.5151045322418213,0.0007648468017578125
44,18,320,2.9091217517852783,2.910078287124634,0.0009565353393554688
44,19,320,2.5207278728485107,2.5219838619232178,0.0012559890747070312
45,0,320,3.3925628662109375,3.393000364303589,0.0004374980926513672
45,1,320,3.5344126224517822,3.535442352294922,0.0010297298431396484
45,2,320,3.440383195877075,3.4380416870117188,-0.0023415088653564453
45,3,320,2.9953970909118652,2.995300531387329,-9.655952453613281e-05
45,4,320,2.836568593978882,2.836441993713379,-0.0001266002655029297
45,5,320,3.332186222076416,3.333050012588501,0.0008637905120849609
45,6,320,3.3162944316864014,3.315570116043091,-0.0007243156433105469
45,7,320,3.3423731327056885,3.344282865524292,0.0019097328186035156
45,8,320,3.06367826461792,3.064363956451416,0.0006856918334960938
45,9,320,3.272820234298706,3.272066354751587,-0.0007538795471191406
45,10,320,3.4882094860076904,3.487563133239746,-0.0006463527679443359
45,11,320,3.086958885192871,3.0859835147857666,-0.0009753704071044922
45,12,320,3.3315787315368652,3.332366466522217,0.0007877349853515625
45,13,320,3.815915107727051,3.8162031173706055,0.0002880096435546875
45,14,320,3.632822036743164,3.6308517456054688,-0.0019702911376953125
45,15,320,3.5651907920837402,3.5635604858398438,-0.0016303062438964844
45,16,320,3.9118754863739014,3.9122848510742188,0.0004093647003173828
45,17,320,3.5143396854400635,3.514798641204834,0.0004589557647705078
45,18,320,2.9091217517852783,2.9094960689544678,0.0003743171691894531
45,19,320,2.5207278728485107,2.5204195976257324,-0.0003082752227783203
46,0,320,3.3925628662109375,3.3915770053863525,-0.000985860824584961
46,1,320,3.5344126224517822,3.535165548324585,0.0007529258728027344
46,2,320,3.440383195877075,3.44173526763916,0.001352071762084961
46,3,320,2.9953970909118652,2.9952147006988525,-0.0001823902130126953
46,4,320,2.836568593978882,2.835131883621216,-0.0014367103576660156
46,5,320,3.332186222076416,3.3302199840545654,-0.001966238021850586
46,6,320,3.3162944316864014,3.316436529159546,0.00014209747314453125
46,7,320,3.3423731327056885,3.3423988819122314,2.574920654296875e-05
46,8,320,3.06367826461792,3.063100814819336,-0.0005774497985839844
46,9,320,3.272820234298706,3.271740198135376,-0.0010800361633300781
46,10,320,3.4882094860076904,3.4886856079101562,0.0004761219024658203
46,11,320,3.086958885192871,3.0861704349517822,-0.0007884502410888672
46,12,320,3.3315787315368652,3.330735921859741,-0.0008428096771240234
46,13,320,3.815915107727051,3.8169455528259277,0.0010304450988769531
46,14,320,3.632822036743164,3.633194923400879,0.00037288665771484375
46,15,320,3.5651907920837402,3.5642995834350586,-0.0008912086486816406
46,16,320,3.9118754863739014,3.9107539653778076,-0.00112152099609375
46,17,320,3.5143396854400635,3.5150086879730225,0.0006690025329589844
46,18,320,2.9091217517852783,2.9086544513702393,-0.0004673004150390625
46,19,320,2.5207278728485107,2.5213284492492676,0.0006005764007568359
47,0,320,3.3925628662109375,3.3936614990234375,0.0010986328125
47,1,320,3.5344126224517822,3.535916566848755,0.0015039443969726562
47,2,320,3.440383195877075,3.4393327236175537,-0.0010504722595214844
47,3,320,2.9953970909118652,2.995295286178589,-0.00010180473327636719
47,4,320,2.836568593978882,2.8375940322875977,0.0010254383087158203
47,5,320,3.332186222076416,3.3324105739593506,0.0002243518829345703
47,6,320,3.3162944316864014,3.318272113800049,0.001977682113647461
47,7,320,3.3423731327056885,3.344843626022339,0.0024704933166503906
47,8,320,3.06367826461792,3.0652782917022705,0.001600027084350586
47,9,320,3.272820234298706,3.274676561355591,0.0018563270568847656
47,10,320,3.4882094860076904,3.4893264770507812,0.0011169910430908203
47,11,320,3.086958885192871,3.087481737136841,0.0005228519439697266
47,12,320,3.3315787315368652,3.331601142883301,2.2411346435546875e-05
47,13,320,3.815915107727051,3.8158552646636963,-5.984306335449219e-05
47,14,320,3.632822036743164,3.6313931941986084,-0.001428842544555664
47,15,320,3.5651907920837402,3.56610369682312,0.0009129047393798828
47,16,320,3.9118754863739014,3.9118216037750244,-5.3882598876953125e-05
47,17,320,3.5143396854400635,3.514470100402832,0.0001304149627685547
47,18,320,2.9091217517852783,2.9099502563476562,0.0008285045623779297
47,19,320,2.5207278728485107,2.5218446254730225,0.0011167526245117188
48,0,320,3.3925628662109375,3.3942437171936035,0.0016808509826660156
48,1,320,3.5344126224517822,3.534322738647461,-8.988380432128906e-05
48,2,320,3.440383195877075,3.4445550441741943,0.004171848297119141
48,3,320,2.9953970909118652,2.9967141151428223,0.0013170242309570312
48,4,320,2.836568593978882,2.8379006385803223,0.0013320446014404297
48,5,320,3.332186222076416,3.3333373069763184,0.0011510848999023438
48,6,320,3.3162944316864014,3.3163554668426514,6.103515625e-05
48,7,320,3.3423731327056885,3.343295097351074,0.0009219646453857422
48,8,320,3.06367826461792,3.063662528991699,-1.5735626220703125e-05
48,9,320,3.272820234298706,3.2748076915740967,0.001987457275390625
48,10,320,3.4882094860076904,3.4883358478546143,0.00012636184692382812
48,11,320,3.086958885192871,3.088078022003174,0.0011191368103027344
48,12,320,3.3315787315368652,3.3305461406707764,-0.0010325908660888672
48,13,320,3.815915107727051,3.8154008388519287,-0.0005142688751220703
48,14,320,3.632822036743164,3.6326465606689453,-0.00017547607421875
48,15,320,3.5651907920837402,3.566533088684082,0.0013422966003417969
48,16,320,3.9118754863739014,3.9110665321350098,-0.0008089542388916016
48,17,320,3.5143396854400635,3.514141321182251,-0.0001983642578125
48,18,320,2.9091217517852783,2.9080488681793213,-0.0010728836059570312
48,19,320,2.5207278728485107,2.5209927558898926,0.00026488304138183594
49,0,320,3.3925628662109375,3.392449140548706,-0.00011372566223144531
49,1,320,3.5344126224517822,3.532757043838501,-0.00165557861328125
49,2,320,3.440383195877075,3.4400248527526855,-0.00035834312438964844
49,3,320,2.9953970909118652,2.9955713748931885,0.0001742839813232422
49,4,320,2.836568593978882,2.8368842601776123,0.00031566619873046875
49,5,320,3.332186222076416,3.332608699798584,0.00042247772216796875
49,6,320,3.3162944316864014,3.317338466644287,0.0010440349578857422
49,7,320,3.3423731327056885,3.3422698974609375,-0.00010323524475097656
49,8,320,3.06367826461792,3.064985752105713,0.0013074874877929688
49,9,320,3.272820234298706,3.273444652557373,0.0006244182586669922
49,10,320,3.4882094860076904,3.4894235134124756,0.0012140274047851562
49,11,320,3.086958885192871,3.086644172668457,-0.0003147125244140625
49,12,320,3.3315787315368652,3.329249620437622,-0.002329111099243164
49,13,320,3.815915107727051,3.8161537647247314,0.00023865699768066406
49,14,320,3.632822036743164,3.6318938732147217,-0.0009281635284423828
49,15,320,3.5651907920837402,3.5656490325927734,0.0004582405090332031
49,16,320,3.9118754863739014,3.9120538234710693,0.00017833709716796875
49,17,320,3.5143396854400635,3.5150434970855713,0.0007038116455078125
49,18,320,2.9091217517852783,2.908872604370117,-0.0002491474151611328
49,19,320,2.5207278728485107,2.5196824073791504,-0.0010454654693603516
50,0,320,3.3925628662109375,3.391571521759033,-0.0009913444519042969
50,1,320,3.5344126224517822,3.5357279777526855,0.0013153553009033203
50,2,320,3.440383195877075,3.4394991397857666,-0.0008840560913085938
50,3,320,2.9953970909118652,2.9959499835968018,0.0005528926849365234
50,4,320,2.836568593978882,2.8363258838653564,-0.00024271011352539062
50,5,320,3.332186222076416,3.3319437503814697,-0.00024247169494628906
50,6,320,3.3162944316864014,3.3150110244750977,-0.001283407211303711
50,7,320,3.3423731327056885,3.3416805267333984,-0.0006926059722900391
50,8,320,3.06367826461792,3.063070058822632,-0.0006082057952880859
50,9,320,3.272820234298706,3.275620698928833,0.002800464630126953
50,10,320,3.4882094860076904,3.4887962341308594,0.0005867481231689453
50,11,320,3.086958885192871,3.0873639583587646,0.0004050731658935547
50,12,320,3.3315787315368652,3.3321657180786133,0.0005869865417480469
50,13,320,3.815915107727051,3.818211078643799,0.002295970916748047
50,14,320,3.632822036743164,3.632706880569458,-0.00011515617370605469
50,15,320,3.5651907920837402,3.5660696029663086,0.0008788108825683594
50,16,320,3.9118754863739014,3.9119198322296143,4.4345855712890625e-05
50,17,320,3.5143396854400635,3.5150692462921143,0.0007295608520507812
50,18,320,2.9091217517852783,2.9111759662628174,0.0020542144775390625
50,19,320,2.5207278728485107,2.5202724933624268,-0.0004553794860839844
51,0,320,3.3925628662109375,3.3937582969665527,0.0011954307556152344
51,1,320,3.5344126224517822,3.5361721515655518,0.0017595291137695312
51,2,320,3.440383195877075,3.440643787384033,0.0002605915069580078
51,3,320,2.9953970909118652,2.9948136806488037,-0.0005834102630615234
51,4,320,2.836568593978882,2.835561752319336,-0.0010068416595458984
51,5,320,3.332186222076416,3.3328707218170166,0.0006844997406005859
51,6,320,3.3162944316864014,3.3149197101593018,-0.0013747215270996094
51,7,320,3.3423731327056885,3.3406522274017334,-0.0017209053039550781
51,8,320,3.06367826461792,3.0634138584136963,-0.0002644062042236328
51,9,320,3.272820234298706,3.272080659866333,-0.0007395744323730469
51,10,320,3.4882094860076904,3.4868342876434326,-0.0013751983642578125
51,11,320,3.086958885192871,3.0871100425720215,0.00015115737915039062
51,12,320,3.3315787315368652,3.3307948112487793,-0.0007839202880859375
51,13,320,3.815915107727051,3.8158857822418213,-2.9325485229492188e-05
51,14,320,3.632822036743164,3.634599208831787,0.0017771720886230469
51,15,320,3.5651907920837402,3.565263271331787,7.2479248046875e-05
51,16,320,3.9118754863739014,3.913667678833008,0.0017921924591064453
51,17,320,3.5143396854400635,3.5144031047821045,6.341934204101562e-05
51,18,320,2.9091217517852783,2.9084713459014893,-0.0006504058837890625
51,19,320,2.5207278728485107,2.5213260650634766,0.0005981922149658203
52,0,320,3.3925628662109375,3.391277551651001,-0.0012853145599365234
52,1,320,3.5344126224517822,3.5344581604003906,4.553794860839844e-05
52,2,320,3.440383195877075,3.440634250640869,0.0002510547637939453
52,3,320,2.9953970909118652,2.99487042427063,-0.0005266666412353516
52,4,320,2.836568593978882,2.837306499481201,0.0007379055023193359
52,5,320,3.332186222076416,3.3322622776031494,7.605552673339844e-05
52,6,320,3.3162944316864014,3.3172335624694824,0.0009391307830810547
52,7,320,3.3423731327056885,3.3424031734466553,3.0040740966796875e-05
52,8,320,3.06367826461792,3.062945604324341,-0.0007326602935791016
52,9,320,3.272820234298706,3.2720203399658203,-0.0007998943328857422
52,10,320,3.4882094860076904,3.4880285263061523,-0.00018095970153808594
52,11,320,3.086958885192871,3.08581280708313,-0.001146078109741211
52,12,320,3.3315787315368652,3.330502510070801,-0.0010762214660644531
52,13,320,3.815915107727051,3.8163700103759766,0.00045490264892578125
52,14,320,3.632822036743164,3.6328227519989014,7.152557373046875e-07
52,15,320,3.5651907920837402,3.5643181800842285,-0.0008726119995117188
52,16,320,3.9118754863739014,3.9112768173217773,-0.0005986690521240234
52,17,320,3.5143396854400635,3.5141313076019287,-0.00020837783813476562
52,18,320,2.9091217517852783,2.9104554653167725,0.0013337135314941406
52,19,320,2.5207278728485107,2.51841139793396,-0.0023164749145507812
53,0,320,3.3925628662109375,3.3945484161376953,0.0019855499267578125
53,1,320,3.5344126224517822,3.5336923599243164,-0.0007202625274658203
53,2,320,3.440383195877075,3.446319103240967,0.0059359073638916016
53,3,320,2.9953970909118652,2.997711658477783,0.0023145675659179688
53,4,320,2.836568593978882,2.838261842727661,0.0016932487487792969
53,5,320,3.332186222076416,3.3342161178588867,0.002029895782470703
53,6,320,3.3162944316864014,3.3159878253936768,-0.0003066062927246094
53,7,320,3.3423731327056885,3.343918800354004,0.0015456676483154297
53,8,320,3.06367826461792,3.06593656539917,0.00225830078125
53,9,320,3.272820234298706,3.273416519165039,0.0005962848663330078
53,10,320,3.4882094860076904,3.4911177158355713,0.0029082298278808594
53,11,320,3.086958885192871,3.089768171310425,0.002809286117553711
53,12,320,3.3315787315368652,3.331174373626709,-0.00040435791015625
53,13,320,3.815915107727051,3.817340850830078,0.0014257431030273438
53,14,320,3.632822036743164,3.6318490505218506,-0.0009729862213134766
53,15,320,3.5651907920837402,3.5646073818206787,-0.0005834102630615234
53,16,320,3.9118754863739014,3.912588596343994,0.0007131099700927734
53,17,320,3.5143396854400635,3.5146543979644775,0.0003147125244140625
53,18,320,2.9091217517852783,2.909048080444336,-7.367134094238281e-05
53,19,320,2.5207278728485107,2.519036293029785,-0.001691579818725586
54,0,320,3.3925628662109375,3.3916964530944824,-0.0008664131164550781
54,1,320,3.5344126224517822,3.534454345703125,4.172325134277344e-05
54,2,320,3.440383195877075,3.441418409347534,0.0010352134704589844
54,3,320,2.9953970909118652,2.9948549270629883,-0.0005421638488769531
54,4,320,2.836568593978882,2.8355658054351807,-0.0010027885437011719
54,5,320,3.332186222076416,3.3310840129852295,-0.0011022090911865234
54,6,320,3.3162944316864014,3.316547393798828,0.0002529621124267578
54,7,320,3.3423731327056885,3.3405160903930664,-0.0018570423126220703
54,8,320,3.06367826461792,3.061944007873535,-0.0017342567443847656
54,9,320,3.272820234298706,3.2710819244384766,-0.0017383098602294922
54,10,320,3.4882094860076904,3.486112594604492,-0.002096891403198242
54,11,320,3.086958885192871,3.088714122772217,0.0017552375793457031
54,12,320,3.3315787315368652,3.3319268226623535,0.00034809112548828125
54,13,320,3.815915107727051,3.8161354064941406,0.00022029876708984375
54,14,320,3.632822036743164,3.6333117485046387,0.0004897117614746094
54,15,320,3.5651907920837402,3.5657742023468018,0.0005834102630615234
54,16,320,3.9118754863739014,3.9118151664733887,-6.031990051269531e-05
54,17,320,3.5143396854400635,3.51462459564209,0.0002849102020263672
54,18,320,2.9091217517852783,2.9089956283569336,-0.00012612342834472656
54,19,320,2.5207278728485107,2.520179033279419,-0.0005488395690917969
55,0,320,3.3925628662109375,3.391235589981079,-0.0013272762298583984
55,1,320,3.5344126224517822,3.5334789752960205,-0.0009336471557617188
55,2,320,3.440383195877075,3.4397637844085693,-0.0006194114685058594
55,3,320,2.9953970909118652,2.9974899291992188,0.0020928382873535156
55,4,320,2.836568593978882,2.8363964557647705,-0.00017213821411132812
55,5,320,3.332186222076416,3.3297479152679443,-0.0024383068084716797
55,6,320,3.3162944316864014,3.3148157596588135,-0.0014786720275878906
55,7,320,3.3423731327056885,3.341181993484497,-0.0011911392211914062
55,8,320,3.06367826461792,3.0635523796081543,-0.000125885009765625
55,9,320,3.272820234298706,3.2728264331817627,6.198883056640625e-06
55,10,320,3.4882094860076904,3.4885106086730957,0.00030112266540527344
55,11,320,3.086958885192871,3.086919069290161,-3.981590270996094e-05
55,12,320,3.3315787315368652,3.3324954509735107,0.0009167194366455078
55,13,320,3.815915107727051,3.816579580307007,0.0006644725799560547
55,14,320,3.632822036743164,3.6313369274139404,-0.0014851093292236328
55,15,320,3.5651907920837402,3.566190004348755,0.0009992122650146484
55,16,320,3.9118754863739014,3.91180157661438,-7.390975952148438e-05
55,17,320,3.5143396854400635,3.5124783515930176,-0.0018613338470458984
55,18,320,2.9091217517852783,2.9107754230499268,0.0016536712646484375
55,19,320,2.5207278728485107,2.5192089080810547,-0.0015189647674560547
56,0,320,3.3925628662109375,3.3916678428649902,-0.0008950233459472656
56,1,320,3.5344126224517822,3.534191846847534,-0.00022077560424804688
56,2,320,3.440383195877075,3.4409067630767822,0.0005235671997070312
56,3,320,2.9953970909118652,2.9958655834198,0.0004684925079345703
56,4,320,2.836568593978882,2.8385801315307617,0.002011537551879883
56,5,320,3.332186222076416,3.3315351009368896,-0.0006511211395263672
56,6,320,3.3162944316864014,3.3166866302490234,0.0003921985626220703
56,7,320,3.3423731327056885,3.340541362762451,-0.0018317699432373047
56,8,320,3.06367826461792,3.0632095336914062,-0.0004687309265136719
56,9,320,3.272820234298706,3.2746999263763428,0.0018796920776367188
56,10,320,3.4882094860076904,3.4892349243164062,0.0010254383087158203
56,11,320,3.086958885192871,3.0872321128845215,0.0002732276916503906
56,12,320,3.3315787315368652,3.3309240341186523,-0.0006546974182128906
56,13,320,3.815915107727051,3.8161704540252686,0.00025534629821777344
56,14,320,3.632822036743164,3.630880117416382,-0.0019419193267822266
56,15,320,3.5651907920837402,3.566601037979126,0.0014102458953857422
56,16,320,3.9118754863739014,3.9127163887023926,0.0008409023284912109
56,17,320,3.5143396854400635,3.515070676803589,0.0007309913635253906
56,18,320,2.9091217517852783,2.909118413925171,-3.337860107421875e-06
56,19,320,2.5207278728485107,2.5193076133728027,-0.0014202594757080078
57,0,320,3.3925628662109375,3.3931164741516113,0.0005536079406738281
57,1,320,3.5344126224517822,3.535102128982544,0.0006895065307617188
57,2,320,3.440383195877075,3.4425671100616455,0.0021839141845703125
57,3,320,2.9953970909118652,2.9946696758270264,-0.0007274150848388672
57,4,320,2.836568593978882,2.8369786739349365,0.0004100799560546875
57,5,320,3.332186222076416,3.3320257663726807,-0.00016045570373535156
57,6,320,3.3162944316864014,3.3160560131073,-0.0002384185791015625
57,7,320,3.3423731327056885,3.3422300815582275,-0.0001430511474609375
57,8,320,3.06367826461792,3.0630674362182617,-0.0006108283996582031
57,9,320,3.272820234298706,3.274449586868286,0.0016293525695800781
57,10,320,3.4882094860076904,3.4872641563415527,-0.0009453296661376953
57,11,320,3.086958885192871,3.0873866081237793,0.0004277229309082031
57,12,320,3.3315787315368652,3.332601308822632,0.0010225772857666016
57,13,320,3.815915107727051,3.8146564960479736,-0.0012586116790771484
57,14,320,3.632822036743164,3.6328036785125732,-1.8358230590820312e-05
57,15,320,3.5651907920837402,3.564487934112549,-0.0007028579711914062
57,16,320,3.9118754863739014,3.912100315093994,0.00022482872009277344
57,17,320,3.5143396854400635,3.5169546604156494,0.0026149749755859375
57,18,320,2.9091217517852783,2.9089596271514893,-0.0001621246337890625
57,19,320,2.5207278728485107,2.519484519958496,-0.0012433528900146484
58,0,320,3.3925628662109375,3.392162561416626,-0.00040030479431152344
58,1,320,3.5344126224517822,3.5350027084350586,0.0005900859832763672
58,2,320,3.440383195877075,3.440876007080078,0.0004928112030029297
58,3,320,2.9953970909118652,2.996164083480835,0.0007669925689697266
58,4,320,2.836568593978882,2.8382556438446045,0.0016870498657226562
58,5,320,3.332186222076416,3.333254814147949,0.0010685920715332031
58,6,320,3.3162944316864014,3.3160409927368164,-0.00025343894958496094
58,7,320,3.3423731327056885,3.3416943550109863,-0.0006787776947021484
58,8,320,3.06367826461792,3.0630598068237305,-0.0006184577941894531
58,9,320,3.272820234298706,3.27085018157959,-0.001970052719116211
58,10,320,3.4882094860076904,3.488111734390259,-9.775161743164062e-05
58,11,320,3.086958885192871,3.0893542766571045,0.0023953914642333984
58,12,320,3.3315787315368652,3.3326494693756104,0.0010707378387451172
58,13,320,3.815915107727051,3.81709361076355,0.0011785030364990234
58,14,320,3.632822036743164,3.633329391479492,0.000507354736328125
58,15,320,3.5651907920837402,3.5656845569610596,0.0004937648773193359
58,16,320,3.9118754863739014,3.9122817516326904,0.0004062652587890625
58,17,320,3.5143396854400635,3.5151522159576416,0.000812530517578125
58,18,320,2.9091217517852783,2.9108080863952637,0.0016863346099853516
58,19,320,2.5207278728485107,2.5213944911956787,0.0006666183471679688
59,0,320,3.3925628662109375,3.392777442932129,0.00021457672119140625
59,1,320,3.5344126224517822,3.5328454971313477,-0.0015671253204345703
59,2,320,3.440383195877075,3.439713478088379,-0.0006697177886962891
59,3,320,2.9953970909118652,2.9953904151916504,-6.67572021484375e-06
59,4,320,2.836568593978882,2.8352389335632324,-0.001329660415649414
59,5,320,3.332186222076416,3.3321330547332764,-5.316734313964844e-05
59,6,320,3.3162944316864014,3.3161075115203857,-0.000186920166015625
59,7,320,3.3423731327056885,3.3425517082214355,0.0001785755157470703
59,8,320,3.06367826461792,3.0645477771759033,0.0008695125579833984
59,9,320,3.272820234298706,3.2727444171905518,-7.581710815429688e-05
59,10,320,3.4882094860076904,3.487849235534668,-0.00036025047302246094
59,11,320,3.086958885192871,3.085692882537842,-0.0012660026550292969
59,12,320,3.3315787315368652,3.331838607788086,0.0002598762512207031
59,13,320,3.815915107727051,3.815135955810547,-0.0007791519165039062
59,14,320,3.632822036743164,3.6324658393859863,-0.0003561973571777344
59,15,320,3.5651907920837402,3.565664529800415,0.0004737377166748047
59,16,320,3.9118754863739014,3.911736488342285,-0.00013899803161621094
59,17,320,3.5143396854400635,3.514122247695923,-0.000217437744140625
59,18,320,2.9091217517852783,2.9102132320404053,0.0010914802551269531
59,19,320,2.5207278728485107,2.520939588546753,0.0002117156982421875
60,0,320,3.3925628662109375,3.392857551574707,0.00029468536376953125
60,1,320,3.5344126224517822,3.5353329181671143,0.0009202957153320312
60,2,320,3.440383195877075,3.441075086593628,0.0006918907165527344
60,3,320,2.9953970909118652,2.9954540729522705,5.698204040527344e-05
60,4,320,2.836568593978882,2.834577798843384,-0.001990795135498047
60,5,320,3.332186222076416,3.330685615539551,-0.0015006065368652344
60,6,320,3.3162944316864014,3.3161048889160156,-0.0001895427703857422
60,7,320,3.3423731327056885,3.3431198596954346,0.0007467269897460938
60,8,320,3.06367826461792,3.063910722732544,0.00023245811462402344
60,9,320,3.272820234298706,3.272688150405884,-0.00013208389282226562
60,10,320,3.4882094860076904,3.488285541534424,7.605552673339844e-05
60,11,320,3.086958885192871,3.0870752334594727,0.0001163482666015625
60,12,320,3.3315787315368652,3.3296875953674316,-0.0018911361694335938
60,13,320,3.815915107727051,3.815993309020996,7.82012939453125e-05
60,14,320,3.632822036743164,3.632991313934326,0.00016927719116210938
60,15,320,3.5651907920837402,3.5657358169555664,0.0005450248718261719
60,16,320,3.9118754863739014,3.9113447666168213,-0.0005307197570800781
60,17,320,3.5143396854400635,3.5151267051696777,0.0007870197296142578
60,18,320,2.9091217517852783,2.90952730178833,0.0004055500030517578
60,19,320,2.5207278728485107,2.5206987857818604,-2.9087066650390625e-05
61,0,320,3.3925628662109375,3.39292049407959,0.00035762786865234375
61,1,320,3.5344126224517822,3.53529953956604,0.0008869171142578125
61,2,320,3.440383195877075,3.4411094188690186,0.0007262229919433594
61,3,320,2.9953970909118652,2.996711015701294,0.001313924789428711
61,4,320,2.836568593978882,2.8354640007019043,-0.001104593276977539
61,5,320,3.332186222076416,3.332134962081909,-5.125999450683594e-05
61,6,320,3.3162944316864014,3.3170180320739746,0.0007236003875732422
61,7,320,3.3423731327056885,3.3450393676757812,0.0026662349700927734
61,8,320,3.06367826461792,3.0659868717193604,0.0023086071014404297
61,9,320,3.272820234298706,3.273448944091797,0.0006287097930908203
61,10,320,3.4882094860076904,3.491755723953247,0.0035462379455566406
61,11,320,3.086958885192871,3.0888023376464844,0.0018434524536132812
61,12,320,3.3315787315368652,3.331573724746704,-5.0067901611328125e-06
61,13,320,3.815915107727051,3.8153202533721924,-0.0005948543548583984
61,14,320,3.632822036743164,3.6328346729278564,1.2636184692382812e-05
61,15,320,3.5651907920837402,3.565920352935791,0.0007295608520507812
61,16,320,3.9118754863739014,3.9117441177368164,-0.00013136863708496094
61,17,320,3.5143396854400635,3.514615058898926,0.0002753734588623047
61,18,320,2.9091217517852783,2.909757614135742,0.0006358623504638672
61,19,320,2.5207278728485107,2.5205423831939697,-0.00018548965454101562
62,0,320,3.3925628662109375,3.3927197456359863,0.00015687942504882812
62,1,320,3.5344126224517822,3.5365593433380127,0.0021467208862304688
62,2,320,3.440383195877075,3.441880464553833,0.0014972686767578125
62,3,320,2.9953970909118652,2.993056535720825,-0.002340555191040039
62,4,320,2.836568593978882,2.836211919784546,-0.0003566741943359375
62,5,320,3.332186222076416,3.330876588821411,-0.0013096332550048828
62,6,320,3.3162944316864014,3.3172953128814697,0.0010008811950683594
62,7,320,3.3423731327056885,3.3422958850860596,-7.724761962890625e-05
62,8,320,3.06367826461792,3.0641355514526367,0.0004572868347167969
62,9,320,3.272820234298706,3.27445387840271,0.0016336441040039062
62,10,320,3.4882094860076904,3.489419460296631,0.0012099742889404297
62,11,320,3.086958885192871,3.0860328674316406,-0.0009260177612304688
62,12,320,3.3315787315368652,3.333096504211426,0.0015177726745605469
62,13,320,3.815915107727051,3.8160088062286377,9.369850158691406e-05
62,14,320,3.632822036743164,3.6329824924468994,0.00016045570373535156
62,15,320,3.5651907920837402,3.5652523040771484,6.151199340820312e-05
62,16,320,3.9118754863739014,3.912757396697998,0.0008819103240966797
62,17,320,3.5143396854400635,3.513814687728882,-0.0005249977111816406
62,18,320,2.9091217517852783,2.909137010574341,1.52587890625e-05
62,19,320,2.5207278728485107,2.5226006507873535,0.0018727779388427734
63,0,320,3.3925628662109375,3.3928284645080566,0.0002655982971191406
63,1,320,3.5344126224517822,3.5329220294952393,-0.0014905929565429688
63,2,320,3.440383195877075,3.4421606063842773,0.0017774105072021484
63,3,320,2.9953970909118652,3.0004868507385254,0.005089759826660156
63,4,320,2.836568593978882,2.8387229442596436,0.0021543502807617188
63,5,320,3.332186222076416,3.3356664180755615,0.003480195999145508
63,6,320,3.3162944316864014,3.318405866622925,0.0021114349365234375
63,7,320,3.3423731327056885,3.346775770187378,0.004402637481689453
63,8,320,3.06367826461792,3.064203977584839,0.0005257129669189453
63,9,320,3.272820234298706,3.2744061946868896,0.0015859603881835938
63,10,320,3.4882094860076904,3.491900682449341,0.0036911964416503906
63,11,320,3.086958885192871,3.087092161178589,0.00013327598571777344
63,12,320,3.3315787315368652,3.3301615715026855,-0.0014171600341796875
63,13,320,3.815915107727051,3.8164618015289307,0.0005466938018798828
63,14,320,3.632822036743164,3.6336708068847656,0.0008487701416015625
63,15,320,3.5651907920837402,3.5644781589508057,-0.0007126331329345703
63,16,320,3.9118754863739014,3.912888765335083,0.0010132789611816406
63,17,320,3.5143396854400635,3.51454758644104,0.0002079010009765625
63,18,320,2.9091217517852783,2.9104244709014893,0.0013027191162109375
63,19,320,2.5207278728485107,2.5203652381896973,-0.00036263465881347656
64,0,320,3.3925628662109375,3.3911311626434326,-0.0014317035675048828
64,1,320,3.5344126224517822,3.5347530841827393,0.00034046173095703125
64,2,320,3.440383195877075,3.44132137298584,0.0009381771087646484
64,3,320,2.9953970909118652,2.9936044216156006,-0.0017926692962646484
64,4,320,2.836568593978882,2.8375186920166016,0.0009500980377197266
64,5,320,3.332186222076416,3.332404851913452,0.0002186298370361328
64,6,320,3.3162944316864014,3.3148860931396484,-0.0014083385467529297
64,7,320,3.3423731327056885,3.3423831462860107,1.0013580322265625e-05
64,8,320,3.06367826461792,3.065974235534668,0.002295970916748047
64,9,320,3.272820234298706,3.2730681896209717,0.000247955322265625
64,10,320,3.4882094860076904,3.4886739253997803,0.00046443939208984375
64,11,320,3.086958885192871,3.0852267742156982,-0.0017321109771728516
64,12,320,3.3315787315368652,3.3301610946655273,-0.0014176368713378906
64,13,320,3.815915107727051,3.8180062770843506,0.0020911693572998047
64,14,320,3.632822036743164,3.632540702819824,-0.00028133392333984375
64,15,320,3.5651907920837402,3.5653014183044434,0.000110626220703125
64,16,320,3.9118754863739014,3.9131431579589844,0.0012676715850830078
64,17,320,3.5143396854400635,3.514843225479126,0.0005035400390625
64,18,320,2.9091217517852783,2.9097464084625244,0.0006246566772460938
64,19,320,2.5207278728485107,2.521962881088257,0.0012350082397460938
65,0,320,3.3925628662109375,3.3934099674224854,0.0008471012115478516
65,1,320,3.5344126224517822,3.533595323562622,-0.0008172988891601562
65,2,320,3.440383195877075,3.441739320755005,0.0013561248779296875
65,3,320,2.9953970909118652,2.997095823287964,0.0016987323760986328
65,4,320,2.836568593978882,2.8368613719940186,0.00029277801513671875
65,5,320,3.332186222076416,3.334476947784424,0.0022907257080078125
65,6,320,3.3162944316864014,3.3159868717193604,-0.0003075599670410156
65,7,320,3.3423731327056885,3.342664957046509,0.0002918243408203125
65,8,320,3.06367826461792,3.062584400177002,-0.0010938644409179688
65,9,320,3.272820234298706,3.271894931793213,-0.0009253025054931641
65,10,320,3.4882094860076904,3.490462303161621,0.002252817153930664
65,11,320,3.086958885192871,3.086965799331665,6.9141387939453125e-06
65,12,320,3.3315787315368652,3.330657958984375,-0.0009207725524902344
65,13,320,3.815915107727051,3.814954996109009,-0.0009601116180419922
65,14,320,3.632822036743164,3.634434223175049,0.0016121864318847656
65,15,320,3.5651907920837402,3.5645711421966553,-0.0006196498870849609
65,16,320,3.9118754863739014,3.911702871322632,-0.00017261505126953125
65,17,320,3.5143396854400635,3.5145444869995117,0.0002048015594482422
65,18,320,2.9091217517852783,2.907747507095337,-0.0013742446899414062
65,19,320,2.5207278728485107,2.519620895385742,-0.0011069774627685547
66,0,320,3.3925628662109375,3.3925366401672363,-2.6226043701171875e-05
66,1,320,3.5344126224517822,3.5331711769104004,-0.001241445541381836
66,2,320,3.440383195877075,3.441211700439453,0.0008285045623779297
66,3,320,2.9953970909118652,2.994276523590088,-0.0011205673217773438
66,4,320,2.836568593978882,2.8378779888153076,0.0013093948364257812
66,5,320,3.332186222076416,3.3296926021575928,-0.002493619918823242
66,6,320,3.3162944316864014,3.3172621726989746,0.0009677410125732422
66,7,320,3.3423731327056885,3.341627359390259,-0.0007457733154296875
66,8,320,3.06367826461792,3.062163829803467,-0.001514434814453125
66,9,320,3.272820234298706,3.2716591358184814,-0.0011610984802246094
66,10,320,3.4882094860076904,3.4884023666381836,0.00019288063049316406
66,11,320,3.086958885192871,3.0886025428771973,0.0016436576843261719
66,12,320,3.3315787315368652,3.33135724067688,-0.00022149085998535156
66,13,320,3.815915107727051,3.8152236938476562,-0.0006914138793945312
66,14,320,3.632822036743164,3.6320762634277344,-0.0007457733154296875
66,15,320,3.5651907920837402,3.564826250076294,-0.00036454200744628906
66,16,320,3.9118754863739014,3.9109199047088623,-0.0009555816650390625
66,17,320,3.5143396854400635,3.515331268310547,0.0009915828704833984
66,18,320,2.9091217517852783,2.908393621444702,-0.0007281303405761719
66,19,320,2.5207278728485107,2.5200400352478027,-0.0006878376007080078
67,0,320,3.3925628662109375,3.3943798542022705,0.0018169879913330078
67,1,320,3.5344126224517822,3.5357096195220947,0.0012969970703125
67,2,320,3.440383195877075,3.4388628005981445,-0.001520395278930664
67,3,320,2.9953970909118652,2.9962260723114014,0.0008289813995361328
67,4,320,2.836568593978882,2.8350255489349365,-0.0015430450439453125
67,5,320,3.332186222076416,3.3321259021759033,-6.031990051269531e-05
67,6,320,3.3162944316864014,3.314777135848999,-0.0015172958374023438
67,7,320,3.3423731327056885,3.34175181388855,-0.0006213188171386719
67,8,320,3.06367826461792,3.0642056465148926,0.0005273818969726562
67,9,320,3.272820234298706,3.2723937034606934,-0.0004265308380126953
67,10,320,3.4882094860076904,3.4883642196655273,0.00015473365783691406
67,11,320,3.086958885192871,3.087197780609131,0.00023889541625976562
67,12,320,3.3315787315368652,3.332704782485962,0.0011260509490966797
67,13,320,3.815915107727051,3.815880298614502,-3.4809112548828125e-05
67,14,320,3.632822036743164,3.6332879066467285,0.0004658699035644531
67,15,320,3.5651907920837402,3.565561532974243,0.0003707408905029297
67,16,320,3.9118754863739014,3.9133830070495605,0.0015075206756591797
67,17,320,3.5143396854400635,3.5136985778808594,-0.0006411075592041016
67,18,320,2.9091217517852783,2.9078495502471924,-0.0012722015380859375
67,19,320,2.5207278728485107,2.5187292098999023,-0.0019986629486083984
68,0,320,3.3925628662109375,3.3927698135375977,0.00020694732666015625
68,1,320,3.5344126224517822,3.535386562347412,0.0009739398956298828
68,2,320,3.440383195877075,3.440096378326416,-0.0002868175506591797
68,3,320,2.9953970909118652,2.9942712783813477,-0.0011258125305175781
68,4,320,2.836568593978882,2.836200475692749,-0.0003681182861328125
68,5,320,3.332186222076416,3.3319144248962402,-0.00027179718017578125
68,6,320,3.3162944316864014,3.3145294189453125,-0.0017650127410888672
68,7,320,3.3423731327056885,3.3413329124450684,-0.0010402202606201172
68,8,320,3.06367826461792,3.063894748687744,0.00021648406982421875
68,9,320,3.272820234298706,3.274517774581909,0.001697540283203125
68,10,320,3.4882094860076904,3.4906342029571533,0.0024247169494628906
68,11,320,3.086958885192871,3.0870656967163086,0.0001068115234375
68,12,320,3.3315787315368652,3.331300973892212,-0.0002777576446533203
68,13,320,3.815915107727051,3.816768169403076,0.0008530616760253906
68,14,320,3.632822036743164,3.6325061321258545,-0.0003159046173095703
68,15,320,3.5651907920837402,3.563814878463745,-0.0013759136199951172
68,16,320,3.9118754863739014,3.9109017848968506,-0.0009737014770507812
68,17,320,3.5143396854400635,3.51623797416687,0.0018982887268066406
68,18,320,2.9091217517852783,2.908334255218506,-0.0007874965667724609
68,19,320,2.5207278728485107,2.5207972526550293,6.937980651855469e-05
69,0,320,3.3925628662109375,3.3934905529022217,0.0009276866912841797
69,1,320,3.5344126224517822,3.5357134342193604,0.001300811767578125
69,2,320,3.440383195877075,3.4404499530792236,6.67572021484375e-05
69,3,320,2.9953970909118652,2.9954288005828857,3.170967102050781e-05
69,4,320,2.836568593978882,2.836768865585327,0.0002002716064453125
69,5,320,3.332186222076416,3.3309643268585205,-0.0012218952178955078
69,6,320,3.3162944316864014,3.3160102367401123,-0.0002841949462890625
69,7,320,3.3423731327056885,3.3425452709198,0.00017213821411132812
69,8,320,3.06367826461792,3.0616402626037598,-0.0020380020141601562
69,9,320,3.272820234298706,3.271097421646118,-0.0017228126525878906
69,10,320,3.4882094860076904,3.4887173175811768,0.0005078315734863281
69,11,320,3.086958885192871,3.0860655307769775,-0.0008933544158935547
69,12,320,3.3315787315368652,3.3321166038513184,0.000537872314453125
69,13,320,3.815915107727051,3.816802978515625,0.0008878707885742188
69,14,320,3.632822036743164,3.634413480758667,0.0015914440155029297
69,15,320,3.5651907920837402,3.5635862350463867,-0.0016045570373535156
69,16,320,3.9118754863739014,3.915361166000366,0.0034856796264648438
69,17,320,3.5143396854400635,3.5134825706481934,-0.0008571147918701172
69,18,320,2.9091217517852783,2.910367965698242,0.0012462139129638672
69,19,320,2.5207278728485107,2.521930456161499,0.0012025833129882812
70,0,320,3.3925628662109375,3.3926851749420166,0.00012230873107910156
70,1,320,3.5344126224517822,3.536776304244995,0.0023636817932128906
70,2,320,3.440383195877075,3.440255641937256,-0.00012755393981933594
70,3,320,2.9953970909118652,2.9967777729034424,0.0013806819915771484
70,4,320,2.836568593978882,2.8372750282287598,0.0007064342498779297
70,5,320,3.332186222076416,3.332890510559082,0.0007042884826660156
70,6,320,3.3162944316864014,3.316290855407715,-3.5762786865234375e-06
70,7,320,3.3423731327056885,3.342949151992798,0.000576019287109375
70,8,320,3.06367826461792,3.0624704360961914,-0.0012078285217285156
70,9,320,3.272820234298706,3.2735507488250732,0.0007305145263671875
70,10,320,3.4882094860076904,3.4881505966186523,-5.888938903808594e-05
70,11,320,3.086958885192871,3.0873985290527344,0.00043964385986328125
70,12,320,3.3315787315368652,3.3324315547943115,0.0008528232574462891
70,13,320,3.815915107727051,3.815664529800415,-0.0002505779266357422
70,14,320,3.632822036743164,3.632755756378174,-6.628036499023438e-05
70,15,320,3.5651907920837402,3.5659828186035156,0.0007920265197753906
70,16,320,3.9118754863739014,3.9125866889953613,0.0007112026214599609
70,17,320,3.5143396854400635,3.5159528255462646,0.0016131401062011719
70,18,320,2.9091217517852783,2.9096362590789795,0.0005145072937011719
70,19,320,2.5207278728485107,2.5197250843048096,-0.0010027885437011719
71,0,320,3.3925628662109375,3.3921377658843994,-0.00042510032653808594
71,1,320,3.5344126224517822,3.5343129634857178,-9.965896606445312e-05
71,2,320,3.440383195877075,3.4410433769226074,0.0006601810455322266
71,3,320,2.9953970909118652,2.9939277172088623,-0.0014693737030029297
71,4,320,2.836568593978882,2.8366470336914062,7.843971252441406e-05
71,5,320,3.332186222076416,3.331277370452881,-0.0009088516235351562
71,6,320,3.3162944316864014,3.319077253341675,0.0027828216552734375
71,7,320,3.3423731327056885,3.343271255493164,0.0008981227874755859
71,8,320,3.06367826461792,3.065260410308838,0.0015821456909179688
71,9,320,3.272820234298706,3.271728754043579,-0.0010914802551269531
71,10,320,3.4882094860076904,3.4887490272521973,0.0005395412445068359
71,11,320,3.086958885192871,3.0870907306671143,0.00013184547424316406
71,12,320,3.3315787315368652,3.3325438499450684,0.000965118408203125
71,13,320,3.815915107727051,3.8151135444641113,-0.0008015632629394531
71,14,320,3.632822036743164,3.6328787803649902,5.6743621826171875e-05
71,15,320,3.5651907920837402,3.5662708282470703,0.0010800361633300781
71,16,320,3.9118754863739014,3.9116334915161133,-0.00024199485778808594
71,17,320,3.5143396854400635,3.513277530670166,-0.001062154769897461
71,18,320,2.9091217517852783,2.9127442836761475,0.0036225318908691406
71,19,320,2.5207278728485107,2.521660089492798,0.0009322166442871094
72,0,320,3.3925628662109375,3.3920280933380127,-0.0005347728729248047
72,1,320,3.5344126224517822,3.5344247817993164,1.2159347534179688e-05
72,2,320,3.440383195877075,3.441605806350708,0.0012226104736328125
72,3,320,2.9953970909118652,2.9972686767578125,0.0018715858459472656
72,4,320,2.836568593978882,2.836320400238037,-0.00024819374084472656
72,5,320,3.332186222076416,3.332407236099243,0.00022101402282714844
72,6,320,3.3162944316864014,3.3160109519958496,-0.0002834796905517578
72,7,320,3.3423731327056885,3.3419089317321777,-0.0004642009735107422
72,8,320,3.06367826461792,3.063483476638794,-0.00019478797912597656
72,9,320,3.272820234298706,3.273493766784668,0.0006735324859619141
72,10,320,3.4882094860076904,3.4886598587036133,0.00045037269592285156
72,11,320,3.086958885192871,3.0861949920654297,-0.0007638931274414062
72,12,320,3.3315787315368652,3.3325369358062744,0.0009582042694091797
72,13,320,3.815915107727051,3.8151543140411377,-0.0007607936859130859
72,14,320,3.632822036743164,3.632148265838623,-0.0006737709045410156
72,15,320,3.5651907920837402,3.565840721130371,0.0006499290466308594
72,16,320,3.9118754863739014,3.912867307662964,0.0009918212890625
72,17,320,3.5143396854400635,3.5139153003692627,-0.00042438507080078125
72,18,320,2.9091217517852783,2.9094176292419434,0.00029587745666503906
72,19,320,2.5207278728485107,2.520495653152466,-0.00023221969604492188
73,0,320,3.3925628662109375,3.3927981853485107,0.0002353191375732422
73,1,320,3.5344126224517822,3.533489227294922,-0.0009233951568603516
73,2,320,3.440383195877075,3.4408798217773438,0.0004966259002685547
73,3,320,2.9953970909118652,2.9971747398376465,0.00177764892578125
73,4,320,2.836568593978882,2.8355867862701416,-0.0009818077087402344
73,5,320,3.332186222076416,3.333496332168579,0.001310110092163086
73,6,320,3.3162944316864014,3.317368268966675,0.0010738372802734375
73,7,320,3.3423731327056885,3.341850519180298,-0.000522613525390625
73,8,320,3.06367826461792,3.063527822494507,-0.00015044212341308594
73,9,320,3.272820234298706,3.274054527282715,0.001234292984008789
73,10,320,3.4882094860076904,3.490840435028076,0.002630949020385742
73,11,320,3.086958885192871,3.0888051986694336,0.0018463134765625
73,12,320,3.3315787315368652,3.331803321838379,0.00022459030151367188
73,13,320,3.815915107727051,3.8131277561187744,-0.002787351608276367
73,14,320,3.632822036743164,3.63332200050354,0.0004999637603759766
73,15,320,3.5651907920837402,3.564910411834717,-0.0002803802490234375
73,16,320,3.9118754863739014,3.9162583351135254,0.0043828487396240234
73,17,320,3.5143396854400635,3.5146758556365967,0.0003361701965332031
73,18,320,2.9091217517852783,2.910593032836914,0.0014712810516357422
73,19,320,2.5207278728485107,2.5205023288726807,-0.00022554397583007812
74,0,320,3.3925628662109375,3.3921053409576416,-0.00045752525329589844
74,1,320,3.5344126224517822,3.536374568939209,0.001961946487426758
74,2,320,3.440383195877075,3.440357208251953,-2.5987625122070312e-05
74,3,320,2.9953970909118652,2.9942686557769775,-0.0011284351348876953
74,4,320,2.836568593978882,2.8371002674102783,0.0005316734313964844
74,5,320,3.332186222076416,3.332871198654175,0.0006849765777587891
74,6,320,3.3162944316864014,3.3157882690429688,-0.0005061626434326172
74,7,320,3.3423731327056885,3.3408749103546143,-0.0014982223510742188
74,8,320,3.06367826461792,3.0629539489746094,-0.0007243156433105469
74,9,320,3.272820234298706,3.272263765335083,-0.0005564689636230469
74,10,320,3.4882094860076904,3.4882946014404297,8.511543273925781e-05
74,11,320,3.086958885192871,3.0876624584198,0.0007035732269287109
74,12,320,3.3315787315368652,3.3305680751800537,-0.0010106563568115234
74,13,320,3.815915107727051,3.8163421154022217,0.00042700767517089844
74,14,320,3.632822036743164,3.6333208084106445,0.0004987716674804688
74,15,320,3.5651907920837402,3.567234992980957,0.002044200897216797
74,16,320,3.9118754863739014,3.9137842655181885,0.0019087791442871094
74,17,320,3.5143396854400635,3.5146758556365967,0.0003361701965332031
74,18,320,2.9091217517852783,2.910130739212036,0.0010089874267578125
74,19,320,2.5207278728485107,2.5194294452667236,-0.0012984275817871094
75,0,320,3.3925628662109375,3.3934202194213867,0.0008573532104492188
75,1,320,3.5344126224517822,3.5348732471466064,0.00046062469482421875
75,2,320,3.440383195877075,3.440359354019165,-2.384185791015625e-05
75,3,320,2.9953970909118652,2.9950060844421387,-0.0003910064697265625
75,4,320,2.836568593978882,2.834507465362549,-0.002061128616333008
75,5,320,3.332186222076416,3.3306655883789062,-0.0015206336975097656
75,6,320,3.3162944316864014,3.3178212642669678,0.0015268325805664062
75,7,320,3.3423731327056885,3.3414671421051025,-0.0009059906005859375
75,8,320,3.06367826461792,3.063382863998413,-0.00029540061950683594
75,9,320,3.272820234298706,3.272062063217163,-0.0007581710815429688
75,10,320,3.4882094860076904,3.486600160598755,-0.0016093254089355469
75,11,320,3.086958885192871,3.088169813156128,0.001210927963256836
75,12,320,3.3315787315368652,3.330770969390869,-0.0008077621459960938
75,13,320,3.815915107727051,3.816422462463379,0.000507354736328125
75,14,320,3.632822036743164,3.633563756942749,0.0007417201995849609
75,15,320,3.5651907920837402,3.5644004344940186,-0.0007903575897216797
75,16,320,3.9118754863739014,3.911348581314087,-0.0005269050598144531
75,17,320,3.5143396854400635,3.514860153198242,0.0005204677581787109
75,18,320,2.9091217517852783,2.908856153488159,-0.0002655982971191406
75,19,320,2.5207278728485107,2.5204715728759766,-0.0002562999725341797
76,0,320,3.3925628662109375,3.3940892219543457,0.0015263557434082031
76,1,320,3.5344126224517822,3.5339558124542236,-0.00045680999755859375
76,2,320,3.440383195877075,3.443524122238159,0.0031409263610839844
76,3,320,2.9953970909118652,2.9963765144348145,0.0009794235229492188
76,4,320,2.836568593978882,2.836862802505493,0.0002942085266113281
76,5,320,3.332186222076416,3.33203387260437,-0.00015234947204589844
76,6,320,3.3162944316864014,3.3160080909729004,-0.00028634071350097656
76,7,320,3.3423731327056885,3.3428120613098145,0.00043892860412597656
76,8,320,3.06367826461792,3.064516544342041,0.0008382797241210938
76,9,320,3.272820234298706,3.2732367515563965,0.0004165172576904297
76,10,320,3.4882094860076904,3.485781669616699,-0.002427816390991211
76,11,320,3.086958885192871,3.087523937225342,0.0005650520324707031
76,12,320,3.3315787315368652,3.33262300491333,0.0010442733764648438
76,13,320,3.815915107727051,3.8164870738983154,0.0005719661712646484
76,14,320,3.632822036743164,3.631413698196411,-0.0014083385467529297
76,15,320,3.5651907920837402,3.5643789768218994,-0.0008118152618408203
76,16,320,3.9118754863739014,3.9089155197143555,-0.0029599666595458984
76,17,320,3.5143396854400635,3.5154056549072266,0.001065969467163086
76,18,320,2.9091217517852783,2.9088075160980225,-0.0003142356872558594
76,19,320,2.5207278728485107,2.5203170776367188,-0.0004107952117919922
77,0,320,3.3925628662109375,3.391680955886841,-0.0008819103240966797
77,1,320,3.5344126224517822,3.5328681468963623,-0.0015444755554199219
77,2,320,3.440383195877075,3.441394329071045,0.0010111331939697266
77,3,320,2.9953970909118652,2.9950342178344727,-0.0003628730773925781
77,4,320,2.836568593978882,2.8371291160583496,0.0005605220794677734
77,5,320,3.332186222076416,3.3329548835754395,0.0007686614990234375
77,6,320,3.3162944316864014,3.316338539123535,4.410743713378906e-05
77,7,320,3.3423731327056885,3.340162754058838,-0.002210378646850586
77,8,320,3.06367826461792,3.0638790130615234,0.00020074844360351562
77,9,320,3.272820234298706,3.2726879119873047,-0.0001323223114013672
77,10,320,3.4882094860076904,3.488710641860962,0.0005011558532714844
77,11,320,3.086958885192871,3.0863795280456543,-0.0005793571472167969
77,12,320,3.3315787315368652,3.3308167457580566,-0.0007619857788085938
77,13,320,3.815915107727051,3.8149428367614746,-0.0009722709655761719
77,14,320,3.632822036743164,3.633465051651001,0.0006430149078369141
77,15,320,3.5651907920837402,3.5662074089050293,0.0010166168212890625
77,16,320,3.9118754863739014,3.9115240573883057,-0.0003514289855957031
77,17,320,3.5143396854400635,3.515239953994751,0.0009002685546875
77,18,320,2.9091217517852783,2.907984733581543,-0.0011370182037353516
77,19,320,2.5207278728485107,2.5201468467712402,-0.0005810260772705078
78,0,320,3.3925628662109375,3.391885995864868,-0.0006768703460693359
78,1,320,3.5344126224517822,3.5350260734558105,0.0006134510040283203
78,2,320,3.440383195877075,3.440476894378662,9.369850158691406e-05
78,3,320,2.9953970909118652,2.9958600997924805,0.0004630088806152344
78,4,320,2.836568593978882,2.836005449295044,-0.0005631446838378906
78,5,320,3.332186222076416,3.3317487239837646,-0.0004374980926513672
78,6,320,3.3162944316864014,3.318010091781616,0.0017156600952148438
78,7,320,3.3423731327056885,3.3432724475860596,0.0008993148803710938
78,8,320,3.06367826461792,3.0638961791992188,0.00021791458129882812
78,9,320,3.272820234298706,3.2740824222564697,0.0012621879577636719
78,10,320,3.4882094860076904,3.4911909103393555,0.002981424331665039
78,11,320,3.086958885192871,3.0845494270324707,-0.0024094581604003906
78,12,320,3.3315787315368652,3.3325674533843994,0.0009887218475341797
78,13,320,3.815915107727051,3.8172075748443604,0.0012924671173095703
78,14,320,3.632822036743164,3.63215970993042,-0.0006623268127441406
78,15,320,3.5651907920837402,3.566469430923462,0.0012786388397216797
78,16,320,3.9118754863739014,3.9125216007232666,0.0006461143493652344
78,17,320,3.5143396854400635,3.5147032737731934,0.0003635883331298828
78,18,320,2.9091217517852783,2.9088432788848877,-0.000278472900390625
78,19,320,2.5207278728485107,2.520784616470337,5.6743621826171875e-05
79,0,320,3.3925628662109375,3.3918373584747314,-0.0007255077362060547
79,1,320,3.5344126224517822,3.535545587539673,0.001132965087890625
79,2,320,3.440383195877075,3.441636085510254,0.001252889633178711
79,3,320,2.9953970909118652,2.994933605194092,-0.0004634857177734375
79,4,320,2.836568593978882,2.837620496749878,0.0010519027709960938
79,5,320,3.332186222076416,3.3334743976593018,0.0012881755828857422
79,6,320,3.3162944316864014,3.3167026042938232,0.000408172607421875
79,7,320,3.3423731327056885,3.3424174785614014,4.4345855712890625e-05
79,8,320,3.06367826461792,3.0646700859069824,0.0009918212890625
79,9,320,3.272820234298706,3.2732391357421875,0.0004189014434814453
79,10,320,3.4882094860076904,3.4902260303497314,0.0020165443420410156
79,11,320,3.086958885192871,3.0876107215881348,0.0006518363952636719
79,12,320,3.3315787315368652,3.330714225769043,-0.0008645057678222656
79,13,320,3.815915107727051,3.8182854652404785,0.0023703575134277344
79,14,320,3.632822036743164,3.6329023838043213,8.034706115722656e-05
79,15,320,3.5651907920837402,3.5650525093078613,-0.00013828277587890625
79,16,320,3.9118754863739014,3.9122612476348877,0.0003857612609863281
79,17,320,3.5143396854400635,3.5149312019348145,0.0005915164947509766
79,18,320,2.9091217517852783,2.910158157348633,0.0010364055633544922
79,19,320,2.5207278728485107,2.5198287963867188,-0.0008990764617919922
80,0,320,3.3925628662109375,3.392763137817383,0.0002002716064453125
80,1,320,3.5344126224517822,3.5343167781829834,-9.584426879882812e-05
80,2,320,3.440383195877075,3.4396777153015137,-0.0007054805755615234
80,3,320,2.9953970909118652,2.9940407276153564,-0.001356363296508789
80,4,320,2.836568593978882,2.836568832397461,2.384185791015625e-07
80,5,320,3.332186222076416,3.3312623500823975,-0.0009238719940185547
80,6,320,3.3162944316864014,3.314380407333374,-0.0019140243530273438
80,7,320,3.3423731327056885,3.342745065689087,0.0003719329833984375
80,8,320,3.06367826461792,3.06343936920166,-0.00023889541625976562
80,9,320,3.272820234298706,3.270315170288086,-0.002505064010620117
80,10,320,3.4882094860076904,3.4867937564849854,-0.0014157295227050781
80,11,320,3.086958885192871,3.0880911350250244,0.0011322498321533203
80,12,320,3.3315787315368652,3.3312175273895264,-0.0003612041473388672
80,13,320,3.815915107727051,3.81618595123291,0.000270843505859375
80,14,320,3.632822036743164,3.6305832862854004,-0.002238750457763672
80,15,320,3.5651907920837402,3.5645294189453125,-0.0006613731384277344
80,16,320,3.9118754863739014,3.912601947784424,0.0007264614105224609
80,17,320,3.5143396854400635,3.5131959915161133,-0.0011436939239501953
80,18,320,2.9091217517852783,2.9109020233154297,0.0017802715301513672
80,19,320,2.5207278728485107,2.522512912750244,0.0017850399017333984
81,0,320,3.3925628662109375,3.392327308654785,-0.00023555755615234375
81,1,320,3.5344126224517822,3.5355184078216553,0.0011057853698730469
81,2,320,3.440383195877075,3.439892292022705,-0.0004909038543701172
81,3,320,2.9953970909118652,2.9944818019866943,-0.0009152889251708984
81,4,320,2.836568593978882,2.837754487991333,0.0011858940124511719
81,5,320,3.332186222076416,3.3335089683532715,0.0013227462768554688
81,6,320,3.3162944316864014,3.3157477378845215,-0.0005466938018798828
81,7,320,3.3423731327056885,3.343118667602539,0.0007455348968505859
81,8,320,3.06367826461792,3.063190460205078,-0.0004878044128417969
81,9,320,3.272820234298706,3.2720718383789062,-0.0007483959197998047
81,10,320,3.4882094860076904,3.4880530834198,-0.000156402587890625
81,11,320,3.086958885192871,3.0860915184020996,-0.0008673667907714844
81,12,320,3.3315787315368652,3.3315482139587402,-3.0517578125e-05
81,13,320,3.815915107727051,3.8170788288116455,0.0011637210845947266
81,14,320,3.632822036743164,3.6332485675811768,0.0004265308380126953
81,15,320,3.5651907920837402,3.5642778873443604,-0.0009129047393798828
81,16,320,3.9118754863739014,3.9118809700012207,5.4836273193359375e-06
81,17,320,3.5143396854400635,3.5153775215148926,0.0010378360748291016
81,18,320,2.9091217517852783,2.9087045192718506,-0.0004172325134277344
81,19,320,2.5207278728485107,2.5193567276000977,-0.001371145248413086
82,0,320,3.3925628662109375,3.3914294242858887,-0.0011334419250488281
82,1,320,3.5344126224517822,3.5340819358825684,-0.0003306865692138672
82,2,320,3.440383195877075,3.439352512359619,-0.0010306835174560547
82,3,320,2.9953970909118652,2.99605655670166,0.0006594657897949219
82,4,320,2.836568593978882,2.8348350524902344,-0.001733541488647461
82,5,320,3.332186222076416,3.3326146602630615,0.0004284381866455078
82,6,320,3.3162944316864014,3.3166604042053223,0.00036597251892089844
82,7,320,3.3423731327056885,3.3433406352996826,0.0009675025939941406
82,8,320,3.06367826461792,3.063072443008423,-0.0006058216094970703
82,9,320,3.272820234298706,3.2728707790374756,5.054473876953125e-05
82,10,320,3.4882094860076904,3.488435983657837,0.00022649765014648438
82,11,320,3.086958885192871,3.086979389190674,2.0503997802734375e-05
82,12,320,3.3315787315368652,3.3336527347564697,0.002074003219604492
82,13,320,3.815915107727051,3.8147919178009033,-0.001123189926147461
82,14,320,3.632822036743164,3.6321730613708496,-0.0006489753723144531
82,15,320,3.5651907920837402,3.5640971660614014,-0.0010936260223388672
82,16,320,3.9118754863739014,3.9111263751983643,-0.0007491111755371094
82,17,320,3.5143396854400635,3.5140035152435303,-0.0003361701965332031
82,18,320,2.9091217517852783,2.909327507019043,0.00020575523376464844
82,19,320,2.5207278728485107,2.5195019245147705,-0.0012259483337402344
83,0,320,3.3925628662109375,3.394151210784912,0.0015883445739746094
83,1,320,3.5344126224517822,3.535010576248169,0.0005979537963867188
83,2,320,3.440383195877075,3.4394538402557373,-0.0009293556213378906
83,3,320,2.9953970909118652,2.9973466396331787,0.0019495487213134766
83,4,320,2.836568593978882,2.837184190750122,0.0006155967712402344
83,5,320,3.332186222076416,3.3341660499572754,0.001979827880859375
83,6,320,3.3162944316864014,3.316011905670166,-0.00028252601623535156
83,7,320,3.3423731327056885,3.3428456783294678,0.0004725456237792969
83,8,320,3.06367826461792,3.063577890396118,-0.00010037422180175781
83,9,320,3.272820234298706,3.2715611457824707,-0.0012590885162353516
83,10,320,3.4882094860076904,3.4875314235687256,-0.0006780624389648438
83,11,320,3.086958885192871,3.0879464149475098,0.0009875297546386719
83,12,320,3.3315787315368652,3.331707715988159,0.0001289844512939453
83,13,320,3.815915107727051,3.8172361850738525,0.0013210773468017578
83,14,320,3.632822036743164,3.6330277919769287,0.00020575523376464844
83,15,320,3.5651907920837402,3.565479278564453,0.0002884864807128906
83,16,320,3.9118754863739014,3.911849021911621,-2.6464462280273438e-05
83,17,320,3.5143396854400635,3.514765501022339,0.0004258155822753906
83,18,320,2.9091217517852783,2.90944766998291,0.00032591819763183594
83,19,320,2.5207278728485107,2.52126145362854,0.0005335807800292969
84,0,320,3.3925628662109375,3.3945603370666504,0.0019974708557128906
84,1,320,3.5344126224517822,3.5345864295959473,0.00017380714416503906
84,2,320,3.440383195877075,3.440634250640869,0.0002510547637939453
84,3,320,2.9953970909118652,2.994873046875,-0.0005240440368652344
84,4,320,2.836568593978882,2.83556866645813,-0.0009999275207519531
84,5,320,3.332186222076416,3.331336259841919,-0.0008499622344970703
84,6,320,3.3162944316864014,3.3137645721435547,-0.0025298595428466797
84,7,320,3.3423731327056885,3.3415324687957764,-0.0008406639099121094
84,8,320,3.06367826461792,3.063070058822632,-0.0006082057952880859
84,9,320,3.272820234298706,3.2726268768310547,-0.0001933574676513672
84,10,320,3.4882094860076904,3.486706256866455,-0.0015032291412353516
84,11,320,3.086958885192871,3.0892293453216553,0.0022704601287841797
84,12,320,3.3315787315368652,3.3308820724487305,-0.0006966590881347656
84,13,320,3.815915107727051,3.8159162998199463,1.1920928955078125e-06
84,14,320,3.632822036743164,3.6313586235046387,-0.0014634132385253906
84,15,320,3.5651907920837402,3.566394090652466,0.001203298568725586
84,16,320,3.9118754863739014,3.9119038581848145,2.8371810913085938e-05
84,17,320,3.5143396854400635,3.515423059463501,0.0010833740234375
84,18,320,2.9091217517852783,2.9090700149536133,-5.173683166503906e-05
84,19,320,2.5207278728485107,2.519782781600952,-0.0009450912475585938
85,0,320,3.3925628662109375,3.391777753829956,-0.0007851123809814453
85,1,320,3.5344126224517822,3.5333826541900635,-0.00102996826171875
85,2,320,3.440383195877075,3.4411566257476807,0.0007734298706054688
85,3,320,2.9953970909118652,2.995849609375,0.0004525184631347656
85,4,320,2.836568593978882,2.8374087810516357,0.0008401870727539062
85,5,320,3.332186222076416,3.331608295440674,-0.0005779266357421875
85,6,320,3.3162944316864014,3.315908908843994,-0.00038552284240722656
85,7,320,3.3423731327056885,3.341461181640625,-0.0009119510650634766
85,8,320,3.06367826461792,3.0614354610443115,-0.0022428035736083984
85,9,320,3.272820234298706,3.2719244956970215,-0.0008957386016845703
85,10,320,3.4882094860076904,3.488044023513794,-0.00016546249389648438
85,11,320,3.086958885192871,3.0864992141723633,-0.0004596710205078125
85,12,320,3.3315787315368652,3.3312392234802246,-0.000339508056640625
85,13,320,3.815915107727051,3.8176212310791016,0.0017061233520507812
85,14,320,3.632822036743164,3.632192850112915,-0.0006291866302490234
85,15,320,3.5651907920837402,3.565269947052002,7.915496826171875e-05
85,16,320,3.9118754863739014,3.9113471508026123,-0.0005283355712890625
85,17,320,3.5143396854400635,3.515122890472412,0.0007832050323486328
85,18,320,2.9091217517852783,2.908189058303833,-0.0009326934814453125
85,19,320,2.5207278728485107,2.521169900894165,0.0004420280456542969
86,0,320,3.3925628662109375,3.3925461769104004,-1.6689300537109375e-05
86,1,320,3.5344126224517822,3.535611867904663,0.0011992454528808594
86,2,320,3.440383195877075,3.4405429363250732,0.00015974044799804688
86,3,320,2.9953970909118652,2.9942967891693115,-0.001100301742553711
86,4,320,2.836568593978882,2.8370285034179688,0.00045990943908691406
86,5,320,3.332186222076416,3.3333475589752197,0.001161336898803711
86,6,320,3.3162944316864014,3.316697835922241,0.00040340423583984375
86,7,320,3.3423731327056885,3.343167543411255,0.0007944107055664062
86,8,320,3.06367826461792,3.0639076232910156,0.00022935867309570312
86,9,320,3.272820234298706,3.2723195552825928,-0.0005006790161132812
86,10,320,3.4882094860076904,3.48709774017334,-0.001111745834350586
86,11,320,3.086958885192871,3.087867259979248,0.0009083747863769531
86,12,320,3.3315787315368652,3.330927610397339,-0.0006511211395263672
86,13,320,3.815915107727051,3.8165111541748047,0.0005960464477539062
86,14,320,3.632822036743164,3.6333861351013184,0.0005640983581542969
86,15,320,3.5651907920837402,3.5669243335723877,0.001733541488647461
86,16,320,3.9118754863739014,3.9127488136291504,0.0008733272552490234
86,17,320,3.5143396854400635,3.514434576034546,9.489059448242188e-05
86,18,320,2.9091217517852783,2.9081664085388184,-0.0009553432464599609
86,19,320,2.5207278728485107,2.521477460861206,0.0007495880126953125
87,0,320,3.3925628662109375,3.3944709300994873,0.0019080638885498047
87,1,320,3.5344126224517822,3.5338385105133057,-0.0005741119384765625
87,2,320,3.440383195877075,3.441589832305908,0.0012066364288330078
87,3,320,2.9953970909118652,2.995220899581909,-0.0001761913299560547
87,4,320,2.836568593978882,2.836925983428955,0.0003573894500732422
87,5,320,3.332186222076416,3.3319709300994873,-0.00021529197692871094
87,6,320,3.3162944316864014,3.3179938793182373,0.0016994476318359375
87,7,320,3.3423731327056885,3.3435561656951904,0.0011830329895019531
87,8,320,3.06367826461792,3.0648036003112793,0.001125335693359375
87,9,320,3.272820234298706,3.273974657058716,0.0011544227600097656
87,10,320,3.4882094860076904,3.4903931617736816,0.002183675765991211
87,11,320,3.086958885192871,3.0848050117492676,-0.0021538734436035156
87,12,320,3.3315787315368652,3.329852342605591,-0.001726388931274414
87,13,320,3.815915107727051,3.815711498260498,-0.00020360946655273438
87,14,320,3.632822036743164,3.633070945739746,0.00024890899658203125
87,15,320,3.5651907920837402,3.5653226375579834,0.00013184547424316406
87,16,320,3.9118754863739014,3.9111275672912598,-0.0007479190826416016
87,17,320,3.5143396854400635,3.5160391330718994,0.0016994476318359375
87,18,320,2.9091217517852783,2.9080393314361572,-0.0010824203491210938
87,19,320,2.5207278728485107,2.5211782455444336,0.00045037269592285156
88,0,320,3.3925628662109375,3.391993999481201,-0.0005688667297363281
88,1,320,3.5344126224517822,3.5349154472351074,0.0005028247833251953
88,2,320,3.440383195877075,3.441226005554199,0.0008428096771240234
88,3,320,2.9953970909118652,2.9968926906585693,0.0014955997467041016
88,4,320,2.836568593978882,2.835087537765503,-0.0014810562133789062
88,5,320,3.332186222076416,3.332822561264038,0.0006363391876220703
88,6,320,3.3162944316864014,3.3175158500671387,0.0012214183807373047
88,7,320,3.3423731327056885,3.3418004512786865,-0.0005726814270019531
88,8,320,3.06367826461792,3.064324378967285,0.0006461143493652344
88,9,320,3.272820234298706,3.2721002101898193,-0.0007200241088867188
88,10,320,3.4882094860076904,3.487637996673584,-0.0005714893341064453
88,11,320,3.086958885192871,3.0859761238098145,-0.0009827613830566406
88,12,320,3.3315787315368652,3.3320722579956055,0.0004935264587402344
88,13,320,3.815915107727051,3.81699538230896,0.0010802745819091797
88,14,320,3.632822036743164,3.633596897125244,0.0007748603820800781
88,15,320,3.5651907920837402,3.56664776802063,0.0014569759368896484
88,16,320,3.9118754863739014,3.9134533405303955,0.0015778541564941406
88,17,320,3.5143396854400635,3.514087438583374,-0.0002522468566894531
88,18,320,2.9091217517852783,2.9082143306732178,-0.0009074211120605469
88,19,320,2.5207278728485107,2.5234477519989014,0.002719879150390625
89,0,320,3.3925628662109375,3.392963171005249,0.00040030479431152344
89,1,320,3.5344126224517822,3.534032106399536,-0.00038051605224609375
89,2,320,3.440383195877075,3.439986228942871,-0.00039696693420410156
89,3,320,2.9953970909118652,2.995270013809204,-0.0001270771026611328
89,4,320,2.836568593978882,2.8355050086975098,-0.0010635852813720703
89,5,320,3.332186222076416,3.3328044414520264,0.0006182193756103516
89,6,320,3.3162944316864014,3.3144593238830566,-0.0018351078033447266
89,7,320,3.3423731327056885,3.3435256481170654,0.0011525154113769531
89,8,320,3.06367826461792,3.0615530014038086,-0.002125263214111328
89,9,320,3.272820234298706,3.271144151687622,-0.0016760826110839844
89,10,320,3.4882094860076904,3.488035202026367,-0.0001742839813232422
89,11,320,3.086958885192871,3.0849077701568604,-0.002051115036010742
89,12,320,3.3315787315368652,3.3322126865386963,0.0006339550018310547
89,13,320,3.815915107727051,3.816927433013916,0.0010123252868652344
89,14,320,3.632822036743164,3.633934259414673,0.001112222671508789
89,15,320,3.5651907920837402,3.5629398822784424,-0.0022509098052978516
89,16,320,3.9118754863739014,3.913541555404663,0.0016660690307617188
89,17,320,3.5143396854400635,3.5143985748291016,5.888938903808594e-05
89,18,320,2.9091217517852783,2.908724069595337,-0.00039768218994140625
89,19,320,2.5207278728485107,2.521237850189209,0.0005099773406982422
90,0,320,3.3925628662109375,3.3918616771698,-0.0007011890411376953
90,1,320,3.5344126224517822,3.535890579223633,0.001477956771850586
90,2,320,3.440383195877075,3.4465270042419434,0.006143808364868164
90,3,320,2.9953970909118652,2.996845006942749,0.001447916030883789
90,4,320,2.836568593978882,2.838521718978882,0.001953125
90,5,320,3.332186222076416,3.3340742588043213,0.0018880367279052734
90,6,320,3.3162944316864014,3.3161933422088623,-0.0001010894775390625
90,7,320,3.3423731327056885,3.340853452682495,-0.0015196800231933594
90,8,320,3.06367826461792,3.064821720123291,0.0011434555053710938
90,9,320,3.272820234298706,3.273364543914795,0.0005443096160888672
90,10,320,3.4882094860076904,3.489891290664673,0.0016818046569824219
90,11,320,3.086958885192871,3.088054895401001,0.0010960102081298828
90,12,320,3.3315787315368652,3.3467371463775635,0.015158414840698242
90,13,320,3.815915107727051,3.81689715385437,0.000982046127319336
90,14,320,3.632822036743164,3.632249116897583,-0.0005729198455810547
90,15,320,3.5651907920837402,3.5637898445129395,-0.0014009475708007812
90,16,320,3.9118754863739014,3.911444902420044,-0.0004305839538574219
90,17,320,3.5143396854400635,3.5133659839630127,-0.0009737014770507812
90,18,320,2.9091217517852783,2.9111032485961914,0.001981496810913086
90,19,320,2.5207278728485107,2.521426200866699,0.0006983280181884766
91,0,320,3.3925628662109375,3.392763137817383,0.0002002716064453125
91,1,320,3.5344126224517822,3.534299850463867,-0.00011277198791503906
91,2,320,3.440383195877075,3.4380266666412354,-0.0023565292358398438
91,3,320,2.9953970909118652,2.9955482482910156,0.00015115737915039062
91,4,320,2.836568593978882,2.8347065448760986,-0.0018620491027832031
91,5,320,3.332186222076416,3.3321263790130615,-5.984306335449219e-05
91,6,320,3.3162944316864014,3.316567897796631,0.0002734661102294922
91,7,320,3.3423731327056885,3.341475486755371,-0.0008976459503173828
91,8,320,3.06367826461792,3.064868211746216,0.0011899471282958984
91,9,320,3.272820234298706,3.2729170322418213,9.679794311523438e-05
91,10,320,3.4882094860076904,3.487071990966797,-0.0011374950408935547
91,11,320,3.086958885192871,3.085493803024292,-0.0014650821685791016
91,12,320,3.3315787315368652,3.3320019245147705,0.00042319297790527344
91,13,320,3.815915107727051,3.8135454654693604,-0.0023696422576904297
91,14,320,3.632822036743164,3.63340425491333,0.0005822181701660156
91,15,320,3.5651907920837402,3.5667166709899902,0.00152587890625
91,16,320,3.9118754863739014,3.913429021835327,0.0015535354614257812
91,17,320,3.5143396854400635,3.5143113136291504,-2.8371810913085938e-05
91,18,320,2.9091217517852783,2.9087424278259277,-0.00037932395935058594
91,19,320,2.5207278728485107,2.5195934772491455,-0.0011343955993652344
92,0,320,3.3925628662109375,3.3938019275665283,0.0012390613555908203
92,1,320,3.5344126224517822,3.5348238945007324,0.0004112720489501953
92,2,320,3.440383195877075,3.4430596828460693,0.0026764869689941406
92,3,320,2.9953970909118652,2.996680736541748,0.0012836456298828125
92,4,320,2.836568593978882,2.8355870246887207,-0.0009815692901611328
92,5,320,3.332186222076416,3.3319058418273926,-0.0002803802490234375
92,6,320,3.3162944316864014,3.3163280487060547,3.361701965332031e-05
92,7,320,3.3423731327056885,3.341888427734375,-0.00048470497131347656
92,8,320,3.06367826461792,3.0645129680633545,0.0008347034454345703
92,9,320,3.272820234298706,3.2735595703125,0.0007393360137939453
92,10,320,3.4882094860076904,3.488713502883911,0.0005040168762207031
92,11,320,3.086958885192871,3.0894107818603516,0.0024518966674804688
92,12,320,3.3315787315368652,3.3318095207214355,0.0002307891845703125
92,13,320,3.815915107727051,3.815131187438965,-0.0007839202880859375
92,14,320,3.632822036743164,3.6328160762786865,-5.9604644775390625e-06
92,15,320,3.5651907920837402,3.5650079250335693,-0.00018286705017089844
92,16,320,3.9118754863739014,3.911904811859131,2.9325485229492188e-05
92,17,320,3.5143396854400635,3.515035390853882,0.0006957054138183594
92,18,320,2.9091217517852783,2.9095306396484375,0.0004088878631591797
92,19,320,2.5207278728485107,2.5190834999084473,-0.0016443729400634766
93,0,320,3.3925628662109375,3.3922154903411865,-0.00034737586975097656
93,1,320,3.5344126224517822,3.5340359210968018,-0.00037670135498046875
93,2,320,3.440383195877075,3.4401509761810303,-0.00023221969604492188
93,3,320,2.9953970909118652,2.9941458702087402,-0.001251220703125
93,4,320,2.836568593978882,2.835153102874756,-0.0014154911041259766
93,5,320,3.332186222076416,3.3319756984710693,-0.0002105236053466797
93,6,320,3.3162944316864014,3.3134050369262695,-0.002889394760131836
93,7,320,3.3423731327056885,3.3419594764709473,-0.00041365623474121094
93,8,320,3.06367826461792,3.0652403831481934,0.0015621185302734375
93,9,320,3.272820234298706,3.274150848388672,0.0013306140899658203
93,10,320,3.4882094860076904,3.4878790378570557,-0.0003304481506347656
93,11,320,3.086958885192871,3.0885939598083496,0.0016350746154785156
93,12,320,3.3315787315368652,3.332447052001953,0.0008683204650878906
93,13,320,3.815915107727051,3.818227529525757,0.0023124217987060547
93,14,320,3.632822036743164,3.6319386959075928,-0.0008833408355712891
93,15,320,3.5651907920837402,3.5661654472351074,0.0009746551513671875
93,16,320,3.9118754863739014,3.912097215652466,0.00022172927856445312
93,17,320,3.5143396854400635,3.5153260231018066,0.000986337661743164
93,18,320,2.9091217517852783,2.908034086227417,-0.0010876655578613281
93,19,320,2.5207278728485107,2.522233009338379,0.001505136489868164
94,0,320,3.3925628662109375,3.391784906387329,-0.0007779598236083984
94,1,320,3.5344126224517822,3.5359697341918945,0.0015571117401123047
94,2,320,3.440383195877075,3.4438705444335938,0.0034873485565185547
94,3,320,2.9953970909118652,2.998837947845459,0.00344085693359375
94,4,320,2.836568593978882,2.839069366455078,0.002500772476196289
94,5,320,3.332186222076416,3.337228775024414,0.005042552947998047
94,6,320,3.3162944316864014,3.3182549476623535,0.0019605159759521484
94,7,320,3.3423731327056885,3.346484661102295,0.004111528396606445
94,8,320,3.06367826461792,3.0648810863494873,0.0012028217315673828
94,9,320,3.272820234298706,3.274747610092163,0.0019273757934570312
94,10,320,3.4882094860076904,3.4901444911956787,0.0019350051879882812
94,11,320,3.086958885192871,3.0869503021240234,-8.58306884765625e-06
94,12,320,3.3315787315368652,3.3313422203063965,-0.00023651123046875
94,13,320,3.815915107727051,3.813915967941284,-0.0019991397857666016
94,14,320,3.632822036743164,3.6330723762512207,0.0002503395080566406
94,15,320,3.5651907920837402,3.56549334526062,0.0003025531768798828
94,16,320,3.9118754863739014,3.912724733352661,0.0008492469787597656
94,17,320,3.5143396854400635,3.514582633972168,0.0002429485321044922
94,18,320,2.9091217517852783,2.9092187881469727,9.703636169433594e-05
94,19,320,2.5207278728485107,2.521040678024292,0.00031280517578125
95,0,320,3.3925628662109375,3.39522647857666,0.0026636123657226562
95,1,320,3.5344126224517822,3.5353846549987793,0.0009720325469970703
95,2,320,3.440383195877075,3.439876079559326,-0.0005071163177490234
95,3,320,2.9953970909118652,2.995126724243164,-0.0002703666687011719
95,4,320,2.836568593978882,2.8376002311706543,0.001031637191772461
95,5,320,3.332186222076416,3.332279920578003,9.369850158691406e-05
95,6,320,3.3162944316864014,3.3149774074554443,-0.0013170242309570312
95,7,320,3.3423731327056885,3.342287063598633,-8.606910705566406e-05
95,8,320,3.06367826461792,3.0632591247558594,-0.0004191398620605469
95,9,320,3.272820234298706,3.2740046977996826,0.0011844635009765625
95,10,320,3.4882094860076904,3.4888036251068115,0.0005941390991210938
95,11,320,3.086958885192871,3.088367223739624,0.0014083385467529297
95,12,320,3.3315787315368652,3.330911159515381,-0.000667572021484375
95,13,320,3.815915107727051,3.8158998489379883,-1.52587890625e-05
95,14,320,3.632822036743164,3.6330878734588623,0.0002658367156982422
95,15,320,3.5651907920837402,3.5655035972595215,0.00031280517578125
95,16,320,3.9118754863739014,3.9116904735565186,-0.0001850128173828125
95,17,320,3.5143396854400635,3.514723539352417,0.0003838539123535156
95,18,320,2.9091217517852783,2.9084513187408447,-0.0006704330444335938
95,19,320,2.5207278728485107,2.5192508697509766,-0.0014770030975341797
96,0,320,3.3925628662109375,3.3935067653656006,0.0009438991546630859
96,1,320,3.5344126224517822,3.5348551273345947,0.0004425048828125
96,2,320,3.440383195877075,3.4392621517181396,-0.0011210441589355469
96,3,320,2.9953970909118652,2.9947736263275146,-0.0006234645843505859
96,4,320,2.836568593978882,2.8378982543945312,0.001329660415649414
96,5,320,3.332186222076416,3.3334577083587646,0.0012714862823486328
96,6,320,3.3162944316864014,3.315937042236328,-0.0003573894500732422
96,7,320,3.3423731327056885,3.3439738750457764,0.0016007423400878906
96,8,320,3.06367826461792,3.06398868560791,0.0003104209899902344
96,9,320,3.272820234298706,3.2717254161834717,-0.001094818115234375
96,10,320,3.4882094860076904,3.489704132080078,0.0014946460723876953
96,11,320,3.086958885192871,3.087610960006714,0.0006520748138427734
96,12,320,3.3315787315368652,3.3340604305267334,0.002481698989868164
96,13,320,3.815915107727051,3.815499782562256,-0.0004153251647949219
96,14,320,3.632822036743164,3.6322596073150635,-0.0005624294281005859
96,15,320,3.5651907920837402,3.565911293029785,0.0007205009460449219
96,16,320,3.9118754863739014,3.913426160812378,0.0015506744384765625
96,17,320,3.5143396854400635,3.514057159423828,-0.00028252601623535156
96,18,320,2.9091217517852783,2.906170129776001,-0.0029516220092773438
96,19,320,2.5207278728485107,2.5192208290100098,-0.0015070438385009766
97,0,320,3.3925628662109375,3.3935766220092773,0.0010137557983398438
97,1,320,3.5344126224517822,3.533268690109253,-0.0011439323425292969
97,2,320,3.440383195877075,3.440441370010376,5.817413330078125e-05
97,3,320,2.9953970909118652,2.995647668838501,0.0002505779266357422
97,4,320,2.836568593978882,2.838057518005371,0.0014889240264892578
97,5,320,3.332186222076416,3.3308215141296387,-0.0013647079467773438
97,6,320,3.3162944316864014,3.3170831203460693,0.0007886886596679688
97,7,320,3.3423731327056885,3.343562364578247,0.0011892318725585938
97,8,320,3.06367826461792,3.0635879039764404,-9.036064147949219e-05
97,9,320,3.272820234298706,3.2732276916503906,0.0004074573516845703
97,10,320,3.4882094860076904,3.4873876571655273,-0.0008218288421630859
97,11,320,3.086958885192871,3.0875344276428223,0.0005755424499511719
97,12,320,3.3315787315368652,3.3303282260894775,-0.0012505054473876953
97,13,320,3.815915107727051,3.813479423522949,-0.0024356842041015625
97,14,320,3.632822036743164,3.6339807510375977,0.0011587142944335938
97,15,320,3.5651907920837402,3.564836263656616,-0.00035452842712402344
97,16,320,3.9118754863739014,3.911591053009033,-0.00028443336486816406
97,17,320,3.5143396854400635,3.515890598297119,0.001550912857055664
97,18,320,2.9091217517852783,2.909071207046509,-5.054473876953125e-05
97,19,320,2.5207278728485107,2.5210516452789307,0.0003237724304199219
98,0,320,3.3925628662109375,3.3922226428985596,-0.0003402233123779297
98,1,320,3.5344126224517822,3.5341029167175293,-0.0003097057342529297
98,2,320,3.440383195877075,3.4394490718841553,-0.0009341239929199219
98,3,320,2.9953970909118652,2.996567726135254,0.0011706352233886719
98,4,320,2.836568593978882,2.837475538253784,0.0009069442749023438
98,5,320,3.332186222076416,3.3324906826019287,0.0003044605255126953
98,6,320,3.3162944316864014,3.317390203475952,0.0010957717895507812
98,7,320,3.3423731327056885,3.345338821411133,0.002965688705444336
98,8,320,3.06367826461792,3.063270092010498,-0.000408172607421875
98,9,320,3.272820234298706,3.272472381591797,-0.0003478527069091797
98,10,320,3.4882094860076904,3.4877147674560547,-0.0004947185516357422
98,11,320,3.086958885192871,3.088064432144165,0.0011055469512939453
98,12,320,3.3315787315368652,3.3321564197540283,0.0005776882171630859
98,13,320,3.815915107727051,3.815591335296631,-0.0003237724304199219
98,14,320,3.632822036743164,3.631512403488159,-0.0013096332550048828
98,15,320,3.5651907920837402,3.5645692348480225,-0.0006215572357177734
98,16,320,3.9118754863739014,3.912832498550415,0.0009570121765136719
98,17,320,3.5143396854400635,3.5143988132476807,5.91278076171875e-05
98,18,320,2.9091217517852783,2.909989356994629,0.0008676052093505859
98,19,320,2.5207278728485107,2.5199904441833496,-0.0007374286651611328
99,0,320,3.3925628662109375,3.392369508743286,-0.0001933574676513672
99,1,320,3.5344126224517822,3.5354254245758057,0.0010128021240234375
99,2,320,3.440383195877075,3.4404587745666504,7.557868957519531e-05
99,3,320,2.9953970909118652,2.9965834617614746,0.001186370849609375
99,4,320,2.836568593978882,2.8370094299316406,0.00044083595275878906
99,5,320,3.332186222076416,3.3342225551605225,0.0020363330841064453
99,6,320,3.3162944316864014,3.3173763751983643,0.0010819435119628906
99,7,320,3.3423731327056885,3.3420870304107666,-0.000286102294921875
99,8,320,3.06367826461792,3.0643813610076904,0.0007030963897705078
99,9,320,3.272820234298706,3.272660255432129,-0.00015997886657714844
99,10,320,3.4882094860076904,3.487776041030884,-0.0004334449768066406
99,11,320,3.086958885192871,3.0861880779266357,-0.0007708072662353516
99,12,320,3.3315787315368652,3.3320186138153076,0.0004398822784423828
99,13,320,3.815915107727051,3.815154790878296,-0.0007603168487548828
99,14,320,3.632822036743164,3.6320385932922363,-0.0007834434509277344
99,15,320,3.5651907920837402,3.5648393630981445,-0.0003514289855957031
99,16,320,3.9118754863739014,3.9138059616088867,0.0019304752349853516
99,17,320,3.5143396854400635,3.5149221420288086,0.0005824565887451172
99,18,320,2.9091217517852783,2.9096310138702393,0.0005092620849609375
99,19,320,2.5207278728485107,2.521150827407837,0.0004229545593261719
