subset,query,n_removed,baseline_loss,filtered_loss,loss_change
0,0,160,3.403837203979492,3.403378486633301,-0.00045871734619140625
0,1,160,3.5297043323516846,3.5294713973999023,-0.00023293495178222656
0,2,160,3.4405744075775146,3.4399218559265137,-0.0006525516510009766
0,3,160,2.9923899173736572,2.993617057800293,0.0012271404266357422
0,4,160,2.833263874053955,2.831616163253784,-0.0016477108001708984
0,5,160,3.327500820159912,3.328270196914673,0.0007693767547607422
0,6,160,3.3199620246887207,3.31953763961792,-0.00042438507080078125
0,7,160,3.3468565940856934,3.347649097442627,0.0007925033569335938
0,8,160,3.0533645153045654,3.0537326335906982,0.0003681182861328125
0,9,160,3.2692971229553223,3.2698819637298584,0.0005848407745361328
0,10,160,3.487030267715454,3.4868240356445312,-0.00020623207092285156
0,11,160,3.1243224143981934,3.1245436668395996,0.00022125244140625
0,12,160,3.332131862640381,3.3320813179016113,-5.054473876953125e-05
0,13,160,3.8016650676727295,3.8020596504211426,0.00039458274841308594
0,14,160,3.6423559188842773,3.64203143119812,-0.00032448768615722656
0,15,160,3.5614991188049316,3.5605905055999756,-0.0009086132049560547
0,16,160,3.9194414615631104,3.919947385787964,0.0005059242248535156
0,17,160,3.5520544052124023,3.552816390991211,0.0007619857788085938
0,18,160,2.9047772884368896,2.9049487113952637,0.00017142295837402344
0,19,160,2.5194995403289795,2.5194849967956543,-1.4543533325195312e-05
1,0,160,3.403837203979492,3.4052371978759766,0.001399993896484375
1,1,160,3.5297043323516846,3.5310723781585693,0.0013680458068847656
1,2,160,3.4405744075775146,3.4414830207824707,0.0009086132049560547
1,3,160,2.9923899173736572,2.9917705059051514,-0.0006194114685058594
1,4,160,2.833263874053955,2.8330764770507812,-0.00018739700317382812
1,5,160,3.327500820159912,3.329545259475708,0.0020444393157958984
1,6,160,3.3199620246887207,3.3194046020507812,-0.0005574226379394531
1,7,160,3.3468565940856934,3.3481802940368652,0.001323699951171875
1,8,160,3.0533645153045654,3.05253005027771,-0.0008344650268554688
1,9,160,3.2692971229553223,3.2694458961486816,0.000148773193359375
1,10,160,3.487030267715454,3.488039493560791,0.001009225845336914
1,11,160,3.1243224143981934,3.1234421730041504,-0.0008802413940429688
1,12,160,3.332131862640381,3.3434596061706543,0.011327743530273438
1,13,160,3.8016650676727295,3.801706552505493,4.1484832763671875e-05
1,14,160,3.6423559188842773,3.6430392265319824,0.0006833076477050781
1,15,160,3.5614991188049316,3.5604827404022217,-0.001016378402709961
1,16,160,3.9194414615631104,3.9205331802368164,0.0010917186737060547
1,17,160,3.5520544052124023,3.5504934787750244,-0.0015609264373779297
1,18,160,2.9047772884368896,2.9052271842956543,0.00044989585876464844
1,19,160,2.5194995403289795,2.518843412399292,-0.0006561279296875
2,0,160,3.403837203979492,3.4033663272857666,-0.00047087669372558594
2,1,160,3.5297043323516846,3.5287411212921143,-0.0009632110595703125
2,2,160,3.4405744075775146,3.440382480621338,-0.0001919269561767578
2,3,160,2.9923899173736572,2.9925451278686523,0.0001552104949951172
2,4,160,2.833263874053955,2.832894802093506,-0.00036907196044921875
2,5,160,3.327500820159912,3.3279621601104736,0.00046133995056152344
2,6,160,3.3199620246887207,3.3208956718444824,0.0009336471557617188
2,7,160,3.3468565940856934,3.347442150115967,0.0005855560302734375
2,8,160,3.0533645153045654,3.053976058959961,0.0006115436553955078
2,9,160,3.2692971229553223,3.2695178985595703,0.00022077560424804688
2,10,160,3.487030267715454,3.4861197471618652,-0.0009105205535888672
2,11,160,3.1243224143981934,3.1266205310821533,0.002298116683959961
2,12,160,3.332131862640381,3.3331737518310547,0.0010418891906738281
2,13,160,3.8016650676727295,3.803399085998535,0.001734018325805664
2,14,160,3.6423559188842773,3.643606424331665,0.0012505054473876953
2,15,160,3.5614991188049316,3.5615744590759277,7.534027099609375e-05
2,16,160,3.9194414615631104,3.919748306274414,0.00030684471130371094
2,17,160,3.5520544052124023,3.552236318588257,0.0001819133758544922
2,18,160,2.9047772884368896,2.9046928882598877,-8.440017700195312e-05
2,19,160,2.5194995403289795,2.518549919128418,-0.0009496212005615234
3,0,160,3.403837203979492,3.4019320011138916,-0.001905202865600586
3,1,160,3.5297043323516846,3.530794143676758,0.0010898113250732422
3,2,160,3.4405744075775146,3.443110466003418,0.0025360584259033203
3,3,160,2.9923899173736572,2.994077444076538,0.0016875267028808594
3,4,160,2.833263874053955,2.834524631500244,0.0012607574462890625
3,5,160,3.327500820159912,3.3271677494049072,-0.0003330707550048828
3,6,160,3.3199620246887207,3.320014715194702,5.269050598144531e-05
3,7,160,3.3468565940856934,3.3472557067871094,0.0003991127014160156
3,8,160,3.0533645153045654,3.053030014038086,-0.0003345012664794922
3,9,160,3.2692971229553223,3.269848585128784,0.0005514621734619141
3,10,160,3.487030267715454,3.487122058868408,9.179115295410156e-05
3,11,160,3.1243224143981934,3.123558521270752,-0.0007638931274414062
3,12,160,3.332131862640381,3.3317630290985107,-0.0003688335418701172
3,13,160,3.8016650676727295,3.802077054977417,0.0004119873046875
3,14,160,3.6423559188842773,3.643970251083374,0.0016143321990966797
3,15,160,3.5614991188049316,3.5620133876800537,0.0005142688751220703
3,16,160,3.9194414615631104,3.9203600883483887,0.0009186267852783203
3,17,160,3.5520544052124023,3.5508930683135986,-0.001161336898803711
3,18,160,2.9047772884368896,2.905191659927368,0.0004143714904785156
3,19,160,2.5194995403289795,2.519948720932007,0.00044918060302734375
4,0,160,3.403837203979492,3.404289484024048,0.00045228004455566406
4,1,160,3.5297043323516846,3.5276196002960205,-0.0020847320556640625
4,2,160,3.4405744075775146,3.4404587745666504,-0.00011563301086425781
4,3,160,2.9923899173736572,2.992981433868408,0.0005915164947509766
4,4,160,2.833263874053955,2.8320794105529785,-0.0011844635009765625
4,5,160,3.327500820159912,3.327815294265747,0.00031447410583496094
4,6,160,3.3199620246887207,3.3202099800109863,0.000247955322265625
4,7,160,3.3468565940856934,3.3464434146881104,-0.0004131793975830078
4,8,160,3.0533645153045654,3.05263090133667,-0.0007336139678955078
4,9,160,3.2692971229553223,3.2697393894195557,0.00044226646423339844
4,10,160,3.487030267715454,3.488909959793091,0.0018796920776367188
4,11,160,3.1243224143981934,3.123694896697998,-0.0006275177001953125
4,12,160,3.332131862640381,3.344484567642212,0.012352705001831055
4,13,160,3.8016650676727295,3.802288293838501,0.0006232261657714844
4,14,160,3.6423559188842773,3.642193555831909,-0.00016236305236816406
4,15,160,3.5614991188049316,3.561469793319702,-2.9325485229492188e-05
4,16,160,3.9194414615631104,3.9186582565307617,-0.0007832050323486328
4,17,160,3.5520544052124023,3.551856279373169,-0.00019812583923339844
4,18,160,2.9047772884368896,2.904310703277588,-0.0004665851593017578
4,19,160,2.5194995403289795,2.519361972808838,-0.00013756752014160156
5,0,160,3.403837203979492,3.404676675796509,0.0008394718170166016
5,1,160,3.5297043323516846,3.53035831451416,0.0006539821624755859
5,2,160,3.4405744075775146,3.43987774848938,-0.0006966590881347656
5,3,160,2.9923899173736572,2.990785598754883,-0.001604318618774414
5,4,160,2.833263874053955,2.833585739135742,0.0003218650817871094
5,5,160,3.327500820159912,3.326500415802002,-0.0010004043579101562
5,6,160,3.3199620246887207,3.319760322570801,-0.00020170211791992188
5,7,160,3.3468565940856934,3.3473963737487793,0.0005397796630859375
5,8,160,3.0533645153045654,3.0538079738616943,0.00044345855712890625
5,9,160,3.2692971229553223,3.2696473598480225,0.0003502368927001953
5,10,160,3.487030267715454,3.4875285625457764,0.0004982948303222656
5,11,160,3.1243224143981934,3.1243014335632324,-2.09808349609375e-05
5,12,160,3.332131862640381,3.3312606811523438,-0.0008711814880371094
5,13,160,3.8016650676727295,3.8012473583221436,-0.0004177093505859375
5,14,160,3.6423559188842773,3.6431636810302734,0.0008077621459960938
5,15,160,3.5614991188049316,3.5632848739624023,0.0017857551574707031
5,16,160,3.9194414615631104,3.918673515319824,-0.0007679462432861328
5,17,160,3.5520544052124023,3.5521867275238037,0.0001323223114013672
5,18,160,2.9047772884368896,2.904616355895996,-0.0001609325408935547
5,19,160,2.5194995403289795,2.5199532508850098,0.00045371055603027344
6,0,160,3.403837203979492,3.4029412269592285,-0.0008959770202636719
6,1,160,3.5297043323516846,3.530517339706421,0.0008130073547363281
6,2,160,3.4405744075775146,3.439260482788086,-0.001313924789428711
6,3,160,2.9923899173736572,2.9927608966827393,0.00037097930908203125
6,4,160,2.833263874053955,2.832770347595215,-0.0004935264587402344
6,5,160,3.327500820159912,3.3261351585388184,-0.00136566162109375
6,6,160,3.3199620246887207,3.319197177886963,-0.0007648468017578125
6,7,160,3.3468565940856934,3.346890926361084,3.4332275390625e-05
6,8,160,3.0533645153045654,3.053832769393921,0.00046825408935546875
6,9,160,3.2692971229553223,3.268054723739624,-0.0012423992156982422
6,10,160,3.487030267715454,3.487525701522827,0.0004954338073730469
6,11,160,3.1243224143981934,3.1225063800811768,-0.0018160343170166016
6,12,160,3.332131862640381,3.331916332244873,-0.0002155303955078125
6,13,160,3.8016650676727295,3.802182674407959,0.0005176067352294922
6,14,160,3.6423559188842773,3.644503593444824,0.002147674560546875
6,15,160,3.5614991188049316,3.5606961250305176,-0.0008029937744140625
6,16,160,3.9194414615631104,3.91908597946167,-0.0003554821014404297
6,17,160,3.5520544052124023,3.5539309978485107,0.0018765926361083984
6,18,160,2.9047772884368896,2.9034953117370605,-0.0012819766998291016
6,19,160,2.5194995403289795,2.518118381500244,-0.0013811588287353516
7,0,160,3.403837203979492,3.4043116569519043,0.0004744529724121094
7,1,160,3.5297043323516846,3.5316970348358154,0.0019927024841308594
7,2,160,3.4405744075775146,3.4401135444641113,-0.0004608631134033203
7,3,160,2.9923899173736572,2.9933619499206543,0.0009720325469970703
7,4,160,2.833263874053955,2.8334712982177734,0.00020742416381835938
7,5,160,3.327500820159912,3.327030658721924,-0.00047016143798828125
7,6,160,3.3199620246887207,3.3206746578216553,0.0007126331329345703
7,7,160,3.3468565940856934,3.3472158908843994,0.0003592967987060547
7,8,160,3.0533645153045654,3.0524847507476807,-0.0008797645568847656
7,9,160,3.2692971229553223,3.2700016498565674,0.0007045269012451172
7,10,160,3.487030267715454,3.487856864929199,0.0008265972137451172
7,11,160,3.1243224143981934,3.1240932941436768,-0.00022912025451660156
7,12,160,3.332131862640381,3.3320722579956055,-5.9604644775390625e-05
7,13,160,3.8016650676727295,3.8026678562164307,0.0010027885437011719
7,14,160,3.6423559188842773,3.6422879695892334,-6.794929504394531e-05
7,15,160,3.5614991188049316,3.56269907951355,0.001199960708618164
7,16,160,3.9194414615631104,3.920287847518921,0.0008463859558105469
7,17,160,3.5520544052124023,3.5514092445373535,-0.0006451606750488281
7,18,160,2.9047772884368896,2.9040029048919678,-0.000774383544921875
7,19,160,2.5194995403289795,2.5200371742248535,0.0005376338958740234
8,0,160,3.403837203979492,3.403494358062744,-0.0003428459167480469
8,1,160,3.5297043323516846,3.5281453132629395,-0.0015590190887451172
8,2,160,3.4405744075775146,3.4395341873168945,-0.0010402202606201172
8,3,160,2.9923899173736572,2.99375319480896,0.0013632774353027344
8,4,160,2.833263874053955,2.833817958831787,0.0005540847778320312
8,5,160,3.327500820159912,3.326611280441284,-0.0008895397186279297
8,6,160,3.3199620246887207,3.319106101989746,-0.0008559226989746094
8,7,160,3.3468565940856934,3.346310615539551,-0.0005459785461425781
8,8,160,3.0533645153045654,3.0524744987487793,-0.0008900165557861328
8,9,160,3.2692971229553223,3.2687840461730957,-0.0005130767822265625
8,10,160,3.487030267715454,3.4860081672668457,-0.0010221004486083984
8,11,160,3.1243224143981934,3.126291036605835,0.0019686222076416016
8,12,160,3.332131862640381,3.3323631286621094,0.00023126602172851562
8,13,160,3.8016650676727295,3.80068039894104,-0.0009846687316894531
8,14,160,3.6423559188842773,3.643090009689331,0.0007340908050537109
8,15,160,3.5614991188049316,3.5629770755767822,0.001477956771850586
8,16,160,3.9194414615631104,3.918830633163452,-0.0006108283996582031
8,17,160,3.5520544052124023,3.5543041229248047,0.0022497177124023438
8,18,160,2.9047772884368896,2.903233766555786,-0.0015435218811035156
8,19,160,2.5194995403289795,2.5202808380126953,0.0007812976837158203
9,0,160,3.403837203979492,3.4037251472473145,-0.00011205673217773438
9,1,160,3.5297043323516846,3.5286829471588135,-0.0010213851928710938
9,2,160,3.4405744075775146,3.4405291080474854,-4.5299530029296875e-05
9,3,160,2.9923899173736572,2.9913036823272705,-0.0010862350463867188
9,4,160,2.833263874053955,2.8319973945617676,-0.0012664794921875
9,5,160,3.327500820159912,3.3262553215026855,-0.0012454986572265625
9,6,160,3.3199620246887207,3.3190438747406006,-0.0009181499481201172
9,7,160,3.3468565940856934,3.3464605808258057,-0.0003960132598876953
9,8,160,3.0533645153045654,3.0527679920196533,-0.0005965232849121094
9,9,160,3.2692971229553223,3.269650459289551,0.0003533363342285156
9,10,160,3.487030267715454,3.4865636825561523,-0.0004665851593017578
9,11,160,3.1243224143981934,3.124297618865967,-2.47955322265625e-05
9,12,160,3.332131862640381,3.3321878910064697,5.602836608886719e-05
9,13,160,3.8016650676727295,3.801807403564453,0.0001423358917236328
9,14,160,3.6423559188842773,3.6426939964294434,0.0003380775451660156
9,15,160,3.5614991188049316,3.5602641105651855,-0.0012350082397460938
9,16,160,3.9194414615631104,3.9194939136505127,5.245208740234375e-05
9,17,160,3.5520544052124023,3.5513923168182373,-0.0006620883941650391
9,18,160,2.9047772884368896,2.9049975872039795,0.00022029876708984375
9,19,160,2.5194995403289795,2.5185463428497314,-0.0009531974792480469
10,0,160,3.403837203979492,3.4050991535186768,0.0012619495391845703
10,1,160,3.5297043323516846,3.529212474822998,-0.0004918575286865234
10,2,160,3.4405744075775146,3.4406676292419434,9.322166442871094e-05
10,3,160,2.9923899173736572,2.995851993560791,0.003462076187133789
10,4,160,2.833263874053955,2.8341786861419678,0.0009148120880126953
10,5,160,3.327500820159912,3.3277699947357178,0.00026917457580566406
10,6,160,3.3199620246887207,3.3181660175323486,-0.0017960071563720703
10,7,160,3.3468565940856934,3.3477420806884766,0.0008854866027832031
10,8,160,3.0533645153045654,3.0534205436706543,5.602836608886719e-05
10,9,160,3.2692971229553223,3.2708818912506104,0.001584768295288086
10,10,160,3.487030267715454,3.4861667156219482,-0.0008635520935058594
10,11,160,3.1243224143981934,3.1248011589050293,0.0004787445068359375
10,12,160,3.332131862640381,3.331937074661255,-0.00019478797912597656
10,13,160,3.8016650676727295,3.801370620727539,-0.0002944469451904297
10,14,160,3.6423559188842773,3.6419103145599365,-0.0004456043243408203
10,15,160,3.5614991188049316,3.5624237060546875,0.0009245872497558594
10,16,160,3.9194414615631104,3.9202017784118652,0.0007603168487548828
10,17,160,3.5520544052124023,3.5508086681365967,-0.001245737075805664
10,18,160,2.9047772884368896,2.9050498008728027,0.00027251243591308594
10,19,160,2.5194995403289795,2.5196118354797363,0.00011229515075683594
11,0,160,3.403837203979492,3.404650926589966,0.0008137226104736328
11,1,160,3.5297043323516846,3.5304315090179443,0.0007271766662597656
11,2,160,3.4405744075775146,3.441009759902954,0.0004353523254394531
11,3,160,2.9923899173736572,2.9921720027923584,-0.00021791458129882812
11,4,160,2.833263874053955,2.8334124088287354,0.00014853477478027344
11,5,160,3.327500820159912,3.3278908729553223,0.00039005279541015625
11,6,160,3.3199620246887207,3.321320056915283,0.0013580322265625
11,7,160,3.3468565940856934,3.3456838130950928,-0.001172780990600586
11,8,160,3.0533645153045654,3.0545122623443604,0.0011477470397949219
11,9,160,3.2692971229553223,3.2673699855804443,-0.0019271373748779297
11,10,160,3.487030267715454,3.487445592880249,0.0004153251647949219
11,11,160,3.1243224143981934,3.124509811401367,0.00018739700317382812
11,12,160,3.332131862640381,3.331031560897827,-0.001100301742553711
11,13,160,3.8016650676727295,3.8032801151275635,0.0016150474548339844
11,14,160,3.6423559188842773,3.642221450805664,-0.00013446807861328125
11,15,160,3.5614991188049316,3.5615482330322266,4.9114227294921875e-05
11,16,160,3.9194414615631104,3.9194979667663574,5.650520324707031e-05
11,17,160,3.5520544052124023,3.552020788192749,-3.361701965332031e-05
11,18,160,2.9047772884368896,2.9052205085754395,0.0004432201385498047
11,19,160,2.5194995403289795,2.5190508365631104,-0.0004487037658691406
12,0,160,3.403837203979492,3.403240442276001,-0.0005967617034912109
12,1,160,3.5297043323516846,3.530658721923828,0.0009543895721435547
12,2,160,3.4405744075775146,3.438584566116333,-0.0019898414611816406
12,3,160,2.9923899173736572,2.9914815425872803,-0.0009083747863769531
12,4,160,2.833263874053955,2.8322675228118896,-0.0009963512420654297
12,5,160,3.327500820159912,3.3292181491851807,0.0017173290252685547
12,6,160,3.3199620246887207,3.3194148540496826,-0.0005471706390380859
12,7,160,3.3468565940856934,3.3471715450286865,0.00031495094299316406
12,8,160,3.0533645153045654,3.053980588912964,0.0006160736083984375
12,9,160,3.2692971229553223,3.268655776977539,-0.0006413459777832031
12,10,160,3.487030267715454,3.4873151779174805,0.0002849102020263672
12,11,160,3.1243224143981934,3.125183343887329,0.0008609294891357422
12,12,160,3.332131862640381,3.3334484100341797,0.0013165473937988281
12,13,160,3.8016650676727295,3.8022186756134033,0.0005536079406738281
12,14,160,3.6423559188842773,3.642458438873291,0.00010251998901367188
12,15,160,3.5614991188049316,3.563089370727539,0.0015902519226074219
12,16,160,3.9194414615631104,3.9224610328674316,0.003019571304321289
12,17,160,3.5520544052124023,3.5510339736938477,-0.0010204315185546875
12,18,160,2.9047772884368896,2.906083345413208,0.0013060569763183594
12,19,160,2.5194995403289795,2.517885208129883,-0.0016143321990966797
13,0,160,3.403837203979492,3.4038503170013428,1.3113021850585938e-05
13,1,160,3.5297043323516846,3.5300121307373047,0.0003077983856201172
13,2,160,3.4405744075775146,3.439502000808716,-0.0010724067687988281
13,3,160,2.9923899173736572,2.991598606109619,-0.0007913112640380859
13,4,160,2.833263874053955,2.8331925868988037,-7.128715515136719e-05
13,5,160,3.327500820159912,3.3269243240356445,-0.0005764961242675781
13,6,160,3.3199620246887207,3.3205208778381348,0.0005588531494140625
13,7,160,3.3468565940856934,3.347489356994629,0.0006327629089355469
13,8,160,3.0533645153045654,3.0518858432769775,-0.0014786720275878906
13,9,160,3.2692971229553223,3.2680938243865967,-0.001203298568725586
13,10,160,3.487030267715454,3.485222101211548,-0.00180816650390625
13,11,160,3.1243224143981934,3.125128984451294,0.0008065700531005859
13,12,160,3.332131862640381,3.3323166370391846,0.00018477439880371094
13,13,160,3.8016650676727295,3.8009114265441895,-0.0007536411285400391
13,14,160,3.6423559188842773,3.6407814025878906,-0.0015745162963867188
13,15,160,3.5614991188049316,3.561173677444458,-0.0003254413604736328
13,16,160,3.9194414615631104,3.91976261138916,0.0003211498260498047
13,17,160,3.5520544052124023,3.553379774093628,0.001325368881225586
13,18,160,2.9047772884368896,2.9048116207122803,3.4332275390625e-05
13,19,160,2.5194995403289795,2.520840883255005,0.0013413429260253906
14,0,160,3.403837203979492,3.4021871089935303,-0.001650094985961914
14,1,160,3.5297043323516846,3.529841184616089,0.00013685226440429688
14,2,160,3.4405744075775146,3.4445571899414062,0.0039827823638916016
14,3,160,2.9923899173736572,2.9987008571624756,0.006310939788818359
14,4,160,2.833263874053955,2.835582971572876,0.0023190975189208984
14,5,160,3.327500820159912,3.331789493560791,0.004288673400878906
14,6,160,3.3199620246887207,3.322509288787842,0.0025472640991210938
14,7,160,3.3468565940856934,3.3507742881774902,0.003917694091796875
14,8,160,3.0533645153045654,3.0578322410583496,0.00446772575378418
14,9,160,3.2692971229553223,3.2716121673583984,0.002315044403076172
14,10,160,3.487030267715454,3.4923272132873535,0.005296945571899414
14,11,160,3.1243224143981934,3.1237547397613525,-0.0005676746368408203
14,12,160,3.332131862640381,3.3317551612854004,-0.00037670135498046875
14,13,160,3.8016650676727295,3.8017184734344482,5.340576171875e-05
14,14,160,3.6423559188842773,3.644906520843506,0.0025506019592285156
14,15,160,3.5614991188049316,3.560537338256836,-0.0009617805480957031
14,16,160,3.9194414615631104,3.9206173419952393,0.0011758804321289062
14,17,160,3.5520544052124023,3.551262140274048,-0.0007922649383544922
14,18,160,2.9047772884368896,2.9047443866729736,-3.2901763916015625e-05
14,19,160,2.5194995403289795,2.519566059112549,6.651878356933594e-05
15,0,160,3.403837203979492,3.4033985137939453,-0.000438690185546875
15,1,160,3.5297043323516846,3.527520179748535,-0.002184152603149414
15,2,160,3.4405744075775146,3.4405603408813477,-1.4066696166992188e-05
15,3,160,2.9923899173736572,2.991400718688965,-0.0009891986846923828
15,4,160,2.833263874053955,2.833513021469116,0.0002491474151611328
15,5,160,3.327500820159912,3.329176664352417,0.0016758441925048828
15,6,160,3.3199620246887207,3.3198115825653076,-0.00015044212341308594
15,7,160,3.3468565940856934,3.3490548133850098,0.0021982192993164062
15,8,160,3.0533645153045654,3.053316831588745,-4.76837158203125e-05
15,9,160,3.2692971229553223,3.269761562347412,0.00046443939208984375
15,10,160,3.487030267715454,3.4879581928253174,0.0009279251098632812
15,11,160,3.1243224143981934,3.1247236728668213,0.0004012584686279297
15,12,160,3.332131862640381,3.3314216136932373,-0.0007102489471435547
15,13,160,3.8016650676727295,3.8022615909576416,0.0005965232849121094
15,14,160,3.6423559188842773,3.643306255340576,0.0009503364562988281
15,15,160,3.5614991188049316,3.563274621963501,0.001775503158569336
15,16,160,3.9194414615631104,3.9223451614379883,0.0029036998748779297
15,17,160,3.5520544052124023,3.552936315536499,0.0008819103240966797
15,18,160,2.9047772884368896,2.9054787158966064,0.0007014274597167969
15,19,160,2.5194995403289795,2.51961088180542,0.00011134147644042969
16,0,160,3.403837203979492,3.4025115966796875,-0.0013256072998046875
16,1,160,3.5297043323516846,3.530010461807251,0.00030612945556640625
16,2,160,3.4405744075775146,3.442622184753418,0.0020477771759033203
16,3,160,2.9923899173736572,2.991425037384033,-0.0009648799896240234
16,4,160,2.833263874053955,2.8339335918426514,0.0006697177886962891
16,5,160,3.327500820159912,3.328218936920166,0.0007181167602539062
16,6,160,3.3199620246887207,3.3202195167541504,0.0002574920654296875
16,7,160,3.3468565940856934,3.347203016281128,0.0003464221954345703
16,8,160,3.0533645153045654,3.0535671710968018,0.00020265579223632812
16,9,160,3.2692971229553223,3.2697246074676514,0.00042748451232910156
16,10,160,3.487030267715454,3.486448287963867,-0.0005819797515869141
16,11,160,3.1243224143981934,3.1239993572235107,-0.0003230571746826172
16,12,160,3.332131862640381,3.3438780307769775,0.01174616813659668
16,13,160,3.8016650676727295,3.800790548324585,-0.0008745193481445312
16,14,160,3.6423559188842773,3.642538547515869,0.00018262863159179688
16,15,160,3.5614991188049316,3.5625085830688477,0.0010094642639160156
16,16,160,3.9194414615631104,3.9201574325561523,0.0007159709930419922
16,17,160,3.5520544052124023,3.552826404571533,0.0007719993591308594
16,18,160,2.9047772884368896,2.904805898666382,2.86102294921875e-05
16,19,160,2.5194995403289795,2.5197510719299316,0.00025153160095214844
17,0,160,3.403837203979492,3.403334856033325,-0.0005023479461669922
17,1,160,3.5297043323516846,3.5313501358032227,0.001645803451538086
17,2,160,3.4405744075775146,3.4399988651275635,-0.0005755424499511719
17,3,160,2.9923899173736572,2.991032600402832,-0.0013573169708251953
17,4,160,2.833263874053955,2.8334434032440186,0.00017952919006347656
17,5,160,3.327500820159912,3.3265438079833984,-0.0009570121765136719
17,6,160,3.3199620246887207,3.3202385902404785,0.0002765655517578125
17,7,160,3.3468565940856934,3.3463335037231445,-0.0005230903625488281
17,8,160,3.0533645153045654,3.054593086242676,0.0012285709381103516
17,9,160,3.2692971229553223,3.2699222564697266,0.0006251335144042969
17,10,160,3.487030267715454,3.486356496810913,-0.0006737709045410156
17,11,160,3.1243224143981934,3.122257947921753,-0.0020644664764404297
17,12,160,3.332131862640381,3.332545042037964,0.0004131793975830078
17,13,160,3.8016650676727295,3.8018460273742676,0.00018095970153808594
17,14,160,3.6423559188842773,3.64271879196167,0.0003628730773925781
17,15,160,3.5614991188049316,3.5606982707977295,-0.0008008480072021484
17,16,160,3.9194414615631104,3.918457269668579,-0.00098419189453125
17,17,160,3.5520544052124023,3.5525460243225098,0.0004916191101074219
17,18,160,2.9047772884368896,2.9061882495880127,0.0014109611511230469
17,19,160,2.5194995403289795,2.519426107406616,-7.343292236328125e-05
18,0,160,3.403837203979492,3.407310962677002,0.0034737586975097656
18,1,160,3.5297043323516846,3.5331780910491943,0.0034737586975097656
18,2,160,3.4405744075775146,3.44181489944458,0.0012404918670654297
18,3,160,2.9923899173736572,2.9917895793914795,-0.0006003379821777344
18,4,160,2.833263874053955,2.833712577819824,0.0004487037658691406
18,5,160,3.327500820159912,3.328763008117676,0.0012621879577636719
18,6,160,3.3199620246887207,3.3203561305999756,0.0003941059112548828
18,7,160,3.3468565940856934,3.3475639820098877,0.0007073879241943359
18,8,160,3.0533645153045654,3.053595781326294,0.00023126602172851562
18,9,160,3.2692971229553223,3.270294189453125,0.0009970664978027344
18,10,160,3.487030267715454,3.487783908843994,0.0007536411285400391
18,11,160,3.1243224143981934,3.12636137008667,0.0020389556884765625
18,12,160,3.332131862640381,3.333113670349121,0.0009818077087402344
18,13,160,3.8016650676727295,3.8035476207733154,0.0018825531005859375
18,14,160,3.6423559188842773,3.642657995223999,0.0003020763397216797
18,15,160,3.5614991188049316,3.5615928173065186,9.369850158691406e-05
18,16,160,3.9194414615631104,3.9190638065338135,-0.000377655029296875
18,17,160,3.5520544052124023,3.551199197769165,-0.0008552074432373047
18,18,160,2.9047772884368896,2.905747652053833,0.0009703636169433594
18,19,160,2.5194995403289795,2.51904296875,-0.0004565715789794922
19,0,160,3.403837203979492,3.402155876159668,-0.0016813278198242188
19,1,160,3.5297043323516846,3.529109239578247,-0.0005950927734375
19,2,160,3.4405744075775146,3.440783977508545,0.00020956993103027344
19,3,160,2.9923899173736572,2.991962432861328,-0.00042748451232910156
19,4,160,2.833263874053955,2.8337297439575195,0.0004658699035644531
19,5,160,3.327500820159912,3.327725410461426,0.00022459030151367188
19,6,160,3.3199620246887207,3.317868232727051,-0.002093791961669922
19,7,160,3.3468565940856934,3.346468448638916,-0.00038814544677734375
19,8,160,3.0533645153045654,3.053462028503418,9.751319885253906e-05
19,9,160,3.2692971229553223,3.2691526412963867,-0.00014448165893554688
19,10,160,3.487030267715454,3.4888572692871094,0.0018270015716552734
19,11,160,3.1243224143981934,3.124965190887451,0.0006427764892578125
19,12,160,3.332131862640381,3.3305816650390625,-0.0015501976013183594
19,13,160,3.8016650676727295,3.8017396926879883,7.462501525878906e-05
19,14,160,3.6423559188842773,3.64357852935791,0.0012226104736328125
19,15,160,3.5614991188049316,3.5615410804748535,4.1961669921875e-05
19,16,160,3.9194414615631104,3.918799877166748,-0.0006415843963623047
19,17,160,3.5520544052124023,3.550755500793457,-0.0012989044189453125
19,18,160,2.9047772884368896,2.9058399200439453,0.001062631607055664
19,19,160,2.5194995403289795,2.5191826820373535,-0.00031685829162597656
20,0,160,3.403837203979492,3.4035003185272217,-0.0003368854522705078
20,1,160,3.5297043323516846,3.5305018424987793,0.0007975101470947266
20,2,160,3.4405744075775146,3.4417054653167725,0.0011310577392578125
20,3,160,2.9923899173736572,2.990818500518799,-0.0015714168548583984
20,4,160,2.833263874053955,2.8327465057373047,-0.0005173683166503906
20,5,160,3.327500820159912,3.3271484375,-0.0003523826599121094
20,6,160,3.3199620246887207,3.318497896194458,-0.0014641284942626953
20,7,160,3.3468565940856934,3.3460588455200195,-0.0007977485656738281
20,8,160,3.0533645153045654,3.0528900623321533,-0.0004744529724121094
20,9,160,3.2692971229553223,3.270796298980713,0.001499176025390625
20,10,160,3.487030267715454,3.4855973720550537,-0.0014328956604003906
20,11,160,3.1243224143981934,3.1249115467071533,0.0005891323089599609
20,12,160,3.332131862640381,3.3334195613861084,0.001287698745727539
20,13,160,3.8016650676727295,3.8018336296081543,0.0001685619354248047
20,14,160,3.6423559188842773,3.6417160034179688,-0.0006399154663085938
20,15,160,3.5614991188049316,3.5611627101898193,-0.0003364086151123047
20,16,160,3.9194414615631104,3.918154716491699,-0.0012867450714111328
20,17,160,3.5520544052124023,3.557208776473999,0.00515437126159668
20,18,160,2.9047772884368896,2.904407501220703,-0.00036978721618652344
20,19,160,2.5194995403289795,2.5183537006378174,-0.0011458396911621094
21,0,160,3.403837203979492,3.4046006202697754,0.0007634162902832031
21,1,160,3.5297043323516846,3.529783010482788,7.867813110351562e-05
21,2,160,3.4405744075775146,3.4390053749084473,-0.0015690326690673828
21,3,160,2.9923899173736572,2.991424083709717,-0.0009658336639404297
21,4,160,2.833263874053955,2.8310909271240234,-0.0021729469299316406
21,5,160,3.327500820159912,3.3258676528930664,-0.0016331672668457031
21,6,160,3.3199620246887207,3.3197896480560303,-0.0001723766326904297
21,7,160,3.3468565940856934,3.3464877605438232,-0.0003688335418701172
21,8,160,3.0533645153045654,3.0528013706207275,-0.0005631446838378906
21,9,160,3.2692971229553223,3.2689547538757324,-0.00034236907958984375
21,10,160,3.487030267715454,3.4852545261383057,-0.0017757415771484375
21,11,160,3.1243224143981934,3.1247165203094482,0.0003941059112548828
21,12,160,3.332131862640381,3.3327207565307617,0.0005888938903808594
21,13,160,3.8016650676727295,3.8022449016571045,0.000579833984375
21,14,160,3.6423559188842773,3.6422970294952393,-5.888938903808594e-05
21,15,160,3.5614991188049316,3.5606472492218018,-0.0008518695831298828
21,16,160,3.9194414615631104,3.9187214374542236,-0.0007200241088867188
21,17,160,3.5520544052124023,3.552934169769287,0.0008797645568847656
21,18,160,2.9047772884368896,2.905855178833008,0.001077890396118164
21,19,160,2.5194995403289795,2.520094156265259,0.0005946159362792969
22,0,160,3.403837203979492,3.4029929637908936,-0.0008442401885986328
22,1,160,3.5297043323516846,3.52911114692688,-0.0005931854248046875
22,2,160,3.4405744075775146,3.4413671493530273,0.0007927417755126953
22,3,160,2.9923899173736572,2.991672992706299,-0.0007169246673583984
22,4,160,2.833263874053955,2.8332502841949463,-1.3589859008789062e-05
22,5,160,3.327500820159912,3.328641176223755,0.0011403560638427734
22,6,160,3.3199620246887207,3.3192965984344482,-0.0006654262542724609
22,7,160,3.3468565940856934,3.3458409309387207,-0.0010156631469726562
22,8,160,3.0533645153045654,3.0529563426971436,-0.000408172607421875
22,9,160,3.2692971229553223,3.268063545227051,-0.0012335777282714844
22,10,160,3.487030267715454,3.48699688911438,-3.337860107421875e-05
22,11,160,3.1243224143981934,3.1224193572998047,-0.0019030570983886719
22,12,160,3.332131862640381,3.3317885398864746,-0.00034332275390625
22,13,160,3.8016650676727295,3.800158977508545,-0.0015060901641845703
22,14,160,3.6423559188842773,3.642075777053833,-0.00028014183044433594
22,15,160,3.5614991188049316,3.5619781017303467,0.00047898292541503906
22,16,160,3.9194414615631104,3.919980764389038,0.0005393028259277344
22,17,160,3.5520544052124023,3.552086114883423,3.170967102050781e-05
22,18,160,2.9047772884368896,2.90425705909729,-0.0005202293395996094
22,19,160,2.5194995403289795,2.5205576419830322,0.0010581016540527344
23,0,160,3.403837203979492,3.403338670730591,-0.0004985332489013672
23,1,160,3.5297043323516846,3.5313525199890137,0.0016481876373291016
23,2,160,3.4405744075775146,3.439668893814087,-0.0009055137634277344
23,3,160,2.9923899173736572,2.988981246948242,-0.003408670425415039
23,4,160,2.833263874053955,2.8343050479888916,0.0010411739349365234
23,5,160,3.327500820159912,3.3285579681396484,0.0010571479797363281
23,6,160,3.3199620246887207,3.319369077682495,-0.0005929470062255859
23,7,160,3.3468565940856934,3.3495097160339355,0.0026531219482421875
23,8,160,3.0533645153045654,3.0534205436706543,5.602836608886719e-05
23,9,160,3.2692971229553223,3.269150495529175,-0.00014662742614746094
23,10,160,3.487030267715454,3.487149715423584,0.00011944770812988281
23,11,160,3.1243224143981934,3.1224007606506348,-0.0019216537475585938
23,12,160,3.332131862640381,3.331181764602661,-0.0009500980377197266
23,13,160,3.8016650676727295,3.8012256622314453,-0.0004394054412841797
23,14,160,3.6423559188842773,3.6406798362731934,-0.0016760826110839844
23,15,160,3.5614991188049316,3.5614285469055176,-7.05718994140625e-05
23,16,160,3.9194414615631104,3.9200005531311035,0.0005590915679931641
23,17,160,3.5520544052124023,3.551891565322876,-0.0001628398895263672
23,18,160,2.9047772884368896,2.903749465942383,-0.001027822494506836
23,19,160,2.5194995403289795,2.52248215675354,0.002982616424560547
24,0,160,3.403837203979492,3.4051647186279297,0.0013275146484375
24,1,160,3.5297043323516846,3.5299930572509766,0.0002887248992919922
24,2,160,3.4405744075775146,3.440457820892334,-0.00011658668518066406
24,3,160,2.9923899173736572,2.991116523742676,-0.0012733936309814453
24,4,160,2.833263874053955,2.8314290046691895,-0.001834869384765625
24,5,160,3.327500820159912,3.328551769256592,0.0010509490966796875
24,6,160,3.3199620246887207,3.319418430328369,-0.0005435943603515625
24,7,160,3.3468565940856934,3.346895217895508,3.8623809814453125e-05
24,8,160,3.0533645153045654,3.0545268058776855,0.0011622905731201172
24,9,160,3.2692971229553223,3.2692172527313232,-7.987022399902344e-05
24,10,160,3.487030267715454,3.487271785736084,0.0002415180206298828
24,11,160,3.1243224143981934,3.123671054840088,-0.0006513595581054688
24,12,160,3.332131862640381,3.3321454524993896,1.3589859008789062e-05
24,13,160,3.8016650676727295,3.8019630908966064,0.0002980232238769531
24,14,160,3.6423559188842773,3.6432621479034424,0.0009062290191650391
24,15,160,3.5614991188049316,3.5625805854797363,0.0010814666748046875
24,16,160,3.9194414615631104,3.918288469314575,-0.0011529922485351562
24,17,160,3.5520544052124023,3.551112413406372,-0.0009419918060302734
24,18,160,2.9047772884368896,2.9047627449035645,-1.4543533325195312e-05
24,19,160,2.5194995403289795,2.5197620391845703,0.0002624988555908203
25,0,160,3.403837203979492,3.403749942779541,-8.726119995117188e-05
25,1,160,3.5297043323516846,3.5277764797210693,-0.0019278526306152344
25,2,160,3.4405744075775146,3.4395945072174072,-0.0009799003601074219
25,3,160,2.9923899173736572,2.9934756755828857,0.0010857582092285156
25,4,160,2.833263874053955,2.833684206008911,0.0004203319549560547
25,5,160,3.327500820159912,3.328359842300415,0.0008590221405029297
25,6,160,3.3199620246887207,3.320807695388794,0.0008456707000732422
25,7,160,3.3468565940856934,3.3482744693756104,0.0014178752899169922
25,8,160,3.0533645153045654,3.0545284748077393,0.0011639595031738281
25,9,160,3.2692971229553223,3.269423484802246,0.00012636184692382812
25,10,160,3.487030267715454,3.488128423690796,0.0010981559753417969
25,11,160,3.1243224143981934,3.1243321895599365,9.775161743164062e-06
25,12,160,3.332131862640381,3.3304250240325928,-0.001706838607788086
25,13,160,3.8016650676727295,3.8034496307373047,0.0017845630645751953
25,14,160,3.6423559188842773,3.6414761543273926,-0.0008797645568847656
25,15,160,3.5614991188049316,3.5602426528930664,-0.0012564659118652344
25,16,160,3.9194414615631104,3.920309543609619,0.0008680820465087891
25,17,160,3.5520544052124023,3.5547633171081543,0.002708911895751953
25,18,160,2.9047772884368896,2.9057414531707764,0.0009641647338867188
25,19,160,2.5194995403289795,2.5197651386260986,0.0002655982971191406
26,0,160,3.403837203979492,3.4029715061187744,-0.0008656978607177734
26,1,160,3.5297043323516846,3.5288681983947754,-0.0008361339569091797
26,2,160,3.4405744075775146,3.43973445892334,-0.0008399486541748047
26,3,160,2.9923899173736572,2.991608142852783,-0.0007817745208740234
26,4,160,2.833263874053955,2.8316707611083984,-0.0015931129455566406
26,5,160,3.327500820159912,3.327547073364258,4.6253204345703125e-05
26,6,160,3.3199620246887207,3.3216254711151123,0.0016634464263916016
26,7,160,3.3468565940856934,3.3459343910217285,-0.0009222030639648438
26,8,160,3.0533645153045654,3.053112745285034,-0.00025177001953125
26,9,160,3.2692971229553223,3.270141839981079,0.0008447170257568359
26,10,160,3.487030267715454,3.488067626953125,0.0010373592376708984
26,11,160,3.1243224143981934,3.1225502490997314,-0.001772165298461914
26,12,160,3.332131862640381,3.3331968784332275,0.0010650157928466797
26,13,160,3.8016650676727295,3.802246332168579,0.0005812644958496094
26,14,160,3.6423559188842773,3.6434924602508545,0.0011365413665771484
26,15,160,3.5614991188049316,3.561495542526245,-3.5762786865234375e-06
26,16,160,3.9194414615631104,3.918093204498291,-0.001348257064819336
26,17,160,3.5520544052124023,3.5518550872802734,-0.00019931793212890625
26,18,160,2.9047772884368896,2.904470443725586,-0.00030684471130371094
26,19,160,2.5194995403289795,2.516669273376465,-0.0028302669525146484
27,0,160,3.403837203979492,3.4033710956573486,-0.0004661083221435547
27,1,160,3.5297043323516846,3.5309176445007324,0.0012133121490478516
27,2,160,3.4405744075775146,3.4397542476654053,-0.000820159912109375
27,3,160,2.9923899173736572,2.991225242614746,-0.0011646747589111328
27,4,160,2.833263874053955,2.8331682682037354,-9.560585021972656e-05
27,5,160,3.327500820159912,3.3272664546966553,-0.00023436546325683594
27,6,160,3.3199620246887207,3.3193559646606445,-0.0006060600280761719
27,7,160,3.3468565940856934,3.346066951751709,-0.000789642333984375
27,8,160,3.0533645153045654,3.0540900230407715,0.0007255077362060547
27,9,160,3.2692971229553223,3.2692575454711914,-3.9577484130859375e-05
27,10,160,3.487030267715454,3.4878718852996826,0.0008416175842285156
27,11,160,3.1243224143981934,3.123553991317749,-0.0007684230804443359
27,12,160,3.332131862640381,3.3318991661071777,-0.000232696533203125
27,13,160,3.8016650676727295,3.8016648292541504,-2.384185791015625e-07
27,14,160,3.6423559188842773,3.641975164413452,-0.0003807544708251953
27,15,160,3.5614991188049316,3.562220335006714,0.0007212162017822266
27,16,160,3.9194414615631104,3.917898178100586,-0.001543283462524414
27,17,160,3.5520544052124023,3.551605224609375,-0.00044918060302734375
27,18,160,2.9047772884368896,2.903935670852661,-0.0008416175842285156
27,19,160,2.5194995403289795,2.5187785625457764,-0.000720977783203125
28,0,160,3.403837203979492,3.404542922973633,0.000705718994140625
28,1,160,3.5297043323516846,3.529757022857666,5.269050598144531e-05
28,2,160,3.4405744075775146,3.4399912357330322,-0.0005831718444824219
28,3,160,2.9923899173736572,2.9928719997406006,0.0004820823669433594
28,4,160,2.833263874053955,2.8315978050231934,-0.0016660690307617188
28,5,160,3.327500820159912,3.326835870742798,-0.0006649494171142578
28,6,160,3.3199620246887207,3.320082426071167,0.00012040138244628906
28,7,160,3.3468565940856934,3.348850727081299,0.0019941329956054688
28,8,160,3.0533645153045654,3.054682493209839,0.0013179779052734375
28,9,160,3.2692971229553223,3.27056622505188,0.0012691020965576172
28,10,160,3.487030267715454,3.4869132041931152,-0.00011706352233886719
28,11,160,3.1243224143981934,3.122659921646118,-0.0016624927520751953
28,12,160,3.332131862640381,3.3311526775360107,-0.0009791851043701172
28,13,160,3.8016650676727295,3.801804542541504,0.00013947486877441406
28,14,160,3.6423559188842773,3.643371343612671,0.0010154247283935547
28,15,160,3.5614991188049316,3.562345504760742,0.0008463859558105469
28,16,160,3.9194414615631104,3.9194583892822266,1.6927719116210938e-05
28,17,160,3.5520544052124023,3.5532829761505127,0.0012285709381103516
28,18,160,2.9047772884368896,2.904411792755127,-0.0003654956817626953
28,19,160,2.5194995403289795,2.519789218902588,0.00028967857360839844
29,0,160,3.403837203979492,3.402402877807617,-0.001434326171875
29,1,160,3.5297043323516846,3.528587579727173,-0.0011167526245117188
29,2,160,3.4405744075775146,3.4405667781829834,-7.62939453125e-06
29,3,160,2.9923899173736572,2.992854595184326,0.0004646778106689453
29,4,160,2.833263874053955,2.834916353225708,0.0016524791717529297
29,5,160,3.327500820159912,3.3264477252960205,-0.0010530948638916016
29,6,160,3.3199620246887207,3.3199920654296875,3.0040740966796875e-05
29,7,160,3.3468565940856934,3.3480098247528076,0.0011532306671142578
29,8,160,3.0533645153045654,3.0522279739379883,-0.0011365413665771484
29,9,160,3.2692971229553223,3.2700564861297607,0.0007593631744384766
29,10,160,3.487030267715454,3.4868812561035156,-0.00014901161193847656
29,11,160,3.1243224143981934,3.123469114303589,-0.0008533000946044922
29,12,160,3.332131862640381,3.3317792415618896,-0.00035262107849121094
29,13,160,3.8016650676727295,3.8014090061187744,-0.0002560615539550781
29,14,160,3.6423559188842773,3.640942096710205,-0.0014138221740722656
29,15,160,3.5614991188049316,3.560154676437378,-0.001344442367553711
29,16,160,3.9194414615631104,3.9196252822875977,0.0001838207244873047
29,17,160,3.5520544052124023,3.55159330368042,-0.0004611015319824219
29,18,160,2.9047772884368896,2.9024012088775635,-0.002376079559326172
29,19,160,2.5194995403289795,2.5204436779022217,0.0009441375732421875
30,0,160,3.403837203979492,3.402374505996704,-0.001462697982788086
30,1,160,3.5297043323516846,3.5286450386047363,-0.0010592937469482422
30,2,160,3.4405744075775146,3.4409046173095703,0.00033020973205566406
30,3,160,2.9923899173736572,2.9930055141448975,0.0006155967712402344
30,4,160,2.833263874053955,2.83439564704895,0.0011317729949951172
30,5,160,3.327500820159912,3.3284616470336914,0.0009608268737792969
30,6,160,3.3199620246887207,3.320786714553833,0.0008246898651123047
30,7,160,3.3468565940856934,3.3470511436462402,0.000194549560546875
30,8,160,3.0533645153045654,3.053184986114502,-0.00017952919006347656
30,9,160,3.2692971229553223,3.2695717811584473,0.000274658203125
30,10,160,3.487030267715454,3.487834930419922,0.0008046627044677734
30,11,160,3.1243224143981934,3.1233835220336914,-0.0009388923645019531
30,12,160,3.332131862640381,3.332202672958374,7.081031799316406e-05
30,13,160,3.8016650676727295,3.8023080825805664,0.0006430149078369141
30,14,160,3.6423559188842773,3.641005516052246,-0.00135040283203125
30,15,160,3.5614991188049316,3.561314344406128,-0.00018477439880371094
30,16,160,3.9194414615631104,3.92163348197937,0.0021920204162597656
30,17,160,3.5520544052124023,3.5560591220855713,0.004004716873168945
30,18,160,2.9047772884368896,2.9059693813323975,0.0011920928955078125
30,19,160,2.5194995403289795,2.517538070678711,-0.0019614696502685547
31,0,160,3.403837203979492,3.402953863143921,-0.0008833408355712891
31,1,160,3.5297043323516846,3.5306966304779053,0.0009922981262207031
31,2,160,3.4405744075775146,3.4408648014068604,0.0002903938293457031
31,3,160,2.9923899173736572,2.993809223175049,0.0014193058013916016
31,4,160,2.833263874053955,2.8348920345306396,0.0016281604766845703
31,5,160,3.327500820159912,3.3258464336395264,-0.0016543865203857422
31,6,160,3.3199620246887207,3.320354700088501,0.00039267539978027344
31,7,160,3.3468565940856934,3.3478481769561768,0.0009915828704833984
31,8,160,3.0533645153045654,3.053402900695801,3.838539123535156e-05
31,9,160,3.2692971229553223,3.2686057090759277,-0.0006914138793945312
31,10,160,3.487030267715454,3.488438844680786,0.0014085769653320312
31,11,160,3.1243224143981934,3.1240556240081787,-0.00026679039001464844
31,12,160,3.332131862640381,3.3318655490875244,-0.0002663135528564453
31,13,160,3.8016650676727295,3.801487684249878,-0.0001773834228515625
31,14,160,3.6423559188842773,3.6429145336151123,0.0005586147308349609
31,15,160,3.5614991188049316,3.562356472015381,0.0008573532104492188
31,16,160,3.9194414615631104,3.918428897857666,-0.001012563705444336
31,17,160,3.5520544052124023,3.5512142181396484,-0.0008401870727539062
31,18,160,2.9047772884368896,2.9049243927001953,0.00014710426330566406
31,19,160,2.5194995403289795,2.520163059234619,0.0006635189056396484
32,0,160,3.403837203979492,3.4049835205078125,0.0011463165283203125
32,1,160,3.5297043323516846,3.531238317489624,0.0015339851379394531
32,2,160,3.4405744075775146,3.4407310485839844,0.00015664100646972656
32,3,160,2.9923899173736572,2.9936439990997314,0.0012540817260742188
32,4,160,2.833263874053955,2.833674192428589,0.00041031837463378906
32,5,160,3.327500820159912,3.3283493518829346,0.0008485317230224609
32,6,160,3.3199620246887207,3.3195979595184326,-0.00036406517028808594
32,7,160,3.3468565940856934,3.3474903106689453,0.0006337165832519531
32,8,160,3.0533645153045654,3.0518293380737305,-0.001535177230834961
32,9,160,3.2692971229553223,3.269944190979004,0.0006470680236816406
32,10,160,3.487030267715454,3.4868838787078857,-0.00014638900756835938
32,11,160,3.1243224143981934,3.1249096393585205,0.0005872249603271484
32,12,160,3.332131862640381,3.3312196731567383,-0.0009121894836425781
32,13,160,3.8016650676727295,3.8005619049072266,-0.0011031627655029297
32,14,160,3.6423559188842773,3.6424522399902344,9.632110595703125e-05
32,15,160,3.5614991188049316,3.562183141708374,0.0006840229034423828
32,16,160,3.9194414615631104,3.918900966644287,-0.0005404949188232422
32,17,160,3.5520544052124023,3.5527381896972656,0.0006837844848632812
32,18,160,2.9047772884368896,2.904481887817383,-0.00029540061950683594
32,19,160,2.5194995403289795,2.5189173221588135,-0.0005822181701660156
33,0,160,3.403837203979492,3.408179998397827,0.004342794418334961
33,1,160,3.5297043323516846,3.529906749725342,0.00020241737365722656
33,2,160,3.4405744075775146,3.439242362976074,-0.0013320446014404297
33,3,160,2.9923899173736572,2.9914097785949707,-0.0009801387786865234
33,4,160,2.833263874053955,2.8329713344573975,-0.0002925395965576172
33,5,160,3.327500820159912,3.3259494304656982,-0.0015513896942138672
33,6,160,3.3199620246887207,3.3197576999664307,-0.00020432472229003906
33,7,160,3.3468565940856934,3.346539258956909,-0.0003173351287841797
33,8,160,3.0533645153045654,3.053734064102173,0.0003695487976074219
33,9,160,3.2692971229553223,3.2673511505126953,-0.0019459724426269531
33,10,160,3.487030267715454,3.486673355102539,-0.00035691261291503906
33,11,160,3.1243224143981934,3.1227285861968994,-0.0015938282012939453
33,12,160,3.332131862640381,3.331170082092285,-0.0009617805480957031
33,13,160,3.8016650676727295,3.8028364181518555,0.0011713504791259766
33,14,160,3.6423559188842773,3.641261100769043,-0.001094818115234375
33,15,160,3.5614991188049316,3.561817169189453,0.0003180503845214844
33,16,160,3.9194414615631104,3.920073986053467,0.0006325244903564453
33,17,160,3.5520544052124023,3.552338123321533,0.0002837181091308594
33,18,160,2.9047772884368896,2.9045474529266357,-0.00022983551025390625
33,19,160,2.5194995403289795,2.519962787628174,0.00046324729919433594
34,0,160,3.403837203979492,3.4035937786102295,-0.0002434253692626953
34,1,160,3.5297043323516846,3.5299997329711914,0.00029540061950683594
34,2,160,3.4405744075775146,3.440579414367676,5.0067901611328125e-06
34,3,160,2.9923899173736572,2.993333578109741,0.0009436607360839844
34,4,160,2.833263874053955,2.8341312408447266,0.0008673667907714844
34,5,160,3.327500820159912,3.3283941745758057,0.0008933544158935547
34,6,160,3.3199620246887207,3.320443868637085,0.0004818439483642578
34,7,160,3.3468565940856934,3.3477303981781006,0.0008738040924072266
34,8,160,3.0533645153045654,3.054199457168579,0.0008349418640136719
34,9,160,3.2692971229553223,3.269869565963745,0.0005724430084228516
34,10,160,3.487030267715454,3.4870615005493164,3.123283386230469e-05
34,11,160,3.1243224143981934,3.123870372772217,-0.0004520416259765625
34,12,160,3.332131862640381,3.3309826850891113,-0.0011491775512695312
34,13,160,3.8016650676727295,3.802145004272461,0.0004799365997314453
34,14,160,3.6423559188842773,3.643305540084839,0.0009496212005615234
34,15,160,3.5614991188049316,3.561682939529419,0.0001838207244873047
34,16,160,3.9194414615631104,3.918440818786621,-0.0010006427764892578
34,17,160,3.5520544052124023,3.5529794692993164,0.0009250640869140625
34,18,160,2.9047772884368896,2.9062323570251465,0.001455068588256836
34,19,160,2.5194995403289795,2.52046537399292,0.0009658336639404297
35,0,160,3.403837203979492,3.403986930847168,0.00014972686767578125
35,1,160,3.5297043323516846,3.528742790222168,-0.0009615421295166016
35,2,160,3.4405744075775146,3.440037965774536,-0.0005364418029785156
35,3,160,2.9923899173736572,2.9927093982696533,0.00031948089599609375
35,4,160,2.833263874053955,2.833242177963257,-2.1696090698242188e-05
35,5,160,3.327500820159912,3.3279330730438232,0.0004322528839111328
35,6,160,3.3199620246887207,3.3200571537017822,9.512901306152344e-05
35,7,160,3.3468565940856934,3.3475282192230225,0.0006716251373291016
35,8,160,3.0533645153045654,3.054616928100586,0.0012524127960205078
35,9,160,3.2692971229553223,3.268763780593872,-0.0005333423614501953
35,10,160,3.487030267715454,3.4867029190063477,-0.0003273487091064453
35,11,160,3.1243224143981934,3.1226723194122314,-0.001650094985961914
35,12,160,3.332131862640381,3.332014560699463,-0.00011730194091796875
35,13,160,3.8016650676727295,3.802163600921631,0.0004985332489013672
35,14,160,3.6423559188842773,3.64304780960083,0.0006918907165527344
35,15,160,3.5614991188049316,3.561941623687744,0.0004425048828125
35,16,160,3.9194414615631104,3.921668767929077,0.002227306365966797
35,17,160,3.5520544052124023,3.5534093379974365,0.0013549327850341797
35,18,160,2.9047772884368896,2.9055302143096924,0.0007529258728027344
35,19,160,2.5194995403289795,2.519413709640503,-8.58306884765625e-05
36,0,160,3.403837203979492,3.4040374755859375,0.0002002716064453125
36,1,160,3.5297043323516846,3.5313615798950195,0.001657247543334961
36,2,160,3.4405744075775146,3.440150499343872,-0.0004239082336425781
36,3,160,2.9923899173736572,2.991621494293213,-0.0007684230804443359
36,4,160,2.833263874053955,2.8336520195007324,0.00038814544677734375
36,5,160,3.327500820159912,3.328192710876465,0.0006918907165527344
36,6,160,3.3199620246887207,3.3196799755096436,-0.00028204917907714844
36,7,160,3.3468565940856934,3.345933675765991,-0.0009229183197021484
36,8,160,3.0533645153045654,3.0538382530212402,0.0004737377166748047
36,9,160,3.2692971229553223,3.268897771835327,-0.0003993511199951172
36,10,160,3.487030267715454,3.4878711700439453,0.0008409023284912109
36,11,160,3.1243224143981934,3.123736619949341,-0.0005857944488525391
36,12,160,3.332131862640381,3.331768751144409,-0.0003631114959716797
36,13,160,3.8016650676727295,3.801919460296631,0.0002543926239013672
36,14,160,3.6423559188842773,3.642324686050415,-3.123283386230469e-05
36,15,160,3.5614991188049316,3.562243700027466,0.0007445812225341797
36,16,160,3.9194414615631104,3.9194257259368896,-1.5735626220703125e-05
36,17,160,3.5520544052124023,3.552635431289673,0.0005810260772705078
36,18,160,2.9047772884368896,2.9049670696258545,0.00018978118896484375
36,19,160,2.5194995403289795,2.519763708114624,0.00026416778564453125
37,0,160,3.403837203979492,3.404449939727783,0.0006127357482910156
37,1,160,3.5297043323516846,3.528033494949341,-0.00167083740234375
37,2,160,3.4405744075775146,3.4407081604003906,0.00013375282287597656
37,3,160,2.9923899173736572,2.994077682495117,0.001687765121459961
37,4,160,2.833263874053955,2.8334081172943115,0.0001442432403564453
37,5,160,3.327500820159912,3.3269410133361816,-0.0005598068237304688
37,6,160,3.3199620246887207,3.3201115131378174,0.0001494884490966797
37,7,160,3.3468565940856934,3.3462064266204834,-0.0006501674652099609
37,8,160,3.0533645153045654,3.0511748790740967,-0.00218963623046875
37,9,160,3.2692971229553223,3.2703616619110107,0.0010645389556884766
37,10,160,3.487030267715454,3.48872709274292,0.0016968250274658203
37,11,160,3.1243224143981934,3.1240031719207764,-0.0003192424774169922
37,12,160,3.332131862640381,3.3319387435913086,-0.00019311904907226562
37,13,160,3.8016650676727295,3.8007140159606934,-0.0009510517120361328
37,14,160,3.6423559188842773,3.6435749530792236,0.001219034194946289
37,15,160,3.5614991188049316,3.5634634494781494,0.0019643306732177734
37,16,160,3.9194414615631104,3.919407844543457,-3.361701965332031e-05
37,17,160,3.5520544052124023,3.5514543056488037,-0.0006000995635986328
37,18,160,2.9047772884368896,2.9042396545410156,-0.0005376338958740234
37,19,160,2.5194995403289795,2.518822431564331,-0.0006771087646484375
38,0,160,3.403837203979492,3.4034411907196045,-0.0003960132598876953
38,1,160,3.5297043323516846,3.530442714691162,0.0007383823394775391
38,2,160,3.4405744075775146,3.4437880516052246,0.003213644027709961
38,3,160,2.9923899173736572,2.9948837757110596,0.0024938583374023438
38,4,160,2.833263874053955,2.836212635040283,0.002948760986328125
38,5,160,3.327500820159912,3.32885479927063,0.0013539791107177734
38,6,160,3.3199620246887207,3.3241655826568604,0.0042035579681396484
38,7,160,3.3468565940856934,3.3507347106933594,0.0038781166076660156
38,8,160,3.0533645153045654,3.0548512935638428,0.0014867782592773438
38,9,160,3.2692971229553223,3.270843267440796,0.0015461444854736328
38,10,160,3.487030267715454,3.4893410205841064,0.0023107528686523438
38,11,160,3.1243224143981934,3.127455949783325,0.003133535385131836
38,12,160,3.332131862640381,3.350419521331787,0.01828765869140625
38,13,160,3.8016650676727295,3.8010146617889404,-0.0006504058837890625
38,14,160,3.6423559188842773,3.6427230834960938,0.00036716461181640625
38,15,160,3.5614991188049316,3.5622141361236572,0.0007150173187255859
38,16,160,3.9194414615631104,3.9216971397399902,0.002255678176879883
38,17,160,3.5520544052124023,3.5533547401428223,0.0013003349304199219
38,18,160,2.9047772884368896,2.904747486114502,-2.9802322387695312e-05
38,19,160,2.5194995403289795,2.518324375152588,-0.0011751651763916016
39,0,160,3.403837203979492,3.402773857116699,-0.0010633468627929688
39,1,160,3.5297043323516846,3.530099868774414,0.0003955364227294922
39,2,160,3.4405744075775146,3.442303419113159,0.0017290115356445312
39,3,160,2.9923899173736572,2.992715835571289,0.00032591819763183594
39,4,160,2.833263874053955,2.8326399326324463,-0.0006239414215087891
39,5,160,3.327500820159912,3.328390121459961,0.0008893013000488281
39,6,160,3.3199620246887207,3.321028709411621,0.0010666847229003906
39,7,160,3.3468565940856934,3.3484458923339844,0.0015892982482910156
39,8,160,3.0533645153045654,3.0537800788879395,0.00041556358337402344
39,9,160,3.2692971229553223,3.270325183868408,0.0010280609130859375
39,10,160,3.487030267715454,3.4887783527374268,0.0017480850219726562
39,11,160,3.1243224143981934,3.123995065689087,-0.0003273487091064453
39,12,160,3.332131862640381,3.3319191932678223,-0.00021266937255859375
39,13,160,3.8016650676727295,3.8023557662963867,0.0006906986236572266
39,14,160,3.6423559188842773,3.6423676013946533,1.1682510375976562e-05
39,15,160,3.5614991188049316,3.5609285831451416,-0.0005705356597900391
39,16,160,3.9194414615631104,3.9181528091430664,-0.0012886524200439453
39,17,160,3.5520544052124023,3.5511271953582764,-0.0009272098541259766
39,18,160,2.9047772884368896,2.903771162033081,-0.0010061264038085938
39,19,160,2.5194995403289795,2.518542528152466,-0.0009570121765136719
40,0,160,3.403837203979492,3.403555154800415,-0.00028204917907714844
40,1,160,3.5297043323516846,3.529729127883911,2.47955322265625e-05
40,2,160,3.4405744075775146,3.438781261444092,-0.0017931461334228516
40,3,160,2.9923899173736572,2.991983413696289,-0.00040650367736816406
40,4,160,2.833263874053955,2.833202362060547,-6.151199340820312e-05
40,5,160,3.327500820159912,3.329059600830078,0.0015587806701660156
40,6,160,3.3199620246887207,3.3190529346466064,-0.0009090900421142578
40,7,160,3.3468565940856934,3.346737861633301,-0.00011873245239257812
40,8,160,3.0533645153045654,3.053774833679199,0.00041031837463378906
40,9,160,3.2692971229553223,3.2705440521240234,0.0012469291687011719
40,10,160,3.487030267715454,3.4873287677764893,0.00029850006103515625
40,11,160,3.1243224143981934,3.1264491081237793,0.0021266937255859375
40,12,160,3.332131862640381,3.3404288291931152,0.008296966552734375
40,13,160,3.8016650676727295,3.8014633655548096,-0.00020170211791992188
40,14,160,3.6423559188842773,3.643479347229004,0.0011234283447265625
40,15,160,3.5614991188049316,3.5621843338012695,0.0006852149963378906
40,16,160,3.9194414615631104,3.9197511672973633,0.0003097057342529297
40,17,160,3.5520544052124023,3.5516622066497803,-0.0003921985626220703
40,18,160,2.9047772884368896,2.9044322967529297,-0.00034499168395996094
40,19,160,2.5194995403289795,2.519120454788208,-0.0003790855407714844
41,0,160,3.403837203979492,3.4044742584228516,0.000637054443359375
41,1,160,3.5297043323516846,3.5302703380584717,0.0005660057067871094
41,2,160,3.4405744075775146,3.4422616958618164,0.0016872882843017578
41,3,160,2.9923899173736572,2.991427421569824,-0.0009624958038330078
41,4,160,2.833263874053955,2.833611488342285,0.0003476142883300781
41,5,160,3.327500820159912,3.327549457550049,4.863739013671875e-05
41,6,160,3.3199620246887207,3.3187623023986816,-0.0011997222900390625
41,7,160,3.3468565940856934,3.34515118598938,-0.0017054080963134766
41,8,160,3.0533645153045654,3.0522334575653076,-0.0011310577392578125
41,9,160,3.2692971229553223,3.2710235118865967,0.001726388931274414
41,10,160,3.487030267715454,3.486773729324341,-0.00025653839111328125
41,11,160,3.1243224143981934,3.1250267028808594,0.0007042884826660156
41,12,160,3.332131862640381,3.332812786102295,0.0006809234619140625
41,13,160,3.8016650676727295,3.8011038303375244,-0.0005612373352050781
41,14,160,3.6423559188842773,3.6425251960754395,0.00016927719116210938
41,15,160,3.5614991188049316,3.5615572929382324,5.817413330078125e-05
41,16,160,3.9194414615631104,3.919633626937866,0.00019216537475585938
41,17,160,3.5520544052124023,3.551392078399658,-0.0006623268127441406
41,18,160,2.9047772884368896,2.903463363647461,-0.001313924789428711
41,19,160,2.5194995403289795,2.5177507400512695,-0.001748800277709961
42,0,160,3.403837203979492,3.403611898422241,-0.00022530555725097656
42,1,160,3.5297043323516846,3.5296471118927,-5.7220458984375e-05
42,2,160,3.4405744075775146,3.443505048751831,0.0029306411743164062
42,3,160,2.9923899173736572,2.995502471923828,0.0031125545501708984
42,4,160,2.833263874053955,2.8337745666503906,0.0005106925964355469
42,5,160,3.327500820159912,3.329615354537964,0.002114534378051758
42,6,160,3.3199620246887207,3.323723316192627,0.00376129150390625
42,7,160,3.3468565940856934,3.351886749267578,0.005030155181884766
42,8,160,3.0533645153045654,3.0541534423828125,0.0007889270782470703
42,9,160,3.2692971229553223,3.2714040279388428,0.002106904983520508
42,10,160,3.487030267715454,3.4913909435272217,0.004360675811767578
42,11,160,3.1243224143981934,3.1242048740386963,-0.00011754035949707031
42,12,160,3.332131862640381,3.331284761428833,-0.0008471012115478516
42,13,160,3.8016650676727295,3.8021442890167236,0.0004792213439941406
42,14,160,3.6423559188842773,3.6415793895721436,-0.0007765293121337891
42,15,160,3.5614991188049316,3.5622498989105225,0.0007507801055908203
42,16,160,3.9194414615631104,3.9211957454681396,0.0017542839050292969
42,17,160,3.5520544052124023,3.5519397258758545,-0.00011467933654785156
42,18,160,2.9047772884368896,2.9037654399871826,-0.0010118484497070312
42,19,160,2.5194995403289795,2.5189714431762695,-0.0005280971527099609
43,0,160,3.403837203979492,3.4044785499572754,0.0006413459777832031
43,1,160,3.5297043323516846,3.5293190479278564,-0.000385284423828125
43,2,160,3.4405744075775146,3.439318895339966,-0.0012555122375488281
43,3,160,2.9923899173736572,2.991594076156616,-0.0007958412170410156
43,4,160,2.833263874053955,2.833423376083374,0.0001595020294189453
43,5,160,3.327500820159912,3.3277089595794678,0.00020813941955566406
43,6,160,3.3199620246887207,3.3183276653289795,-0.001634359359741211
43,7,160,3.3468565940856934,3.3470046520233154,0.0001480579376220703
43,8,160,3.0533645153045654,3.0533907413482666,2.6226043701171875e-05
43,9,160,3.2692971229553223,3.2674407958984375,-0.0018563270568847656
43,10,160,3.487030267715454,3.4873507022857666,0.0003204345703125
43,11,160,3.1243224143981934,3.1240930557250977,-0.00022935867309570312
43,12,160,3.332131862640381,3.3306732177734375,-0.0014586448669433594
43,13,160,3.8016650676727295,3.8035128116607666,0.0018477439880371094
43,14,160,3.6423559188842773,3.642688751220703,0.00033283233642578125
43,15,160,3.5614991188049316,3.561898946762085,0.0003998279571533203
43,16,160,3.9194414615631104,3.9190235137939453,-0.00041794776916503906
43,17,160,3.5520544052124023,3.553267478942871,0.00121307373046875
43,18,160,2.9047772884368896,2.9061150550842285,0.0013377666473388672
43,19,160,2.5194995403289795,2.520026922225952,0.0005273818969726562
44,0,160,3.403837203979492,3.4022510051727295,-0.0015861988067626953
44,1,160,3.5297043323516846,3.530217409133911,0.0005130767822265625
44,2,160,3.4405744075775146,3.440796375274658,0.0002219676971435547
44,3,160,2.9923899173736572,2.9935247898101807,0.0011348724365234375
44,4,160,2.833263874053955,2.832054376602173,-0.0012094974517822266
44,5,160,3.327500820159912,3.329204559326172,0.0017037391662597656
44,6,160,3.3199620246887207,3.3186655044555664,-0.0012965202331542969
44,7,160,3.3468565940856934,3.3464503288269043,-0.0004062652587890625
44,8,160,3.0533645153045654,3.0548107624053955,0.0014462471008300781
44,9,160,3.2692971229553223,3.269022226333618,-0.00027489662170410156
44,10,160,3.487030267715454,3.4885401725769043,0.0015099048614501953
44,11,160,3.1243224143981934,3.1240463256835938,-0.0002760887145996094
44,12,160,3.332131862640381,3.3314619064331055,-0.0006699562072753906
44,13,160,3.8016650676727295,3.801578998565674,-8.606910705566406e-05
44,14,160,3.6423559188842773,3.641347646713257,-0.0010082721710205078
44,15,160,3.5614991188049316,3.5618276596069336,0.0003285408020019531
44,16,160,3.9194414615631104,3.9205925464630127,0.0011510848999023438
44,17,160,3.5520544052124023,3.5534164905548096,0.0013620853424072266
44,18,160,2.9047772884368896,2.904778480529785,1.1920928955078125e-06
44,19,160,2.5194995403289795,2.5206351280212402,0.0011355876922607422
45,0,160,3.403837203979492,3.404608964920044,0.0007717609405517578
45,1,160,3.5297043323516846,3.5305838584899902,0.0008795261383056641
45,2,160,3.4405744075775146,3.4416165351867676,0.0010421276092529297
45,3,160,2.9923899173736572,2.9916131496429443,-0.0007767677307128906
45,4,160,2.833263874053955,2.8337202072143555,0.0004563331604003906
45,5,160,3.327500820159912,3.3274338245391846,-6.699562072753906e-05
45,6,160,3.3199620246887207,3.3209774494171143,0.0010154247283935547
45,7,160,3.3468565940856934,3.3478593826293945,0.0010027885437011719
45,8,160,3.0533645153045654,3.0531797409057617,-0.00018477439880371094
45,9,160,3.2692971229553223,3.267544746398926,-0.0017523765563964844
45,10,160,3.487030267715454,3.4868619441986084,-0.00016832351684570312
45,11,160,3.1243224143981934,3.1237268447875977,-0.0005955696105957031
45,12,160,3.332131862640381,3.3322954177856445,0.00016355514526367188
45,13,160,3.8016650676727295,3.8020005226135254,0.00033545494079589844
45,14,160,3.6423559188842773,3.6430718898773193,0.0007159709930419922
45,15,160,3.5614991188049316,3.5614583492279053,-4.076957702636719e-05
45,16,160,3.9194414615631104,3.9187004566192627,-0.0007410049438476562
45,17,160,3.5520544052124023,3.551445722579956,-0.0006086826324462891
45,18,160,2.9047772884368896,2.903726100921631,-0.001051187515258789
45,19,160,2.5194995403289795,2.518378496170044,-0.0011210441589355469
46,0,160,3.403837203979492,3.4040658473968506,0.00022864341735839844
46,1,160,3.5297043323516846,3.5283865928649902,-0.001317739486694336
46,2,160,3.4405744075775146,3.44032883644104,-0.0002455711364746094
46,3,160,2.9923899173736572,2.991400957107544,-0.0009889602661132812
46,4,160,2.833263874053955,2.8326663970947266,-0.0005974769592285156
46,5,160,3.327500820159912,3.326624870300293,-0.0008759498596191406
46,6,160,3.3199620246887207,3.320004940032959,4.291534423828125e-05
46,7,160,3.3468565940856934,3.347485303878784,0.0006287097930908203
46,8,160,3.0533645153045654,3.053628921508789,0.0002644062042236328
46,9,160,3.2692971229553223,3.2688517570495605,-0.00044536590576171875
46,10,160,3.487030267715454,3.4851627349853516,-0.001867532730102539
46,11,160,3.1243224143981934,3.1222755908966064,-0.002046823501586914
46,12,160,3.332131862640381,3.332540512084961,0.0004086494445800781
46,13,160,3.8016650676727295,3.8034255504608154,0.0017604827880859375
46,14,160,3.6423559188842773,3.6421868801116943,-0.0001690387725830078
46,15,160,3.5614991188049316,3.5621001720428467,0.0006010532379150391
46,16,160,3.9194414615631104,3.921475410461426,0.0020339488983154297
46,17,160,3.5520544052124023,3.552945137023926,0.0008907318115234375
46,18,160,2.9047772884368896,2.9039535522460938,-0.0008237361907958984
46,19,160,2.5194995403289795,2.5191433429718018,-0.0003561973571777344
47,0,160,3.403837203979492,3.403611898422241,-0.00022530555725097656
47,1,160,3.5297043323516846,3.5290274620056152,-0.0006768703460693359
47,2,160,3.4405744075775146,3.443314552307129,0.002740144729614258
47,3,160,2.9923899173736572,2.9917023181915283,-0.0006875991821289062
47,4,160,2.833263874053955,2.833263635635376,-2.384185791015625e-07
47,5,160,3.327500820159912,3.324936866760254,-0.002563953399658203
47,6,160,3.3199620246887207,3.32026743888855,0.00030541419982910156
47,7,160,3.3468565940856934,3.3452646732330322,-0.0015919208526611328
47,8,160,3.0533645153045654,3.053260326385498,-0.00010418891906738281
47,9,160,3.2692971229553223,3.267946720123291,-0.00135040283203125
47,10,160,3.487030267715454,3.485682249069214,-0.0013480186462402344
47,11,160,3.1243224143981934,3.1245665550231934,0.000244140625
47,12,160,3.332131862640381,3.3328118324279785,0.0006799697875976562
47,13,160,3.8016650676727295,3.8024954795837402,0.0008304119110107422
47,14,160,3.6423559188842773,3.6413180828094482,-0.0010378360748291016
47,15,160,3.5614991188049316,3.564627170562744,0.0031280517578125
47,16,160,3.9194414615631104,3.9199559688568115,0.0005145072937011719
47,17,160,3.5520544052124023,3.55228590965271,0.0002315044403076172
47,18,160,2.9047772884368896,2.905848979949951,0.0010716915130615234
47,19,160,2.5194995403289795,2.520430088043213,0.0009305477142333984
48,0,160,3.403837203979492,3.4043917655944824,0.0005545616149902344
48,1,160,3.5297043323516846,3.5305707454681396,0.0008664131164550781
48,2,160,3.4405744075775146,3.440052032470703,-0.0005223751068115234
48,3,160,2.9923899173736572,2.9928267002105713,0.0004367828369140625
48,4,160,2.833263874053955,2.832646131515503,-0.0006177425384521484
48,5,160,3.327500820159912,3.3263332843780518,-0.0011675357818603516
48,6,160,3.3199620246887207,3.317751169204712,-0.002210855484008789
48,7,160,3.3468565940856934,3.346299886703491,-0.0005567073822021484
48,8,160,3.0533645153045654,3.0525882244110107,-0.0007762908935546875
48,9,160,3.2692971229553223,3.2677435874938965,-0.0015535354614257812
48,10,160,3.487030267715454,3.4866693019866943,-0.0003609657287597656
48,11,160,3.1243224143981934,3.1239404678344727,-0.0003819465637207031
48,12,160,3.332131862640381,3.3324332237243652,0.000301361083984375
48,13,160,3.8016650676727295,3.8016788959503174,1.3828277587890625e-05
48,14,160,3.6423559188842773,3.641545295715332,-0.0008106231689453125
48,15,160,3.5614991188049316,3.560460329055786,-0.0010387897491455078
48,16,160,3.9194414615631104,3.9197168350219727,0.0002753734588623047
48,17,160,3.5520544052124023,3.551806688308716,-0.00024771690368652344
48,18,160,2.9047772884368896,2.90487003326416,9.274482727050781e-05
48,19,160,2.5194995403289795,2.5191495418548584,-0.00034999847412109375
49,0,160,3.403837203979492,3.4028303623199463,-0.0010068416595458984
49,1,160,3.5297043323516846,3.5313048362731934,0.001600503921508789
49,2,160,3.4405744075775146,3.44087290763855,0.00029850006103515625
49,3,160,2.9923899173736572,2.9953765869140625,0.0029866695404052734
49,4,160,2.833263874053955,2.834482431411743,0.001218557357788086
49,5,160,3.327500820159912,3.3313074111938477,0.003806591033935547
49,6,160,3.3199620246887207,3.322169065475464,0.002207040786743164
49,7,160,3.3468565940856934,3.3479249477386475,0.0010683536529541016
49,8,160,3.0533645153045654,3.05617356300354,0.0028090476989746094
49,9,160,3.2692971229553223,3.2688677310943604,-0.00042939186096191406
49,10,160,3.487030267715454,3.4875829219818115,0.0005526542663574219
49,11,160,3.1243224143981934,3.1259334087371826,0.0016109943389892578
49,12,160,3.332131862640381,3.332160711288452,2.8848648071289062e-05
49,13,160,3.8016650676727295,3.802324056625366,0.0006589889526367188
49,14,160,3.6423559188842773,3.6426546573638916,0.0002987384796142578
49,15,160,3.5614991188049316,3.5617666244506836,0.0002675056457519531
49,16,160,3.9194414615631104,3.920398712158203,0.0009572505950927734
49,17,160,3.5520544052124023,3.551262617111206,-0.0007917881011962891
49,18,160,2.9047772884368896,2.9059598445892334,0.00118255615234375
49,19,160,2.5194995403289795,2.519791603088379,0.00029206275939941406
50,0,160,3.403837203979492,3.402207612991333,-0.0016295909881591797
50,1,160,3.5297043323516846,3.5296130180358887,-9.131431579589844e-05
50,2,160,3.4405744075775146,3.442354440689087,0.0017800331115722656
50,3,160,2.9923899173736572,2.9915108680725098,-0.0008790493011474609
50,4,160,2.833263874053955,2.834351062774658,0.001087188720703125
50,5,160,3.327500820159912,3.3268280029296875,-0.0006728172302246094
50,6,160,3.3199620246887207,3.3206636905670166,0.0007016658782958984
50,7,160,3.3468565940856934,3.3459479808807373,-0.0009086132049560547
50,8,160,3.0533645153045654,3.0542969703674316,0.0009324550628662109
50,9,160,3.2692971229553223,3.2695088386535645,0.0002117156982421875
50,10,160,3.487030267715454,3.4869394302368164,-9.083747863769531e-05
50,11,160,3.1243224143981934,3.1230852603912354,-0.0012371540069580078
50,12,160,3.332131862640381,3.3326220512390137,0.0004901885986328125
50,13,160,3.8016650676727295,3.8014466762542725,-0.00021839141845703125
50,14,160,3.6423559188842773,3.642212390899658,-0.00014352798461914062
50,15,160,3.5614991188049316,3.5619287490844727,0.0004296302795410156
50,16,160,3.9194414615631104,3.920297861099243,0.0008563995361328125
50,17,160,3.5520544052124023,3.551713705062866,-0.0003407001495361328
50,18,160,2.9047772884368896,2.9039382934570312,-0.0008389949798583984
50,19,160,2.5194995403289795,2.518183708190918,-0.0013158321380615234
51,0,160,3.403837203979492,3.4025208950042725,-0.0013163089752197266
51,1,160,3.5297043323516846,3.5291929244995117,-0.0005114078521728516
51,2,160,3.4405744075775146,3.440784454345703,0.00021004676818847656
51,3,160,2.9923899173736572,2.992572546005249,0.00018262863159179688
51,4,160,2.833263874053955,2.8334426879882812,0.00017881393432617188
51,5,160,3.327500820159912,3.328016757965088,0.0005159378051757812
51,6,160,3.3199620246887207,3.319607973098755,-0.0003540515899658203
51,7,160,3.3468565940856934,3.3473684787750244,0.0005118846893310547
51,8,160,3.0533645153045654,3.0518131256103516,-0.0015513896942138672
51,9,160,3.2692971229553223,3.2689805030822754,-0.000316619873046875
51,10,160,3.487030267715454,3.486798048019409,-0.00023221969604492188
51,11,160,3.1243224143981934,3.123290777206421,-0.001031637191772461
51,12,160,3.332131862640381,3.3317995071411133,-0.0003323554992675781
51,13,160,3.8016650676727295,3.801523208618164,-0.0001418590545654297
51,14,160,3.6423559188842773,3.6428024768829346,0.00044655799865722656
51,15,160,3.5614991188049316,3.562695026397705,0.0011959075927734375
51,16,160,3.9194414615631104,3.918987512588501,-0.000453948974609375
51,17,160,3.5520544052124023,3.5524044036865234,0.00034999847412109375
51,18,160,2.9047772884368896,2.9031097888946533,-0.0016674995422363281
51,19,160,2.5194995403289795,2.518620252609253,-0.0008792877197265625
52,0,160,3.403837203979492,3.404299259185791,0.0004620552062988281
52,1,160,3.5297043323516846,3.528153657913208,-0.0015506744384765625
52,2,160,3.4405744075775146,3.4404120445251465,-0.00016236305236816406
52,3,160,2.9923899173736572,2.991931676864624,-0.0004582405090332031
52,4,160,2.833263874053955,2.832733392715454,-0.0005304813385009766
52,5,160,3.327500820159912,3.3274660110473633,-3.4809112548828125e-05
52,6,160,3.3199620246887207,3.321016550064087,0.001054525375366211
52,7,160,3.3468565940856934,3.34614634513855,-0.0007102489471435547
52,8,160,3.0533645153045654,3.0532922744750977,-7.224082946777344e-05
52,9,160,3.2692971229553223,3.270036220550537,0.0007390975952148438
52,10,160,3.487030267715454,3.48786997795105,0.0008397102355957031
52,11,160,3.1243224143981934,3.1243977546691895,7.534027099609375e-05
52,12,160,3.332131862640381,3.3338119983673096,0.001680135726928711
52,13,160,3.8016650676727295,3.8014535903930664,-0.00021147727966308594
52,14,160,3.6423559188842773,3.642592668533325,0.00023674964904785156
52,15,160,3.5614991188049316,3.561795949935913,0.0002968311309814453
52,16,160,3.9194414615631104,3.9203057289123535,0.0008642673492431641
52,17,160,3.5520544052124023,3.5510141849517822,-0.0010402202606201172
52,18,160,2.9047772884368896,2.904120683670044,-0.0006566047668457031
52,19,160,2.5194995403289795,2.520505428314209,0.0010058879852294922
53,0,160,3.403837203979492,3.4044759273529053,0.0006387233734130859
53,1,160,3.5297043323516846,3.5299253463745117,0.00022101402282714844
53,2,160,3.4405744075775146,3.4396588802337646,-0.00091552734375
53,3,160,2.9923899173736572,2.992474317550659,8.440017700195312e-05
53,4,160,2.833263874053955,2.831791400909424,-0.00147247314453125
53,5,160,3.327500820159912,3.3256025314331055,-0.0018982887268066406
53,6,160,3.3199620246887207,3.3183624744415283,-0.0015995502471923828
53,7,160,3.3468565940856934,3.3471059799194336,0.0002493858337402344
53,8,160,3.0533645153045654,3.0528476238250732,-0.0005168914794921875
53,9,160,3.2692971229553223,3.2682907581329346,-0.0010063648223876953
53,10,160,3.487030267715454,3.4863383769989014,-0.0006918907165527344
53,11,160,3.1243224143981934,3.124260663986206,-6.175041198730469e-05
53,12,160,3.332131862640381,3.3313567638397217,-0.0007750988006591797
53,13,160,3.8016650676727295,3.801691770553589,2.6702880859375e-05
53,14,160,3.6423559188842773,3.6414670944213867,-0.000888824462890625
53,15,160,3.5614991188049316,3.5619380474090576,0.00043892860412597656
53,16,160,3.9194414615631104,3.919886827468872,0.00044536590576171875
53,17,160,3.5520544052124023,3.5530619621276855,0.0010075569152832031
53,18,160,2.9047772884368896,2.9041945934295654,-0.0005826950073242188
53,19,160,2.5194995403289795,2.5203697681427,0.0008702278137207031
54,0,160,3.403837203979492,3.405094623565674,0.0012574195861816406
54,1,160,3.5297043323516846,3.531034469604492,0.0013301372528076172
54,2,160,3.4405744075775146,3.441875457763672,0.0013010501861572266
54,3,160,2.9923899173736572,2.9915268421173096,-0.0008630752563476562
54,4,160,2.833263874053955,2.833624839782715,0.0003609657287597656
54,5,160,3.327500820159912,3.3287699222564697,0.0012691020965576172
54,6,160,3.3199620246887207,3.321428060531616,0.0014660358428955078
54,7,160,3.3468565940856934,3.3467843532562256,-7.224082946777344e-05
54,8,160,3.0533645153045654,3.053825616836548,0.0004611015319824219
54,9,160,3.2692971229553223,3.2699594497680664,0.0006623268127441406
54,10,160,3.487030267715454,3.4858546257019043,-0.0011756420135498047
54,11,160,3.1243224143981934,3.1240735054016113,-0.00024890899658203125
54,12,160,3.332131862640381,3.33182954788208,-0.00030231475830078125
54,13,160,3.8016650676727295,3.8012402057647705,-0.0004248619079589844
54,14,160,3.6423559188842773,3.6433048248291016,0.0009489059448242188
54,15,160,3.5614991188049316,3.563903570175171,0.002404451370239258
54,16,160,3.9194414615631104,3.919097423553467,-0.0003440380096435547
54,17,160,3.5520544052124023,3.550711154937744,-0.0013432502746582031
54,18,160,2.9047772884368896,2.905935525894165,0.0011582374572753906
54,19,160,2.5194995403289795,2.5200726985931396,0.0005731582641601562
55,0,160,3.403837203979492,3.4029505252838135,-0.0008866786956787109
55,1,160,3.5297043323516846,3.52887225151062,-0.0008320808410644531
55,2,160,3.4405744075775146,3.439047336578369,-0.0015270709991455078
55,3,160,2.9923899173736572,2.992363929748535,-2.5987625122070312e-05
55,4,160,2.833263874053955,2.8319637775421143,-0.0013000965118408203
55,5,160,3.327500820159912,3.32633113861084,-0.0011696815490722656
55,6,160,3.3199620246887207,3.3189961910247803,-0.0009658336639404297
55,7,160,3.3468565940856934,3.3469386100769043,8.20159912109375e-05
55,8,160,3.0533645153045654,3.0523900985717773,-0.0009744167327880859
55,9,160,3.2692971229553223,3.2660303115844727,-0.0032668113708496094
55,10,160,3.487030267715454,3.486509323120117,-0.0005209445953369141
55,11,160,3.1243224143981934,3.127392053604126,0.003069639205932617
55,12,160,3.332131862640381,3.3305747509002686,-0.0015571117401123047
55,13,160,3.8016650676727295,3.801868200302124,0.00020313262939453125
55,14,160,3.6423559188842773,3.64369535446167,0.0013394355773925781
55,15,160,3.5614991188049316,3.560394287109375,-0.0011048316955566406
55,16,160,3.9194414615631104,3.9202470779418945,0.0008056163787841797
55,17,160,3.5520544052124023,3.5528852939605713,0.0008308887481689453
55,18,160,2.9047772884368896,2.9050655364990234,0.00028824806213378906
55,19,160,2.5194995403289795,2.5217809677124023,0.0022814273834228516
56,0,160,3.403837203979492,3.4036083221435547,-0.0002288818359375
56,1,160,3.5297043323516846,3.531634569168091,0.00193023681640625
56,2,160,3.4405744075775146,3.4397168159484863,-0.0008575916290283203
56,3,160,2.9923899173736572,2.9918041229248047,-0.0005857944488525391
56,4,160,2.833263874053955,2.8351387977600098,0.0018749237060546875
56,5,160,3.327500820159912,3.328582525253296,0.001081705093383789
56,6,160,3.3199620246887207,3.3207638263702393,0.0008018016815185547
56,7,160,3.3468565940856934,3.3471593856811523,0.0003027915954589844
56,8,160,3.0533645153045654,3.054441213607788,0.0010766983032226562
56,9,160,3.2692971229553223,3.2692601680755615,-3.695487976074219e-05
56,10,160,3.487030267715454,3.4865901470184326,-0.0004401206970214844
56,11,160,3.1243224143981934,3.1250696182250977,0.0007472038269042969
56,12,160,3.332131862640381,3.333280086517334,0.001148223876953125
56,13,160,3.8016650676727295,3.8020858764648438,0.0004208087921142578
56,14,160,3.6423559188842773,3.641700267791748,-0.0006556510925292969
56,15,160,3.5614991188049316,3.5623693466186523,0.0008702278137207031
56,16,160,3.9194414615631104,3.918381452560425,-0.0010600090026855469
56,17,160,3.5520544052124023,3.551295757293701,-0.0007586479187011719
56,18,160,2.9047772884368896,2.9050559997558594,0.00027871131896972656
56,19,160,2.5194995403289795,2.5200209617614746,0.0005214214324951172
57,0,160,3.403837203979492,3.403032064437866,-0.0008051395416259766
57,1,160,3.5297043323516846,3.5309689044952393,0.0012645721435546875
57,2,160,3.4405744075775146,3.442110300064087,0.0015358924865722656
57,3,160,2.9923899173736572,2.991621971130371,-0.0007679462432861328
57,4,160,2.833263874053955,2.831974744796753,-0.0012891292572021484
57,5,160,3.327500820159912,3.3271687030792236,-0.00033211708068847656
57,6,160,3.3199620246887207,3.3189775943756104,-0.0009844303131103516
57,7,160,3.3468565940856934,3.3452835083007812,-0.0015730857849121094
57,8,160,3.0533645153045654,3.0544629096984863,0.0010983943939208984
57,9,160,3.2692971229553223,3.268420696258545,-0.0008764266967773438
57,10,160,3.487030267715454,3.486081123352051,-0.0009491443634033203
57,11,160,3.1243224143981934,3.1252102851867676,0.0008878707885742188
57,12,160,3.332131862640381,3.3312506675720215,-0.000881195068359375
57,13,160,3.8016650676727295,3.801330804824829,-0.0003342628479003906
57,14,160,3.6423559188842773,3.6420962810516357,-0.00025963783264160156
57,15,160,3.5614991188049316,3.561516046524048,1.6927719116210938e-05
57,16,160,3.9194414615631104,3.919800281524658,0.00035881996154785156
57,17,160,3.5520544052124023,3.552884101867676,0.0008296966552734375
57,18,160,2.9047772884368896,2.9032528400421143,-0.0015244483947753906
57,19,160,2.5194995403289795,2.5205442905426025,0.0010447502136230469
58,0,160,3.403837203979492,3.4045310020446777,0.0006937980651855469
58,1,160,3.5297043323516846,3.532043695449829,0.0023393630981445312
58,2,160,3.4405744075775146,3.4417858123779297,0.001211404800415039
58,3,160,2.9923899173736572,2.9921889305114746,-0.0002009868621826172
58,4,160,2.833263874053955,2.8335583209991455,0.0002944469451904297
58,5,160,3.327500820159912,3.3273022174835205,-0.00019860267639160156
58,6,160,3.3199620246887207,3.320312261581421,0.0003502368927001953
58,7,160,3.3468565940856934,3.3472657203674316,0.00040912628173828125
58,8,160,3.0533645153045654,3.0531740188598633,-0.00019049644470214844
58,9,160,3.2692971229553223,3.274423360824585,0.005126237869262695
58,10,160,3.487030267715454,3.4875693321228027,0.0005390644073486328
58,11,160,3.1243224143981934,3.123533248901367,-0.0007891654968261719
58,12,160,3.332131862640381,3.3337185382843018,0.0015866756439208984
58,13,160,3.8016650676727295,3.80126690864563,-0.0003981590270996094
58,14,160,3.6423559188842773,3.6420083045959473,-0.0003476142883300781
58,15,160,3.5614991188049316,3.5615882873535156,8.916854858398438e-05
58,16,160,3.9194414615631104,3.918734312057495,-0.0007071495056152344
58,17,160,3.5520544052124023,3.555082082748413,0.003027677536010742
58,18,160,2.9047772884368896,2.904557943344116,-0.0002193450927734375
58,19,160,2.5194995403289795,2.51916241645813,-0.0003371238708496094
59,0,160,3.403837203979492,3.4052910804748535,0.0014538764953613281
59,1,160,3.5297043323516846,3.530440330505371,0.0007359981536865234
59,2,160,3.4405744075775146,3.441112756729126,0.0005383491516113281
59,3,160,2.9923899173736572,2.9916939735412598,-0.0006959438323974609
59,4,160,2.833263874053955,2.8317067623138428,-0.0015571117401123047
59,5,160,3.327500820159912,3.327247381210327,-0.00025343894958496094
59,6,160,3.3199620246887207,3.321274518966675,0.0013124942779541016
59,7,160,3.3468565940856934,3.346182107925415,-0.0006744861602783203
59,8,160,3.0533645153045654,3.0517172813415527,-0.0016472339630126953
59,9,160,3.2692971229553223,3.268803834915161,-0.0004932880401611328
59,10,160,3.487030267715454,3.488121509552002,0.0010912418365478516
59,11,160,3.1243224143981934,3.1245808601379395,0.00025844573974609375
59,12,160,3.332131862640381,3.3316240310668945,-0.0005078315734863281
59,13,160,3.8016650676727295,3.8021292686462402,0.0004642009735107422
59,14,160,3.6423559188842773,3.6423497200012207,-6.198883056640625e-06
59,15,160,3.5614991188049316,3.5616116523742676,0.0001125335693359375
59,16,160,3.9194414615631104,3.9214272499084473,0.001985788345336914
59,17,160,3.5520544052124023,3.5534896850585938,0.0014352798461914062
59,18,160,2.9047772884368896,2.9046497344970703,-0.00012755393981933594
59,19,160,2.5194995403289795,2.5193865299224854,-0.00011301040649414062
60,0,160,3.403837203979492,3.4044437408447266,0.000606536865234375
60,1,160,3.5297043323516846,3.528754472732544,-0.000949859619140625
60,2,160,3.4405744075775146,3.4408702850341797,0.00029587745666503906
60,3,160,2.9923899173736572,2.991915464401245,-0.0004744529724121094
60,4,160,2.833263874053955,2.833758592605591,0.0004947185516357422
60,5,160,3.327500820159912,3.3270111083984375,-0.0004897117614746094
60,6,160,3.3199620246887207,3.3199217319488525,-4.029273986816406e-05
60,7,160,3.3468565940856934,3.347951889038086,0.0010952949523925781
60,8,160,3.0533645153045654,3.0543107986450195,0.0009462833404541016
60,9,160,3.2692971229553223,3.2680513858795166,-0.001245737075805664
60,10,160,3.487030267715454,3.486616849899292,-0.0004134178161621094
60,11,160,3.1243224143981934,3.1251022815704346,0.0007798671722412109
60,12,160,3.332131862640381,3.3304383754730225,-0.0016934871673583984
60,13,160,3.8016650676727295,3.801100969314575,-0.0005640983581542969
60,14,160,3.6423559188842773,3.6419119834899902,-0.0004439353942871094
60,15,160,3.5614991188049316,3.561596155166626,9.703636169433594e-05
60,16,160,3.9194414615631104,3.920013904571533,0.0005724430084228516
60,17,160,3.5520544052124023,3.554917573928833,0.002863168716430664
60,18,160,2.9047772884368896,2.90549635887146,0.0007190704345703125
60,19,160,2.5194995403289795,2.5188355445861816,-0.0006639957427978516
61,0,160,3.403837203979492,3.403749465942383,-8.7738037109375e-05
61,1,160,3.5297043323516846,3.5301167964935303,0.0004124641418457031
61,2,160,3.4405744075775146,3.440065383911133,-0.0005090236663818359
61,3,160,2.9923899173736572,2.9909586906433105,-0.0014312267303466797
61,4,160,2.833263874053955,2.8335931301116943,0.0003292560577392578
61,5,160,3.327500820159912,3.327223300933838,-0.00027751922607421875
61,6,160,3.3199620246887207,3.319187879562378,-0.0007741451263427734
61,7,160,3.3468565940856934,3.3464291095733643,-0.00042748451232910156
61,8,160,3.0533645153045654,3.0540506839752197,0.0006861686706542969
61,9,160,3.2692971229553223,3.269413471221924,0.0001163482666015625
61,10,160,3.487030267715454,3.4869115352630615,-0.00011873245239257812
61,11,160,3.1243224143981934,3.125335454940796,0.001013040542602539
61,12,160,3.332131862640381,3.3311572074890137,-0.0009746551513671875
61,13,160,3.8016650676727295,3.8023548126220703,0.0006897449493408203
61,14,160,3.6423559188842773,3.6421449184417725,-0.0002110004425048828
61,15,160,3.5614991188049316,3.5613842010498047,-0.00011491775512695312
61,16,160,3.9194414615631104,3.920259475708008,0.0008180141448974609
61,17,160,3.5520544052124023,3.5536561012268066,0.0016016960144042969
61,18,160,2.9047772884368896,2.9061009883880615,0.001323699951171875
61,19,160,2.5194995403289795,2.5190093517303467,-0.0004901885986328125
62,0,160,3.403837203979492,3.4045252799987793,0.0006880760192871094
62,1,160,3.5297043323516846,3.5291666984558105,-0.0005376338958740234
62,2,160,3.4405744075775146,3.443333387374878,0.0027589797973632812
62,3,160,2.9923899173736572,2.9921658039093018,-0.00022411346435546875
62,4,160,2.833263874053955,2.832566738128662,-0.0006971359252929688
62,5,160,3.327500820159912,3.3277981281280518,0.00029730796813964844
62,6,160,3.3199620246887207,3.320559024810791,0.0005970001220703125
62,7,160,3.3468565940856934,3.3464205265045166,-0.0004360675811767578
62,8,160,3.0533645153045654,3.0529367923736572,-0.0004277229309082031
62,9,160,3.2692971229553223,3.269151210784912,-0.00014591217041015625
62,10,160,3.487030267715454,3.4888546466827393,0.0018243789672851562
62,11,160,3.1243224143981934,3.125042676925659,0.0007202625274658203
62,12,160,3.332131862640381,3.331575393676758,-0.0005564689636230469
62,13,160,3.8016650676727295,3.8014490604400635,-0.00021600723266601562
62,14,160,3.6423559188842773,3.6436073780059814,0.0012514591217041016
62,15,160,3.5614991188049316,3.562955379486084,0.0014562606811523438
62,16,160,3.9194414615631104,3.9215922355651855,0.0021507740020751953
62,17,160,3.5520544052124023,3.5511891841888428,-0.0008652210235595703
62,18,160,2.9047772884368896,2.9051127433776855,0.00033545494079589844
62,19,160,2.5194995403289795,2.519399642944336,-9.989738464355469e-05
63,0,160,3.403837203979492,3.4045872688293457,0.0007500648498535156
63,1,160,3.5297043323516846,3.5291433334350586,-0.0005609989166259766
63,2,160,3.4405744075775146,3.4394445419311523,-0.0011298656463623047
63,3,160,2.9923899173736572,2.992220163345337,-0.0001697540283203125
63,4,160,2.833263874053955,2.8344221115112305,0.0011582374572753906
63,5,160,3.327500820159912,3.325768232345581,-0.0017325878143310547
63,6,160,3.3199620246887207,3.3200385570526123,7.653236389160156e-05
63,7,160,3.3468565940856934,3.345832109451294,-0.001024484634399414
63,8,160,3.0533645153045654,3.0551095008850098,0.001744985580444336
63,9,160,3.2692971229553223,3.269521474838257,0.0002243518829345703
63,10,160,3.487030267715454,3.4877138137817383,0.0006835460662841797
63,11,160,3.1243224143981934,3.125107526779175,0.0007851123809814453
63,12,160,3.332131862640381,3.331937551498413,-0.00019431114196777344
63,13,160,3.8016650676727295,3.8019657135009766,0.0003006458282470703
63,14,160,3.6423559188842773,3.642829418182373,0.0004734992980957031
63,15,160,3.5614991188049316,3.562568187713623,0.0010690689086914062
63,16,160,3.9194414615631104,3.9213767051696777,0.0019352436065673828
63,17,160,3.5520544052124023,3.550886631011963,-0.0011677742004394531
63,18,160,2.9047772884368896,2.9048120975494385,3.4809112548828125e-05
63,19,160,2.5194995403289795,2.5184121131896973,-0.0010874271392822266
64,0,160,3.403837203979492,3.4047515392303467,0.0009143352508544922
64,1,160,3.5297043323516846,3.529212474822998,-0.0004918575286865234
64,2,160,3.4405744075775146,3.439084768295288,-0.0014896392822265625
64,3,160,2.9923899173736572,2.9935810565948486,0.0011911392211914062
64,4,160,2.833263874053955,2.8336520195007324,0.00038814544677734375
64,5,160,3.327500820159912,3.328803539276123,0.0013027191162109375
64,6,160,3.3199620246887207,3.321082353591919,0.0011203289031982422
64,7,160,3.3468565940856934,3.3464431762695312,-0.0004134178161621094
64,8,160,3.0533645153045654,3.05375599861145,0.0003914833068847656
64,9,160,3.2692971229553223,3.269359588623047,6.246566772460938e-05
64,10,160,3.487030267715454,3.487623453140259,0.0005931854248046875
64,11,160,3.1243224143981934,3.1228435039520264,-0.0014789104461669922
64,12,160,3.332131862640381,3.3329195976257324,0.0007877349853515625
64,13,160,3.8016650676727295,3.80324649810791,0.001581430435180664
64,14,160,3.6423559188842773,3.642569065093994,0.00021314620971679688
64,15,160,3.5614991188049316,3.56355619430542,0.0020570755004882812
64,16,160,3.9194414615631104,3.9202969074249268,0.0008554458618164062
64,17,160,3.5520544052124023,3.553947925567627,0.0018935203552246094
64,18,160,2.9047772884368896,2.9062159061431885,0.0014386177062988281
64,19,160,2.5194995403289795,2.5220255851745605,0.0025260448455810547
65,0,160,3.403837203979492,3.40362286567688,-0.0002143383026123047
65,1,160,3.5297043323516846,3.5300018787384033,0.00029754638671875
65,2,160,3.4405744075775146,3.441484212875366,0.0009098052978515625
65,3,160,2.9923899173736572,2.9918816089630127,-0.0005083084106445312
65,4,160,2.833263874053955,2.833469867706299,0.00020599365234375
65,5,160,3.327500820159912,3.328552722930908,0.0010519027709960938
65,6,160,3.3199620246887207,3.3188321590423584,-0.0011298656463623047
65,7,160,3.3468565940856934,3.3482794761657715,0.001422882080078125
65,8,160,3.0533645153045654,3.053220510482788,-0.00014400482177734375
65,9,160,3.2692971229553223,3.2690250873565674,-0.0002720355987548828
65,10,160,3.487030267715454,3.487175941467285,0.0001456737518310547
65,11,160,3.1243224143981934,3.1239707469940186,-0.0003516674041748047
65,12,160,3.332131862640381,3.3301098346710205,-0.0020220279693603516
65,13,160,3.8016650676727295,3.8019065856933594,0.0002415180206298828
65,14,160,3.6423559188842773,3.6418259143829346,-0.0005300045013427734
65,15,160,3.5614991188049316,3.561269760131836,-0.00022935867309570312
65,16,160,3.9194414615631104,3.920132875442505,0.0006914138793945312
65,17,160,3.5520544052124023,3.55475115776062,0.0026967525482177734
65,18,160,2.9047772884368896,2.9055356979370117,0.0007584095001220703
65,19,160,2.5194995403289795,2.5197720527648926,0.00027251243591308594
66,0,160,3.403837203979492,3.403721332550049,-0.00011587142944335938
66,1,160,3.5297043323516846,3.529169797897339,-0.0005345344543457031
66,2,160,3.4405744075775146,3.4406778812408447,0.00010347366333007812
66,3,160,2.9923899173736572,2.99269437789917,0.0003044605255126953
66,4,160,2.833263874053955,2.8331377506256104,-0.00012612342834472656
66,5,160,3.327500820159912,3.3282690048217773,0.0007681846618652344
66,6,160,3.3199620246887207,3.320572853088379,0.0006108283996582031
66,7,160,3.3468565940856934,3.3470618724823,0.0002052783966064453
66,8,160,3.0533645153045654,3.0536792278289795,0.0003147125244140625
66,9,160,3.2692971229553223,3.270691156387329,0.001394033432006836
66,10,160,3.487030267715454,3.487288236618042,0.0002579689025878906
66,11,160,3.1243224143981934,3.1238534450531006,-0.00046896934509277344
66,12,160,3.332131862640381,3.3313140869140625,-0.0008177757263183594
66,13,160,3.8016650676727295,3.8031258583068848,0.0014607906341552734
66,14,160,3.6423559188842773,3.642023801803589,-0.00033211708068847656
66,15,160,3.5614991188049316,3.56180739402771,0.0003082752227783203
66,16,160,3.9194414615631104,3.9179255962371826,-0.0015158653259277344
66,17,160,3.5520544052124023,3.5507185459136963,-0.0013358592987060547
66,18,160,2.9047772884368896,2.9053869247436523,0.0006096363067626953
66,19,160,2.5194995403289795,2.5189645290374756,-0.0005350112915039062
67,0,160,3.403837203979492,3.4038896560668945,5.245208740234375e-05
67,1,160,3.5297043323516846,3.5304038524627686,0.0006995201110839844
67,2,160,3.4405744075775146,3.4413468837738037,0.0007724761962890625
67,3,160,2.9923899173736572,2.9924299716949463,4.00543212890625e-05
67,4,160,2.833263874053955,2.8320250511169434,-0.0012388229370117188
67,5,160,3.327500820159912,3.3274285793304443,-7.224082946777344e-05
67,6,160,3.3199620246887207,3.3216514587402344,0.0016894340515136719
67,7,160,3.3468565940856934,3.3496363162994385,0.002779722213745117
67,8,160,3.0533645153045654,3.05385684967041,0.0004923343658447266
67,9,160,3.2692971229553223,3.2709217071533203,0.0016245841979980469
67,10,160,3.487030267715454,3.4871666431427,0.00013637542724609375
67,11,160,3.1243224143981934,3.1250503063201904,0.0007278919219970703
67,12,160,3.332131862640381,3.332371234893799,0.00023937225341796875
67,13,160,3.8016650676727295,3.802579641342163,0.0009145736694335938
67,14,160,3.6423559188842773,3.644040822982788,0.0016849040985107422
67,15,160,3.5614991188049316,3.56142520904541,-7.390975952148438e-05
67,16,160,3.9194414615631104,3.919609546661377,0.00016808509826660156
67,17,160,3.5520544052124023,3.5519959926605225,-5.841255187988281e-05
67,18,160,2.9047772884368896,2.9050745964050293,0.00029730796813964844
67,19,160,2.5194995403289795,2.5198376178741455,0.0003380775451660156
68,0,160,3.403837203979492,3.40412974357605,0.0002925395965576172
68,1,160,3.5297043323516846,3.5298829078674316,0.0001785755157470703
68,2,160,3.4405744075775146,3.4408750534057617,0.0003006458282470703
68,3,160,2.9923899173736572,2.9924252033233643,3.528594970703125e-05
68,4,160,2.833263874053955,2.832796812057495,-0.00046706199645996094
68,5,160,3.327500820159912,3.328420400619507,0.0009195804595947266
68,6,160,3.3199620246887207,3.3207101821899414,0.0007481575012207031
68,7,160,3.3468565940856934,3.3462672233581543,-0.0005893707275390625
68,8,160,3.0533645153045654,3.0529603958129883,-0.00040411949157714844
68,9,160,3.2692971229553223,3.268885612487793,-0.0004115104675292969
68,10,160,3.487030267715454,3.4867961406707764,-0.00023412704467773438
68,11,160,3.1243224143981934,3.1243603229522705,3.790855407714844e-05
68,12,160,3.332131862640381,3.3327996730804443,0.0006678104400634766
68,13,160,3.8016650676727295,3.802762508392334,0.0010974407196044922
68,14,160,3.6423559188842773,3.6420505046844482,-0.00030541419982910156
68,15,160,3.5614991188049316,3.5606184005737305,-0.0008807182312011719
68,16,160,3.9194414615631104,3.9180986881256104,-0.0013427734375
68,17,160,3.5520544052124023,3.5529584884643555,0.000904083251953125
68,18,160,2.9047772884368896,2.9061105251312256,0.0013332366943359375
68,19,160,2.5194995403289795,2.520475387573242,0.0009758472442626953
69,0,160,3.403837203979492,3.4036662578582764,-0.0001709461212158203
69,1,160,3.5297043323516846,3.531553030014038,0.0018486976623535156
69,2,160,3.4405744075775146,3.4402666091918945,-0.0003077983856201172
69,3,160,2.9923899173736572,2.9926137924194336,0.0002238750457763672
69,4,160,2.833263874053955,2.83362078666687,0.00035691261291503906
69,5,160,3.327500820159912,3.3286359310150146,0.001135110855102539
69,6,160,3.3199620246887207,3.319659948348999,-0.0003020763397216797
69,7,160,3.3468565940856934,3.347710371017456,0.0008537769317626953
69,8,160,3.0533645153045654,3.054466962814331,0.001102447509765625
69,9,160,3.2692971229553223,3.2686843872070312,-0.0006127357482910156
69,10,160,3.487030267715454,3.488304615020752,0.0012743473052978516
69,11,160,3.1243224143981934,3.1252002716064453,0.0008778572082519531
69,12,160,3.332131862640381,3.3331539630889893,0.0010221004486083984
69,13,160,3.8016650676727295,3.802330493927002,0.0006654262542724609
69,14,160,3.6423559188842773,3.6420862674713135,-0.0002696514129638672
69,15,160,3.5614991188049316,3.5612852573394775,-0.00021386146545410156
69,16,160,3.9194414615631104,3.922076940536499,0.002635478973388672
69,17,160,3.5520544052124023,3.553076982498169,0.0010225772857666016
69,18,160,2.9047772884368896,2.9049196243286133,0.0001423358917236328
69,19,160,2.5194995403289795,2.5208325386047363,0.001332998275756836
70,0,160,3.403837203979492,3.403498649597168,-0.00033855438232421875
70,1,160,3.5297043323516846,3.531149387359619,0.0014450550079345703
70,2,160,3.4405744075775146,3.4410102367401123,0.00043582916259765625
70,3,160,2.9923899173736572,2.9925646781921387,0.0001747608184814453
70,4,160,2.833263874053955,2.8329854011535645,-0.000278472900390625
70,5,160,3.327500820159912,3.3289825916290283,0.001481771469116211
70,6,160,3.3199620246887207,3.3196470737457275,-0.00031495094299316406
70,7,160,3.3468565940856934,3.346980094909668,0.00012350082397460938
70,8,160,3.0533645153045654,3.052706241607666,-0.0006582736968994141
70,9,160,3.2692971229553223,3.2699472904205322,0.0006501674652099609
70,10,160,3.487030267715454,3.486881732940674,-0.00014853477478027344
70,11,160,3.1243224143981934,3.124091863632202,-0.00023055076599121094
70,12,160,3.332131862640381,3.3330678939819336,0.0009360313415527344
70,13,160,3.8016650676727295,3.8014421463012695,-0.00022292137145996094
70,14,160,3.6423559188842773,3.641716957092285,-0.0006389617919921875
70,15,160,3.5614991188049316,3.5624098777770996,0.0009107589721679688
70,16,160,3.9194414615631104,3.9193408489227295,-0.00010061264038085938
70,17,160,3.5520544052124023,3.552196502685547,0.00014209747314453125
70,18,160,2.9047772884368896,2.904223918914795,-0.0005533695220947266
70,19,160,2.5194995403289795,2.5168752670288086,-0.0026242733001708984
71,0,160,3.403837203979492,3.403810501098633,-2.6702880859375e-05
71,1,160,3.5297043323516846,3.5307235717773438,0.0010192394256591797
71,2,160,3.4405744075775146,3.439600706100464,-0.0009737014770507812
71,3,160,2.9923899173736572,2.994265556335449,0.0018756389617919922
71,4,160,2.833263874053955,2.8345727920532227,0.0013089179992675781
71,5,160,3.327500820159912,3.3265671730041504,-0.0009336471557617188
71,6,160,3.3199620246887207,3.3192298412323,-0.0007321834564208984
71,7,160,3.3468565940856934,3.345721483230591,-0.001135110855102539
71,8,160,3.0533645153045654,3.0540072917938232,0.0006427764892578125
71,9,160,3.2692971229553223,3.2675437927246094,-0.0017533302307128906
71,10,160,3.487030267715454,3.4862377643585205,-0.0007925033569335938
71,11,160,3.1243224143981934,3.1260299682617188,0.0017075538635253906
71,12,160,3.332131862640381,3.3498003482818604,0.017668485641479492
71,13,160,3.8016650676727295,3.80119252204895,-0.0004725456237792969
71,14,160,3.6423559188842773,3.6430702209472656,0.0007143020629882812
71,15,160,3.5614991188049316,3.561286687850952,-0.0002124309539794922
71,16,160,3.9194414615631104,3.9196698665618896,0.00022840499877929688
71,17,160,3.5520544052124023,3.5516631603240967,-0.00039124488830566406
71,18,160,2.9047772884368896,2.904829978942871,5.269050598144531e-05
71,19,160,2.5194995403289795,2.5190794467926025,-0.0004200935363769531
72,0,160,3.403837203979492,3.4042775630950928,0.00044035911560058594
72,1,160,3.5297043323516846,3.5311756134033203,0.0014712810516357422
72,2,160,3.4405744075775146,3.443169116973877,0.0025947093963623047
72,3,160,2.9923899173736572,2.9919395446777344,-0.00045037269592285156
72,4,160,2.833263874053955,2.833794116973877,0.000530242919921875
72,5,160,3.327500820159912,3.328547716140747,0.001046895980834961
72,6,160,3.3199620246887207,3.3205535411834717,0.0005915164947509766
72,7,160,3.3468565940856934,3.348444700241089,0.0015881061553955078
72,8,160,3.0533645153045654,3.0536820888519287,0.00031757354736328125
72,9,160,3.2692971229553223,3.269622802734375,0.0003256797790527344
72,10,160,3.487030267715454,3.487875461578369,0.0008451938629150391
72,11,160,3.1243224143981934,3.1261396408081055,0.0018172264099121094
72,12,160,3.332131862640381,3.332498788833618,0.0003669261932373047
72,13,160,3.8016650676727295,3.8023335933685303,0.0006685256958007812
72,14,160,3.6423559188842773,3.6420605182647705,-0.00029540061950683594
72,15,160,3.5614991188049316,3.560579299926758,-0.0009198188781738281
72,16,160,3.9194414615631104,3.9200267791748047,0.0005853176116943359
72,17,160,3.5520544052124023,3.5546767711639404,0.002622365951538086
72,18,160,2.9047772884368896,2.9036388397216797,-0.001138448715209961
72,19,160,2.5194995403289795,2.5214054584503174,0.0019059181213378906
73,0,160,3.403837203979492,3.4040467739105225,0.00020956993103027344
73,1,160,3.5297043323516846,3.530301332473755,0.0005970001220703125
73,2,160,3.4405744075775146,3.4404449462890625,-0.00012946128845214844
73,3,160,2.9923899173736572,2.9923250675201416,-6.4849853515625e-05
73,4,160,2.833263874053955,2.8344380855560303,0.0011742115020751953
73,5,160,3.327500820159912,3.328425884246826,0.0009250640869140625
73,6,160,3.3199620246887207,3.320272445678711,0.0003104209899902344
73,7,160,3.3468565940856934,3.346754550933838,-0.00010204315185546875
73,8,160,3.0533645153045654,3.0543904304504395,0.0010259151458740234
73,9,160,3.2692971229553223,3.270190954208374,0.0008938312530517578
73,10,160,3.487030267715454,3.488708734512329,0.001678466796875
73,11,160,3.1243224143981934,3.124462604522705,0.00014019012451171875
73,12,160,3.332131862640381,3.3321332931518555,1.430511474609375e-06
73,13,160,3.8016650676727295,3.8019039630889893,0.00023889541625976562
73,14,160,3.6423559188842773,3.64217209815979,-0.0001838207244873047
73,15,160,3.5614991188049316,3.561185359954834,-0.00031375885009765625
73,16,160,3.9194414615631104,3.9210903644561768,0.0016489028930664062
73,17,160,3.5520544052124023,3.5511066913604736,-0.0009477138519287109
73,18,160,2.9047772884368896,2.9044268131256104,-0.0003504753112792969
73,19,160,2.5194995403289795,2.5196421146392822,0.00014257431030273438
74,0,160,3.403837203979492,3.404100179672241,0.00026297569274902344
74,1,160,3.5297043323516846,3.529930353164673,0.00022602081298828125
74,2,160,3.4405744075775146,3.4413390159606934,0.0007646083831787109
74,3,160,2.9923899173736572,2.992746353149414,0.00035643577575683594
74,4,160,2.833263874053955,2.8351104259490967,0.0018465518951416016
74,5,160,3.327500820159912,3.3282833099365234,0.0007824897766113281
74,6,160,3.3199620246887207,3.3196260929107666,-0.00033593177795410156
74,7,160,3.3468565940856934,3.346599578857422,-0.0002570152282714844
74,8,160,3.0533645153045654,3.0544822216033936,0.001117706298828125
74,9,160,3.2692971229553223,3.270413398742676,0.0011162757873535156
74,10,160,3.487030267715454,3.4867513179779053,-0.0002789497375488281
74,11,160,3.1243224143981934,3.1267387866973877,0.002416372299194336
74,12,160,3.332131862640381,3.351407527923584,0.019275665283203125
74,13,160,3.8016650676727295,3.8030543327331543,0.0013892650604248047
74,14,160,3.6423559188842773,3.6428158283233643,0.00045990943908691406
74,15,160,3.5614991188049316,3.561671495437622,0.0001723766326904297
74,16,160,3.9194414615631104,3.9193813800811768,-6.008148193359375e-05
74,17,160,3.5520544052124023,3.550544500350952,-0.0015099048614501953
74,18,160,2.9047772884368896,2.906352996826172,0.0015757083892822266
74,19,160,2.5194995403289795,2.5196311473846436,0.0001316070556640625
75,0,160,3.403837203979492,3.403885841369629,4.863739013671875e-05
75,1,160,3.5297043323516846,3.5300133228302,0.000308990478515625
75,2,160,3.4405744075775146,3.441601514816284,0.0010271072387695312
75,3,160,2.9923899173736572,2.9921305179595947,-0.0002593994140625
75,4,160,2.833263874053955,2.832397699356079,-0.0008661746978759766
75,5,160,3.327500820159912,3.3293111324310303,0.001810312271118164
75,6,160,3.3199620246887207,3.3186538219451904,-0.0013082027435302734
75,7,160,3.3468565940856934,3.3494038581848145,0.0025472640991210938
75,8,160,3.0533645153045654,3.0528533458709717,-0.00051116943359375
75,9,160,3.2692971229553223,3.2699499130249023,0.0006527900695800781
75,10,160,3.487030267715454,3.4884562492370605,0.0014259815216064453
75,11,160,3.1243224143981934,3.1247639656066895,0.00044155120849609375
75,12,160,3.332131862640381,3.3312337398529053,-0.0008981227874755859
75,13,160,3.8016650676727295,3.8023550510406494,0.0006899833679199219
75,14,160,3.6423559188842773,3.643582820892334,0.0012269020080566406
75,15,160,3.5614991188049316,3.561060905456543,-0.0004382133483886719
75,16,160,3.9194414615631104,3.918877124786377,-0.0005643367767333984
75,17,160,3.5520544052124023,3.555025577545166,0.002971172332763672
75,18,160,2.9047772884368896,2.903400421142578,-0.0013768672943115234
75,19,160,2.5194995403289795,2.5202503204345703,0.0007507801055908203
76,0,160,3.403837203979492,3.402625799179077,-0.001211404800415039
76,1,160,3.5297043323516846,3.527949333190918,-0.0017549991607666016
76,2,160,3.4405744075775146,3.4400715827941895,-0.0005028247833251953
76,3,160,2.9923899173736572,2.9916117191314697,-0.0007781982421875
76,4,160,2.833263874053955,2.8340532779693604,0.0007894039154052734
76,5,160,3.327500820159912,3.327624559402466,0.00012373924255371094
76,6,160,3.3199620246887207,3.3195927143096924,-0.0003693103790283203
76,7,160,3.3468565940856934,3.3459482192993164,-0.0009083747863769531
76,8,160,3.0533645153045654,3.053727626800537,0.0003631114959716797
76,9,160,3.2692971229553223,3.267517566680908,-0.0017795562744140625
76,10,160,3.487030267715454,3.486271858215332,-0.0007584095001220703
76,11,160,3.1243224143981934,3.1278913021087646,0.003568887710571289
76,12,160,3.332131862640381,3.340801954269409,0.00867009162902832
76,13,160,3.8016650676727295,3.8012590408325195,-0.00040602684020996094
76,14,160,3.6423559188842773,3.6433582305908203,0.0010023117065429688
76,15,160,3.5614991188049316,3.5619657039642334,0.0004665851593017578
76,16,160,3.9194414615631104,3.9202773571014404,0.0008358955383300781
76,17,160,3.5520544052124023,3.5501725673675537,-0.0018818378448486328
76,18,160,2.9047772884368896,2.905470132827759,0.0006928443908691406
76,19,160,2.5194995403289795,2.51977276802063,0.0002732276916503906
77,0,160,3.403837203979492,3.403552532196045,-0.0002846717834472656
77,1,160,3.5297043323516846,3.5301849842071533,0.00048065185546875
77,2,160,3.4405744075775146,3.439574718475342,-0.0009996891021728516
77,3,160,2.9923899173736572,2.993546485900879,0.0011565685272216797
77,4,160,2.833263874053955,2.834303379058838,0.0010395050048828125
77,5,160,3.327500820159912,3.328716278076172,0.0012154579162597656
77,6,160,3.3199620246887207,3.3206024169921875,0.0006403923034667969
77,7,160,3.3468565940856934,3.3499701023101807,0.0031135082244873047
77,8,160,3.0533645153045654,3.054135799407959,0.0007712841033935547
77,9,160,3.2692971229553223,3.27113676071167,0.0018396377563476562
77,10,160,3.487030267715454,3.4863173961639404,-0.0007128715515136719
77,11,160,3.1243224143981934,3.1237645149230957,-0.0005578994750976562
77,12,160,3.332131862640381,3.3315000534057617,-0.0006318092346191406
77,13,160,3.8016650676727295,3.8006703853607178,-0.0009946823120117188
77,14,160,3.6423559188842773,3.6431407928466797,0.0007848739624023438
77,15,160,3.5614991188049316,3.560797929763794,-0.0007011890411376953
77,16,160,3.9194414615631104,3.920525550842285,0.0010840892791748047
77,17,160,3.5520544052124023,3.550534963607788,-0.0015194416046142578
77,18,160,2.9047772884368896,2.9049832820892334,0.00020599365234375
77,19,160,2.5194995403289795,2.5191709995269775,-0.0003285408020019531
78,0,160,3.403837203979492,3.4048783779144287,0.0010411739349365234
78,1,160,3.5297043323516846,3.5306954383850098,0.0009911060333251953
78,2,160,3.4405744075775146,3.4414429664611816,0.0008685588836669922
78,3,160,2.9923899173736572,2.994117498397827,0.0017275810241699219
78,4,160,2.833263874053955,2.835369110107422,0.002105236053466797
78,5,160,3.327500820159912,3.3301639556884766,0.002663135528564453
78,6,160,3.3199620246887207,3.320425271987915,0.00046324729919433594
78,7,160,3.3468565940856934,3.347074508666992,0.00021791458129882812
78,8,160,3.0533645153045654,3.053708791732788,0.00034427642822265625
78,9,160,3.2692971229553223,3.269002676010132,-0.0002944469451904297
78,10,160,3.487030267715454,3.4880685806274414,0.0010383129119873047
78,11,160,3.1243224143981934,3.125812530517578,0.0014901161193847656
78,12,160,3.332131862640381,3.3316574096679688,-0.0004744529724121094
78,13,160,3.8016650676727295,3.8005528450012207,-0.001112222671508789
78,14,160,3.6423559188842773,3.6420047283172607,-0.00035119056701660156
78,15,160,3.5614991188049316,3.560152292251587,-0.0013468265533447266
78,16,160,3.9194414615631104,3.9199750423431396,0.0005335807800292969
78,17,160,3.5520544052124023,3.551816463470459,-0.00023794174194335938
78,18,160,2.9047772884368896,2.9037508964538574,-0.0010263919830322266
78,19,160,2.5194995403289795,2.520358085632324,0.0008585453033447266
79,0,160,3.403837203979492,3.402952194213867,-0.000885009765625
79,1,160,3.5297043323516846,3.5297865867614746,8.225440979003906e-05
79,2,160,3.4405744075775146,3.4412853717803955,0.0007109642028808594
79,3,160,2.9923899173736572,2.992820978164673,0.000431060791015625
79,4,160,2.833263874053955,2.834115505218506,0.0008516311645507812
79,5,160,3.327500820159912,3.32755446434021,5.364418029785156e-05
79,6,160,3.3199620246887207,3.321836471557617,0.0018744468688964844
79,7,160,3.3468565940856934,3.346158504486084,-0.000698089599609375
79,8,160,3.0533645153045654,3.053955078125,0.0005905628204345703
79,9,160,3.2692971229553223,3.269868850708008,0.0005717277526855469
79,10,160,3.487030267715454,3.487217664718628,0.00018739700317382812
79,11,160,3.1243224143981934,3.123720645904541,-0.0006017684936523438
79,12,160,3.332131862640381,3.332479953765869,0.00034809112548828125
79,13,160,3.8016650676727295,3.8030266761779785,0.0013616085052490234
79,14,160,3.6423559188842773,3.6407947540283203,-0.0015611648559570312
79,15,160,3.5614991188049316,3.5636847019195557,0.0021855831146240234
79,16,160,3.9194414615631104,3.921497106552124,0.002055644989013672
79,17,160,3.5520544052124023,3.552797794342041,0.0007433891296386719
79,18,160,2.9047772884368896,2.904141426086426,-0.0006358623504638672
79,19,160,2.5194995403289795,2.519296646118164,-0.0002028942108154297
80,0,160,3.403837203979492,3.4030673503875732,-0.0007698535919189453
80,1,160,3.5297043323516846,3.5307388305664062,0.0010344982147216797
80,2,160,3.4405744075775146,3.4429280757904053,0.002353668212890625
80,3,160,2.9923899173736572,2.9937326908111572,0.0013427734375
80,4,160,2.833263874053955,2.8332791328430176,1.52587890625e-05
80,5,160,3.327500820159912,3.3271656036376953,-0.0003352165222167969
80,6,160,3.3199620246887207,3.3195347785949707,-0.00042724609375
80,7,160,3.3468565940856934,3.348233938217163,0.0013773441314697266
80,8,160,3.0533645153045654,3.052288293838501,-0.0010762214660644531
80,9,160,3.2692971229553223,3.2692973613739014,2.384185791015625e-07
80,10,160,3.487030267715454,3.485832691192627,-0.0011975765228271484
80,11,160,3.1243224143981934,3.124704360961914,0.0003819465637207031
80,12,160,3.332131862640381,3.3334152698516846,0.001283407211303711
80,13,160,3.8016650676727295,3.800994873046875,-0.0006701946258544922
80,14,160,3.6423559188842773,3.6430892944335938,0.0007333755493164062
80,15,160,3.5614991188049316,3.563926935195923,0.002427816390991211
80,16,160,3.9194414615631104,3.918133497238159,-0.0013079643249511719
80,17,160,3.5520544052124023,3.550238609313965,-0.0018157958984375
80,18,160,2.9047772884368896,2.907390594482422,0.0026133060455322266
80,19,160,2.5194995403289795,2.520592451095581,0.0010929107666015625
81,0,160,3.403837203979492,3.4030096530914307,-0.0008275508880615234
81,1,160,3.5297043323516846,3.5313720703125,0.0016677379608154297
81,2,160,3.4405744075775146,3.440088987350464,-0.00048542022705078125
81,3,160,2.9923899173736572,2.990657091140747,-0.0017328262329101562
81,4,160,2.833263874053955,2.834597587585449,0.0013337135314941406
81,5,160,3.327500820159912,3.3267178535461426,-0.0007829666137695312
81,6,160,3.3199620246887207,3.3203301429748535,0.0003681182861328125
81,7,160,3.3468565940856934,3.347515821456909,0.0006592273712158203
81,8,160,3.0533645153045654,3.052668571472168,-0.0006959438323974609
81,9,160,3.2692971229553223,3.2693722248077393,7.510185241699219e-05
81,10,160,3.487030267715454,3.486712694168091,-0.00031757354736328125
81,11,160,3.1243224143981934,3.123986005783081,-0.0003364086151123047
81,12,160,3.332131862640381,3.331077814102173,-0.0010540485382080078
81,13,160,3.8016650676727295,3.8017289638519287,6.389617919921875e-05
81,14,160,3.6423559188842773,3.6423938274383545,3.790855407714844e-05
81,15,160,3.5614991188049316,3.5620782375335693,0.0005791187286376953
81,16,160,3.9194414615631104,3.918983221054077,-0.0004582405090332031
81,17,160,3.5520544052124023,3.5507516860961914,-0.0013027191162109375
81,18,160,2.9047772884368896,2.9038898944854736,-0.0008873939514160156
81,19,160,2.5194995403289795,2.518913745880127,-0.0005857944488525391
82,0,160,3.403837203979492,3.4028549194335938,-0.0009822845458984375
82,1,160,3.5297043323516846,3.5296790599823,-2.5272369384765625e-05
82,2,160,3.4405744075775146,3.4420080184936523,0.0014336109161376953
82,3,160,2.9923899173736572,2.9925801753997803,0.00019025802612304688
82,4,160,2.833263874053955,2.8331446647644043,-0.00011920928955078125
82,5,160,3.327500820159912,3.328014373779297,0.0005135536193847656
82,6,160,3.3199620246887207,3.320176601409912,0.00021457672119140625
82,7,160,3.3468565940856934,3.345396041870117,-0.0014605522155761719
82,8,160,3.0533645153045654,3.0517687797546387,-0.0015957355499267578
82,9,160,3.2692971229553223,3.2703819274902344,0.0010848045349121094
82,10,160,3.487030267715454,3.486760139465332,-0.0002701282501220703
82,11,160,3.1243224143981934,3.1260311603546143,0.0017087459564208984
82,12,160,3.332131862640381,3.3318965435028076,-0.0002353191375732422
82,13,160,3.8016650676727295,3.80380916595459,0.0021440982818603516
82,14,160,3.6423559188842773,3.6416842937469482,-0.0006716251373291016
82,15,160,3.5614991188049316,3.561478853225708,-2.0265579223632812e-05
82,16,160,3.9194414615631104,3.9195754528045654,0.00013399124145507812
82,17,160,3.5520544052124023,3.551957368850708,-9.703636169433594e-05
82,18,160,2.9047772884368896,2.904301404953003,-0.00047588348388671875
82,19,160,2.5194995403289795,2.5196533203125,0.0001537799835205078
83,0,160,3.403837203979492,3.403691530227661,-0.0001456737518310547
83,1,160,3.5297043323516846,3.53273606300354,0.0030317306518554688
83,2,160,3.4405744075775146,3.4409477710723877,0.0003733634948730469
83,3,160,2.9923899173736572,2.9941272735595703,0.001737356185913086
83,4,160,2.833263874053955,2.831352472305298,-0.0019114017486572266
83,5,160,3.327500820159912,3.328401803970337,0.0009009838104248047
83,6,160,3.3199620246887207,3.3207976818084717,0.0008356571197509766
83,7,160,3.3468565940856934,3.3495335578918457,0.0026769638061523438
83,8,160,3.0533645153045654,3.0541024208068848,0.0007379055023193359
83,9,160,3.2692971229553223,3.269658088684082,0.0003609657287597656
83,10,160,3.487030267715454,3.489089250564575,0.0020589828491210938
83,11,160,3.1243224143981934,3.1260087490081787,0.0016863346099853516
83,12,160,3.332131862640381,3.3331499099731445,0.0010180473327636719
83,13,160,3.8016650676727295,3.8030338287353516,0.0013687610626220703
83,14,160,3.6423559188842773,3.6421048641204834,-0.0002510547637939453
83,15,160,3.5614991188049316,3.560288429260254,-0.0012106895446777344
83,16,160,3.9194414615631104,3.9209461212158203,0.001504659652709961
83,17,160,3.5520544052124023,3.552384853363037,0.0003304481506347656
83,18,160,2.9047772884368896,2.9049456119537354,0.00016832351684570312
83,19,160,2.5194995403289795,2.5193841457366943,-0.00011539459228515625
84,0,160,3.403837203979492,3.403737783432007,-9.942054748535156e-05
84,1,160,3.5297043323516846,3.528810977935791,-0.0008933544158935547
84,2,160,3.4405744075775146,3.4437718391418457,0.0031974315643310547
84,3,160,2.9923899173736572,2.9955809116363525,0.0031909942626953125
84,4,160,2.833263874053955,2.8345947265625,0.0013308525085449219
84,5,160,3.327500820159912,3.3298351764678955,0.0023343563079833984
84,6,160,3.3199620246887207,3.3234548568725586,0.0034928321838378906
84,7,160,3.3468565940856934,3.3497231006622314,0.002866506576538086
84,8,160,3.0533645153045654,3.0554699897766113,0.0021054744720458984
84,9,160,3.2692971229553223,3.2706387042999268,0.0013415813446044922
84,10,160,3.487030267715454,3.4880940914154053,0.0010638236999511719
84,11,160,3.1243224143981934,3.124382257461548,5.984306335449219e-05
84,12,160,3.332131862640381,3.332200288772583,6.842613220214844e-05
84,13,160,3.8016650676727295,3.8008198738098145,-0.0008451938629150391
84,14,160,3.6423559188842773,3.643834352493286,0.001478433609008789
84,15,160,3.5614991188049316,3.5609195232391357,-0.0005795955657958984
84,16,160,3.9194414615631104,3.920610189437866,0.0011687278747558594
84,17,160,3.5520544052124023,3.551738977432251,-0.0003154277801513672
84,18,160,2.9047772884368896,2.904357433319092,-0.00041985511779785156
84,19,160,2.5194995403289795,2.5188212394714355,-0.0006783008575439453
85,0,160,3.403837203979492,3.4020144939422607,-0.0018227100372314453
85,1,160,3.5297043323516846,3.530675172805786,0.0009708404541015625
85,2,160,3.4405744075775146,3.4408249855041504,0.0002505779266357422
85,3,160,2.9923899173736572,2.9941513538360596,0.0017614364624023438
85,4,160,2.833263874053955,2.8329787254333496,-0.00028514862060546875
85,5,160,3.327500820159912,3.325986862182617,-0.0015139579772949219
85,6,160,3.3199620246887207,3.321052312850952,0.0010902881622314453
85,7,160,3.3468565940856934,3.345409393310547,-0.0014472007751464844
85,8,160,3.0533645153045654,3.0540738105773926,0.0007092952728271484
85,9,160,3.2692971229553223,3.269597053527832,0.0002999305725097656
85,10,160,3.487030267715454,3.487802743911743,0.0007724761962890625
85,11,160,3.1243224143981934,3.1238300800323486,-0.0004923343658447266
85,12,160,3.332131862640381,3.331953763961792,-0.0001780986785888672
85,13,160,3.8016650676727295,3.8017282485961914,6.318092346191406e-05
85,14,160,3.6423559188842773,3.6415388584136963,-0.0008170604705810547
85,15,160,3.5614991188049316,3.561673164367676,0.00017404556274414062
85,16,160,3.9194414615631104,3.92085862159729,0.0014171600341796875
85,17,160,3.5520544052124023,3.552638530731201,0.0005841255187988281
85,18,160,2.9047772884368896,2.904512643814087,-0.0002646446228027344
85,19,160,2.5194995403289795,2.520209550857544,0.0007100105285644531
86,0,160,3.403837203979492,3.403709888458252,-0.00012731552124023438
86,1,160,3.5297043323516846,3.5286152362823486,-0.0010890960693359375
86,2,160,3.4405744075775146,3.4407882690429688,0.00021386146545410156
86,3,160,2.9923899173736572,2.991363763809204,-0.001026153564453125
86,4,160,2.833263874053955,2.8338587284088135,0.0005948543548583984
86,5,160,3.327500820159912,3.3260273933410645,-0.0014734268188476562
86,6,160,3.3199620246887207,3.318904161453247,-0.0010578632354736328
86,7,160,3.3468565940856934,3.345810890197754,-0.0010457038879394531
86,8,160,3.0533645153045654,3.052880048751831,-0.000484466552734375
86,9,160,3.2692971229553223,3.269165277481079,-0.00013184547424316406
86,10,160,3.487030267715454,3.48850154876709,0.0014712810516357422
86,11,160,3.1243224143981934,3.127101182937622,0.002778768539428711
86,12,160,3.332131862640381,3.3393778800964355,0.0072460174560546875
86,13,160,3.8016650676727295,3.8033578395843506,0.0016927719116210938
86,14,160,3.6423559188842773,3.64192533493042,-0.0004305839538574219
86,15,160,3.5614991188049316,3.560845375061035,-0.0006537437438964844
86,16,160,3.9194414615631104,3.9190032482147217,-0.0004382133483886719
86,17,160,3.5520544052124023,3.5525777339935303,0.0005233287811279297
86,18,160,2.9047772884368896,2.904104232788086,-0.0006730556488037109
86,19,160,2.5194995403289795,2.520634412765503,0.0011348724365234375
87,0,160,3.403837203979492,3.403913736343384,7.653236389160156e-05
87,1,160,3.5297043323516846,3.5290956497192383,-0.0006086826324462891
87,2,160,3.4405744075775146,3.4448113441467285,0.004236936569213867
87,3,160,2.9923899173736572,2.9936742782592773,0.0012843608856201172
87,4,160,2.833263874053955,2.837858200073242,0.004594326019287109
87,5,160,3.327500820159912,3.3315303325653076,0.004029512405395508
87,6,160,3.3199620246887207,3.3219430446624756,0.001981019973754883
87,7,160,3.3468565940856934,3.3517675399780273,0.004910945892333984
87,8,160,3.0533645153045654,3.0548059940338135,0.0014414787292480469
87,9,160,3.2692971229553223,3.2725424766540527,0.0032453536987304688
87,10,160,3.487030267715454,3.489065408706665,0.0020351409912109375
87,11,160,3.1243224143981934,3.127960205078125,0.0036377906799316406
87,12,160,3.332131862640381,3.332993268966675,0.0008614063262939453
87,13,160,3.8016650676727295,3.803595781326294,0.0019307136535644531
87,14,160,3.6423559188842773,3.6422412395477295,-0.00011467933654785156
87,15,160,3.5614991188049316,3.561718702316284,0.00021958351135253906
87,16,160,3.9194414615631104,3.91823148727417,-0.0012099742889404297
87,17,160,3.5520544052124023,3.5521018505096436,4.744529724121094e-05
87,18,160,2.9047772884368896,2.904982089996338,0.0002048015594482422
87,19,160,2.5194995403289795,2.518693447113037,-0.0008060932159423828
88,0,160,3.403837203979492,3.404629945755005,0.0007927417755126953
88,1,160,3.5297043323516846,3.5284640789031982,-0.0012402534484863281
88,2,160,3.4405744075775146,3.442037582397461,0.001463174819946289
88,3,160,2.9923899173736572,2.9919064044952393,-0.00048351287841796875
88,4,160,2.833263874053955,2.8338375091552734,0.0005736351013183594
88,5,160,3.327500820159912,3.3275375366210938,3.6716461181640625e-05
88,6,160,3.3199620246887207,3.3200936317443848,0.0001316070556640625
88,7,160,3.3468565940856934,3.3467369079589844,-0.00011968612670898438
88,8,160,3.0533645153045654,3.0520102977752686,-0.001354217529296875
88,9,160,3.2692971229553223,3.2722785472869873,0.002981424331665039
88,10,160,3.487030267715454,3.487375259399414,0.00034499168395996094
88,11,160,3.1243224143981934,3.123859405517578,-0.0004630088806152344
88,12,160,3.332131862640381,3.3327646255493164,0.0006327629089355469
88,13,160,3.8016650676727295,3.8010127544403076,-0.000652313232421875
88,14,160,3.6423559188842773,3.6418588161468506,-0.0004971027374267578
88,15,160,3.5614991188049316,3.5623669624328613,0.0008678436279296875
88,16,160,3.9194414615631104,3.919678211212158,0.00023674964904785156
88,17,160,3.5520544052124023,3.5526180267333984,0.0005636215209960938
88,18,160,2.9047772884368896,2.9064152240753174,0.0016379356384277344
88,19,160,2.5194995403289795,2.521129846572876,0.0016303062438964844
89,0,160,3.403837203979492,3.4040372371673584,0.00020003318786621094
89,1,160,3.5297043323516846,3.5303893089294434,0.0006849765777587891
89,2,160,3.4405744075775146,3.4392309188842773,-0.0013434886932373047
89,3,160,2.9923899173736572,2.991668701171875,-0.0007212162017822266
89,4,160,2.833263874053955,2.832735776901245,-0.0005280971527099609
89,5,160,3.327500820159912,3.327172040939331,-0.0003287792205810547
89,6,160,3.3199620246887207,3.318479299545288,-0.0014827251434326172
89,7,160,3.3468565940856934,3.347504138946533,0.0006475448608398438
89,8,160,3.0533645153045654,3.0525097846984863,-0.0008547306060791016
89,9,160,3.2692971229553223,3.2693300247192383,3.2901763916015625e-05
89,10,160,3.487030267715454,3.4860332012176514,-0.0009970664978027344
89,11,160,3.1243224143981934,3.1248369216918945,0.0005145072937011719
89,12,160,3.332131862640381,3.3317925930023193,-0.00033926963806152344
89,13,160,3.8016650676727295,3.801736354827881,7.128715515136719e-05
89,14,160,3.6423559188842773,3.6433002948760986,0.0009443759918212891
89,15,160,3.5614991188049316,3.560805559158325,-0.0006935596466064453
89,16,160,3.9194414615631104,3.921708822250366,0.0022673606872558594
89,17,160,3.5520544052124023,3.552385091781616,0.0003306865692138672
89,18,160,2.9047772884368896,2.904789924621582,1.2636184692382812e-05
89,19,160,2.5194995403289795,2.5188920497894287,-0.0006074905395507812
90,0,160,3.403837203979492,3.404348134994507,0.0005109310150146484
90,1,160,3.5297043323516846,3.531639337539673,0.0019350051879882812
90,2,160,3.4405744075775146,3.4382927417755127,-0.002281665802001953
90,3,160,2.9923899173736572,2.9927189350128174,0.00032901763916015625
90,4,160,2.833263874053955,2.8331451416015625,-0.00011873245239257812
90,5,160,3.327500820159912,3.3283040523529053,0.0008032321929931641
90,6,160,3.3199620246887207,3.320406675338745,0.00044465065002441406
90,7,160,3.3468565940856934,3.3476321697235107,0.0007755756378173828
90,8,160,3.0533645153045654,3.054142475128174,0.0007779598236083984
90,9,160,3.2692971229553223,3.270002603530884,0.0007054805755615234
90,10,160,3.487030267715454,3.4876434803009033,0.0006132125854492188
90,11,160,3.1243224143981934,3.1250369548797607,0.0007145404815673828
90,12,160,3.332131862640381,3.332824468612671,0.0006926059722900391
90,13,160,3.8016650676727295,3.8017971515655518,0.00013208389282226562
90,14,160,3.6423559188842773,3.643270969390869,0.0009150505065917969
90,15,160,3.5614991188049316,3.5625367164611816,0.00103759765625
90,16,160,3.9194414615631104,3.919346809387207,-9.465217590332031e-05
90,17,160,3.5520544052124023,3.553711175918579,0.0016567707061767578
90,18,160,2.9047772884368896,2.9035587310791016,-0.001218557357788086
90,19,160,2.5194995403289795,2.5196895599365234,0.0001900196075439453
91,0,160,3.403837203979492,3.4043357372283936,0.0004985332489013672
91,1,160,3.5297043323516846,3.529697895050049,-6.4373016357421875e-06
91,2,160,3.4405744075775146,3.4401261806488037,-0.0004482269287109375
91,3,160,2.9923899173736572,2.990786552429199,-0.0016033649444580078
91,4,160,2.833263874053955,2.8333380222320557,7.414817810058594e-05
91,5,160,3.327500820159912,3.328080892562866,0.0005800724029541016
91,6,160,3.3199620246887207,3.3173069953918457,-0.002655029296875
91,7,160,3.3468565940856934,3.3461227416992188,-0.0007338523864746094
91,8,160,3.0533645153045654,3.0531933307647705,-0.00017118453979492188
91,9,160,3.2692971229553223,3.2696986198425293,0.00040149688720703125
91,10,160,3.487030267715454,3.4874415397644043,0.0004112720489501953
91,11,160,3.1243224143981934,3.1276893615722656,0.0033669471740722656
91,12,160,3.332131862640381,3.3337154388427734,0.0015835762023925781
91,13,160,3.8016650676727295,3.803058385848999,0.0013933181762695312
91,14,160,3.6423559188842773,3.641260862350464,-0.0010950565338134766
91,15,160,3.5614991188049316,3.561464548110962,-3.457069396972656e-05
91,16,160,3.9194414615631104,3.9196410179138184,0.0001995563507080078
91,17,160,3.5520544052124023,3.553420066833496,0.00136566162109375
91,18,160,2.9047772884368896,2.9040331840515137,-0.0007441043853759766
91,19,160,2.5194995403289795,2.521334171295166,0.0018346309661865234
92,0,160,3.403837203979492,3.404008388519287,0.00017118453979492188
92,1,160,3.5297043323516846,3.5302281379699707,0.0005238056182861328
92,2,160,3.4405744075775146,3.4397494792938232,-0.0008249282836914062
92,3,160,2.9923899173736572,2.9920034408569336,-0.0003864765167236328
92,4,160,2.833263874053955,2.834892749786377,0.001628875732421875
92,5,160,3.327500820159912,3.3272435665130615,-0.00025725364685058594
92,6,160,3.3199620246887207,3.3220865726470947,0.0021245479583740234
92,7,160,3.3468565940856934,3.345932960510254,-0.0009236335754394531
92,8,160,3.0533645153045654,3.0544943809509277,0.0011298656463623047
92,9,160,3.2692971229553223,3.2696681022644043,0.00037097930908203125
92,10,160,3.487030267715454,3.486776351928711,-0.00025391578674316406
92,11,160,3.1243224143981934,3.1221532821655273,-0.0021691322326660156
92,12,160,3.332131862640381,3.3325915336608887,0.0004596710205078125
92,13,160,3.8016650676727295,3.8026459217071533,0.0009808540344238281
92,14,160,3.6423559188842773,3.642920970916748,0.0005650520324707031
92,15,160,3.5614991188049316,3.5621674060821533,0.0006682872772216797
92,16,160,3.9194414615631104,3.920140504837036,0.0006990432739257812
92,17,160,3.5520544052124023,3.554710626602173,0.002656221389770508
92,18,160,2.9047772884368896,2.9043519496917725,-0.0004253387451171875
92,19,160,2.5194995403289795,2.5202901363372803,0.0007905960083007812
93,0,160,3.403837203979492,3.4035749435424805,-0.00026226043701171875
93,1,160,3.5297043323516846,3.5280849933624268,-0.0016193389892578125
93,2,160,3.4405744075775146,3.4417009353637695,0.0011265277862548828
93,3,160,2.9923899173736572,2.992793321609497,0.00040340423583984375
93,4,160,2.833263874053955,2.833548069000244,0.0002841949462890625
93,5,160,3.327500820159912,3.3274648189544678,-3.600120544433594e-05
93,6,160,3.3199620246887207,3.31943941116333,-0.000522613525390625
93,7,160,3.3468565940856934,3.3465449810028076,-0.0003116130828857422
93,8,160,3.0533645153045654,3.0532352924346924,-0.00012922286987304688
93,9,160,3.2692971229553223,3.270455837249756,0.0011587142944335938
93,10,160,3.487030267715454,3.4875705242156982,0.0005402565002441406
93,11,160,3.1243224143981934,3.125227928161621,0.0009055137634277344
93,12,160,3.332131862640381,3.331467628479004,-0.0006642341613769531
93,13,160,3.8016650676727295,3.8009324073791504,-0.0007326602935791016
93,14,160,3.6423559188842773,3.641026020050049,-0.0013298988342285156
93,15,160,3.5614991188049316,3.562958002090454,0.001458883285522461
93,16,160,3.9194414615631104,3.9190781116485596,-0.00036334991455078125
93,17,160,3.5520544052124023,3.551699638366699,-0.000354766845703125
93,18,160,2.9047772884368896,2.9052348136901855,0.00045752525329589844
93,19,160,2.5194995403289795,2.5211639404296875,0.0016644001007080078
94,0,160,3.403837203979492,3.402972936630249,-0.0008642673492431641
94,1,160,3.5297043323516846,3.529768228530884,6.389617919921875e-05
94,2,160,3.4405744075775146,3.440399408340454,-0.00017499923706054688
94,3,160,2.9923899173736572,2.9928090572357178,0.0004191398620605469
94,4,160,2.833263874053955,2.8329715728759766,-0.0002923011779785156
94,5,160,3.327500820159912,3.326616048812866,-0.0008847713470458984
94,6,160,3.3199620246887207,3.3208072185516357,0.0008451938629150391
94,7,160,3.3468565940856934,3.3462705612182617,-0.0005860328674316406
94,8,160,3.0533645153045654,3.0529708862304688,-0.0003936290740966797
94,9,160,3.2692971229553223,3.269385814666748,8.869171142578125e-05
94,10,160,3.487030267715454,3.486548900604248,-0.0004813671112060547
94,11,160,3.1243224143981934,3.1241369247436523,-0.00018548965454101562
94,12,160,3.332131862640381,3.33183217048645,-0.00029969215393066406
94,13,160,3.8016650676727295,3.8017709255218506,0.00010585784912109375
94,14,160,3.6423559188842773,3.6412739753723145,-0.0010819435119628906
94,15,160,3.5614991188049316,3.561127185821533,-0.0003719329833984375
94,16,160,3.9194414615631104,3.919438123703003,-3.337860107421875e-06
94,17,160,3.5520544052124023,3.554687738418579,0.002633333206176758
94,18,160,2.9047772884368896,2.9045441150665283,-0.00023317337036132812
94,19,160,2.5194995403289795,2.5173263549804688,-0.002173185348510742
95,0,160,3.403837203979492,3.403113603591919,-0.0007236003875732422
95,1,160,3.5297043323516846,3.5307769775390625,0.0010726451873779297
95,2,160,3.4405744075775146,3.440372943878174,-0.0002014636993408203
95,3,160,2.9923899173736572,2.992551803588867,0.00016188621520996094
95,4,160,2.833263874053955,2.832033395767212,-0.001230478286743164
95,5,160,3.327500820159912,3.3275225162506104,2.1696090698242188e-05
95,6,160,3.3199620246887207,3.320937156677246,0.0009751319885253906
95,7,160,3.3468565940856934,3.3466572761535645,-0.00019931793212890625
95,8,160,3.0533645153045654,3.0533230304718018,-4.1484832763671875e-05
95,9,160,3.2692971229553223,3.2695369720458984,0.00023984909057617188
95,10,160,3.487030267715454,3.4885940551757812,0.0015637874603271484
95,11,160,3.1243224143981934,3.124457597732544,0.00013518333435058594
95,12,160,3.332131862640381,3.331859588623047,-0.0002722740173339844
95,13,160,3.8016650676727295,3.8017568588256836,9.179115295410156e-05
95,14,160,3.6423559188842773,3.640263795852661,-0.002092123031616211
95,15,160,3.5614991188049316,3.561880588531494,0.0003814697265625
95,16,160,3.9194414615631104,3.922755241394043,0.003313779830932617
95,17,160,3.5520544052124023,3.5503547191619873,-0.001699686050415039
95,18,160,2.9047772884368896,2.9036359786987305,-0.0011413097381591797
95,19,160,2.5194995403289795,2.5196609497070312,0.0001614093780517578
96,0,160,3.403837203979492,3.4031543731689453,-0.000682830810546875
96,1,160,3.5297043323516846,3.530712842941284,0.0010085105895996094
96,2,160,3.4405744075775146,3.4414894580841064,0.0009150505065917969
96,3,160,2.9923899173736572,2.993677854537964,0.0012879371643066406
96,4,160,2.833263874053955,2.833162546157837,-0.00010132789611816406
96,5,160,3.327500820159912,3.327474594116211,-2.6226043701171875e-05
96,6,160,3.3199620246887207,3.3211047649383545,0.001142740249633789
96,7,160,3.3468565940856934,3.347489595413208,0.0006330013275146484
96,8,160,3.0533645153045654,3.0557937622070312,0.0024292469024658203
96,9,160,3.2692971229553223,3.2692766189575195,-2.0503997802734375e-05
96,10,160,3.487030267715454,3.487989902496338,0.0009596347808837891
96,11,160,3.1243224143981934,3.1222715377807617,-0.0020508766174316406
96,12,160,3.332131862640381,3.3316688537597656,-0.0004630088806152344
96,13,160,3.8016650676727295,3.8036909103393555,0.0020258426666259766
96,14,160,3.6423559188842773,3.64213490486145,-0.00022101402282714844
96,15,160,3.5614991188049316,3.5625431537628174,0.0010440349578857422
96,16,160,3.9194414615631104,3.9221956729888916,0.00275421142578125
96,17,160,3.5520544052124023,3.553541421890259,0.0014870166778564453
96,18,160,2.9047772884368896,2.905744791030884,0.0009675025939941406
96,19,160,2.5194995403289795,2.518979549407959,-0.0005199909210205078
97,0,160,3.403837203979492,3.4037821292877197,-5.507469177246094e-05
97,1,160,3.5297043323516846,3.529088020324707,-0.0006163120269775391
97,2,160,3.4405744075775146,3.4413444995880127,0.0007700920104980469
97,3,160,2.9923899173736572,2.994048833847046,0.0016589164733886719
97,4,160,2.833263874053955,2.8325753211975098,-0.0006885528564453125
97,5,160,3.327500820159912,3.3277909755706787,0.00029015541076660156
97,6,160,3.3199620246887207,3.3194074630737305,-0.0005545616149902344
97,7,160,3.3468565940856934,3.3484840393066406,0.0016274452209472656
97,8,160,3.0533645153045654,3.054415702819824,0.001051187515258789
97,9,160,3.2692971229553223,3.2699835300445557,0.0006864070892333984
97,10,160,3.487030267715454,3.487680673599243,0.0006504058837890625
97,11,160,3.1243224143981934,3.1252386569976807,0.0009162425994873047
97,12,160,3.332131862640381,3.3315036296844482,-0.0006282329559326172
97,13,160,3.8016650676727295,3.8043212890625,0.002656221389770508
97,14,160,3.6423559188842773,3.6423518657684326,-4.0531158447265625e-06
97,15,160,3.5614991188049316,3.5608813762664795,-0.0006177425384521484
97,16,160,3.9194414615631104,3.920901298522949,0.0014598369598388672
97,17,160,3.5520544052124023,3.5537664890289307,0.0017120838165283203
97,18,160,2.9047772884368896,2.9049739837646484,0.00019669532775878906
97,19,160,2.5194995403289795,2.518550395965576,-0.0009491443634033203
98,0,160,3.403837203979492,3.404259443283081,0.0004222393035888672
98,1,160,3.5297043323516846,3.530630350112915,0.0009260177612304688
98,2,160,3.4405744075775146,3.4403653144836426,-0.0002090930938720703
98,3,160,2.9923899173736572,2.9914324283599854,-0.000957489013671875
98,4,160,2.833263874053955,2.833430290222168,0.00016641616821289062
98,5,160,3.327500820159912,3.326587677001953,-0.0009131431579589844
98,6,160,3.3199620246887207,3.3210299015045166,0.0010678768157958984
98,7,160,3.3468565940856934,3.346815586090088,-4.100799560546875e-05
98,8,160,3.0533645153045654,3.0526368618011475,-0.0007276535034179688
98,9,160,3.2692971229553223,3.2698495388031006,0.0005524158477783203
98,10,160,3.487030267715454,3.486706495285034,-0.0003237724304199219
98,11,160,3.1243224143981934,3.1264724731445312,0.0021500587463378906
98,12,160,3.332131862640381,3.332813262939453,0.0006814002990722656
98,13,160,3.8016650676727295,3.8024134635925293,0.0007483959197998047
98,14,160,3.6423559188842773,3.6421337127685547,-0.00022220611572265625
98,15,160,3.5614991188049316,3.561572790145874,7.367134094238281e-05
98,16,160,3.9194414615631104,3.9193224906921387,-0.00011897087097167969
98,17,160,3.5520544052124023,3.553363800048828,0.0013093948364257812
98,18,160,2.9047772884368896,2.908658504486084,0.003881216049194336
98,19,160,2.5194995403289795,2.5191755294799805,-0.00032401084899902344
99,0,160,3.403837203979492,3.4040064811706543,0.00016927719116210938
99,1,160,3.5297043323516846,3.5305511951446533,0.00084686279296875
99,2,160,3.4405744075775146,3.440699815750122,0.00012540817260742188
99,3,160,2.9923899173736572,2.9946610927581787,0.0022711753845214844
99,4,160,2.833263874053955,2.835002899169922,0.0017390251159667969
99,5,160,3.327500820159912,3.3282053470611572,0.0007045269012451172
99,6,160,3.3199620246887207,3.319538116455078,-0.0004239082336425781
99,7,160,3.3468565940856934,3.346006155014038,-0.0008504390716552734
99,8,160,3.0533645153045654,3.052582263946533,-0.0007822513580322266
99,9,160,3.2692971229553223,3.269280195236206,-1.6927719116210938e-05
99,10,160,3.487030267715454,3.487342357635498,0.0003120899200439453
99,11,160,3.1243224143981934,3.123959541320801,-0.0003628730773925781
99,12,160,3.332131862640381,3.3312530517578125,-0.0008788108825683594
99,13,160,3.8016650676727295,3.802157402038574,0.0004923343658447266
99,14,160,3.6423559188842773,3.6425676345825195,0.0002117156982421875
99,15,160,3.5614991188049316,3.5606234073638916,-0.0008757114410400391
99,16,160,3.9194414615631104,3.920288324356079,0.00084686279296875
99,17,160,3.5520544052124023,3.5518910884857178,-0.0001633167266845703
99,18,160,2.9047772884368896,2.9050559997558594,0.00027871131896972656
99,19,160,2.5194995403289795,2.518721103668213,-0.0007784366607666016
