subset,query,n_removed,baseline_loss,filtered_loss,loss_change
0,0,160,3.400447368621826,3.399968385696411,-0.00047898292541503906
0,1,160,3.5397024154663086,3.5391218662261963,-0.0005805492401123047
0,2,160,3.4472615718841553,3.445911169052124,-0.00135040283203125
0,3,160,3.013218641281128,3.0138869285583496,0.0006682872772216797
0,4,160,2.8314590454101562,2.8307998180389404,-0.0006592273712158203
0,5,160,3.3697822093963623,3.3704679012298584,0.0006856918334960938
0,6,160,3.325374126434326,3.325664758682251,0.0002906322479248047
0,7,160,3.3482558727264404,3.348125457763672,-0.0001304149627685547
0,8,160,3.0786399841308594,3.078800678253174,0.00016069412231445312
0,9,160,3.2830843925476074,3.2835121154785156,0.0004277229309082031
0,10,160,3.4933371543884277,3.492307186126709,-0.00102996826171875
0,11,160,3.149472713470459,3.1495718955993652,9.918212890625e-05
0,12,160,3.3460118770599365,3.3475124835968018,0.0015006065368652344
0,13,160,3.831847906112671,3.8309078216552734,-0.0009400844573974609
0,14,160,3.6373698711395264,3.6379826068878174,0.0006127357482910156
0,15,160,3.559828519821167,3.5598251819610596,-3.337860107421875e-06
0,16,160,3.9232115745544434,3.9234321117401123,0.0002205371856689453
0,17,160,3.571119546890259,3.572960615158081,0.0018410682678222656
0,18,160,2.909066677093506,2.9093639850616455,0.00029730796813964844
0,19,160,2.5112643241882324,2.5124895572662354,0.0012252330780029297
1,0,160,3.400447368621826,3.4002349376678467,-0.0002124309539794922
1,1,160,3.5397024154663086,3.540128469467163,0.0004260540008544922
1,2,160,3.4472615718841553,3.4484477043151855,0.0011861324310302734
1,3,160,3.013218641281128,3.012563467025757,-0.0006551742553710938
1,4,160,2.8314590454101562,2.8307955265045166,-0.0006635189056396484
1,5,160,3.3697822093963623,3.3700802326202393,0.0002980232238769531
1,6,160,3.325374126434326,3.3250679969787598,-0.00030612945556640625
1,7,160,3.3482558727264404,3.348177909851074,-7.796287536621094e-05
1,8,160,3.0786399841308594,3.0788700580596924,0.0002300739288330078
1,9,160,3.2830843925476074,3.283874750137329,0.0007903575897216797
1,10,160,3.4933371543884277,3.494904041290283,0.0015668869018554688
1,11,160,3.149472713470459,3.1491520404815674,-0.00032067298889160156
1,12,160,3.3460118770599365,3.3534767627716064,0.007464885711669922
1,13,160,3.831847906112671,3.8320858478546143,0.00023794174194335938
1,14,160,3.6373698711395264,3.6379778385162354,0.0006079673767089844
1,15,160,3.559828519821167,3.559149742126465,-0.0006787776947021484
1,16,160,3.9232115745544434,3.9242215156555176,0.0010099411010742188
1,17,160,3.571119546890259,3.5685760974884033,-0.0025434494018554688
1,18,160,2.909066677093506,2.90960431098938,0.0005376338958740234
1,19,160,2.5112643241882324,2.511692762374878,0.0004284381866455078
2,0,160,3.400447368621826,3.3994028568267822,-0.0010445117950439453
2,1,160,3.5397024154663086,3.5389623641967773,-0.00074005126953125
2,2,160,3.4472615718841553,3.447232246398926,-2.9325485229492188e-05
2,3,160,3.013218641281128,3.013075828552246,-0.00014281272888183594
2,4,160,2.8314590454101562,2.831605911254883,0.0001468658447265625
2,5,160,3.3697822093963623,3.3708338737487793,0.0010516643524169922
2,6,160,3.325374126434326,3.326805591583252,0.0014314651489257812
2,7,160,3.3482558727264404,3.3486762046813965,0.0004203319549560547
2,8,160,3.0786399841308594,3.0794332027435303,0.0007932186126708984
2,9,160,3.2830843925476074,3.2845876216888428,0.0015032291412353516
2,10,160,3.4933371543884277,3.492522954940796,-0.0008141994476318359
2,11,160,3.149472713470459,3.152055025100708,0.0025823116302490234
2,12,160,3.3460118770599365,3.346266984939575,0.0002551078796386719
2,13,160,3.831847906112671,3.8325695991516113,0.0007216930389404297
2,14,160,3.6373698711395264,3.639101505279541,0.0017316341400146484
2,15,160,3.559828519821167,3.560361623764038,0.0005331039428710938
2,16,160,3.9232115745544434,3.923696756362915,0.0004851818084716797
2,17,160,3.571119546890259,3.571303606033325,0.00018405914306640625
2,18,160,2.909066677093506,2.9095957279205322,0.0005290508270263672
2,19,160,2.5112643241882324,2.511054515838623,-0.000209808349609375
3,0,160,3.400447368621826,3.3993327617645264,-0.0011146068572998047
3,1,160,3.5397024154663086,3.5408730506896973,0.0011706352233886719
3,2,160,3.4472615718841553,3.4487271308898926,0.0014655590057373047
3,3,160,3.013218641281128,3.012937307357788,-0.00028133392333984375
3,4,160,2.8314590454101562,2.831897497177124,0.00043845176696777344
3,5,160,3.3697822093963623,3.368910551071167,-0.0008716583251953125
3,6,160,3.325374126434326,3.326439142227173,0.0010650157928466797
3,7,160,3.3482558727264404,3.3486382961273193,0.00038242340087890625
3,8,160,3.0786399841308594,3.079138994216919,0.0004990100860595703
3,9,160,3.2830843925476074,3.2828586101531982,-0.0002257823944091797
3,10,160,3.4933371543884277,3.4929845333099365,-0.00035262107849121094
3,11,160,3.149472713470459,3.150233030319214,0.0007603168487548828
3,12,160,3.3460118770599365,3.3447210788726807,-0.0012907981872558594
3,13,160,3.831847906112671,3.831547737121582,-0.0003001689910888672
3,14,160,3.6373698711395264,3.6392734050750732,0.001903533935546875
3,15,160,3.559828519821167,3.560210943222046,0.00038242340087890625
3,16,160,3.9232115745544434,3.922917127609253,-0.0002944469451904297
3,17,160,3.571119546890259,3.569275379180908,-0.001844167709350586
3,18,160,2.909066677093506,2.91001033782959,0.0009436607360839844
3,19,160,2.5112643241882324,2.5109076499938965,-0.0003566741943359375
4,0,160,3.400447368621826,3.401355743408203,0.0009083747863769531
4,1,160,3.5397024154663086,3.5388481616973877,-0.0008542537689208984
4,2,160,3.4472615718841553,3.4473319053649902,7.033348083496094e-05
4,3,160,3.013218641281128,3.0141279697418213,0.0009093284606933594
4,4,160,2.8314590454101562,2.830580711364746,-0.0008783340454101562
4,5,160,3.3697822093963623,3.3691771030426025,-0.0006051063537597656
4,6,160,3.325374126434326,3.3253002166748047,-7.390975952148438e-05
4,7,160,3.3482558727264404,3.3487331867218018,0.0004773139953613281
4,8,160,3.0786399841308594,3.0786616802215576,2.1696090698242188e-05
4,9,160,3.2830843925476074,3.2841951847076416,0.0011107921600341797
4,10,160,3.4933371543884277,3.493926525115967,0.0005893707275390625
4,11,160,3.149472713470459,3.149059534072876,-0.0004131793975830078
4,12,160,3.3460118770599365,3.3528270721435547,0.006815195083618164
4,13,160,3.831847906112671,3.831951856613159,0.00010395050048828125
4,14,160,3.6373698711395264,3.6373376846313477,-3.218650817871094e-05
4,15,160,3.559828519821167,3.5602595806121826,0.000431060791015625
4,16,160,3.9232115745544434,3.9232430458068848,3.147125244140625e-05
4,17,160,3.571119546890259,3.5709431171417236,-0.00017642974853515625
4,18,160,2.909066677093506,2.909505605697632,0.00043892860412597656
4,19,160,2.5112643241882324,2.5092966556549072,-0.0019676685333251953
5,0,160,3.400447368621826,3.4013512134552,0.0009038448333740234
5,1,160,3.5397024154663086,3.540432929992676,0.0007305145263671875
5,2,160,3.4472615718841553,3.4461781978607178,-0.0010833740234375
5,3,160,3.013218641281128,3.012540340423584,-0.0006783008575439453
5,4,160,2.8314590454101562,2.8318514823913574,0.0003924369812011719
5,5,160,3.3697822093963623,3.369068145751953,-0.0007140636444091797
5,6,160,3.325374126434326,3.3259661197662354,0.0005919933319091797
5,7,160,3.3482558727264404,3.3498153686523438,0.0015594959259033203
5,8,160,3.0786399841308594,3.0787060260772705,6.604194641113281e-05
5,9,160,3.2830843925476074,3.284039258956909,0.0009548664093017578
5,10,160,3.4933371543884277,3.4942195415496826,0.0008823871612548828
5,11,160,3.149472713470459,3.1497979164123535,0.00032520294189453125
5,12,160,3.3460118770599365,3.3460254669189453,1.3589859008789062e-05
5,13,160,3.831847906112671,3.8324966430664062,0.0006487369537353516
5,14,160,3.6373698711395264,3.6373138427734375,-5.602836608886719e-05
5,15,160,3.559828519821167,3.5613129138946533,0.0014843940734863281
5,16,160,3.9232115745544434,3.9225637912750244,-0.0006477832794189453
5,17,160,3.571119546890259,3.5703208446502686,-0.0007987022399902344
5,18,160,2.909066677093506,2.9090893268585205,2.2649765014648438e-05
5,19,160,2.5112643241882324,2.509519338607788,-0.001744985580444336
6,0,160,3.400447368621826,3.400395154953003,-5.221366882324219e-05
6,1,160,3.5397024154663086,3.541381597518921,0.0016791820526123047
6,2,160,3.4472615718841553,3.445866823196411,-0.0013947486877441406
6,3,160,3.013218641281128,3.014803409576416,0.001584768295288086
6,4,160,2.8314590454101562,2.832024574279785,0.0005655288696289062
6,5,160,3.3697822093963623,3.36818265914917,-0.0015995502471923828
6,6,160,3.325374126434326,3.3236310482025146,-0.0017430782318115234
6,7,160,3.3482558727264404,3.3477346897125244,-0.0005211830139160156
6,8,160,3.0786399841308594,3.077573299407959,-0.0010666847229003906
6,9,160,3.2830843925476074,3.2806508541107178,-0.0024335384368896484
6,10,160,3.4933371543884277,3.493168592453003,-0.0001685619354248047
6,11,160,3.149472713470459,3.1474852561950684,-0.001987457275390625
6,12,160,3.3460118770599365,3.3458738327026367,-0.0001380443572998047
6,13,160,3.831847906112671,3.832395315170288,0.0005474090576171875
6,14,160,3.6373698711395264,3.6390960216522217,0.0017261505126953125
6,15,160,3.559828519821167,3.5587306022644043,-0.0010979175567626953
6,16,160,3.9232115745544434,3.9234776496887207,0.00026607513427734375
6,17,160,3.571119546890259,3.5706188678741455,-0.0005006790161132812
6,18,160,2.909066677093506,2.9089343547821045,-0.0001323223114013672
6,19,160,2.5112643241882324,2.509608507156372,-0.0016558170318603516
7,0,160,3.400447368621826,3.4013359546661377,0.0008885860443115234
7,1,160,3.5397024154663086,3.5395193099975586,-0.00018310546875
7,2,160,3.4472615718841553,3.447164535522461,-9.703636169433594e-05
7,3,160,3.013218641281128,3.0134308338165283,0.00021219253540039062
7,4,160,2.8314590454101562,2.833390474319458,0.0019314289093017578
7,5,160,3.3697822093963623,3.370316743850708,0.0005345344543457031
7,6,160,3.325374126434326,3.326324701309204,0.0009505748748779297
7,7,160,3.3482558727264404,3.3489913940429688,0.0007355213165283203
7,8,160,3.0786399841308594,3.0786728858947754,3.2901763916015625e-05
7,9,160,3.2830843925476074,3.283428907394409,0.0003445148468017578
7,10,160,3.4933371543884277,3.4941256046295166,0.0007884502410888672
7,11,160,3.149472713470459,3.14931583404541,-0.00015687942504882812
7,12,160,3.3460118770599365,3.346298933029175,0.00028705596923828125
7,13,160,3.831847906112671,3.831166982650757,-0.0006809234619140625
7,14,160,3.6373698711395264,3.637906789779663,0.0005369186401367188
7,15,160,3.559828519821167,3.561039686203003,0.0012111663818359375
7,16,160,3.9232115745544434,3.9223263263702393,-0.0008852481842041016
7,17,160,3.571119546890259,3.571315050125122,0.00019550323486328125
7,18,160,2.909066677093506,2.9087026119232178,-0.00036406517028808594
7,19,160,2.5112643241882324,2.5117194652557373,0.0004551410675048828
8,0,160,3.400447368621826,3.400603771209717,0.000156402587890625
8,1,160,3.5397024154663086,3.5387113094329834,-0.0009911060333251953
8,2,160,3.4472615718841553,3.446368455886841,-0.0008931159973144531
8,3,160,3.013218641281128,3.0159432888031006,0.0027246475219726562
8,4,160,2.8314590454101562,2.8319661617279053,0.0005071163177490234
8,5,160,3.3697822093963623,3.369523763656616,-0.00025844573974609375
8,6,160,3.325374126434326,3.324087619781494,-0.0012865066528320312
8,7,160,3.3482558727264404,3.3483080863952637,5.221366882324219e-05
8,8,160,3.0786399841308594,3.0773489475250244,-0.001291036605834961
8,9,160,3.2830843925476074,3.2818870544433594,-0.0011973381042480469
8,10,160,3.4933371543884277,3.493342876434326,5.7220458984375e-06
8,11,160,3.149472713470459,3.1505649089813232,0.0010921955108642578
8,12,160,3.3460118770599365,3.3456785678863525,-0.0003333091735839844
8,13,160,3.831847906112671,3.830599784851074,-0.0012481212615966797
8,14,160,3.6373698711395264,3.6385509967803955,0.0011811256408691406
8,15,160,3.559828519821167,3.5615780353546143,0.0017495155334472656
8,16,160,3.9232115745544434,3.923367977142334,0.000156402587890625
8,17,160,3.571119546890259,3.5747339725494385,0.0036144256591796875
8,18,160,2.909066677093506,2.907897472381592,-0.0011692047119140625
8,19,160,2.5112643241882324,2.5120856761932373,0.0008213520050048828
9,0,160,3.400447368621826,3.3994243144989014,-0.0010230541229248047
9,1,160,3.5397024154663086,3.5387651920318604,-0.0009372234344482422
9,2,160,3.4472615718841553,3.447885513305664,0.0006239414215087891
9,3,160,3.013218641281128,3.012331962585449,-0.0008866786956787109
9,4,160,2.8314590454101562,2.829944133758545,-0.0015149116516113281
9,5,160,3.3697822093963623,3.3692715167999268,-0.0005106925964355469
9,6,160,3.325374126434326,3.3240795135498047,-0.0012946128845214844
9,7,160,3.3482558727264404,3.3481781482696533,-7.772445678710938e-05
9,8,160,3.0786399841308594,3.077815055847168,-0.0008249282836914062
9,9,160,3.2830843925476074,3.2841429710388184,0.0010585784912109375
9,10,160,3.4933371543884277,3.492705821990967,-0.0006313323974609375
9,11,160,3.149472713470459,3.150052070617676,0.0005793571472167969
9,12,160,3.3460118770599365,3.3464467525482178,0.00043487548828125
9,13,160,3.831847906112671,3.831651449203491,-0.0001964569091796875
9,14,160,3.6373698711395264,3.6374194622039795,4.9591064453125e-05
9,15,160,3.559828519821167,3.5594091415405273,-0.00041937828063964844
9,16,160,3.9232115745544434,3.9227049350738525,-0.0005066394805908203
9,17,160,3.571119546890259,3.5715925693511963,0.0004730224609375
9,18,160,2.909066677093506,2.9090802669525146,1.3589859008789062e-05
9,19,160,2.5112643241882324,2.508875846862793,-0.002388477325439453
10,0,160,3.400447368621826,3.4013376235961914,0.0008902549743652344
10,1,160,3.5397024154663086,3.5400376319885254,0.0003352165222167969
10,2,160,3.4472615718841553,3.446399688720703,-0.0008618831634521484
10,3,160,3.013218641281128,3.0136606693267822,0.0004420280456542969
10,4,160,2.8314590454101562,2.831129550933838,-0.0003294944763183594
10,5,160,3.3697822093963623,3.3680365085601807,-0.0017457008361816406
10,6,160,3.325374126434326,3.322408676147461,-0.0029654502868652344
10,7,160,3.3482558727264404,3.3487050533294678,0.00044918060302734375
10,8,160,3.0786399841308594,3.078052282333374,-0.0005877017974853516
10,9,160,3.2830843925476074,3.283331871032715,0.0002474784851074219
10,10,160,3.4933371543884277,3.4919533729553223,-0.0013837814331054688
10,11,160,3.149472713470459,3.149441957473755,-3.075599670410156e-05
10,12,160,3.3460118770599365,3.345005989074707,-0.0010058879852294922
10,13,160,3.831847906112671,3.8316545486450195,-0.0001933574676513672
10,14,160,3.6373698711395264,3.637437105178833,6.723403930664062e-05
10,15,160,3.559828519821167,3.560851812362671,0.0010232925415039062
10,16,160,3.9232115745544434,3.9238123893737793,0.0006008148193359375
10,17,160,3.571119546890259,3.5705134868621826,-0.0006060600280761719
10,18,160,2.909066677093506,2.908560037612915,-0.0005066394805908203
10,19,160,2.5112643241882324,2.5105137825012207,-0.0007505416870117188
11,0,160,3.400447368621826,3.400977373123169,0.0005300045013427734
11,1,160,3.5397024154663086,3.540147066116333,0.00044465065002441406
11,2,160,3.4472615718841553,3.448145866394043,0.0008842945098876953
11,3,160,3.013218641281128,3.012861728668213,-0.00035691261291503906
11,4,160,2.8314590454101562,2.8309361934661865,-0.0005228519439697266
11,5,160,3.3697822093963623,3.369783639907837,1.430511474609375e-06
11,6,160,3.325374126434326,3.325939893722534,0.0005657672882080078
11,7,160,3.3482558727264404,3.3473868370056152,-0.0008690357208251953
11,8,160,3.0786399841308594,3.079563856124878,0.0009238719940185547
11,9,160,3.2830843925476074,3.2813870906829834,-0.0016973018646240234
11,10,160,3.4933371543884277,3.4937915802001953,0.0004544258117675781
11,11,160,3.149472713470459,3.1499319076538086,0.0004591941833496094
11,12,160,3.3460118770599365,3.3444573879241943,-0.0015544891357421875
11,13,160,3.831847906112671,3.8342604637145996,0.002412557601928711
11,14,160,3.6373698711395264,3.63777494430542,0.0004050731658935547
11,15,160,3.559828519821167,3.560523271560669,0.0006947517395019531
11,16,160,3.9232115745544434,3.9235267639160156,0.0003151893615722656
11,17,160,3.571119546890259,3.570007801055908,-0.001111745834350586
11,18,160,2.909066677093506,2.9087159633636475,-0.00035071372985839844
11,19,160,2.5112643241882324,2.511281967163086,1.7642974853515625e-05
12,0,160,3.400447368621826,3.399688243865967,-0.000759124755859375
12,1,160,3.5397024154663086,3.5400421619415283,0.00033974647521972656
12,2,160,3.4472615718841553,3.4460289478302,-0.0012326240539550781
12,3,160,3.013218641281128,3.0128328800201416,-0.0003857612609863281
12,4,160,2.8314590454101562,2.831228017807007,-0.00023102760314941406
12,5,160,3.3697822093963623,3.369892120361328,0.00010991096496582031
12,6,160,3.325374126434326,3.3252484798431396,-0.00012564659118652344
12,7,160,3.3482558727264404,3.3490560054779053,0.0008001327514648438
12,8,160,3.0786399841308594,3.0796635150909424,0.0010235309600830078
12,9,160,3.2830843925476074,3.282384157180786,-0.0007002353668212891
12,10,160,3.4933371543884277,3.493368148803711,3.0994415283203125e-05
12,11,160,3.149472713470459,3.15034556388855,0.0008728504180908203
12,12,160,3.3460118770599365,3.347106456756592,0.0010945796966552734
12,13,160,3.831847906112671,3.8330576419830322,0.0012097358703613281
12,14,160,3.6373698711395264,3.637112855911255,-0.0002570152282714844
12,15,160,3.559828519821167,3.561037540435791,0.0012090206146240234
12,16,160,3.9232115745544434,3.924635887145996,0.0014243125915527344
12,17,160,3.571119546890259,3.5691654682159424,-0.0019540786743164062
12,18,160,2.909066677093506,2.9084463119506836,-0.0006203651428222656
12,19,160,2.5112643241882324,2.512446641921997,0.0011823177337646484
13,0,160,3.400447368621826,3.4004628658294678,1.5497207641601562e-05
13,1,160,3.5397024154663086,3.5396270751953125,-7.534027099609375e-05
13,2,160,3.4472615718841553,3.447226047515869,-3.552436828613281e-05
13,3,160,3.013218641281128,3.0130650997161865,-0.00015354156494140625
13,4,160,2.8314590454101562,2.8311588764190674,-0.0003001689910888672
13,5,160,3.3697822093963623,3.368939161300659,-0.000843048095703125
13,6,160,3.325374126434326,3.3261449337005615,0.0007708072662353516
13,7,160,3.3482558727264404,3.348952531814575,0.0006966590881347656
13,8,160,3.0786399841308594,3.077160120010376,-0.0014798641204833984
13,9,160,3.2830843925476074,3.282794237136841,-0.00029015541076660156
13,10,160,3.4933371543884277,3.4924087524414062,-0.0009284019470214844
13,11,160,3.149472713470459,3.1496827602386475,0.00021004676818847656
13,12,160,3.3460118770599365,3.346245765686035,0.0002338886260986328
13,13,160,3.831847906112671,3.831149101257324,-0.0006988048553466797
13,14,160,3.6373698711395264,3.636397361755371,-0.0009725093841552734
13,15,160,3.559828519821167,3.5598318576812744,3.337860107421875e-06
13,16,160,3.9232115745544434,3.923447847366333,0.00023627281188964844
13,17,160,3.571119546890259,3.5739235877990723,0.0028040409088134766
13,18,160,2.909066677093506,2.9090449810028076,-2.1696090698242188e-05
13,19,160,2.5112643241882324,2.5123841762542725,0.001119852066040039
14,0,160,3.400447368621826,3.3998780250549316,-0.0005693435668945312
14,1,160,3.5397024154663086,3.538080930709839,-0.0016214847564697266
14,2,160,3.4472615718841553,3.450136661529541,0.002875089645385742
14,3,160,3.013218641281128,3.0165374279022217,0.00331878662109375
14,4,160,2.8314590454101562,2.8348617553710938,0.0034027099609375
14,5,160,3.3697822093963623,3.3731532096862793,0.003371000289916992
14,6,160,3.325374126434326,3.3267276287078857,0.0013535022735595703
14,7,160,3.3482558727264404,3.350961208343506,0.0027053356170654297
14,8,160,3.0786399841308594,3.0815038681030273,0.0028638839721679688
14,9,160,3.2830843925476074,3.283341646194458,0.00025725364685058594
14,10,160,3.4933371543884277,3.4957916736602783,0.002454519271850586
14,11,160,3.149472713470459,3.149589776992798,0.00011706352233886719
14,12,160,3.3460118770599365,3.345761775970459,-0.00025010108947753906
14,13,160,3.831847906112671,3.830697536468506,-0.001150369644165039
14,14,160,3.6373698711395264,3.6401073932647705,0.0027375221252441406
14,15,160,3.559828519821167,3.559239149093628,-0.0005893707275390625
14,16,160,3.9232115745544434,3.9238545894622803,0.0006430149078369141
14,17,160,3.571119546890259,3.569511890411377,-0.001607656478881836
14,18,160,2.909066677093506,2.908921241760254,-0.00014543533325195312
14,19,160,2.5112643241882324,2.513089656829834,0.0018253326416015625
15,0,160,3.400447368621826,3.3993146419525146,-0.0011327266693115234
15,1,160,3.5397024154663086,3.538041830062866,-0.0016605854034423828
15,2,160,3.4472615718841553,3.446868896484375,-0.00039267539978027344
15,3,160,3.013218641281128,3.0130908489227295,-0.0001277923583984375
15,4,160,2.8314590454101562,2.832183599472046,0.0007245540618896484
15,5,160,3.3697822093963623,3.3709874153137207,0.0012052059173583984
15,6,160,3.325374126434326,3.3259315490722656,0.0005574226379394531
15,7,160,3.3482558727264404,3.349294662475586,0.0010387897491455078
15,8,160,3.0786399841308594,3.0781960487365723,-0.0004439353942871094
15,9,160,3.2830843925476074,3.284388780593872,0.0013043880462646484
15,10,160,3.4933371543884277,3.493082046508789,-0.0002551078796386719
15,11,160,3.149472713470459,3.149163246154785,-0.0003094673156738281
15,12,160,3.3460118770599365,3.3460636138916016,5.173683166503906e-05
15,13,160,3.831847906112671,3.8323397636413574,0.0004918575286865234
15,14,160,3.6373698711395264,3.637573719024658,0.00020384788513183594
15,15,160,3.559828519821167,3.559382438659668,-0.00044608116149902344
15,16,160,3.9232115745544434,3.9247326850891113,0.0015211105346679688
15,17,160,3.571119546890259,3.5738630294799805,0.0027434825897216797
15,18,160,2.909066677093506,2.9116170406341553,0.002550363540649414
15,19,160,2.5112643241882324,2.5144782066345215,0.0032138824462890625
16,0,160,3.400447368621826,3.3990561962127686,-0.0013911724090576172
16,1,160,3.5397024154663086,3.539519786834717,-0.00018262863159179688
16,2,160,3.4472615718841553,3.4490609169006348,0.0017993450164794922
16,3,160,3.013218641281128,3.0128307342529297,-0.0003879070281982422
16,4,160,2.8314590454101562,2.832933187484741,0.001474142074584961
16,5,160,3.3697822093963623,3.3707451820373535,0.0009629726409912109
16,6,160,3.325374126434326,3.3261334896087646,0.0007593631744384766
16,7,160,3.3482558727264404,3.3486180305480957,0.00036215782165527344
16,8,160,3.0786399841308594,3.078456163406372,-0.0001838207244873047
16,9,160,3.2830843925476074,3.2835285663604736,0.00044417381286621094
16,10,160,3.4933371543884277,3.4928343296051025,-0.0005028247833251953
16,11,160,3.149472713470459,3.1473498344421387,-0.0021228790283203125
16,12,160,3.3460118770599365,3.3524937629699707,0.00648188591003418
16,13,160,3.831847906112671,3.8323428630828857,0.0004949569702148438
16,14,160,3.6373698711395264,3.6367363929748535,-0.0006334781646728516
16,15,160,3.559828519821167,3.5611844062805176,0.001355886459350586
16,16,160,3.9232115745544434,3.9233148097991943,0.00010323524475097656
16,17,160,3.571119546890259,3.5742688179016113,0.003149271011352539
16,18,160,2.909066677093506,2.909865617752075,0.0007989406585693359
16,19,160,2.5112643241882324,2.5129623413085938,0.0016980171203613281
17,0,160,3.400447368621826,3.3999545574188232,-0.0004928112030029297
17,1,160,3.5397024154663086,3.5409140586853027,0.0012116432189941406
17,2,160,3.4472615718841553,3.4464714527130127,-0.0007901191711425781
17,3,160,3.013218641281128,3.012554883956909,-0.00066375732421875
17,4,160,2.8314590454101562,2.831648349761963,0.00018930435180664062
17,5,160,3.3697822093963623,3.3693480491638184,-0.0004341602325439453
17,6,160,3.325374126434326,3.3262321949005127,0.0008580684661865234
17,7,160,3.3482558727264404,3.347424268722534,-0.00083160400390625
17,8,160,3.0786399841308594,3.0788519382476807,0.00021195411682128906
17,9,160,3.2830843925476074,3.2845048904418945,0.0014204978942871094
17,10,160,3.4933371543884277,3.493764638900757,0.00042748451232910156
17,11,160,3.149472713470459,3.148665428161621,-0.0008072853088378906
17,12,160,3.3460118770599365,3.346430778503418,0.0004189014434814453
17,13,160,3.831847906112671,3.8323445320129395,0.0004966259002685547
17,14,160,3.6373698711395264,3.6383910179138184,0.0010211467742919922
17,15,160,3.559828519821167,3.559314727783203,-0.0005137920379638672
17,16,160,3.9232115745544434,3.9223313331604004,-0.0008802413940429688
17,17,160,3.571119546890259,3.5717437267303467,0.0006241798400878906
17,18,160,2.909066677093506,2.9095611572265625,0.0004944801330566406
17,19,160,2.5112643241882324,2.5089850425720215,-0.0022792816162109375
18,0,160,3.400447368621826,3.4041380882263184,0.0036907196044921875
18,1,160,3.5397024154663086,3.5418739318847656,0.0021715164184570312
18,2,160,3.4472615718841553,3.4487173557281494,0.0014557838439941406
18,3,160,3.013218641281128,3.0136537551879883,0.00043511390686035156
18,4,160,2.8314590454101562,2.8311758041381836,-0.00028324127197265625
18,5,160,3.3697822093963623,3.3703761100769043,0.0005939006805419922
18,6,160,3.325374126434326,3.325651168823242,0.0002770423889160156
18,7,160,3.3482558727264404,3.350048780441284,0.00179290771484375
18,8,160,3.0786399841308594,3.0785815715789795,-5.841255187988281e-05
18,9,160,3.2830843925476074,3.283029317855835,-5.507469177246094e-05
18,10,160,3.4933371543884277,3.493905782699585,0.0005686283111572266
18,11,160,3.149472713470459,3.1516613960266113,0.0021886825561523438
18,12,160,3.3460118770599365,3.346977949142456,0.0009660720825195312
18,13,160,3.831847906112671,3.8327462673187256,0.0008983612060546875
18,14,160,3.6373698711395264,3.6379740238189697,0.0006041526794433594
18,15,160,3.559828519821167,3.5592873096466064,-0.0005412101745605469
18,16,160,3.9232115745544434,3.923600435256958,0.00038886070251464844
18,17,160,3.571119546890259,3.5699777603149414,-0.0011417865753173828
18,18,160,2.909066677093506,2.9090347290039062,-3.1948089599609375e-05
18,19,160,2.5112643241882324,2.510883092880249,-0.00038123130798339844
19,0,160,3.400447368621826,3.399794816970825,-0.0006525516510009766
19,1,160,3.5397024154663086,3.5395407676696777,-0.00016164779663085938
19,2,160,3.4472615718841553,3.4472815990448,2.002716064453125e-05
19,3,160,3.013218641281128,3.014241933822632,0.0010232925415039062
19,4,160,2.8314590454101562,2.8309874534606934,-0.0004715919494628906
19,5,160,3.3697822093963623,3.3693437576293945,-0.00043845176696777344
19,6,160,3.325374126434326,3.3244874477386475,-0.0008866786956787109
19,7,160,3.3482558727264404,3.3478431701660156,-0.0004127025604248047
19,8,160,3.0786399841308594,3.077786684036255,-0.0008533000946044922
19,9,160,3.2830843925476074,3.2825608253479004,-0.0005235671997070312
19,10,160,3.4933371543884277,3.494934558868408,0.0015974044799804688
19,11,160,3.149472713470459,3.147956609725952,-0.001516103744506836
19,12,160,3.3460118770599365,3.345292329788208,-0.0007195472717285156
19,13,160,3.831847906112671,3.832744836807251,0.0008969306945800781
19,14,160,3.6373698711395264,3.638274908065796,0.0009050369262695312
19,15,160,3.559828519821167,3.559940814971924,0.00011229515075683594
19,16,160,3.9232115745544434,3.923582077026367,0.0003705024719238281
19,17,160,3.571119546890259,3.570350170135498,-0.0007693767547607422
19,18,160,2.909066677093506,2.9090452194213867,-2.1457672119140625e-05
19,19,160,2.5112643241882324,2.510042905807495,-0.0012214183807373047
20,0,160,3.400447368621826,3.400407552719116,-3.981590270996094e-05
20,1,160,3.5397024154663086,3.5400736331939697,0.0003712177276611328
20,2,160,3.4472615718841553,3.4485630989074707,0.0013015270233154297
20,3,160,3.013218641281128,3.012296199798584,-0.0009224414825439453
20,4,160,2.8314590454101562,2.831853151321411,0.0003941059112548828
20,5,160,3.3697822093963623,3.37011456489563,0.0003323554992675781
20,6,160,3.325374126434326,3.323279619216919,-0.0020945072174072266
20,7,160,3.3482558727264404,3.347320318222046,-0.0009355545043945312
20,8,160,3.0786399841308594,3.0779731273651123,-0.0006668567657470703
20,9,160,3.2830843925476074,3.2842555046081543,0.001171112060546875
20,10,160,3.4933371543884277,3.491363048553467,-0.0019741058349609375
20,11,160,3.149472713470459,3.1500864028930664,0.0006136894226074219
20,12,160,3.3460118770599365,3.347377061843872,0.0013651847839355469
20,13,160,3.831847906112671,3.83162260055542,-0.00022530555725097656
20,14,160,3.6373698711395264,3.6362948417663574,-0.0010750293731689453
20,15,160,3.559828519821167,3.560107707977295,0.0002791881561279297
20,16,160,3.9232115745544434,3.9222984313964844,-0.0009131431579589844
20,17,160,3.571119546890259,3.581160545349121,0.010040998458862305
20,18,160,2.909066677093506,2.908478260040283,-0.0005884170532226562
20,19,160,2.5112643241882324,2.5101563930511475,-0.001107931137084961
21,0,160,3.400447368621826,3.4009480476379395,0.0005006790161132812
21,1,160,3.5397024154663086,3.5379860401153564,-0.0017163753509521484
21,2,160,3.4472615718841553,3.446920394897461,-0.00034117698669433594
21,3,160,3.013218641281128,3.0126566886901855,-0.0005619525909423828
21,4,160,2.8314590454101562,2.8286333084106445,-0.0028257369995117188
21,5,160,3.3697822093963623,3.3671951293945312,-0.0025870800018310547
21,6,160,3.325374126434326,3.3254356384277344,6.151199340820312e-05
21,7,160,3.3482558727264404,3.3484272956848145,0.00017142295837402344
21,8,160,3.0786399841308594,3.0782840251922607,-0.0003559589385986328
21,9,160,3.2830843925476074,3.2836759090423584,0.0005915164947509766
21,10,160,3.4933371543884277,3.4917924404144287,-0.0015447139739990234
21,11,160,3.149472713470459,3.1493120193481445,-0.00016069412231445312
21,12,160,3.3460118770599365,3.345710039138794,-0.0003018379211425781
21,13,160,3.831847906112671,3.832488775253296,0.000640869140625
21,14,160,3.6373698711395264,3.6372146606445312,-0.0001552104949951172
21,15,160,3.559828519821167,3.559446096420288,-0.00038242340087890625
21,16,160,3.9232115745544434,3.9224650859832764,-0.0007464885711669922
21,17,160,3.571119546890259,3.5737032890319824,0.002583742141723633
21,18,160,2.909066677093506,2.9101390838623047,0.0010724067687988281
21,19,160,2.5112643241882324,2.511505365371704,0.0002410411834716797
22,0,160,3.400447368621826,3.3999054431915283,-0.0005419254302978516
22,1,160,3.5397024154663086,3.5389769077301025,-0.0007255077362060547
22,2,160,3.4472615718841553,3.4483461380004883,0.0010845661163330078
22,3,160,3.013218641281128,3.0127453804016113,-0.00047326087951660156
22,4,160,2.8314590454101562,2.8315463066101074,8.726119995117188e-05
22,5,160,3.3697822093963623,3.368908643722534,-0.000873565673828125
22,6,160,3.325374126434326,3.3253159523010254,-5.817413330078125e-05
22,7,160,3.3482558727264404,3.3466527462005615,-0.0016031265258789062
22,8,160,3.0786399841308594,3.078181505203247,-0.0004584789276123047
22,9,160,3.2830843925476074,3.28379487991333,0.0007104873657226562
22,10,160,3.4933371543884277,3.492126226425171,-0.001210927963256836
22,11,160,3.149472713470459,3.1488630771636963,-0.0006096363067626953
22,12,160,3.3460118770599365,3.345858335494995,-0.00015354156494140625
22,13,160,3.831847906112671,3.831557273864746,-0.0002906322479248047
22,14,160,3.6373698711395264,3.6385326385498047,0.0011627674102783203
22,15,160,3.559828519821167,3.561241865158081,0.0014133453369140625
22,16,160,3.9232115745544434,3.923607110977173,0.0003955364227294922
22,17,160,3.571119546890259,3.570892095565796,-0.00022745132446289062
22,18,160,2.909066677093506,2.908409833908081,-0.0006568431854248047
22,19,160,2.5112643241882324,2.5117764472961426,0.0005121231079101562
23,0,160,3.400447368621826,3.400562047958374,0.00011467933654785156
23,1,160,3.5397024154663086,3.5421993732452393,0.002496957778930664
23,2,160,3.4472615718841553,3.4468719959259033,-0.0003895759582519531
23,3,160,3.013218641281128,3.010899782180786,-0.002318859100341797
23,4,160,2.8314590454101562,2.8316845893859863,0.00022554397583007812
23,5,160,3.3697822093963623,3.3705344200134277,0.0007522106170654297
23,6,160,3.325374126434326,3.324211359024048,-0.0011627674102783203
23,7,160,3.3482558727264404,3.350278615951538,0.0020227432250976562
23,8,160,3.0786399841308594,3.078619956970215,-2.002716064453125e-05
23,9,160,3.2830843925476074,3.2822890281677246,-0.0007953643798828125
23,10,160,3.4933371543884277,3.494410514831543,0.0010733604431152344
23,11,160,3.149472713470459,3.148299217224121,-0.0011734962463378906
23,12,160,3.3460118770599365,3.3453004360198975,-0.0007114410400390625
23,13,160,3.831847906112671,3.831523895263672,-0.00032401084899902344
23,14,160,3.6373698711395264,3.636765241622925,-0.0006046295166015625
23,15,160,3.559828519821167,3.5587544441223145,-0.001074075698852539
23,16,160,3.9232115745544434,3.92336106300354,0.0001494884490966797
23,17,160,3.571119546890259,3.5703470706939697,-0.0007724761962890625
23,18,160,2.909066677093506,2.9087493419647217,-0.0003173351287841797
23,19,160,2.5112643241882324,2.5125539302825928,0.0012896060943603516
24,0,160,3.400447368621826,3.4016921520233154,0.0012447834014892578
24,1,160,3.5397024154663086,3.5390172004699707,-0.0006852149963378906
24,2,160,3.4472615718841553,3.447165012359619,-9.655952453613281e-05
24,3,160,3.013218641281128,3.0128254890441895,-0.00039315223693847656
24,4,160,2.8314590454101562,2.829817533493042,-0.0016415119171142578
24,5,160,3.3697822093963623,3.3691089153289795,-0.0006732940673828125
24,6,160,3.325374126434326,3.32504940032959,-0.0003247261047363281
24,7,160,3.3482558727264404,3.34696102142334,-0.001294851303100586
24,8,160,3.0786399841308594,3.0793001651763916,0.0006601810455322266
24,9,160,3.2830843925476074,3.2829673290252686,-0.00011706352233886719
24,10,160,3.4933371543884277,3.4931182861328125,-0.00021886825561523438
24,11,160,3.149472713470459,3.1492276191711426,-0.00024509429931640625
24,12,160,3.3460118770599365,3.3467538356781006,0.0007419586181640625
24,13,160,3.831847906112671,3.8325445652008057,0.0006966590881347656
24,14,160,3.6373698711395264,3.6381590366363525,0.0007891654968261719
24,15,160,3.559828519821167,3.5611073970794678,0.0012788772583007812
24,16,160,3.9232115745544434,3.921783208847046,-0.001428365707397461
24,17,160,3.571119546890259,3.569279909133911,-0.0018396377563476562
24,18,160,2.909066677093506,2.9090423583984375,-2.4318695068359375e-05
24,19,160,2.5112643241882324,2.5114448070526123,0.0001804828643798828
25,0,160,3.400447368621826,3.401061534881592,0.000614166259765625
25,1,160,3.5397024154663086,3.5390326976776123,-0.0006697177886962891
25,2,160,3.4472615718841553,3.4473392963409424,7.772445678710938e-05
25,3,160,3.013218641281128,3.0133213996887207,0.00010275840759277344
25,4,160,2.8314590454101562,2.831320285797119,-0.00013875961303710938
25,5,160,3.3697822093963623,3.370027780532837,0.0002455711364746094
25,6,160,3.325374126434326,3.3251469135284424,-0.00022721290588378906
25,7,160,3.3482558727264404,3.3495588302612305,0.001302957534790039
25,8,160,3.0786399841308594,3.0794637203216553,0.0008237361907958984
25,9,160,3.2830843925476074,3.282968044281006,-0.0001163482666015625
25,10,160,3.4933371543884277,3.495216131210327,0.001878976821899414
25,11,160,3.149472713470459,3.1498513221740723,0.00037860870361328125
25,12,160,3.3460118770599365,3.344365358352661,-0.0016465187072753906
25,13,160,3.831847906112671,3.8340659141540527,0.002218008041381836
25,14,160,3.6373698711395264,3.6369476318359375,-0.0004222393035888672
25,15,160,3.559828519821167,3.5580551624298096,-0.0017733573913574219
25,16,160,3.9232115745544434,3.9236721992492676,0.00046062469482421875
25,17,160,3.571119546890259,3.575427532196045,0.004307985305786133
25,18,160,2.909066677093506,2.9105522632598877,0.001485586166381836
25,19,160,2.5112643241882324,2.509970188140869,-0.0012941360473632812
26,0,160,3.400447368621826,3.3989005088806152,-0.0015468597412109375
26,1,160,3.5397024154663086,3.539030075073242,-0.0006723403930664062
26,2,160,3.4472615718841553,3.4457428455352783,-0.0015187263488769531
26,3,160,3.013218641281128,3.013305902481079,8.726119995117188e-05
26,4,160,2.8314590454101562,2.8301823139190674,-0.0012767314910888672
26,5,160,3.3697822093963623,3.3695755004882812,-0.0002067089080810547
26,6,160,3.325374126434326,3.326505661010742,0.0011315345764160156
26,7,160,3.3482558727264404,3.3478307723999023,-0.00042510032653808594
26,8,160,3.0786399841308594,3.078220844268799,-0.0004191398620605469
26,9,160,3.2830843925476074,3.284343957901001,0.0012595653533935547
26,10,160,3.4933371543884277,3.494259834289551,0.0009226799011230469
26,11,160,3.149472713470459,3.1472253799438477,-0.002247333526611328
26,12,160,3.3460118770599365,3.346869945526123,0.0008580684661865234
26,13,160,3.831847906112671,3.8318328857421875,-1.5020370483398438e-05
26,14,160,3.6373698711395264,3.638124704360962,0.0007548332214355469
26,15,160,3.559828519821167,3.5590603351593018,-0.0007681846618652344
26,16,160,3.9232115745544434,3.922412395477295,-0.0007991790771484375
26,17,160,3.571119546890259,3.5714142322540283,0.00029468536376953125
26,18,160,2.909066677093506,2.909325122833252,0.00025844573974609375
26,19,160,2.5112643241882324,2.5098519325256348,-0.0014123916625976562
27,0,160,3.400447368621826,3.401146411895752,0.0006990432739257812
27,1,160,3.5397024154663086,3.541001081466675,0.001298666000366211
27,2,160,3.4472615718841553,3.447096347808838,-0.0001652240753173828
27,3,160,3.013218641281128,3.012807607650757,-0.00041103363037109375
27,4,160,2.8314590454101562,2.832608699798584,0.0011496543884277344
27,5,160,3.3697822093963623,3.3701186180114746,0.0003364086151123047
27,6,160,3.325374126434326,3.3245277404785156,-0.0008463859558105469
27,7,160,3.3482558727264404,3.3480148315429688,-0.0002410411834716797
27,8,160,3.0786399841308594,3.079702854156494,0.0010628700256347656
27,9,160,3.2830843925476074,3.2824130058288574,-0.00067138671875
27,10,160,3.4933371543884277,3.4934847354888916,0.0001475811004638672
27,11,160,3.149472713470459,3.1488263607025146,-0.0006463527679443359
27,12,160,3.3460118770599365,3.3462111949920654,0.00019931793212890625
27,13,160,3.831847906112671,3.8324825763702393,0.0006346702575683594
27,14,160,3.6373698711395264,3.6358773708343506,-0.0014925003051757812
27,15,160,3.559828519821167,3.5596518516540527,-0.0001766681671142578
27,16,160,3.9232115745544434,3.9214420318603516,-0.0017695426940917969
27,17,160,3.571119546890259,3.5697901248931885,-0.0013294219970703125
27,18,160,2.909066677093506,2.9093515872955322,0.0002849102020263672
27,19,160,2.5112643241882324,2.511277675628662,1.33514404296875e-05
28,0,160,3.400447368621826,3.4010519981384277,0.0006046295166015625
28,1,160,3.5397024154663086,3.5380311012268066,-0.0016713142395019531
28,2,160,3.4472615718841553,3.446129083633423,-0.0011324882507324219
28,3,160,3.013218641281128,3.0127787590026855,-0.0004398822784423828
28,4,160,2.8314590454101562,2.831388235092163,-7.081031799316406e-05
28,5,160,3.3697822093963623,3.3689725399017334,-0.0008096694946289062
28,6,160,3.325374126434326,3.3247814178466797,-0.0005927085876464844
28,7,160,3.3482558727264404,3.350177764892578,0.0019218921661376953
28,8,160,3.0786399841308594,3.0804576873779297,0.0018177032470703125
28,9,160,3.2830843925476074,3.284759521484375,0.0016751289367675781
28,10,160,3.4933371543884277,3.493849992752075,0.0005128383636474609
28,11,160,3.149472713470459,3.1471376419067383,-0.002335071563720703
28,12,160,3.3460118770599365,3.346069574356079,5.7697296142578125e-05
28,13,160,3.831847906112671,3.8321549892425537,0.0003070831298828125
28,14,160,3.6373698711395264,3.637211322784424,-0.00015854835510253906
28,15,160,3.559828519821167,3.5600781440734863,0.00024962425231933594
28,16,160,3.9232115745544434,3.923522472381592,0.0003108978271484375
28,17,160,3.571119546890259,3.57322359085083,0.002104043960571289
28,18,160,2.909066677093506,2.9090700149536133,3.337860107421875e-06
28,19,160,2.5112643241882324,2.511725425720215,0.0004611015319824219
29,0,160,3.400447368621826,3.400049924850464,-0.0003974437713623047
29,1,160,3.5397024154663086,3.538942813873291,-0.0007596015930175781
29,2,160,3.4472615718841553,3.44743013381958,0.0001685619354248047
29,3,160,3.013218641281128,3.013946771621704,0.0007281303405761719
29,4,160,2.8314590454101562,2.8329739570617676,0.0015149116516113281
29,5,160,3.3697822093963623,3.3693058490753174,-0.0004763603210449219
29,6,160,3.325374126434326,3.3260834217071533,0.0007092952728271484
29,7,160,3.3482558727264404,3.349796772003174,0.0015408992767333984
29,8,160,3.0786399841308594,3.078522205352783,-0.00011777877807617188
29,9,160,3.2830843925476074,3.284497022628784,0.0014126300811767578
29,10,160,3.4933371543884277,3.494468927383423,0.0011317729949951172
29,11,160,3.149472713470459,3.1486380100250244,-0.0008347034454345703
29,12,160,3.3460118770599365,3.3467671871185303,0.00075531005859375
29,13,160,3.831847906112671,3.8333218097686768,0.0014739036560058594
29,14,160,3.6373698711395264,3.6361629962921143,-0.0012068748474121094
29,15,160,3.559828519821167,3.5581939220428467,-0.0016345977783203125
29,16,160,3.9232115745544434,3.9229683876037598,-0.00024318695068359375
29,17,160,3.571119546890259,3.5709116458892822,-0.0002079010009765625
29,18,160,2.909066677093506,2.907770872116089,-0.0012958049774169922
29,19,160,2.5112643241882324,2.5111379623413086,-0.00012636184692382812
30,0,160,3.400447368621826,3.3997042179107666,-0.0007431507110595703
30,1,160,3.5397024154663086,3.5393199920654297,-0.00038242340087890625
30,2,160,3.4472615718841553,3.4482638835906982,0.0010023117065429688
30,3,160,3.013218641281128,3.014122486114502,0.0009038448333740234
30,4,160,2.8314590454101562,2.8322253227233887,0.0007662773132324219
30,5,160,3.3697822093963623,3.369372606277466,-0.0004096031188964844
30,6,160,3.325374126434326,3.3255913257598877,0.00021719932556152344
30,7,160,3.3482558727264404,3.3489019870758057,0.0006461143493652344
30,8,160,3.0786399841308594,3.0773844718933105,-0.0012555122375488281
30,9,160,3.2830843925476074,3.2824442386627197,-0.0006401538848876953
30,10,160,3.4933371543884277,3.493705987930298,0.0003688335418701172
30,11,160,3.149472713470459,3.1473865509033203,-0.002086162567138672
30,12,160,3.3460118770599365,3.3466813564300537,0.0006694793701171875
30,13,160,3.831847906112671,3.831387758255005,-0.0004601478576660156
30,14,160,3.6373698711395264,3.6373021602630615,-6.771087646484375e-05
30,15,160,3.559828519821167,3.5601108074188232,0.00028228759765625
30,16,160,3.9232115745544434,3.925662040710449,0.0024504661560058594
30,17,160,3.571119546890259,3.5722522735595703,0.0011327266693115234
30,18,160,2.909066677093506,2.9085278511047363,-0.0005388259887695312
30,19,160,2.5112643241882324,2.5100927352905273,-0.0011715888977050781
31,0,160,3.400447368621826,3.398956060409546,-0.0014913082122802734
31,1,160,3.5397024154663086,3.5403504371643066,0.0006480216979980469
31,2,160,3.4472615718841553,3.447721242904663,0.0004596710205078125
31,3,160,3.013218641281128,3.012636184692383,-0.0005824565887451172
31,4,160,2.8314590454101562,2.8330721855163574,0.0016131401062011719
31,5,160,3.3697822093963623,3.3685972690582275,-0.0011849403381347656
31,6,160,3.325374126434326,3.3249125480651855,-0.000461578369140625
31,7,160,3.3482558727264404,3.348592758178711,0.0003368854522705078
31,8,160,3.0786399841308594,3.0781443119049072,-0.0004956722259521484
31,9,160,3.2830843925476074,3.2834298610687256,0.00034546852111816406
31,10,160,3.4933371543884277,3.4937071800231934,0.000370025634765625
31,11,160,3.149472713470459,3.1482040882110596,-0.001268625259399414
31,12,160,3.3460118770599365,3.3447153568267822,-0.0012965202331542969
31,13,160,3.831847906112671,3.8312788009643555,-0.0005691051483154297
31,14,160,3.6373698711395264,3.638253688812256,0.0008838176727294922
31,15,160,3.559828519821167,3.561121940612793,0.0012934207916259766
31,16,160,3.9232115745544434,3.9229769706726074,-0.0002346038818359375
31,17,160,3.571119546890259,3.5693368911743164,-0.0017826557159423828
31,18,160,2.909066677093506,2.909912586212158,0.0008459091186523438
31,19,160,2.5112643241882324,2.5122079849243164,0.0009436607360839844
32,0,160,3.400447368621826,3.4026241302490234,0.0021767616271972656
32,1,160,3.5397024154663086,3.5400595664978027,0.0003571510314941406
32,2,160,3.4472615718841553,3.446767807006836,-0.0004937648773193359
32,3,160,3.013218641281128,3.014129638671875,0.0009109973907470703
32,4,160,2.8314590454101562,2.8316822052001953,0.0002231597900390625
32,5,160,3.3697822093963623,3.3697617053985596,-2.0503997802734375e-05
32,6,160,3.325374126434326,3.3249709606170654,-0.0004031658172607422
32,7,160,3.3482558727264404,3.3480944633483887,-0.0001614093780517578
32,8,160,3.0786399841308594,3.0778727531433105,-0.0007672309875488281
32,9,160,3.2830843925476074,3.2826366424560547,-0.0004477500915527344
32,10,160,3.4933371543884277,3.49245285987854,-0.0008842945098876953
32,11,160,3.149472713470459,3.1491942405700684,-0.000278472900390625
32,12,160,3.3460118770599365,3.345681667327881,-0.00033020973205566406
32,13,160,3.831847906112671,3.832042932510376,0.00019502639770507812
32,14,160,3.6373698711395264,3.6380722522735596,0.0007023811340332031
32,15,160,3.559828519821167,3.5587432384490967,-0.0010852813720703125
32,16,160,3.9232115745544434,3.9235918521881104,0.0003802776336669922
32,17,160,3.571119546890259,3.5734522342681885,0.0023326873779296875
32,18,160,2.909066677093506,2.9086451530456543,-0.0004215240478515625
32,19,160,2.5112643241882324,2.511143207550049,-0.00012111663818359375
33,0,160,3.400447368621826,3.400805950164795,0.00035858154296875
33,1,160,3.5397024154663086,3.540311098098755,0.0006086826324462891
33,2,160,3.4472615718841553,3.4467976093292236,-0.0004639625549316406
33,3,160,3.013218641281128,3.013195276260376,-2.3365020751953125e-05
33,4,160,2.8314590454101562,2.831533670425415,7.462501525878906e-05
33,5,160,3.3697822093963623,3.3686861991882324,-0.0010960102081298828
33,6,160,3.325374126434326,3.3254616260528564,8.749961853027344e-05
33,7,160,3.3482558727264404,3.3491809368133545,0.0009250640869140625
33,8,160,3.0786399841308594,3.0794248580932617,0.0007848739624023438
33,9,160,3.2830843925476074,3.282247543334961,-0.0008368492126464844
33,10,160,3.4933371543884277,3.492777109146118,-0.0005600452423095703
33,11,160,3.149472713470459,3.1484856605529785,-0.0009870529174804688
33,12,160,3.3460118770599365,3.3451664447784424,-0.0008454322814941406
33,13,160,3.831847906112671,3.8321471214294434,0.00029921531677246094
33,14,160,3.6373698711395264,3.636932611465454,-0.0004372596740722656
33,15,160,3.559828519821167,3.560283660888672,0.0004551410675048828
33,16,160,3.9232115745544434,3.9237587451934814,0.0005471706390380859
33,17,160,3.571119546890259,3.5689029693603516,-0.0022165775299072266
33,18,160,2.909066677093506,2.9100751876831055,0.0010085105895996094
33,19,160,2.5112643241882324,2.510167360305786,-0.001096963882446289
34,0,160,3.400447368621826,3.400325298309326,-0.0001220703125
34,1,160,3.5397024154663086,3.5398290157318115,0.0001266002655029297
34,2,160,3.4472615718841553,3.4470529556274414,-0.0002086162567138672
34,3,160,3.013218641281128,3.014423131942749,0.0012044906616210938
34,4,160,2.8314590454101562,2.8322572708129883,0.0007982254028320312
34,5,160,3.3697822093963623,3.371934652328491,0.0021524429321289062
34,6,160,3.325374126434326,3.32684063911438,0.001466512680053711
34,7,160,3.3482558727264404,3.3498919010162354,0.0016360282897949219
34,8,160,3.0786399841308594,3.0786666870117188,2.6702880859375e-05
34,9,160,3.2830843925476074,3.2842066287994385,0.0011222362518310547
34,10,160,3.4933371543884277,3.494016408920288,0.0006792545318603516
34,11,160,3.149472713470459,3.1489179134368896,-0.0005548000335693359
34,12,160,3.3460118770599365,3.346224546432495,0.00021266937255859375
34,13,160,3.831847906112671,3.8307578563690186,-0.0010900497436523438
34,14,160,3.6373698711395264,3.6380057334899902,0.0006358623504638672
34,15,160,3.559828519821167,3.5594944953918457,-0.00033402442932128906
34,16,160,3.9232115745544434,3.9232048988342285,-6.67572021484375e-06
34,17,160,3.571119546890259,3.5727555751800537,0.0016360282897949219
34,18,160,2.909066677093506,2.9102158546447754,0.0011491775512695312
34,19,160,2.5112643241882324,2.512418031692505,0.001153707504272461
35,0,160,3.400447368621826,3.401348352432251,0.0009009838104248047
35,1,160,3.5397024154663086,3.5389254093170166,-0.0007770061492919922
35,2,160,3.4472615718841553,3.4467101097106934,-0.0005514621734619141
35,3,160,3.013218641281128,3.014835834503174,0.0016171932220458984
35,4,160,2.8314590454101562,2.832681179046631,0.0012221336364746094
35,5,160,3.3697822093963623,3.370042085647583,0.0002598762512207031
35,6,160,3.325374126434326,3.323702335357666,-0.0016717910766601562
35,7,160,3.3482558727264404,3.348994731903076,0.0007388591766357422
35,8,160,3.0786399841308594,3.07953143119812,0.0008914470672607422
35,9,160,3.2830843925476074,3.283169746398926,8.535385131835938e-05
35,10,160,3.4933371543884277,3.494182586669922,0.0008454322814941406
35,11,160,3.149472713470459,3.149019956588745,-0.0004527568817138672
35,12,160,3.3460118770599365,3.345362424850464,-0.0006494522094726562
35,13,160,3.831847906112671,3.8331243991851807,0.0012764930725097656
35,14,160,3.6373698711395264,3.637871742248535,0.0005018711090087891
35,15,160,3.559828519821167,3.5600955486297607,0.00026702880859375
35,16,160,3.9232115745544434,3.92486834526062,0.0016567707061767578
35,17,160,3.571119546890259,3.5723390579223633,0.0012195110321044922
35,18,160,2.909066677093506,2.908754587173462,-0.0003120899200439453
35,19,160,2.5112643241882324,2.5111277103424072,-0.0001366138458251953
36,0,160,3.400447368621826,3.3999621868133545,-0.0004851818084716797
36,1,160,3.5397024154663086,3.5408432483673096,0.0011408329010009766
36,2,160,3.4472615718841553,3.446181058883667,-0.0010805130004882812
36,3,160,3.013218641281128,3.0118215084075928,-0.0013971328735351562
36,4,160,2.8314590454101562,2.8308117389678955,-0.0006473064422607422
36,5,160,3.3697822093963623,3.370325803756714,0.0005435943603515625
36,6,160,3.325374126434326,3.3255505561828613,0.00017642974853515625
36,7,160,3.3482558727264404,3.348365306854248,0.00010943412780761719
36,8,160,3.0786399841308594,3.0784265995025635,-0.00021338462829589844
36,9,160,3.2830843925476074,3.282625913619995,-0.0004584789276123047
36,10,160,3.4933371543884277,3.4944140911102295,0.0010769367218017578
36,11,160,3.149472713470459,3.150120496749878,0.0006477832794189453
36,12,160,3.3460118770599365,3.3459584712982178,-5.340576171875e-05
36,13,160,3.831847906112671,3.8321001529693604,0.0002522468566894531
36,14,160,3.6373698711395264,3.6374685764312744,9.870529174804688e-05
36,15,160,3.559828519821167,3.5612456798553467,0.0014171600341796875
36,16,160,3.9232115745544434,3.9237093925476074,0.0004978179931640625
36,17,160,3.571119546890259,3.5720343589782715,0.0009148120880126953
36,18,160,2.909066677093506,2.9091618061065674,9.512901306152344e-05
36,19,160,2.5112643241882324,2.512315511703491,0.001051187515258789
37,0,160,3.400447368621826,3.4015696048736572,0.0011222362518310547
37,1,160,3.5397024154663086,3.538675546646118,-0.0010268688201904297
37,2,160,3.4472615718841553,3.4479002952575684,0.0006387233734130859
37,3,160,3.013218641281128,3.014528751373291,0.001310110092163086
37,4,160,2.8314590454101562,2.831432580947876,-2.6464462280273438e-05
37,5,160,3.3697822093963623,3.369220495223999,-0.0005617141723632812
37,6,160,3.325374126434326,3.3255186080932617,0.00014448165893554688
37,7,160,3.3482558727264404,3.34765362739563,-0.0006022453308105469
37,8,160,3.0786399841308594,3.077408790588379,-0.0012311935424804688
37,9,160,3.2830843925476074,3.28305983543396,-2.4557113647460938e-05
37,10,160,3.4933371543884277,3.4952731132507324,0.0019359588623046875
37,11,160,3.149472713470459,3.1496241092681885,0.0001513957977294922
37,12,160,3.3460118770599365,3.346153736114502,0.0001418590545654297
37,13,160,3.831847906112671,3.830695152282715,-0.0011527538299560547
37,14,160,3.6373698711395264,3.6376030445098877,0.00023317337036132812
37,15,160,3.559828519821167,3.5595006942749023,-0.00032782554626464844
37,16,160,3.9232115745544434,3.923919677734375,0.0007081031799316406
37,17,160,3.571119546890259,3.570138931274414,-0.0009806156158447266
37,18,160,2.909066677093506,2.908541440963745,-0.0005252361297607422
37,19,160,2.5112643241882324,2.5112006664276123,-6.365776062011719e-05
38,0,160,3.400447368621826,3.40002179145813,-0.00042557716369628906
38,1,160,3.5397024154663086,3.54093861579895,0.0012362003326416016
38,2,160,3.4472615718841553,3.4508092403411865,0.00354766845703125
38,3,160,3.013218641281128,3.0156078338623047,0.002389192581176758
38,4,160,2.8314590454101562,2.8344976902008057,0.003038644790649414
38,5,160,3.3697822093963623,3.3715639114379883,0.0017817020416259766
38,6,160,3.325374126434326,3.3289332389831543,0.003559112548828125
38,7,160,3.3482558727264404,3.3522121906280518,0.003956317901611328
38,8,160,3.0786399841308594,3.0793662071228027,0.0007262229919433594
38,9,160,3.2830843925476074,3.2867202758789062,0.003635883331298828
38,10,160,3.4933371543884277,3.4962973594665527,0.002960205078125
38,11,160,3.149472713470459,3.1529345512390137,0.0034618377685546875
38,12,160,3.3460118770599365,3.3604023456573486,0.01439046859741211
38,13,160,3.831847906112671,3.8306920528411865,-0.001155853271484375
38,14,160,3.6373698711395264,3.6376380920410156,0.0002682209014892578
38,15,160,3.559828519821167,3.559938430786133,0.00010991096496582031
38,16,160,3.9232115745544434,3.92447829246521,0.0012667179107666016
38,17,160,3.571119546890259,3.571179151535034,5.9604644775390625e-05
38,18,160,2.909066677093506,2.9099819660186768,0.0009152889251708984
38,19,160,2.5112643241882324,2.511939764022827,0.0006754398345947266
39,0,160,3.400447368621826,3.400684356689453,0.00023698806762695312
39,1,160,3.5397024154663086,3.539618968963623,-8.344650268554688e-05
39,2,160,3.4472615718841553,3.4492058753967285,0.0019443035125732422
39,3,160,3.013218641281128,3.0140011310577393,0.0007824897766113281
39,4,160,2.8314590454101562,2.8315563201904297,9.72747802734375e-05
39,5,160,3.3697822093963623,3.3711609840393066,0.001378774642944336
39,6,160,3.325374126434326,3.3264403343200684,0.0010662078857421875
39,7,160,3.3482558727264404,3.35001802444458,0.0017621517181396484
39,8,160,3.0786399841308594,3.079378843307495,0.0007388591766357422
39,9,160,3.2830843925476074,3.284116268157959,0.0010318756103515625
39,10,160,3.4933371543884277,3.49446177482605,0.0011246204376220703
39,11,160,3.149472713470459,3.149470090866089,-2.6226043701171875e-06
39,12,160,3.3460118770599365,3.3459033966064453,-0.00010848045349121094
39,13,160,3.831847906112671,3.8314504623413086,-0.0003974437713623047
39,14,160,3.6373698711395264,3.637428045272827,5.817413330078125e-05
39,15,160,3.559828519821167,3.5596001148223877,-0.00022840499877929688
39,16,160,3.9232115745544434,3.9220800399780273,-0.0011315345764160156
39,17,160,3.571119546890259,3.569371223449707,-0.0017483234405517578
39,18,160,2.909066677093506,2.9082040786743164,-0.0008625984191894531
39,19,160,2.5112643241882324,2.512727975845337,0.0014636516571044922
40,0,160,3.400447368621826,3.4026501178741455,0.002202749252319336
40,1,160,3.5397024154663086,3.5414938926696777,0.0017914772033691406
40,2,160,3.4472615718841553,3.447183609008789,-7.796287536621094e-05
40,3,160,3.013218641281128,3.0131442546844482,-7.43865966796875e-05
40,4,160,2.8314590454101562,2.831719398498535,0.00026035308837890625
40,5,160,3.3697822093963623,3.372042417526245,0.0022602081298828125
40,6,160,3.325374126434326,3.3241465091705322,-0.0012276172637939453
40,7,160,3.3482558727264404,3.348322868347168,6.699562072753906e-05
40,8,160,3.0786399841308594,3.0781006813049316,-0.0005393028259277344
40,9,160,3.2830843925476074,3.283109664916992,2.5272369384765625e-05
40,10,160,3.4933371543884277,3.4930973052978516,-0.00023984909057617188
40,11,160,3.149472713470459,3.151277780532837,0.0018050670623779297
40,12,160,3.3460118770599365,3.3514907360076904,0.005478858947753906
40,13,160,3.831847906112671,3.8322396278381348,0.0003917217254638672
40,14,160,3.6373698711395264,3.639514684677124,0.0021448135375976562
40,15,160,3.559828519821167,3.560405969619751,0.0005774497985839844
40,16,160,3.9232115745544434,3.922760248184204,-0.0004513263702392578
40,17,160,3.571119546890259,3.5705862045288086,-0.0005333423614501953
40,18,160,2.909066677093506,2.9090518951416016,-1.4781951904296875e-05
40,19,160,2.5112643241882324,2.5127758979797363,0.0015115737915039062
41,0,160,3.400447368621826,3.401212215423584,0.0007648468017578125
41,1,160,3.5397024154663086,3.5403637886047363,0.0006613731384277344
41,2,160,3.4472615718841553,3.4511539936065674,0.0038924217224121094
41,3,160,3.013218641281128,3.013180732727051,-3.790855407714844e-05
41,4,160,2.8314590454101562,2.831061601638794,-0.0003974437713623047
41,5,160,3.3697822093963623,3.371589422225952,0.0018072128295898438
41,6,160,3.325374126434326,3.3251707553863525,-0.0002033710479736328
41,7,160,3.3482558727264404,3.3469626903533936,-0.001293182373046875
41,8,160,3.0786399841308594,3.0790159702301025,0.00037598609924316406
41,9,160,3.2830843925476074,3.284076690673828,0.0009922981262207031
41,10,160,3.4933371543884277,3.492990732192993,-0.0003464221954345703
41,11,160,3.149472713470459,3.149418592453003,-5.412101745605469e-05
41,12,160,3.3460118770599365,3.3458092212677,-0.00020265579223632812
41,13,160,3.831847906112671,3.8314974308013916,-0.0003504753112792969
41,14,160,3.6373698711395264,3.6395888328552246,0.002218961715698242
41,15,160,3.559828519821167,3.559718608856201,-0.00010991096496582031
41,16,160,3.9232115745544434,3.9233081340789795,9.655952453613281e-05
41,17,160,3.571119546890259,3.56907320022583,-0.002046346664428711
41,18,160,2.909066677093506,2.9082252979278564,-0.0008413791656494141
41,19,160,2.5112643241882324,2.511335611343384,7.128715515136719e-05
42,0,160,3.400447368621826,3.401404619216919,0.0009572505950927734
42,1,160,3.5397024154663086,3.5409934520721436,0.001291036605834961
42,2,160,3.4472615718841553,3.449871778488159,0.0026102066040039062
42,3,160,3.013218641281128,3.0165700912475586,0.003351449966430664
42,4,160,2.8314590454101562,2.831068515777588,-0.0003905296325683594
42,5,160,3.3697822093963623,3.3732950687408447,0.003512859344482422
42,6,160,3.325374126434326,3.328735828399658,0.0033617019653320312
42,7,160,3.3482558727264404,3.3515303134918213,0.0032744407653808594
42,8,160,3.0786399841308594,3.0790915489196777,0.0004515647888183594
42,9,160,3.2830843925476074,3.2859723567962646,0.0028879642486572266
42,10,160,3.4933371543884277,3.4960293769836426,0.0026922225952148438
42,11,160,3.149472713470459,3.148141860961914,-0.0013308525085449219
42,12,160,3.3460118770599365,3.344316244125366,-0.0016956329345703125
42,13,160,3.831847906112671,3.832582712173462,0.0007348060607910156
42,14,160,3.6373698711395264,3.6388967037200928,0.0015268325805664062
42,15,160,3.559828519821167,3.561018466949463,0.0011899471282958984
42,16,160,3.9232115745544434,3.923724889755249,0.0005133152008056641
42,17,160,3.571119546890259,3.5695245265960693,-0.0015950202941894531
42,18,160,2.909066677093506,2.909403085708618,0.0003364086151123047
42,19,160,2.5112643241882324,2.511658191680908,0.00039386749267578125
43,0,160,3.400447368621826,3.402338981628418,0.0018916130065917969
43,1,160,3.5397024154663086,3.5400381088256836,0.000335693359375
43,2,160,3.4472615718841553,3.4478182792663574,0.0005567073822021484
43,3,160,3.013218641281128,3.0133285522460938,0.00010991096496582031
43,4,160,2.8314590454101562,2.8320112228393555,0.0005521774291992188
43,5,160,3.3697822093963623,3.371112108230591,0.0013298988342285156
43,6,160,3.325374126434326,3.324075222015381,-0.0012989044189453125
43,7,160,3.3482558727264404,3.348487138748169,0.00023126602172851562
43,8,160,3.0786399841308594,3.07895827293396,0.00031828880310058594
43,9,160,3.2830843925476074,3.2814793586730957,-0.0016050338745117188
43,10,160,3.4933371543884277,3.4914331436157227,-0.0019040107727050781
43,11,160,3.149472713470459,3.149061679840088,-0.00041103363037109375
43,12,160,3.3460118770599365,3.3439738750457764,-0.0020380020141601562
43,13,160,3.831847906112671,3.8329007625579834,0.0010528564453125
43,14,160,3.6373698711395264,3.6400270462036133,0.002657175064086914
43,15,160,3.559828519821167,3.5601797103881836,0.00035119056701660156
43,16,160,3.9232115745544434,3.920959234237671,-0.002252340316772461
43,17,160,3.571119546890259,3.571974992752075,0.0008554458618164062
43,18,160,2.909066677093506,2.911048412322998,0.0019817352294921875
43,19,160,2.5112643241882324,2.512478828430176,0.0012145042419433594
44,0,160,3.400447368621826,3.400489091873169,4.172325134277344e-05
44,1,160,3.5397024154663086,3.5407681465148926,0.0010657310485839844
44,2,160,3.4472615718841553,3.4481112957000732,0.0008497238159179688
44,3,160,3.013218641281128,3.0165891647338867,0.003370523452758789
44,4,160,2.8314590454101562,2.830631732940674,-0.0008273124694824219
44,5,160,3.3697822093963623,3.3734564781188965,0.0036742687225341797
44,6,160,3.325374126434326,3.324399709701538,-0.0009744167327880859
44,7,160,3.3482558727264404,3.347503662109375,-0.0007522106170654297
44,8,160,3.0786399841308594,3.0803005695343018,0.0016605854034423828
44,9,160,3.2830843925476074,3.2832858562469482,0.0002014636993408203
44,10,160,3.4933371543884277,3.495241165161133,0.0019040107727050781
44,11,160,3.149472713470459,3.149177074432373,-0.0002956390380859375
44,12,160,3.3460118770599365,3.3456380367279053,-0.00037384033203125
44,13,160,3.831847906112671,3.832467794418335,0.0006198883056640625
44,14,160,3.6373698711395264,3.6394224166870117,0.0020525455474853516
44,15,160,3.559828519821167,3.561338186264038,0.0015096664428710938
44,16,160,3.9232115745544434,3.9239907264709473,0.0007791519165039062
44,17,160,3.571119546890259,3.5721235275268555,0.0010039806365966797
44,18,160,2.909066677093506,2.910874605178833,0.0018079280853271484
44,19,160,2.5112643241882324,2.510857105255127,-0.00040721893310546875
45,0,160,3.400447368621826,3.401550769805908,0.0011034011840820312
45,1,160,3.5397024154663086,3.5405194759368896,0.0008170604705810547
45,2,160,3.4472615718841553,3.4487009048461914,0.0014393329620361328
45,3,160,3.013218641281128,3.013986349105835,0.0007677078247070312
45,4,160,2.8314590454101562,2.831234931945801,-0.00022411346435546875
45,5,160,3.3697822093963623,3.37221097946167,0.002428770065307617
45,6,160,3.325374126434326,3.3272106647491455,0.001836538314819336
45,7,160,3.3482558727264404,3.3483176231384277,6.175041198730469e-05
45,8,160,3.0786399841308594,3.07950496673584,0.0008649826049804688
45,9,160,3.2830843925476074,3.2846500873565674,0.001565694808959961
45,10,160,3.4933371543884277,3.4938406944274902,0.0005035400390625
45,11,160,3.149472713470459,3.148179292678833,-0.0012934207916259766
45,12,160,3.3460118770599365,3.345015287399292,-0.0009965896606445312
45,13,160,3.831847906112671,3.8310418128967285,-0.0008060932159423828
45,14,160,3.6373698711395264,3.6399927139282227,0.002622842788696289
45,15,160,3.559828519821167,3.560960531234741,0.0011320114135742188
45,16,160,3.9232115745544434,3.921450138092041,-0.0017614364624023438
45,17,160,3.571119546890259,3.570160388946533,-0.0009591579437255859
45,18,160,2.909066677093506,2.9085729122161865,-0.0004937648773193359
45,19,160,2.5112643241882324,2.5115609169006348,0.00029659271240234375
46,0,160,3.400447368621826,3.4023654460906982,0.0019180774688720703
46,1,160,3.5397024154663086,3.5394787788391113,-0.00022363662719726562
46,2,160,3.4472615718841553,3.448828935623169,0.0015673637390136719
46,3,160,3.013218641281128,3.013079881668091,-0.00013875961303710938
46,4,160,2.8314590454101562,2.8314762115478516,1.71661376953125e-05
46,5,160,3.3697822093963623,3.3718860149383545,0.0021038055419921875
46,6,160,3.325374126434326,3.325559616088867,0.00018548965454101562
46,7,160,3.3482558727264404,3.347896099090576,-0.0003597736358642578
46,8,160,3.0786399841308594,3.0795440673828125,0.000904083251953125
46,9,160,3.2830843925476074,3.2846336364746094,0.0015492439270019531
46,10,160,3.4933371543884277,3.493734359741211,0.0003972053527832031
46,11,160,3.149472713470459,3.1473093032836914,-0.002163410186767578
46,12,160,3.3460118770599365,3.3448307514190674,-0.0011811256408691406
46,13,160,3.831847906112671,3.8321571350097656,0.00030922889709472656
46,14,160,3.6373698711395264,3.63922381401062,0.00185394287109375
46,15,160,3.559828519821167,3.5612080097198486,0.0013794898986816406
46,16,160,3.9232115745544434,3.924088716506958,0.0008771419525146484
46,17,160,3.571119546890259,3.571367025375366,0.0002474784851074219
46,18,160,2.909066677093506,2.908149480819702,-0.0009171962738037109
46,19,160,2.5112643241882324,2.511606454849243,0.0003421306610107422
47,0,160,3.400447368621826,3.401327610015869,0.0008802413940429688
47,1,160,3.5397024154663086,3.5385396480560303,-0.0011627674102783203
47,2,160,3.4472615718841553,3.44958758354187,0.0023260116577148438
47,3,160,3.013218641281128,3.01375675201416,0.0005381107330322266
47,4,160,2.8314590454101562,2.8310022354125977,-0.00045680999755859375
47,5,160,3.3697822093963623,3.369544506072998,-0.0002377033233642578
47,6,160,3.325374126434326,3.325986862182617,0.0006127357482910156
47,7,160,3.3482558727264404,3.34714937210083,-0.0011065006256103516
47,8,160,3.0786399841308594,3.079303503036499,0.0006635189056396484
47,9,160,3.2830843925476074,3.2821390628814697,-0.0009453296661376953
47,10,160,3.4933371543884277,3.4931600093841553,-0.00017714500427246094
47,11,160,3.149472713470459,3.1495840549468994,0.00011134147644042969
47,12,160,3.3460118770599365,3.346665143966675,0.0006532669067382812
47,13,160,3.831847906112671,3.8327202796936035,0.0008723735809326172
47,14,160,3.6373698711395264,3.638728618621826,0.0013587474822998047
47,15,160,3.559828519821167,3.561363458633423,0.0015349388122558594
47,16,160,3.9232115745544434,3.9229061603546143,-0.00030541419982910156
47,17,160,3.571119546890259,3.5725302696228027,0.0014107227325439453
47,18,160,2.909066677093506,2.9106709957122803,0.001604318618774414
47,19,160,2.5112643241882324,2.5113420486450195,7.772445678710938e-05
48,0,160,3.400447368621826,3.401644468307495,0.0011970996856689453
48,1,160,3.5397024154663086,3.5417354106903076,0.0020329952239990234
48,2,160,3.4472615718841553,3.4485528469085693,0.0012912750244140625
48,3,160,3.013218641281128,3.0140140056610107,0.0007953643798828125
48,4,160,2.8314590454101562,2.830923080444336,-0.0005359649658203125
48,5,160,3.3697822093963623,3.371058225631714,0.0012760162353515625
48,6,160,3.325374126434326,3.3241448402404785,-0.0012292861938476562
48,7,160,3.3482558727264404,3.3482866287231445,3.075599670410156e-05
48,8,160,3.0786399841308594,3.07950496673584,0.0008649826049804688
48,9,160,3.2830843925476074,3.282857656478882,-0.00022673606872558594
48,10,160,3.4933371543884277,3.492666721343994,-0.0006704330444335938
48,11,160,3.149472713470459,3.1481122970581055,-0.0013604164123535156
48,12,160,3.3460118770599365,3.3442189693450928,-0.00179290771484375
48,13,160,3.831847906112671,3.8320157527923584,0.0001678466796875
48,14,160,3.6373698711395264,3.6386449337005615,0.0012750625610351562
48,15,160,3.559828519821167,3.559687614440918,-0.00014090538024902344
48,16,160,3.9232115745544434,3.92236590385437,-0.0008456707000732422
48,17,160,3.571119546890259,3.5699052810668945,-0.0012142658233642578
48,18,160,2.909066677093506,2.911369562149048,0.002302885055541992
48,19,160,2.5112643241882324,2.511206865310669,-5.745887756347656e-05
49,0,160,3.400447368621826,3.40047287940979,2.5510787963867188e-05
49,1,160,3.5397024154663086,3.541649341583252,0.0019469261169433594
49,2,160,3.4472615718841553,3.447478771209717,0.00021719932556152344
49,3,160,3.013218641281128,3.0151703357696533,0.0019516944885253906
49,4,160,2.8314590454101562,2.8317813873291016,0.0003223419189453125
49,5,160,3.3697822093963623,3.3721792697906494,0.0023970603942871094
49,6,160,3.325374126434326,3.328101873397827,0.0027277469635009766
49,7,160,3.3482558727264404,3.349134683609009,0.0008788108825683594
49,8,160,3.0786399841308594,3.080864906311035,0.0022249221801757812
49,9,160,3.2830843925476074,3.2829909324645996,-9.34600830078125e-05
49,10,160,3.4933371543884277,3.4931674003601074,-0.0001697540283203125
49,11,160,3.149472713470459,3.150529623031616,0.0010569095611572266
49,12,160,3.3460118770599365,3.344951629638672,-0.0010602474212646484
49,13,160,3.831847906112671,3.8318867683410645,3.886222839355469e-05
49,14,160,3.6373698711395264,3.6387834548950195,0.001413583755493164
49,15,160,3.559828519821167,3.559140920639038,-0.0006875991821289062
49,16,160,3.9232115745544434,3.9236762523651123,0.0004646778106689453
49,17,160,3.571119546890259,3.5686898231506348,-0.0024297237396240234
49,18,160,2.909066677093506,2.9093353748321533,0.00026869773864746094
49,19,160,2.5112643241882324,2.5120229721069336,0.0007586479187011719
50,0,160,3.400447368621826,3.3989434242248535,-0.0015039443969726562
50,1,160,3.5397024154663086,3.5401880741119385,0.0004856586456298828
50,2,160,3.4472615718841553,3.44883394241333,0.0015723705291748047
50,3,160,3.013218641281128,3.012974739074707,-0.00024390220642089844
50,4,160,2.8314590454101562,2.8319284915924072,0.00046944618225097656
50,5,160,3.3697822093963623,3.3700010776519775,0.00021886825561523438
50,6,160,3.325374126434326,3.327955722808838,0.0025815963745117188
50,7,160,3.3482558727264404,3.3494713306427,0.0012154579162597656
50,8,160,3.0786399841308594,3.081059217453003,0.0024192333221435547
50,9,160,3.2830843925476074,3.2844297885894775,0.0013453960418701172
50,10,160,3.4933371543884277,3.494025230407715,0.0006880760192871094
50,11,160,3.149472713470459,3.146411180496216,-0.003061532974243164
50,12,160,3.3460118770599365,3.3456172943115234,-0.00039458274841308594
50,13,160,3.831847906112671,3.830007314682007,-0.0018405914306640625
50,14,160,3.6373698711395264,3.638747215270996,0.0013773441314697266
50,15,160,3.559828519821167,3.5603764057159424,0.0005478858947753906
50,16,160,3.9232115745544434,3.922003746032715,-0.0012078285217285156
50,17,160,3.571119546890259,3.570338726043701,-0.0007808208465576172
50,18,160,2.909066677093506,2.907810926437378,-0.0012557506561279297
50,19,160,2.5112643241882324,2.5106263160705566,-0.0006380081176757812
51,0,160,3.400447368621826,3.3996400833129883,-0.0008072853088378906
51,1,160,3.5397024154663086,3.540753126144409,0.001050710678100586
51,2,160,3.4472615718841553,3.4480559825897217,0.0007944107055664062
51,3,160,3.013218641281128,3.014310836791992,0.0010921955108642578
51,4,160,2.8314590454101562,2.8311076164245605,-0.0003514289855957031
51,5,160,3.3697822093963623,3.3709919452667236,0.0012097358703613281
51,6,160,3.325374126434326,3.325416088104248,4.1961669921875e-05
51,7,160,3.3482558727264404,3.348446846008301,0.00019097328186035156
51,8,160,3.0786399841308594,3.0779383182525635,-0.0007016658782958984
51,9,160,3.2830843925476074,3.283522844314575,0.00043845176696777344
51,10,160,3.4933371543884277,3.4931135177612305,-0.00022363662719726562
51,11,160,3.149472713470459,3.149592876434326,0.0001201629638671875
51,12,160,3.3460118770599365,3.344863176345825,-0.0011487007141113281
51,13,160,3.831847906112671,3.830279588699341,-0.0015683174133300781
51,14,160,3.6373698711395264,3.6412336826324463,0.003863811492919922
51,15,160,3.559828519821167,3.5607850551605225,0.0009565353393554688
51,16,160,3.9232115745544434,3.9219963550567627,-0.001215219497680664
51,17,160,3.571119546890259,3.5715365409851074,0.0004169940948486328
51,18,160,2.909066677093506,2.9080114364624023,-0.0010552406311035156
51,19,160,2.5112643241882324,2.511178731918335,-8.559226989746094e-05
52,0,160,3.400447368621826,3.4002761840820312,-0.00017118453979492188
52,1,160,3.5397024154663086,3.537874221801758,-0.0018281936645507812
52,2,160,3.4472615718841553,3.449061632156372,0.0018000602722167969
52,3,160,3.013218641281128,3.0146191120147705,0.0014004707336425781
52,4,160,2.8314590454101562,2.832357168197632,0.0008981227874755859
52,5,160,3.3697822093963623,3.371486186981201,0.0017039775848388672
52,6,160,3.325374126434326,3.326690196990967,0.001316070556640625
52,7,160,3.3482558727264404,3.3484554290771484,0.0001995563507080078
52,8,160,3.0786399841308594,3.0803866386413574,0.0017466545104980469
52,9,160,3.2830843925476074,3.284562349319458,0.001477956771850586
52,10,160,3.4933371543884277,3.494349718093872,0.001012563705444336
52,11,160,3.149472713470459,3.148819923400879,-0.0006527900695800781
52,12,160,3.3460118770599365,3.3452703952789307,-0.0007414817810058594
52,13,160,3.831847906112671,3.8299498558044434,-0.001898050308227539
52,14,160,3.6373698711395264,3.6396236419677734,0.0022537708282470703
52,15,160,3.559828519821167,3.560314178466797,0.0004856586456298828
52,16,160,3.9232115745544434,3.923436164855957,0.00022459030151367188
52,17,160,3.571119546890259,3.569349765777588,-0.0017697811126708984
52,18,160,2.909066677093506,2.9099504947662354,0.0008838176727294922
52,19,160,2.5112643241882324,2.5115456581115723,0.00028133392333984375
53,0,160,3.400447368621826,3.4016594886779785,0.0012121200561523438
53,1,160,3.5397024154663086,3.5404529571533203,0.0007505416870117188
53,2,160,3.4472615718841553,3.4480550289154053,0.00079345703125
53,3,160,3.013218641281128,3.0144870281219482,0.0012683868408203125
53,4,160,2.8314590454101562,2.830577850341797,-0.000881195068359375
53,5,160,3.3697822093963623,3.369929075241089,0.0001468658447265625
53,6,160,3.325374126434326,3.3238508701324463,-0.0015232563018798828
53,7,160,3.3482558727264404,3.348555326461792,0.0002994537353515625
53,8,160,3.0786399841308594,3.0794553756713867,0.0008153915405273438
53,9,160,3.2830843925476074,3.2827260494232178,-0.00035834312438964844
53,10,160,3.4933371543884277,3.4940197467803955,0.0006825923919677734
53,11,160,3.149472713470459,3.150099515914917,0.0006268024444580078
53,12,160,3.3460118770599365,3.3439972400665283,-0.002014636993408203
53,13,160,3.831847906112671,3.8308911323547363,-0.0009567737579345703
53,14,160,3.6373698711395264,3.638920783996582,0.001550912857055664
53,15,160,3.559828519821167,3.5600273609161377,0.00019884109497070312
53,16,160,3.9232115745544434,3.9232287406921387,1.71661376953125e-05
53,17,160,3.571119546890259,3.571107864379883,-1.1682510375976562e-05
53,18,160,2.909066677093506,2.9096336364746094,0.0005669593811035156
53,19,160,2.5112643241882324,2.5130176544189453,0.0017533302307128906
54,0,160,3.400447368621826,3.4022257328033447,0.0017783641815185547
54,1,160,3.5397024154663086,3.5416018962860107,0.0018994808197021484
54,2,160,3.4472615718841553,3.447482109069824,0.0002205371856689453
54,3,160,3.013218641281128,3.013823986053467,0.0006053447723388672
54,4,160,2.8314590454101562,2.831198215484619,-0.0002608299255371094
54,5,160,3.3697822093963623,3.371328353881836,0.0015461444854736328
54,6,160,3.325374126434326,3.326631784439087,0.0012576580047607422
54,7,160,3.3482558727264404,3.3471150398254395,-0.0011408329010009766
54,8,160,3.0786399841308594,3.07938289642334,0.0007429122924804688
54,9,160,3.2830843925476074,3.28491473197937,0.0018303394317626953
54,10,160,3.4933371543884277,3.4933438301086426,6.67572021484375e-06
54,11,160,3.149472713470459,3.1475324630737305,-0.0019402503967285156
54,12,160,3.3460118770599365,3.344020366668701,-0.0019915103912353516
54,13,160,3.831847906112671,3.830230712890625,-0.0016171932220458984
54,14,160,3.6373698711395264,3.640889883041382,0.0035200119018554688
54,15,160,3.559828519821167,3.560790538787842,0.0009620189666748047
54,16,160,3.9232115745544434,3.920684576034546,-0.002526998519897461
54,17,160,3.571119546890259,3.5694024562835693,-0.0017170906066894531
54,18,160,2.909066677093506,2.909921646118164,0.0008549690246582031
54,19,160,2.5112643241882324,2.512887716293335,0.001623392105102539
55,0,160,3.400447368621826,3.4006707668304443,0.00022339820861816406
55,1,160,3.5397024154663086,3.540299892425537,0.0005974769592285156
55,2,160,3.4472615718841553,3.44862961769104,0.0013680458068847656
55,3,160,3.013218641281128,3.0152428150177,0.0020241737365722656
55,4,160,2.8314590454101562,2.8307266235351562,-0.000732421875
55,5,160,3.3697822093963623,3.3700575828552246,0.0002753734588623047
55,6,160,3.325374126434326,3.3234703540802,-0.0019037723541259766
55,7,160,3.3482558727264404,3.3485097885131836,0.00025391578674316406
55,8,160,3.0786399841308594,3.077652931213379,-0.0009870529174804688
55,9,160,3.2830843925476074,3.2808425426483154,-0.002241849899291992
55,10,160,3.4933371543884277,3.4939587116241455,0.0006215572357177734
55,11,160,3.149472713470459,3.1497879028320312,0.0003151893615722656
55,12,160,3.3460118770599365,3.3436717987060547,-0.002340078353881836
55,13,160,3.831847906112671,3.831693172454834,-0.00015473365783691406
55,14,160,3.6373698711395264,3.6400890350341797,0.0027191638946533203
55,15,160,3.559828519821167,3.5579843521118164,-0.001844167709350586
55,16,160,3.9232115745544434,3.922595739364624,-0.0006158351898193359
55,17,160,3.571119546890259,3.572192907333374,0.0010733604431152344
55,18,160,2.909066677093506,2.9091761112213135,0.00010943412780761719
55,19,160,2.5112643241882324,2.5135440826416016,0.0022797584533691406
56,0,160,3.400447368621826,3.4013445377349854,0.0008971691131591797
56,1,160,3.5397024154663086,3.5427370071411133,0.0030345916748046875
56,2,160,3.4472615718841553,3.44803524017334,0.0007736682891845703
56,3,160,3.013218641281128,3.0129642486572266,-0.0002543926239013672
56,4,160,2.8314590454101562,2.8316032886505127,0.0001442432403564453
56,5,160,3.3697822093963623,3.3704686164855957,0.0006864070892333984
56,6,160,3.325374126434326,3.3263204097747803,0.0009462833404541016
56,7,160,3.3482558727264404,3.3478472232818604,-0.0004086494445800781
56,8,160,3.0786399841308594,3.078404664993286,-0.0002353191375732422
56,9,160,3.2830843925476074,3.2842330932617188,0.0011487007141113281
56,10,160,3.4933371543884277,3.493561029434204,0.0002238750457763672
56,11,160,3.149472713470459,3.1485636234283447,-0.0009090900421142578
56,12,160,3.3460118770599365,3.3456528186798096,-0.0003590583801269531
56,13,160,3.831847906112671,3.8314449787139893,-0.0004029273986816406
56,14,160,3.6373698711395264,3.6396191120147705,0.0022492408752441406
56,15,160,3.559828519821167,3.560244083404541,0.00041556358337402344
56,16,160,3.9232115745544434,3.920762777328491,-0.0024487972259521484
56,17,160,3.571119546890259,3.569457530975342,-0.0016620159149169922
56,18,160,2.909066677093506,2.909738063812256,0.00067138671875
56,19,160,2.5112643241882324,2.5124402046203613,0.0011758804321289062
57,0,160,3.400447368621826,3.4009296894073486,0.00048232078552246094
57,1,160,3.5397024154663086,3.5403218269348145,0.0006194114685058594
57,2,160,3.4472615718841553,3.4470560550689697,-0.00020551681518554688
57,3,160,3.013218641281128,3.013396978378296,0.00017833709716796875
57,4,160,2.8314590454101562,2.8299942016601562,-0.00146484375
57,5,160,3.3697822093963623,3.3704724311828613,0.0006902217864990234
57,6,160,3.325374126434326,3.3253822326660156,8.106231689453125e-06
57,7,160,3.3482558727264404,3.347130298614502,-0.0011255741119384766
57,8,160,3.0786399841308594,3.078648567199707,8.58306884765625e-06
57,9,160,3.2830843925476074,3.2830750942230225,-9.298324584960938e-06
57,10,160,3.4933371543884277,3.4925942420959473,-0.0007429122924804688
57,11,160,3.149472713470459,3.149897575378418,0.0004248619079589844
57,12,160,3.3460118770599365,3.3442134857177734,-0.001798391342163086
57,13,160,3.831847906112671,3.829922914505005,-0.0019249916076660156
57,14,160,3.6373698711395264,3.6389317512512207,0.001561880111694336
57,15,160,3.559828519821167,3.5595650672912598,-0.00026345252990722656
57,16,160,3.9232115745544434,3.9238343238830566,0.0006227493286132812
57,17,160,3.571119546890259,3.571702003479004,0.0005824565887451172
57,18,160,2.909066677093506,2.907371759414673,-0.0016949176788330078
57,19,160,2.5112643241882324,2.5123469829559326,0.0010826587677001953
58,0,160,3.400447368621826,3.402653694152832,0.0022063255310058594
58,1,160,3.5397024154663086,3.5420382022857666,0.002335786819458008
58,2,160,3.4472615718841553,3.4504315853118896,0.003170013427734375
58,3,160,3.013218641281128,3.013906717300415,0.0006880760192871094
58,4,160,2.8314590454101562,2.8305797576904297,-0.0008792877197265625
58,5,160,3.3697822093963623,3.370466470718384,0.0006842613220214844
58,6,160,3.325374126434326,3.325106620788574,-0.0002675056457519531
58,7,160,3.3482558727264404,3.3488168716430664,0.0005609989166259766
58,8,160,3.0786399841308594,3.0776240825653076,-0.0010159015655517578
58,9,160,3.2830843925476074,3.2843780517578125,0.0012936592102050781
58,10,160,3.4933371543884277,3.494757890701294,0.001420736312866211
58,11,160,3.149472713470459,3.149111032485962,-0.0003616809844970703
58,12,160,3.3460118770599365,3.346693754196167,0.0006818771362304688
58,13,160,3.831847906112671,3.8313069343566895,-0.0005409717559814453
58,14,160,3.6373698711395264,3.6390037536621094,0.0016338825225830078
58,15,160,3.559828519821167,3.5607738494873047,0.0009453296661376953
58,16,160,3.9232115745544434,3.922182559967041,-0.0010290145874023438
58,17,160,3.571119546890259,3.5735795497894287,0.002460002899169922
58,18,160,2.909066677093506,2.909743070602417,0.0006763935089111328
58,19,160,2.5112643241882324,2.5112669467926025,2.6226043701171875e-06
59,0,160,3.400447368621826,3.4025628566741943,0.002115488052368164
59,1,160,3.5397024154663086,3.539839506149292,0.00013709068298339844
59,2,160,3.4472615718841553,3.448927640914917,0.0016660690307617188
59,3,160,3.013218641281128,3.014070749282837,0.0008521080017089844
59,4,160,2.8314590454101562,2.830860137939453,-0.000598907470703125
59,5,160,3.3697822093963623,3.372481107711792,0.0026988983154296875
59,6,160,3.325374126434326,3.3257904052734375,0.0004162788391113281
59,7,160,3.3482558727264404,3.347487688064575,-0.0007681846618652344
59,8,160,3.0786399841308594,3.0780487060546875,-0.000591278076171875
59,9,160,3.2830843925476074,3.2851240634918213,0.002039670944213867
59,10,160,3.4933371543884277,3.495649576187134,0.0023124217987060547
59,11,160,3.149472713470459,3.148326873779297,-0.0011458396911621094
59,12,160,3.3460118770599365,3.3463027477264404,0.00029087066650390625
59,13,160,3.831847906112671,3.832317590713501,0.0004696846008300781
59,14,160,3.6373698711395264,3.6393909454345703,0.0020210742950439453
59,15,160,3.559828519821167,3.560063123703003,0.0002346038818359375
59,16,160,3.9232115745544434,3.9231834411621094,-2.8133392333984375e-05
59,17,160,3.571119546890259,3.5733792781829834,0.0022597312927246094
59,18,160,2.909066677093506,2.9104535579681396,0.001386880874633789
59,19,160,2.5112643241882324,2.5111591815948486,-0.00010514259338378906
60,0,160,3.400447368621826,3.4012057781219482,0.0007584095001220703
60,1,160,3.5397024154663086,3.539524793624878,-0.00017762184143066406
60,2,160,3.4472615718841553,3.4492380619049072,0.001976490020751953
60,3,160,3.013218641281128,3.0151360034942627,0.0019173622131347656
60,4,160,2.8314590454101562,2.8313252925872803,-0.00013375282287597656
60,5,160,3.3697822093963623,3.3725039958953857,0.0027217864990234375
60,6,160,3.325374126434326,3.3255507946014404,0.0001766681671142578
60,7,160,3.3482558727264404,3.3496248722076416,0.0013689994812011719
60,8,160,3.0786399841308594,3.0781736373901367,-0.00046634674072265625
60,9,160,3.2830843925476074,3.283599615097046,0.0005152225494384766
60,10,160,3.4933371543884277,3.4946725368499756,0.0013353824615478516
60,11,160,3.149472713470459,3.149146318435669,-0.00032639503479003906
60,12,160,3.3460118770599365,3.343956470489502,-0.0020554065704345703
60,13,160,3.831847906112671,3.8311574459075928,-0.000690460205078125
60,14,160,3.6373698711395264,3.638993263244629,0.001623392105102539
60,15,160,3.559828519821167,3.5600359439849854,0.00020742416381835938
60,16,160,3.9232115745544434,3.921962261199951,-0.0012493133544921875
60,17,160,3.571119546890259,3.5747663974761963,0.0036468505859375
60,18,160,2.909066677093506,2.910686492919922,0.0016198158264160156
60,19,160,2.5112643241882324,2.5119335651397705,0.0006692409515380859
61,0,160,3.400447368621826,3.400801181793213,0.00035381317138671875
61,1,160,3.5397024154663086,3.5397908687591553,8.845329284667969e-05
61,2,160,3.4472615718841553,3.4485607147216797,0.001299142837524414
61,3,160,3.013218641281128,3.013200521469116,-1.811981201171875e-05
61,4,160,2.8314590454101562,2.8310546875,-0.00040435791015625
61,5,160,3.3697822093963623,3.3717877864837646,0.0020055770874023438
61,6,160,3.325374126434326,3.325566291809082,0.00019216537475585938
61,7,160,3.3482558727264404,3.3482086658477783,-4.7206878662109375e-05
61,8,160,3.0786399841308594,3.0793650150299072,0.0007250308990478516
61,9,160,3.2830843925476074,3.2841012477874756,0.001016855239868164
61,10,160,3.4933371543884277,3.493583917617798,0.0002467632293701172
61,11,160,3.149472713470459,3.149994134902954,0.0005214214324951172
61,12,160,3.3460118770599365,3.3447861671447754,-0.0012257099151611328
61,13,160,3.831847906112671,3.8319671154022217,0.00011920928955078125
61,14,160,3.6373698711395264,3.6399943828582764,0.00262451171875
61,15,160,3.559828519821167,3.5602900981903076,0.000461578369140625
61,16,160,3.9232115745544434,3.9232382774353027,2.6702880859375e-05
61,17,160,3.571119546890259,3.5731754302978516,0.0020558834075927734
61,18,160,2.909066677093506,2.910754680633545,0.0016880035400390625
61,19,160,2.5112643241882324,2.5106022357940674,-0.0006620883941650391
62,0,160,3.400447368621826,3.4022083282470703,0.0017609596252441406
62,1,160,3.5397024154663086,3.5404484272003174,0.0007460117340087891
62,2,160,3.4472615718841553,3.4484198093414307,0.0011582374572753906
62,3,160,3.013218641281128,3.014153003692627,0.0009343624114990234
62,4,160,2.8314590454101562,2.8303799629211426,-0.0010790824890136719
62,5,160,3.3697822093963623,3.3717658519744873,0.001983642578125
62,6,160,3.325374126434326,3.3261916637420654,0.0008175373077392578
62,7,160,3.3482558727264404,3.3478429317474365,-0.00041294097900390625
62,8,160,3.0786399841308594,3.0783979892730713,-0.00024199485778808594
62,9,160,3.2830843925476074,3.2838146686553955,0.0007302761077880859
62,10,160,3.4933371543884277,3.4950294494628906,0.0016922950744628906
62,11,160,3.149472713470459,3.149625062942505,0.00015234947204589844
62,12,160,3.3460118770599365,3.3442416191101074,-0.0017702579498291016
62,13,160,3.831847906112671,3.831686496734619,-0.0001614093780517578
62,14,160,3.6373698711395264,3.6392734050750732,0.001903533935546875
62,15,160,3.559828519821167,3.561582565307617,0.0017540454864501953
62,16,160,3.9232115745544434,3.9237351417541504,0.0005235671997070312
62,17,160,3.571119546890259,3.569777727127075,-0.0013418197631835938
62,18,160,2.909066677093506,2.9093177318573,0.0002510547637939453
62,19,160,2.5112643241882324,2.5123744010925293,0.001110076904296875
63,0,160,3.400447368621826,3.4014480113983154,0.0010006427764892578
63,1,160,3.5397024154663086,3.5396294593811035,-7.295608520507812e-05
63,2,160,3.4472615718841553,3.4472973346710205,3.5762786865234375e-05
63,3,160,3.013218641281128,3.013155698776245,-6.29425048828125e-05
63,4,160,2.8314590454101562,2.8317346572875977,0.00027561187744140625
63,5,160,3.3697822093963623,3.3692381381988525,-0.0005440711975097656
63,6,160,3.325374126434326,3.325727939605713,0.00035381317138671875
63,7,160,3.3482558727264404,3.3481485843658447,-0.00010728836059570312
63,8,160,3.0786399841308594,3.0795159339904785,0.0008759498596191406
63,9,160,3.2830843925476074,3.2838563919067383,0.0007719993591308594
63,10,160,3.4933371543884277,3.4934799671173096,0.00014281272888183594
63,11,160,3.149472713470459,3.1492788791656494,-0.0001938343048095703
63,12,160,3.3460118770599365,3.3447556495666504,-0.0012562274932861328
63,13,160,3.831847906112671,3.8324522972106934,0.0006043910980224609
63,14,160,3.6373698711395264,3.638929605484009,0.0015597343444824219
63,15,160,3.559828519821167,3.560861110687256,0.0010325908660888672
63,16,160,3.9232115745544434,3.924879312515259,0.0016677379608154297
63,17,160,3.571119546890259,3.570309638977051,-0.0008099079132080078
63,18,160,2.909066677093506,2.9098527431488037,0.0007860660552978516
63,19,160,2.5112643241882324,2.510258197784424,-0.0010061264038085938
64,0,160,3.400447368621826,3.402130603790283,0.0016832351684570312
64,1,160,3.5397024154663086,3.541527509689331,0.001825094223022461
64,2,160,3.4472615718841553,3.4481499195098877,0.0008883476257324219
64,3,160,3.013218641281128,3.0146634578704834,0.0014448165893554688
64,4,160,2.8314590454101562,2.8300068378448486,-0.0014522075653076172
64,5,160,3.3697822093963623,3.371756076812744,0.001973867416381836
64,6,160,3.325374126434326,3.325340747833252,-3.337860107421875e-05
64,7,160,3.3482558727264404,3.3483853340148926,0.00012946128845214844
64,8,160,3.0786399841308594,3.0785882472991943,-5.173683166503906e-05
64,9,160,3.2830843925476074,3.2840847969055176,0.0010004043579101562
64,10,160,3.4933371543884277,3.4939115047454834,0.0005743503570556641
64,11,160,3.149472713470459,3.1480977535247803,-0.001374959945678711
64,12,160,3.3460118770599365,3.3454294204711914,-0.0005824565887451172
64,13,160,3.831847906112671,3.8323211669921875,0.00047326087951660156
64,14,160,3.6373698711395264,3.639704704284668,0.0023348331451416016
64,15,160,3.559828519821167,3.558699131011963,-0.0011293888092041016
64,16,160,3.9232115745544434,3.9227633476257324,-0.0004482269287109375
64,17,160,3.571119546890259,3.5743446350097656,0.003225088119506836
64,18,160,2.909066677093506,2.912285804748535,0.003219127655029297
64,19,160,2.5112643241882324,2.517123222351074,0.005858898162841797
65,0,160,3.400447368621826,3.4007761478424072,0.0003287792205810547
65,1,160,3.5397024154663086,3.540161609649658,0.0004591941833496094
65,2,160,3.4472615718841553,3.449176073074341,0.0019145011901855469
65,3,160,3.013218641281128,3.013810396194458,0.0005917549133300781
65,4,160,2.8314590454101562,2.8311285972595215,-0.0003304481506347656
65,5,160,3.3697822093963623,3.3699471950531006,0.00016498565673828125
65,6,160,3.325374126434326,3.3241307735443115,-0.0012433528900146484
65,7,160,3.3482558727264404,3.348858118057251,0.0006022453308105469
65,8,160,3.0786399841308594,3.0789732933044434,0.0003333091735839844
65,9,160,3.2830843925476074,3.2832179069519043,0.000133514404296875
65,10,160,3.4933371543884277,3.4931769371032715,-0.00016021728515625
65,11,160,3.149472713470459,3.1481049060821533,-0.001367807388305664
65,12,160,3.3460118770599365,3.3432140350341797,-0.002797842025756836
65,13,160,3.831847906112671,3.8318023681640625,-4.553794860839844e-05
65,14,160,3.6373698711395264,3.6395163536071777,0.002146482467651367
65,15,160,3.559828519821167,3.5598297119140625,1.1920928955078125e-06
65,16,160,3.9232115745544434,3.923348903656006,0.0001373291015625
65,17,160,3.571119546890259,3.573957920074463,0.0028383731842041016
65,18,160,2.909066677093506,2.9113681316375732,0.002301454544067383
65,19,160,2.5112643241882324,2.5124733448028564,0.0012090206146240234
66,0,160,3.400447368621826,3.3999557495117188,-0.0004916191101074219
66,1,160,3.5397024154663086,3.5400264263153076,0.00032401084899902344
66,2,160,3.4472615718841553,3.448850631713867,0.001589059829711914
66,3,160,3.013218641281128,3.013788938522339,0.0005702972412109375
66,4,160,2.8314590454101562,2.831423759460449,-3.528594970703125e-05
66,5,160,3.3697822093963623,3.372533082962036,0.002750873565673828
66,6,160,3.325374126434326,3.326200485229492,0.0008263587951660156
66,7,160,3.3482558727264404,3.3481876850128174,-6.818771362304688e-05
66,8,160,3.0786399841308594,3.0787947177886963,0.00015473365783691406
66,9,160,3.2830843925476074,3.2846648693084717,0.0015804767608642578
66,10,160,3.4933371543884277,3.4946115016937256,0.0012743473052978516
66,11,160,3.149472713470459,3.148380994796753,-0.0010917186737060547
66,12,160,3.3460118770599365,3.344762086868286,-0.0012497901916503906
66,13,160,3.831847906112671,3.832993745803833,0.0011458396911621094
66,14,160,3.6373698711395264,3.639324426651001,0.0019545555114746094
66,15,160,3.559828519821167,3.559558391571045,-0.0002701282501220703
66,16,160,3.9232115745544434,3.920905590057373,-0.0023059844970703125
66,17,160,3.571119546890259,3.569490432739258,-0.0016291141510009766
66,18,160,2.909066677093506,2.909580707550049,0.0005140304565429688
66,19,160,2.5112643241882324,2.5117785930633545,0.0005142688751220703
67,0,160,3.400447368621826,3.4016525745391846,0.0012052059173583984
67,1,160,3.5397024154663086,3.5399036407470703,0.00020122528076171875
67,2,160,3.4472615718841553,3.4490795135498047,0.001817941665649414
67,3,160,3.013218641281128,3.0147886276245117,0.001569986343383789
67,4,160,2.8314590454101562,2.8315305709838867,7.152557373046875e-05
67,5,160,3.3697822093963623,3.370126724243164,0.0003445148468017578
67,6,160,3.325374126434326,3.326029062271118,0.0006549358367919922
67,7,160,3.3482558727264404,3.3490493297576904,0.00079345703125
67,8,160,3.0786399841308594,3.0789928436279297,0.0003528594970703125
67,9,160,3.2830843925476074,3.2846808433532715,0.0015964508056640625
67,10,160,3.4933371543884277,3.4937996864318848,0.00046253204345703125
67,11,160,3.149472713470459,3.150515556335449,0.0010428428649902344
67,12,160,3.3460118770599365,3.345419406890869,-0.0005924701690673828
67,13,160,3.831847906112671,3.8312082290649414,-0.0006396770477294922
67,14,160,3.6373698711395264,3.639918804168701,0.0025489330291748047
67,15,160,3.559828519821167,3.5608720779418945,0.001043558120727539
67,16,160,3.9232115745544434,3.921600103378296,-0.001611471176147461
67,17,160,3.571119546890259,3.570829153060913,-0.0002903938293457031
67,18,160,2.909066677093506,2.9089410305023193,-0.00012564659118652344
67,19,160,2.5112643241882324,2.5140976905822754,0.0028333663940429688
68,0,160,3.400447368621826,3.4009101390838623,0.0004627704620361328
68,1,160,3.5397024154663086,3.539858818054199,0.000156402587890625
68,2,160,3.4472615718841553,3.4483108520507812,0.0010492801666259766
68,3,160,3.013218641281128,3.0140273571014404,0.0008087158203125
68,4,160,2.8314590454101562,2.831373453140259,-8.559226989746094e-05
68,5,160,3.3697822093963623,3.3722336292266846,0.0024514198303222656
68,6,160,3.325374126434326,3.327277660369873,0.001903533935546875
68,7,160,3.3482558727264404,3.3484065532684326,0.0001506805419921875
68,8,160,3.0786399841308594,3.0793957710266113,0.0007557868957519531
68,9,160,3.2830843925476074,3.283865451812744,0.0007810592651367188
68,10,160,3.4933371543884277,3.494767904281616,0.0014307498931884766
68,11,160,3.149472713470459,3.1495754718780518,0.00010275840759277344
68,12,160,3.3460118770599365,3.345898151397705,-0.00011372566223144531
68,13,160,3.831847906112671,3.8290321826934814,-0.002815723419189453
68,14,160,3.6373698711395264,3.6397645473480225,0.0023946762084960938
68,15,160,3.559828519821167,3.5601303577423096,0.0003018379211425781
68,16,160,3.9232115745544434,3.9206924438476562,-0.0025191307067871094
68,17,160,3.571119546890259,3.572140693664551,0.0010211467742919922
68,18,160,2.909066677093506,2.911754608154297,0.0026879310607910156
68,19,160,2.5112643241882324,2.512972831726074,0.0017085075378417969
69,0,160,3.400447368621826,3.400644063949585,0.00019669532775878906
69,1,160,3.5397024154663086,3.541440486907959,0.0017380714416503906
69,2,160,3.4472615718841553,3.448279619216919,0.0010180473327636719
69,3,160,3.013218641281128,3.014016628265381,0.0007979869842529297
69,4,160,2.8314590454101562,2.830836296081543,-0.0006227493286132812
69,5,160,3.3697822093963623,3.3715860843658447,0.0018038749694824219
69,6,160,3.325374126434326,3.324981451034546,-0.00039267539978027344
69,7,160,3.3482558727264404,3.3497400283813477,0.0014841556549072266
69,8,160,3.0786399841308594,3.079794406890869,0.0011544227600097656
69,9,160,3.2830843925476074,3.283198595046997,0.00011420249938964844
69,10,160,3.4933371543884277,3.4945898056030273,0.0012526512145996094
69,11,160,3.149472713470459,3.1487858295440674,-0.0006868839263916016
69,12,160,3.3460118770599365,3.3456878662109375,-0.00032401084899902344
69,13,160,3.831847906112671,3.8322432041168213,0.0003952980041503906
69,14,160,3.6373698711395264,3.6400599479675293,0.0026900768280029297
69,15,160,3.559828519821167,3.5582261085510254,-0.0016024112701416016
69,16,160,3.9232115745544434,3.923722267150879,0.0005106925964355469
69,17,160,3.571119546890259,3.5725350379943848,0.0014154911041259766
69,18,160,2.909066677093506,2.90962815284729,0.0005614757537841797
69,19,160,2.5112643241882324,2.5131824016571045,0.0019180774688720703
70,0,160,3.400447368621826,3.4004106521606445,-3.6716461181640625e-05
70,1,160,3.5397024154663086,3.5406363010406494,0.0009338855743408203
70,2,160,3.4472615718841553,3.4491312503814697,0.0018696784973144531
70,3,160,3.013218641281128,3.0136754512786865,0.00045680999755859375
70,4,160,2.8314590454101562,2.8304500579833984,-0.0010089874267578125
70,5,160,3.3697822093963623,3.372626543045044,0.0028443336486816406
70,6,160,3.325374126434326,3.325617790222168,0.00024366378784179688
70,7,160,3.3482558727264404,3.347827672958374,-0.00042819976806640625
70,8,160,3.0786399841308594,3.078746795654297,0.0001068115234375
70,9,160,3.2830843925476074,3.2843832969665527,0.0012989044189453125
70,10,160,3.4933371543884277,3.4930992126464844,-0.00023794174194335938
70,11,160,3.149472713470459,3.1488234996795654,-0.0006492137908935547
70,12,160,3.3460118770599365,3.345060348510742,-0.0009515285491943359
70,13,160,3.831847906112671,3.8312454223632812,-0.0006024837493896484
70,14,160,3.6373698711395264,3.637983798980713,0.0006139278411865234
70,15,160,3.559828519821167,3.5597400665283203,-8.845329284667969e-05
70,16,160,3.9232115745544434,3.922361373901367,-0.0008502006530761719
70,17,160,3.571119546890259,3.5708186626434326,-0.0003008842468261719
70,18,160,2.909066677093506,2.909666061401367,0.0005993843078613281
70,19,160,2.5112643241882324,2.510380744934082,-0.0008835792541503906
71,0,160,3.400447368621826,3.3995754718780518,-0.0008718967437744141
71,1,160,3.5397024154663086,3.5401573181152344,0.00045490264892578125
71,2,160,3.4472615718841553,3.4480104446411133,0.0007488727569580078
71,3,160,3.013218641281128,3.0149550437927246,0.0017364025115966797
71,4,160,2.8314590454101562,2.8322603702545166,0.0008013248443603516
71,5,160,3.3697822093963623,3.3699352741241455,0.00015306472778320312
71,6,160,3.325374126434326,3.325066566467285,-0.0003075599670410156
71,7,160,3.3482558727264404,3.3490231037139893,0.0007672309875488281
71,8,160,3.0786399841308594,3.079129457473755,0.0004894733428955078
71,9,160,3.2830843925476074,3.282848358154297,-0.00023603439331054688
71,10,160,3.4933371543884277,3.492823600769043,-0.0005135536193847656
71,11,160,3.149472713470459,3.1489429473876953,-0.0005297660827636719
71,12,160,3.3460118770599365,3.3583319187164307,0.01232004165649414
71,13,160,3.831847906112671,3.8304688930511475,-0.0013790130615234375
71,14,160,3.6373698711395264,3.640489339828491,0.0031194686889648438
71,15,160,3.559828519821167,3.5598716735839844,4.315376281738281e-05
71,16,160,3.9232115745544434,3.9215171337127686,-0.0016944408416748047
71,17,160,3.571119546890259,3.570810079574585,-0.0003094673156738281
71,18,160,2.909066677093506,2.9087765216827393,-0.00029015541076660156
71,19,160,2.5112643241882324,2.5099284648895264,-0.0013358592987060547
72,0,160,3.400447368621826,3.402158260345459,0.0017108917236328125
72,1,160,3.5397024154663086,3.540808916091919,0.0011065006256103516
72,2,160,3.4472615718841553,3.451900005340576,0.0046384334564208984
72,3,160,3.013218641281128,3.0145161151885986,0.0012974739074707031
72,4,160,2.8314590454101562,2.831712245941162,0.0002532005310058594
72,5,160,3.3697822093963623,3.372645854949951,0.002863645553588867
72,6,160,3.325374126434326,3.3261630535125732,0.0007889270782470703
72,7,160,3.3482558727264404,3.350363254547119,0.002107381820678711
72,8,160,3.0786399841308594,3.0796477794647217,0.0010077953338623047
72,9,160,3.2830843925476074,3.2840569019317627,0.0009725093841552734
72,10,160,3.4933371543884277,3.4945266246795654,0.0011894702911376953
72,11,160,3.149472713470459,3.149651050567627,0.00017833709716796875
72,12,160,3.3460118770599365,3.3464605808258057,0.0004487037658691406
72,13,160,3.831847906112671,3.831968307495117,0.00012040138244628906
72,14,160,3.6373698711395264,3.6381421089172363,0.0007722377777099609
72,15,160,3.559828519821167,3.5585720539093018,-0.0012564659118652344
72,16,160,3.9232115745544434,3.92148756980896,-0.0017240047454833984
72,17,160,3.571119546890259,3.5717873573303223,0.0006678104400634766
72,18,160,2.909066677093506,2.9089088439941406,-0.00015783309936523438
72,19,160,2.5112643241882324,2.5131163597106934,0.0018520355224609375
73,0,160,3.400447368621826,3.4006829261779785,0.00023555755615234375
73,1,160,3.5397024154663086,3.5405476093292236,0.0008451938629150391
73,2,160,3.4472615718841553,3.449059247970581,0.0017976760864257812
73,3,160,3.013218641281128,3.013916015625,0.0006973743438720703
73,4,160,2.8314590454101562,2.8323309421539307,0.0008718967437744141
73,5,160,3.3697822093963623,3.373481035232544,0.0036988258361816406
73,6,160,3.325374126434326,3.3262317180633545,0.0008575916290283203
73,7,160,3.3482558727264404,3.3482155799865723,-4.029273986816406e-05
73,8,160,3.0786399841308594,3.0792298316955566,0.0005898475646972656
73,9,160,3.2830843925476074,3.2853269577026367,0.002242565155029297
73,10,160,3.4933371543884277,3.496131658554077,0.002794504165649414
73,11,160,3.149472713470459,3.14924955368042,-0.0002231597900390625
73,12,160,3.3460118770599365,3.3438727855682373,-0.0021390914916992188
73,13,160,3.831847906112671,3.8308944702148438,-0.0009534358978271484
73,14,160,3.6373698711395264,3.6389520168304443,0.0015821456909179688
73,15,160,3.559828519821167,3.560922861099243,0.0010943412780761719
73,16,160,3.9232115745544434,3.9241061210632324,0.0008945465087890625
73,17,160,3.571119546890259,3.5694940090179443,-0.0016255378723144531
73,18,160,2.909066677093506,2.9089362621307373,-0.0001304149627685547
73,19,160,2.5112643241882324,2.5122156143188477,0.0009512901306152344
74,0,160,3.400447368621826,3.4012248516082764,0.0007774829864501953
74,1,160,3.5397024154663086,3.541447877883911,0.001745462417602539
74,2,160,3.4472615718841553,3.4490225315093994,0.0017609596252441406
74,3,160,3.013218641281128,3.013946533203125,0.0007278919219970703
74,4,160,2.8314590454101562,2.832735061645508,0.0012760162353515625
74,5,160,3.3697822093963623,3.371562957763672,0.0017807483673095703
74,6,160,3.325374126434326,3.3248817920684814,-0.0004923343658447266
74,7,160,3.3482558727264404,3.3483219146728516,6.604194641113281e-05
74,8,160,3.0786399841308594,3.079084634780884,0.00044465065002441406
74,9,160,3.2830843925476074,3.284795045852661,0.001710653305053711
74,10,160,3.4933371543884277,3.493539810180664,0.00020265579223632812
74,11,160,3.149472713470459,3.150662899017334,0.001190185546875
74,12,160,3.3460118770599365,3.3594539165496826,0.013442039489746094
74,13,160,3.831847906112671,3.8317372798919678,-0.000110626220703125
74,14,160,3.6373698711395264,3.639087438583374,0.0017175674438476562
74,15,160,3.559828519821167,3.5586979389190674,-0.0011305809020996094
74,16,160,3.9232115745544434,3.9221038818359375,-0.0011076927185058594
74,17,160,3.571119546890259,3.5697929859161377,-0.0013265609741210938
74,18,160,2.909066677093506,2.9103925228118896,0.001325845718383789
74,19,160,2.5112643241882324,2.5127792358398438,0.0015149116516113281
75,0,160,3.400447368621826,3.402104616165161,0.001657247543334961
75,1,160,3.5397024154663086,3.541184186935425,0.001481771469116211
75,2,160,3.4472615718841553,3.448122024536133,0.0008604526519775391
75,3,160,3.013218641281128,3.0135498046875,0.0003311634063720703
75,4,160,2.8314590454101562,2.831159830093384,-0.00029921531677246094
75,5,160,3.3697822093963623,3.373007297515869,0.003225088119506836
75,6,160,3.325374126434326,3.325484275817871,0.00011014938354492188
75,7,160,3.3482558727264404,3.349752426147461,0.0014965534210205078
75,8,160,3.0786399841308594,3.078638792037964,-1.1920928955078125e-06
75,9,160,3.2830843925476074,3.283662796020508,0.0005784034729003906
75,10,160,3.4933371543884277,3.494321346282959,0.00098419189453125
75,11,160,3.149472713470459,3.148746967315674,-0.0007257461547851562
75,12,160,3.3460118770599365,3.3437561988830566,-0.002255678176879883
75,13,160,3.831847906112671,3.8318474292755127,-4.76837158203125e-07
75,14,160,3.6373698711395264,3.641531229019165,0.004161357879638672
75,15,160,3.559828519821167,3.5594630241394043,-0.0003654956817626953
75,16,160,3.9232115745544434,3.922727584838867,-0.0004839897155761719
75,17,160,3.571119546890259,3.57541823387146,0.004298686981201172
75,18,160,2.909066677093506,2.9085798263549805,-0.0004868507385253906
75,19,160,2.5112643241882324,2.512563705444336,0.0012993812561035156
76,0,160,3.400447368621826,3.3998303413391113,-0.0006170272827148438
76,1,160,3.5397024154663086,3.5387473106384277,-0.0009551048278808594
76,2,160,3.4472615718841553,3.447737216949463,0.0004756450653076172
76,3,160,3.013218641281128,3.0135293006896973,0.00031065940856933594
76,4,160,2.8314590454101562,2.831664562225342,0.00020551681518554688
76,5,160,3.3697822093963623,3.372293710708618,0.0025115013122558594
76,6,160,3.325374126434326,3.3254101276397705,3.600120544433594e-05
76,7,160,3.3482558727264404,3.3477580547332764,-0.0004978179931640625
76,8,160,3.0786399841308594,3.0806260108947754,0.0019860267639160156
76,9,160,3.2830843925476074,3.2833211421966553,0.00023674964904785156
76,10,160,3.4933371543884277,3.4947829246520996,0.001445770263671875
76,11,160,3.149472713470459,3.150655746459961,0.0011830329895019531
76,12,160,3.3460118770599365,3.352548599243164,0.006536722183227539
76,13,160,3.831847906112671,3.831594228744507,-0.0002536773681640625
76,14,160,3.6373698711395264,3.6397647857666016,0.0023949146270751953
76,15,160,3.559828519821167,3.559274196624756,-0.0005543231964111328
76,16,160,3.9232115745544434,3.922715902328491,-0.0004956722259521484
76,17,160,3.571119546890259,3.568293571472168,-0.0028259754180908203
76,18,160,2.909066677093506,2.909878730773926,0.0008120536804199219
76,19,160,2.5112643241882324,2.512585401535034,0.0013210773468017578
77,0,160,3.400447368621826,3.400134801864624,-0.00031256675720214844
77,1,160,3.5397024154663086,3.5396063327789307,-9.608268737792969e-05
77,2,160,3.4472615718841553,3.4492855072021484,0.002023935317993164
77,3,160,3.013218641281128,3.0147759914398193,0.0015573501586914062
77,4,160,2.8314590454101562,2.83213472366333,0.0006756782531738281
77,5,160,3.3697822093963623,3.3737924098968506,0.004010200500488281
77,6,160,3.325374126434326,3.326930046081543,0.0015559196472167969
77,7,160,3.3482558727264404,3.3500847816467285,0.001828908920288086
77,8,160,3.0786399841308594,3.0800530910491943,0.001413106918334961
77,9,160,3.2830843925476074,3.285834312438965,0.002749919891357422
77,10,160,3.4933371543884277,3.4953105449676514,0.001973390579223633
77,11,160,3.149472713470459,3.147233009338379,-0.002239704132080078
77,12,160,3.3460118770599365,3.344968557357788,-0.0010433197021484375
77,13,160,3.831847906112671,3.8307607173919678,-0.001087188720703125
77,14,160,3.6373698711395264,3.6398303508758545,0.002460479736328125
77,15,160,3.559828519821167,3.558743953704834,-0.0010845661163330078
77,16,160,3.9232115745544434,3.921848773956299,-0.0013628005981445312
77,17,160,3.571119546890259,3.5693838596343994,-0.001735687255859375
77,18,160,2.909066677093506,2.9101998805999756,0.0011332035064697266
77,19,160,2.5112643241882324,2.511735677719116,0.00047135353088378906
78,0,160,3.400447368621826,3.4006547927856445,0.00020742416381835938
78,1,160,3.5397024154663086,3.540275812149048,0.0005733966827392578
78,2,160,3.4472615718841553,3.4489080905914307,0.0016465187072753906
78,3,160,3.013218641281128,3.0140247344970703,0.0008060932159423828
78,4,160,2.8314590454101562,2.8306612968444824,-0.0007977485656738281
78,5,160,3.3697822093963623,3.371410846710205,0.0016286373138427734
78,6,160,3.325374126434326,3.326855182647705,0.0014810562133789062
78,7,160,3.3482558727264404,3.3477742671966553,-0.00048160552978515625
78,8,160,3.0786399841308594,3.0794179439544678,0.0007779598236083984
78,9,160,3.2830843925476074,3.2842116355895996,0.0011272430419921875
78,10,160,3.4933371543884277,3.494797945022583,0.0014607906341552734
78,11,160,3.149472713470459,3.148228406906128,-0.0012443065643310547
78,12,160,3.3460118770599365,3.3440020084381104,-0.002009868621826172
78,13,160,3.831847906112671,3.83135724067688,-0.0004906654357910156
78,14,160,3.6373698711395264,3.6396491527557373,0.0022792816162109375
78,15,160,3.559828519821167,3.5595650672912598,-0.00026345252990722656
78,16,160,3.9232115745544434,3.9242169857025146,0.001005411148071289
78,17,160,3.571119546890259,3.568455934524536,-0.0026636123657226562
78,18,160,2.909066677093506,2.9108455181121826,0.0017788410186767578
78,19,160,2.5112643241882324,2.5134029388427734,0.0021386146545410156
79,0,160,3.400447368621826,3.4008405208587646,0.00039315223693847656
79,1,160,3.5397024154663086,3.5397450923919678,4.267692565917969e-05
79,2,160,3.4472615718841553,3.4481143951416016,0.0008528232574462891
79,3,160,3.013218641281128,3.0144999027252197,0.0012812614440917969
79,4,160,2.8314590454101562,2.831841230392456,0.0003821849822998047
79,5,160,3.3697822093963623,3.3716700077056885,0.0018877983093261719
79,6,160,3.325374126434326,3.3267111778259277,0.0013370513916015625
79,7,160,3.3482558727264404,3.347764492034912,-0.0004913806915283203
79,8,160,3.0786399841308594,3.079070568084717,0.0004305839538574219
79,9,160,3.2830843925476074,3.2844040393829346,0.0013196468353271484
79,10,160,3.4933371543884277,3.4939069747924805,0.0005698204040527344
79,11,160,3.149472713470459,3.1474616527557373,-0.0020110607147216797
79,12,160,3.3460118770599365,3.3458306789398193,-0.0001811981201171875
79,13,160,3.831847906112671,3.832852840423584,0.001004934310913086
79,14,160,3.6373698711395264,3.6375584602355957,0.00018858909606933594
79,15,160,3.559828519821167,3.5625596046447754,0.0027310848236083984
79,16,160,3.9232115745544434,3.9248642921447754,0.0016527175903320312
79,17,160,3.571119546890259,3.5728096961975098,0.0016901493072509766
79,18,160,2.909066677093506,2.9083826541900635,-0.0006840229034423828
79,19,160,2.5112643241882324,2.5134708881378174,0.002206563949584961
80,0,160,3.400447368621826,3.400172233581543,-0.0002751350402832031
80,1,160,3.5397024154663086,3.540640354156494,0.0009379386901855469
80,2,160,3.4472615718841553,3.4495315551757812,0.0022699832916259766
80,3,160,3.013218641281128,3.0145368576049805,0.001318216323852539
80,4,160,2.8314590454101562,2.8322060108184814,0.0007469654083251953
80,5,160,3.3697822093963623,3.371511220932007,0.0017290115356445312
80,6,160,3.325374126434326,3.325498104095459,0.0001239776611328125
80,7,160,3.3482558727264404,3.3490853309631348,0.0008294582366943359
80,8,160,3.0786399841308594,3.078749895095825,0.00010991096496582031
80,9,160,3.2830843925476074,3.2837026119232178,0.0006182193756103516
80,10,160,3.4933371543884277,3.4921038150787354,-0.0012333393096923828
80,11,160,3.149472713470459,3.149444818496704,-2.7894973754882812e-05
80,12,160,3.3460118770599365,3.3458900451660156,-0.00012183189392089844
80,13,160,3.831847906112671,3.83004093170166,-0.0018069744110107422
80,14,160,3.6373698711395264,3.6396636962890625,0.002293825149536133
80,15,160,3.559828519821167,3.5617597103118896,0.0019311904907226562
80,16,160,3.9232115745544434,3.9211137294769287,-0.0020978450775146484
80,17,160,3.571119546890259,3.569509267807007,-0.0016102790832519531
80,18,160,2.909066677093506,2.9097847938537598,0.0007181167602539062
80,19,160,2.5112643241882324,2.511514186859131,0.0002498626708984375
81,0,160,3.400447368621826,3.4000589847564697,-0.0003883838653564453
81,1,160,3.5397024154663086,3.541404962539673,0.0017025470733642578
81,2,160,3.4472615718841553,3.4482719898223877,0.0010104179382324219
81,3,160,3.013218641281128,3.0140910148620605,0.0008723735809326172
81,4,160,2.8314590454101562,2.830773115158081,-0.0006859302520751953
81,5,160,3.3697822093963623,3.370889663696289,0.0011074542999267578
81,6,160,3.325374126434326,3.3264057636260986,0.001031637191772461
81,7,160,3.3482558727264404,3.3487536907196045,0.0004978179931640625
81,8,160,3.0786399841308594,3.079054594039917,0.0004146099090576172
81,9,160,3.2830843925476074,3.2840476036071777,0.0009632110595703125
81,10,160,3.4933371543884277,3.4935922622680664,0.0002551078796386719
81,11,160,3.149472713470459,3.1499476432800293,0.0004749298095703125
81,12,160,3.3460118770599365,3.345013380050659,-0.0009984970092773438
81,13,160,3.831847906112671,3.8315796852111816,-0.0002682209014892578
81,14,160,3.6373698711395264,3.639758348464966,0.002388477325439453
81,15,160,3.559828519821167,3.5613934993743896,0.0015649795532226562
81,16,160,3.9232115745544434,3.9221529960632324,-0.0010585784912109375
81,17,160,3.571119546890259,3.569983959197998,-0.0011355876922607422
81,18,160,2.909066677093506,2.907928466796875,-0.0011382102966308594
81,19,160,2.5112643241882324,2.510392904281616,-0.0008714199066162109
82,0,160,3.400447368621826,3.4002575874328613,-0.00018978118896484375
82,1,160,3.5397024154663086,3.541583299636841,0.0018808841705322266
82,2,160,3.4472615718841553,3.4490370750427246,0.001775503158569336
82,3,160,3.013218641281128,3.013183832168579,-3.4809112548828125e-05
82,4,160,2.8314590454101562,2.8305749893188477,-0.0008840560913085938
82,5,160,3.3697822093963623,3.3719210624694824,0.002138853073120117
82,6,160,3.325374126434326,3.326650381088257,0.001276254653930664
82,7,160,3.3482558727264404,3.3469765186309814,-0.0012793540954589844
82,8,160,3.0786399841308594,3.0777223110198975,-0.0009176731109619141
82,9,160,3.2830843925476074,3.2845406532287598,0.0014562606811523438
82,10,160,3.4933371543884277,3.494231700897217,0.0008945465087890625
82,11,160,3.149472713470459,3.150015115737915,0.0005424022674560547
82,12,160,3.3460118770599365,3.3439550399780273,-0.0020568370819091797
82,13,160,3.831847906112671,3.8328089714050293,0.0009610652923583984
82,14,160,3.6373698711395264,3.6395528316497803,0.0021829605102539062
82,15,160,3.559828519821167,3.5599186420440674,9.012222290039062e-05
82,16,160,3.9232115745544434,3.9222376346588135,-0.0009739398956298828
82,17,160,3.571119546890259,3.5716705322265625,0.0005509853363037109
82,18,160,2.909066677093506,2.90863299369812,-0.0004336833953857422
82,19,160,2.5112643241882324,2.5118961334228516,0.0006318092346191406
83,0,160,3.400447368621826,3.4007692337036133,0.0003218650817871094
83,1,160,3.5397024154663086,3.5431365966796875,0.0034341812133789062
83,2,160,3.4472615718841553,3.4490342140197754,0.0017726421356201172
83,3,160,3.013218641281128,3.015044927597046,0.0018262863159179688
83,4,160,2.8314590454101562,2.8295819759368896,-0.0018770694732666016
83,5,160,3.3697822093963623,3.3717823028564453,0.002000093460083008
83,6,160,3.325374126434326,3.3248507976531982,-0.0005233287811279297
83,7,160,3.3482558727264404,3.3496150970458984,0.0013592243194580078
83,8,160,3.0786399841308594,3.0792152881622314,0.0005753040313720703
83,9,160,3.2830843925476074,3.2830355167388916,-4.887580871582031e-05
83,10,160,3.4933371543884277,3.495262861251831,0.0019257068634033203
83,11,160,3.149472713470459,3.1525344848632812,0.0030617713928222656
83,12,160,3.3460118770599365,3.3460030555725098,-8.821487426757812e-06
83,13,160,3.831847906112671,3.8339157104492188,0.0020678043365478516
83,14,160,3.6373698711395264,3.639521360397339,0.0021514892578125
83,15,160,3.559828519821167,3.559386730194092,-0.0004417896270751953
83,16,160,3.9232115745544434,3.9232239723205566,1.239776611328125e-05
83,17,160,3.571119546890259,3.572821617126465,0.0017020702362060547
83,18,160,2.909066677093506,2.9100401401519775,0.0009734630584716797
83,19,160,2.5112643241882324,2.511202812194824,-6.151199340820312e-05
84,0,160,3.400447368621826,3.4013864994049072,0.0009391307830810547
84,1,160,3.5397024154663086,3.540462017059326,0.0007596015930175781
84,2,160,3.4472615718841553,3.451010227203369,0.003748655319213867
84,3,160,3.013218641281128,3.0150704383850098,0.001851797103881836
84,4,160,2.8314590454101562,2.831792116165161,0.0003330707550048828
84,5,160,3.3697822093963623,3.371696949005127,0.0019147396087646484
84,6,160,3.325374126434326,3.3282058238983154,0.002831697463989258
84,7,160,3.3482558727264404,3.3506991863250732,0.0024433135986328125
84,8,160,3.0786399841308594,3.0814478397369385,0.0028078556060791016
84,9,160,3.2830843925476074,3.2851078510284424,0.002023458480834961
84,10,160,3.4933371543884277,3.4936506748199463,0.0003135204315185547
84,11,160,3.149472713470459,3.150002956390381,0.000530242919921875
84,12,160,3.3460118770599365,3.345313310623169,-0.0006985664367675781
84,13,160,3.831847906112671,3.8312737941741943,-0.0005741119384765625
84,14,160,3.6373698711395264,3.640930414199829,0.0035605430603027344
84,15,160,3.559828519821167,3.5599231719970703,9.465217590332031e-05
84,16,160,3.9232115745544434,3.9231581687927246,-5.340576171875e-05
84,17,160,3.571119546890259,3.571209192276001,8.96453857421875e-05
84,18,160,2.909066677093506,2.9094300270080566,0.00036334991455078125
84,19,160,2.5112643241882324,2.5131802558898926,0.0019159317016601562
85,0,160,3.400447368621826,3.398995876312256,-0.0014514923095703125
85,1,160,3.5397024154663086,3.5401484966278076,0.00044608116149902344
85,2,160,3.4472615718841553,3.4483046531677246,0.001043081283569336
85,3,160,3.013218641281128,3.0154943466186523,0.002275705337524414
85,4,160,2.8314590454101562,2.831882953643799,0.0004239082336425781
85,5,160,3.3697822093963623,3.371143341064453,0.0013611316680908203
85,6,160,3.325374126434326,3.3274078369140625,0.002033710479736328
85,7,160,3.3482558727264404,3.3481996059417725,-5.626678466796875e-05
85,8,160,3.0786399841308594,3.0792007446289062,0.000560760498046875
85,9,160,3.2830843925476074,3.284306764602661,0.001222372055053711
85,10,160,3.4933371543884277,3.4939281940460205,0.0005910396575927734
85,11,160,3.149472713470459,3.149369716644287,-0.000102996826171875
85,12,160,3.3460118770599365,3.3454387187957764,-0.0005731582641601562
85,13,160,3.831847906112671,3.831843376159668,-4.5299530029296875e-06
85,14,160,3.6373698711395264,3.638460874557495,0.00109100341796875
85,15,160,3.559828519821167,3.558972120285034,-0.0008563995361328125
85,16,160,3.9232115745544434,3.9231984615325928,-1.3113021850585938e-05
85,17,160,3.571119546890259,3.5718297958374023,0.0007102489471435547
85,18,160,2.909066677093506,2.9100682735443115,0.001001596450805664
85,19,160,2.5112643241882324,2.513087272644043,0.0018229484558105469
86,0,160,3.400447368621826,3.4022915363311768,0.001844167709350586
86,1,160,3.5397024154663086,3.5403637886047363,0.0006613731384277344
86,2,160,3.4472615718841553,3.4483511447906494,0.0010895729064941406
86,3,160,3.013218641281128,3.0131828784942627,-3.5762786865234375e-05
86,4,160,2.8314590454101562,2.8307714462280273,-0.0006875991821289062
86,5,160,3.3697822093963623,3.3707849979400635,0.0010027885437011719
86,6,160,3.325374126434326,3.3243720531463623,-0.0010020732879638672
86,7,160,3.3482558727264404,3.34787654876709,-0.00037932395935058594
86,8,160,3.0786399841308594,3.077355146408081,-0.0012848377227783203
86,9,160,3.2830843925476074,3.2840821743011475,0.000997781753540039
86,10,160,3.4933371543884277,3.4954965114593506,0.0021593570709228516
86,11,160,3.149472713470459,3.150580644607544,0.001107931137084961
86,12,160,3.3460118770599365,3.350156784057617,0.004144906997680664
86,13,160,3.831847906112671,3.8335418701171875,0.0016939640045166016
86,14,160,3.6373698711395264,3.638766288757324,0.0013964176177978516
86,15,160,3.559828519821167,3.560661792755127,0.0008332729339599609
86,16,160,3.9232115745544434,3.921469211578369,-0.0017423629760742188
86,17,160,3.571119546890259,3.5705437660217285,-0.0005757808685302734
86,18,160,2.909066677093506,2.909106731414795,4.00543212890625e-05
86,19,160,2.5112643241882324,2.512192487716675,0.0009281635284423828
87,0,160,3.400447368621826,3.4011380672454834,0.0006906986236572266
87,1,160,3.5397024154663086,3.5402610301971436,0.0005586147308349609
87,2,160,3.4472615718841553,3.451469659805298,0.004208087921142578
87,3,160,3.013218641281128,3.0149288177490234,0.0017101764678955078
87,4,160,2.8314590454101562,2.833631753921509,0.002172708511352539
87,5,160,3.3697822093963623,3.3731329441070557,0.0033507347106933594
87,6,160,3.325374126434326,3.3253815174102783,7.3909759521484375e-06
87,7,160,3.3482558727264404,3.3505496978759766,0.002293825149536133
87,8,160,3.0786399841308594,3.0785577297210693,-8.225440979003906e-05
87,9,160,3.2830843925476074,3.2871296405792236,0.004045248031616211
87,10,160,3.4933371543884277,3.4958741664886475,0.0025370121002197266
87,11,160,3.149472713470459,3.14994478225708,0.00047206878662109375
87,12,160,3.3460118770599365,3.3455121517181396,-0.000499725341796875
87,13,160,3.831847906112671,3.8319101333618164,6.222724914550781e-05
87,14,160,3.6373698711395264,3.6390888690948486,0.0017189979553222656
87,15,160,3.559828519821167,3.560877561569214,0.001049041748046875
87,16,160,3.9232115745544434,3.9214463233947754,-0.0017652511596679688
87,17,160,3.571119546890259,3.571028232574463,-9.131431579589844e-05
87,18,160,2.909066677093506,2.90862774848938,-0.00043892860412597656
87,19,160,2.5112643241882324,2.5122268199920654,0.0009624958038330078
88,0,160,3.400447368621826,3.4017457962036133,0.0012984275817871094
88,1,160,3.5397024154663086,3.5385961532592773,-0.00110626220703125
88,2,160,3.4472615718841553,3.449117422103882,0.0018558502197265625
88,3,160,3.013218641281128,3.0136449337005615,0.00042629241943359375
88,4,160,2.8314590454101562,2.831528425216675,6.937980651855469e-05
88,5,160,3.3697822093963623,3.370807647705078,0.0010254383087158203
88,6,160,3.325374126434326,3.325263500213623,-0.000110626220703125
88,7,160,3.3482558727264404,3.347684621810913,-0.0005712509155273438
88,8,160,3.0786399841308594,3.0777852535247803,-0.0008547306060791016
88,9,160,3.2830843925476074,3.2846412658691406,0.0015568733215332031
88,10,160,3.4933371543884277,3.4948716163635254,0.0015344619750976562
88,11,160,3.149472713470459,3.1499862670898438,0.0005135536193847656
88,12,160,3.3460118770599365,3.345905065536499,-0.0001068115234375
88,13,160,3.831847906112671,3.8297102451324463,-0.0021376609802246094
88,14,160,3.6373698711395264,3.6400322914123535,0.0026624202728271484
88,15,160,3.559828519821167,3.5604751110076904,0.0006465911865234375
88,16,160,3.9232115745544434,3.923018455505371,-0.00019311904907226562
88,17,160,3.571119546890259,3.5732197761535645,0.002100229263305664
88,18,160,2.909066677093506,2.910822868347168,0.0017561912536621094
88,19,160,2.5112643241882324,2.513545036315918,0.002280712127685547
89,0,160,3.400447368621826,3.4006130695343018,0.00016570091247558594
89,1,160,3.5397024154663086,3.5411369800567627,0.0014345645904541016
89,2,160,3.4472615718841553,3.447134494781494,-0.0001270771026611328
89,3,160,3.013218641281128,3.012722969055176,-0.0004956722259521484
89,4,160,2.8314590454101562,2.829986095428467,-0.0014729499816894531
89,5,160,3.3697822093963623,3.371000289916992,0.0012180805206298828
89,6,160,3.325374126434326,3.324598789215088,-0.0007753372192382812
89,7,160,3.3482558727264404,3.3487865924835205,0.0005307197570800781
89,8,160,3.0786399841308594,3.078111171722412,-0.0005288124084472656
89,9,160,3.2830843925476074,3.2837064266204834,0.0006220340728759766
89,10,160,3.4933371543884277,3.49328351020813,-5.364418029785156e-05
89,11,160,3.149472713470459,3.149540424346924,6.771087646484375e-05
89,12,160,3.3460118770599365,3.344658136367798,-0.0013537406921386719
89,13,160,3.831847906112671,3.8297483921051025,-0.0020995140075683594
89,14,160,3.6373698711395264,3.639848470687866,0.0024785995483398438
89,15,160,3.559828519821167,3.5591840744018555,-0.0006444454193115234
89,16,160,3.9232115745544434,3.922534465789795,-0.0006771087646484375
89,17,160,3.571119546890259,3.5727202892303467,0.0016007423400878906
89,18,160,2.909066677093506,2.9090189933776855,-4.76837158203125e-05
89,19,160,2.5112643241882324,2.5111966133117676,-6.771087646484375e-05
90,0,160,3.400447368621826,3.402393341064453,0.0019459724426269531
90,1,160,3.5397024154663086,3.541616439819336,0.0019140243530273438
90,2,160,3.4472615718841553,3.446434736251831,-0.0008268356323242188
90,3,160,3.013218641281128,3.014660358428955,0.0014417171478271484
90,4,160,2.8314590454101562,2.831207513809204,-0.00025153160095214844
90,5,160,3.3697822093963623,3.3724138736724854,0.002631664276123047
90,6,160,3.325374126434326,3.326134204864502,0.0007600784301757812
90,7,160,3.3482558727264404,3.349827289581299,0.0015714168548583984
90,8,160,3.0786399841308594,3.0802438259124756,0.001603841781616211
90,9,160,3.2830843925476074,3.28523588180542,0.0021514892578125
90,10,160,3.4933371543884277,3.494652509689331,0.0013153553009033203
90,11,160,3.149472713470459,3.148815631866455,-0.0006570816040039062
90,12,160,3.3460118770599365,3.346574544906616,0.0005626678466796875
90,13,160,3.831847906112671,3.8315303325653076,-0.00031757354736328125
90,14,160,3.6373698711395264,3.639694929122925,0.0023250579833984375
90,15,160,3.559828519821167,3.5604047775268555,0.0005762577056884766
90,16,160,3.9232115745544434,3.921933174133301,-0.0012784004211425781
90,17,160,3.571119546890259,3.572051763534546,0.0009322166442871094
90,18,160,2.909066677093506,2.9089741706848145,-9.250640869140625e-05
90,19,160,2.5112643241882324,2.512065887451172,0.0008015632629394531
91,0,160,3.400447368621826,3.402526378631592,0.002079010009765625
91,1,160,3.5397024154663086,3.541414499282837,0.0017120838165283203
91,2,160,3.4472615718841553,3.448209285736084,0.0009477138519287109
91,3,160,3.013218641281128,3.012586832046509,-0.0006318092346191406
91,4,160,2.8314590454101562,2.8313870429992676,-7.200241088867188e-05
91,5,160,3.3697822093963623,3.3709874153137207,0.0012052059173583984
91,6,160,3.325374126434326,3.3237345218658447,-0.0016396045684814453
91,7,160,3.3482558727264404,3.348055601119995,-0.0002002716064453125
91,8,160,3.0786399841308594,3.0799403190612793,0.0013003349304199219
91,9,160,3.2830843925476074,3.283841371536255,0.0007569789886474609
91,10,160,3.4933371543884277,3.493156909942627,-0.00018024444580078125
91,11,160,3.149472713470459,3.1501193046569824,0.0006465911865234375
91,12,160,3.3460118770599365,3.346597909927368,0.0005860328674316406
91,13,160,3.831847906112671,3.83223819732666,0.0003902912139892578
91,14,160,3.6373698711395264,3.6383821964263916,0.0010123252868652344
91,15,160,3.559828519821167,3.559007167816162,-0.0008213520050048828
91,16,160,3.9232115745544434,3.921747922897339,-0.0014636516571044922
91,17,160,3.571119546890259,3.5720818042755127,0.0009622573852539062
91,18,160,2.909066677093506,2.9099314212799072,0.0008647441864013672
91,19,160,2.5112643241882324,2.513070583343506,0.0018062591552734375
92,0,160,3.400447368621826,3.399862051010132,-0.0005853176116943359
92,1,160,3.5397024154663086,3.5401177406311035,0.0004153251647949219
92,2,160,3.4472615718841553,3.4471070766448975,-0.0001544952392578125
92,3,160,3.013218641281128,3.014936923980713,0.001718282699584961
92,4,160,2.8314590454101562,2.832294225692749,0.0008351802825927734
92,5,160,3.3697822093963623,3.3683204650878906,-0.0014617443084716797
92,6,160,3.325374126434326,3.324925661087036,-0.00044846534729003906
92,7,160,3.3482558727264404,3.3468430042266846,-0.0014128684997558594
92,8,160,3.0786399841308594,3.0788309574127197,0.00019097328186035156
92,9,160,3.2830843925476074,3.2848029136657715,0.0017185211181640625
92,10,160,3.4933371543884277,3.494199752807617,0.0008625984191894531
92,11,160,3.149472713470459,3.149339199066162,-0.000133514404296875
92,12,160,3.3460118770599365,3.343738079071045,-0.0022737979888916016
92,13,160,3.831847906112671,3.8317184448242188,-0.00012946128845214844
92,14,160,3.6373698711395264,3.638958215713501,0.0015883445739746094
92,15,160,3.559828519821167,3.560462474822998,0.0006339550018310547
92,16,160,3.9232115745544434,3.9210307598114014,-0.002180814743041992
92,17,160,3.571119546890259,3.5721778869628906,0.001058340072631836
92,18,160,2.909066677093506,2.909527063369751,0.0004603862762451172
92,19,160,2.5112643241882324,2.512471914291382,0.001207590103149414
93,0,160,3.400447368621826,3.4006314277648926,0.00018405914306640625
93,1,160,3.5397024154663086,3.540472984313965,0.00077056884765625
93,2,160,3.4472615718841553,3.448869466781616,0.0016078948974609375
93,3,160,3.013218641281128,3.012946844100952,-0.00027179718017578125
93,4,160,2.8314590454101562,2.831598997116089,0.0001399517059326172
93,5,160,3.3697822093963623,3.370655059814453,0.0008728504180908203
93,6,160,3.325374126434326,3.3247737884521484,-0.0006003379821777344
93,7,160,3.3482558727264404,3.3493282794952393,0.0010724067687988281
93,8,160,3.0786399841308594,3.0785906314849854,-4.935264587402344e-05
93,9,160,3.2830843925476074,3.2837343215942383,0.0006499290466308594
93,10,160,3.4933371543884277,3.492672920227051,-0.0006642341613769531
93,11,160,3.149472713470459,3.1492772102355957,-0.00019550323486328125
93,12,160,3.3460118770599365,3.3439273834228516,-0.002084493637084961
93,13,160,3.831847906112671,3.8310177326202393,-0.0008301734924316406
93,14,160,3.6373698711395264,3.638051748275757,0.0006818771362304688
93,15,160,3.559828519821167,3.5624120235443115,0.0025835037231445312
93,16,160,3.9232115745544434,3.921971321105957,-0.0012402534484863281
93,17,160,3.571119546890259,3.5704357624053955,-0.0006837844848632812
93,18,160,2.909066677093506,2.9097683429718018,0.0007016658782958984
93,19,160,2.5112643241882324,2.513523578643799,0.0022592544555664062
94,0,160,3.400447368621826,3.401096820831299,0.0006494522094726562
94,1,160,3.5397024154663086,3.539188861846924,-0.0005135536193847656
94,2,160,3.4472615718841553,3.447561502456665,0.0002999305725097656
94,3,160,3.013218641281128,3.014768362045288,0.0015497207641601562
94,4,160,2.8314590454101562,2.832266330718994,0.0008072853088378906
94,5,160,3.3697822093963623,3.371652603149414,0.0018703937530517578
94,6,160,3.325374126434326,3.3259639739990234,0.0005898475646972656
94,7,160,3.3482558727264404,3.3472912311553955,-0.0009646415710449219
94,8,160,3.0786399841308594,3.0798163414001465,0.0011763572692871094
94,9,160,3.2830843925476074,3.2842369079589844,0.0011525154113769531
94,10,160,3.4933371543884277,3.492962121963501,-0.0003750324249267578
94,11,160,3.149472713470459,3.149097442626953,-0.0003752708435058594
94,12,160,3.3460118770599365,3.345414400100708,-0.0005974769592285156
94,13,160,3.831847906112671,3.8306992053985596,-0.0011487007141113281
94,14,160,3.6373698711395264,3.6386213302612305,0.0012514591217041016
94,15,160,3.559828519821167,3.5603837966918945,0.0005552768707275391
94,16,160,3.9232115745544434,3.923823356628418,0.0006117820739746094
94,17,160,3.571119546890259,3.5730772018432617,0.0019576549530029297
94,18,160,2.909066677093506,2.9085981845855713,-0.0004684925079345703
94,19,160,2.5112643241882324,2.510401725769043,-0.0008625984191894531
95,0,160,3.400447368621826,3.401630163192749,0.0011827945709228516
95,1,160,3.5397024154663086,3.540605306625366,0.0009028911590576172
95,2,160,3.4472615718841553,3.449129104614258,0.001867532730102539
95,3,160,3.013218641281128,3.014167070388794,0.0009484291076660156
95,4,160,2.8314590454101562,2.831052780151367,-0.0004062652587890625
95,5,160,3.3697822093963623,3.3716111183166504,0.001828908920288086
95,6,160,3.325374126434326,3.3244471549987793,-0.000926971435546875
95,7,160,3.3482558727264404,3.34810733795166,-0.00014853477478027344
95,8,160,3.0786399841308594,3.0787947177886963,0.00015473365783691406
95,9,160,3.2830843925476074,3.284489393234253,0.0014050006866455078
95,10,160,3.4933371543884277,3.4950907230377197,0.0017535686492919922
95,11,160,3.149472713470459,3.149693012237549,0.00022029876708984375
95,12,160,3.3460118770599365,3.345522403717041,-0.0004894733428955078
95,13,160,3.831847906112671,3.8317372798919678,-0.000110626220703125
95,14,160,3.6373698711395264,3.637721538543701,0.0003516674041748047
95,15,160,3.559828519821167,3.5592424869537354,-0.0005860328674316406
95,16,160,3.9232115745544434,3.923807382583618,0.0005958080291748047
95,17,160,3.571119546890259,3.5689432621002197,-0.0021762847900390625
95,18,160,2.909066677093506,2.9095547199249268,0.00048804283142089844
95,19,160,2.5112643241882324,2.5118117332458496,0.0005474090576171875
96,0,160,3.400447368621826,3.401015281677246,0.0005679130554199219
96,1,160,3.5397024154663086,3.5411899089813232,0.0014874935150146484
96,2,160,3.4472615718841553,3.449152946472168,0.0018913745880126953
96,3,160,3.013218641281128,3.01491117477417,0.0016925334930419922
96,4,160,2.8314590454101562,2.8306915760040283,-0.0007674694061279297
96,5,160,3.3697822093963623,3.372638463973999,0.0028562545776367188
96,6,160,3.325374126434326,3.3279948234558105,0.002620697021484375
96,7,160,3.3482558727264404,3.3508191108703613,0.0025632381439208984
96,8,160,3.0786399841308594,3.081041097640991,0.002401113510131836
96,9,160,3.2830843925476074,3.284165620803833,0.001081228256225586
96,10,160,3.4933371543884277,3.4948198795318604,0.0014827251434326172
96,11,160,3.149472713470459,3.1482796669006348,-0.0011930465698242188
96,12,160,3.3460118770599365,3.344604969024658,-0.0014069080352783203
96,13,160,3.831847906112671,3.833496332168579,0.0016484260559082031
96,14,160,3.6373698711395264,3.6388473510742188,0.0014774799346923828
96,15,160,3.559828519821167,3.5603630542755127,0.0005345344543457031
96,16,160,3.9232115745544434,3.9244062900543213,0.0011947154998779297
96,17,160,3.571119546890259,3.573496103286743,0.002376556396484375
96,18,160,2.909066677093506,2.9097251892089844,0.0006585121154785156
96,19,160,2.5112643241882324,2.5105295181274414,-0.0007348060607910156
97,0,160,3.400447368621826,3.3994321823120117,-0.0010151863098144531
97,1,160,3.5397024154663086,3.5391526222229004,-0.0005497932434082031
97,2,160,3.4472615718841553,3.4496636390686035,0.002402067184448242
97,3,160,3.013218641281128,3.0154013633728027,0.0021827220916748047
97,4,160,2.8314590454101562,2.831986427307129,0.0005273818969726562
97,5,160,3.3697822093963623,3.371147871017456,0.00136566162109375
97,6,160,3.325374126434326,3.325613498687744,0.00023937225341796875
97,7,160,3.3482558727264404,3.3501107692718506,0.0018548965454101562
97,8,160,3.0786399841308594,3.080307722091675,0.0016677379608154297
97,9,160,3.2830843925476074,3.284217596054077,0.0011332035064697266
97,10,160,3.4933371543884277,3.493694543838501,0.0003573894500732422
97,11,160,3.149472713470459,3.1492059230804443,-0.00026679039001464844
97,12,160,3.3460118770599365,3.3448798656463623,-0.0011320114135742188
97,13,160,3.831847906112671,3.833160161972046,0.001312255859375
97,14,160,3.6373698711395264,3.6403720378875732,0.003002166748046875
97,15,160,3.559828519821167,3.5603127479553223,0.00048422813415527344
97,16,160,3.9232115745544434,3.9232518672943115,4.029273986816406e-05
97,17,160,3.571119546890259,3.572706699371338,0.0015871524810791016
97,18,160,2.909066677093506,2.908583164215088,-0.00048351287841796875
97,19,160,2.5112643241882324,2.511129379272461,-0.00013494491577148438
98,0,160,3.400447368621826,3.401710033416748,0.001262664794921875
98,1,160,3.5397024154663086,3.5415244102478027,0.0018219947814941406
98,2,160,3.4472615718841553,3.447833776473999,0.00057220458984375
98,3,160,3.013218641281128,3.0138187408447266,0.0006000995635986328
98,4,160,2.8314590454101562,2.831698179244995,0.0002391338348388672
98,5,160,3.3697822093963623,3.3705413341522217,0.000759124755859375
98,6,160,3.325374126434326,3.3255460262298584,0.00017189979553222656
98,7,160,3.3482558727264404,3.348179817199707,-7.605552673339844e-05
98,8,160,3.0786399841308594,3.076770782470703,-0.00186920166015625
98,9,160,3.2830843925476074,3.2842979431152344,0.0012135505676269531
98,10,160,3.4933371543884277,3.492788314819336,-0.0005488395690917969
98,11,160,3.149472713470459,3.151190996170044,0.001718282699584961
98,12,160,3.3460118770599365,3.345177412033081,-0.0008344650268554688
98,13,160,3.831847906112671,3.8324620723724365,0.000614166259765625
98,14,160,3.6373698711395264,3.640176773071289,0.0028069019317626953
98,15,160,3.559828519821167,3.5602564811706543,0.0004279613494873047
98,16,160,3.9232115745544434,3.9227454662323,-0.0004661083221435547
98,17,160,3.571119546890259,3.5734381675720215,0.0023186206817626953
98,18,160,2.909066677093506,2.911130428314209,0.002063751220703125
98,19,160,2.5112643241882324,2.5115036964416504,0.00023937225341796875
99,0,160,3.400447368621826,3.4013545513153076,0.0009071826934814453
99,1,160,3.5397024154663086,3.54057240486145,0.0008699893951416016
99,2,160,3.4472615718841553,3.4492151737213135,0.001953601837158203
99,3,160,3.013218641281128,3.014683246612549,0.0014646053314208984
99,4,160,2.8314590454101562,2.833221673965454,0.0017626285552978516
99,5,160,3.3697822093963623,3.3711788654327393,0.0013966560363769531
99,6,160,3.325374126434326,3.3260130882263184,0.0006389617919921875
99,7,160,3.3482558727264404,3.3488223552703857,0.0005664825439453125
99,8,160,3.0786399841308594,3.0783658027648926,-0.0002741813659667969
99,9,160,3.2830843925476074,3.2837603092193604,0.0006759166717529297
99,10,160,3.4933371543884277,3.4937994480133057,0.0004622936248779297
99,11,160,3.149472713470459,3.1500113010406494,0.0005385875701904297
99,12,160,3.3460118770599365,3.3447558879852295,-0.0012559890747070312
99,13,160,3.831847906112671,3.832388401031494,0.0005404949188232422
99,14,160,3.6373698711395264,3.6396448612213135,0.0022749900817871094
99,15,160,3.559828519821167,3.5591559410095215,-0.0006725788116455078
99,16,160,3.9232115745544434,3.922687292098999,-0.0005242824554443359
99,17,160,3.571119546890259,3.569585084915161,-0.0015344619750976562
99,18,160,2.909066677093506,2.910727024078369,0.0016603469848632812
99,19,160,2.5112643241882324,2.5116517543792725,0.00038743019104003906
