subset,query,n_removed,baseline_loss,filtered_loss,loss_change
0,0,160,3.4581105709075928,3.457531213760376,-0.0005793571472167969
0,1,160,3.5578880310058594,3.5577566623687744,-0.00013136863708496094
0,2,160,3.5358564853668213,3.5353355407714844,-0.0005209445953369141
0,3,160,3.059311628341675,3.0587399005889893,-0.0005717277526855469
0,4,160,2.8828604221343994,2.8815715312957764,-0.0012888908386230469
0,5,160,3.4513907432556152,3.450960874557495,-0.0004298686981201172
0,6,160,3.3867697715759277,3.385694980621338,-0.0010747909545898438
0,7,160,3.399177312850952,3.3985140323638916,-0.0006632804870605469
0,8,160,3.1336090564727783,3.13200306892395,-0.001605987548828125
0,9,160,3.3452212810516357,3.3450236320495605,-0.0001976490020751953
0,10,160,3.567837715148926,3.566502094268799,-0.0013356208801269531
0,11,160,3.1840686798095703,3.1833512783050537,-0.0007174015045166016
0,12,160,3.380072832107544,3.3795597553253174,-0.0005130767822265625
0,13,160,3.855527400970459,3.854459047317505,-0.0010683536529541016
0,14,160,3.70007061958313,3.699974298477173,-9.632110595703125e-05
0,15,160,3.5749034881591797,3.5738108158111572,-0.001092672348022461
0,16,160,3.990008592605591,3.989609479904175,-0.0003991127014160156
0,17,160,3.735006809234619,3.7357215881347656,0.0007147789001464844
0,18,160,2.9417476654052734,2.9419972896575928,0.00024962425231933594
0,19,160,2.5419487953186035,2.5418834686279297,-6.532669067382812e-05
1,0,160,3.4581105709075928,3.4582698345184326,0.00015926361083984375
1,1,160,3.5578880310058594,3.5576090812683105,-0.0002789497375488281
1,2,160,3.5358564853668213,3.5351836681365967,-0.0006728172302246094
1,3,160,3.059311628341675,3.059070587158203,-0.0002410411834716797
1,4,160,2.8828604221343994,2.8826873302459717,-0.00017309188842773438
1,5,160,3.4513907432556152,3.4514029026031494,1.2159347534179688e-05
1,6,160,3.3867697715759277,3.3861327171325684,-0.000637054443359375
1,7,160,3.399177312850952,3.3998467922210693,0.0006694793701171875
1,8,160,3.1336090564727783,3.1329784393310547,-0.0006306171417236328
1,9,160,3.3452212810516357,3.34504771232605,-0.0001735687255859375
1,10,160,3.567837715148926,3.5676655769348145,-0.00017213821411132812
1,11,160,3.1840686798095703,3.1846184730529785,0.0005497932434082031
1,12,160,3.380072832107544,3.384906530380249,0.004833698272705078
1,13,160,3.855527400970459,3.8559796810150146,0.00045228004455566406
1,14,160,3.70007061958313,3.6998841762542725,-0.00018644332885742188
1,15,160,3.5749034881591797,3.574091911315918,-0.0008115768432617188
1,16,160,3.990008592605591,3.99031138420105,0.0003027915954589844
1,17,160,3.735006809234619,3.7330362796783447,-0.001970529556274414
1,18,160,2.9417476654052734,2.9414939880371094,-0.0002536773681640625
1,19,160,2.5419487953186035,2.542545795440674,0.0005970001220703125
2,0,160,3.4581105709075928,3.4579408168792725,-0.0001697540283203125
2,1,160,3.5578880310058594,3.5563254356384277,-0.0015625953674316406
2,2,160,3.5358564853668213,3.535688638687134,-0.0001678466796875
2,3,160,3.059311628341675,3.0591530799865723,-0.00015854835510253906
2,4,160,2.8828604221343994,2.882633686065674,-0.00022673606872558594
2,5,160,3.4513907432556152,3.4518985748291016,0.0005078315734863281
2,6,160,3.3867697715759277,3.3881378173828125,0.0013680458068847656
2,7,160,3.399177312850952,3.3996083736419678,0.000431060791015625
2,8,160,3.1336090564727783,3.134047031402588,0.0004379749298095703
2,9,160,3.3452212810516357,3.3453221321105957,0.00010085105895996094
2,10,160,3.567837715148926,3.568122148513794,0.00028443336486816406
2,11,160,3.1840686798095703,3.1853890419006348,0.0013203620910644531
2,12,160,3.380072832107544,3.3801915645599365,0.00011873245239257812
2,13,160,3.855527400970459,3.8560686111450195,0.0005412101745605469
2,14,160,3.70007061958313,3.700693368911743,0.0006227493286132812
2,15,160,3.5749034881591797,3.5756874084472656,0.0007839202880859375
2,16,160,3.990008592605591,3.9906234741210938,0.0006148815155029297
2,17,160,3.735006809234619,3.7355916500091553,0.0005848407745361328
2,18,160,2.9417476654052734,2.94269061088562,0.0009429454803466797
2,19,160,2.5419487953186035,2.5413455963134766,-0.0006031990051269531
3,0,160,3.4581105709075928,3.4577243328094482,-0.00038623809814453125
3,1,160,3.5578880310058594,3.5588645935058594,0.0009765625
3,2,160,3.5358564853668213,3.5377323627471924,0.0018758773803710938
3,3,160,3.059311628341675,3.0592901706695557,-2.1457672119140625e-05
3,4,160,2.8828604221343994,2.8830626010894775,0.000202178955078125
3,5,160,3.4513907432556152,3.450273275375366,-0.0011174678802490234
3,6,160,3.3867697715759277,3.3875792026519775,0.0008094310760498047
3,7,160,3.399177312850952,3.4005446434020996,0.001367330551147461
3,8,160,3.1336090564727783,3.1338040828704834,0.00019502639770507812
3,9,160,3.3452212810516357,3.3454220294952393,0.00020074844360351562
3,10,160,3.567837715148926,3.568286657333374,0.0004489421844482422
3,11,160,3.1840686798095703,3.184022903442383,-4.57763671875e-05
3,12,160,3.380072832107544,3.3793087005615234,-0.0007641315460205078
3,13,160,3.855527400970459,3.856343984603882,0.0008165836334228516
3,14,160,3.70007061958313,3.701565980911255,0.001495361328125
3,15,160,3.5749034881591797,3.575599431991577,0.0006959438323974609
3,16,160,3.990008592605591,3.9899485111236572,-6.008148193359375e-05
3,17,160,3.735006809234619,3.733057975769043,-0.0019488334655761719
3,18,160,2.9417476654052734,2.9418258666992188,7.82012939453125e-05
3,19,160,2.5419487953186035,2.541571855545044,-0.0003769397735595703
4,0,160,3.4581105709075928,3.4587841033935547,0.0006735324859619141
4,1,160,3.5578880310058594,3.557504892349243,-0.00038313865661621094
4,2,160,3.5358564853668213,3.535311698913574,-0.0005447864532470703
4,3,160,3.059311628341675,3.059791088104248,0.0004794597625732422
4,4,160,2.8828604221343994,2.881509304046631,-0.0013511180877685547
4,5,160,3.4513907432556152,3.4516983032226562,0.0003075599670410156
4,6,160,3.3867697715759277,3.387176990509033,0.00040721893310546875
4,7,160,3.399177312850952,3.3987510204315186,-0.00042629241943359375
4,8,160,3.1336090564727783,3.1336450576782227,3.600120544433594e-05
4,9,160,3.3452212810516357,3.3452935218811035,7.224082946777344e-05
4,10,160,3.567837715148926,3.5684947967529297,0.0006570816040039062
4,11,160,3.1840686798095703,3.1847901344299316,0.0007214546203613281
4,12,160,3.380072832107544,3.385985851287842,0.0059130191802978516
4,13,160,3.855527400970459,3.856133222579956,0.0006058216094970703
4,14,160,3.70007061958313,3.699796438217163,-0.0002741813659667969
4,15,160,3.5749034881591797,3.575951099395752,0.0010476112365722656
4,16,160,3.990008592605591,3.9901866912841797,0.0001780986785888672
4,17,160,3.735006809234619,3.7339773178100586,-0.0010294914245605469
4,18,160,2.9417476654052734,2.9420456886291504,0.0002980232238769531
4,19,160,2.5419487953186035,2.542255401611328,0.0003066062927246094
5,0,160,3.4581105709075928,3.4591379165649414,0.0010273456573486328
5,1,160,3.5578880310058594,3.5583999156951904,0.0005118846893310547
5,2,160,3.5358564853668213,3.534899950027466,-0.0009565353393554688
5,3,160,3.059311628341675,3.058426856994629,-0.0008847713470458984
5,4,160,2.8828604221343994,2.883878707885742,0.0010182857513427734
5,5,160,3.4513907432556152,3.4506170749664307,-0.0007736682891845703
5,6,160,3.3867697715759277,3.3860111236572266,-0.0007586479187011719
5,7,160,3.399177312850952,3.400031805038452,0.0008544921875
5,8,160,3.1336090564727783,3.134208917617798,0.0005998611450195312
5,9,160,3.3452212810516357,3.3453938961029053,0.00017261505126953125
5,10,160,3.567837715148926,3.567589521408081,-0.00024819374084472656
5,11,160,3.1840686798095703,3.1839218139648438,-0.0001468658447265625
5,12,160,3.380072832107544,3.3791141510009766,-0.0009586811065673828
5,13,160,3.855527400970459,3.855419158935547,-0.00010824203491210938
5,14,160,3.70007061958313,3.700322151184082,0.00025153160095214844
5,15,160,3.5749034881591797,3.575819253921509,0.0009157657623291016
5,16,160,3.990008592605591,3.9911422729492188,0.0011336803436279297
5,17,160,3.735006809234619,3.7354962825775146,0.0004894733428955078
5,18,160,2.9417476654052734,2.9416890144348145,-5.8650970458984375e-05
5,19,160,2.5419487953186035,2.542611837387085,0.0006630420684814453
6,0,160,3.4581105709075928,3.4580159187316895,-9.465217590332031e-05
6,1,160,3.5578880310058594,3.558218240737915,0.00033020973205566406
6,2,160,3.5358564853668213,3.534386157989502,-0.001470327377319336
6,3,160,3.059311628341675,3.059860944747925,0.00054931640625
6,4,160,2.8828604221343994,2.8818368911743164,-0.0010235309600830078
6,5,160,3.4513907432556152,3.4497878551483154,-0.0016028881072998047
6,6,160,3.3867697715759277,3.3853189945220947,-0.0014507770538330078
6,7,160,3.399177312850952,3.397874355316162,-0.001302957534790039
6,8,160,3.1336090564727783,3.132885694503784,-0.0007233619689941406
6,9,160,3.3452212810516357,3.344059944152832,-0.001161336898803711
6,10,160,3.567837715148926,3.5680301189422607,0.00019240379333496094
6,11,160,3.1840686798095703,3.18253231048584,-0.0015363693237304688
6,12,160,3.380072832107544,3.379991292953491,-8.153915405273438e-05
6,13,160,3.855527400970459,3.8566877841949463,0.0011603832244873047
6,14,160,3.70007061958313,3.7011871337890625,0.0011165142059326172
6,15,160,3.5749034881591797,3.5760066509246826,0.0011031627655029297
6,16,160,3.990008592605591,3.9908108711242676,0.0008022785186767578
6,17,160,3.735006809234619,3.735438108444214,0.00043129920959472656
6,18,160,2.9417476654052734,2.941114664077759,-0.0006330013275146484
6,19,160,2.5419487953186035,2.5419154167175293,-3.337860107421875e-05
7,0,160,3.4581105709075928,3.4583418369293213,0.00023126602172851562
7,1,160,3.5578880310058594,3.557802677154541,-8.535385131835938e-05
7,2,160,3.5358564853668213,3.5353307723999023,-0.0005257129669189453
7,3,160,3.059311628341675,3.059725046157837,0.0004134178161621094
7,4,160,2.8828604221343994,2.882624626159668,-0.0002357959747314453
7,5,160,3.4513907432556152,3.4512248039245605,-0.0001659393310546875
7,6,160,3.3867697715759277,3.3872599601745605,0.0004901885986328125
7,7,160,3.399177312850952,3.399078130722046,-9.918212890625e-05
7,8,160,3.1336090564727783,3.1327672004699707,-0.0008418560028076172
7,9,160,3.3452212810516357,3.3458914756774902,0.0006701946258544922
7,10,160,3.567837715148926,3.5673742294311523,-0.0004634857177734375
7,11,160,3.1840686798095703,3.1841824054718018,0.00011372566223144531
7,12,160,3.380072832107544,3.3799777030944824,-9.512901306152344e-05
7,13,160,3.855527400970459,3.856079578399658,0.0005521774291992188
7,14,160,3.70007061958313,3.699549436569214,-0.0005211830139160156
7,15,160,3.5749034881591797,3.5754406452178955,0.0005371570587158203
7,16,160,3.990008592605591,3.989680290222168,-0.00032830238342285156
7,17,160,3.735006809234619,3.7335968017578125,-0.0014100074768066406
7,18,160,2.9417476654052734,2.941277027130127,-0.0004706382751464844
7,19,160,2.5419487953186035,2.5411274433135986,-0.0008213520050048828
8,0,160,3.4581105709075928,3.4581143856048584,3.814697265625e-06
8,1,160,3.5578880310058594,3.556614637374878,-0.0012733936309814453
8,2,160,3.5358564853668213,3.5353598594665527,-0.0004966259002685547
8,3,160,3.059311628341675,3.0612399578094482,0.0019283294677734375
8,4,160,2.8828604221343994,2.8840696811676025,0.001209259033203125
8,5,160,3.4513907432556152,3.4515037536621094,0.00011301040649414062
8,6,160,3.3867697715759277,3.3868296146392822,5.984306335449219e-05
8,7,160,3.399177312850952,3.3994622230529785,0.0002849102020263672
8,8,160,3.1336090564727783,3.1336023807525635,-6.67572021484375e-06
8,9,160,3.3452212810516357,3.345571994781494,0.00035071372985839844
8,10,160,3.567837715148926,3.5674216747283936,-0.00041604042053222656
8,11,160,3.1840686798095703,3.1853764057159424,0.0013077259063720703
8,12,160,3.380072832107544,3.3801136016845703,4.076957702636719e-05
8,13,160,3.855527400970459,3.8554065227508545,-0.00012087821960449219
8,14,160,3.70007061958313,3.700120449066162,4.982948303222656e-05
8,15,160,3.5749034881591797,3.575596332550049,0.0006928443908691406
8,16,160,3.990008592605591,3.989922523498535,-8.606910705566406e-05
8,17,160,3.735006809234619,3.7370965480804443,0.0020897388458251953
8,18,160,2.9417476654052734,2.9398372173309326,-0.0019104480743408203
8,19,160,2.5419487953186035,2.542670249938965,0.0007214546203613281
9,0,160,3.4581105709075928,3.457646369934082,-0.0004642009735107422
9,1,160,3.5578880310058594,3.5565390586853027,-0.0013489723205566406
9,2,160,3.5358564853668213,3.535940647125244,8.416175842285156e-05
9,3,160,3.059311628341675,3.0595510005950928,0.00023937225341796875
9,4,160,2.8828604221343994,2.8823511600494385,-0.0005092620849609375
9,5,160,3.4513907432556152,3.4511473178863525,-0.0002434253692626953
9,6,160,3.3867697715759277,3.385937452316284,-0.0008323192596435547
9,7,160,3.399177312850952,3.3997080326080322,0.0005307197570800781
9,8,160,3.1336090564727783,3.1334762573242188,-0.0001327991485595703
9,9,160,3.3452212810516357,3.346461772918701,0.0012404918670654297
9,10,160,3.567837715148926,3.5687599182128906,0.0009222030639648438
9,11,160,3.1840686798095703,3.1836469173431396,-0.00042176246643066406
9,12,160,3.380072832107544,3.3797855377197266,-0.0002872943878173828
9,13,160,3.855527400970459,3.8547286987304688,-0.0007987022399902344
9,14,160,3.70007061958313,3.6996078491210938,-0.0004627704620361328
9,15,160,3.5749034881591797,3.5748488903045654,-5.459785461425781e-05
9,16,160,3.990008592605591,3.9902596473693848,0.0002510547637939453
9,17,160,3.735006809234619,3.7346432209014893,-0.0003635883331298828
9,18,160,2.9417476654052734,2.9416232109069824,-0.00012445449829101562
9,19,160,2.5419487953186035,2.540281295776367,-0.0016674995422363281
10,0,160,3.4581105709075928,3.4580795764923096,-3.0994415283203125e-05
10,1,160,3.5578880310058594,3.557940721511841,5.269050598144531e-05
10,2,160,3.5358564853668213,3.536414623260498,0.0005581378936767578
10,3,160,3.059311628341675,3.0618937015533447,0.002582073211669922
10,4,160,2.8828604221343994,2.8830313682556152,0.0001709461212158203
10,5,160,3.4513907432556152,3.4512476921081543,-0.0001430511474609375
10,6,160,3.3867697715759277,3.385745048522949,-0.0010247230529785156
10,7,160,3.399177312850952,3.4000213146209717,0.0008440017700195312
10,8,160,3.1336090564727783,3.1329305171966553,-0.0006785392761230469
10,9,160,3.3452212810516357,3.346308708190918,0.0010874271392822266
10,10,160,3.567837715148926,3.568459987640381,0.0006222724914550781
10,11,160,3.1840686798095703,3.183865785598755,-0.0002028942108154297
10,12,160,3.380072832107544,3.379340171813965,-0.0007326602935791016
10,13,160,3.855527400970459,3.856924057006836,0.0013966560363769531
10,14,160,3.70007061958313,3.7002978324890137,0.00022721290588378906
10,15,160,3.5749034881591797,3.5762176513671875,0.0013141632080078125
10,16,160,3.990008592605591,3.98970365524292,-0.00030493736267089844
10,17,160,3.735006809234619,3.7339305877685547,-0.0010762214660644531
10,18,160,2.9417476654052734,2.9422757625579834,0.0005280971527099609
10,19,160,2.5419487953186035,2.542581081390381,0.0006322860717773438
11,0,160,3.4581105709075928,3.4586925506591797,0.0005819797515869141
11,1,160,3.5578880310058594,3.5579872131347656,9.918212890625e-05
11,2,160,3.5358564853668213,3.536835193634033,0.000978708267211914
11,3,160,3.059311628341675,3.058218479156494,-0.001093149185180664
11,4,160,2.8828604221343994,2.882612705230713,-0.00024771690368652344
11,5,160,3.4513907432556152,3.450683116912842,-0.0007076263427734375
11,6,160,3.3867697715759277,3.3864359855651855,-0.0003337860107421875
11,7,160,3.399177312850952,3.399341106414795,0.00016379356384277344
11,8,160,3.1336090564727783,3.134099006652832,0.0004899501800537109
11,9,160,3.3452212810516357,3.344291925430298,-0.0009293556213378906
11,10,160,3.567837715148926,3.567441463470459,-0.0003962516784667969
11,11,160,3.1840686798095703,3.18437123298645,0.0003025531768798828
11,12,160,3.380072832107544,3.379255533218384,-0.0008172988891601562
11,13,160,3.855527400970459,3.8565542697906494,0.0010268688201904297
11,14,160,3.70007061958313,3.6997389793395996,-0.00033164024353027344
11,15,160,3.5749034881591797,3.5744433403015137,-0.0004601478576660156
11,16,160,3.990008592605591,3.9901294708251953,0.00012087821960449219
11,17,160,3.735006809234619,3.7343108654022217,-0.0006959438323974609
11,18,160,2.9417476654052734,2.941761016845703,1.33514404296875e-05
11,19,160,2.5419487953186035,2.541707754135132,-0.0002410411834716797
12,0,160,3.4581105709075928,3.458279848098755,0.00016927719116210938
12,1,160,3.5578880310058594,3.5577235221862793,-0.00016450881958007812
12,2,160,3.5358564853668213,3.53475284576416,-0.0011036396026611328
12,3,160,3.059311628341675,3.0592308044433594,-8.082389831542969e-05
12,4,160,2.8828604221343994,2.882164239883423,-0.0006961822509765625
12,5,160,3.4513907432556152,3.452725410461426,0.0013346672058105469
12,6,160,3.3867697715759277,3.386725425720215,-4.4345855712890625e-05
12,7,160,3.399177312850952,3.3998312950134277,0.0006539821624755859
12,8,160,3.1336090564727783,3.133300542831421,-0.0003085136413574219
12,9,160,3.3452212810516357,3.3440334796905518,-0.0011878013610839844
12,10,160,3.567837715148926,3.5679304599761963,9.274482727050781e-05
12,11,160,3.1840686798095703,3.1838831901550293,-0.00018548965454101562
12,12,160,3.380072832107544,3.3808908462524414,0.0008180141448974609
12,13,160,3.855527400970459,3.8562004566192627,0.0006730556488037109
12,14,160,3.70007061958313,3.701181173324585,0.0011105537414550781
12,15,160,3.5749034881591797,3.5760862827301025,0.0011827945709228516
12,16,160,3.990008592605591,3.9917638301849365,0.0017552375793457031
12,17,160,3.735006809234619,3.734097957611084,-0.0009088516235351562
12,18,160,2.9417476654052734,2.942718029022217,0.0009703636169433594
12,19,160,2.5419487953186035,2.542630910873413,0.0006821155548095703
13,0,160,3.4581105709075928,3.4582455158233643,0.00013494491577148438
13,1,160,3.5578880310058594,3.5571136474609375,-0.000774383544921875
13,2,160,3.5358564853668213,3.5347158908843994,-0.001140594482421875
13,3,160,3.059311628341675,3.0588576793670654,-0.000453948974609375
13,4,160,2.8828604221343994,2.8820724487304688,-0.0007879734039306641
13,5,160,3.4513907432556152,3.451223373413086,-0.00016736984252929688
13,6,160,3.3867697715759277,3.3867461681365967,-2.3603439331054688e-05
13,7,160,3.399177312850952,3.3995392322540283,0.0003619194030761719
13,8,160,3.1336090564727783,3.132676839828491,-0.0009322166442871094
13,9,160,3.3452212810516357,3.3445589542388916,-0.0006623268127441406
13,10,160,3.567837715148926,3.568453311920166,0.0006155967712402344
13,11,160,3.1840686798095703,3.184407949447632,0.00033926963806152344
13,12,160,3.380072832107544,3.3805465698242188,0.0004737377166748047
13,13,160,3.855527400970459,3.8550732135772705,-0.00045418739318847656
13,14,160,3.70007061958313,3.6993770599365234,-0.0006935596466064453
13,15,160,3.5749034881591797,3.5748584270477295,-4.506111145019531e-05
13,16,160,3.990008592605591,3.989769458770752,-0.0002391338348388672
13,17,160,3.735006809234619,3.7361528873443604,0.001146078109741211
13,18,160,2.9417476654052734,2.9416892528533936,-5.841255187988281e-05
13,19,160,2.5419487953186035,2.542382001876831,0.00043320655822753906
14,0,160,3.4581105709075928,3.456775665283203,-0.0013349056243896484
14,1,160,3.5578880310058594,3.55733585357666,-0.0005521774291992188
14,2,160,3.5358564853668213,3.537322998046875,0.001466512680053711
14,3,160,3.059311628341675,3.0629966259002686,0.00368499755859375
14,4,160,2.8828604221343994,2.8845160007476807,0.00165557861328125
14,5,160,3.4513907432556152,3.4533088207244873,0.0019180774688720703
14,6,160,3.3867697715759277,3.388949394226074,0.0021796226501464844
14,7,160,3.399177312850952,3.400695562362671,0.00151824951171875
14,8,160,3.1336090564727783,3.1360905170440674,0.0024814605712890625
14,9,160,3.3452212810516357,3.3467116355895996,0.0014903545379638672
14,10,160,3.567837715148926,3.5716981887817383,0.0038604736328125
14,11,160,3.1840686798095703,3.1849160194396973,0.0008473396301269531
14,12,160,3.380072832107544,3.379929780960083,-0.0001430511474609375
14,13,160,3.855527400970459,3.855344295501709,-0.00018310546875
14,14,160,3.70007061958313,3.701359748840332,0.0012891292572021484
14,15,160,3.5749034881591797,3.5739550590515137,-0.0009484291076660156
14,16,160,3.990008592605591,3.991494655609131,0.001486063003540039
14,17,160,3.735006809234619,3.7338151931762695,-0.0011916160583496094
14,18,160,2.9417476654052734,2.941220283508301,-0.0005273818969726562
14,19,160,2.5419487953186035,2.5416195392608643,-0.0003292560577392578
15,0,160,3.4581105709075928,3.457929849624634,-0.00018072128295898438
15,1,160,3.5578880310058594,3.5571420192718506,-0.0007460117340087891
15,2,160,3.5358564853668213,3.5364134311676025,0.00055694580078125
15,3,160,3.059311628341675,3.0590016841888428,-0.00030994415283203125
15,4,160,2.8828604221343994,2.882829427719116,-3.0994415283203125e-05
15,5,160,3.4513907432556152,3.4519829750061035,0.0005922317504882812
15,6,160,3.3867697715759277,3.387280225753784,0.0005104541778564453
15,7,160,3.399177312850952,3.3999948501586914,0.0008175373077392578
15,8,160,3.1336090564727783,3.1332640647888184,-0.00034499168395996094
15,9,160,3.3452212810516357,3.3453328609466553,0.00011157989501953125
15,10,160,3.567837715148926,3.568358898162842,0.0005211830139160156
15,11,160,3.1840686798095703,3.1835591793060303,-0.0005095005035400391
15,12,160,3.380072832107544,3.379474401473999,-0.0005984306335449219
15,13,160,3.855527400970459,3.855773687362671,0.00024628639221191406
15,14,160,3.70007061958313,3.701319694519043,0.001249074935913086
15,15,160,3.5749034881591797,3.5756444931030273,0.0007410049438476562
15,16,160,3.990008592605591,3.992074728012085,0.0020661354064941406
15,17,160,3.735006809234619,3.7357287406921387,0.0007219314575195312
15,18,160,2.9417476654052734,2.943671226501465,0.0019235610961914062
15,19,160,2.5419487953186035,2.5444366931915283,0.0024878978729248047
16,0,160,3.4581105709075928,3.457028388977051,-0.0010821819305419922
16,1,160,3.5578880310058594,3.5578689575195312,-1.9073486328125e-05
16,2,160,3.5358564853668213,3.5365254878997803,0.0006690025329589844
16,3,160,3.059311628341675,3.058398485183716,-0.0009131431579589844
16,4,160,2.8828604221343994,2.882580518722534,-0.0002799034118652344
16,5,160,3.4513907432556152,3.451031446456909,-0.0003592967987060547
16,6,160,3.3867697715759277,3.386664390563965,-0.00010538101196289062
16,7,160,3.399177312850952,3.399101495742798,-7.581710815429688e-05
16,8,160,3.1336090564727783,3.1333115100860596,-0.00029754638671875
16,9,160,3.3452212810516357,3.3453640937805176,0.00014281272888183594
16,10,160,3.567837715148926,3.5678229331970215,-1.4781951904296875e-05
16,11,160,3.1840686798095703,3.183790445327759,-0.00027823448181152344
16,12,160,3.380072832107544,3.3849401473999023,0.0048673152923583984
16,13,160,3.855527400970459,3.8554999828338623,-2.7418136596679688e-05
16,14,160,3.70007061958313,3.700028896331787,-4.172325134277344e-05
16,15,160,3.5749034881591797,3.576124906539917,0.0012214183807373047
16,16,160,3.990008592605591,3.9899697303771973,-3.886222839355469e-05
16,17,160,3.735006809234619,3.7370738983154297,0.002067089080810547
16,18,160,2.9417476654052734,2.941333770751953,-0.0004138946533203125
16,19,160,2.5419487953186035,2.5417165756225586,-0.00023221969604492188
17,0,160,3.4581105709075928,3.4572319984436035,-0.0008785724639892578
17,1,160,3.5578880310058594,3.558642864227295,0.0007548332214355469
17,2,160,3.5358564853668213,3.5361881256103516,0.00033164024353027344
17,3,160,3.059311628341675,3.0582644939422607,-0.0010471343994140625
17,4,160,2.8828604221343994,2.8838231563568115,0.0009627342224121094
17,5,160,3.4513907432556152,3.452528715133667,0.0011379718780517578
17,6,160,3.3867697715759277,3.3871753215789795,0.0004055500030517578
17,7,160,3.399177312850952,3.3996052742004395,0.0004279613494873047
17,8,160,3.1336090564727783,3.135282278060913,0.0016732215881347656
17,9,160,3.3452212810516357,3.346438407897949,0.0012171268463134766
17,10,160,3.567837715148926,3.568451404571533,0.0006136894226074219
17,11,160,3.1840686798095703,3.183291435241699,-0.0007772445678710938
17,12,160,3.380072832107544,3.38021183013916,0.00013899803161621094
17,13,160,3.855527400970459,3.855423927307129,-0.00010347366333007812
17,14,160,3.70007061958313,3.700021505355835,-4.9114227294921875e-05
17,15,160,3.5749034881591797,3.5744576454162598,-0.0004458427429199219
17,16,160,3.990008592605591,3.989572525024414,-0.0004360675811767578
17,17,160,3.735006809234619,3.736081600189209,0.0010747909545898438
17,18,160,2.9417476654052734,2.942047595977783,0.0002999305725097656
17,19,160,2.5419487953186035,2.542459011077881,0.0005102157592773438
18,0,160,3.4581105709075928,3.4612863063812256,0.0031757354736328125
18,1,160,3.5578880310058594,3.561781883239746,0.0038938522338867188
18,2,160,3.5358564853668213,3.5383360385894775,0.00247955322265625
18,3,160,3.059311628341675,3.0592098236083984,-0.00010180473327636719
18,4,160,2.8828604221343994,2.883417844772339,0.0005574226379394531
18,5,160,3.4513907432556152,3.452813148498535,0.0014224052429199219
18,6,160,3.3867697715759277,3.3870506286621094,0.0002808570861816406
18,7,160,3.399177312850952,3.3992223739624023,4.506111145019531e-05
18,8,160,3.1336090564727783,3.135037899017334,0.001428842544555664
18,9,160,3.3452212810516357,3.345891237258911,0.0006699562072753906
18,10,160,3.567837715148926,3.5686209201812744,0.0007832050323486328
18,11,160,3.1840686798095703,3.1861233711242676,0.0020546913146972656
18,12,160,3.380072832107544,3.381077289581299,0.0010044574737548828
18,13,160,3.855527400970459,3.8567535877227783,0.001226186752319336
18,14,160,3.70007061958313,3.6997852325439453,-0.0002853870391845703
18,15,160,3.5749034881591797,3.5748372077941895,-6.628036499023438e-05
18,16,160,3.990008592605591,3.9907331466674805,0.0007245540618896484
18,17,160,3.735006809234619,3.734006404876709,-0.0010004043579101562
18,18,160,2.9417476654052734,2.9414262771606445,-0.00032138824462890625
18,19,160,2.5419487953186035,2.542543888092041,0.0005950927734375
19,0,160,3.4581105709075928,3.457763195037842,-0.00034737586975097656
19,1,160,3.5578880310058594,3.5576016902923584,-0.00028634071350097656
19,2,160,3.5358564853668213,3.5371057987213135,0.0012493133544921875
19,3,160,3.059311628341675,3.0596368312835693,0.00032520294189453125
19,4,160,2.8828604221343994,2.8821983337402344,-0.0006620883941650391
19,5,160,3.4513907432556152,3.4514310359954834,4.029273986816406e-05
19,6,160,3.3867697715759277,3.386031150817871,-0.0007386207580566406
19,7,160,3.399177312850952,3.3987839221954346,-0.0003933906555175781
19,8,160,3.1336090564727783,3.1335227489471436,-8.630752563476562e-05
19,9,160,3.3452212810516357,3.344886302947998,-0.0003349781036376953
19,10,160,3.567837715148926,3.569321632385254,0.001483917236328125
19,11,160,3.1840686798095703,3.183992624282837,-7.605552673339844e-05
19,12,160,3.380072832107544,3.3787379264831543,-0.0013349056243896484
19,13,160,3.855527400970459,3.856506586074829,0.0009791851043701172
19,14,160,3.70007061958313,3.7002556324005127,0.0001850128173828125
19,15,160,3.5749034881591797,3.5755765438079834,0.0006730556488037109
19,16,160,3.990008592605591,3.989680767059326,-0.00032782554626464844
19,17,160,3.735006809234619,3.7333638668060303,-0.0016429424285888672
19,18,160,2.9417476654052734,2.9423234462738037,0.0005757808685302734
19,19,160,2.5419487953186035,2.541329860687256,-0.0006189346313476562
20,0,160,3.4581105709075928,3.457392692565918,-0.0007178783416748047
20,1,160,3.5578880310058594,3.557408094406128,-0.0004799365997314453
20,2,160,3.5358564853668213,3.535609245300293,-0.0002472400665283203
20,3,160,3.059311628341675,3.0582797527313232,-0.0010318756103515625
20,4,160,2.8828604221343994,2.882615327835083,-0.00024509429931640625
20,5,160,3.4513907432556152,3.4515366554260254,0.00014591217041015625
20,6,160,3.3867697715759277,3.385695457458496,-0.0010743141174316406
20,7,160,3.399177312850952,3.399301052093506,0.00012373924255371094
20,8,160,3.1336090564727783,3.133521318435669,-8.7738037109375e-05
20,9,160,3.3452212810516357,3.3464865684509277,0.0012652873992919922
20,10,160,3.567837715148926,3.566746711730957,-0.00109100341796875
20,11,160,3.1840686798095703,3.1848576068878174,0.0007889270782470703
20,12,160,3.380072832107544,3.381119966506958,0.0010471343994140625
20,13,160,3.855527400970459,3.8559529781341553,0.00042557716369628906
20,14,160,3.70007061958313,3.6992735862731934,-0.0007970333099365234
20,15,160,3.5749034881591797,3.574671983718872,-0.0002315044403076172
20,16,160,3.990008592605591,3.988415241241455,-0.0015933513641357422
20,17,160,3.735006809234619,3.742017984390259,0.0070111751556396484
20,18,160,2.9417476654052734,2.941927433013916,0.00017976760864257812
20,19,160,2.5419487953186035,2.541642904281616,-0.0003058910369873047
21,0,160,3.4581105709075928,3.459364891052246,0.0012543201446533203
21,1,160,3.5578880310058594,3.5577478408813477,-0.00014019012451171875
21,2,160,3.5358564853668213,3.5344955921173096,-0.0013608932495117188
21,3,160,3.059311628341675,3.0587007999420166,-0.0006108283996582031
21,4,160,2.8828604221343994,2.8812813758850098,-0.0015790462493896484
21,5,160,3.4513907432556152,3.449904203414917,-0.0014865398406982422
21,6,160,3.3867697715759277,3.387000799179077,0.00023102760314941406
21,7,160,3.399177312850952,3.3983142375946045,-0.0008630752563476562
21,8,160,3.1336090564727783,3.132885456085205,-0.0007236003875732422
21,9,160,3.3452212810516357,3.3456599712371826,0.000438690185546875
21,10,160,3.567837715148926,3.5674662590026855,-0.0003714561462402344
21,11,160,3.1840686798095703,3.1847598552703857,0.0006911754608154297
21,12,160,3.380072832107544,3.380558967590332,0.00048613548278808594
21,13,160,3.855527400970459,3.8550236225128174,-0.0005037784576416016
21,14,160,3.70007061958313,3.7001113891601562,4.076957702636719e-05
21,15,160,3.5749034881591797,3.574934959411621,3.147125244140625e-05
21,16,160,3.990008592605591,3.9897897243499756,-0.00021886825561523438
21,17,160,3.735006809234619,3.7369754314422607,0.0019686222076416016
21,18,160,2.9417476654052734,2.9423344135284424,0.0005867481231689453
21,19,160,2.5419487953186035,2.542875289916992,0.0009264945983886719
22,0,160,3.4581105709075928,3.4579029083251953,-0.00020766258239746094
22,1,160,3.5578880310058594,3.557088851928711,-0.0007991790771484375
22,2,160,3.5358564853668213,3.5365073680877686,0.0006508827209472656
22,3,160,3.059311628341675,3.058288335800171,-0.0010232925415039062
22,4,160,2.8828604221343994,2.881683111190796,-0.0011773109436035156
22,5,160,3.4513907432556152,3.4524028301239014,0.0010120868682861328
22,6,160,3.3867697715759277,3.3870620727539062,0.0002923011779785156
22,7,160,3.399177312850952,3.398786783218384,-0.0003905296325683594
22,8,160,3.1336090564727783,3.133592128753662,-1.6927719116210938e-05
22,9,160,3.3452212810516357,3.3449883460998535,-0.00023293495178222656
22,10,160,3.567837715148926,3.567570447921753,-0.00026726722717285156
22,11,160,3.1840686798095703,3.1837146282196045,-0.0003540515899658203
22,12,160,3.380072832107544,3.378863573074341,-0.001209259033203125
22,13,160,3.855527400970459,3.854355573654175,-0.0011718273162841797
22,14,160,3.70007061958313,3.699511766433716,-0.0005588531494140625
22,15,160,3.5749034881591797,3.5759544372558594,0.0010509490966796875
22,16,160,3.990008592605591,3.991077184677124,0.0010685920715332031
22,17,160,3.735006809234619,3.734560251235962,-0.00044655799865722656
22,18,160,2.9417476654052734,2.9406468868255615,-0.001100778579711914
22,19,160,2.5419487953186035,2.5398311614990234,-0.002117633819580078
23,0,160,3.4581105709075928,3.4581151008605957,4.5299530029296875e-06
23,1,160,3.5578880310058594,3.558694362640381,0.0008063316345214844
23,2,160,3.5358564853668213,3.535102605819702,-0.0007538795471191406
23,3,160,3.059311628341675,3.0570456981658936,-0.00226593017578125
23,4,160,2.8828604221343994,2.8839850425720215,0.0011246204376220703
23,5,160,3.4513907432556152,3.451383113861084,-7.62939453125e-06
23,6,160,3.3867697715759277,3.385725736618042,-0.0010440349578857422
23,7,160,3.399177312850952,3.4014251232147217,0.0022478103637695312
23,8,160,3.1336090564727783,3.1340389251708984,0.0004298686981201172
23,9,160,3.3452212810516357,3.345560073852539,0.0003387928009033203
23,10,160,3.567837715148926,3.5689659118652344,0.0011281967163085938
23,11,160,3.1840686798095703,3.1835451126098633,-0.0005235671997070312
23,12,160,3.380072832107544,3.3800668716430664,-5.9604644775390625e-06
23,13,160,3.855527400970459,3.8563008308410645,0.0007734298706054688
23,14,160,3.70007061958313,3.700345516204834,0.00027489662170410156
23,15,160,3.5749034881591797,3.5740957260131836,-0.0008077621459960938
23,16,160,3.990008592605591,3.9904048442840576,0.0003962516784667969
23,17,160,3.735006809234619,3.733883857727051,-0.0011229515075683594
23,18,160,2.9417476654052734,2.941004991531372,-0.0007426738739013672
23,19,160,2.5419487953186035,2.543973684310913,0.0020248889923095703
24,0,160,3.4581105709075928,3.4588112831115723,0.0007007122039794922
24,1,160,3.5578880310058594,3.5571792125701904,-0.0007088184356689453
24,2,160,3.5358564853668213,3.536153793334961,0.00029730796813964844
24,3,160,3.059311628341675,3.058739185333252,-0.0005724430084228516
24,4,160,2.8828604221343994,2.882107973098755,-0.0007524490356445312
24,5,160,3.4513907432556152,3.4526963233947754,0.0013055801391601562
24,6,160,3.3867697715759277,3.3866140842437744,-0.0001556873321533203
24,7,160,3.399177312850952,3.3994686603546143,0.0002913475036621094
24,8,160,3.1336090564727783,3.1329562664031982,-0.0006527900695800781
24,9,160,3.3452212810516357,3.345590591430664,0.0003693103790283203
24,10,160,3.567837715148926,3.5674431324005127,-0.00039458274841308594
24,11,160,3.1840686798095703,3.1833364963531494,-0.0007321834564208984
24,12,160,3.380072832107544,3.3804771900177,0.00040435791015625
24,13,160,3.855527400970459,3.85524320602417,-0.0002841949462890625
24,14,160,3.70007061958313,3.700975179672241,0.0009045600891113281
24,15,160,3.5749034881591797,3.5756564140319824,0.0007529258728027344
24,16,160,3.990008592605591,3.9888722896575928,-0.0011363029479980469
24,17,160,3.735006809234619,3.7331995964050293,-0.0018072128295898438
24,18,160,2.9417476654052734,2.941739320755005,-8.344650268554688e-06
24,19,160,2.5419487953186035,2.540794610977173,-0.001154184341430664
25,0,160,3.4581105709075928,3.457352876663208,-0.0007576942443847656
25,1,160,3.5578880310058594,3.557389259338379,-0.0004987716674804688
25,2,160,3.5358564853668213,3.5349249839782715,-0.0009315013885498047
25,3,160,3.059311628341675,3.0602636337280273,0.0009520053863525391
25,4,160,2.8828604221343994,2.88342022895813,0.0005598068237304688
25,5,160,3.4513907432556152,3.4513840675354004,-6.67572021484375e-06
25,6,160,3.3867697715759277,3.3874006271362305,0.0006308555603027344
25,7,160,3.399177312850952,3.3995325565338135,0.0003552436828613281
25,8,160,3.1336090564727783,3.1348989009857178,0.0012898445129394531
25,9,160,3.3452212810516357,3.3452353477478027,1.4066696166992188e-05
25,10,160,3.567837715148926,3.568146228790283,0.0003085136413574219
25,11,160,3.1840686798095703,3.182405471801758,-0.0016632080078125
25,12,160,3.380072832107544,3.3785548210144043,-0.0015180110931396484
25,13,160,3.855527400970459,3.8557701110839844,0.00024271011352539062
25,14,160,3.70007061958313,3.698687791824341,-0.0013828277587890625
25,15,160,3.5749034881591797,3.573101282119751,-0.001802206039428711
25,16,160,3.990008592605591,3.9909679889678955,0.0009593963623046875
25,17,160,3.735006809234619,3.7383995056152344,0.0033926963806152344
25,18,160,2.9417476654052734,2.942317485809326,0.0005698204040527344
25,19,160,2.5419487953186035,2.5417189598083496,-0.00022983551025390625
26,0,160,3.4581105709075928,3.4581642150878906,5.364418029785156e-05
26,1,160,3.5578880310058594,3.557729482650757,-0.00015854835510253906
26,2,160,3.5358564853668213,3.5356781482696533,-0.00017833709716796875
26,3,160,3.059311628341675,3.0599899291992188,0.0006783008575439453
26,4,160,2.8828604221343994,2.88249135017395,-0.00036907196044921875
26,5,160,3.4513907432556152,3.4508416652679443,-0.0005490779876708984
26,6,160,3.3867697715759277,3.3873414993286133,0.0005717277526855469
26,7,160,3.399177312850952,3.398587465286255,-0.0005898475646972656
26,8,160,3.1336090564727783,3.1330299377441406,-0.0005791187286376953
26,9,160,3.3452212810516357,3.346480131149292,0.00125885009765625
26,10,160,3.567837715148926,3.5681138038635254,0.0002760887145996094
26,11,160,3.1840686798095703,3.1831181049346924,-0.0009505748748779297
26,12,160,3.380072832107544,3.380545139312744,0.0004723072052001953
26,13,160,3.855527400970459,3.855304718017578,-0.00022268295288085938
26,14,160,3.70007061958313,3.7009778022766113,0.0009071826934814453
26,15,160,3.5749034881591797,3.5745160579681396,-0.00038743019104003906
26,16,160,3.990008592605591,3.9891037940979004,-0.0009047985076904297
26,17,160,3.735006809234619,3.7350168228149414,1.0013580322265625e-05
26,18,160,2.9417476654052734,2.9422414302825928,0.0004937648773193359
26,19,160,2.5419487953186035,2.540286064147949,-0.0016627311706542969
27,0,160,3.4581105709075928,3.4584896564483643,0.0003790855407714844
27,1,160,3.5578880310058594,3.5583832263946533,0.0004951953887939453
27,2,160,3.5358564853668213,3.5354535579681396,-0.0004029273986816406
27,3,160,3.059311628341675,3.0581717491149902,-0.0011398792266845703
27,4,160,2.8828604221343994,2.8834481239318848,0.0005877017974853516
27,5,160,3.4513907432556152,3.451808214187622,0.00041747093200683594
27,6,160,3.3867697715759277,3.38519549369812,-0.0015742778778076172
27,7,160,3.399177312850952,3.398712158203125,-0.00046515464782714844
27,8,160,3.1336090564727783,3.1345629692077637,0.0009539127349853516
27,9,160,3.3452212810516357,3.344635486602783,-0.0005857944488525391
27,10,160,3.567837715148926,3.568378210067749,0.0005404949188232422
27,11,160,3.1840686798095703,3.1850249767303467,0.0009562969207763672
27,12,160,3.380072832107544,3.379432439804077,-0.0006403923034667969
27,13,160,3.855527400970459,3.855672597885132,0.00014519691467285156
27,14,160,3.70007061958313,3.6996049880981445,-0.00046563148498535156
27,15,160,3.5749034881591797,3.574923276901245,1.9788742065429688e-05
27,16,160,3.990008592605591,3.9889328479766846,-0.00107574462890625
27,17,160,3.735006809234619,3.7352943420410156,0.0002875328063964844
27,18,160,2.9417476654052734,2.941462993621826,-0.0002846717834472656
27,19,160,2.5419487953186035,2.541863203048706,-8.559226989746094e-05
28,0,160,3.4581105709075928,3.4586048126220703,0.0004942417144775391
28,1,160,3.5578880310058594,3.5575122833251953,-0.0003757476806640625
28,2,160,3.5358564853668213,3.535979747772217,0.0001232624053955078
28,3,160,3.059311628341675,3.058711290359497,-0.0006003379821777344
28,4,160,2.8828604221343994,2.8823490142822266,-0.0005114078521728516
28,5,160,3.4513907432556152,3.451902151107788,0.0005114078521728516
28,6,160,3.3867697715759277,3.385969638824463,-0.0008001327514648438
28,7,160,3.399177312850952,3.4002411365509033,0.0010638236999511719
28,8,160,3.1336090564727783,3.13462233543396,0.0010132789611816406
28,9,160,3.3452212810516357,3.347355604171753,0.0021343231201171875
28,10,160,3.567837715148926,3.567723035812378,-0.00011467933654785156
28,11,160,3.1840686798095703,3.1829216480255127,-0.0011470317840576172
28,12,160,3.380072832107544,3.379196882247925,-0.0008759498596191406
28,13,160,3.855527400970459,3.855386734008789,-0.00014066696166992188
28,14,160,3.70007061958313,3.7003936767578125,0.0003230571746826172
28,15,160,3.5749034881591797,3.575784206390381,0.0008807182312011719
28,16,160,3.990008592605591,3.990325927734375,0.0003173351287841797
28,17,160,3.735006809234619,3.7357659339904785,0.000759124755859375
28,18,160,2.9417476654052734,2.940737724304199,-0.0010099411010742188
28,19,160,2.5419487953186035,2.5421948432922363,0.0002460479736328125
29,0,160,3.4581105709075928,3.4571261405944824,-0.0009844303131103516
29,1,160,3.5578880310058594,3.5565645694732666,-0.0013234615325927734
29,2,160,3.5358564853668213,3.535970687866211,0.00011420249938964844
29,3,160,3.059311628341675,3.0582306385040283,-0.0010809898376464844
29,4,160,2.8828604221343994,2.884317636489868,0.00145721435546875
29,5,160,3.4513907432556152,3.449798583984375,-0.0015921592712402344
29,6,160,3.3867697715759277,3.386662483215332,-0.00010728836059570312
29,7,160,3.399177312850952,3.3989853858947754,-0.0001919269561767578
29,8,160,3.1336090564727783,3.1324098110198975,-0.0011992454528808594
29,9,160,3.3452212810516357,3.3452346324920654,1.33514404296875e-05
29,10,160,3.567837715148926,3.5673136711120605,-0.0005240440368652344
29,11,160,3.1840686798095703,3.1828527450561523,-0.0012159347534179688
29,12,160,3.380072832107544,3.3784267902374268,-0.0016460418701171875
29,13,160,3.855527400970459,3.856131076812744,0.0006036758422851562
29,14,160,3.70007061958313,3.6996331214904785,-0.0004374980926513672
29,15,160,3.5749034881591797,3.5741043090820312,-0.0007991790771484375
29,16,160,3.990008592605591,3.990328311920166,0.0003197193145751953
29,17,160,3.735006809234619,3.734914779663086,-9.202957153320312e-05
29,18,160,2.9417476654052734,2.941485643386841,-0.0002620220184326172
29,19,160,2.5419487953186035,2.5425894260406494,0.0006406307220458984
30,0,160,3.4581105709075928,3.4570343494415283,-0.0010762214660644531
30,1,160,3.5578880310058594,3.5570616722106934,-0.0008263587951660156
30,2,160,3.5358564853668213,3.5362703800201416,0.0004138946533203125
30,3,160,3.059311628341675,3.0594589710235596,0.00014734268188476562
30,4,160,2.8828604221343994,2.883810520172119,0.0009500980377197266
30,5,160,3.4513907432556152,3.4519290924072266,0.0005383491516113281
30,6,160,3.3867697715759277,3.387354850769043,0.0005850791931152344
30,7,160,3.399177312850952,3.3990731239318848,-0.00010418891906738281
30,8,160,3.1336090564727783,3.132891893386841,-0.0007171630859375
30,9,160,3.3452212810516357,3.3463828563690186,0.0011615753173828125
30,10,160,3.567837715148926,3.5693321228027344,0.0014944076538085938
30,11,160,3.1840686798095703,3.183109760284424,-0.0009589195251464844
30,12,160,3.380072832107544,3.380305051803589,0.00023221969604492188
30,13,160,3.855527400970459,3.8553779125213623,-0.0001494884490966797
30,14,160,3.70007061958313,3.698981285095215,-0.001089334487915039
30,15,160,3.5749034881591797,3.5749497413635254,4.6253204345703125e-05
30,16,160,3.990008592605591,3.99233341217041,0.002324819564819336
30,17,160,3.735006809234619,3.7354137897491455,0.0004069805145263672
30,18,160,2.9417476654052734,2.9426681995391846,0.0009205341339111328
30,19,160,2.5419487953186035,2.5405547618865967,-0.001394033432006836
31,0,160,3.4581105709075928,3.4588377475738525,0.0007271766662597656
31,1,160,3.5578880310058594,3.5595805644989014,0.0016925334930419922
31,2,160,3.5358564853668213,3.5358080863952637,-4.839897155761719e-05
31,3,160,3.059311628341675,3.060643434524536,0.0013318061828613281
31,4,160,2.8828604221343994,2.8840818405151367,0.0012214183807373047
31,5,160,3.4513907432556152,3.4511332511901855,-0.0002574920654296875
31,6,160,3.3867697715759277,3.387617588043213,0.0008478164672851562
31,7,160,3.399177312850952,3.400242805480957,0.0010654926300048828
31,8,160,3.1336090564727783,3.1340749263763428,0.0004658699035644531
31,9,160,3.3452212810516357,3.3454482555389404,0.0002269744873046875
31,10,160,3.567837715148926,3.5689284801483154,0.0010907649993896484
31,11,160,3.1840686798095703,3.183534860610962,-0.0005338191986083984
31,12,160,3.380072832107544,3.3793234825134277,-0.0007493495941162109
31,13,160,3.855527400970459,3.854912042617798,-0.0006153583526611328
31,14,160,3.70007061958313,3.7006630897521973,0.0005924701690673828
31,15,160,3.5749034881591797,3.574751853942871,-0.00015163421630859375
31,16,160,3.990008592605591,3.9890778064727783,-0.0009307861328125
31,17,160,3.735006809234619,3.734194040298462,-0.0008127689361572266
31,18,160,2.9417476654052734,2.942307949066162,0.0005602836608886719
31,19,160,2.5419487953186035,2.5406267642974854,-0.001322031021118164
32,0,160,3.4581105709075928,3.4593868255615234,0.001276254653930664
32,1,160,3.5578880310058594,3.558730125427246,0.0008420944213867188
32,2,160,3.5358564853668213,3.536796808242798,0.0009403228759765625
32,3,160,3.059311628341675,3.0593268871307373,1.52587890625e-05
32,4,160,2.8828604221343994,2.8833510875701904,0.0004906654357910156
32,5,160,3.4513907432556152,3.4508659839630127,-0.0005247592926025391
32,6,160,3.3867697715759277,3.3864879608154297,-0.0002818107604980469
32,7,160,3.399177312850952,3.3982880115509033,-0.0008893013000488281
32,8,160,3.1336090564727783,3.132038116455078,-0.0015709400177001953
32,9,160,3.3452212810516357,3.3445825576782227,-0.0006387233734130859
32,10,160,3.567837715148926,3.568523645401001,0.0006859302520751953
32,11,160,3.1840686798095703,3.1843101978302,0.0002415180206298828
32,12,160,3.380072832107544,3.3802437782287598,0.0001709461212158203
32,13,160,3.855527400970459,3.8545589447021484,-0.0009684562683105469
32,14,160,3.70007061958313,3.7004027366638184,0.00033211708068847656
32,15,160,3.5749034881591797,3.5757641792297363,0.0008606910705566406
32,16,160,3.990008592605591,3.989362955093384,-0.0006456375122070312
32,17,160,3.735006809234619,3.7354350090026855,0.00042819976806640625
32,18,160,2.9417476654052734,2.941042184829712,-0.0007054805755615234
32,19,160,2.5419487953186035,2.5416576862335205,-0.0002911090850830078
33,0,160,3.4581105709075928,3.4599263668060303,0.0018157958984375
33,1,160,3.5578880310058594,3.55849027633667,0.0006022453308105469
33,2,160,3.5358564853668213,3.5346639156341553,-0.0011925697326660156
33,3,160,3.059311628341675,3.0588414669036865,-0.00047016143798828125
33,4,160,2.8828604221343994,2.8820571899414062,-0.0008032321929931641
33,5,160,3.4513907432556152,3.4506380558013916,-0.0007526874542236328
33,6,160,3.3867697715759277,3.3859007358551025,-0.0008690357208251953
33,7,160,3.399177312850952,3.3992087841033936,3.147125244140625e-05
33,8,160,3.1336090564727783,3.132371425628662,-0.001237630844116211
33,9,160,3.3452212810516357,3.344352960586548,-0.0008683204650878906
33,10,160,3.567837715148926,3.567380428314209,-0.0004572868347167969
33,11,160,3.1840686798095703,3.18387508392334,-0.00019359588623046875
33,12,160,3.380072832107544,3.37880539894104,-0.0012674331665039062
33,13,160,3.855527400970459,3.856586217880249,0.001058816909790039
33,14,160,3.70007061958313,3.699206829071045,-0.0008637905120849609
33,15,160,3.5749034881591797,3.5749599933624268,5.650520324707031e-05
33,16,160,3.990008592605591,3.9903645515441895,0.0003559589385986328
33,17,160,3.735006809234619,3.735323667526245,0.00031685829162597656
33,18,160,2.9417476654052734,2.942488670349121,0.0007410049438476562
33,19,160,2.5419487953186035,2.5410571098327637,-0.0008916854858398438
34,0,160,3.4581105709075928,3.4582152366638184,0.00010466575622558594
34,1,160,3.5578880310058594,3.557572603225708,-0.0003154277801513672
34,2,160,3.5358564853668213,3.535871744155884,1.52587890625e-05
34,3,160,3.059311628341675,3.060149908065796,0.0008382797241210938
34,4,160,2.8828604221343994,2.8824658393859863,-0.00039458274841308594
34,5,160,3.4513907432556152,3.451561212539673,0.0001704692840576172
34,6,160,3.3867697715759277,3.3864848613739014,-0.0002849102020263672
34,7,160,3.399177312850952,3.399751901626587,0.0005745887756347656
34,8,160,3.1336090564727783,3.134138822555542,0.0005297660827636719
34,9,160,3.3452212810516357,3.345039129257202,-0.00018215179443359375
34,10,160,3.567837715148926,3.56820011138916,0.000362396240234375
34,11,160,3.1840686798095703,3.182908296585083,-0.0011603832244873047
34,12,160,3.380072832107544,3.3798704147338867,-0.00020241737365722656
34,13,160,3.855527400970459,3.8552279472351074,-0.0002994537353515625
34,14,160,3.70007061958313,3.701324224472046,0.0012536048889160156
34,15,160,3.5749034881591797,3.573906898498535,-0.0009965896606445312
34,16,160,3.990008592605591,3.989551067352295,-0.00045752525329589844
34,17,160,3.735006809234619,3.7360639572143555,0.0010571479797363281
34,18,160,2.9417476654052734,2.9423563480377197,0.0006086826324462891
34,19,160,2.5419487953186035,2.542640209197998,0.0006914138793945312
35,0,160,3.4581105709075928,3.459043502807617,0.0009329319000244141
35,1,160,3.5578880310058594,3.5576107501983643,-0.0002772808074951172
35,2,160,3.5358564853668213,3.535980224609375,0.00012373924255371094
35,3,160,3.059311628341675,3.0600240230560303,0.0007123947143554688
35,4,160,2.8828604221343994,2.88246488571167,-0.0003955364227294922
35,5,160,3.4513907432556152,3.450719118118286,-0.0006716251373291016
35,6,160,3.3867697715759277,3.386577844619751,-0.0001919269561767578
35,7,160,3.399177312850952,3.399883270263672,0.0007059574127197266
35,8,160,3.1336090564727783,3.134134292602539,0.0005252361297607422
35,9,160,3.3452212810516357,3.345292329788208,7.104873657226562e-05
35,10,160,3.567837715148926,3.568110942840576,0.0002732276916503906
35,11,160,3.1840686798095703,3.184027671813965,-4.100799560546875e-05
35,12,160,3.380072832107544,3.3799691200256348,-0.00010371208190917969
35,13,160,3.855527400970459,3.85666561126709,0.0011382102966308594
35,14,160,3.70007061958313,3.7006096839904785,0.0005390644073486328
35,15,160,3.5749034881591797,3.575960397720337,0.0010569095611572266
35,16,160,3.990008592605591,3.9921278953552246,0.002119302749633789
35,17,160,3.735006809234619,3.7361598014831543,0.0011529922485351562
35,18,160,2.9417476654052734,2.941291332244873,-0.0004563331604003906
35,19,160,2.5419487953186035,2.541604995727539,-0.0003437995910644531
36,0,160,3.4581105709075928,3.4580554962158203,-5.507469177246094e-05
36,1,160,3.5578880310058594,3.558684825897217,0.0007967948913574219
36,2,160,3.5358564853668213,3.5359370708465576,8.058547973632812e-05
36,3,160,3.059311628341675,3.0585029125213623,-0.0008087158203125
36,4,160,2.8828604221343994,2.88285231590271,-8.106231689453125e-06
36,5,160,3.4513907432556152,3.451106548309326,-0.0002841949462890625
36,6,160,3.3867697715759277,3.386570930480957,-0.00019884109497070312
36,7,160,3.399177312850952,3.398413896560669,-0.0007634162902832031
36,8,160,3.1336090564727783,3.1334633827209473,-0.0001456737518310547
36,9,160,3.3452212810516357,3.345351457595825,0.00013017654418945312
36,10,160,3.567837715148926,3.567375659942627,-0.0004620552062988281
36,11,160,3.1840686798095703,3.1846015453338623,0.0005328655242919922
36,12,160,3.380072832107544,3.3797683715820312,-0.0003044605255126953
36,13,160,3.855527400970459,3.856041193008423,0.0005137920379638672
36,14,160,3.70007061958313,3.7000296115875244,-4.100799560546875e-05
36,15,160,3.5749034881591797,3.5760421752929688,0.0011386871337890625
36,16,160,3.990008592605591,3.990436553955078,0.0004279613494873047
36,17,160,3.735006809234619,3.733956813812256,-0.0010499954223632812
36,18,160,2.9417476654052734,2.9413342475891113,-0.0004134178161621094
36,19,160,2.5419487953186035,2.5429880619049072,0.001039266586303711
37,0,160,3.4581105709075928,3.458280324935913,0.0001697540283203125
37,1,160,3.5578880310058594,3.5569801330566406,-0.00090789794921875
37,2,160,3.5358564853668213,3.535759687423706,-9.679794311523438e-05
37,3,160,3.059311628341675,3.0606138706207275,0.0013022422790527344
37,4,160,2.8828604221343994,2.8836021423339844,0.0007417201995849609
37,5,160,3.4513907432556152,3.4503519535064697,-0.0010387897491455078
37,6,160,3.3867697715759277,3.3863024711608887,-0.0004673004150390625
37,7,160,3.399177312850952,3.399052381515503,-0.00012493133544921875
37,8,160,3.1336090564727783,3.1332857608795166,-0.00032329559326171875
37,9,160,3.3452212810516357,3.3455522060394287,0.00033092498779296875
37,10,160,3.567837715148926,3.568070650100708,0.00023293495178222656
37,11,160,3.1840686798095703,3.183803081512451,-0.0002655982971191406
37,12,160,3.380072832107544,3.379861354827881,-0.00021147727966308594
37,13,160,3.855527400970459,3.8550186157226562,-0.0005087852478027344
37,14,160,3.70007061958313,3.7005300521850586,0.00045943260192871094
37,15,160,3.5749034881591797,3.5756266117095947,0.0007231235504150391
37,16,160,3.990008592605591,3.989488124847412,-0.0005204677581787109
37,17,160,3.735006809234619,3.734264373779297,-0.0007424354553222656
37,18,160,2.9417476654052734,2.9412248134613037,-0.0005228519439697266
37,19,160,2.5419487953186035,2.5420613288879395,0.0001125335693359375
38,0,160,3.4581105709075928,3.4589805603027344,0.0008699893951416016
38,1,160,3.5578880310058594,3.5593552589416504,0.0014672279357910156
38,2,160,3.5358564853668213,3.5387074947357178,0.0028510093688964844
38,3,160,3.059311628341675,3.0608625411987305,0.001550912857055664
38,4,160,2.8828604221343994,2.8849148750305176,0.002054452896118164
38,5,160,3.4513907432556152,3.4530138969421387,0.0016231536865234375
38,6,160,3.3867697715759277,3.3910505771636963,0.004280805587768555
38,7,160,3.399177312850952,3.4018709659576416,0.002693653106689453
38,8,160,3.1336090564727783,3.134411096572876,0.0008020401000976562
38,9,160,3.3452212810516357,3.3470890522003174,0.0018677711486816406
38,10,160,3.567837715148926,3.570847272872925,0.0030095577239990234
38,11,160,3.1840686798095703,3.186708927154541,0.002640247344970703
38,12,160,3.380072832107544,3.3910579681396484,0.010985136032104492
38,13,160,3.855527400970459,3.854201078414917,-0.0013263225555419922
38,14,160,3.70007061958313,3.7001795768737793,0.00010895729064941406
38,15,160,3.5749034881591797,3.57481050491333,-9.298324584960938e-05
38,16,160,3.990008592605591,3.991898775100708,0.0018901824951171875
38,17,160,3.735006809234619,3.735771894454956,0.0007650852203369141
38,18,160,2.9417476654052734,2.94199538230896,0.00024771690368652344
38,19,160,2.5419487953186035,2.542283535003662,0.00033473968505859375
39,0,160,3.4581105709075928,3.458188772201538,7.82012939453125e-05
39,1,160,3.5578880310058594,3.5588879585266113,0.0009999275207519531
39,2,160,3.5358564853668213,3.537356376647949,0.0014998912811279297
39,3,160,3.059311628341675,3.0597474575042725,0.00043582916259765625
39,4,160,2.8828604221343994,2.8836300373077393,0.0007696151733398438
39,5,160,3.4513907432556152,3.452975273132324,0.0015845298767089844
39,6,160,3.3867697715759277,3.3881921768188477,0.0014224052429199219
39,7,160,3.399177312850952,3.3997762203216553,0.000598907470703125
39,8,160,3.1336090564727783,3.133845090866089,0.00023603439331054688
39,9,160,3.3452212810516357,3.3465943336486816,0.0013730525970458984
39,10,160,3.567837715148926,3.5678012371063232,-3.647804260253906e-05
39,11,160,3.1840686798095703,3.1843605041503906,0.0002918243408203125
39,12,160,3.380072832107544,3.37994647026062,-0.00012636184692382812
39,13,160,3.855527400970459,3.855487585067749,-3.981590270996094e-05
39,14,160,3.70007061958313,3.700082540512085,1.1920928955078125e-05
39,15,160,3.5749034881591797,3.5756120681762695,0.0007085800170898438
39,16,160,3.990008592605591,3.989049196243286,-0.0009593963623046875
39,17,160,3.735006809234619,3.7340970039367676,-0.0009098052978515625
39,18,160,2.9417476654052734,2.940764904022217,-0.0009827613830566406
39,19,160,2.5419487953186035,2.541447401046753,-0.0005013942718505859
40,0,160,3.4581105709075928,3.457562208175659,-0.0005483627319335938
40,1,160,3.5578880310058594,3.5573291778564453,-0.0005588531494140625
40,2,160,3.5358564853668213,3.534996509552002,-0.0008599758148193359
40,3,160,3.059311628341675,3.058494806289673,-0.0008168220520019531
40,4,160,2.8828604221343994,2.8838486671447754,0.0009882450103759766
40,5,160,3.4513907432556152,3.4523231983184814,0.0009324550628662109
40,6,160,3.3867697715759277,3.3853347301483154,-0.0014350414276123047
40,7,160,3.399177312850952,3.3988542556762695,-0.0003230571746826172
40,8,160,3.1336090564727783,3.1338324546813965,0.00022339820861816406
40,9,160,3.3452212810516357,3.3437421321868896,-0.0014791488647460938
40,10,160,3.567837715148926,3.5670270919799805,-0.0008106231689453125
40,11,160,3.1840686798095703,3.1861345767974854,0.002065896987915039
40,12,160,3.380072832107544,3.3842241764068604,0.004151344299316406
40,13,160,3.855527400970459,3.855006456375122,-0.0005209445953369141
40,14,160,3.70007061958313,3.701291084289551,0.0012204647064208984
40,15,160,3.5749034881591797,3.574836254119873,-6.723403930664062e-05
40,16,160,3.990008592605591,3.988878011703491,-0.0011305809020996094
40,17,160,3.735006809234619,3.735609769821167,0.0006029605865478516
40,18,160,2.9417476654052734,2.941559076309204,-0.00018858909606933594
40,19,160,2.5419487953186035,2.541965961456299,1.71661376953125e-05
41,0,160,3.4581105709075928,3.459007501602173,0.0008969306945800781
41,1,160,3.5578880310058594,3.5574591159820557,-0.00042891502380371094
41,2,160,3.5358564853668213,3.536461353302002,0.0006048679351806641
41,3,160,3.059311628341675,3.05810284614563,-0.0012087821960449219
41,4,160,2.8828604221343994,2.882171869277954,-0.0006885528564453125
41,5,160,3.4513907432556152,3.4500176906585693,-0.0013730525970458984
41,6,160,3.3867697715759277,3.3847451210021973,-0.0020246505737304688
41,7,160,3.399177312850952,3.398752450942993,-0.0004248619079589844
41,8,160,3.1336090564727783,3.1324100494384766,-0.0011990070343017578
41,9,160,3.3452212810516357,3.344723701477051,-0.0004975795745849609
41,10,160,3.567837715148926,3.566143035888672,-0.0016946792602539062
41,11,160,3.1840686798095703,3.1841468811035156,7.82012939453125e-05
41,12,160,3.380072832107544,3.380371570587158,0.0002987384796142578
41,13,160,3.855527400970459,3.855412244796753,-0.00011515617370605469
41,14,160,3.70007061958313,3.6996302604675293,-0.00044035911560058594
41,15,160,3.5749034881591797,3.5743534564971924,-0.0005500316619873047
41,16,160,3.990008592605591,3.9898841381073,-0.00012445449829101562
41,17,160,3.735006809234619,3.733832836151123,-0.0011739730834960938
41,18,160,2.9417476654052734,2.9414756298065186,-0.0002720355987548828
41,19,160,2.5419487953186035,2.5416860580444336,-0.0002627372741699219
42,0,160,3.4581105709075928,3.45807147026062,-3.910064697265625e-05
42,1,160,3.5578880310058594,3.557342052459717,-0.0005459785461425781
42,2,160,3.5358564853668213,3.538053274154663,0.002196788787841797
42,3,160,3.059311628341675,3.0613603591918945,0.0020487308502197266
42,4,160,2.8828604221343994,2.8836982250213623,0.0008378028869628906
42,5,160,3.4513907432556152,3.453361749649048,0.001971006393432617
42,6,160,3.3867697715759277,3.3898463249206543,0.0030765533447265625
42,7,160,3.399177312850952,3.401865005493164,0.002687692642211914
42,8,160,3.1336090564727783,3.1345911026000977,0.000982046127319336
42,9,160,3.3452212810516357,3.347341299057007,0.0021200180053710938
42,10,160,3.567837715148926,3.571542739868164,0.0037050247192382812
42,11,160,3.1840686798095703,3.1845691204071045,0.0005004405975341797
42,12,160,3.380072832107544,3.380298137664795,0.00022530555725097656
42,13,160,3.855527400970459,3.8566246032714844,0.0010972023010253906
42,14,160,3.70007061958313,3.6994948387145996,-0.0005757808685302734
42,15,160,3.5749034881591797,3.5758955478668213,0.0009920597076416016
42,16,160,3.990008592605591,3.990781784057617,0.0007731914520263672
42,17,160,3.735006809234619,3.734225273132324,-0.0007815361022949219
42,18,160,2.9417476654052734,2.9409546852111816,-0.0007929801940917969
42,19,160,2.5419487953186035,2.5414862632751465,-0.00046253204345703125
43,0,160,3.4581105709075928,3.4589006900787354,0.0007901191711425781
43,1,160,3.5578880310058594,3.5574095249176025,-0.00047850608825683594
43,2,160,3.5358564853668213,3.5356802940368652,-0.0001761913299560547
43,3,160,3.059311628341675,3.0591654777526855,-0.0001461505889892578
43,4,160,2.8828604221343994,2.8830416202545166,0.0001811981201171875
43,5,160,3.4513907432556152,3.4519782066345215,0.00058746337890625
43,6,160,3.3867697715759277,3.3864963054656982,-0.0002734661102294922
43,7,160,3.399177312850952,3.398822069168091,-0.0003552436828613281
43,8,160,3.1336090564727783,3.1322100162506104,-0.0013990402221679688
43,9,160,3.3452212810516357,3.3444530963897705,-0.0007681846618652344
43,10,160,3.567837715148926,3.5679001808166504,6.246566772460938e-05
43,11,160,3.1840686798095703,3.1845216751098633,0.00045299530029296875
43,12,160,3.380072832107544,3.379221200942993,-0.0008516311645507812
43,13,160,3.855527400970459,3.8571765422821045,0.0016491413116455078
43,14,160,3.70007061958313,3.7004480361938477,0.00037741661071777344
43,15,160,3.5749034881591797,3.5744946002960205,-0.0004088878631591797
43,16,160,3.990008592605591,3.989969491958618,-3.910064697265625e-05
43,17,160,3.735006809234619,3.7364113330841064,0.0014045238494873047
43,18,160,2.9417476654052734,2.942988634109497,0.0012409687042236328
43,19,160,2.5419487953186035,2.54177188873291,-0.00017690658569335938
44,0,160,3.4581105709075928,3.45780611038208,-0.0003044605255126953
44,1,160,3.5578880310058594,3.5576233863830566,-0.0002646446228027344
44,2,160,3.5358564853668213,3.5368564128875732,0.0009999275207519531
44,3,160,3.059311628341675,3.059847354888916,0.0005357265472412109
44,4,160,2.8828604221343994,2.8816182613372803,-0.0012421607971191406
44,5,160,3.4513907432556152,3.4538187980651855,0.0024280548095703125
44,6,160,3.3867697715759277,3.3864688873291016,-0.0003008842468261719
44,7,160,3.399177312850952,3.3976776599884033,-0.0014996528625488281
44,8,160,3.1336090564727783,3.133681058883667,7.200241088867188e-05
44,9,160,3.3452212810516357,3.3455123901367188,0.0002911090850830078
44,10,160,3.567837715148926,3.5688083171844482,0.0009706020355224609
44,11,160,3.1840686798095703,3.1837351322174072,-0.00033354759216308594
44,12,160,3.380072832107544,3.3801629543304443,9.012222290039062e-05
44,13,160,3.855527400970459,3.8568484783172607,0.0013210773468017578
44,14,160,3.70007061958313,3.699204444885254,-0.0008661746978759766
44,15,160,3.5749034881591797,3.5750882625579834,0.00018477439880371094
44,16,160,3.990008592605591,3.9909329414367676,0.0009243488311767578
44,17,160,3.735006809234619,3.7361061573028564,0.0010993480682373047
44,18,160,2.9417476654052734,2.941983938217163,0.00023627281188964844
44,19,160,2.5419487953186035,2.540968656539917,-0.0009801387786865234
45,0,160,3.4581105709075928,3.4575324058532715,-0.0005781650543212891
45,1,160,3.5578880310058594,3.5566470623016357,-0.0012409687042236328
45,2,160,3.5358564853668213,3.535853624343872,-2.86102294921875e-06
45,3,160,3.059311628341675,3.0590097904205322,-0.0003018379211425781
45,4,160,2.8828604221343994,2.883772611618042,0.0009121894836425781
45,5,160,3.4513907432556152,3.4510655403137207,-0.00032520294189453125
45,6,160,3.3867697715759277,3.3876090049743652,0.0008392333984375
45,7,160,3.399177312850952,3.3997883796691895,0.0006110668182373047
45,8,160,3.1336090564727783,3.1337873935699463,0.00017833709716796875
45,9,160,3.3452212810516357,3.3455562591552734,0.0003349781036376953
45,10,160,3.567837715148926,3.5676698684692383,-0.0001678466796875
45,11,160,3.1840686798095703,3.183480978012085,-0.0005877017974853516
45,12,160,3.380072832107544,3.379822254180908,-0.0002505779266357422
45,13,160,3.855527400970459,3.8560314178466797,0.0005040168762207031
45,14,160,3.70007061958313,3.7007596492767334,0.0006890296936035156
45,15,160,3.5749034881591797,3.5745627880096436,-0.0003407001495361328
45,16,160,3.990008592605591,3.9901089668273926,0.00010037422180175781
45,17,160,3.735006809234619,3.7335257530212402,-0.0014810562133789062
45,18,160,2.9417476654052734,2.9412901401519775,-0.00045752525329589844
45,19,160,2.5419487953186035,2.5408647060394287,-0.0010840892791748047
46,0,160,3.4581105709075928,3.4592552185058594,0.0011446475982666016
46,1,160,3.5578880310058594,3.5567750930786133,-0.0011129379272460938
46,2,160,3.5358564853668213,3.535860776901245,4.291534423828125e-06
46,3,160,3.059311628341675,3.058767080307007,-0.0005445480346679688
46,4,160,2.8828604221343994,2.8838582038879395,0.000997781753540039
46,5,160,3.4513907432556152,3.4518563747406006,0.00046563148498535156
46,6,160,3.3867697715759277,3.387728691101074,0.0009589195251464844
46,7,160,3.399177312850952,3.399991750717163,0.0008144378662109375
46,8,160,3.1336090564727783,3.1343371868133545,0.0007281303405761719
46,9,160,3.3452212810516357,3.3461837768554688,0.0009624958038330078
46,10,160,3.567837715148926,3.56669020652771,-0.0011475086212158203
46,11,160,3.1840686798095703,3.1832730770111084,-0.0007956027984619141
46,12,160,3.380072832107544,3.3799421787261963,-0.00013065338134765625
46,13,160,3.855527400970459,3.856604814529419,0.001077413558959961
46,14,160,3.70007061958313,3.700817823410034,0.0007472038269042969
46,15,160,3.5749034881591797,3.5755536556243896,0.0006501674652099609
46,16,160,3.990008592605591,3.992241382598877,0.002232789993286133
46,17,160,3.735006809234619,3.7351512908935547,0.00014448165893554688
46,18,160,2.9417476654052734,2.941572666168213,-0.00017499923706054688
46,19,160,2.5419487953186035,2.5410385131835938,-0.0009102821350097656
47,0,160,3.4581105709075928,3.4585185050964355,0.00040793418884277344
47,1,160,3.5578880310058594,3.5576059818267822,-0.00028204917907714844
47,2,160,3.5358564853668213,3.5368313789367676,0.0009748935699462891
47,3,160,3.059311628341675,3.0585834980010986,-0.0007281303405761719
47,4,160,2.8828604221343994,2.8830041885375977,0.0001437664031982422
47,5,160,3.4513907432556152,3.448864459991455,-0.0025262832641601562
47,6,160,3.3867697715759277,3.386643648147583,-0.00012612342834472656
47,7,160,3.399177312850952,3.3975398540496826,-0.0016374588012695312
47,8,160,3.1336090564727783,3.1339056491851807,0.00029659271240234375
47,9,160,3.3452212810516357,3.3441977500915527,-0.0010235309600830078
47,10,160,3.567837715148926,3.566967010498047,-0.0008707046508789062
47,11,160,3.1840686798095703,3.1842520236968994,0.00018334388732910156
47,12,160,3.380072832107544,3.3810126781463623,0.0009398460388183594
47,13,160,3.855527400970459,3.8565590381622314,0.001031637191772461
47,14,160,3.70007061958313,3.6992173194885254,-0.0008533000946044922
47,15,160,3.5749034881591797,3.5764780044555664,0.0015745162963867188
47,16,160,3.990008592605591,3.990628242492676,0.0006196498870849609
47,17,160,3.735006809234619,3.7361841201782227,0.0011773109436035156
47,18,160,2.9417476654052734,2.9428110122680664,0.0010633468627929688
47,19,160,2.5419487953186035,2.542839765548706,0.0008909702301025391
48,0,160,3.4581105709075928,3.4582126140594482,0.00010204315185546875
48,1,160,3.5578880310058594,3.5583014488220215,0.0004134178161621094
48,2,160,3.5358564853668213,3.5353195667266846,-0.0005369186401367188
48,3,160,3.059311628341675,3.059283494949341,-2.8133392333984375e-05
48,4,160,2.8828604221343994,2.883145809173584,0.0002853870391845703
48,5,160,3.4513907432556152,3.450366258621216,-0.001024484634399414
48,6,160,3.3867697715759277,3.3858907222747803,-0.0008790493011474609
48,7,160,3.399177312850952,3.3983371257781982,-0.0008401870727539062
48,8,160,3.1336090564727783,3.133359909057617,-0.0002491474151611328
48,9,160,3.3452212810516357,3.3440210819244385,-0.0012001991271972656
48,10,160,3.567837715148926,3.5675647258758545,-0.00027298927307128906
48,11,160,3.1840686798095703,3.1837007999420166,-0.00036787986755371094
48,12,160,3.380072832107544,3.379408597946167,-0.0006642341613769531
48,13,160,3.855527400970459,3.856428623199463,0.0009012222290039062
48,14,160,3.70007061958313,3.699241876602173,-0.0008287429809570312
48,15,160,3.5749034881591797,3.574951171875,4.76837158203125e-05
48,16,160,3.990008592605591,3.9889466762542725,-0.0010619163513183594
48,17,160,3.735006809234619,3.735050916671753,4.410743713378906e-05
48,18,160,2.9417476654052734,2.941645622253418,-0.00010204315185546875
48,19,160,2.5419487953186035,2.5415403842926025,-0.00040841102600097656
49,0,160,3.4581105709075928,3.4583516120910645,0.0002410411834716797
49,1,160,3.5578880310058594,3.5589442253112793,0.0010561943054199219
49,2,160,3.5358564853668213,3.535935401916504,7.891654968261719e-05
49,3,160,3.059311628341675,3.0605711936950684,0.0012595653533935547
49,4,160,2.8828604221343994,2.8844265937805176,0.001566171646118164
49,5,160,3.4513907432556152,3.452599048614502,0.0012083053588867188
49,6,160,3.3867697715759277,3.3888931274414062,0.0021233558654785156
49,7,160,3.399177312850952,3.399500608444214,0.00032329559326171875
49,8,160,3.1336090564727783,3.135277271270752,0.0016682147979736328
49,9,160,3.3452212810516357,3.3455440998077393,0.0003228187561035156
49,10,160,3.567837715148926,3.5685372352600098,0.0006995201110839844
49,11,160,3.1840686798095703,3.185091495513916,0.0010228157043457031
49,12,160,3.380072832107544,3.3798704147338867,-0.00020241737365722656
49,13,160,3.855527400970459,3.855459213256836,-6.818771362304688e-05
49,14,160,3.70007061958313,3.701413154602051,0.0013425350189208984
49,15,160,3.5749034881591797,3.5749332904815674,2.9802322387695312e-05
49,16,160,3.990008592605591,3.990532159805298,0.0005235671997070312
49,17,160,3.735006809234619,3.733882427215576,-0.0011243820190429688
49,18,160,2.9417476654052734,2.9425036907196045,0.0007560253143310547
49,19,160,2.5419487953186035,2.540818452835083,-0.0011303424835205078
50,0,160,3.4581105709075928,3.4568488597869873,-0.0012617111206054688
50,1,160,3.5578880310058594,3.5583062171936035,0.0004181861877441406
50,2,160,3.5358564853668213,3.5364599227905273,0.0006034374237060547
50,3,160,3.059311628341675,3.0588676929473877,-0.0004439353942871094
50,4,160,2.8828604221343994,2.8825018405914307,-0.00035858154296875
50,5,160,3.4513907432556152,3.451458692550659,6.794929504394531e-05
50,6,160,3.3867697715759277,3.38702130317688,0.00025153160095214844
50,7,160,3.399177312850952,3.3992769718170166,9.965896606445312e-05
50,8,160,3.1336090564727783,3.1342697143554688,0.0006606578826904297
50,9,160,3.3452212810516357,3.344696283340454,-0.0005249977111816406
50,10,160,3.567837715148926,3.5681955814361572,0.0003578662872314453
50,11,160,3.1840686798095703,3.1827118396759033,-0.0013568401336669922
50,12,160,3.380072832107544,3.3801321983337402,5.936622619628906e-05
50,13,160,3.855527400970459,3.854449987411499,-0.001077413558959961
50,14,160,3.70007061958313,3.7001113891601562,4.076957702636719e-05
50,15,160,3.5749034881591797,3.5749154090881348,1.1920928955078125e-05
50,16,160,3.990008592605591,3.9899256229400635,-8.296966552734375e-05
50,17,160,3.735006809234619,3.734849452972412,-0.00015735626220703125
50,18,160,2.9417476654052734,2.9416346549987793,-0.00011301040649414062
50,19,160,2.5419487953186035,2.5395126342773438,-0.0024361610412597656
51,0,160,3.4581105709075928,3.456800699234009,-0.0013098716735839844
51,1,160,3.5578880310058594,3.556950807571411,-0.0009372234344482422
51,2,160,3.5358564853668213,3.535217761993408,-0.0006387233734130859
51,3,160,3.059311628341675,3.0595974922180176,0.00028586387634277344
51,4,160,2.8828604221343994,2.8824942111968994,-0.0003662109375
51,5,160,3.4513907432556152,3.4508941173553467,-0.0004966259002685547
51,6,160,3.3867697715759277,3.386773109436035,3.337860107421875e-06
51,7,160,3.399177312850952,3.3988876342773438,-0.00028967857360839844
51,8,160,3.1336090564727783,3.1327412128448486,-0.0008678436279296875
51,9,160,3.3452212810516357,3.3443353176116943,-0.0008859634399414062
51,10,160,3.567837715148926,3.566972494125366,-0.0008652210235595703
51,11,160,3.1840686798095703,3.182790756225586,-0.001277923583984375
51,12,160,3.380072832107544,3.3795828819274902,-0.0004899501800537109
51,13,160,3.855527400970459,3.8558194637298584,0.00029206275939941406
51,14,160,3.70007061958313,3.7006497383117676,0.0005791187286376953
51,15,160,3.5749034881591797,3.5757713317871094,0.0008678436279296875
51,16,160,3.990008592605591,3.9897570610046387,-0.00025153160095214844
51,17,160,3.735006809234619,3.7345399856567383,-0.0004668235778808594
51,18,160,2.9417476654052734,2.9407598972320557,-0.0009877681732177734
51,19,160,2.5419487953186035,2.541433811187744,-0.000514984130859375
52,0,160,3.4581105709075928,3.4581844806671143,7.390975952148438e-05
52,1,160,3.5578880310058594,3.556821823120117,-0.0010662078857421875
52,2,160,3.5358564853668213,3.5357069969177246,-0.0001494884490966797
52,3,160,3.059311628341675,3.058915615081787,-0.0003960132598876953
52,4,160,2.8828604221343994,2.8826332092285156,-0.00022721290588378906
52,5,160,3.4513907432556152,3.4521238803863525,0.0007331371307373047
52,6,160,3.3867697715759277,3.3873348236083984,0.0005650520324707031
52,7,160,3.399177312850952,3.398552417755127,-0.0006248950958251953
52,8,160,3.1336090564727783,3.133012056350708,-0.0005970001220703125
52,9,160,3.3452212810516357,3.3469483852386475,0.0017271041870117188
52,10,160,3.567837715148926,3.5676209926605225,-0.0002167224884033203
52,11,160,3.1840686798095703,3.1838672161102295,-0.0002014636993408203
52,12,160,3.380072832107544,3.3820016384124756,0.0019288063049316406
52,13,160,3.855527400970459,3.8548877239227295,-0.0006396770477294922
52,14,160,3.70007061958313,3.6994800567626953,-0.0005905628204345703
52,15,160,3.5749034881591797,3.5755887031555176,0.0006852149963378906
52,16,160,3.990008592605591,3.9910643100738525,0.0010557174682617188
52,17,160,3.735006809234619,3.7343878746032715,-0.0006189346313476562
52,18,160,2.9417476654052734,2.9413564205169678,-0.00039124488830566406
52,19,160,2.5419487953186035,2.5421512126922607,0.00020241737365722656
53,0,160,3.4581105709075928,3.45822811126709,0.00011754035949707031
53,1,160,3.5578880310058594,3.557915687561035,2.765655517578125e-05
53,2,160,3.5358564853668213,3.534942865371704,-0.0009136199951171875
53,3,160,3.059311628341675,3.0592041015625,-0.00010752677917480469
53,4,160,2.8828604221343994,2.8825929164886475,-0.0002675056457519531
53,5,160,3.4513907432556152,3.450146436691284,-0.0012443065643310547
53,6,160,3.3867697715759277,3.3863637447357178,-0.00040602684020996094
53,7,160,3.399177312850952,3.399639844894409,0.00046253204345703125
53,8,160,3.1336090564727783,3.132495164871216,-0.0011138916015625
53,9,160,3.3452212810516357,3.3442928791046143,-0.0009284019470214844
53,10,160,3.567837715148926,3.567476749420166,-0.0003609657287597656
53,11,160,3.1840686798095703,3.1843514442443848,0.0002827644348144531
53,12,160,3.380072832107544,3.378702402114868,-0.0013704299926757812
53,13,160,3.855527400970459,3.855356216430664,-0.00017118453979492188
53,14,160,3.70007061958313,3.6989586353302,-0.0011119842529296875
53,15,160,3.5749034881591797,3.574925661087036,2.2172927856445312e-05
53,16,160,3.990008592605591,3.9914212226867676,0.0014126300811767578
53,17,160,3.735006809234619,3.735506057739258,0.0004992485046386719
53,18,160,2.9417476654052734,2.940816879272461,-0.0009307861328125
53,19,160,2.5419487953186035,2.5422773361206055,0.0003285408020019531
54,0,160,3.4581105709075928,3.4594006538391113,0.0012900829315185547
54,1,160,3.5578880310058594,3.5586140155792236,0.0007259845733642578
54,2,160,3.5358564853668213,3.5358142852783203,-4.220008850097656e-05
54,3,160,3.059311628341675,3.0594558715820312,0.0001442432403564453
54,4,160,2.8828604221343994,2.882314682006836,-0.0005457401275634766
54,5,160,3.4513907432556152,3.4512085914611816,-0.00018215179443359375
54,6,160,3.3867697715759277,3.3875887393951416,0.0008189678192138672
54,7,160,3.399177312850952,3.3976263999938965,-0.001550912857055664
54,8,160,3.1336090564727783,3.134371280670166,0.0007622241973876953
54,9,160,3.3452212810516357,3.3465776443481445,0.001356363296508789
54,10,160,3.567837715148926,3.5662105083465576,-0.001627206802368164
54,11,160,3.1840686798095703,3.183537483215332,-0.0005311965942382812
54,12,160,3.380072832107544,3.3793673515319824,-0.0007054805755615234
54,13,160,3.855527400970459,3.8568367958068848,0.0013093948364257812
54,14,160,3.70007061958313,3.7002944946289062,0.0002238750457763672
54,15,160,3.5749034881591797,3.576536178588867,0.0016326904296875
54,16,160,3.990008592605591,3.989710807800293,-0.00029778480529785156
54,17,160,3.735006809234619,3.733034372329712,-0.0019724369049072266
54,18,160,2.9417476654052734,2.9431509971618652,0.0014033317565917969
54,19,160,2.5419487953186035,2.542283773422241,0.0003349781036376953
55,0,160,3.4581105709075928,3.4568629264831543,-0.0012476444244384766
55,1,160,3.5578880310058594,3.556342601776123,-0.0015454292297363281
55,2,160,3.5358564853668213,3.5348474979400635,-0.0010089874267578125
55,3,160,3.059311628341675,3.0595271587371826,0.0002155303955078125
55,4,160,2.8828604221343994,2.8822944164276123,-0.0005660057067871094
55,5,160,3.4513907432556152,3.4516685009002686,0.0002777576446533203
55,6,160,3.3867697715759277,3.3853354454040527,-0.001434326171875
55,7,160,3.399177312850952,3.3986027240753174,-0.0005745887756347656
55,8,160,3.1336090564727783,3.1334853172302246,-0.00012373924255371094
55,9,160,3.3452212810516357,3.3440253734588623,-0.0011959075927734375
55,10,160,3.567837715148926,3.5677194595336914,-0.000118255615234375
55,11,160,3.1840686798095703,3.1877336502075195,0.0036649703979492188
55,12,160,3.380072832107544,3.379382371902466,-0.000690460205078125
55,13,160,3.855527400970459,3.85615873336792,0.0006313323974609375
55,14,160,3.70007061958313,3.7015490531921387,0.001478433609008789
55,15,160,3.5749034881591797,3.574512243270874,-0.00039124488830566406
55,16,160,3.990008592605591,3.9896836280822754,-0.0003249645233154297
55,17,160,3.735006809234619,3.735896110534668,0.0008893013000488281
55,18,160,2.9417476654052734,2.9411487579345703,-0.000598907470703125
55,19,160,2.5419487953186035,2.542116403579712,0.00016760826110839844
56,0,160,3.4581105709075928,3.457839250564575,-0.0002713203430175781
56,1,160,3.5578880310058594,3.5591471195220947,0.0012590885162353516
56,2,160,3.5358564853668213,3.5345664024353027,-0.0012900829315185547
56,3,160,3.059311628341675,3.0592408180236816,-7.081031799316406e-05
56,4,160,2.8828604221343994,2.883925437927246,0.0010650157928466797
56,5,160,3.4513907432556152,3.4522342681884766,0.0008435249328613281
56,6,160,3.3867697715759277,3.386375665664673,-0.0003941059112548828
56,7,160,3.399177312850952,3.3994460105895996,0.00026869773864746094
56,8,160,3.1336090564727783,3.134380340576172,0.0007712841033935547
56,9,160,3.3452212810516357,3.3449184894561768,-0.0003027915954589844
56,10,160,3.567837715148926,3.567440986633301,-0.000396728515625
56,11,160,3.1840686798095703,3.1839475631713867,-0.00012111663818359375
56,12,160,3.380072832107544,3.3806633949279785,0.0005905628204345703
56,13,160,3.855527400970459,3.8550539016723633,-0.0004734992980957031
56,14,160,3.70007061958313,3.6999287605285645,-0.0001418590545654297
56,15,160,3.5749034881591797,3.5754668712615967,0.0005633831024169922
56,16,160,3.990008592605591,3.9896140098571777,-0.00039458274841308594
56,17,160,3.735006809234619,3.734807252883911,-0.0001995563507080078
56,18,160,2.9417476654052734,2.941591501235962,-0.00015616416931152344
56,19,160,2.5419487953186035,2.542178153991699,0.00022935867309570312
57,0,160,3.4581105709075928,3.4582290649414062,0.00011849403381347656
57,1,160,3.5578880310058594,3.559220552444458,0.0013325214385986328
57,2,160,3.5358564853668213,3.5368127822875977,0.0009562969207763672
57,3,160,3.059311628341675,3.0586161613464355,-0.0006954669952392578
57,4,160,2.8828604221343994,2.8813400268554688,-0.001520395278930664
57,5,160,3.4513907432556152,3.4502878189086914,-0.0011029243469238281
57,6,160,3.3867697715759277,3.386230707168579,-0.0005390644073486328
57,7,160,3.399177312850952,3.3974151611328125,-0.0017621517181396484
57,8,160,3.1336090564727783,3.134255886077881,0.0006468296051025391
57,9,160,3.3452212810516357,3.3455514907836914,0.00033020973205566406
57,10,160,3.567837715148926,3.5679235458374023,8.58306884765625e-05
57,11,160,3.1840686798095703,3.18528151512146,0.0012128353118896484
57,12,160,3.380072832107544,3.379502773284912,-0.0005700588226318359
57,13,160,3.855527400970459,3.8556110858917236,8.368492126464844e-05
57,14,160,3.70007061958313,3.7002673149108887,0.00019669532775878906
57,15,160,3.5749034881591797,3.574655055999756,-0.0002484321594238281
57,16,160,3.990008592605591,3.9911258220672607,0.0011172294616699219
57,17,160,3.735006809234619,3.7361769676208496,0.0011701583862304688
57,18,160,2.9417476654052734,2.9406158924102783,-0.0011317729949951172
57,19,160,2.5419487953186035,2.5412464141845703,-0.0007023811340332031
58,0,160,3.4581105709075928,3.4601736068725586,0.0020630359649658203
58,1,160,3.5578880310058594,3.5609700679779053,0.0030820369720458984
58,2,160,3.5358564853668213,3.5373592376708984,0.0015027523040771484
58,3,160,3.059311628341675,3.059415340423584,0.00010371208190917969
58,4,160,2.8828604221343994,2.8827409744262695,-0.00011944770812988281
58,5,160,3.4513907432556152,3.4513485431671143,-4.220008850097656e-05
58,6,160,3.3867697715759277,3.385258913040161,-0.0015108585357666016
58,7,160,3.399177312850952,3.399106979370117,-7.033348083496094e-05
58,8,160,3.1336090564727783,3.133563995361328,-4.506111145019531e-05
58,9,160,3.3452212810516357,3.3477182388305664,0.002496957778930664
58,10,160,3.567837715148926,3.568843126296997,0.001005411148071289
58,11,160,3.1840686798095703,3.1841583251953125,8.96453857421875e-05
58,12,160,3.380072832107544,3.3816051483154297,0.0015323162078857422
58,13,160,3.855527400970459,3.8550050258636475,-0.0005223751068115234
58,14,160,3.70007061958313,3.7003250122070312,0.0002543926239013672
58,15,160,3.5749034881591797,3.5754106044769287,0.0005071163177490234
58,16,160,3.990008592605591,3.990793466567993,0.0007848739624023438
58,17,160,3.735006809234619,3.736222743988037,0.0012159347534179688
58,18,160,2.9417476654052734,2.941802501678467,5.4836273193359375e-05
58,19,160,2.5419487953186035,2.5419180393218994,-3.075599670410156e-05
59,0,160,3.4581105709075928,3.4593935012817383,0.0012829303741455078
59,1,160,3.5578880310058594,3.5581462383270264,0.0002582073211669922
59,2,160,3.5358564853668213,3.536134719848633,0.00027823448181152344
59,3,160,3.059311628341675,3.0593230724334717,1.1444091796875e-05
59,4,160,2.8828604221343994,2.8814480304718018,-0.0014123916625976562
59,5,160,3.4513907432556152,3.4516725540161133,0.0002818107604980469
59,6,160,3.3867697715759277,3.3864023685455322,-0.0003674030303955078
59,7,160,3.399177312850952,3.3988454341888428,-0.000331878662109375
59,8,160,3.1336090564727783,3.1322028636932373,-0.0014061927795410156
59,9,160,3.3452212810516357,3.345489263534546,0.00026798248291015625
59,10,160,3.567837715148926,3.5682671070098877,0.00042939186096191406
59,11,160,3.1840686798095703,3.1837821006774902,-0.0002865791320800781
59,12,160,3.380072832107544,3.380467176437378,0.0003943443298339844
59,13,160,3.855527400970459,3.855550527572632,2.3126602172851562e-05
59,14,160,3.70007061958313,3.6996257305145264,-0.0004448890686035156
59,15,160,3.5749034881591797,3.5747969150543213,-0.00010657310485839844
59,16,160,3.990008592605591,3.9907143115997314,0.000705718994140625
59,17,160,3.735006809234619,3.73618745803833,0.0011806488037109375
59,18,160,2.9417476654052734,2.9428226947784424,0.0010750293731689453
59,19,160,2.5419487953186035,2.5411810874938965,-0.0007677078247070312
60,0,160,3.4581105709075928,3.458341598510742,0.00023102760314941406
60,1,160,3.5578880310058594,3.5572316646575928,-0.0006563663482666016
60,2,160,3.5358564853668213,3.535944700241089,8.821487426757812e-05
60,3,160,3.059311628341675,3.0586817264556885,-0.0006299018859863281
60,4,160,2.8828604221343994,2.8826849460601807,-0.00017547607421875
60,5,160,3.4513907432556152,3.4497592449188232,-0.0016314983367919922
60,6,160,3.3867697715759277,3.3856394290924072,-0.0011303424835205078
60,7,160,3.399177312850952,3.3992013931274414,2.4080276489257812e-05
60,8,160,3.1336090564727783,3.1339776515960693,0.0003685951232910156
60,9,160,3.3452212810516357,3.3436243534088135,-0.0015969276428222656
60,10,160,3.567837715148926,3.567121744155884,-0.0007159709930419922
60,11,160,3.1840686798095703,3.1853866577148438,0.0013179779052734375
60,12,160,3.380072832107544,3.3794517517089844,-0.0006210803985595703
60,13,160,3.855527400970459,3.855234384536743,-0.0002930164337158203
60,14,160,3.70007061958313,3.699493169784546,-0.0005774497985839844
60,15,160,3.5749034881591797,3.574561595916748,-0.0003418922424316406
60,16,160,3.990008592605591,3.989847183227539,-0.0001614093780517578
60,17,160,3.735006809234619,3.736938953399658,0.0019321441650390625
60,18,160,2.9417476654052734,2.942629098892212,0.0008814334869384766
60,19,160,2.5419487953186035,2.5412392616271973,-0.00070953369140625
61,0,160,3.4581105709075928,3.458648681640625,0.0005381107330322266
61,1,160,3.5578880310058594,3.5580575466156006,0.00016951560974121094
61,2,160,3.5358564853668213,3.5350027084350586,-0.0008537769317626953
61,3,160,3.059311628341675,3.0580456256866455,-0.0012660026550292969
61,4,160,2.8828604221343994,2.8827691078186035,-9.131431579589844e-05
61,5,160,3.4513907432556152,3.4520905017852783,0.0006997585296630859
61,6,160,3.3867697715759277,3.3862106800079346,-0.0005590915679931641
61,7,160,3.399177312850952,3.398240089416504,-0.0009372234344482422
61,8,160,3.1336090564727783,3.1327056884765625,-0.0009033679962158203
61,9,160,3.3452212810516357,3.34440541267395,-0.0008158683776855469
61,10,160,3.567837715148926,3.5677337646484375,-0.00010395050048828125
61,11,160,3.1840686798095703,3.184908628463745,0.0008399486541748047
61,12,160,3.380072832107544,3.379512310028076,-0.0005605220794677734
61,13,160,3.855527400970459,3.8565726280212402,0.00104522705078125
61,14,160,3.70007061958313,3.7003300189971924,0.0002593994140625
61,15,160,3.5749034881591797,3.574946641921997,4.315376281738281e-05
61,16,160,3.990008592605591,3.9913387298583984,0.0013301372528076172
61,17,160,3.735006809234619,3.736511707305908,0.0015048980712890625
61,18,160,2.9417476654052734,2.9424827098846436,0.0007350444793701172
61,19,160,2.5419487953186035,2.5430104732513428,0.0010616779327392578
62,0,160,3.4581105709075928,3.4586305618286133,0.0005199909210205078
62,1,160,3.5578880310058594,3.558612823486328,0.00072479248046875
62,2,160,3.5358564853668213,3.5367612838745117,0.0009047985076904297
62,3,160,3.059311628341675,3.0592288970947266,-8.273124694824219e-05
62,4,160,2.8828604221343994,2.8823697566986084,-0.0004906654357910156
62,5,160,3.4513907432556152,3.451977491378784,0.0005867481231689453
62,6,160,3.3867697715759277,3.3873064517974854,0.0005366802215576172
62,7,160,3.399177312850952,3.399066686630249,-0.000110626220703125
62,8,160,3.1336090564727783,3.1335561275482178,-5.2928924560546875e-05
62,9,160,3.3452212810516357,3.3451974391937256,-2.384185791015625e-05
62,10,160,3.567837715148926,3.5696849822998047,0.0018472671508789062
62,11,160,3.1840686798095703,3.1849961280822754,0.0009274482727050781
62,12,160,3.380072832107544,3.3796021938323975,-0.0004706382751464844
62,13,160,3.855527400970459,3.8548803329467773,-0.0006470680236816406
62,14,160,3.70007061958313,3.7002060413360596,0.0001354217529296875
62,15,160,3.5749034881591797,3.5755584239959717,0.0006549358367919922
62,16,160,3.990008592605591,3.991177797317505,0.0011692047119140625
62,17,160,3.735006809234619,3.734527826309204,-0.00047898292541503906
62,18,160,2.9417476654052734,2.9419519901275635,0.00020432472229003906
62,19,160,2.5419487953186035,2.5418646335601807,-8.416175842285156e-05
63,0,160,3.4581105709075928,3.4574596881866455,-0.0006508827209472656
63,1,160,3.5578880310058594,3.5573203563690186,-0.0005676746368408203
63,2,160,3.5358564853668213,3.535735845565796,-0.00012063980102539062
63,3,160,3.059311628341675,3.0610103607177734,0.0016987323760986328
63,4,160,2.8828604221343994,2.8835344314575195,0.0006740093231201172
63,5,160,3.4513907432556152,3.4512133598327637,-0.0001773834228515625
63,6,160,3.3867697715759277,3.387436866760254,0.0006670951843261719
63,7,160,3.399177312850952,3.3992066383361816,2.9325485229492188e-05
63,8,160,3.1336090564727783,3.1341805458068848,0.0005714893341064453
63,9,160,3.3452212810516357,3.3457915782928467,0.0005702972412109375
63,10,160,3.567837715148926,3.5691752433776855,0.0013375282287597656
63,11,160,3.1840686798095703,3.1831414699554443,-0.0009272098541259766
63,12,160,3.380072832107544,3.379809617996216,-0.000263214111328125
63,13,160,3.855527400970459,3.8549869060516357,-0.0005404949188232422
63,14,160,3.70007061958313,3.6997575759887695,-0.00031304359436035156
63,15,160,3.5749034881591797,3.575772523880005,0.0008690357208251953
63,16,160,3.990008592605591,3.9914193153381348,0.0014107227325439453
63,17,160,3.735006809234619,3.7338168621063232,-0.0011899471282958984
63,18,160,2.9417476654052734,2.942551851272583,0.0008041858673095703
63,19,160,2.5419487953186035,2.5408830642700195,-0.0010657310485839844
64,0,160,3.4581105709075928,3.4591994285583496,0.001088857650756836
64,1,160,3.5578880310058594,3.5585808753967285,0.0006928443908691406
64,2,160,3.5358564853668213,3.535137176513672,-0.0007193088531494141
64,3,160,3.059311628341675,3.0591259002685547,-0.0001857280731201172
64,4,160,2.8828604221343994,2.882810592651367,-4.982948303222656e-05
64,5,160,3.4513907432556152,3.4530560970306396,0.001665353775024414
64,6,160,3.3867697715759277,3.3865201473236084,-0.00024962425231933594
64,7,160,3.399177312850952,3.3983988761901855,-0.0007784366607666016
64,8,160,3.1336090564727783,3.1340863704681396,0.0004773139953613281
64,9,160,3.3452212810516357,3.3457143306732178,0.0004930496215820312
64,10,160,3.567837715148926,3.5671608448028564,-0.0006768703460693359
64,11,160,3.1840686798095703,3.184173345565796,0.00010466575622558594
64,12,160,3.380072832107544,3.3802967071533203,0.0002238750457763672
64,13,160,3.855527400970459,3.8582284450531006,0.0027010440826416016
64,14,160,3.70007061958313,3.7016680240631104,0.0015974044799804688
64,15,160,3.5749034881591797,3.5769011974334717,0.001997709274291992
64,16,160,3.990008592605591,3.9907655715942383,0.0007569789886474609
64,17,160,3.735006809234619,3.738166332244873,0.0031595230102539062
64,18,160,2.9417476654052734,2.9424991607666016,0.000751495361328125
64,19,160,2.5419487953186035,2.544010877609253,0.002062082290649414
65,0,160,3.4581105709075928,3.45762038230896,-0.0004901885986328125
65,1,160,3.5578880310058594,3.5573928356170654,-0.0004951953887939453
65,2,160,3.5358564853668213,3.534956932067871,-0.0008995532989501953
65,3,160,3.059311628341675,3.0594961643218994,0.00018453598022460938
65,4,160,2.8828604221343994,2.8824493885040283,-0.00041103363037109375
65,5,160,3.4513907432556152,3.4517836570739746,0.000392913818359375
65,6,160,3.3867697715759277,3.3855552673339844,-0.0012145042419433594
65,7,160,3.399177312850952,3.400524377822876,0.0013470649719238281
65,8,160,3.1336090564727783,3.1328933238983154,-0.0007157325744628906
65,9,160,3.3452212810516357,3.3457796573638916,0.0005583763122558594
65,10,160,3.567837715148926,3.5678484439849854,1.0728836059570312e-05
65,11,160,3.1840686798095703,3.1832802295684814,-0.0007884502410888672
65,12,160,3.380072832107544,3.3794989585876465,-0.0005738735198974609
65,13,160,3.855527400970459,3.8553895950317383,-0.00013780593872070312
65,14,160,3.70007061958313,3.7001047134399414,3.409385681152344e-05
65,15,160,3.5749034881591797,3.573869466781616,-0.0010340213775634766
65,16,160,3.990008592605591,3.9898359775543213,-0.00017261505126953125
65,17,160,3.735006809234619,3.7372817993164062,0.0022749900817871094
65,18,160,2.9417476654052734,2.9420928955078125,0.0003452301025390625
65,19,160,2.5419487953186035,2.541355848312378,-0.0005929470062255859
66,0,160,3.4581105709075928,3.457777976989746,-0.0003325939178466797
66,1,160,3.5578880310058594,3.5574281215667725,-0.00045990943908691406
66,2,160,3.5358564853668213,3.536975622177124,0.0011191368103027344
66,3,160,3.059311628341675,3.058591842651367,-0.0007197856903076172
66,4,160,2.8828604221343994,2.8829238414764404,6.341934204101562e-05
66,5,160,3.4513907432556152,3.4512574672698975,-0.00013327598571777344
66,6,160,3.3867697715759277,3.386625051498413,-0.00014472007751464844
66,7,160,3.399177312850952,3.3986716270446777,-0.0005056858062744141
66,8,160,3.1336090564727783,3.1327157020568848,-0.0008933544158935547
66,9,160,3.3452212810516357,3.346525192260742,0.0013039112091064453
66,10,160,3.567837715148926,3.567246437072754,-0.000591278076171875
66,11,160,3.1840686798095703,3.1835122108459473,-0.0005564689636230469
66,12,160,3.380072832107544,3.3802194595336914,0.00014662742614746094
66,13,160,3.855527400970459,3.856092929840088,0.0005655288696289062
66,14,160,3.70007061958313,3.6995129585266113,-0.0005576610565185547
66,15,160,3.5749034881591797,3.5752675533294678,0.00036406517028808594
66,16,160,3.990008592605591,3.9888129234313965,-0.001195669174194336
66,17,160,3.735006809234619,3.7338545322418213,-0.0011522769927978516
66,18,160,2.9417476654052734,2.9418270587921143,7.939338684082031e-05
66,19,160,2.5419487953186035,2.5414624214172363,-0.0004863739013671875
67,0,160,3.4581105709075928,3.457944869995117,-0.00016570091247558594
67,1,160,3.5578880310058594,3.558594226837158,0.0007061958312988281
67,2,160,3.5358564853668213,3.536314010620117,0.00045752525329589844
67,3,160,3.059311628341675,3.0597524642944336,0.00044083595275878906
67,4,160,2.8828604221343994,2.882281541824341,-0.0005788803100585938
67,5,160,3.4513907432556152,3.449873447418213,-0.0015172958374023438
67,6,160,3.3867697715759277,3.387023687362671,0.00025391578674316406
67,7,160,3.399177312850952,3.4002037048339844,0.0010263919830322266
67,8,160,3.1336090564727783,3.1338870525360107,0.0002779960632324219
67,9,160,3.3452212810516357,3.3453171253204346,9.584426879882812e-05
67,10,160,3.567837715148926,3.5671727657318115,-0.0006649494171142578
67,11,160,3.1840686798095703,3.1844899654388428,0.00042128562927246094
67,12,160,3.380072832107544,3.38029146194458,0.0002186298370361328
67,13,160,3.855527400970459,3.8559398651123047,0.0004124641418457031
67,14,160,3.70007061958313,3.701292037963867,0.0012214183807373047
67,15,160,3.5749034881591797,3.574276924133301,-0.0006265640258789062
67,16,160,3.990008592605591,3.9901745319366455,0.0001659393310546875
67,17,160,3.735006809234619,3.7335169315338135,-0.001489877700805664
67,18,160,2.9417476654052734,2.94232439994812,0.0005767345428466797
67,19,160,2.5419487953186035,2.543181896209717,0.0012331008911132812
68,0,160,3.4581105709075928,3.4587836265563965,0.0006730556488037109
68,1,160,3.5578880310058594,3.557668685913086,-0.0002193450927734375
68,2,160,3.5358564853668213,3.5369861125946045,0.0011296272277832031
68,3,160,3.059311628341675,3.0597012042999268,0.0003895759582519531
68,4,160,2.8828604221343994,2.8834495544433594,0.0005891323089599609
68,5,160,3.4513907432556152,3.452714681625366,0.0013239383697509766
68,6,160,3.3867697715759277,3.3887546062469482,0.001984834671020508
68,7,160,3.399177312850952,3.4003357887268066,0.0011584758758544922
68,8,160,3.1336090564727783,3.134579658508301,0.0009706020355224609
68,9,160,3.3452212810516357,3.345698595046997,0.0004773139953613281
68,10,160,3.567837715148926,3.569437026977539,0.0015993118286132812
68,11,160,3.1840686798095703,3.184926986694336,0.000858306884765625
68,12,160,3.380072832107544,3.380803108215332,0.0007302761077880859
68,13,160,3.855527400970459,3.8567564487457275,0.0012290477752685547
68,14,160,3.70007061958313,3.6992690563201904,-0.0008015632629394531
68,15,160,3.5749034881591797,3.5749754905700684,7.200241088867188e-05
68,16,160,3.990008592605591,3.989187479019165,-0.0008211135864257812
68,17,160,3.735006809234619,3.735856533050537,0.0008497238159179688
68,18,160,2.9417476654052734,2.942241668701172,0.0004940032958984375
68,19,160,2.5419487953186035,2.543287992477417,0.0013391971588134766
69,0,160,3.4581105709075928,3.45782732963562,-0.00028324127197265625
69,1,160,3.5578880310058594,3.559380292892456,0.0014922618865966797
69,2,160,3.5358564853668213,3.535132884979248,-0.0007236003875732422
69,3,160,3.059311628341675,3.059264659881592,-4.696846008300781e-05
69,4,160,2.8828604221343994,2.8823227882385254,-0.0005376338958740234
69,5,160,3.4513907432556152,3.4512834548950195,-0.00010728836059570312
69,6,160,3.3867697715759277,3.386409282684326,-0.0003604888916015625
69,7,160,3.399177312850952,3.3996078968048096,0.0004305839538574219
69,8,160,3.1336090564727783,3.134528875350952,0.0009198188781738281
69,9,160,3.3452212810516357,3.3442397117614746,-0.0009815692901611328
69,10,160,3.567837715148926,3.568199396133423,0.0003616809844970703
69,11,160,3.1840686798095703,3.1841604709625244,9.179115295410156e-05
69,12,160,3.380072832107544,3.38080096244812,0.0007281303405761719
69,13,160,3.855527400970459,3.856934070587158,0.0014066696166992188
69,14,160,3.70007061958313,3.700408935546875,0.0003383159637451172
69,15,160,3.5749034881591797,3.573760986328125,-0.0011425018310546875
69,16,160,3.990008592605591,3.9916701316833496,0.001661539077758789
69,17,160,3.735006809234619,3.736130952835083,0.0011241436004638672
69,18,160,2.9417476654052734,2.9427928924560547,0.00104522705078125
69,19,160,2.5419487953186035,2.5434999465942383,0.0015511512756347656
70,0,160,3.4581105709075928,3.458364725112915,0.0002541542053222656
70,1,160,3.5578880310058594,3.559133291244507,0.001245260238647461
70,2,160,3.5358564853668213,3.5360615253448486,0.00020503997802734375
70,3,160,3.059311628341675,3.0586206912994385,-0.0006909370422363281
70,4,160,2.8828604221343994,2.8822760581970215,-0.0005843639373779297
70,5,160,3.4513907432556152,3.451477527618408,8.678436279296875e-05
70,6,160,3.3867697715759277,3.3860418796539307,-0.0007278919219970703
70,7,160,3.399177312850952,3.3991429805755615,-3.4332275390625e-05
70,8,160,3.1336090564727783,3.1326191425323486,-0.0009899139404296875
70,9,160,3.3452212810516357,3.345222234725952,9.5367431640625e-07
70,10,160,3.567837715148926,3.5666098594665527,-0.0012278556823730469
70,11,160,3.1840686798095703,3.1836605072021484,-0.000408172607421875
70,12,160,3.380072832107544,3.381049156188965,0.0009763240814208984
70,13,160,3.855527400970459,3.8553555011749268,-0.00017189979553222656
70,14,160,3.70007061958313,3.6997036933898926,-0.0003669261932373047
70,15,160,3.5749034881591797,3.5759198665618896,0.001016378402709961
70,16,160,3.990008592605591,3.989210605621338,-0.0007979869842529297
70,17,160,3.735006809234619,3.734952926635742,-5.3882598876953125e-05
70,18,160,2.9417476654052734,2.941762924194336,1.52587890625e-05
70,19,160,2.5419487953186035,2.5412280559539795,-0.0007207393646240234
71,0,160,3.4581105709075928,3.4584717750549316,0.0003612041473388672
71,1,160,3.5578880310058594,3.5588622093200684,0.0009741783142089844
71,2,160,3.5358564853668213,3.5362730026245117,0.0004165172576904297
71,3,160,3.059311628341675,3.0619046688079834,0.0025930404663085938
71,4,160,2.8828604221343994,2.884882688522339,0.002022266387939453
71,5,160,3.4513907432556152,3.451434850692749,4.410743713378906e-05
71,6,160,3.3867697715759277,3.3859827518463135,-0.0007870197296142578
71,7,160,3.399177312850952,3.398848533630371,-0.0003287792205810547
71,8,160,3.1336090564727783,3.135227680206299,0.0016186237335205078
71,9,160,3.3452212810516357,3.344569444656372,-0.0006518363952636719
71,10,160,3.567837715148926,3.5674493312835693,-0.0003883838653564453
71,11,160,3.1840686798095703,3.184619665145874,0.0005509853363037109
71,12,160,3.380072832107544,3.3898627758026123,0.00978994369506836
71,13,160,3.855527400970459,3.8537237644195557,-0.0018036365509033203
71,14,160,3.70007061958313,3.700829267501831,0.0007586479187011719
71,15,160,3.5749034881591797,3.574312925338745,-0.0005905628204345703
71,16,160,3.990008592605591,3.9899721145629883,-3.647804260253906e-05
71,17,160,3.735006809234619,3.7353827953338623,0.00037598609924316406
71,18,160,2.9417476654052734,2.941298723220825,-0.0004489421844482422
71,19,160,2.5419487953186035,2.5419275760650635,-2.1219253540039062e-05
72,0,160,3.4581105709075928,3.458599805831909,0.0004892349243164062
72,1,160,3.5578880310058594,3.559687376022339,0.0017993450164794922
72,2,160,3.5358564853668213,3.5375144481658936,0.0016579627990722656
72,3,160,3.059311628341675,3.058745861053467,-0.0005657672882080078
72,4,160,2.8828604221343994,2.883960485458374,0.0011000633239746094
72,5,160,3.4513907432556152,3.4521453380584717,0.0007545948028564453
72,6,160,3.3867697715759277,3.3868408203125,7.104873657226562e-05
72,7,160,3.399177312850952,3.4008514881134033,0.0016741752624511719
72,8,160,3.1336090564727783,3.1349759101867676,0.0013668537139892578
72,9,160,3.3452212810516357,3.3445041179656982,-0.0007171630859375
72,10,160,3.567837715148926,3.568009853363037,0.00017213821411132812
72,11,160,3.1840686798095703,3.1854560375213623,0.0013873577117919922
72,12,160,3.380072832107544,3.3808960914611816,0.0008232593536376953
72,13,160,3.855527400970459,3.855228900909424,-0.00029850006103515625
72,14,160,3.70007061958313,3.6998982429504395,-0.0001723766326904297
72,15,160,3.5749034881591797,3.5743861198425293,-0.0005173683166503906
72,16,160,3.990008592605591,3.989788293838501,-0.00022029876708984375
72,17,160,3.735006809234619,3.7359390258789062,0.0009322166442871094
72,18,160,2.9417476654052734,2.9417645931243896,1.6927719116210938e-05
72,19,160,2.5419487953186035,2.543358325958252,0.0014095306396484375
73,0,160,3.4581105709075928,3.457517623901367,-0.0005929470062255859
73,1,160,3.5578880310058594,3.557809829711914,-7.82012939453125e-05
73,2,160,3.5358564853668213,3.5354151725769043,-0.0004413127899169922
73,3,160,3.059311628341675,3.0585389137268066,-0.0007727146148681641
73,4,160,2.8828604221343994,2.8825483322143555,-0.0003120899200439453
73,5,160,3.4513907432556152,3.4513347148895264,-5.602836608886719e-05
73,6,160,3.3867697715759277,3.3861193656921387,-0.0006504058837890625
73,7,160,3.399177312850952,3.3982653617858887,-0.0009119510650634766
73,8,160,3.1336090564727783,3.1323463916778564,-0.001262664794921875
73,9,160,3.3452212810516357,3.345201015472412,-2.0265579223632812e-05
73,10,160,3.567837715148926,3.5682907104492188,0.00045299530029296875
73,11,160,3.1840686798095703,3.184436321258545,0.0003676414489746094
73,12,160,3.380072832107544,3.379549980163574,-0.0005228519439697266
73,13,160,3.855527400970459,3.85579776763916,0.0002703666687011719
73,14,160,3.70007061958313,3.7001960277557373,0.00012540817260742188
73,15,160,3.5749034881591797,3.5748789310455322,-2.4557113647460938e-05
73,16,160,3.990008592605591,3.991229772567749,0.0012211799621582031
73,17,160,3.735006809234619,3.733712673187256,-0.0012941360473632812
73,18,160,2.9417476654052734,2.9411888122558594,-0.0005588531494140625
73,19,160,2.5419487953186035,2.542086362838745,0.00013756752014160156
74,0,160,3.4581105709075928,3.459987163543701,0.0018765926361083984
74,1,160,3.5578880310058594,3.5592870712280273,0.0013990402221679688
74,2,160,3.5358564853668213,3.5358963012695312,3.981590270996094e-05
74,3,160,3.059311628341675,3.058515787124634,-0.0007958412170410156
74,4,160,2.8828604221343994,2.884608507156372,0.0017480850219726562
74,5,160,3.4513907432556152,3.4505908489227295,-0.0007998943328857422
74,6,160,3.3867697715759277,3.385181427001953,-0.0015883445739746094
74,7,160,3.399177312850952,3.398794651031494,-0.0003826618194580078
74,8,160,3.1336090564727783,3.1342153549194336,0.0006062984466552734
74,9,160,3.3452212810516357,3.34540057182312,0.000179290771484375
74,10,160,3.567837715148926,3.567847967147827,1.0251998901367188e-05
74,11,160,3.1840686798095703,3.1848366260528564,0.0007679462432861328
74,12,160,3.380072832107544,3.389793872833252,0.009721040725708008
74,13,160,3.855527400970459,3.8554766178131104,-5.078315734863281e-05
74,14,160,3.70007061958313,3.700061321258545,-9.298324584960938e-06
74,15,160,3.5749034881591797,3.57482647895813,-7.700920104980469e-05
74,16,160,3.990008592605591,3.989968776702881,-3.981590270996094e-05
74,17,160,3.735006809234619,3.7342162132263184,-0.0007905960083007812
74,18,160,2.9417476654052734,2.942425012588501,0.0006773471832275391
74,19,160,2.5419487953186035,2.542637825012207,0.0006890296936035156
75,0,160,3.4581105709075928,3.4585022926330566,0.0003917217254638672
75,1,160,3.5578880310058594,3.558037281036377,0.00014925003051757812
75,2,160,3.5358564853668213,3.534975290298462,-0.000881195068359375
75,3,160,3.059311628341675,3.0584194660186768,-0.0008921623229980469
75,4,160,2.8828604221343994,2.8830623626708984,0.00020194053649902344
75,5,160,3.4513907432556152,3.452364683151245,0.0009739398956298828
75,6,160,3.3867697715759277,3.386583089828491,-0.00018668174743652344
75,7,160,3.399177312850952,3.400322437286377,0.0011451244354248047
75,8,160,3.1336090564727783,3.1344428062438965,0.0008337497711181641
75,9,160,3.3452212810516357,3.3460569381713867,0.0008356571197509766
75,10,160,3.567837715148926,3.570361614227295,0.0025238990783691406
75,11,160,3.1840686798095703,3.1830296516418457,-0.0010390281677246094
75,12,160,3.380072832107544,3.3797214031219482,-0.0003514289855957031
75,13,160,3.855527400970459,3.856327533721924,0.0008001327514648438
75,14,160,3.70007061958313,3.7012250423431396,0.0011544227600097656
75,15,160,3.5749034881591797,3.5752928256988525,0.00038933753967285156
75,16,160,3.990008592605591,3.9897894859313965,-0.00021910667419433594
75,17,160,3.735006809234619,3.7383697032928467,0.003362894058227539
75,18,160,2.9417476654052734,2.94214129447937,0.0003936290740966797
75,19,160,2.5419487953186035,2.5418996810913086,-4.9114227294921875e-05
76,0,160,3.4581105709075928,3.4573631286621094,-0.0007474422454833984
76,1,160,3.5578880310058594,3.5568034648895264,-0.0010845661163330078
76,2,160,3.5358564853668213,3.5359036922454834,4.7206878662109375e-05
76,3,160,3.059311628341675,3.059424638748169,0.00011301040649414062
76,4,160,2.8828604221343994,2.8830859661102295,0.00022554397583007812
76,5,160,3.4513907432556152,3.452338695526123,0.0009479522705078125
76,6,160,3.3867697715759277,3.3869998455047607,0.0002300739288330078
76,7,160,3.399177312850952,3.399104595184326,-7.271766662597656e-05
76,8,160,3.1336090564727783,3.134942054748535,0.001332998275756836
76,9,160,3.3452212810516357,3.3447999954223633,-0.00042128562927246094
76,10,160,3.567837715148926,3.567955493927002,0.00011777877807617188
76,11,160,3.1840686798095703,3.186769723892212,0.0027010440826416016
76,12,160,3.380072832107544,3.3847975730895996,0.004724740982055664
76,13,160,3.855527400970459,3.8562915325164795,0.0007641315460205078
76,14,160,3.70007061958313,3.70080828666687,0.0007376670837402344
76,15,160,3.5749034881591797,3.5751700401306152,0.0002665519714355469
76,16,160,3.990008592605591,3.9901087284088135,0.00010013580322265625
76,17,160,3.735006809234619,3.733064889907837,-0.0019419193267822266
76,18,160,2.9417476654052734,2.9417548179626465,7.152557373046875e-06
76,19,160,2.5419487953186035,2.5423097610473633,0.0003609657287597656
77,0,160,3.4581105709075928,3.458051919937134,-5.8650970458984375e-05
77,1,160,3.5578880310058594,3.5580954551696777,0.00020742416381835938
77,2,160,3.5358564853668213,3.536031484603882,0.00017499923706054688
77,3,160,3.059311628341675,3.059969663619995,0.0006580352783203125
77,4,160,2.8828604221343994,2.882479667663574,-0.0003807544708251953
77,5,160,3.4513907432556152,3.451667070388794,0.00027632713317871094
77,6,160,3.3867697715759277,3.386493682861328,-0.0002760887145996094
77,7,160,3.399177312850952,3.4008142948150635,0.0016369819641113281
77,8,160,3.1336090564727783,3.1337087154388428,9.965896606445312e-05
77,9,160,3.3452212810516357,3.3472113609313965,0.001990079879760742
77,10,160,3.567837715148926,3.567676067352295,-0.00016164779663085938
77,11,160,3.1840686798095703,3.1842827796936035,0.00021409988403320312
77,12,160,3.380072832107544,3.380603790283203,0.0005309581756591797
77,13,160,3.855527400970459,3.85495924949646,-0.0005681514739990234
77,14,160,3.70007061958313,3.700343608856201,0.00027298927307128906
77,15,160,3.5749034881591797,3.574577569961548,-0.00032591819763183594
77,16,160,3.990008592605591,3.9903550148010254,0.0003464221954345703
77,17,160,3.735006809234619,3.734797477722168,-0.00020933151245117188
77,18,160,2.9417476654052734,2.942026138305664,0.000278472900390625
77,19,160,2.5419487953186035,2.542398691177368,0.00044989585876464844
78,0,160,3.4581105709075928,3.4585626125335693,0.0004520416259765625
78,1,160,3.5578880310058594,3.5584475994110107,0.0005595684051513672
78,2,160,3.5358564853668213,3.5362730026245117,0.0004165172576904297
78,3,160,3.059311628341675,3.0596766471862793,0.0003650188446044922
78,4,160,2.8828604221343994,2.883659601211548,0.0007991790771484375
78,5,160,3.4513907432556152,3.4521400928497314,0.0007493495941162109
78,6,160,3.3867697715759277,3.3873064517974854,0.0005366802215576172
78,7,160,3.399177312850952,3.398733377456665,-0.0004439353942871094
78,8,160,3.1336090564727783,3.1338605880737305,0.00025153160095214844
78,9,160,3.3452212810516357,3.3458614349365234,0.0006401538848876953
78,10,160,3.567837715148926,3.568464517593384,0.0006268024444580078
78,11,160,3.1840686798095703,3.184234380722046,0.00016570091247558594
78,12,160,3.380072832107544,3.3787922859191895,-0.0012805461883544922
78,13,160,3.855527400970459,3.8546371459960938,-0.0008902549743652344
78,14,160,3.70007061958313,3.700739622116089,0.0006690025329589844
78,15,160,3.5749034881591797,3.5748188495635986,-8.463859558105469e-05
78,16,160,3.990008592605591,3.9908032417297363,0.0007946491241455078
78,17,160,3.735006809234619,3.7337207794189453,-0.0012860298156738281
78,18,160,2.9417476654052734,2.941441774368286,-0.0003058910369873047
78,19,160,2.5419487953186035,2.542152166366577,0.0002033710479736328
79,0,160,3.4581105709075928,3.458146333694458,3.5762786865234375e-05
79,1,160,3.5578880310058594,3.5574448108673096,-0.0004432201385498047
79,2,160,3.5358564853668213,3.5359394550323486,8.296966552734375e-05
79,3,160,3.059311628341675,3.0593440532684326,3.24249267578125e-05
79,4,160,2.8828604221343994,2.8830177783966064,0.00015735626220703125
79,5,160,3.4513907432556152,3.451066017150879,-0.0003247261047363281
79,6,160,3.3867697715759277,3.387176752090454,0.0004069805145263672
79,7,160,3.399177312850952,3.398737668991089,-0.00043964385986328125
79,8,160,3.1336090564727783,3.133449077606201,-0.00015997886657714844
79,9,160,3.3452212810516357,3.3451972007751465,-2.4080276489257812e-05
79,10,160,3.567837715148926,3.5669138431549072,-0.0009238719940185547
79,11,160,3.1840686798095703,3.1831138134002686,-0.0009548664093017578
79,12,160,3.380072832107544,3.380389928817749,0.0003170967102050781
79,13,160,3.855527400970459,3.855177640914917,-0.0003497600555419922
79,14,160,3.70007061958313,3.6985669136047363,-0.0015037059783935547
79,15,160,3.5749034881591797,3.576301097869873,0.0013976097106933594
79,16,160,3.990008592605591,3.990666389465332,0.0006577968597412109
79,17,160,3.735006809234619,3.735269069671631,0.00026226043701171875
79,18,160,2.9417476654052734,2.941187620162964,-0.0005600452423095703
79,19,160,2.5419487953186035,2.5410451889038086,-0.0009036064147949219
80,0,160,3.4581105709075928,3.4571340084075928,-0.0009765625
80,1,160,3.5578880310058594,3.5581583976745605,0.0002703666687011719
80,2,160,3.5358564853668213,3.5382747650146484,0.0024182796478271484
80,3,160,3.059311628341675,3.060046434402466,0.0007348060607910156
80,4,160,2.8828604221343994,2.882481575012207,-0.0003788471221923828
80,5,160,3.4513907432556152,3.450923442840576,-0.0004673004150390625
80,6,160,3.3867697715759277,3.3861091136932373,-0.0006606578826904297
80,7,160,3.399177312850952,3.3990328311920166,-0.00014448165893554688
80,8,160,3.1336090564727783,3.1340956687927246,0.00048661231994628906
80,9,160,3.3452212810516357,3.3445122241973877,-0.0007090568542480469
80,10,160,3.567837715148926,3.566910743713379,-0.000926971435546875
80,11,160,3.1840686798095703,3.1837401390075684,-0.0003285408020019531
80,12,160,3.380072832107544,3.3805506229400635,0.00047779083251953125
80,13,160,3.855527400970459,3.854632616043091,-0.0008947849273681641
80,14,160,3.70007061958313,3.701969623565674,0.0018990039825439453
80,15,160,3.5749034881591797,3.5770328044891357,0.0021293163299560547
80,16,160,3.990008592605591,3.9891273975372314,-0.000881195068359375
80,17,160,3.735006809234619,3.733614206314087,-0.0013926029205322266
80,18,160,2.9417476654052734,2.9430439472198486,0.0012962818145751953
80,19,160,2.5419487953186035,2.5416383743286133,-0.0003104209899902344
81,0,160,3.4581105709075928,3.4577999114990234,-0.00031065940856933594
81,1,160,3.5578880310058594,3.5593602657318115,0.0014722347259521484
81,2,160,3.5358564853668213,3.535508871078491,-0.0003476142883300781
81,3,160,3.059311628341675,3.058833599090576,-0.0004780292510986328
81,4,160,2.8828604221343994,2.8833792209625244,0.000518798828125
81,5,160,3.4513907432556152,3.4510555267333984,-0.0003352165222167969
81,6,160,3.3867697715759277,3.3868064880371094,3.6716461181640625e-05
81,7,160,3.399177312850952,3.3995211124420166,0.0003437995910644531
81,8,160,3.1336090564727783,3.1330459117889404,-0.0005631446838378906
81,9,160,3.3452212810516357,3.3453879356384277,0.0001666545867919922
81,10,160,3.567837715148926,3.5673625469207764,-0.00047516822814941406
81,11,160,3.1840686798095703,3.1847429275512695,0.0006742477416992188
81,12,160,3.380072832107544,3.3802216053009033,0.000148773193359375
81,13,160,3.855527400970459,3.855523109436035,-4.291534423828125e-06
81,14,160,3.70007061958313,3.6988866329193115,-0.0011839866638183594
81,15,160,3.5749034881591797,3.5757906436920166,0.0008871555328369141
81,16,160,3.990008592605591,3.990419387817383,0.0004107952117919922
81,17,160,3.735006809234619,3.734243869781494,-0.000762939453125
81,18,160,2.9417476654052734,2.94091796875,-0.0008296966552734375
81,19,160,2.5419487953186035,2.542457103729248,0.0005083084106445312
82,0,160,3.4581105709075928,3.4572243690490723,-0.0008862018585205078
82,1,160,3.5578880310058594,3.557734966278076,-0.00015306472778320312
82,2,160,3.5358564853668213,3.5368261337280273,0.0009696483612060547
82,3,160,3.059311628341675,3.0590903759002686,-0.00022125244140625
82,4,160,2.8828604221343994,2.8841445446014404,0.0012841224670410156
82,5,160,3.4513907432556152,3.4520764350891113,0.0006856918334960938
82,6,160,3.3867697715759277,3.3865654468536377,-0.00020432472229003906
82,7,160,3.399177312850952,3.398054361343384,-0.0011229515075683594
82,8,160,3.1336090564727783,3.1328799724578857,-0.0007290840148925781
82,9,160,3.3452212810516357,3.34511399269104,-0.00010728836059570312
82,10,160,3.567837715148926,3.5677883625030518,-4.935264587402344e-05
82,11,160,3.1840686798095703,3.1851377487182617,0.0010690689086914062
82,12,160,3.380072832107544,3.3792760372161865,-0.0007967948913574219
82,13,160,3.855527400970459,3.8567042350769043,0.0011768341064453125
82,14,160,3.70007061958313,3.6998915672302246,-0.00017905235290527344
82,15,160,3.5749034881591797,3.575406074523926,0.0005025863647460938
82,16,160,3.990008592605591,3.989391803741455,-0.0006167888641357422
82,17,160,3.735006809234619,3.7366836071014404,0.001676797866821289
82,18,160,2.9417476654052734,2.9410836696624756,-0.0006639957427978516
82,19,160,2.5419487953186035,2.5413978099823,-0.0005509853363037109
83,0,160,3.4581105709075928,3.458981990814209,0.0008714199066162109
83,1,160,3.5578880310058594,3.5591087341308594,0.001220703125
83,2,160,3.5358564853668213,3.5362751483917236,0.00041866302490234375
83,3,160,3.059311628341675,3.0607380867004395,0.0014264583587646484
83,4,160,2.8828604221343994,2.88148832321167,-0.0013720989227294922
83,5,160,3.4513907432556152,3.4527111053466797,0.0013203620910644531
83,6,160,3.3867697715759277,3.387878179550171,0.001108407974243164
83,7,160,3.399177312850952,3.4020638465881348,0.002886533737182617
83,8,160,3.1336090564727783,3.1340808868408203,0.0004718303680419922
83,9,160,3.3452212810516357,3.346405267715454,0.0011839866638183594
83,10,160,3.567837715148926,3.568730115890503,0.0008924007415771484
83,11,160,3.1840686798095703,3.1880202293395996,0.003951549530029297
83,12,160,3.380072832107544,3.380136728286743,6.389617919921875e-05
83,13,160,3.855527400970459,3.857225179672241,0.0016977787017822266
83,14,160,3.70007061958313,3.699246883392334,-0.0008237361907958984
83,15,160,3.5749034881591797,3.573826551437378,-0.0010769367218017578
83,16,160,3.990008592605591,3.9901628494262695,0.00015425682067871094
83,17,160,3.735006809234619,3.735844612121582,0.0008378028869628906
83,18,160,2.9417476654052734,2.942976474761963,0.0012288093566894531
83,19,160,2.5419487953186035,2.5413427352905273,-0.0006060600280761719
84,0,160,3.4581105709075928,3.458413600921631,0.00030303001403808594
84,1,160,3.5578880310058594,3.5571630001068115,-0.0007250308990478516
84,2,160,3.5358564853668213,3.537306785583496,0.0014503002166748047
84,3,160,3.059311628341675,3.0615456104278564,0.0022339820861816406
84,4,160,2.8828604221343994,2.882805109024048,-5.53131103515625e-05
84,5,160,3.4513907432556152,3.4532527923583984,0.0018620491027832031
84,6,160,3.3867697715759277,3.389021396636963,0.0022516250610351562
84,7,160,3.399177312850952,3.4004178047180176,0.0012404918670654297
84,8,160,3.1336090564727783,3.1353049278259277,0.001695871353149414
84,9,160,3.3452212810516357,3.346619129180908,0.001397848129272461
84,10,160,3.567837715148926,3.569180727005005,0.0013430118560791016
84,11,160,3.1840686798095703,3.1851916313171387,0.0011229515075683594
84,12,160,3.380072832107544,3.3800978660583496,2.5033950805664062e-05
84,13,160,3.855527400970459,3.8557565212249756,0.00022912025451660156
84,14,160,3.70007061958313,3.700582504272461,0.0005118846893310547
84,15,160,3.5749034881591797,3.5746796131134033,-0.0002238750457763672
84,16,160,3.990008592605591,3.990906000137329,0.0008974075317382812
84,17,160,3.735006809234619,3.735523223876953,0.0005164146423339844
84,18,160,2.9417476654052734,2.941330671310425,-0.0004169940948486328
84,19,160,2.5419487953186035,2.5405845642089844,-0.0013642311096191406
85,0,160,3.4581105709075928,3.45672345161438,-0.0013871192932128906
85,1,160,3.5578880310058594,3.5579707622528076,8.273124694824219e-05
85,2,160,3.5358564853668213,3.5353481769561768,-0.0005083084106445312
85,3,160,3.059311628341675,3.0604214668273926,0.0011098384857177734
85,4,160,2.8828604221343994,2.8829689025878906,0.00010848045349121094
85,5,160,3.4513907432556152,3.450355052947998,-0.0010356903076171875
85,6,160,3.3867697715759277,3.386991024017334,0.00022125244140625
85,7,160,3.399177312850952,3.398461103439331,-0.0007162094116210938
85,8,160,3.1336090564727783,3.1334755420684814,-0.000133514404296875
85,9,160,3.3452212810516357,3.345259428024292,3.814697265625e-05
85,10,160,3.567837715148926,3.5681607723236084,0.0003230571746826172
85,11,160,3.1840686798095703,3.1846561431884766,0.00058746337890625
85,12,160,3.380072832107544,3.380765438079834,0.0006926059722900391
85,13,160,3.855527400970459,3.8555541038513184,2.6702880859375e-05
85,14,160,3.70007061958313,3.7005295753479004,0.0004589557647705078
85,15,160,3.5749034881591797,3.575094223022461,0.00019073486328125
85,16,160,3.990008592605591,3.9907684326171875,0.0007598400115966797
85,17,160,3.735006809234619,3.736238956451416,0.001232147216796875
85,18,160,2.9417476654052734,2.941983461380005,0.0002357959747314453
85,19,160,2.5419487953186035,2.543210983276367,0.0012621879577636719
86,0,160,3.4581105709075928,3.4585623741149902,0.00045180320739746094
86,1,160,3.5578880310058594,3.557422161102295,-0.0004658699035644531
86,2,160,3.5358564853668213,3.536044120788574,0.0001876354217529297
86,3,160,3.059311628341675,3.058802604675293,-0.0005090236663818359
86,4,160,2.8828604221343994,2.8826897144317627,-0.00017070770263671875
86,5,160,3.4513907432556152,3.4510908126831055,-0.0002999305725097656
86,6,160,3.3867697715759277,3.386970043182373,0.0002002716064453125
86,7,160,3.399177312850952,3.3985352516174316,-0.0006420612335205078
86,8,160,3.1336090564727783,3.133737802505493,0.00012874603271484375
86,9,160,3.3452212810516357,3.345801830291748,0.0005805492401123047
86,10,160,3.567837715148926,3.5694429874420166,0.0016052722930908203
86,11,160,3.1840686798095703,3.1860475540161133,0.0019788742065429688
86,12,160,3.380072832107544,3.383143901824951,0.0030710697174072266
86,13,160,3.855527400970459,3.8560242652893066,0.0004968643188476562
86,14,160,3.70007061958313,3.6991419792175293,-0.0009286403656005859
86,15,160,3.5749034881591797,3.5743789672851562,-0.0005245208740234375
86,16,160,3.990008592605591,3.9899742603302,-3.4332275390625e-05
86,17,160,3.735006809234619,3.7345125675201416,-0.0004942417144775391
86,18,160,2.9417476654052734,2.940920829772949,-0.0008268356323242188
86,19,160,2.5419487953186035,2.542048215866089,9.942054748535156e-05
87,0,160,3.4581105709075928,3.4585437774658203,0.00043320655822753906
87,1,160,3.5578880310058594,3.5574512481689453,-0.0004367828369140625
87,2,160,3.5358564853668213,3.5393383502960205,0.0034818649291992188
87,3,160,3.059311628341675,3.059589385986328,0.0002777576446533203
87,4,160,2.8828604221343994,2.8854758739471436,0.0026154518127441406
87,5,160,3.4513907432556152,3.4528756141662598,0.0014848709106445312
87,6,160,3.3867697715759277,3.387451171875,0.0006814002990722656
87,7,160,3.399177312850952,3.401675224304199,0.0024979114532470703
87,8,160,3.1336090564727783,3.1344165802001953,0.0008075237274169922
87,9,160,3.3452212810516357,3.3471930027008057,0.001971721649169922
87,10,160,3.567837715148926,3.567849636077881,1.1920928955078125e-05
87,11,160,3.1840686798095703,3.1864354610443115,0.002366781234741211
87,12,160,3.380072832107544,3.3811686038970947,0.0010957717895507812
87,13,160,3.855527400970459,3.856656551361084,0.001129150390625
87,14,160,3.70007061958313,3.6988236904144287,-0.0012469291687011719
87,15,160,3.5749034881591797,3.574775457382202,-0.00012803077697753906
87,16,160,3.990008592605591,3.9894371032714844,-0.0005714893341064453
87,17,160,3.735006809234619,3.7357635498046875,0.0007567405700683594
87,18,160,2.9417476654052734,2.9411706924438477,-0.0005769729614257812
87,19,160,2.5419487953186035,2.5407326221466064,-0.0012161731719970703
88,0,160,3.4581105709075928,3.4587838649749756,0.0006732940673828125
88,1,160,3.5578880310058594,3.558022975921631,0.00013494491577148438
88,2,160,3.5358564853668213,3.5365209579467773,0.0006644725799560547
88,3,160,3.059311628341675,3.0598230361938477,0.0005114078521728516
88,4,160,2.8828604221343994,2.8834025859832764,0.0005421638488769531
88,5,160,3.4513907432556152,3.451817512512207,0.0004267692565917969
88,6,160,3.3867697715759277,3.38671875,-5.1021575927734375e-05
88,7,160,3.399177312850952,3.4002771377563477,0.0010998249053955078
88,8,160,3.1336090564727783,3.133739709854126,0.00013065338134765625
88,9,160,3.3452212810516357,3.3474535942077637,0.0022323131561279297
88,10,160,3.567837715148926,3.5686235427856445,0.00078582763671875
88,11,160,3.1840686798095703,3.184091567993164,2.288818359375e-05
88,12,160,3.380072832107544,3.381101131439209,0.001028299331665039
88,13,160,3.855527400970459,3.854458808898926,-0.0010685920715332031
88,14,160,3.70007061958313,3.7003791332244873,0.0003085136413574219
88,15,160,3.5749034881591797,3.5760865211486816,0.0011830329895019531
88,16,160,3.990008592605591,3.990400552749634,0.00039196014404296875
88,17,160,3.735006809234619,3.7359657287597656,0.0009589195251464844
88,18,160,2.9417476654052734,2.942307233810425,0.0005595684051513672
88,19,160,2.5419487953186035,2.5434727668762207,0.0015239715576171875
89,0,160,3.4581105709075928,3.4576773643493652,-0.00043320655822753906
89,1,160,3.5578880310058594,3.558624029159546,0.0007359981536865234
89,2,160,3.5358564853668213,3.5351665019989014,-0.0006899833679199219
89,3,160,3.059311628341675,3.058263063430786,-0.0010485649108886719
89,4,160,2.8828604221343994,2.882014274597168,-0.0008461475372314453
89,5,160,3.4513907432556152,3.45192551612854,0.0005347728729248047
89,6,160,3.3867697715759277,3.385937452316284,-0.0008323192596435547
89,7,160,3.399177312850952,3.399503707885742,0.00032639503479003906
89,8,160,3.1336090564727783,3.133005142211914,-0.0006039142608642578
89,9,160,3.3452212810516357,3.3452036380767822,-1.7642974853515625e-05
89,10,160,3.567837715148926,3.5679633617401123,0.00012564659118652344
89,11,160,3.1840686798095703,3.1846160888671875,0.0005474090576171875
89,12,160,3.380072832107544,3.3800313472747803,-4.1484832763671875e-05
89,13,160,3.855527400970459,3.85517954826355,-0.0003478527069091797
89,14,160,3.70007061958313,3.7011280059814453,0.0010573863983154297
89,15,160,3.5749034881591797,3.5750315189361572,0.00012803077697753906
89,16,160,3.990008592605591,3.9912753105163574,0.0012667179107666016
89,17,160,3.735006809234619,3.7359864711761475,0.0009796619415283203
89,18,160,2.9417476654052734,2.941995620727539,0.000247955322265625
89,19,160,2.5419487953186035,2.541600227355957,-0.0003485679626464844
90,0,160,3.4581105709075928,3.4583427906036377,0.00023221969604492188
90,1,160,3.5578880310058594,3.5588133335113525,0.0009253025054931641
90,2,160,3.5358564853668213,3.5345137119293213,-0.0013427734375
90,3,160,3.059311628341675,3.058955192565918,-0.00035643577575683594
90,4,160,2.8828604221343994,2.8825058937072754,-0.00035452842712402344
90,5,160,3.4513907432556152,3.4508252143859863,-0.0005655288696289062
90,6,160,3.3867697715759277,3.387650728225708,0.0008809566497802734
90,7,160,3.399177312850952,3.400398015975952,0.001220703125
90,8,160,3.1336090564727783,3.1335060596466064,-0.000102996826171875
90,9,160,3.3452212810516357,3.345529317855835,0.00030803680419921875
90,10,160,3.567837715148926,3.5677099227905273,-0.0001277923583984375
90,11,160,3.1840686798095703,3.1836745738983154,-0.0003941059112548828
90,12,160,3.380072832107544,3.380985975265503,0.0009131431579589844
90,13,160,3.855527400970459,3.85483455657959,-0.0006928443908691406
90,14,160,3.70007061958313,3.7009220123291016,0.0008513927459716797
90,15,160,3.5749034881591797,3.575312376022339,0.0004088878631591797
90,16,160,3.990008592605591,3.9908790588378906,0.0008704662322998047
90,17,160,3.735006809234619,3.7360758781433105,0.0010690689086914062
90,18,160,2.9417476654052734,2.941483974456787,-0.0002636909484863281
90,19,160,2.5419487953186035,2.5419421195983887,-6.67572021484375e-06
91,0,160,3.4581105709075928,3.4580588340759277,-5.173683166503906e-05
91,1,160,3.5578880310058594,3.5589210987091064,0.0010330677032470703
91,2,160,3.5358564853668213,3.534691095352173,-0.0011653900146484375
91,3,160,3.059311628341675,3.0575528144836426,-0.0017588138580322266
91,4,160,2.8828604221343994,2.882728099822998,-0.0001323223114013672
91,5,160,3.4513907432556152,3.451266288757324,-0.00012445449829101562
91,6,160,3.3867697715759277,3.3862125873565674,-0.0005571842193603516
91,7,160,3.399177312850952,3.3996365070343018,0.0004591941833496094
91,8,160,3.1336090564727783,3.133922576904297,0.0003135204315185547
91,9,160,3.3452212810516357,3.3447425365448,-0.0004787445068359375
91,10,160,3.567837715148926,3.56782865524292,-9.059906005859375e-06
91,11,160,3.1840686798095703,3.187629222869873,0.0035605430603027344
91,12,160,3.380072832107544,3.3804190158843994,0.00034618377685546875
91,13,160,3.855527400970459,3.856769561767578,0.0012421607971191406
91,14,160,3.70007061958313,3.6998629570007324,-0.00020766258239746094
91,15,160,3.5749034881591797,3.575366973876953,0.0004634857177734375
91,16,160,3.990008592605591,3.988919734954834,-0.001088857650756836
91,17,160,3.735006809234619,3.7364461421966553,0.0014393329620361328
91,18,160,2.9417476654052734,2.941880941390991,0.00013327598571777344
91,19,160,2.5419487953186035,2.541823625564575,-0.0001251697540283203
92,0,160,3.4581105709075928,3.4579899311065674,-0.00012063980102539062
92,1,160,3.5578880310058594,3.557952642440796,6.461143493652344e-05
92,2,160,3.5358564853668213,3.535348653793335,-0.0005078315734863281
92,3,160,3.059311628341675,3.059339761734009,2.8133392333984375e-05
92,4,160,2.8828604221343994,2.8829822540283203,0.00012183189392089844
92,5,160,3.4513907432556152,3.450345993041992,-0.0010447502136230469
92,6,160,3.3867697715759277,3.3860466480255127,-0.0007231235504150391
92,7,160,3.399177312850952,3.398205280303955,-0.0009720325469970703
92,8,160,3.1336090564727783,3.133380651473999,-0.00022840499877929688
92,9,160,3.3452212810516357,3.344883441925049,-0.00033783912658691406
92,10,160,3.567837715148926,3.567591667175293,-0.0002460479736328125
92,11,160,3.1840686798095703,3.1844065189361572,0.00033783912658691406
92,12,160,3.380072832107544,3.3801209926605225,4.8160552978515625e-05
92,13,160,3.855527400970459,3.8552143573760986,-0.00031304359436035156
92,14,160,3.70007061958313,3.700294256210327,0.00022363662719726562
92,15,160,3.5749034881591797,3.575420618057251,0.0005171298980712891
92,16,160,3.990008592605591,3.989515781402588,-0.0004928112030029297
92,17,160,3.735006809234619,3.7357261180877686,0.0007193088531494141
92,18,160,2.9417476654052734,2.9405710697174072,-0.001176595687866211
92,19,160,2.5419487953186035,2.5414786338806152,-0.00047016143798828125
93,0,160,3.4581105709075928,3.458432197570801,0.0003216266632080078
93,1,160,3.5578880310058594,3.556825876235962,-0.001062154769897461
93,2,160,3.5358564853668213,3.5355517864227295,-0.0003046989440917969
93,3,160,3.059311628341675,3.0590176582336426,-0.00029397010803222656
93,4,160,2.8828604221343994,2.882920265197754,5.984306335449219e-05
93,5,160,3.4513907432556152,3.451247453689575,-0.00014328956604003906
93,6,160,3.3867697715759277,3.3862245082855225,-0.0005452632904052734
93,7,160,3.399177312850952,3.3994674682617188,0.00029015541076660156
93,8,160,3.1336090564727783,3.133028030395508,-0.0005810260772705078
93,9,160,3.3452212810516357,3.3448963165283203,-0.0003249645233154297
93,10,160,3.567837715148926,3.567922353744507,8.463859558105469e-05
93,11,160,3.1840686798095703,3.1859898567199707,0.0019211769104003906
93,12,160,3.380072832107544,3.379169464111328,-0.0009033679962158203
93,13,160,3.855527400970459,3.8550078868865967,-0.0005195140838623047
93,14,160,3.70007061958313,3.699824571609497,-0.0002460479736328125
93,15,160,3.5749034881591797,3.57560658454895,0.0007030963897705078
93,16,160,3.990008592605591,3.989997625350952,-1.0967254638671875e-05
93,17,160,3.735006809234619,3.7341649532318115,-0.0008418560028076172
93,18,160,2.9417476654052734,2.9425950050354004,0.0008473396301269531
93,19,160,2.5419487953186035,2.5433027744293213,0.0013539791107177734
94,0,160,3.4581105709075928,3.45768404006958,-0.0004265308380126953
94,1,160,3.5578880310058594,3.557473659515381,-0.0004143714904785156
94,2,160,3.5358564853668213,3.5340843200683594,-0.001772165298461914
94,3,160,3.059311628341675,3.0591447353363037,-0.00016689300537109375
94,4,160,2.8828604221343994,2.882298707962036,-0.0005617141723632812
94,5,160,3.4513907432556152,3.450322389602661,-0.0010683536529541016
94,6,160,3.3867697715759277,3.3862674236297607,-0.0005023479461669922
94,7,160,3.399177312850952,3.3985068798065186,-0.0006704330444335938
94,8,160,3.1336090564727783,3.1328964233398438,-0.0007126331329345703
94,9,160,3.3452212810516357,3.344071388244629,-0.001149892807006836
94,10,160,3.567837715148926,3.5664689540863037,-0.0013687610626220703
94,11,160,3.1840686798095703,3.1830739974975586,-0.0009946823120117188
94,12,160,3.380072832107544,3.379699230194092,-0.00037360191345214844
94,13,160,3.855527400970459,3.8552744388580322,-0.0002529621124267578
94,14,160,3.70007061958313,3.6990559101104736,-0.00101470947265625
94,15,160,3.5749034881591797,3.5754621028900146,0.0005586147308349609
94,16,160,3.990008592605591,3.9895288944244385,-0.00047969818115234375
94,17,160,3.735006809234619,3.7361526489257812,0.0011458396911621094
94,18,160,2.9417476654052734,2.9407925605773926,-0.0009551048278808594
94,19,160,2.5419487953186035,2.5408647060394287,-0.0010840892791748047
95,0,160,3.4581105709075928,3.458434820175171,0.000324249267578125
95,1,160,3.5578880310058594,3.5580458641052246,0.00015783309936523438
95,2,160,3.5358564853668213,3.5359935760498047,0.00013709068298339844
95,3,160,3.059311628341675,3.0593676567077637,5.602836608886719e-05
95,4,160,2.8828604221343994,2.8836607933044434,0.0008003711700439453
95,5,160,3.4513907432556152,3.451894998550415,0.0005042552947998047
95,6,160,3.3867697715759277,3.387382984161377,0.0006132125854492188
95,7,160,3.399177312850952,3.3991401195526123,-3.719329833984375e-05
95,8,160,3.1336090564727783,3.1337273120880127,0.000118255615234375
95,9,160,3.3452212810516357,3.3451199531555176,-0.00010132789611816406
95,10,160,3.567837715148926,3.569194793701172,0.0013570785522460938
95,11,160,3.1840686798095703,3.1845171451568604,0.00044846534729003906
95,12,160,3.380072832107544,3.3797008991241455,-0.0003719329833984375
95,13,160,3.855527400970459,3.8564040660858154,0.0008766651153564453
95,14,160,3.70007061958313,3.6993348598480225,-0.0007357597351074219
95,15,160,3.5749034881591797,3.575007438659668,0.00010395050048828125
95,16,160,3.990008592605591,3.991953134536743,0.0019445419311523438
95,17,160,3.735006809234619,3.734283685684204,-0.0007231235504150391
95,18,160,2.9417476654052734,2.9421756267547607,0.0004279613494873047
95,19,160,2.5419487953186035,2.5419182777404785,-3.0517578125e-05
96,0,160,3.4581105709075928,3.4577009677886963,-0.0004096031188964844
96,1,160,3.5578880310058594,3.5585970878601074,0.0007090568542480469
96,2,160,3.5358564853668213,3.5364184379577637,0.0005619525909423828
96,3,160,3.059311628341675,3.0607571601867676,0.0014455318450927734
96,4,160,2.8828604221343994,2.8815290927886963,-0.001331329345703125
96,5,160,3.4513907432556152,3.4511899948120117,-0.00020074844360351562
96,6,160,3.3867697715759277,3.38737154006958,0.0006017684936523438
96,7,160,3.399177312850952,3.3999273777008057,0.0007500648498535156
96,8,160,3.1336090564727783,3.134131908416748,0.0005228519439697266
96,9,160,3.3452212810516357,3.3446736335754395,-0.0005476474761962891
96,10,160,3.567837715148926,3.567866563796997,2.8848648071289062e-05
96,11,160,3.1840686798095703,3.183173656463623,-0.0008950233459472656
96,12,160,3.380072832107544,3.380174160003662,0.00010132789611816406
96,13,160,3.855527400970459,3.857670783996582,0.002143383026123047
96,14,160,3.70007061958313,3.699413537979126,-0.0006570816040039062
96,15,160,3.5749034881591797,3.5753731727600098,0.0004696846008300781
96,16,160,3.990008592605591,3.99245285987854,0.0024442672729492188
96,17,160,3.735006809234619,3.737028121948242,0.002021312713623047
96,18,160,2.9417476654052734,2.9416141510009766,-0.000133514404296875
96,19,160,2.5419487953186035,2.5414044857025146,-0.0005443096160888672
97,0,160,3.4581105709075928,3.457813262939453,-0.00029730796813964844
97,1,160,3.5578880310058594,3.5577359199523926,-0.00015211105346679688
97,2,160,3.5358564853668213,3.536001682281494,0.00014519691467285156
97,3,160,3.059311628341675,3.0609755516052246,0.0016639232635498047
97,4,160,2.8828604221343994,2.882265567779541,-0.0005948543548583984
97,5,160,3.4513907432556152,3.4514784812927246,8.7738037109375e-05
97,6,160,3.3867697715759277,3.3866419792175293,-0.0001277923583984375
97,7,160,3.399177312850952,3.400620698928833,0.0014433860778808594
97,8,160,3.1336090564727783,3.1346957683563232,0.0010867118835449219
97,9,160,3.3452212810516357,3.3456969261169434,0.0004756450653076172
97,10,160,3.567837715148926,3.5680253505706787,0.0001876354217529297
97,11,160,3.1840686798095703,3.1830670833587646,-0.001001596450805664
97,12,160,3.380072832107544,3.3796536922454834,-0.0004191398620605469
97,13,160,3.855527400970459,3.857076644897461,0.0015492439270019531
97,14,160,3.70007061958313,3.7006676197052,0.0005970001220703125
97,15,160,3.5749034881591797,3.574732542037964,-0.0001709461212158203
97,16,160,3.990008592605591,3.991776704788208,0.0017681121826171875
97,17,160,3.735006809234619,3.7356414794921875,0.0006346702575683594
97,18,160,2.9417476654052734,2.941622495651245,-0.0001251697540283203
97,19,160,2.5419487953186035,2.5416808128356934,-0.00026798248291015625
98,0,160,3.4581105709075928,3.4574787616729736,-0.0006318092346191406
98,1,160,3.5578880310058594,3.558204174041748,0.0003161430358886719
98,2,160,3.5358564853668213,3.535545587539673,-0.0003108978271484375
98,3,160,3.059311628341675,3.05924916267395,-6.246566772460938e-05
98,4,160,2.8828604221343994,2.8824634552001953,-0.00039696693420410156
98,5,160,3.4513907432556152,3.451075553894043,-0.0003151893615722656
98,6,160,3.3867697715759277,3.3866143226623535,-0.00015544891357421875
98,7,160,3.399177312850952,3.3987884521484375,-0.00038886070251464844
98,8,160,3.1336090564727783,3.131706953048706,-0.0019021034240722656
98,9,160,3.3452212810516357,3.344759702682495,-0.000461578369140625
98,10,160,3.567837715148926,3.5677530765533447,-8.463859558105469e-05
98,11,160,3.1840686798095703,3.1848344802856445,0.0007658004760742188
98,12,160,3.380072832107544,3.3803420066833496,0.00026917457580566406
98,13,160,3.855527400970459,3.856156826019287,0.000629425048828125
98,14,160,3.70007061958313,3.70036244392395,0.0002918243408203125
98,15,160,3.5749034881591797,3.5742974281311035,-0.0006060600280761719
98,16,160,3.990008592605591,3.990124225616455,0.00011563301086425781
98,17,160,3.735006809234619,3.736213207244873,0.0012063980102539062
98,18,160,2.9417476654052734,2.942805051803589,0.0010573863983154297
98,19,160,2.5419487953186035,2.540562152862549,-0.0013866424560546875
99,0,160,3.4581105709075928,3.4576992988586426,-0.0004112720489501953
99,1,160,3.5578880310058594,3.5588278770446777,0.0009398460388183594
99,2,160,3.5358564853668213,3.5355052947998047,-0.00035119056701660156
99,3,160,3.059311628341675,3.0604705810546875,0.0011589527130126953
99,4,160,2.8828604221343994,2.8829121589660645,5.173683166503906e-05
99,5,160,3.4513907432556152,3.4505064487457275,-0.0008842945098876953
99,6,160,3.3867697715759277,3.386489152908325,-0.00028061866760253906
99,7,160,3.399177312850952,3.3973326683044434,-0.001844644546508789
99,8,160,3.1336090564727783,3.132317066192627,-0.0012919902801513672
99,9,160,3.3452212810516357,3.344796895980835,-0.00042438507080078125
99,10,160,3.567837715148926,3.5678577423095703,2.002716064453125e-05
99,11,160,3.1840686798095703,3.1844677925109863,0.0003991127014160156
99,12,160,3.380072832107544,3.379195213317871,-0.0008776187896728516
99,13,160,3.855527400970459,3.8559975624084473,0.00047016143798828125
99,14,160,3.70007061958313,3.699899196624756,-0.00017142295837402344
99,15,160,3.5749034881591797,3.5744597911834717,-0.0004436969757080078
99,16,160,3.990008592605591,3.990556478500366,0.0005478858947753906
99,17,160,3.735006809234619,3.735276699066162,0.00026988983154296875
99,18,160,2.9417476654052734,2.9418301582336426,8.249282836914062e-05
99,19,160,2.5419487953186035,2.5408315658569336,-0.0011172294616699219
