subset,query,n_removed,baseline_loss,filtered_loss,loss_change
0,0,160,3.398008108139038,3.3997583389282227,0.0017502307891845703
0,1,160,3.5275416374206543,3.5275232791900635,-1.8358230590820312e-05
0,2,160,3.434554100036621,3.434908390045166,0.0003542900085449219
0,3,160,2.9997081756591797,3.00207781791687,0.0023696422576904297
0,4,160,2.8270888328552246,2.825578212738037,-0.0015106201171875
0,5,160,3.3356993198394775,3.337622880935669,0.0019235610961914062
0,6,160,3.322209596633911,3.323625326156616,0.0014157295227050781
0,7,160,3.3482539653778076,3.3499948978424072,0.0017409324645996094
0,8,160,3.0581541061401367,3.059701442718506,0.0015473365783691406
0,9,160,3.2790122032165527,3.279388189315796,0.00037598609924316406
0,10,160,3.482422351837158,3.48100209236145,-0.0014202594757080078
0,11,160,3.1049365997314453,3.107783794403076,0.0028471946716308594
0,12,160,3.3190739154815674,3.319180727005005,0.0001068115234375
0,13,160,3.80618953704834,3.805363416671753,-0.0008261203765869141
0,14,160,3.6390950679779053,3.6418023109436035,0.002707242965698242
0,15,160,3.567099094390869,3.568121910095215,0.0010228157043457031
0,16,160,3.9213218688964844,3.921473503112793,0.00015163421630859375
0,17,160,3.5119147300720215,3.515662908554077,0.003748178482055664
0,18,160,2.919949769973755,2.9228665828704834,0.0029168128967285156
0,19,160,2.520082950592041,2.5233683586120605,0.0032854080200195312
1,0,160,3.398008108139038,3.3989338874816895,0.0009257793426513672
1,1,160,3.5275416374206543,3.5288138389587402,0.0012722015380859375
1,2,160,3.434554100036621,3.4365499019622803,0.0019958019256591797
1,3,160,2.9997081756591797,2.9991819858551025,-0.0005261898040771484
1,4,160,2.8270888328552246,2.8278884887695312,0.0007996559143066406
1,5,160,3.3356993198394775,3.3388988971710205,0.0031995773315429688
1,6,160,3.322209596633911,3.3248260021209717,0.002616405487060547
1,7,160,3.3482539653778076,3.3514957427978516,0.0032417774200439453
1,8,160,3.0581541061401367,3.059185743331909,0.001031637191772461
1,9,160,3.2790122032165527,3.2799625396728516,0.0009503364562988281
1,10,160,3.482422351837158,3.4841301441192627,0.0017077922821044922
1,11,160,3.1049365997314453,3.1072142124176025,0.0022776126861572266
1,12,160,3.3190739154815674,3.3308017253875732,0.01172780990600586
1,13,160,3.80618953704834,3.8051412105560303,-0.0010483264923095703
1,14,160,3.6390950679779053,3.642578125,0.0034830570220947266
1,15,160,3.567099094390869,3.5673131942749023,0.00021409988403320312
1,16,160,3.9213218688964844,3.920844793319702,-0.00047707557678222656
1,17,160,3.5119147300720215,3.5142288208007812,0.0023140907287597656
1,18,160,2.919949769973755,2.9232616424560547,0.0033118724822998047
1,19,160,2.520082950592041,2.5227127075195312,0.0026297569274902344
2,0,160,3.398008108139038,3.399303436279297,0.001295328140258789
2,1,160,3.5275416374206543,3.527212142944336,-0.0003294944763183594
2,2,160,3.434554100036621,3.434490203857422,-6.389617919921875e-05
2,3,160,2.9997081756591797,3.000586986541748,0.0008788108825683594
2,4,160,2.8270888328552246,2.8271822929382324,9.34600830078125e-05
2,5,160,3.3356993198394775,3.337759256362915,0.0020599365234375
2,6,160,3.322209596633911,3.324277400970459,0.0020678043365478516
2,7,160,3.3482539653778076,3.349618673324585,0.0013647079467773438
2,8,160,3.0581541061401367,3.059110164642334,0.0009560585021972656
2,9,160,3.2790122032165527,3.280212640762329,0.0012004375457763672
2,10,160,3.482422351837158,3.480956792831421,-0.0014655590057373047
2,11,160,3.1049365997314453,3.109405755996704,0.004469156265258789
2,12,160,3.3190739154815674,3.3194477558135986,0.00037384033203125
2,13,160,3.80618953704834,3.806382656097412,0.00019311904907226562
2,14,160,3.6390950679779053,3.643625259399414,0.004530191421508789
2,15,160,3.567099094390869,3.5677707195281982,0.0006716251373291016
2,16,160,3.9213218688964844,3.9224159717559814,0.0010941028594970703
2,17,160,3.5119147300720215,3.5146799087524414,0.002765178680419922
2,18,160,2.919949769973755,2.923013925552368,0.0030641555786132812
2,19,160,2.520082950592041,2.5226125717163086,0.002529621124267578
3,0,160,3.398008108139038,3.3975110054016113,-0.0004971027374267578
3,1,160,3.5275416374206543,3.529362678527832,0.0018210411071777344
3,2,160,3.434554100036621,3.4354248046875,0.0008707046508789062
3,3,160,2.9997081756591797,2.999537467956543,-0.00017070770263671875
3,4,160,2.8270888328552246,2.8275184631347656,0.0004296302795410156
3,5,160,3.3356993198394775,3.3360791206359863,0.00037980079650878906
3,6,160,3.322209596633911,3.3237621784210205,0.001552581787109375
3,7,160,3.3482539653778076,3.3495616912841797,0.0013077259063720703
3,8,160,3.0581541061401367,3.058767795562744,0.0006136894226074219
3,9,160,3.2790122032165527,3.279322862625122,0.00031065940856933594
3,10,160,3.482422351837158,3.482199192047119,-0.0002231597900390625
3,11,160,3.1049365997314453,3.1076548099517822,0.002718210220336914
3,12,160,3.3190739154815674,3.3184280395507812,-0.0006458759307861328
3,13,160,3.80618953704834,3.803769111633301,-0.0024204254150390625
3,14,160,3.6390950679779053,3.642587184906006,0.003492116928100586
3,15,160,3.567099094390869,3.5675370693206787,0.0004379749298095703
3,16,160,3.9213218688964844,3.921309471130371,-1.239776611328125e-05
3,17,160,3.5119147300720215,3.515251398086548,0.003336668014526367
3,18,160,2.919949769973755,2.923567056655884,0.0036172866821289062
3,19,160,2.520082950592041,2.521639585494995,0.0015566349029541016
4,0,160,3.398008108139038,3.400739908218384,0.002731800079345703
4,1,160,3.5275416374206543,3.526639938354492,-0.0009016990661621094
4,2,160,3.434554100036621,3.4345664978027344,1.239776611328125e-05
4,3,160,2.9997081756591797,3.0010759830474854,0.001367807388305664
4,4,160,2.8270888328552246,2.826773166656494,-0.00031566619873046875
4,5,160,3.3356993198394775,3.3370840549468994,0.001384735107421875
4,6,160,3.322209596633911,3.323406457901001,0.0011968612670898438
4,7,160,3.3482539653778076,3.3502912521362305,0.0020372867584228516
4,8,160,3.0581541061401367,3.0588324069976807,0.0006783008575439453
4,9,160,3.2790122032165527,3.2810330390930176,0.0020208358764648438
4,10,160,3.482422351837158,3.4838011264801025,0.001378774642944336
4,11,160,3.1049365997314453,3.1066393852233887,0.0017027854919433594
4,12,160,3.3190739154815674,3.3306469917297363,0.011573076248168945
4,13,160,3.80618953704834,3.806288719177246,9.918212890625e-05
4,14,160,3.6390950679779053,3.641907215118408,0.0028121471405029297
4,15,160,3.567099094390869,3.5676047801971436,0.0005056858062744141
4,16,160,3.9213218688964844,3.9204413890838623,-0.0008804798126220703
4,17,160,3.5119147300720215,3.5154340267181396,0.003519296646118164
4,18,160,2.919949769973755,2.923844575881958,0.003894805908203125
4,19,160,2.520082950592041,2.5225327014923096,0.0024497509002685547
5,0,160,3.398008108139038,3.4007081985473633,0.0027000904083251953
5,1,160,3.5275416374206543,3.528451681137085,0.0009100437164306641
5,2,160,3.434554100036621,3.432649612426758,-0.0019044876098632812
5,3,160,2.9997081756591797,2.9987728595733643,-0.0009353160858154297
5,4,160,2.8270888328552246,2.82711124420166,2.2411346435546875e-05
5,5,160,3.3356993198394775,3.3361048698425293,0.0004055500030517578
5,6,160,3.322209596633911,3.3240041732788086,0.001794576644897461
5,7,160,3.3482539653778076,3.351515054702759,0.003261089324951172
5,8,160,3.0581541061401367,3.0584065914154053,0.0002524852752685547
5,9,160,3.2790122032165527,3.279898166656494,0.0008859634399414062
5,10,160,3.482422351837158,3.48288893699646,0.0004665851593017578
5,11,160,3.1049365997314453,3.1071062088012695,0.0021696090698242188
5,12,160,3.3190739154815674,3.318415403366089,-0.0006585121154785156
5,13,160,3.80618953704834,3.8061792850494385,-1.0251998901367188e-05
5,14,160,3.6390950679779053,3.641888380050659,0.0027933120727539062
5,15,160,3.567099094390869,3.5696218013763428,0.002522706985473633
5,16,160,3.9213218688964844,3.9201462268829346,-0.0011756420135498047
5,17,160,3.5119147300720215,3.5159947872161865,0.004080057144165039
5,18,160,2.919949769973755,2.923755407333374,0.0038056373596191406
5,19,160,2.520082950592041,2.5222628116607666,0.002179861068725586
6,0,160,3.398008108139038,3.39967679977417,0.001668691635131836
6,1,160,3.5275416374206543,3.528686761856079,0.0011451244354248047
6,2,160,3.434554100036621,3.43338680267334,-0.00116729736328125
6,3,160,2.9997081756591797,3.0010504722595215,0.0013422966003417969
6,4,160,2.8270888328552246,2.8270366191864014,-5.221366882324219e-05
6,5,160,3.3356993198394775,3.3357162475585938,1.6927719116210938e-05
6,6,160,3.322209596633911,3.32163405418396,-0.0005755424499511719
6,7,160,3.3482539653778076,3.34965443611145,0.0014004707336425781
6,8,160,3.0581541061401367,3.0577962398529053,-0.0003578662872314453
6,9,160,3.2790122032165527,3.277505397796631,-0.001506805419921875
6,10,160,3.482422351837158,3.481867790222168,-0.0005545616149902344
6,11,160,3.1049365997314453,3.1060638427734375,0.0011272430419921875
6,12,160,3.3190739154815674,3.319247245788574,0.00017333030700683594
6,13,160,3.80618953704834,3.8055262565612793,-0.0006632804870605469
6,14,160,3.6390950679779053,3.644313097000122,0.005218029022216797
6,15,160,3.567099094390869,3.5667755603790283,-0.0003235340118408203
6,16,160,3.9213218688964844,3.92110013961792,-0.00022172927856445312
6,17,160,3.5119147300720215,3.5149312019348145,0.0030164718627929688
6,18,160,2.919949769973755,2.9214649200439453,0.0015151500701904297
6,19,160,2.520082950592041,2.52034592628479,0.00026297569274902344
7,0,160,3.398008108139038,3.4001753330230713,0.002167224884033203
7,1,160,3.5275416374206543,3.528616428375244,0.0010747909545898438
7,2,160,3.434554100036621,3.4349491596221924,0.00039505958557128906
7,3,160,2.9997081756591797,3.000258445739746,0.0005502700805664062
7,4,160,2.8270888328552246,2.8282721042633057,0.0011832714080810547
7,5,160,3.3356993198394775,3.337413787841797,0.001714468002319336
7,6,160,3.322209596633911,3.3249480724334717,0.002738475799560547
7,7,160,3.3482539653778076,3.349234104156494,0.0009801387786865234
7,8,160,3.0581541061401367,3.0581352710723877,-1.8835067749023438e-05
7,9,160,3.2790122032165527,3.2789480686187744,-6.413459777832031e-05
7,10,160,3.482422351837158,3.4825804233551025,0.00015807151794433594
7,11,160,3.1049365997314453,3.1077613830566406,0.0028247833251953125
7,12,160,3.3190739154815674,3.3191850185394287,0.00011110305786132812
7,13,160,3.80618953704834,3.806037664413452,-0.0001518726348876953
7,14,160,3.6390950679779053,3.641655921936035,0.002560853958129883
7,15,160,3.567099094390869,3.5688886642456055,0.0017895698547363281
7,16,160,3.9213218688964844,3.9215219020843506,0.00020003318786621094
7,17,160,3.5119147300720215,3.5165109634399414,0.004596233367919922
7,18,160,2.919949769973755,2.922560691833496,0.002610921859741211
7,19,160,2.520082950592041,2.524620294570923,0.004537343978881836
8,0,160,3.398008108139038,3.39921498298645,0.0012068748474121094
8,1,160,3.5275416374206543,3.5251898765563965,-0.0023517608642578125
8,2,160,3.434554100036621,3.4335060119628906,-0.0010480880737304688
8,3,160,2.9997081756591797,3.0024755001068115,0.002767324447631836
8,4,160,2.8270888328552246,2.8267860412597656,-0.0003027915954589844
8,5,160,3.3356993198394775,3.3359131813049316,0.00021386146545410156
8,6,160,3.322209596633911,3.3227922916412354,0.0005826950073242188
8,7,160,3.3482539653778076,3.3479909896850586,-0.00026297569274902344
8,8,160,3.0581541061401367,3.056004524230957,-0.0021495819091796875
8,9,160,3.2790122032165527,3.2777040004730225,-0.0013082027435302734
8,10,160,3.482422351837158,3.4812443256378174,-0.0011780261993408203
8,11,160,3.1049365997314453,3.109351873397827,0.004415273666381836
8,12,160,3.3190739154815674,3.3190295696258545,-4.4345855712890625e-05
8,13,160,3.80618953704834,3.8039276599884033,-0.0022618770599365234
8,14,160,3.6390950679779053,3.643526792526245,0.004431724548339844
8,15,160,3.567099094390869,3.569404363632202,0.002305269241333008
8,16,160,3.9213218688964844,3.9203953742980957,-0.0009264945983886719
8,17,160,3.5119147300720215,3.515021562576294,0.003106832504272461
8,18,160,2.919949769973755,2.922309637069702,0.0023598670959472656
8,19,160,2.520082950592041,2.5239078998565674,0.003824949264526367
9,0,160,3.398008108139038,3.397054672241211,-0.0009534358978271484
9,1,160,3.5275416374206543,3.5260462760925293,-0.001495361328125
9,2,160,3.434554100036621,3.436237335205078,0.0016832351684570312
9,3,160,2.9997081756591797,2.9986658096313477,-0.0010423660278320312
9,4,160,2.8270888328552246,2.8260979652404785,-0.0009908676147460938
9,5,160,3.3356993198394775,3.3369412422180176,0.001241922378540039
9,6,160,3.322209596633911,3.3225889205932617,0.00037932395935058594
9,7,160,3.3482539653778076,3.350191831588745,0.0019378662109375
9,8,160,3.0581541061401367,3.057982921600342,-0.00017118453979492188
9,9,160,3.2790122032165527,3.2817208766937256,0.0027086734771728516
9,10,160,3.482422351837158,3.4819369316101074,-0.00048542022705078125
9,11,160,3.1049365997314453,3.1075668334960938,0.0026302337646484375
9,12,160,3.3190739154815674,3.3198702335357666,0.0007963180541992188
9,13,160,3.80618953704834,3.805744171142578,-0.00044536590576171875
9,14,160,3.6390950679779053,3.6421804428100586,0.0030853748321533203
9,15,160,3.567099094390869,3.566990613937378,-0.00010848045349121094
9,16,160,3.9213218688964844,3.920853853225708,-0.0004680156707763672
9,17,160,3.5119147300720215,3.516361713409424,0.004446983337402344
9,18,160,2.919949769973755,2.923403739929199,0.003453969955444336
9,19,160,2.520082950592041,2.5206217765808105,0.0005388259887695312
10,0,160,3.398008108139038,3.400998115539551,0.0029900074005126953
10,1,160,3.5275416374206543,3.528197765350342,0.0006561279296875
10,2,160,3.434554100036621,3.4345600605010986,5.9604644775390625e-06
10,3,160,2.9997081756591797,2.9995479583740234,-0.00016021728515625
10,4,160,2.8270888328552246,2.826693296432495,-0.0003955364227294922
10,5,160,3.3356993198394775,3.334993362426758,-0.0007059574127197266
10,6,160,3.322209596633911,3.3204259872436523,-0.001783609390258789
10,7,160,3.3482539653778076,3.3507513999938965,0.002497434616088867
10,8,160,3.0581541061401367,3.0581960678100586,4.1961669921875e-05
10,9,160,3.2790122032165527,3.2815792560577393,0.0025670528411865234
10,10,160,3.482422351837158,3.480661392211914,-0.0017609596252441406
10,11,160,3.1049365997314453,3.1076066493988037,0.0026700496673583984
10,12,160,3.3190739154815674,3.3184163570404053,-0.0006575584411621094
10,13,160,3.80618953704834,3.805297613143921,-0.0008919239044189453
10,14,160,3.6390950679779053,3.640307664871216,0.0012125968933105469
10,15,160,3.567099094390869,3.5678651332855225,0.0007660388946533203
10,16,160,3.9213218688964844,3.9211108684539795,-0.0002110004425048828
10,17,160,3.5119147300720215,3.5154645442962646,0.003549814224243164
10,18,160,2.919949769973755,2.9228622913360596,0.0029125213623046875
10,19,160,2.520082950592041,2.5239624977111816,0.003879547119140625
11,0,160,3.398008108139038,3.39951491355896,0.001506805419921875
11,1,160,3.5275416374206543,3.52781343460083,0.00027179718017578125
11,2,160,3.434554100036621,3.434720039367676,0.0001659393310546875
11,3,160,2.9997081756591797,3.000298023223877,0.0005898475646972656
11,4,160,2.8270888328552246,2.8274078369140625,0.0003190040588378906
11,5,160,3.3356993198394775,3.337099313735962,0.001399993896484375
11,6,160,3.322209596633911,3.324739694595337,0.0025300979614257812
11,7,160,3.3482539653778076,3.3485805988311768,0.0003266334533691406
11,8,160,3.0581541061401367,3.058403968811035,0.0002498626708984375
11,9,160,3.2790122032165527,3.277698278427124,-0.001313924789428711
11,10,160,3.482422351837158,3.482893228530884,0.00047087669372558594
11,11,160,3.1049365997314453,3.1074037551879883,0.0024671554565429688
11,12,160,3.3190739154815674,3.31728196144104,-0.0017919540405273438
11,13,160,3.80618953704834,3.8072268962860107,0.0010373592376708984
11,14,160,3.6390950679779053,3.641479015350342,0.0023839473724365234
11,15,160,3.567099094390869,3.568023204803467,0.0009241104125976562
11,16,160,3.9213218688964844,3.920281171798706,-0.0010406970977783203
11,17,160,3.5119147300720215,3.515717029571533,0.0038022994995117188
11,18,160,2.919949769973755,2.9219024181365967,0.0019526481628417969
11,19,160,2.520082950592041,2.5203890800476074,0.00030612945556640625
12,0,160,3.398008108139038,3.397991418838501,-1.6689300537109375e-05
12,1,160,3.5275416374206543,3.528871536254883,0.0013298988342285156
12,2,160,3.434554100036621,3.433581829071045,-0.0009722709655761719
12,3,160,2.9997081756591797,2.999488592147827,-0.00021958351135253906
12,4,160,2.8270888328552246,2.8267600536346436,-0.0003287792205810547
12,5,160,3.3356993198394775,3.338120937347412,0.0024216175079345703
12,6,160,3.322209596633911,3.324300765991211,0.0020911693572998047
12,7,160,3.3482539653778076,3.3495712280273438,0.0013172626495361328
12,8,160,3.0581541061401367,3.0588550567626953,0.0007009506225585938
12,9,160,3.2790122032165527,3.279261350631714,0.0002491474151611328
12,10,160,3.482422351837158,3.4819529056549072,-0.00046944618225097656
12,11,160,3.1049365997314453,3.107665777206421,0.002729177474975586
12,12,160,3.3190739154815674,3.3202476501464844,0.0011737346649169922
12,13,160,3.80618953704834,3.8065953254699707,0.0004057884216308594
12,14,160,3.6390950679779053,3.6417057514190674,0.0026106834411621094
12,15,160,3.567099094390869,3.5681536197662354,0.001054525375366211
12,16,160,3.9213218688964844,3.9228084087371826,0.0014865398406982422
12,17,160,3.5119147300720215,3.5144805908203125,0.0025658607482910156
12,18,160,2.919949769973755,2.922517776489258,0.0025680065155029297
12,19,160,2.520082950592041,2.5225532054901123,0.002470254898071289
13,0,160,3.398008108139038,3.3989851474761963,0.0009770393371582031
13,1,160,3.5275416374206543,3.5277631282806396,0.00022149085998535156
13,2,160,3.434554100036621,3.4335124492645264,-0.0010416507720947266
13,3,160,2.9997081756591797,2.999946117401123,0.00023794174194335938
13,4,160,2.8270888328552246,2.826003074645996,-0.0010857582092285156
13,5,160,3.3356993198394775,3.3352272510528564,-0.00047206878662109375
13,6,160,3.322209596633911,3.3234708309173584,0.0012612342834472656
13,7,160,3.3482539653778076,3.350750684738159,0.0024967193603515625
13,8,160,3.0581541061401367,3.055562973022461,-0.0025911331176757812
13,9,160,3.2790122032165527,3.2776412963867188,-0.0013709068298339844
13,10,160,3.482422351837158,3.480613946914673,-0.0018084049224853516
13,11,160,3.1049365997314453,3.1074016094207764,0.0024650096893310547
13,12,160,3.3190739154815674,3.3190271854400635,-4.673004150390625e-05
13,13,160,3.80618953704834,3.8054237365722656,-0.0007658004760742188
13,14,160,3.6390950679779053,3.639847993850708,0.0007529258728027344
13,15,160,3.567099094390869,3.5671820640563965,8.296966552734375e-05
13,16,160,3.9213218688964844,3.9211533069610596,-0.0001685619354248047
13,17,160,3.5119147300720215,3.515031337738037,0.003116607666015625
13,18,160,2.919949769973755,2.922457456588745,0.0025076866149902344
13,19,160,2.520082950592041,2.523513078689575,0.0034301280975341797
14,0,160,3.398008108139038,3.3983194828033447,0.0003113746643066406
14,1,160,3.5275416374206543,3.5269224643707275,-0.0006191730499267578
14,2,160,3.434554100036621,3.4390101432800293,0.004456043243408203
14,3,160,2.9997081756591797,3.0059666633605957,0.006258487701416016
14,4,160,2.8270888328552246,2.8296570777893066,0.0025682449340820312
14,5,160,3.3356993198394775,3.340979814529419,0.005280494689941406
14,6,160,3.322209596633911,3.324577569961548,0.0023679733276367188
14,7,160,3.3482539653778076,3.353360176086426,0.005106210708618164
14,8,160,3.0581541061401367,3.0625977516174316,0.004443645477294922
14,9,160,3.2790122032165527,3.2827513217926025,0.0037391185760498047
14,10,160,3.482422351837158,3.4864368438720703,0.004014492034912109
14,11,160,3.1049365997314453,3.1070454120635986,0.0021088123321533203
14,12,160,3.3190739154815674,3.3188588619232178,-0.00021505355834960938
14,13,160,3.80618953704834,3.8050413131713867,-0.001148223876953125
14,14,160,3.6390950679779053,3.6440889835357666,0.004993915557861328
14,15,160,3.567099094390869,3.5670011043548584,-9.799003601074219e-05
14,16,160,3.9213218688964844,3.9210731983184814,-0.0002486705780029297
14,17,160,3.5119147300720215,3.515658140182495,0.003743410110473633
14,18,160,2.919949769973755,2.92345929145813,0.003509521484375
14,19,160,2.520082950592041,2.523256778717041,0.003173828125
15,0,160,3.398008108139038,3.399214744567871,0.0012066364288330078
15,1,160,3.5275416374206543,3.5259459018707275,-0.0015957355499267578
15,2,160,3.434554100036621,3.434616804122925,6.270408630371094e-05
15,3,160,2.9997081756591797,2.9990458488464355,-0.0006623268127441406
15,4,160,2.8270888328552246,2.8285462856292725,0.0014574527740478516
15,5,160,3.3356993198394775,3.339169979095459,0.0034706592559814453
15,6,160,3.322209596633911,3.3238720893859863,0.0016624927520751953
15,7,160,3.3482539653778076,3.3509912490844727,0.002737283706665039
15,8,160,3.0581541061401367,3.0586302280426025,0.0004761219024658203
15,9,160,3.2790122032165527,3.2798502445220947,0.0008380413055419922
15,10,160,3.482422351837158,3.482785224914551,0.0003628730773925781
15,11,160,3.1049365997314453,3.1060492992401123,0.0011126995086669922
15,12,160,3.3190739154815674,3.3179287910461426,-0.0011451244354248047
15,13,160,3.80618953704834,3.806487560272217,0.0002980232238769531
15,14,160,3.6390950679779053,3.641695976257324,0.0026009082794189453
15,15,160,3.567099094390869,3.5673763751983643,0.0002772808074951172
15,16,160,3.9213218688964844,3.9230260848999023,0.0017042160034179688
15,17,160,3.5119147300720215,3.516205310821533,0.004290580749511719
15,18,160,2.919949769973755,2.923468828201294,0.0035190582275390625
15,19,160,2.520082950592041,2.5242908000946045,0.0042078495025634766
16,0,160,3.398008108139038,3.397749662399292,-0.00025844573974609375
16,1,160,3.5275416374206543,3.5279994010925293,0.000457763671875
16,2,160,3.434554100036621,3.437025547027588,0.002471446990966797
16,3,160,2.9997081756591797,2.9985597133636475,-0.0011484622955322266
16,4,160,2.8270888328552246,2.8278586864471436,0.0007698535919189453
16,5,160,3.3356993198394775,3.338458299636841,0.0027589797973632812
16,6,160,3.322209596633911,3.3238985538482666,0.0016889572143554688
16,7,160,3.3482539653778076,3.3498921394348145,0.001638174057006836
16,8,160,3.0581541061401367,3.059178590774536,0.001024484634399414
16,9,160,3.2790122032165527,3.279308319091797,0.0002961158752441406
16,10,160,3.482422351837158,3.481570243835449,-0.0008521080017089844
16,11,160,3.1049365997314453,3.105424165725708,0.0004875659942626953
16,12,160,3.3190739154815674,3.330805778503418,0.011731863021850586
16,13,160,3.80618953704834,3.805079698562622,-0.0011098384857177734
16,14,160,3.6390950679779053,3.641596794128418,0.0025017261505126953
16,15,160,3.567099094390869,3.568784475326538,0.0016853809356689453
16,16,160,3.9213218688964844,3.9207940101623535,-0.0005278587341308594
16,17,160,3.5119147300720215,3.5135719776153564,0.001657247543334961
16,18,160,2.919949769973755,2.924682378768921,0.004732608795166016
16,19,160,2.520082950592041,2.523591995239258,0.003509044647216797
17,0,160,3.398008108139038,3.399479389190674,0.0014712810516357422
17,1,160,3.5275416374206543,3.5305495262145996,0.0030078887939453125
17,2,160,3.434554100036621,3.4346301555633545,7.605552673339844e-05
17,3,160,2.9997081756591797,2.9986579418182373,-0.0010502338409423828
17,4,160,2.8270888328552246,2.8268208503723145,-0.00026798248291015625
17,5,160,3.3356993198394775,3.3374860286712646,0.0017867088317871094
17,6,160,3.322209596633911,3.323272943496704,0.0010633468627929688
17,7,160,3.3482539653778076,3.3486063480377197,0.0003523826599121094
17,8,160,3.0581541061401367,3.0580451488494873,-0.00010895729064941406
17,9,160,3.2790122032165527,3.2807490825653076,0.0017368793487548828
17,10,160,3.482422351837158,3.483659029006958,0.0012366771697998047
17,11,160,3.1049365997314453,3.105266571044922,0.0003299713134765625
17,12,160,3.3190739154815674,3.320108652114868,0.0010347366333007812
17,13,160,3.80618953704834,3.8069820404052734,0.0007925033569335938
17,14,160,3.6390950679779053,3.6431024074554443,0.0040073394775390625
17,15,160,3.567099094390869,3.5671277046203613,2.86102294921875e-05
17,16,160,3.9213218688964844,3.920447587966919,-0.0008742809295654297
17,17,160,3.5119147300720215,3.5167148113250732,0.004800081253051758
17,18,160,2.919949769973755,2.922879457473755,0.0029296875
17,19,160,2.520082950592041,2.520986795425415,0.0009038448333740234
18,0,160,3.398008108139038,3.403557300567627,0.005549192428588867
18,1,160,3.5275416374206543,3.531702995300293,0.004161357879638672
18,2,160,3.434554100036621,3.437140464782715,0.00258636474609375
18,3,160,2.9997081756591797,2.9995744228363037,-0.00013375282287597656
18,4,160,2.8270888328552246,2.8272008895874023,0.00011205673217773438
18,5,160,3.3356993198394775,3.3389573097229004,0.0032579898834228516
18,6,160,3.322209596633911,3.324157476425171,0.0019478797912597656
18,7,160,3.3482539653778076,3.35121488571167,0.0029609203338623047
18,8,160,3.0581541061401367,3.058117628097534,-3.647804260253906e-05
18,9,160,3.2790122032165527,3.2788984775543213,-0.00011372566223144531
18,10,160,3.482422351837158,3.4837026596069336,0.0012803077697753906
18,11,160,3.1049365997314453,3.1098856925964355,0.004949092864990234
18,12,160,3.3190739154815674,3.319566011428833,0.000492095947265625
18,13,160,3.80618953704834,3.807811975479126,0.0016224384307861328
18,14,160,3.6390950679779053,3.6418323516845703,0.002737283706665039
18,15,160,3.567099094390869,3.567150831222534,5.173683166503906e-05
18,16,160,3.9213218688964844,3.920760154724121,-0.0005617141723632812
18,17,160,3.5119147300720215,3.5154707431793213,0.0035560131072998047
18,18,160,2.919949769973755,2.9232654571533203,0.0033156871795654297
18,19,160,2.520082950592041,2.5224220752716064,0.0023391246795654297
19,0,160,3.398008108139038,3.3991434574127197,0.0011353492736816406
19,1,160,3.5275416374206543,3.528087615966797,0.0005459785461425781
19,2,160,3.434554100036621,3.4345953464508057,4.124641418457031e-05
19,3,160,2.9997081756591797,3.001246213912964,0.0015380382537841797
19,4,160,2.8270888328552246,2.826897621154785,-0.00019121170043945312
19,5,160,3.3356993198394775,3.336123466491699,0.0004241466522216797
19,6,160,3.322209596633911,3.321113348007202,-0.0010962486267089844
19,7,160,3.3482539653778076,3.3496930599212646,0.0014390945434570312
19,8,160,3.0581541061401367,3.057368516921997,-0.0007855892181396484
19,9,160,3.2790122032165527,3.2784881591796875,-0.0005240440368652344
19,10,160,3.482422351837158,3.482959270477295,0.0005369186401367188
19,11,160,3.1049365997314453,3.106386184692383,0.0014495849609375
19,12,160,3.3190739154815674,3.3172855377197266,-0.0017883777618408203
19,13,160,3.80618953704834,3.806100368499756,-8.916854858398438e-05
19,14,160,3.6390950679779053,3.6428370475769043,0.0037419795989990234
19,15,160,3.567099094390869,3.5679380893707275,0.0008389949798583984
19,16,160,3.9213218688964844,3.9215266704559326,0.0002048015594482422
19,17,160,3.5119147300720215,3.515580177307129,0.003665447235107422
19,18,160,2.919949769973755,2.923868179321289,0.00391840934753418
19,19,160,2.520082950592041,2.522512912750244,0.002429962158203125
20,0,160,3.398008108139038,3.3997716903686523,0.0017635822296142578
20,1,160,3.5275416374206543,3.52828049659729,0.0007388591766357422
20,2,160,3.434554100036621,3.4368886947631836,0.0023345947265625
20,3,160,2.9997081756591797,2.998377799987793,-0.0013303756713867188
20,4,160,2.8270888328552246,2.8282530307769775,0.0011641979217529297
20,5,160,3.3356993198394775,3.3369550704956055,0.0012557506561279297
20,6,160,3.322209596633911,3.32179594039917,-0.00041365623474121094
20,7,160,3.3482539653778076,3.348043203353882,-0.00021076202392578125
20,8,160,3.0581541061401367,3.057398557662964,-0.0007555484771728516
20,9,160,3.2790122032165527,3.2807369232177734,0.0017247200012207031
20,10,160,3.482422351837158,3.481414556503296,-0.0010077953338623047
20,11,160,3.1049365997314453,3.108067035675049,0.0031304359436035156
20,12,160,3.3190739154815674,3.3204898834228516,0.0014159679412841797
20,13,160,3.80618953704834,3.804940938949585,-0.0012485980987548828
20,14,160,3.6390950679779053,3.6408274173736572,0.0017323493957519531
20,15,160,3.567099094390869,3.5686137676239014,0.0015146732330322266
20,16,160,3.9213218688964844,3.9206464290618896,-0.0006754398345947266
20,17,160,3.5119147300720215,3.5161502361297607,0.004235506057739258
20,18,160,2.919949769973755,2.923004627227783,0.0030548572540283203
20,19,160,2.520082950592041,2.5219411849975586,0.0018582344055175781
21,0,160,3.398008108139038,3.400794506072998,0.002786397933959961
21,1,160,3.5275416374206543,3.5273053646087646,-0.00023627281188964844
21,2,160,3.434554100036621,3.4341959953308105,-0.0003581047058105469
21,3,160,2.9997081756591797,2.998610734939575,-0.0010974407196044922
21,4,160,2.8270888328552246,2.825246810913086,-0.0018420219421386719
21,5,160,3.3356993198394775,3.3359880447387695,0.0002887248992919922
21,6,160,3.322209596633911,3.3237409591674805,0.001531362533569336
21,7,160,3.3482539653778076,3.3497002124786377,0.0014462471008300781
21,8,160,3.0581541061401367,3.058681011199951,0.0005269050598144531
21,9,160,3.2790122032165527,3.280104160308838,0.0010919570922851562
21,10,160,3.482422351837158,3.4817962646484375,-0.0006260871887207031
21,11,160,3.1049365997314453,3.106626510620117,0.001689910888671875
21,12,160,3.3190739154815674,3.3192214965820312,0.0001475811004638672
21,13,160,3.80618953704834,3.8058595657348633,-0.0003299713134765625
21,14,160,3.6390950679779053,3.642025947570801,0.002930879592895508
21,15,160,3.567099094390869,3.567211389541626,0.00011229515075683594
21,16,160,3.9213218688964844,3.921081781387329,-0.00024008750915527344
21,17,160,3.5119147300720215,3.5152664184570312,0.0033516883850097656
21,18,160,2.919949769973755,2.9235599040985107,0.0036101341247558594
21,19,160,2.520082950592041,2.5240328311920166,0.003949880599975586
22,0,160,3.398008108139038,3.3986737728118896,0.0006656646728515625
22,1,160,3.5275416374206543,3.5273566246032715,-0.0001850128173828125
22,2,160,3.434554100036621,3.436783790588379,0.0022296905517578125
22,3,160,2.9997081756591797,3.000291109085083,0.0005829334259033203
22,4,160,2.8270888328552246,2.8271522521972656,6.341934204101562e-05
22,5,160,3.3356993198394775,3.337027072906494,0.0013277530670166016
22,6,160,3.322209596633911,3.3240556716918945,0.0018460750579833984
22,7,160,3.3482539653778076,3.348235845565796,-1.811981201171875e-05
22,8,160,3.0581541061401367,3.058823347091675,0.0006692409515380859
22,9,160,3.2790122032165527,3.2809910774230957,0.0019788742065429688
22,10,160,3.482422351837158,3.4821298122406006,-0.0002925395965576172
22,11,160,3.1049365997314453,3.1064810752868652,0.0015444755554199219
22,12,160,3.3190739154815674,3.3188083171844482,-0.0002655982971191406
22,13,160,3.80618953704834,3.803649663925171,-0.0025398731231689453
22,14,160,3.6390950679779053,3.6422369480133057,0.0031418800354003906
22,15,160,3.567099094390869,3.568960428237915,0.0018613338470458984
22,16,160,3.9213218688964844,3.9209177494049072,-0.00040411949157714844
22,17,160,3.5119147300720215,3.5162153244018555,0.004300594329833984
22,18,160,2.919949769973755,2.9216158390045166,0.0016660690307617188
22,19,160,2.520082950592041,2.5228846073150635,0.002801656723022461
23,0,160,3.398008108139038,3.398526668548584,0.0005185604095458984
23,1,160,3.5275416374206543,3.5308244228363037,0.003282785415649414
23,2,160,3.434554100036621,3.433459758758545,-0.0010943412780761719
23,3,160,2.9997081756591797,2.996634006500244,-0.003074169158935547
23,4,160,2.8270888328552246,2.826306104660034,-0.0007827281951904297
23,5,160,3.3356993198394775,3.3372340202331543,0.0015347003936767578
23,6,160,3.322209596633911,3.3227360248565674,0.00052642822265625
23,7,160,3.3482539653778076,3.350627899169922,0.002373933792114258
23,8,160,3.0581541061401367,3.0574140548706055,-0.00074005126953125
23,9,160,3.2790122032165527,3.278620719909668,-0.0003914833068847656
23,10,160,3.482422351837158,3.481173038482666,-0.0012493133544921875
23,11,160,3.1049365997314453,3.1058104038238525,0.0008738040924072266
23,12,160,3.3190739154815674,3.3182971477508545,-0.0007767677307128906
23,13,160,3.80618953704834,3.8051273822784424,-0.001062154769897461
23,14,160,3.6390950679779053,3.6410274505615234,0.001932382583618164
23,15,160,3.567099094390869,3.567028045654297,-7.104873657226562e-05
23,16,160,3.9213218688964844,3.9215099811553955,0.0001881122589111328
23,17,160,3.5119147300720215,3.51588773727417,0.0039730072021484375
23,18,160,2.919949769973755,2.921971082687378,0.002021312713623047
23,19,160,2.520082950592041,2.5243756771087646,0.004292726516723633
24,0,160,3.398008108139038,3.4017674922943115,0.0037593841552734375
24,1,160,3.5275416374206543,3.5276732444763184,0.0001316070556640625
24,2,160,3.434554100036621,3.4348225593566895,0.0002684593200683594
24,3,160,2.9997081756591797,2.999934434890747,0.0002262592315673828
24,4,160,2.8270888328552246,2.825745105743408,-0.0013437271118164062
24,5,160,3.3356993198394775,3.3366923332214355,0.0009930133819580078
24,6,160,3.322209596633911,3.322500467300415,0.00029087066650390625
24,7,160,3.3482539653778076,3.3476078510284424,-0.0006461143493652344
24,8,160,3.0581541061401367,3.058746099472046,0.0005919933319091797
24,9,160,3.2790122032165527,3.2801029682159424,0.0010907649993896484
24,10,160,3.482422351837158,3.4840245246887207,0.0016021728515625
24,11,160,3.1049365997314453,3.1061885356903076,0.0012519359588623047
24,12,160,3.3190739154815674,3.319098472595215,2.4557113647460938e-05
24,13,160,3.80618953704834,3.8056771755218506,-0.0005123615264892578
24,14,160,3.6390950679779053,3.6417007446289062,0.0026056766510009766
24,15,160,3.567099094390869,3.5694262981414795,0.0023272037506103516
24,16,160,3.9213218688964844,3.919426202774048,-0.0018956661224365234
24,17,160,3.5119147300720215,3.5147910118103027,0.00287628173828125
24,18,160,2.919949769973755,2.9239466190338135,0.003996849060058594
24,19,160,2.520082950592041,2.5236480236053467,0.003565073013305664
25,0,160,3.398008108139038,3.3986289501190186,0.0006208419799804688
25,1,160,3.5275416374206543,3.525618076324463,-0.0019235610961914062
25,2,160,3.434554100036621,3.4348480701446533,0.00029397010803222656
25,3,160,2.9997081756591797,3.0011770725250244,0.0014688968658447266
25,4,160,2.8270888328552246,2.8275742530822754,0.00048542022705078125
25,5,160,3.3356993198394775,3.33767032623291,0.001971006393432617
25,6,160,3.322209596633911,3.324471950531006,0.0022623538970947266
25,7,160,3.3482539653778076,3.3517003059387207,0.003446340560913086
25,8,160,3.0581541061401367,3.060319423675537,0.0021653175354003906
25,9,160,3.2790122032165527,3.2802746295928955,0.0012624263763427734
25,10,160,3.482422351837158,3.4847588539123535,0.0023365020751953125
25,11,160,3.1049365997314453,3.107024669647217,0.0020880699157714844
25,12,160,3.3190739154815674,3.3173162937164307,-0.0017576217651367188
25,13,160,3.80618953704834,3.8070852756500244,0.0008957386016845703
25,14,160,3.6390950679779053,3.6403748989105225,0.0012798309326171875
25,15,160,3.567099094390869,3.566399574279785,-0.0006995201110839844
25,16,160,3.9213218688964844,3.9214844703674316,0.00016260147094726562
25,17,160,3.5119147300720215,3.5179147720336914,0.006000041961669922
25,18,160,2.919949769973755,2.925344467163086,0.005394697189331055
25,19,160,2.520082950592041,2.522089958190918,0.002007007598876953
26,0,160,3.398008108139038,3.397592306137085,-0.000415802001953125
26,1,160,3.5275416374206543,3.5274908542633057,-5.078315734863281e-05
26,2,160,3.434554100036621,3.4341466426849365,-0.0004074573516845703
26,3,160,2.9997081756591797,2.999781608581543,7.343292236328125e-05
26,4,160,2.8270888328552246,2.8252480030059814,-0.001840829849243164
26,5,160,3.3356993198394775,3.337137460708618,0.001438140869140625
26,6,160,3.322209596633911,3.325517416000366,0.003307819366455078
26,7,160,3.3482539653778076,3.349454879760742,0.0012009143829345703
26,8,160,3.0581541061401367,3.0571365356445312,-0.0010175704956054688
26,9,160,3.2790122032165527,3.2809360027313232,0.0019237995147705078
26,10,160,3.482422351837158,3.4838743209838867,0.0014519691467285156
26,11,160,3.1049365997314453,3.104884147644043,-5.245208740234375e-05
26,12,160,3.3190739154815674,3.3203678131103516,0.0012938976287841797
26,13,160,3.80618953704834,3.805321455001831,-0.0008680820465087891
26,14,160,3.6390950679779053,3.6429331302642822,0.003838062286376953
26,15,160,3.567099094390869,3.5668907165527344,-0.00020837783813476562
26,16,160,3.9213218688964844,3.919849395751953,-0.00147247314453125
26,17,160,3.5119147300720215,3.5157835483551025,0.0038688182830810547
26,18,160,2.919949769973755,2.9237523078918457,0.0038025379180908203
26,19,160,2.520082950592041,2.521247386932373,0.0011644363403320312
27,0,160,3.398008108139038,3.399327516555786,0.0013194084167480469
27,1,160,3.5275416374206543,3.5289812088012695,0.0014395713806152344
27,2,160,3.434554100036621,3.43491792678833,0.0003638267517089844
27,3,160,2.9997081756591797,3.000692367553711,0.00098419189453125
27,4,160,2.8270888328552246,2.826908826828003,-0.0001800060272216797
27,5,160,3.3356993198394775,3.3368825912475586,0.0011832714080810547
27,6,160,3.322209596633911,3.3229129314422607,0.0007033348083496094
27,7,160,3.3482539653778076,3.350245475769043,0.0019915103912353516
27,8,160,3.0581541061401367,3.0592541694641113,0.0011000633239746094
27,9,160,3.2790122032165527,3.279452323913574,0.0004401206970214844
27,10,160,3.482422351837158,3.481578826904297,-0.0008435249328613281
27,11,160,3.1049365997314453,3.105408191680908,0.0004715919494628906
27,12,160,3.3190739154815674,3.318756580352783,-0.0003173351287841797
27,13,160,3.80618953704834,3.8059210777282715,-0.0002684593200683594
27,14,160,3.6390950679779053,3.641453742980957,0.002358675003051758
27,15,160,3.567099094390869,3.567866325378418,0.0007672309875488281
27,16,160,3.9213218688964844,3.9195382595062256,-0.001783609390258789
27,17,160,3.5119147300720215,3.5151877403259277,0.00327301025390625
27,18,160,2.919949769973755,2.923436403274536,0.00348663330078125
27,19,160,2.520082950592041,2.523388385772705,0.0033054351806640625
28,0,160,3.398008108139038,3.401102066040039,0.0030939579010009766
28,1,160,3.5275416374206543,3.5272231101989746,-0.0003185272216796875
28,2,160,3.434554100036621,3.4337379932403564,-0.0008161067962646484
28,3,160,2.9997081756591797,2.999563694000244,-0.00014448165893554688
28,4,160,2.8270888328552246,2.8272035121917725,0.00011467933654785156
28,5,160,3.3356993198394775,3.3362033367156982,0.0005040168762207031
28,6,160,3.322209596633911,3.3217434883117676,-0.0004661083221435547
28,7,160,3.3482539653778076,3.351161479949951,0.0029075145721435547
28,8,160,3.0581541061401367,3.059892177581787,0.0017380714416503906
28,9,160,3.2790122032165527,3.280977487564087,0.0019652843475341797
28,10,160,3.482422351837158,3.4823949337005615,-2.7418136596679688e-05
28,11,160,3.1049365997314453,3.1048855781555176,-5.1021575927734375e-05
28,12,160,3.3190739154815674,3.3191537857055664,7.987022399902344e-05
28,13,160,3.80618953704834,3.805352210998535,-0.0008373260498046875
28,14,160,3.6390950679779053,3.6420018672943115,0.00290679931640625
28,15,160,3.567099094390869,3.567502737045288,0.0004036426544189453
28,16,160,3.9213218688964844,3.9220640659332275,0.0007421970367431641
28,17,160,3.5119147300720215,3.51633358001709,0.004418849945068359
28,18,160,2.919949769973755,2.9221818447113037,0.002232074737548828
28,19,160,2.520082950592041,2.523571729660034,0.003488779067993164
29,0,160,3.398008108139038,3.398380756378174,0.0003726482391357422
29,1,160,3.5275416374206543,3.5264437198638916,-0.0010979175567626953
29,2,160,3.434554100036621,3.4347264766693115,0.0001723766326904297
29,3,160,2.9997081756591797,3.0007386207580566,0.0010304450988769531
29,4,160,2.8270888328552246,2.8286073207855225,0.0015184879302978516
29,5,160,3.3356993198394775,3.335766553878784,6.723403930664062e-05
29,6,160,3.322209596633911,3.3228487968444824,0.0006392002105712891
29,7,160,3.3482539653778076,3.3506410121917725,0.0023870468139648438
29,8,160,3.0581541061401367,3.0566582679748535,-0.0014958381652832031
29,9,160,3.2790122032165527,3.2798657417297363,0.0008535385131835938
29,10,160,3.482422351837158,3.4816806316375732,-0.0007417201995849609
29,11,160,3.1049365997314453,3.106719732284546,0.001783132553100586
29,12,160,3.3190739154815674,3.319697856903076,0.0006239414215087891
29,13,160,3.80618953704834,3.804612636566162,-0.0015769004821777344
29,14,160,3.6390950679779053,3.640913724899292,0.0018186569213867188
29,15,160,3.567099094390869,3.5662450790405273,-0.0008540153503417969
29,16,160,3.9213218688964844,3.9211745262145996,-0.00014734268188476562
29,17,160,3.5119147300720215,3.514896869659424,0.0029821395874023438
29,18,160,2.919949769973755,2.921449899673462,0.0015001296997070312
29,19,160,2.520082950592041,2.5236308574676514,0.0035479068756103516
30,0,160,3.398008108139038,3.3978826999664307,-0.00012540817260742188
30,1,160,3.5275416374206543,3.526400327682495,-0.0011413097381591797
30,2,160,3.434554100036621,3.435483694076538,0.0009295940399169922
30,3,160,2.9997081756591797,3.0006518363952637,0.0009436607360839844
30,4,160,2.8270888328552246,2.8279740810394287,0.0008852481842041016
30,5,160,3.3356993198394775,3.3371050357818604,0.0014057159423828125
30,6,160,3.322209596633911,3.3242859840393066,0.002076387405395508
30,7,160,3.3482539653778076,3.3494949340820312,0.0012409687042236328
30,8,160,3.0581541061401367,3.0577468872070312,-0.00040721893310546875
30,9,160,3.2790122032165527,3.2795188426971436,0.0005066394805908203
30,10,160,3.482422351837158,3.482393264770508,-2.9087066650390625e-05
30,11,160,3.1049365997314453,3.1046900749206543,-0.0002465248107910156
30,12,160,3.3190739154815674,3.319594621658325,0.0005207061767578125
30,13,160,3.80618953704834,3.8052291870117188,-0.0009603500366210938
30,14,160,3.6390950679779053,3.640592575073242,0.001497507095336914
30,15,160,3.567099094390869,3.5677568912506104,0.0006577968597412109
30,16,160,3.9213218688964844,3.922499656677246,0.0011777877807617188
30,17,160,3.5119147300720215,3.5166125297546387,0.0046977996826171875
30,18,160,2.919949769973755,2.9235174655914307,0.0035676956176757812
30,19,160,2.520082950592041,2.521638870239258,0.0015559196472167969
31,0,160,3.398008108139038,3.3985395431518555,0.0005314350128173828
31,1,160,3.5275416374206543,3.52982497215271,0.002283334732055664
31,2,160,3.434554100036621,3.434514284133911,-3.981590270996094e-05
31,3,160,2.9997081756591797,3.000638961791992,0.0009307861328125
31,4,160,2.8270888328552246,2.8287034034729004,0.0016145706176757812
31,5,160,3.3356993198394775,3.3352549076080322,-0.0004444122314453125
31,6,160,3.322209596633911,3.323692798614502,0.0014832019805908203
31,7,160,3.3482539653778076,3.351764678955078,0.003510713577270508
31,8,160,3.0581541061401367,3.0589637756347656,0.0008096694946289062
31,9,160,3.2790122032165527,3.279881477355957,0.0008692741394042969
31,10,160,3.482422351837158,3.482752561569214,0.00033020973205566406
31,11,160,3.1049365997314453,3.105865955352783,0.0009293556213378906
31,12,160,3.3190739154815674,3.3187520503997803,-0.0003218650817871094
31,13,160,3.80618953704834,3.8052327632904053,-0.0009567737579345703
31,14,160,3.6390950679779053,3.6418213844299316,0.002726316452026367
31,15,160,3.567099094390869,3.5682761669158936,0.001177072525024414
31,16,160,3.9213218688964844,3.9200856685638428,-0.0012362003326416016
31,17,160,3.5119147300720215,3.5153658390045166,0.003451108932495117
31,18,160,2.919949769973755,2.9228568077087402,0.0029070377349853516
31,19,160,2.520082950592041,2.5228705406188965,0.0027875900268554688
32,0,160,3.398008108139038,3.4021480083465576,0.004139900207519531
32,1,160,3.5275416374206543,3.529371500015259,0.0018298625946044922
32,2,160,3.434554100036621,3.434213638305664,-0.00034046173095703125
32,3,160,2.9997081756591797,3.0004210472106934,0.0007128715515136719
32,4,160,2.8270888328552246,2.8274292945861816,0.00034046173095703125
32,5,160,3.3356993198394775,3.337343692779541,0.0016443729400634766
32,6,160,3.322209596633911,3.3231446743011475,0.0009350776672363281
32,7,160,3.3482539653778076,3.349456787109375,0.0012028217315673828
32,8,160,3.0581541061401367,3.0564563274383545,-0.0016977787017822266
32,9,160,3.2790122032165527,3.2795305252075195,0.0005183219909667969
32,10,160,3.482422351837158,3.4818263053894043,-0.0005960464477539062
32,11,160,3.1049365997314453,3.106736660003662,0.0018000602722167969
32,12,160,3.3190739154815674,3.3178603649139404,-0.0012135505676269531
32,13,160,3.80618953704834,3.80627179145813,8.225440979003906e-05
32,14,160,3.6390950679779053,3.642136812210083,0.0030417442321777344
32,15,160,3.567099094390869,3.5660626888275146,-0.0010364055633544922
32,16,160,3.9213218688964844,3.920443534851074,-0.0008783340454101562
32,17,160,3.5119147300720215,3.516003370285034,0.004088640213012695
32,18,160,2.919949769973755,2.923264741897583,0.003314971923828125
32,19,160,2.520082950592041,2.52168607711792,0.0016031265258789062
33,0,160,3.398008108139038,3.4000766277313232,0.0020685195922851562
33,1,160,3.5275416374206543,3.5282835960388184,0.0007419586181640625
33,2,160,3.434554100036621,3.433173656463623,-0.0013804435729980469
33,3,160,2.9997081756591797,2.9995410442352295,-0.0001671314239501953
33,4,160,2.8270888328552246,2.826314687728882,-0.0007741451263427734
33,5,160,3.3356993198394775,3.3351011276245117,-0.0005981922149658203
33,6,160,3.322209596633911,3.3221287727355957,-8.082389831542969e-05
33,7,160,3.3482539653778076,3.350442409515381,0.002188444137573242
33,8,160,3.0581541061401367,3.058756113052368,0.0006020069122314453
33,9,160,3.2790122032165527,3.27786922454834,-0.0011429786682128906
33,10,160,3.482422351837158,3.481722831726074,-0.0006995201110839844
33,11,160,3.1049365997314453,3.1068661212921143,0.0019295215606689453
33,12,160,3.3190739154815674,3.3169143199920654,-0.002159595489501953
33,13,160,3.80618953704834,3.807506799697876,0.0013172626495361328
33,14,160,3.6390950679779053,3.641286611557007,0.0021915435791015625
33,15,160,3.567099094390869,3.5682473182678223,0.001148223876953125
33,16,160,3.9213218688964844,3.9220097064971924,0.0006878376007080078
33,17,160,3.5119147300720215,3.515021800994873,0.0031070709228515625
33,18,160,2.919949769973755,2.922896146774292,0.0029463768005371094
33,19,160,2.520082950592041,2.520800828933716,0.0007178783416748047
34,0,160,3.398008108139038,3.4002246856689453,0.0022165775299072266
34,1,160,3.5275416374206543,3.5292553901672363,0.0017137527465820312
34,2,160,3.434554100036621,3.4345290660858154,-2.5033950805664062e-05
34,3,160,2.9997081756591797,3.0017101764678955,0.0020020008087158203
34,4,160,2.8270888328552246,2.827394485473633,0.0003056526184082031
34,5,160,3.3356993198394775,3.338620662689209,0.0029213428497314453
34,6,160,3.322209596633911,3.325016975402832,0.0028073787689208984
34,7,160,3.3482539653778076,3.3517065048217773,0.0034525394439697266
34,8,160,3.0581541061401367,3.057725667953491,-0.0004284381866455078
34,9,160,3.2790122032165527,3.2805609703063965,0.00154876708984375
34,10,160,3.482422351837158,3.4825949668884277,0.00017261505126953125
34,11,160,3.1049365997314453,3.106834888458252,0.0018982887268066406
34,12,160,3.3190739154815674,3.3183064460754395,-0.0007674694061279297
34,13,160,3.80618953704834,3.805954933166504,-0.0002346038818359375
34,14,160,3.6390950679779053,3.642246961593628,0.0031518936157226562
34,15,160,3.567099094390869,3.5684285163879395,0.0013294219970703125
34,16,160,3.9213218688964844,3.9207451343536377,-0.0005767345428466797
34,17,160,3.5119147300720215,3.5154330730438232,0.003518342971801758
34,18,160,2.919949769973755,2.9236643314361572,0.0037145614624023438
34,19,160,2.520082950592041,2.523001194000244,0.002918243408203125
35,0,160,3.398008108139038,3.399888515472412,0.0018804073333740234
35,1,160,3.5275416374206543,3.5267558097839355,-0.00078582763671875
35,2,160,3.434554100036621,3.4348790645599365,0.0003249645233154297
35,3,160,2.9997081756591797,3.000836133956909,0.0011279582977294922
35,4,160,2.8270888328552246,2.828540325164795,0.0014514923095703125
35,5,160,3.3356993198394775,3.3379547595977783,0.0022554397583007812
35,6,160,3.322209596633911,3.3227717876434326,0.0005621910095214844
35,7,160,3.3482539653778076,3.3504910469055176,0.002237081527709961
35,8,160,3.0581541061401367,3.0599708557128906,0.0018167495727539062
35,9,160,3.2790122032165527,3.2791614532470703,0.00014925003051757812
35,10,160,3.482422351837158,3.483952522277832,0.0015301704406738281
35,11,160,3.1049365997314453,3.1054112911224365,0.00047469139099121094
35,12,160,3.3190739154815674,3.3190979957580566,2.4080276489257812e-05
35,13,160,3.80618953704834,3.805072784423828,-0.0011167526245117188
35,14,160,3.6390950679779053,3.642808437347412,0.003713369369506836
35,15,160,3.567099094390869,3.5674381256103516,0.0003390312194824219
35,16,160,3.9213218688964844,3.922481060028076,0.0011591911315917969
35,17,160,3.5119147300720215,3.5169551372528076,0.005040407180786133
35,18,160,2.919949769973755,2.923402786254883,0.0034530162811279297
35,19,160,2.520082950592041,2.522369861602783,0.0022869110107421875
36,0,160,3.398008108139038,3.400024175643921,0.0020160675048828125
36,1,160,3.5275416374206543,3.529289960861206,0.0017483234405517578
36,2,160,3.434554100036621,3.433891534805298,-0.0006625652313232422
36,3,160,2.9997081756591797,2.998171329498291,-0.0015368461608886719
36,4,160,2.8270888328552246,2.826535940170288,-0.0005528926849365234
36,5,160,3.3356993198394775,3.3368637561798096,0.0011644363403320312
36,6,160,3.322209596633911,3.3229897022247314,0.0007801055908203125
36,7,160,3.3482539653778076,3.348407745361328,0.0001537799835205078
36,8,160,3.0581541061401367,3.059053659439087,0.0008995532989501953
36,9,160,3.2790122032165527,3.2779343128204346,-0.001077890396118164
36,10,160,3.482422351837158,3.483366012573242,0.0009436607360839844
36,11,160,3.1049365997314453,3.1077358722686768,0.0027992725372314453
36,12,160,3.3190739154815674,3.3186333179473877,-0.0004405975341796875
36,13,160,3.80618953704834,3.8058104515075684,-0.0003790855407714844
36,14,160,3.6390950679779053,3.6420483589172363,0.0029532909393310547
36,15,160,3.567099094390869,3.56854510307312,0.0014460086822509766
36,16,160,3.9213218688964844,3.9213013648986816,-2.0503997802734375e-05
36,17,160,3.5119147300720215,3.516991138458252,0.005076408386230469
36,18,160,2.919949769973755,2.9232382774353027,0.0032885074615478516
36,19,160,2.520082950592041,2.523332357406616,0.0032494068145751953
37,0,160,3.398008108139038,3.4004719257354736,0.002463817596435547
37,1,160,3.5275416374206543,3.5265700817108154,-0.0009715557098388672
37,2,160,3.434554100036621,3.434475898742676,-7.82012939453125e-05
37,3,160,2.9997081756591797,3.001460075378418,0.0017518997192382812
37,4,160,2.8270888328552246,2.8277695178985596,0.0006806850433349609
37,5,160,3.3356993198394775,3.336827039718628,0.0011277198791503906
37,6,160,3.322209596633911,3.3238353729248047,0.0016257762908935547
37,7,160,3.3482539653778076,3.349626064300537,0.0013720989227294922
37,8,160,3.0581541061401367,3.0570409297943115,-0.0011131763458251953
37,9,160,3.2790122032165527,3.2790098190307617,-2.384185791015625e-06
37,10,160,3.482422351837158,3.4849672317504883,0.002544879913330078
37,11,160,3.1049365997314453,3.105678081512451,0.0007414817810058594
37,12,160,3.3190739154815674,3.3188955783843994,-0.00017833709716796875
37,13,160,3.80618953704834,3.804373025894165,-0.0018165111541748047
37,14,160,3.6390950679779053,3.6419906616210938,0.0028955936431884766
37,15,160,3.567099094390869,3.5671639442443848,6.4849853515625e-05
37,16,160,3.9213218688964844,3.921233654022217,-8.821487426757812e-05
37,17,160,3.5119147300720215,3.5157370567321777,0.00382232666015625
37,18,160,2.919949769973755,2.9222288131713867,0.002279043197631836
37,19,160,2.520082950592041,2.523221969604492,0.003139019012451172
38,0,160,3.398008108139038,3.399747371673584,0.0017392635345458984
38,1,160,3.5275416374206543,3.5301573276519775,0.002615690231323242
38,2,160,3.434554100036621,3.438319444656372,0.0037653446197509766
38,3,160,2.9997081756591797,3.0022077560424805,0.0024995803833007812
38,4,160,2.8270888328552246,2.831003427505493,0.003914594650268555
38,5,160,3.3356993198394775,3.339209794998169,0.0035104751586914062
38,6,160,3.322209596633911,3.3270795345306396,0.004869937896728516
38,7,160,3.3482539653778076,3.3537230491638184,0.005469083786010742
38,8,160,3.0581541061401367,3.0596439838409424,0.001489877700805664
38,9,160,3.2790122032165527,3.282024621963501,0.003012418746948242
38,10,160,3.482422351837158,3.4852778911590576,0.002855539321899414
38,11,160,3.1049365997314453,3.1095993518829346,0.004662752151489258
38,12,160,3.3190739154815674,3.3426945209503174,0.02362060546875
38,13,160,3.80618953704834,3.804574966430664,-0.0016145706176757812
38,14,160,3.6390950679779053,3.6421663761138916,0.003071308135986328
38,15,160,3.567099094390869,3.56803297996521,0.0009338855743408203
38,16,160,3.9213218688964844,3.9238786697387695,0.0025568008422851562
38,17,160,3.5119147300720215,3.516739845275879,0.004825115203857422
38,18,160,2.919949769973755,2.9231178760528564,0.0031681060791015625
38,19,160,2.520082950592041,2.523552894592285,0.0034699440002441406
39,0,160,3.398008108139038,3.398535966873169,0.0005278587341308594
39,1,160,3.5275416374206543,3.5274581909179688,-8.344650268554688e-05
39,2,160,3.434554100036621,3.437171220779419,0.0026171207427978516
39,3,160,2.9997081756591797,3.0007243156433105,0.0010161399841308594
39,4,160,2.8270888328552246,2.8267412185668945,-0.0003476142883300781
39,5,160,3.3356993198394775,3.33809757232666,0.002398252487182617
39,6,160,3.322209596633911,3.324582815170288,0.002373218536376953
39,7,160,3.3482539653778076,3.351332902908325,0.003078937530517578
39,8,160,3.0581541061401367,3.058971881866455,0.0008177757263183594
39,9,160,3.2790122032165527,3.2798678874969482,0.0008556842803955078
39,10,160,3.482422351837158,3.48313570022583,0.000713348388671875
39,11,160,3.1049365997314453,3.1077845096588135,0.002847909927368164
39,12,160,3.3190739154815674,3.3186144828796387,-0.00045943260192871094
39,13,160,3.80618953704834,3.8055498600006104,-0.0006396770477294922
39,14,160,3.6390950679779053,3.641547679901123,0.0024526119232177734
39,15,160,3.567099094390869,3.5664782524108887,-0.0006208419799804688
39,16,160,3.9213218688964844,3.9187135696411133,-0.0026082992553710938
39,17,160,3.5119147300720215,3.514392614364624,0.002477884292602539
39,18,160,2.919949769973755,2.922168493270874,0.0022187232971191406
39,19,160,2.520082950592041,2.5242762565612793,0.004193305969238281
40,0,160,3.398008108139038,3.4000766277313232,0.0020685195922851562
40,1,160,3.5275416374206543,3.528245687484741,0.0007040500640869141
40,2,160,3.434554100036621,3.4317386150360107,-0.0028154850006103516
40,3,160,2.9997081756591797,2.9994559288024902,-0.0002522468566894531
40,4,160,2.8270888328552246,2.827141046524048,5.221366882324219e-05
40,5,160,3.3356993198394775,3.337571144104004,0.0018718242645263672
40,6,160,3.322209596633911,3.3217575550079346,-0.0004520416259765625
40,7,160,3.3482539653778076,3.350327253341675,0.0020732879638671875
40,8,160,3.0581541061401367,3.0576765537261963,-0.0004775524139404297
40,9,160,3.2790122032165527,3.2782819271087646,-0.0007302761077880859
40,10,160,3.482422351837158,3.481794595718384,-0.0006277561187744141
40,11,160,3.1049365997314453,3.1092917919158936,0.004355192184448242
40,12,160,3.3190739154815674,3.33018159866333,0.011107683181762695
40,13,160,3.80618953704834,3.805570602416992,-0.0006189346313476562
40,14,160,3.6390950679779053,3.642719030380249,0.00362396240234375
40,15,160,3.567099094390869,3.568500518798828,0.0014014244079589844
40,16,160,3.9213218688964844,3.9219775199890137,0.0006556510925292969
40,17,160,3.5119147300720215,3.5144615173339844,0.0025467872619628906
40,18,160,2.919949769973755,2.9222412109375,0.002291440963745117
40,19,160,2.520082950592041,2.5233302116394043,0.0032472610473632812
41,0,160,3.398008108139038,3.4005932807922363,0.002585172653198242
41,1,160,3.5275416374206543,3.528393030166626,0.0008513927459716797
41,2,160,3.434554100036621,3.435776472091675,0.001222372055053711
41,3,160,2.9997081756591797,2.99810528755188,-0.0016028881072998047
41,4,160,2.8270888328552246,2.8270468711853027,-4.1961669921875e-05
41,5,160,3.3356993198394775,3.337191104888916,0.0014917850494384766
41,6,160,3.322209596633911,3.323284149169922,0.0010745525360107422
41,7,160,3.3482539653778076,3.3473949432373047,-0.0008590221405029297
41,8,160,3.0581541061401367,3.0583462715148926,0.00019216537475585938
41,9,160,3.2790122032165527,3.2800066471099854,0.0009944438934326172
41,10,160,3.482422351837158,3.4812395572662354,-0.0011827945709228516
41,11,160,3.1049365997314453,3.108829975128174,0.0038933753967285156
41,12,160,3.3190739154815674,3.3202123641967773,0.001138448715209961
41,13,160,3.80618953704834,3.8052635192871094,-0.0009260177612304688
41,14,160,3.6390950679779053,3.6420366764068604,0.002941608428955078
41,15,160,3.567099094390869,3.56703519821167,-6.389617919921875e-05
41,16,160,3.9213218688964844,3.922602891921997,0.0012810230255126953
41,17,160,3.5119147300720215,3.5145466327667236,0.0026319026947021484
41,18,160,2.919949769973755,2.921111583709717,0.001161813735961914
41,19,160,2.520082950592041,2.522040367126465,0.001957416534423828
42,0,160,3.398008108139038,3.399554967880249,0.0015468597412109375
42,1,160,3.5275416374206543,3.5284616947174072,0.0009200572967529297
42,2,160,3.434554100036621,3.4371604919433594,0.0026063919067382812
42,3,160,2.9997081756591797,3.002779006958008,0.003070831298828125
42,4,160,2.8270888328552246,2.8278262615203857,0.0007374286651611328
42,5,160,3.3356993198394775,3.3399412631988525,0.004241943359375
42,6,160,3.322209596633911,3.3268814086914062,0.004671812057495117
42,7,160,3.3482539653778076,3.354848861694336,0.00659489631652832
42,8,160,3.0581541061401367,3.059565305709839,0.0014111995697021484
42,9,160,3.2790122032165527,3.281536102294922,0.0025238990783691406
42,10,160,3.482422351837158,3.4847934246063232,0.002371072769165039
42,11,160,3.1049365997314453,3.105783462524414,0.00084686279296875
42,12,160,3.3190739154815674,3.317976236343384,-0.0010976791381835938
42,13,160,3.80618953704834,3.8070170879364014,0.0008275508880615234
42,14,160,3.6390950679779053,3.6407384872436523,0.0016434192657470703
42,15,160,3.567099094390869,3.569211959838867,0.002112865447998047
42,16,160,3.9213218688964844,3.9230825901031494,0.001760721206665039
42,17,160,3.5119147300720215,3.5155820846557617,0.0036673545837402344
42,18,160,2.919949769973755,2.9233601093292236,0.00341033935546875
42,19,160,2.520082950592041,2.522592067718506,0.0025091171264648438
43,0,160,3.398008108139038,3.401320695877075,0.0033125877380371094
43,1,160,3.5275416374206543,3.527492046356201,-4.9591064453125e-05
43,2,160,3.434554100036621,3.432328939437866,-0.002225160598754883
43,3,160,2.9997081756591797,2.9996752738952637,-3.2901763916015625e-05
43,4,160,2.8270888328552246,2.8271090984344482,2.0265579223632812e-05
43,5,160,3.3356993198394775,3.3363890647888184,0.0006897449493408203
43,6,160,3.322209596633911,3.321259021759033,-0.0009505748748779297
43,7,160,3.3482539653778076,3.3502609729766846,0.002007007598876953
43,8,160,3.0581541061401367,3.0569710731506348,-0.0011830329895019531
43,9,160,3.2790122032165527,3.2763442993164062,-0.0026679039001464844
43,10,160,3.482422351837158,3.4805407524108887,-0.0018815994262695312
43,11,160,3.1049365997314453,3.107362985610962,0.0024263858795166016
43,12,160,3.3190739154815674,3.317817449569702,-0.0012564659118652344
43,13,160,3.80618953704834,3.8080265522003174,0.001837015151977539
43,14,160,3.6390950679779053,3.642198324203491,0.0031032562255859375
43,15,160,3.567099094390869,3.568007230758667,0.0009081363677978516
43,16,160,3.9213218688964844,3.9205989837646484,-0.0007228851318359375
43,17,160,3.5119147300720215,3.5156874656677246,0.003772735595703125
43,18,160,2.919949769973755,2.9241302013397217,0.004180431365966797
43,19,160,2.520082950592041,2.5233983993530273,0.003315448760986328
44,0,160,3.398008108139038,3.3990721702575684,0.0010640621185302734
44,1,160,3.5275416374206543,3.5283114910125732,0.0007698535919189453
44,2,160,3.434554100036621,3.4343385696411133,-0.0002155303955078125
44,3,160,2.9997081756591797,3.001800298690796,0.002092123031616211
44,4,160,2.8270888328552246,2.826111316680908,-0.0009775161743164062
44,5,160,3.3356993198394775,3.3395514488220215,0.0038521289825439453
44,6,160,3.322209596633911,3.321455955505371,-0.0007536411285400391
44,7,160,3.3482539653778076,3.3477237224578857,-0.000530242919921875
44,8,160,3.0581541061401367,3.0605180263519287,0.002363920211791992
44,9,160,3.2790122032165527,3.2789430618286133,-6.914138793945312e-05
44,10,160,3.482422351837158,3.4843239784240723,0.0019016265869140625
44,11,160,3.1049365997314453,3.107762575149536,0.0028259754180908203
44,12,160,3.3190739154815674,3.319183349609375,0.00010943412780761719
44,13,160,3.80618953704834,3.8066394329071045,0.00044989585876464844
44,14,160,3.6390950679779053,3.6417863368988037,0.0026912689208984375
44,15,160,3.567099094390869,3.5693042278289795,0.0022051334381103516
44,16,160,3.9213218688964844,3.9223217964172363,0.0009999275207519531
44,17,160,3.5119147300720215,3.516547203063965,0.004632472991943359
44,18,160,2.919949769973755,2.9216761589050293,0.001726388931274414
44,19,160,2.520082950592041,2.5229477882385254,0.002864837646484375
45,0,160,3.398008108139038,3.400108814239502,0.002100706100463867
45,1,160,3.5275416374206543,3.528686285018921,0.0011446475982666016
45,2,160,3.434554100036621,3.4355738162994385,0.0010197162628173828
45,3,160,2.9997081756591797,2.9995734691619873,-0.0001347064971923828
45,4,160,2.8270888328552246,2.8272318840026855,0.0001430511474609375
45,5,160,3.3356993198394775,3.337568521499634,0.00186920166015625
45,6,160,3.322209596633911,3.3254477977752686,0.003238201141357422
45,7,160,3.3482539653778076,3.350327253341675,0.0020732879638671875
45,8,160,3.0581541061401367,3.0588293075561523,0.000675201416015625
45,9,160,3.2790122032165527,3.279120445251465,0.00010824203491210938
45,10,160,3.482422351837158,3.4834415912628174,0.0010192394256591797
45,11,160,3.1049365997314453,3.105666399002075,0.0007297992706298828
45,12,160,3.3190739154815674,3.319894790649414,0.0008208751678466797
45,13,160,3.80618953704834,3.805753231048584,-0.0004363059997558594
45,14,160,3.6390950679779053,3.6419522762298584,0.002857208251953125
45,15,160,3.567099094390869,3.5685274600982666,0.001428365707397461
45,16,160,3.9213218688964844,3.9194977283477783,-0.0018241405487060547
45,17,160,3.5119147300720215,3.515122890472412,0.003208160400390625
45,18,160,2.919949769973755,2.9224228858947754,0.002473115921020508
45,19,160,2.520082950592041,2.5226635932922363,0.0025806427001953125
46,0,160,3.398008108139038,3.399832248687744,0.0018241405487060547
46,1,160,3.5275416374206543,3.528372049331665,0.0008304119110107422
46,2,160,3.434554100036621,3.434617757797241,6.365776062011719e-05
46,3,160,2.9997081756591797,2.9987435340881348,-0.0009646415710449219
46,4,160,2.8270888328552246,2.8269894123077393,-9.942054748535156e-05
46,5,160,3.3356993198394775,3.33586049079895,0.00016117095947265625
46,6,160,3.322209596633911,3.3237862586975098,0.0015766620635986328
46,7,160,3.3482539653778076,3.3489654064178467,0.0007114410400390625
46,8,160,3.0581541061401367,3.0590102672576904,0.0008561611175537109
46,9,160,3.2790122032165527,3.278388500213623,-0.0006237030029296875
46,10,160,3.482422351837158,3.481715202331543,-0.0007071495056152344
46,11,160,3.1049365997314453,3.105626344680786,0.0006897449493408203
46,12,160,3.3190739154815674,3.3190860748291016,1.2159347534179688e-05
46,13,160,3.80618953704834,3.8068387508392334,0.0006492137908935547
46,14,160,3.6390950679779053,3.640669822692871,0.0015747547149658203
46,15,160,3.567099094390869,3.5684123039245605,0.0013132095336914062
46,16,160,3.9213218688964844,3.9227561950683594,0.001434326171875
46,17,160,3.5119147300720215,3.5169594287872314,0.005044698715209961
46,18,160,2.919949769973755,2.9220573902130127,0.0021076202392578125
46,19,160,2.520082950592041,2.5212063789367676,0.0011234283447265625
47,0,160,3.398008108139038,3.3990793228149414,0.0010712146759033203
47,1,160,3.5275416374206543,3.5267510414123535,-0.0007905960083007812
47,2,160,3.434554100036621,3.436124086380005,0.001569986343383789
47,3,160,2.9997081756591797,2.9999473094940186,0.0002391338348388672
47,4,160,2.8270888328552246,2.8262925148010254,-0.0007963180541992188
47,5,160,3.3356993198394775,3.335732936859131,3.361701965332031e-05
47,6,160,3.322209596633911,3.323683261871338,0.0014736652374267578
47,7,160,3.3482539653778076,3.347820520401001,-0.0004334449768066406
47,8,160,3.0581541061401367,3.0579442977905273,-0.000209808349609375
47,9,160,3.2790122032165527,3.277735471725464,-0.0012767314910888672
47,10,160,3.482422351837158,3.480893135070801,-0.0015292167663574219
47,11,160,3.1049365997314453,3.1072192192077637,0.0022826194763183594
47,12,160,3.3190739154815674,3.32138729095459,0.002313375473022461
47,13,160,3.80618953704834,3.805809259414673,-0.0003802776336669922
47,14,160,3.6390950679779053,3.640305995941162,0.001210927963256836
47,15,160,3.567099094390869,3.5696494579315186,0.002550363540649414
47,16,160,3.9213218688964844,3.921487331390381,0.00016546249389648438
47,17,160,3.5119147300720215,3.5162978172302246,0.004383087158203125
47,18,160,2.919949769973755,2.9233758449554443,0.003426074981689453
47,19,160,2.520082950592041,2.5227134227752686,0.002630472183227539
48,0,160,3.398008108139038,3.4008777141571045,0.0028696060180664062
48,1,160,3.5275416374206543,3.5296711921691895,0.0021295547485351562
48,2,160,3.434554100036621,3.435018539428711,0.00046443939208984375
48,3,160,2.9997081756591797,3.000027656555176,0.00031948089599609375
48,4,160,2.8270888328552246,2.8272104263305664,0.00012159347534179688
48,5,160,3.3356993198394775,3.337287425994873,0.0015881061553955078
48,6,160,3.322209596633911,3.322524070739746,0.00031447410583496094
48,7,160,3.3482539653778076,3.348282814025879,2.8848648071289062e-05
48,8,160,3.0581541061401367,3.057995080947876,-0.0001590251922607422
48,9,160,3.2790122032165527,3.2778735160827637,-0.0011386871337890625
48,10,160,3.482422351837158,3.4811975955963135,-0.0012247562408447266
48,11,160,3.1049365997314453,3.105363130569458,0.0004265308380126953
48,12,160,3.3190739154815674,3.3179867267608643,-0.001087188720703125
48,13,160,3.80618953704834,3.806144952774048,-4.458427429199219e-05
48,14,160,3.6390950679779053,3.641592264175415,0.0024971961975097656
48,15,160,3.567099094390869,3.566793203353882,-0.0003058910369873047
48,16,160,3.9213218688964844,3.921337604522705,1.5735626220703125e-05
48,17,160,3.5119147300720215,3.5169618129730225,0.0050470829010009766
48,18,160,2.919949769973755,2.9234519004821777,0.0035021305084228516
48,19,160,2.520082950592041,2.5218284130096436,0.001745462417602539
49,0,160,3.398008108139038,3.3993258476257324,0.001317739486694336
49,1,160,3.5275416374206543,3.530003309249878,0.002461671829223633
49,2,160,3.434554100036621,3.433526039123535,-0.0010280609130859375
49,3,160,2.9997081756591797,3.0017995834350586,0.0020914077758789062
49,4,160,2.8270888328552246,2.828052282333374,0.0009634494781494141
49,5,160,3.3356993198394775,3.338646173477173,0.0029468536376953125
49,6,160,3.322209596633911,3.3264918327331543,0.004282236099243164
49,7,160,3.3482539653778076,3.3510971069335938,0.002843141555786133
49,8,160,3.0581541061401367,3.0604088306427,0.0022547245025634766
49,9,160,3.2790122032165527,3.277489423751831,-0.0015227794647216797
49,10,160,3.482422351837158,3.4823620319366455,-6.031990051269531e-05
49,11,160,3.1049365997314453,3.1078872680664062,0.0029506683349609375
49,12,160,3.3190739154815674,3.3188765048980713,-0.00019741058349609375
49,13,160,3.80618953704834,3.806173801422119,-1.5735626220703125e-05
49,14,160,3.6390950679779053,3.6417126655578613,0.0026175975799560547
49,15,160,3.567099094390869,3.567307949066162,0.00020885467529296875
49,16,160,3.9213218688964844,3.9227967262268066,0.0014748573303222656
49,17,160,3.5119147300720215,3.513920783996582,0.002006053924560547
49,18,160,2.919949769973755,2.9223997592926025,0.0024499893188476562
49,19,160,2.520082950592041,2.5221617221832275,0.0020787715911865234
50,0,160,3.398008108139038,3.3977267742156982,-0.00028133392333984375
50,1,160,3.5275416374206543,3.527949810028076,0.000408172607421875
50,2,160,3.434554100036621,3.434741973876953,0.00018787384033203125
50,3,160,2.9997081756591797,2.998819351196289,-0.000888824462890625
50,4,160,2.8270888328552246,2.8281290531158447,0.0010402202606201172
50,5,160,3.3356993198394775,3.3349061012268066,-0.0007932186126708984
50,6,160,3.322209596633911,3.325467824935913,0.003258228302001953
50,7,160,3.3482539653778076,3.349721908569336,0.0014679431915283203
50,8,160,3.0581541061401367,3.0592358112335205,0.001081705093383789
50,9,160,3.2790122032165527,3.279672861099243,0.0006606578826904297
50,10,160,3.482422351837158,3.4821856021881104,-0.00023674964904785156
50,11,160,3.1049365997314453,3.104307174682617,-0.000629425048828125
50,12,160,3.3190739154815674,3.3199548721313477,0.0008809566497802734
50,13,160,3.80618953704834,3.80423641204834,-0.001953125
50,14,160,3.6390950679779053,3.6408419609069824,0.0017468929290771484
50,15,160,3.567099094390869,3.566964864730835,-0.0001342296600341797
50,16,160,3.9213218688964844,3.9214460849761963,0.00012421607971191406
50,17,160,3.5119147300720215,3.5151207447052,0.003206014633178711
50,18,160,2.919949769973755,2.921365737915039,0.0014159679412841797
50,19,160,2.520082950592041,2.5211267471313477,0.0010437965393066406
51,0,160,3.398008108139038,3.39705753326416,-0.0009505748748779297
51,1,160,3.5275416374206543,3.527705192565918,0.00016355514526367188
51,2,160,3.434554100036621,3.4348981380462646,0.0003440380096435547
51,3,160,2.9997081756591797,3.000743865966797,0.0010356903076171875
51,4,160,2.8270888328552246,2.826383113861084,-0.000705718994140625
51,5,160,3.3356993198394775,3.3371853828430176,0.001486063003540039
51,6,160,3.322209596633911,3.3231041431427,0.0008945465087890625
51,7,160,3.3482539653778076,3.350135564804077,0.0018815994262695312
51,8,160,3.0581541061401367,3.0568692684173584,-0.0012848377227783203
51,9,160,3.2790122032165527,3.278168201446533,-0.0008440017700195312
51,10,160,3.482422351837158,3.4818615913391113,-0.000560760498046875
51,11,160,3.1049365997314453,3.1072025299072266,0.00226593017578125
51,12,160,3.3190739154815674,3.318840980529785,-0.00023293495178222656
51,13,160,3.80618953704834,3.8058886528015137,-0.0003008842468261719
51,14,160,3.6390950679779053,3.642341375350952,0.003246307373046875
51,15,160,3.567099094390869,3.568371295928955,0.0012722015380859375
51,16,160,3.9213218688964844,3.92012882232666,-0.0011930465698242188
51,17,160,3.5119147300720215,3.5163004398345947,0.004385709762573242
51,18,160,2.919949769973755,2.9207515716552734,0.0008018016815185547
51,19,160,2.520082950592041,2.522327423095703,0.0022444725036621094
52,0,160,3.398008108139038,3.400134563446045,0.002126455307006836
52,1,160,3.5275416374206543,3.5263168811798096,-0.0012247562408447266
52,2,160,3.434554100036621,3.434551477432251,-2.6226043701171875e-06
52,3,160,2.9997081756591797,2.9998087882995605,0.00010061264038085938
52,4,160,2.8270888328552246,2.8263354301452637,-0.0007534027099609375
52,5,160,3.3356993198394775,3.336338758468628,0.0006394386291503906
52,6,160,3.322209596633911,3.323467969894409,0.0012583732604980469
52,7,160,3.3482539653778076,3.3498685359954834,0.0016145706176757812
52,8,160,3.0581541061401367,3.058586359024048,0.0004322528839111328
52,9,160,3.2790122032165527,3.2789783477783203,-3.3855438232421875e-05
52,10,160,3.482422351837158,3.4819681644439697,-0.00045418739318847656
52,11,160,3.1049365997314453,3.1082823276519775,0.0033457279205322266
52,12,160,3.3190739154815674,3.3205857276916504,0.0015118122100830078
52,13,160,3.80618953704834,3.805460214614868,-0.0007293224334716797
52,14,160,3.6390950679779053,3.6417319774627686,0.0026369094848632812
52,15,160,3.567099094390869,3.5677623748779297,0.0006632804870605469
52,16,160,3.9213218688964844,3.9225986003875732,0.0012767314910888672
52,17,160,3.5119147300720215,3.5144596099853516,0.002544879913330078
52,18,160,2.919949769973755,2.9244401454925537,0.004490375518798828
52,19,160,2.520082950592041,2.524994373321533,0.0049114227294921875
53,0,160,3.398008108139038,3.399158000946045,0.001149892807006836
53,1,160,3.5275416374206543,3.5282461643218994,0.0007045269012451172
53,2,160,3.434554100036621,3.4336965084075928,-0.0008575916290283203
53,3,160,2.9997081756591797,3.000148296356201,0.0004401206970214844
53,4,160,2.8270888328552246,2.8261232376098633,-0.0009655952453613281
53,5,160,3.3356993198394775,3.3351876735687256,-0.0005116462707519531
53,6,160,3.322209596633911,3.3223695755004883,0.00015997886657714844
53,7,160,3.3482539653778076,3.349729537963867,0.0014755725860595703
53,8,160,3.0581541061401367,3.0591650009155273,0.001010894775390625
53,9,160,3.2790122032165527,3.277813196182251,-0.0011990070343017578
53,10,160,3.482422351837158,3.481158971786499,-0.0012633800506591797
53,11,160,3.1049365997314453,3.1079089641571045,0.0029723644256591797
53,12,160,3.3190739154815674,3.3176755905151367,-0.001398324966430664
53,13,160,3.80618953704834,3.806342124938965,0.000152587890625
53,14,160,3.6390950679779053,3.6406736373901367,0.0015785694122314453
53,15,160,3.567099094390869,3.5673272609710693,0.0002281665802001953
53,16,160,3.9213218688964844,3.9211935997009277,-0.00012826919555664062
53,17,160,3.5119147300720215,3.5157649517059326,0.003850221633911133
53,18,160,2.919949769973755,2.9225966930389404,0.002646923065185547
53,19,160,2.520082950592041,2.523109197616577,0.003026247024536133
54,0,160,3.398008108139038,3.4008584022521973,0.0028502941131591797
54,1,160,3.5275416374206543,3.529705762863159,0.002164125442504883
54,2,160,3.434554100036621,3.4354331493377686,0.0008790493011474609
54,3,160,2.9997081756591797,2.999945878982544,0.0002377033233642578
54,4,160,2.8270888328552246,2.827472686767578,0.0003838539123535156
54,5,160,3.3356993198394775,3.3374440670013428,0.0017447471618652344
54,6,160,3.322209596633911,3.325039863586426,0.0028302669525146484
54,7,160,3.3482539653778076,3.3490519523620605,0.0007979869842529297
54,8,160,3.0581541061401367,3.058830738067627,0.0006766319274902344
54,9,160,3.2790122032165527,3.279855966567993,0.0008437633514404297
54,10,160,3.482422351837158,3.4808695316314697,-0.0015528202056884766
54,11,160,3.1049365997314453,3.106689214706421,0.001752614974975586
54,12,160,3.3190739154815674,3.3189151287078857,-0.00015878677368164062
54,13,160,3.80618953704834,3.8034586906433105,-0.002730846405029297
54,14,160,3.6390950679779053,3.643242597579956,0.004147529602050781
54,15,160,3.567099094390869,3.5673978328704834,0.0002987384796142578
54,16,160,3.9213218688964844,3.9196572303771973,-0.0016646385192871094
54,17,160,3.5119147300720215,3.5145390033721924,0.0026242733001708984
54,18,160,2.919949769973755,2.9228343963623047,0.0028846263885498047
54,19,160,2.520082950592041,2.5231540203094482,0.0030710697174072266
55,0,160,3.398008108139038,3.3988187313079834,0.0008106231689453125
55,1,160,3.5275416374206543,3.528000593185425,0.0004589557647705078
55,2,160,3.434554100036621,3.4342710971832275,-0.0002830028533935547
55,3,160,2.9997081756591797,3.000389814376831,0.0006816387176513672
55,4,160,2.8270888328552246,2.8262429237365723,-0.0008459091186523438
55,5,160,3.3356993198394775,3.335493326187134,-0.00020599365234375
55,6,160,3.322209596633911,3.321532964706421,-0.0006766319274902344
55,7,160,3.3482539653778076,3.3495264053344727,0.001272439956665039
55,8,160,3.0581541061401367,3.057654857635498,-0.0004992485046386719
55,9,160,3.2790122032165527,3.2762601375579834,-0.002752065658569336
55,10,160,3.482422351837158,3.481811285018921,-0.0006110668182373047
55,11,160,3.1049365997314453,3.108755111694336,0.003818511962890625
55,12,160,3.3190739154815674,3.317591428756714,-0.0014824867248535156
55,13,160,3.80618953704834,3.8053503036499023,-0.0008392333984375
55,14,160,3.6390950679779053,3.642799139022827,0.003704071044921875
55,15,160,3.567099094390869,3.565969944000244,-0.001129150390625
55,16,160,3.9213218688964844,3.9215049743652344,0.00018310546875
55,17,160,3.5119147300720215,3.5149850845336914,0.003070354461669922
55,18,160,2.919949769973755,2.923079252243042,0.0031294822692871094
55,19,160,2.520082950592041,2.5242044925689697,0.004121541976928711
56,0,160,3.398008108139038,3.3996634483337402,0.0016553401947021484
56,1,160,3.5275416374206543,3.530702829360962,0.003161191940307617
56,2,160,3.434554100036621,3.433997631072998,-0.0005564689636230469
56,3,160,2.9997081756591797,2.9985814094543457,-0.0011267662048339844
56,4,160,2.8270888328552246,2.8278770446777344,0.0007882118225097656
56,5,160,3.3356993198394775,3.3354642391204834,-0.00023508071899414062
56,6,160,3.322209596633911,3.323373794555664,0.0011641979217529297
56,7,160,3.3482539653778076,3.3490405082702637,0.0007865428924560547
56,8,160,3.0581541061401367,3.0587708950042725,0.0006167888641357422
56,9,160,3.2790122032165527,3.2783000469207764,-0.0007121562957763672
56,10,160,3.482422351837158,3.481215000152588,-0.0012073516845703125
56,11,160,3.1049365997314453,3.106560230255127,0.0016236305236816406
56,12,160,3.3190739154815674,3.31901216506958,-6.175041198730469e-05
56,13,160,3.80618953704834,3.8059353828430176,-0.0002541542053222656
56,14,160,3.6390950679779053,3.6415374279022217,0.0024423599243164062
56,15,160,3.567099094390869,3.5686466693878174,0.0015475749969482422
56,16,160,3.9213218688964844,3.9200022220611572,-0.0013196468353271484
56,17,160,3.5119147300720215,3.5152487754821777,0.00333404541015625
56,18,160,2.919949769973755,2.924071788787842,0.004122018814086914
56,19,160,2.520082950592041,2.5235331058502197,0.003450155258178711
57,0,160,3.398008108139038,3.400343894958496,0.002335786819458008
57,1,160,3.5275416374206543,3.529491901397705,0.0019502639770507812
57,2,160,3.434554100036621,3.433539867401123,-0.0010142326354980469
57,3,160,2.9997081756591797,2.998875379562378,-0.0008327960968017578
57,4,160,2.8270888328552246,2.8255624771118164,-0.0015263557434082031
57,5,160,3.3356993198394775,3.3365864753723145,0.0008871555328369141
57,6,160,3.322209596633911,3.322002410888672,-0.0002071857452392578
57,7,160,3.3482539653778076,3.3480029106140137,-0.0002510547637939453
57,8,160,3.0581541061401367,3.0576584339141846,-0.0004956722259521484
57,9,160,3.2790122032165527,3.2771155834198,-0.0018966197967529297
57,10,160,3.482422351837158,3.480783462524414,-0.0016388893127441406
57,11,160,3.1049365997314453,3.1074883937835693,0.0025517940521240234
57,12,160,3.3190739154815674,3.3179969787597656,-0.0010769367218017578
57,13,160,3.80618953704834,3.804295539855957,-0.0018939971923828125
57,14,160,3.6390950679779053,3.6405105590820312,0.0014154911041259766
57,15,160,3.567099094390869,3.5677430629730225,0.0006439685821533203
57,16,160,3.9213218688964844,3.9225707054138184,0.0012488365173339844
57,17,160,3.5119147300720215,3.5158867835998535,0.003972053527832031
57,18,160,2.919949769973755,2.92149019241333,0.0015404224395751953
57,19,160,2.520082950592041,2.523458480834961,0.003375530242919922
58,0,160,3.398008108139038,3.4012949466705322,0.0032868385314941406
58,1,160,3.5275416374206543,3.5297975540161133,0.0022559165954589844
58,2,160,3.434554100036621,3.4372570514678955,0.002702951431274414
58,3,160,2.9997081756591797,2.999361276626587,-0.00034689903259277344
58,4,160,2.8270888328552246,2.826646089553833,-0.00044274330139160156
58,5,160,3.3356993198394775,3.3369064331054688,0.001207113265991211
58,6,160,3.322209596633911,3.3235673904418945,0.0013577938079833984
58,7,160,3.3482539653778076,3.3507745265960693,0.0025205612182617188
58,8,160,3.0581541061401367,3.056818723678589,-0.0013353824615478516
58,9,160,3.2790122032165527,3.2805991172790527,0.0015869140625
58,10,160,3.482422351837158,3.4850902557373047,0.0026679039001464844
58,11,160,3.1049365997314453,3.1075453758239746,0.002608776092529297
58,12,160,3.3190739154815674,3.3211286067962646,0.0020546913146972656
58,13,160,3.80618953704834,3.8054001331329346,-0.0007894039154052734
58,14,160,3.6390950679779053,3.641545295715332,0.002450227737426758
58,15,160,3.567099094390869,3.5678586959838867,0.0007596015930175781
58,16,160,3.9213218688964844,3.9208106994628906,-0.00051116943359375
58,17,160,3.5119147300720215,3.5165388584136963,0.004624128341674805
58,18,160,2.919949769973755,2.922895669937134,0.0029458999633789062
58,19,160,2.520082950592041,2.522190570831299,0.0021076202392578125
59,0,160,3.398008108139038,3.4019246101379395,0.003916501998901367
59,1,160,3.5275416374206543,3.5280516147613525,0.0005099773406982422
59,2,160,3.434554100036621,3.435265302658081,0.0007112026214599609
59,3,160,2.9997081756591797,2.9992942810058594,-0.0004138946533203125
59,4,160,2.8270888328552246,2.826017379760742,-0.0010714530944824219
59,5,160,3.3356993198394775,3.3382790088653564,0.0025796890258789062
59,6,160,3.322209596633911,3.3235700130462646,0.0013604164123535156
59,7,160,3.3482539653778076,3.3480119705200195,-0.00024199485778808594
59,8,160,3.0581541061401367,3.0563154220581055,-0.00183868408203125
59,9,160,3.2790122032165527,3.2786471843719482,-0.0003650188446044922
59,10,160,3.482422351837158,3.4839608669281006,0.0015385150909423828
59,11,160,3.1049365997314453,3.107144832611084,0.002208232879638672
59,12,160,3.3190739154815674,3.3184351921081543,-0.0006387233734130859
59,13,160,3.80618953704834,3.8060853481292725,-0.00010418891906738281
59,14,160,3.6390950679779053,3.6415719985961914,0.002476930618286133
59,15,160,3.567099094390869,3.567836284637451,0.0007371902465820312
59,16,160,3.9213218688964844,3.9228432178497314,0.0015213489532470703
59,17,160,3.5119147300720215,3.516134738922119,0.004220008850097656
59,18,160,2.919949769973755,2.9231507778167725,0.003201007843017578
59,19,160,2.520082950592041,2.5222580432891846,0.0021750926971435547
60,0,160,3.398008108139038,3.3993186950683594,0.001310586929321289
60,1,160,3.5275416374206543,3.5257060527801514,-0.0018355846405029297
60,2,160,3.434554100036621,3.4367828369140625,0.0022287368774414062
60,3,160,2.9997081756591797,3.0014822483062744,0.0017740726470947266
60,4,160,2.8270888328552246,2.826979637145996,-0.00010919570922851562
60,5,160,3.3356993198394775,3.337310791015625,0.001611471176147461
60,6,160,3.322209596633911,3.323472023010254,0.0012624263763427734
60,7,160,3.3482539653778076,3.3512566089630127,0.003002643585205078
60,8,160,3.0581541061401367,3.058002471923828,-0.00015163421630859375
60,9,160,3.2790122032165527,3.2781388759613037,-0.0008733272552490234
60,10,160,3.482422351837158,3.4825119972229004,8.96453857421875e-05
60,11,160,3.1049365997314453,3.107311487197876,0.002374887466430664
60,12,160,3.3190739154815674,3.3167896270751953,-0.0022842884063720703
60,13,160,3.80618953704834,3.8054275512695312,-0.0007619857788085938
60,14,160,3.6390950679779053,3.6410553455352783,0.001960277557373047
60,15,160,3.567099094390869,3.5677027702331543,0.0006036758422851562
60,16,160,3.9213218688964844,3.9206485748291016,-0.0006732940673828125
60,17,160,3.5119147300720215,3.516615152359009,0.004700422286987305
60,18,160,2.919949769973755,2.9223709106445312,0.002421140670776367
60,19,160,2.520082950592041,2.522418260574341,0.0023353099822998047
61,0,160,3.398008108139038,3.3988637924194336,0.0008556842803955078
61,1,160,3.5275416374206543,3.528291940689087,0.0007503032684326172
61,2,160,3.434554100036621,3.434582233428955,2.8133392333984375e-05
61,3,160,2.9997081756591797,2.9980885982513428,-0.001619577407836914
61,4,160,2.8270888328552246,2.82629132270813,-0.0007975101470947266
61,5,160,3.3356993198394775,3.338442802429199,0.0027434825897216797
61,6,160,3.322209596633911,3.323171615600586,0.0009620189666748047
61,7,160,3.3482539653778076,3.3480448722839355,-0.0002090930938720703
61,8,160,3.0581541061401367,3.0587005615234375,0.0005464553833007812
61,9,160,3.2790122032165527,3.280374050140381,0.001361846923828125
61,10,160,3.482422351837158,3.4821882247924805,-0.00023412704467773438
61,11,160,3.1049365997314453,3.1086111068725586,0.0036745071411132812
61,12,160,3.3190739154815674,3.318603992462158,-0.0004699230194091797
61,13,160,3.80618953704834,3.8052256107330322,-0.0009639263153076172
61,14,160,3.6390950679779053,3.642462730407715,0.0033676624298095703
61,15,160,3.567099094390869,3.567241668701172,0.00014257431030273438
61,16,160,3.9213218688964844,3.9231116771698,0.0017898082733154297
61,17,160,3.5119147300720215,3.5166642665863037,0.0047495365142822266
61,18,160,2.919949769973755,2.9243016242980957,0.00435185432434082
61,19,160,2.520082950592041,2.521327018737793,0.0012440681457519531
62,0,160,3.398008108139038,3.4006752967834473,0.0026671886444091797
62,1,160,3.5275416374206543,3.5281982421875,0.0006566047668457031
62,2,160,3.434554100036621,3.4361026287078857,0.0015485286712646484
62,3,160,2.9997081756591797,3.0007028579711914,0.0009946823120117188
62,4,160,2.8270888328552246,2.826793670654297,-0.0002951622009277344
62,5,160,3.3356993198394775,3.3389735221862793,0.003274202346801758
62,6,160,3.322209596633911,3.3243491649627686,0.002139568328857422
62,7,160,3.3482539653778076,3.348942995071411,0.0006890296936035156
62,8,160,3.0581541061401367,3.0578205585479736,-0.00033354759216308594
62,9,160,3.2790122032165527,3.2789721488952637,-4.00543212890625e-05
62,10,160,3.482422351837158,3.4837722778320312,0.0013499259948730469
62,11,160,3.1049365997314453,3.10835599899292,0.0034193992614746094
62,12,160,3.3190739154815674,3.3176069259643555,-0.001466989517211914
62,13,160,3.80618953704834,3.8059771060943604,-0.0002124309539794922
62,14,160,3.6390950679779053,3.6416358947753906,0.0025408267974853516
62,15,160,3.567099094390869,3.569511890411377,0.0024127960205078125
62,16,160,3.9213218688964844,3.922882556915283,0.0015606880187988281
62,17,160,3.5119147300720215,3.514657735824585,0.0027430057525634766
62,18,160,2.919949769973755,2.922511577606201,0.002561807632446289
62,19,160,2.520082950592041,2.5228681564331055,0.002785205841064453
63,0,160,3.398008108139038,3.3996901512145996,0.0016820430755615234
63,1,160,3.5275416374206543,3.5272958278656006,-0.00024580955505371094
63,2,160,3.434554100036621,3.4327499866485596,-0.0018041133880615234
63,3,160,2.9997081756591797,2.998523235321045,-0.0011849403381347656
63,4,160,2.8270888328552246,2.82844877243042,0.0013599395751953125
63,5,160,3.3356993198394775,3.3337366580963135,-0.0019626617431640625
63,6,160,3.322209596633911,3.322913408279419,0.0007038116455078125
63,7,160,3.3482539653778076,3.3492026329040527,0.0009486675262451172
63,8,160,3.0581541061401367,3.0589475631713867,0.00079345703125
63,9,160,3.2790122032165527,3.2788047790527344,-0.00020742416381835938
63,10,160,3.482422351837158,3.48233699798584,-8.535385131835938e-05
63,11,160,3.1049365997314453,3.1080212593078613,0.0030846595764160156
63,12,160,3.3190739154815674,3.3191823959350586,0.00010848045349121094
63,13,160,3.80618953704834,3.8056652545928955,-0.0005242824554443359
63,14,160,3.6390950679779053,3.641307830810547,0.0022127628326416016
63,15,160,3.567099094390869,3.568216323852539,0.0011172294616699219
63,16,160,3.9213218688964844,3.923302173614502,0.001980304718017578
63,17,160,3.5119147300720215,3.515477180480957,0.003562450408935547
63,18,160,2.919949769973755,2.9229366779327393,0.002986907958984375
63,19,160,2.520082950592041,2.5215163230895996,0.0014333724975585938
64,0,160,3.398008108139038,3.399887800216675,0.0018796920776367188
64,1,160,3.5275416374206543,3.5288944244384766,0.0013527870178222656
64,2,160,3.434554100036621,3.435007095336914,0.00045299530029296875
64,3,160,2.9997081756591797,2.9997076988220215,-4.76837158203125e-07
64,4,160,2.8270888328552246,2.825380802154541,-0.0017080307006835938
64,5,160,3.3356993198394775,3.338836669921875,0.003137350082397461
64,6,160,3.322209596633911,3.3241491317749023,0.001939535140991211
64,7,160,3.3482539653778076,3.3499860763549805,0.0017321109771728516
64,8,160,3.0581541061401367,3.0585527420043945,0.0003986358642578125
64,9,160,3.2790122032165527,3.28043270111084,0.0014204978942871094
64,10,160,3.482422351837158,3.4837639331817627,0.0013415813446044922
64,11,160,3.1049365997314453,3.1053614616394043,0.0004248619079589844
64,12,160,3.3190739154815674,3.3200435638427734,0.0009696483612060547
64,13,160,3.80618953704834,3.8070671558380127,0.0008776187896728516
64,14,160,3.6390950679779053,3.642395496368408,0.0033004283905029297
64,15,160,3.567099094390869,3.5669989585876465,-0.00010013580322265625
64,16,160,3.9213218688964844,3.9207193851470947,-0.0006024837493896484
64,17,160,3.5119147300720215,3.515126943588257,0.0032122135162353516
64,18,160,2.919949769973755,2.924652099609375,0.004702329635620117
64,19,160,2.520082950592041,2.527918577194214,0.007835626602172852
65,0,160,3.398008108139038,3.3986566066741943,0.00064849853515625
65,1,160,3.5275416374206543,3.5280094146728516,0.0004677772521972656
65,2,160,3.434554100036621,3.4352660179138184,0.0007119178771972656
65,3,160,2.9997081756591797,2.998248815536499,-0.001459360122680664
65,4,160,2.8270888328552246,2.8271665573120117,7.772445678710938e-05
65,5,160,3.3356993198394775,3.3358025550842285,0.00010323524475097656
65,6,160,3.322209596633911,3.32185959815979,-0.00034999847412109375
65,7,160,3.3482539653778076,3.3493146896362305,0.0010607242584228516
65,8,160,3.0581541061401367,3.0578927993774414,-0.0002613067626953125
65,9,160,3.2790122032165527,3.278262138366699,-0.0007500648498535156
65,10,160,3.482422351837158,3.4815003871917725,-0.0009219646453857422
65,11,160,3.1049365997314453,3.107607841491699,0.0026712417602539062
65,12,160,3.3190739154815674,3.316987991333008,-0.0020859241485595703
65,13,160,3.80618953704834,3.805461883544922,-0.0007276535034179688
65,14,160,3.6390950679779053,3.641726016998291,0.002630949020385742
65,15,160,3.567099094390869,3.567744255065918,0.0006451606750488281
65,16,160,3.9213218688964844,3.923130989074707,0.0018091201782226562
65,17,160,3.5119147300720215,3.517479419708252,0.005564689636230469
65,18,160,2.919949769973755,2.9231085777282715,0.0031588077545166016
65,19,160,2.520082950592041,2.5225863456726074,0.0025033950805664062
66,0,160,3.398008108139038,3.399073362350464,0.0010652542114257812
66,1,160,3.5275416374206543,3.5271191596984863,-0.00042247772216796875
66,2,160,3.434554100036621,3.4352293014526367,0.000675201416015625
66,3,160,2.9997081756591797,2.999545097351074,-0.00016307830810546875
66,4,160,2.8270888328552246,2.827130079269409,4.124641418457031e-05
66,5,160,3.3356993198394775,3.3383381366729736,0.0026388168334960938
66,6,160,3.322209596633911,3.3243772983551025,0.0021677017211914062
66,7,160,3.3482539653778076,3.349179983139038,0.0009260177612304688
66,8,160,3.0581541061401367,3.058276653289795,0.00012254714965820312
66,9,160,3.2790122032165527,3.2810888290405273,0.0020766258239746094
66,10,160,3.482422351837158,3.4830946922302246,0.0006723403930664062
66,11,160,3.1049365997314453,3.1066665649414062,0.0017299652099609375
66,12,160,3.3190739154815674,3.3182260990142822,-0.0008478164672851562
66,13,160,3.80618953704834,3.8074114322662354,0.0012218952178955078
66,14,160,3.6390950679779053,3.642042875289917,0.0029478073120117188
66,15,160,3.567099094390869,3.568201780319214,0.0011026859283447266
66,16,160,3.9213218688964844,3.9200522899627686,-0.0012695789337158203
66,17,160,3.5119147300720215,3.513850450515747,0.001935720443725586
66,18,160,2.919949769973755,2.9225997924804688,0.002650022506713867
66,19,160,2.520082950592041,2.5222747325897217,0.002191781997680664
67,0,160,3.398008108139038,3.399993896484375,0.001985788345336914
67,1,160,3.5275416374206543,3.52773118019104,0.0001895427703857422
67,2,160,3.434554100036621,3.4351418018341064,0.0005877017974853516
67,3,160,2.9997081756591797,2.999859571456909,0.0001513957977294922
67,4,160,2.8270888328552246,2.8266665935516357,-0.0004222393035888672
67,5,160,3.3356993198394775,3.3359010219573975,0.00020170211791992188
67,6,160,3.322209596633911,3.323981285095215,0.001771688461303711
67,7,160,3.3482539653778076,3.350447654724121,0.0021936893463134766
67,8,160,3.0581541061401367,3.0577847957611084,-0.0003693103790283203
67,9,160,3.2790122032165527,3.281216859817505,0.0022046566009521484
67,10,160,3.482422351837158,3.4830076694488525,0.0005853176116943359
67,11,160,3.1049365997314453,3.108647584915161,0.0037109851837158203
67,12,160,3.3190739154815674,3.319422483444214,0.0003485679626464844
67,13,160,3.80618953704834,3.8061487674713135,-4.076957702636719e-05
67,14,160,3.6390950679779053,3.641861915588379,0.002766847610473633
67,15,160,3.567099094390869,3.5680413246154785,0.000942230224609375
67,16,160,3.9213218688964844,3.921044111251831,-0.0002777576446533203
67,17,160,3.5119147300720215,3.515489339828491,0.0035746097564697266
67,18,160,2.919949769973755,2.922995090484619,0.003045320510864258
67,19,160,2.520082950592041,2.52421498298645,0.00413203239440918
68,0,160,3.398008108139038,3.3989369869232178,0.0009288787841796875
68,1,160,3.5275416374206543,3.527891159057617,0.0003495216369628906
68,2,160,3.434554100036621,3.4347927570343018,0.00023865699768066406
68,3,160,2.9997081756591797,3.000732660293579,0.001024484634399414
68,4,160,2.8270888328552246,2.8275070190429688,0.0004181861877441406
68,5,160,3.3356993198394775,3.3372461795806885,0.0015468597412109375
68,6,160,3.322209596633911,3.3248775005340576,0.0026679039001464844
68,7,160,3.3482539653778076,3.350027084350586,0.0017731189727783203
68,8,160,3.0581541061401367,3.0594844818115234,0.0013303756713867188
68,9,160,3.2790122032165527,3.279033660888672,2.1457672119140625e-05
68,10,160,3.482422351837158,3.482180118560791,-0.0002422332763671875
68,11,160,3.1049365997314453,3.1068413257598877,0.0019047260284423828
68,12,160,3.3190739154815674,3.319478750228882,0.0004048347473144531
68,13,160,3.80618953704834,3.80367374420166,-0.0025157928466796875
68,14,160,3.6390950679779053,3.6419148445129395,0.0028197765350341797
68,15,160,3.567099094390869,3.5676794052124023,0.0005803108215332031
68,16,160,3.9213218688964844,3.9200892448425293,-0.0012326240539550781
68,17,160,3.5119147300720215,3.51647686958313,0.0045621395111083984
68,18,160,2.919949769973755,2.9250364303588867,0.005086660385131836
68,19,160,2.520082950592041,2.5239953994750977,0.003912448883056641
69,0,160,3.398008108139038,3.3981070518493652,9.894371032714844e-05
69,1,160,3.5275416374206543,3.5291826725006104,0.0016410350799560547
69,2,160,3.434554100036621,3.434535503387451,-1.8596649169921875e-05
69,3,160,2.9997081756591797,2.9994468688964844,-0.0002613067626953125
69,4,160,2.8270888328552246,2.827465772628784,0.0003769397735595703
69,5,160,3.3356993198394775,3.338350296020508,0.0026509761810302734
69,6,160,3.322209596633911,3.322613000869751,0.00040340423583984375
69,7,160,3.3482539653778076,3.351469039916992,0.0032150745391845703
69,8,160,3.0581541061401367,3.059542417526245,0.0013883113861083984
69,9,160,3.2790122032165527,3.2798147201538086,0.0008025169372558594
69,10,160,3.482422351837158,3.4839348793029785,0.0015125274658203125
69,11,160,3.1049365997314453,3.105588436126709,0.0006518363952636719
69,12,160,3.3190739154815674,3.3205857276916504,0.0015118122100830078
69,13,160,3.80618953704834,3.8058652877807617,-0.000324249267578125
69,14,160,3.6390950679779053,3.6418228149414062,0.0027277469635009766
69,15,160,3.567099094390869,3.5667405128479004,-0.00035858154296875
69,16,160,3.9213218688964844,3.923293352127075,0.0019714832305908203
69,17,160,3.5119147300720215,3.515648126602173,0.003733396530151367
69,18,160,2.919949769973755,2.9222724437713623,0.002322673797607422
69,19,160,2.520082950592041,2.5236988067626953,0.003615856170654297
70,0,160,3.398008108139038,3.398946762084961,0.0009386539459228516
70,1,160,3.5275416374206543,3.5287625789642334,0.0012209415435791016
70,2,160,3.434554100036621,3.4346611499786377,0.00010704994201660156
70,3,160,2.9997081756591797,2.9988455772399902,-0.0008625984191894531
70,4,160,2.8270888328552246,2.825324773788452,-0.001764059066772461
70,5,160,3.3356993198394775,3.338696002960205,0.002996683120727539
70,6,160,3.322209596633911,3.322702169418335,0.0004925727844238281
70,7,160,3.3482539653778076,3.349292278289795,0.0010383129119873047
70,8,160,3.0581541061401367,3.057698965072632,-0.0004551410675048828
70,9,160,3.2790122032165527,3.2793374061584473,0.00032520294189453125
70,10,160,3.482422351837158,3.4809980392456055,-0.0014243125915527344
70,11,160,3.1049365997314453,3.1074061393737793,0.0024695396423339844
70,12,160,3.3190739154815674,3.318331718444824,-0.0007421970367431641
70,13,160,3.80618953704834,3.805248737335205,-0.0009407997131347656
70,14,160,3.6390950679779053,3.6415035724639893,0.0024085044860839844
70,15,160,3.567099094390869,3.5680391788482666,0.0009400844573974609
70,16,160,3.9213218688964844,3.920912981033325,-0.0004088878631591797
70,17,160,3.5119147300720215,3.516343116760254,0.004428386688232422
70,18,160,2.919949769973755,2.922866106033325,0.0029163360595703125
70,19,160,2.520082950592041,2.521141767501831,0.001058816909790039
71,0,160,3.398008108139038,3.39850115776062,0.0004930496215820312
71,1,160,3.5275416374206543,3.5292911529541016,0.0017495155334472656
71,2,160,3.434554100036621,3.433673858642578,-0.0008802413940429688
71,3,160,2.9997081756591797,3.000042200088501,0.00033402442932128906
71,4,160,2.8270888328552246,2.8267998695373535,-0.00028896331787109375
71,5,160,3.3356993198394775,3.33522891998291,-0.0004703998565673828
71,6,160,3.322209596633911,3.3228495121002197,0.0006399154663085938
71,7,160,3.3482539653778076,3.349961042404175,0.0017070770263671875
71,8,160,3.0581541061401367,3.058316469192505,0.00016236305236816406
71,9,160,3.2790122032165527,3.278193235397339,-0.0008189678192138672
71,10,160,3.482422351837158,3.4819483757019043,-0.00047397613525390625
71,11,160,3.1049365997314453,3.109127998352051,0.004191398620605469
71,12,160,3.3190739154815674,3.3407952785491943,0.021721363067626953
71,13,160,3.80618953704834,3.8054349422454834,-0.0007545948028564453
71,14,160,3.6390950679779053,3.642683744430542,0.0035886764526367188
71,15,160,3.567099094390869,3.5678231716156006,0.0007240772247314453
71,16,160,3.9213218688964844,3.920809030532837,-0.0005128383636474609
71,17,160,3.5119147300720215,3.514730453491211,0.002815723419189453
71,18,160,2.919949769973755,2.9230093955993652,0.0030596256256103516
71,19,160,2.520082950592041,2.5207598209381104,0.0006768703460693359
72,0,160,3.398008108139038,3.4005322456359863,0.002524137496948242
72,1,160,3.5275416374206543,3.528177261352539,0.0006356239318847656
72,2,160,3.434554100036621,3.438577890396118,0.00402379035949707
72,3,160,2.9997081756591797,2.9994876384735107,-0.0002205371856689453
72,4,160,2.8270888328552246,2.82735013961792,0.0002613067626953125
72,5,160,3.3356993198394775,3.3382413387298584,0.0025420188903808594
72,6,160,3.322209596633911,3.32525897026062,0.0030493736267089844
72,7,160,3.3482539653778076,3.3523824214935303,0.004128456115722656
72,8,160,3.0581541061401367,3.059476613998413,0.0013225078582763672
72,9,160,3.2790122032165527,3.279003858566284,-8.344650268554688e-06
72,10,160,3.482422351837158,3.4811012744903564,-0.0013210773468017578
72,11,160,3.1049365997314453,3.108257532119751,0.003320932388305664
72,12,160,3.3190739154815674,3.320112705230713,0.0010387897491455078
72,13,160,3.80618953704834,3.8064677715301514,0.00027823448181152344
72,14,160,3.6390950679779053,3.6403145790100098,0.0012195110321044922
72,15,160,3.567099094390869,3.565544605255127,-0.0015544891357421875
72,16,160,3.9213218688964844,3.9208202362060547,-0.0005016326904296875
72,17,160,3.5119147300720215,3.5171873569488525,0.005272626876831055
72,18,160,2.919949769973755,2.9218828678131104,0.0019330978393554688
72,19,160,2.520082950592041,2.5235886573791504,0.003505706787109375
73,0,160,3.398008108139038,3.39973521232605,0.0017271041870117188
73,1,160,3.5275416374206543,3.529111862182617,0.0015702247619628906
73,2,160,3.434554100036621,3.4351329803466797,0.0005788803100585938
73,3,160,2.9997081756591797,2.9985976219177246,-0.0011105537414550781
73,4,160,2.8270888328552246,2.8276469707489014,0.0005581378936767578
73,5,160,3.3356993198394775,3.3386499881744385,0.0029506683349609375
73,6,160,3.322209596633911,3.3232202529907227,0.0010106563568115234
73,7,160,3.3482539653778076,3.3486952781677246,0.0004413127899169922
73,8,160,3.0581541061401367,3.0574495792388916,-0.0007045269012451172
73,9,160,3.2790122032165527,3.281172275543213,0.0021600723266601562
73,10,160,3.482422351837158,3.4835314750671387,0.0011091232299804688
73,11,160,3.1049365997314453,3.1077826023101807,0.0028460025787353516
73,12,160,3.3190739154815674,3.318570375442505,-0.0005035400390625
73,13,160,3.80618953704834,3.8050243854522705,-0.001165151596069336
73,14,160,3.6390950679779053,3.6404755115509033,0.0013804435729980469
73,15,160,3.567099094390869,3.5679774284362793,0.0008783340454101562
73,16,160,3.9213218688964844,3.92264723777771,0.001325368881225586
73,17,160,3.5119147300720215,3.515489339828491,0.0035746097564697266
73,18,160,2.919949769973755,2.9227237701416016,0.0027740001678466797
73,19,160,2.520082950592041,2.524233818054199,0.004150867462158203
74,0,160,3.398008108139038,3.3994498252868652,0.0014417171478271484
74,1,160,3.5275416374206543,3.5299582481384277,0.0024166107177734375
74,2,160,3.434554100036621,3.436424493789673,0.0018703937530517578
74,3,160,2.9997081756591797,2.999382257461548,-0.00032591819763183594
74,4,160,2.8270888328552246,2.828450918197632,0.0013620853424072266
74,5,160,3.3356993198394775,3.3373024463653564,0.0016031265258789062
74,6,160,3.322209596633911,3.3231396675109863,0.0009300708770751953
74,7,160,3.3482539653778076,3.3495655059814453,0.0013115406036376953
74,8,160,3.0581541061401367,3.0593786239624023,0.001224517822265625
74,9,160,3.2790122032165527,3.2797558307647705,0.0007436275482177734
74,10,160,3.482422351837158,3.480888605117798,-0.0015337467193603516
74,11,160,3.1049365997314453,3.109818935394287,0.004882335662841797
74,12,160,3.3190739154815674,3.3429551124572754,0.023881196975708008
74,13,160,3.80618953704834,3.806314706802368,0.0001251697540283203
74,14,160,3.6390950679779053,3.6419661045074463,0.0028710365295410156
74,15,160,3.567099094390869,3.5675899982452393,0.0004909038543701172
74,16,160,3.9213218688964844,3.921780824661255,0.0004589557647705078
74,17,160,3.5119147300720215,3.5154707431793213,0.0035560131072998047
74,18,160,2.919949769973755,2.924664258956909,0.004714488983154297
74,19,160,2.520082950592041,2.5234436988830566,0.003360748291015625
75,0,160,3.398008108139038,3.3993513584136963,0.0013432502746582031
75,1,160,3.5275416374206543,3.5286941528320312,0.0011525154113769531
75,2,160,3.434554100036621,3.4342610836029053,-0.0002930164337158203
75,3,160,2.9997081756591797,2.9997904300689697,8.225440979003906e-05
75,4,160,2.8270888328552246,2.827009677886963,-7.915496826171875e-05
75,5,160,3.3356993198394775,3.338534355163574,0.0028350353240966797
75,6,160,3.322209596633911,3.3224804401397705,0.000270843505859375
75,7,160,3.3482539653778076,3.3515048027038574,0.0032508373260498047
75,8,160,3.0581541061401367,3.0581886768341064,3.457069396972656e-05
75,9,160,3.2790122032165527,3.2797584533691406,0.0007462501525878906
75,10,160,3.482422351837158,3.483288288116455,0.000865936279296875
75,11,160,3.1049365997314453,3.108262538909912,0.003325939178466797
75,12,160,3.3190739154815674,3.3180649280548096,-0.0010089874267578125
75,13,160,3.80618953704834,3.806734561920166,0.0005450248718261719
75,14,160,3.6390950679779053,3.64408802986145,0.004992961883544922
75,15,160,3.567099094390869,3.5666756629943848,-0.000423431396484375
75,16,160,3.9213218688964844,3.9212825298309326,-3.933906555175781e-05
75,17,160,3.5119147300720215,3.5170016288757324,0.0050868988037109375
75,18,160,2.919949769973755,2.921067953109741,0.0011181831359863281
75,19,160,2.520082950592041,2.5231263637542725,0.0030434131622314453
76,0,160,3.398008108139038,3.398076057434082,6.794929504394531e-05
76,1,160,3.5275416374206543,3.526475667953491,-0.001065969467163086
76,2,160,3.434554100036621,3.4337668418884277,-0.0007872581481933594
76,3,160,2.9997081756591797,2.9994428157806396,-0.00026535987854003906
76,4,160,2.8270888328552246,2.828409194946289,0.0013203620910644531
76,5,160,3.3356993198394775,3.337372064590454,0.0016727447509765625
76,6,160,3.322209596633911,3.3230855464935303,0.0008759498596191406
76,7,160,3.3482539653778076,3.3488597869873047,0.0006058216094970703
76,8,160,3.0581541061401367,3.057969808578491,-0.0001842975616455078
76,9,160,3.2790122032165527,3.2776341438293457,-0.0013780593872070312
76,10,160,3.482422351837158,3.4818272590637207,-0.0005950927734375
76,11,160,3.1049365997314453,3.1104788780212402,0.005542278289794922
76,12,160,3.3190739154815674,3.3315939903259277,0.012520074844360352
76,13,160,3.80618953704834,3.8052656650543213,-0.0009238719940185547
76,14,160,3.6390950679779053,3.642538547515869,0.003443479537963867
76,15,160,3.567099094390869,3.5679478645324707,0.0008487701416015625
76,16,160,3.9213218688964844,3.9214088916778564,8.702278137207031e-05
76,17,160,3.5119147300720215,3.514857769012451,0.0029430389404296875
76,18,160,2.919949769973755,2.923891544342041,0.003941774368286133
76,19,160,2.520082950592041,2.5237643718719482,0.0036814212799072266
77,0,160,3.398008108139038,3.398861885070801,0.0008537769317626953
77,1,160,3.5275416374206543,3.5279316902160645,0.00039005279541015625
77,2,160,3.434554100036621,3.4331436157226562,-0.0014104843139648438
77,3,160,2.9997081756591797,2.9996330738067627,-7.510185241699219e-05
77,4,160,2.8270888328552246,2.827284097671509,0.0001952648162841797
77,5,160,3.3356993198394775,3.339226007461548,0.0035266876220703125
77,6,160,3.322209596633911,3.3250622749328613,0.0028526782989501953
77,7,160,3.3482539653778076,3.3507442474365234,0.0024902820587158203
77,8,160,3.0581541061401367,3.058823585510254,0.0006694793701171875
77,9,160,3.2790122032165527,3.280217409133911,0.0012052059173583984
77,10,160,3.482422351837158,3.482781171798706,0.00035881996154785156
77,11,160,3.1049365997314453,3.106459140777588,0.0015225410461425781
77,12,160,3.3190739154815674,3.3182246685028076,-0.0008492469787597656
77,13,160,3.80618953704834,3.8041656017303467,-0.002023935317993164
77,14,160,3.6390950679779053,3.6422016620635986,0.0031065940856933594
77,15,160,3.567099094390869,3.566695213317871,-0.0004038810729980469
77,16,160,3.9213218688964844,3.921630859375,0.000308990478515625
77,17,160,3.5119147300720215,3.5142982006073,0.0023834705352783203
77,18,160,2.919949769973755,2.9222161769866943,0.002266407012939453
77,19,160,2.520082950592041,2.5222816467285156,0.0021986961364746094
78,0,160,3.398008108139038,3.397728204727173,-0.0002799034118652344
78,1,160,3.5275416374206543,3.527987003326416,0.00044536590576171875
78,2,160,3.434554100036621,3.4361484050750732,0.0015943050384521484
78,3,160,2.9997081756591797,2.9998157024383545,0.00010752677917480469
78,4,160,2.8270888328552246,2.8269667625427246,-0.0001220703125
78,5,160,3.3356993198394775,3.336367130279541,0.0006678104400634766
78,6,160,3.322209596633911,3.3246426582336426,0.0024330615997314453
78,7,160,3.3482539653778076,3.3481862545013428,-6.771087646484375e-05
78,8,160,3.0581541061401367,3.058166027069092,1.1920928955078125e-05
78,9,160,3.2790122032165527,3.277677059173584,-0.00133514404296875
78,10,160,3.482422351837158,3.4826927185058594,0.0002703666687011719
78,11,160,3.1049365997314453,3.1075408458709717,0.002604246139526367
78,12,160,3.3190739154815674,3.3181958198547363,-0.0008780956268310547
78,13,160,3.80618953704834,3.804657459259033,-0.0015320777893066406
78,14,160,3.6390950679779053,3.642512798309326,0.0034177303314208984
78,15,160,3.567099094390869,3.567655324935913,0.0005562305450439453
78,16,160,3.9213218688964844,3.921804666519165,0.00048279762268066406
78,17,160,3.5119147300720215,3.5153422355651855,0.0034275054931640625
78,18,160,2.919949769973755,2.9235830307006836,0.003633260726928711
78,19,160,2.520082950592041,2.522629499435425,0.002546548843383789
79,0,160,3.398008108139038,3.3987598419189453,0.0007517337799072266
79,1,160,3.5275416374206543,3.5275180339813232,-2.3603439331054688e-05
79,2,160,3.434554100036621,3.434946060180664,0.00039196014404296875
79,3,160,2.9997081756591797,3.00075364112854,0.0010454654693603516
79,4,160,2.8270888328552246,2.827077865600586,-1.0967254638671875e-05
79,5,160,3.3356993198394775,3.3363211154937744,0.000621795654296875
79,6,160,3.322209596633911,3.3243067264556885,0.0020971298217773438
79,7,160,3.3482539653778076,3.348883867263794,0.0006299018859863281
79,8,160,3.0581541061401367,3.0593066215515137,0.0011525154113769531
79,9,160,3.2790122032165527,3.279783010482788,0.0007708072662353516
79,10,160,3.482422351837158,3.4824061393737793,-1.621246337890625e-05
79,11,160,3.1049365997314453,3.106414794921875,0.0014781951904296875
79,12,160,3.3190739154815674,3.319322109222412,0.00024819374084472656
79,13,160,3.80618953704834,3.8062806129455566,9.107589721679688e-05
79,14,160,3.6390950679779053,3.639848232269287,0.0007531642913818359
79,15,160,3.567099094390869,3.569432020187378,0.002332925796508789
79,16,160,3.9213218688964844,3.923152446746826,0.0018305778503417969
79,17,160,3.5119147300720215,3.5152249336242676,0.0033102035522460938
79,18,160,2.919949769973755,2.9200446605682373,9.489059448242188e-05
79,19,160,2.520082950592041,2.523707866668701,0.0036249160766601562
80,0,160,3.398008108139038,3.398077964782715,6.985664367675781e-05
80,1,160,3.5275416374206543,3.52851939201355,0.0009777545928955078
80,2,160,3.434554100036621,3.435037612915039,0.00048351287841796875
80,3,160,2.9997081756591797,3.0001134872436523,0.00040531158447265625
80,4,160,2.8270888328552246,2.827540397644043,0.0004515647888183594
80,5,160,3.3356993198394775,3.3368921279907227,0.0011928081512451172
80,6,160,3.322209596633911,3.322819948196411,0.0006103515625
80,7,160,3.3482539653778076,3.3503875732421875,0.002133607864379883
80,8,160,3.0581541061401367,3.057124137878418,-0.00102996826171875
80,9,160,3.2790122032165527,3.279329776763916,0.00031757354736328125
80,10,160,3.482422351837158,3.4801573753356934,-0.0022649765014648438
80,11,160,3.1049365997314453,3.1085028648376465,0.003566265106201172
80,12,160,3.3190739154815674,3.320237636566162,0.0011637210845947266
80,13,160,3.80618953704834,3.80474591255188,-0.001443624496459961
80,14,160,3.6390950679779053,3.6414988040924072,0.002403736114501953
80,15,160,3.567099094390869,3.5696380138397217,0.002538919448852539
80,16,160,3.9213218688964844,3.919212579727173,-0.0021092891693115234
80,17,160,3.5119147300720215,3.5133056640625,0.0013909339904785156
80,18,160,2.919949769973755,2.924950122833252,0.00500035285949707
80,19,160,2.520082950592041,2.52352237701416,0.0034394264221191406
81,0,160,3.398008108139038,3.3982396125793457,0.0002315044403076172
81,1,160,3.5275416374206543,3.5288562774658203,0.0013146400451660156
81,2,160,3.434554100036621,3.434023380279541,-0.0005307197570800781
81,3,160,2.9997081756591797,2.9995481967926025,-0.00015997886657714844
81,4,160,2.8270888328552246,2.827503204345703,0.0004143714904785156
81,5,160,3.3356993198394775,3.3359391689300537,0.00023984909057617188
81,6,160,3.322209596633911,3.323439598083496,0.001230001449584961
81,7,160,3.3482539653778076,3.3495590686798096,0.0013051033020019531
81,8,160,3.0581541061401367,3.0581583976745605,4.291534423828125e-06
81,9,160,3.2790122032165527,3.278846025466919,-0.00016617774963378906
81,10,160,3.482422351837158,3.4822585582733154,-0.00016379356384277344
81,11,160,3.1049365997314453,3.1087486743927,0.003812074661254883
81,12,160,3.3190739154815674,3.318012237548828,-0.0010616779327392578
81,13,160,3.80618953704834,3.8068737983703613,0.0006842613220214844
81,14,160,3.6390950679779053,3.64219331741333,0.0030982494354248047
81,15,160,3.567099094390869,3.5697572231292725,0.0026581287384033203
81,16,160,3.9213218688964844,3.921929359436035,0.0006074905395507812
81,17,160,3.5119147300720215,3.5151054859161377,0.003190755844116211
81,18,160,2.919949769973755,2.9207217693328857,0.0007719993591308594
81,19,160,2.520082950592041,2.523029327392578,0.0029463768005371094
82,0,160,3.398008108139038,3.397695779800415,-0.0003123283386230469
82,1,160,3.5275416374206543,3.528064727783203,0.0005230903625488281
82,2,160,3.434554100036621,3.4351069927215576,0.0005528926849365234
82,3,160,2.9997081756591797,2.9984841346740723,-0.0012240409851074219
82,4,160,2.8270888328552246,2.825493574142456,-0.0015952587127685547
82,5,160,3.3356993198394775,3.336963653564453,0.001264333724975586
82,6,160,3.322209596633911,3.3242568969726562,0.002047300338745117
82,7,160,3.3482539653778076,3.3482608795166016,6.9141387939453125e-06
82,8,160,3.0581541061401367,3.056823492050171,-0.0013306140899658203
82,9,160,3.2790122032165527,3.2800867557525635,0.0010745525360107422
82,10,160,3.482422351837158,3.4833054542541504,0.0008831024169921875
82,11,160,3.1049365997314453,3.108600378036499,0.003663778305053711
82,12,160,3.3190739154815674,3.318354845046997,-0.0007190704345703125
82,13,160,3.80618953704834,3.806459426879883,0.00026988983154296875
82,14,160,3.6390950679779053,3.64143443107605,0.0023393630981445312
82,15,160,3.567099094390869,3.5673000812530518,0.0002009868621826172
82,16,160,3.9213218688964844,3.9210453033447266,-0.0002765655517578125
82,17,160,3.5119147300720215,3.5149359703063965,0.003021240234375
82,18,160,2.919949769973755,2.922128677368164,0.0021789073944091797
82,19,160,2.520082950592041,2.523550510406494,0.003467559814453125
83,0,160,3.398008108139038,3.3984105587005615,0.0004024505615234375
83,1,160,3.5275416374206543,3.5314412117004395,0.0038995742797851562
83,2,160,3.434554100036621,3.434903144836426,0.0003490447998046875
83,3,160,2.9997081756591797,3.000767230987549,0.0010590553283691406
83,4,160,2.8270888328552246,2.8253238201141357,-0.0017650127410888672
83,5,160,3.3356993198394775,3.33786940574646,0.002170085906982422
83,6,160,3.322209596633911,3.323060989379883,0.0008513927459716797
83,7,160,3.3482539653778076,3.3526217937469482,0.004367828369140625
83,8,160,3.0581541061401367,3.058475971221924,0.0003218650817871094
83,9,160,3.2790122032165527,3.2785611152648926,-0.00045108795166015625
83,10,160,3.482422351837158,3.4842934608459473,0.0018711090087890625
83,11,160,3.1049365997314453,3.1102211475372314,0.005284547805786133
83,12,160,3.3190739154815674,3.3191373348236084,6.341934204101562e-05
83,13,160,3.80618953704834,3.807340145111084,0.0011506080627441406
83,14,160,3.6390950679779053,3.641660213470459,0.002565145492553711
83,15,160,3.567099094390869,3.5663862228393555,-0.0007128715515136719
83,16,160,3.9213218688964844,3.92244815826416,0.0011262893676757812
83,17,160,3.5119147300720215,3.5156972408294678,0.003782510757446289
83,18,160,2.919949769973755,2.921631336212158,0.0016815662384033203
83,19,160,2.520082950592041,2.522749900817871,0.002666950225830078
84,0,160,3.398008108139038,3.4002013206481934,0.0021932125091552734
84,1,160,3.5275416374206543,3.5285613536834717,0.0010197162628173828
84,2,160,3.434554100036621,3.438065528869629,0.0035114288330078125
84,3,160,2.9997081756591797,3.002913475036621,0.0032052993774414062
84,4,160,2.8270888328552246,2.82737135887146,0.00028252601623535156
84,5,160,3.3356993198394775,3.3384149074554443,0.002715587615966797
84,6,160,3.322209596633911,3.326915979385376,0.004706382751464844
84,7,160,3.3482539653778076,3.3536159992218018,0.005362033843994141
84,8,160,3.0581541061401367,3.061018466949463,0.002864360809326172
84,9,160,3.2790122032165527,3.2816426753997803,0.002630472183227539
84,10,160,3.482422351837158,3.482797384262085,0.0003750324249267578
84,11,160,3.1049365997314453,3.108220338821411,0.0032837390899658203
84,12,160,3.3190739154815674,3.319129467010498,5.555152893066406e-05
84,13,160,3.80618953704834,3.8048856258392334,-0.0013039112091064453
84,14,160,3.6390950679779053,3.644256830215454,0.005161762237548828
84,15,160,3.567099094390869,3.5672502517700195,0.00015115737915039062
84,16,160,3.9213218688964844,3.9217450618743896,0.00042319297790527344
84,17,160,3.5119147300720215,3.5143725872039795,0.002457857131958008
84,18,160,2.919949769973755,2.9230425357818604,0.0030927658081054688
84,19,160,2.520082950592041,2.5258307456970215,0.005747795104980469
85,0,160,3.398008108139038,3.397127151489258,-0.0008809566497802734
85,1,160,3.5275416374206543,3.5292418003082275,0.0017001628875732422
85,2,160,3.434554100036621,3.4342474937438965,-0.0003066062927246094
85,3,160,2.9997081756591797,3.0018277168273926,0.0021195411682128906
85,4,160,2.8270888328552246,2.8279998302459717,0.0009109973907470703
85,5,160,3.3356993198394775,3.337550401687622,0.0018510818481445312
85,6,160,3.322209596633911,3.3258306980133057,0.0036211013793945312
85,7,160,3.3482539653778076,3.3493905067443848,0.0011365413665771484
85,8,160,3.0581541061401367,3.059737205505371,0.001583099365234375
85,9,160,3.2790122032165527,3.2804017066955566,0.0013895034790039062
85,10,160,3.482422351837158,3.482685089111328,0.0002627372741699219
85,11,160,3.1049365997314453,3.1078484058380127,0.002911806106567383
85,12,160,3.3190739154815674,3.319941997528076,0.0008680820465087891
85,13,160,3.80618953704834,3.8062551021575928,6.556510925292969e-05
85,14,160,3.6390950679779053,3.640657424926758,0.001562356948852539
85,15,160,3.567099094390869,3.5665671825408936,-0.0005319118499755859
85,16,160,3.9213218688964844,3.9226138591766357,0.0012919902801513672
85,17,160,3.5119147300720215,3.5142672061920166,0.002352476119995117
85,18,160,2.919949769973755,2.92244815826416,0.0024983882904052734
85,19,160,2.520082950592041,2.5234835147857666,0.003400564193725586
86,0,160,3.398008108139038,3.40028977394104,0.002281665802001953
86,1,160,3.5275416374206543,3.5275981426239014,5.650520324707031e-05
86,2,160,3.434554100036621,3.434335947036743,-0.0002181529998779297
86,3,160,2.9997081756591797,2.999049425125122,-0.0006587505340576172
86,4,160,2.8270888328552246,2.8266143798828125,-0.0004744529724121094
86,5,160,3.3356993198394775,3.3346710205078125,-0.001028299331665039
86,6,160,3.322209596633911,3.321444511413574,-0.0007650852203369141
86,7,160,3.3482539653778076,3.348522424697876,0.0002684593200683594
86,8,160,3.0581541061401367,3.0557310581207275,-0.0024230480194091797
86,9,160,3.2790122032165527,3.2790915966033936,7.939338684082031e-05
86,10,160,3.482422351837158,3.4833250045776367,0.0009026527404785156
86,11,160,3.1049365997314453,3.1097471714019775,0.0048105716705322266
86,12,160,3.3190739154815674,3.3280203342437744,0.008946418762207031
86,13,160,3.80618953704834,3.8059399127960205,-0.00024962425231933594
86,14,160,3.6390950679779053,3.6417086124420166,0.002613544464111328
86,15,160,3.567099094390869,3.5686049461364746,0.0015058517456054688
86,16,160,3.9213218688964844,3.9196503162384033,-0.0016715526580810547
86,17,160,3.5119147300720215,3.5175528526306152,0.00563812255859375
86,18,160,2.919949769973755,2.9230611324310303,0.0031113624572753906
86,19,160,2.520082950592041,2.525437831878662,0.005354881286621094
87,0,160,3.398008108139038,3.3992998600006104,0.0012917518615722656
87,1,160,3.5275416374206543,3.5285937786102295,0.0010521411895751953
87,2,160,3.434554100036621,3.4395411014556885,0.004987001419067383
87,3,160,2.9997081756591797,3.0012075901031494,0.0014994144439697266
87,4,160,2.8270888328552246,2.830321788787842,0.0032329559326171875
87,5,160,3.3356993198394775,3.340928077697754,0.005228757858276367
87,6,160,3.322209596633911,3.32437801361084,0.002168416976928711
87,7,160,3.3482539653778076,3.352762222290039,0.004508256912231445
87,8,160,3.0581541061401367,3.0590763092041016,0.0009222030639648438
87,9,160,3.2790122032165527,3.2832839488983154,0.004271745681762695
87,10,160,3.482422351837158,3.485333204269409,0.0029108524322509766
87,11,160,3.1049365997314453,3.1096954345703125,0.0047588348388671875
87,12,160,3.3190739154815674,3.319974660873413,0.0009007453918457031
87,13,160,3.80618953704834,3.806541681289673,0.0003521442413330078
87,14,160,3.6390950679779053,3.6422808170318604,0.003185749053955078
87,15,160,3.567099094390869,3.567996025085449,0.0008969306945800781
87,16,160,3.9213218688964844,3.9196159839630127,-0.0017058849334716797
87,17,160,3.5119147300720215,3.5131523609161377,0.001237630844116211
87,18,160,2.919949769973755,2.9226632118225098,0.002713441848754883
87,19,160,2.520082950592041,2.5211570262908936,0.001074075698852539
88,0,160,3.398008108139038,3.4002914428710938,0.002283334732055664
88,1,160,3.5275416374206543,3.5248942375183105,-0.00264739990234375
88,2,160,3.434554100036621,3.435661792755127,0.0011076927185058594
88,3,160,2.9997081756591797,2.999199628829956,-0.0005085468292236328
88,4,160,2.8270888328552246,2.8274106979370117,0.0003218650817871094
88,5,160,3.3356993198394775,3.3376119136810303,0.0019125938415527344
88,6,160,3.322209596633911,3.3233511447906494,0.0011415481567382812
88,7,160,3.3482539653778076,3.3479838371276855,-0.0002701282501220703
88,8,160,3.0581541061401367,3.0570523738861084,-0.0011017322540283203
88,9,160,3.2790122032165527,3.27858829498291,-0.0004239082336425781
88,10,160,3.482422351837158,3.4830479621887207,0.0006256103515625
88,11,160,3.1049365997314453,3.1080143451690674,0.0030777454376220703
88,12,160,3.3190739154815674,3.319838047027588,0.0007641315460205078
88,13,160,3.80618953704834,3.8039491176605225,-0.002240419387817383
88,14,160,3.6390950679779053,3.6416890621185303,0.002593994140625
88,15,160,3.567099094390869,3.5680391788482666,0.0009400844573974609
88,16,160,3.9213218688964844,3.9212520122528076,-6.985664367675781e-05
88,17,160,3.5119147300720215,3.515744209289551,0.003829479217529297
88,18,160,2.919949769973755,2.9242045879364014,0.004254817962646484
88,19,160,2.520082950592041,2.5261194705963135,0.006036520004272461
89,0,160,3.398008108139038,3.3996334075927734,0.0016252994537353516
89,1,160,3.5275416374206543,3.528876781463623,0.00133514404296875
89,2,160,3.434554100036621,3.433220386505127,-0.0013337135314941406
89,3,160,2.9997081756591797,2.9993085861206055,-0.00039958953857421875
89,4,160,2.8270888328552246,2.825857639312744,-0.0012311935424804688
89,5,160,3.3356993198394775,3.336454153060913,0.0007548332214355469
89,6,160,3.322209596633911,3.322495222091675,0.0002856254577636719
89,7,160,3.3482539653778076,3.3505642414093018,0.0023102760314941406
89,8,160,3.0581541061401367,3.057781219482422,-0.00037288665771484375
89,9,160,3.2790122032165527,3.2793915271759033,0.00037932395935058594
89,10,160,3.482422351837158,3.48282790184021,0.0004055500030517578
89,11,160,3.1049365997314453,3.1069860458374023,0.0020494461059570312
89,12,160,3.3190739154815674,3.317925214767456,-0.0011487007141113281
89,13,160,3.80618953704834,3.804088592529297,-0.0021009445190429688
89,14,160,3.6390950679779053,3.6426877975463867,0.0035927295684814453
89,15,160,3.567099094390869,3.566918134689331,-0.00018095970153808594
89,16,160,3.9213218688964844,3.92187237739563,0.0005505084991455078
89,17,160,3.5119147300720215,3.51674485206604,0.004830121994018555
89,18,160,2.919949769973755,2.9221572875976562,0.002207517623901367
89,19,160,2.520082950592041,2.5217344760894775,0.0016515254974365234
90,0,160,3.398008108139038,3.4009716510772705,0.002963542938232422
90,1,160,3.5275416374206543,3.5294859409332275,0.0019443035125732422
90,2,160,3.434554100036621,3.4331119060516357,-0.0014421939849853516
90,3,160,2.9997081756591797,3.00160813331604,0.0018999576568603516
90,4,160,2.8270888328552246,2.826795816421509,-0.0002930164337158203
90,5,160,3.3356993198394775,3.338151454925537,0.0024521350860595703
90,6,160,3.322209596633911,3.324117422103882,0.0019078254699707031
90,7,160,3.3482539653778076,3.351008415222168,0.0027544498443603516
90,8,160,3.0581541061401367,3.0606613159179688,0.0025072097778320312
90,9,160,3.2790122032165527,3.2793946266174316,0.00038242340087890625
90,10,160,3.482422351837158,3.4839751720428467,0.0015528202056884766
90,11,160,3.1049365997314453,3.1079952716827393,0.0030586719512939453
90,12,160,3.3190739154815674,3.3208847045898438,0.0018107891082763672
90,13,160,3.80618953704834,3.8053083419799805,-0.000881195068359375
90,14,160,3.6390950679779053,3.641653299331665,0.0025582313537597656
90,15,160,3.567099094390869,3.5682687759399414,0.0011696815490722656
90,16,160,3.9213218688964844,3.920741319656372,-0.0005805492401123047
90,17,160,3.5119147300720215,3.515418291091919,0.003503561019897461
90,18,160,2.919949769973755,2.922039747238159,0.002089977264404297
90,19,160,2.520082950592041,2.5240023136138916,0.003919363021850586
91,0,160,3.398008108139038,3.400500774383545,0.002492666244506836
91,1,160,3.5275416374206543,3.5295193195343018,0.001977682113647461
91,2,160,3.434554100036621,3.4349892139434814,0.00043511390686035156
91,3,160,2.9997081756591797,2.998357057571411,-0.0013511180877685547
91,4,160,2.8270888328552246,2.8280184268951416,0.0009295940399169922
91,5,160,3.3356993198394775,3.3369274139404297,0.0012280941009521484
91,6,160,3.322209596633911,3.3196499347686768,-0.002559661865234375
91,7,160,3.3482539653778076,3.3489904403686523,0.0007364749908447266
91,8,160,3.0581541061401367,3.0583035945892334,0.0001494884490966797
91,9,160,3.2790122032165527,3.2795910835266113,0.0005788803100585938
91,10,160,3.482422351837158,3.4812543392181396,-0.0011680126190185547
91,11,160,3.1049365997314453,3.1081759929656982,0.0032393932342529297
91,12,160,3.3190739154815674,3.3213093280792236,0.00223541259765625
91,13,160,3.80618953704834,3.8060519695281982,-0.00013756752014160156
91,14,160,3.6390950679779053,3.6407878398895264,0.0016927719116210938
91,15,160,3.567099094390869,3.566758394241333,-0.0003407001495361328
91,16,160,3.9213218688964844,3.9201204776763916,-0.0012013912200927734
91,17,160,3.5119147300720215,3.516716718673706,0.00480198860168457
91,18,160,2.919949769973755,2.922661781311035,0.0027120113372802734
91,19,160,2.520082950592041,2.5242292881011963,0.0041463375091552734
92,0,160,3.398008108139038,3.399160146713257,0.00115203857421875
92,1,160,3.5275416374206543,3.527862787246704,0.0003211498260498047
92,2,160,3.434554100036621,3.4328396320343018,-0.001714468002319336
92,3,160,2.9997081756591797,2.999438524246216,-0.0002696514129638672
92,4,160,2.8270888328552246,2.8282124996185303,0.001123666763305664
92,5,160,3.3356993198394775,3.3347408771514893,-0.0009584426879882812
92,6,160,3.322209596633911,3.322423219680786,0.000213623046875
92,7,160,3.3482539653778076,3.3476827144622803,-0.0005712509155273438
92,8,160,3.0581541061401367,3.057062864303589,-0.0010912418365478516
92,9,160,3.2790122032165527,3.27978515625,0.0007729530334472656
92,10,160,3.482422351837158,3.480217933654785,-0.002204418182373047
92,11,160,3.1049365997314453,3.106320381164551,0.0013837814331054688
92,12,160,3.3190739154815674,3.317997455596924,-0.0010764598846435547
92,13,160,3.80618953704834,3.8049962520599365,-0.0011932849884033203
92,14,160,3.6390950679779053,3.6413979530334473,0.002302885055541992
92,15,160,3.567099094390869,3.568340539932251,0.001241445541381836
92,16,160,3.9213218688964844,3.9201138019561768,-0.0012080669403076172
92,17,160,3.5119147300720215,3.5165798664093018,0.0046651363372802734
92,18,160,2.919949769973755,2.922117233276367,0.0021674633026123047
92,19,160,2.520082950592041,2.523286819458008,0.003203868865966797
93,0,160,3.398008108139038,3.399940252304077,0.0019321441650390625
93,1,160,3.5275416374206543,3.528057098388672,0.0005154609680175781
93,2,160,3.434554100036621,3.4348232746124268,0.00026917457580566406
93,3,160,2.9997081756591797,2.999563694000244,-0.00014448165893554688
93,4,160,2.8270888328552246,2.8268325328826904,-0.0002562999725341797
93,5,160,3.3356993198394775,3.3354854583740234,-0.00021386146545410156
93,6,160,3.322209596633911,3.3216867446899414,-0.0005228519439697266
93,7,160,3.3482539653778076,3.3498144149780273,0.0015604496002197266
93,8,160,3.0581541061401367,3.057377338409424,-0.0007767677307128906
93,9,160,3.2790122032165527,3.27873158454895,-0.00028061866760253906
93,10,160,3.482422351837158,3.4817922115325928,-0.0006301403045654297
93,11,160,3.1049365997314453,3.1058545112609863,0.0009179115295410156
93,12,160,3.3190739154815674,3.318143844604492,-0.0009300708770751953
93,13,160,3.80618953704834,3.804896354675293,-0.001293182373046875
93,14,160,3.6390950679779053,3.6405677795410156,0.0014727115631103516
93,15,160,3.567099094390869,3.5705838203430176,0.0034847259521484375
93,16,160,3.9213218688964844,3.921156644821167,-0.0001652240753173828
93,17,160,3.5119147300720215,3.5163028240203857,0.004388093948364258
93,18,160,2.919949769973755,2.9222850799560547,0.0023353099822998047
93,19,160,2.520082950592041,2.523515224456787,0.0034322738647460938
94,0,160,3.398008108139038,3.4005868434906006,0.0025787353515625
94,1,160,3.5275416374206543,3.52660870552063,-0.0009329319000244141
94,2,160,3.434554100036621,3.4335992336273193,-0.0009548664093017578
94,3,160,2.9997081756591797,3.0001566410064697,0.00044846534729003906
94,4,160,2.8270888328552246,2.8271336555480957,4.482269287109375e-05
94,5,160,3.3356993198394775,3.3370418548583984,0.0013425350189208984
94,6,160,3.322209596633911,3.3241167068481445,0.0019071102142333984
94,7,160,3.3482539653778076,3.349335193634033,0.001081228256225586
94,8,160,3.0581541061401367,3.057745933532715,-0.000408172607421875
94,9,160,3.2790122032165527,3.2796404361724854,0.0006282329559326172
94,10,160,3.482422351837158,3.480841875076294,-0.0015804767608642578
94,11,160,3.1049365997314453,3.1066482067108154,0.0017116069793701172
94,12,160,3.3190739154815674,3.3186774253845215,-0.00039649009704589844
94,13,160,3.80618953704834,3.8049516677856445,-0.0012378692626953125
94,14,160,3.6390950679779053,3.640260696411133,0.001165628433227539
94,15,160,3.567099094390869,3.567694664001465,0.0005955696105957031
94,16,160,3.9213218688964844,3.9226651191711426,0.0013432502746582031
94,17,160,3.5119147300720215,3.516428232192993,0.00451350212097168
94,18,160,2.919949769973755,2.9209985733032227,0.0010488033294677734
94,19,160,2.520082950592041,2.520724296569824,0.0006413459777832031
95,0,160,3.398008108139038,3.3992652893066406,0.001257181167602539
95,1,160,3.5275416374206543,3.5280349254608154,0.0004932880401611328
95,2,160,3.434554100036621,3.435142755508423,0.0005886554718017578
95,3,160,2.9997081756591797,3.0006465911865234,0.00093841552734375
95,4,160,2.8270888328552246,2.8260245323181152,-0.001064300537109375
95,5,160,3.3356993198394775,3.3375260829925537,0.0018267631530761719
95,6,160,3.322209596633911,3.3227076530456543,0.0004980564117431641
95,7,160,3.3482539653778076,3.3486664295196533,0.0004124641418457031
95,8,160,3.0581541061401367,3.0580437183380127,-0.00011038780212402344
95,9,160,3.2790122032165527,3.281255006790161,0.0022428035736083984
95,10,160,3.482422351837158,3.4845669269561768,0.0021445751190185547
95,11,160,3.1049365997314453,3.107767343521118,0.0028307437896728516
95,12,160,3.3190739154815674,3.319439172744751,0.00036525726318359375
95,13,160,3.80618953704834,3.8057432174682617,-0.000446319580078125
95,14,160,3.6390950679779053,3.6408565044403076,0.0017614364624023438
95,15,160,3.567099094390869,3.5665700435638428,-0.0005290508270263672
95,16,160,3.9213218688964844,3.9232237339019775,0.001901865005493164
95,17,160,3.5119147300720215,3.514876365661621,0.0029616355895996094
95,18,160,2.919949769973755,2.9223735332489014,0.0024237632751464844
95,19,160,2.520082950592041,2.523176431655884,0.0030934810638427734
96,0,160,3.398008108139038,3.399709463119507,0.00170135498046875
96,1,160,3.5275416374206543,3.5292069911956787,0.001665353775024414
96,2,160,3.434554100036621,3.435250759124756,0.0006966590881347656
96,3,160,2.9997081756591797,2.9996306896209717,-7.748603820800781e-05
96,4,160,2.8270888328552246,2.8265249729156494,-0.0005638599395751953
96,5,160,3.3356993198394775,3.3374972343444824,0.0017979145050048828
96,6,160,3.322209596633911,3.324164628982544,0.0019550323486328125
96,7,160,3.3482539653778076,3.3498287200927734,0.0015747547149658203
96,8,160,3.0581541061401367,3.059751272201538,0.0015971660614013672
96,9,160,3.2790122032165527,3.278822898864746,-0.00018930435180664062
96,10,160,3.482422351837158,3.4831786155700684,0.0007562637329101562
96,11,160,3.1049365997314453,3.105778932571411,0.0008423328399658203
96,12,160,3.3190739154815674,3.318997383117676,-7.653236389160156e-05
96,13,160,3.80618953704834,3.8074657917022705,0.001276254653930664
96,14,160,3.6390950679779053,3.6410791873931885,0.001984119415283203
96,15,160,3.567099094390869,3.5678911209106445,0.0007920265197753906
96,16,160,3.9213218688964844,3.9231889247894287,0.001867055892944336
96,17,160,3.5119147300720215,3.516597270965576,0.0046825408935546875
96,18,160,2.919949769973755,2.9246127605438232,0.004662990570068359
96,19,160,2.520082950592041,2.5219390392303467,0.001856088638305664
97,0,160,3.398008108139038,3.3981716632843018,0.00016355514526367188
97,1,160,3.5275416374206543,3.527306318283081,-0.0002353191375732422
97,2,160,3.434554100036621,3.4372739791870117,0.002719879150390625
97,3,160,2.9997081756591797,3.0024492740631104,0.002741098403930664
97,4,160,2.8270888328552246,2.8269238471984863,-0.00016498565673828125
97,5,160,3.3356993198394775,3.3377742767333984,0.0020749568939208984
97,6,160,3.322209596633911,3.3244097232818604,0.0022001266479492188
97,7,160,3.3482539653778076,3.3523266315460205,0.004072666168212891
97,8,160,3.0581541061401367,3.0603203773498535,0.002166271209716797
97,9,160,3.2790122032165527,3.279545783996582,0.0005335807800292969
97,10,160,3.482422351837158,3.4826931953430176,0.000270843505859375
97,11,160,3.1049365997314453,3.1086790561676025,0.0037424564361572266
97,12,160,3.3190739154815674,3.319582462310791,0.0005085468292236328
97,13,160,3.80618953704834,3.807941198348999,0.0017516613006591797
97,14,160,3.6390950679779053,3.6431188583374023,0.00402379035949707
97,15,160,3.567099094390869,3.568103551864624,0.0010044574737548828
97,16,160,3.9213218688964844,3.9228274822235107,0.0015056133270263672
97,17,160,3.5119147300720215,3.515805959701538,0.0038912296295166016
97,18,160,2.919949769973755,2.9231300354003906,0.003180265426635742
97,19,160,2.520082950592041,2.5220890045166016,0.002006053924560547
98,0,160,3.398008108139038,3.3997769355773926,0.0017688274383544922
98,1,160,3.5275416374206543,3.5287413597106934,0.0011997222900390625
98,2,160,3.434554100036621,3.4340932369232178,-0.0004608631134033203
98,3,160,2.9997081756591797,2.9990527629852295,-0.0006554126739501953
98,4,160,2.8270888328552246,2.8269670009613037,-0.00012183189392089844
98,5,160,3.3356993198394775,3.3357222080230713,2.288818359375e-05
98,6,160,3.322209596633911,3.322937250137329,0.0007276535034179688
98,7,160,3.3482539653778076,3.350058078765869,0.0018041133880615234
98,8,160,3.0581541061401367,3.0559818744659424,-0.002172231674194336
98,9,160,3.2790122032165527,3.2797133922576904,0.0007011890411376953
98,10,160,3.482422351837158,3.480897903442383,-0.0015244483947753906
98,11,160,3.1049365997314453,3.1093850135803223,0.004448413848876953
98,12,160,3.3190739154815674,3.319932222366333,0.000858306884765625
98,13,160,3.80618953704834,3.8066959381103516,0.0005064010620117188
98,14,160,3.6390950679779053,3.641564130783081,0.0024690628051757812
98,15,160,3.567099094390869,3.568079948425293,0.0009808540344238281
98,16,160,3.9213218688964844,3.921168327331543,-0.00015354156494140625
98,17,160,3.5119147300720215,3.5166070461273193,0.0046923160552978516
98,18,160,2.919949769973755,2.9260075092315674,0.0060577392578125
98,19,160,2.520082950592041,2.523838996887207,0.0037560462951660156
99,0,160,3.398008108139038,3.4003283977508545,0.0023202896118164062
99,1,160,3.5275416374206543,3.5287914276123047,0.0012497901916503906
99,2,160,3.434554100036621,3.434727430343628,0.00017333030700683594
99,3,160,2.9997081756591797,3.0014028549194336,0.0016946792602539062
99,4,160,2.8270888328552246,2.8288967609405518,0.0018079280853271484
99,5,160,3.3356993198394775,3.3368546962738037,0.0011553764343261719
99,6,160,3.322209596633911,3.322500228881836,0.0002906322479248047
99,7,160,3.3482539653778076,3.348684549331665,0.0004305839538574219
99,8,160,3.0581541061401367,3.0561022758483887,-0.002051830291748047
99,9,160,3.2790122032165527,3.27883243560791,-0.00017976760864257812
99,10,160,3.482422351837158,3.481646776199341,-0.0007755756378173828
99,11,160,3.1049365997314453,3.106715440750122,0.0017788410186767578
99,12,160,3.3190739154815674,3.317864418029785,-0.0012094974517822266
99,13,160,3.80618953704834,3.806528329849243,0.0003387928009033203
99,14,160,3.6390950679779053,3.642679214477539,0.003584146499633789
99,15,160,3.567099094390869,3.5663654804229736,-0.0007336139678955078
99,16,160,3.9213218688964844,3.922046422958374,0.0007245540618896484
99,17,160,3.5119147300720215,3.5153262615203857,0.003411531448364258
99,18,160,2.919949769973755,2.923867702484131,0.0039179325103759766
99,19,160,2.520082950592041,2.5226235389709473,0.00254058837890625
