subset,query,n_removed,baseline_loss,filtered_loss,loss_change
0,0,160,3.4117543697357178,3.4107658863067627,-0.0009884834289550781
0,1,160,3.5385615825653076,3.536975622177124,-0.0015859603881835938
0,2,160,3.4561798572540283,3.4559433460235596,-0.00023651123046875
0,3,160,2.999037981033325,2.9979231357574463,-0.0011148452758789062
0,4,160,2.8376259803771973,2.8353168964385986,-0.002309083938598633
0,5,160,3.3331079483032227,3.334228515625,0.0011205673217773438
0,6,160,3.329303741455078,3.3260297775268555,-0.0032739639282226562
0,7,160,3.3449506759643555,3.344757556915283,-0.00019311904907226562
0,8,160,3.051907539367676,3.0511770248413086,-0.0007305145263671875
0,9,160,3.2737743854522705,3.273287773132324,-0.00048661231994628906
0,10,160,3.497657060623169,3.4969894886016846,-0.000667572021484375
0,11,160,3.1188197135925293,3.120725154876709,0.0019054412841796875
0,12,160,3.3343570232391357,3.3340516090393066,-0.00030541419982910156
0,13,160,3.80757212638855,3.804838180541992,-0.002733945846557617
0,14,160,3.637634515762329,3.6394126415252686,0.0017781257629394531
0,15,160,3.5595297813415527,3.5594515800476074,-7.82012939453125e-05
0,16,160,3.9195525646209717,3.920313835144043,0.0007612705230712891
0,17,160,3.5629773139953613,3.5636391639709473,0.0006618499755859375
0,18,160,2.9200692176818848,2.9199204444885254,-0.000148773193359375
0,19,160,2.5281591415405273,2.5267930030822754,-0.0013661384582519531
1,0,160,3.4117543697357178,3.4121253490448,0.00037097930908203125
1,1,160,3.5385615825653076,3.5391621589660645,0.0006005764007568359
1,2,160,3.4561798572540283,3.4564671516418457,0.0002872943878173828
1,3,160,2.999037981033325,2.9959542751312256,-0.0030837059020996094
1,4,160,2.8376259803771973,2.8366715908050537,-0.0009543895721435547
1,5,160,3.3331079483032227,3.333956241607666,0.0008482933044433594
1,6,160,3.329303741455078,3.326077938079834,-0.0032258033752441406
1,7,160,3.3449506759643555,3.3447771072387695,-0.0001735687255859375
1,8,160,3.051907539367676,3.049997568130493,-0.0019099712371826172
1,9,160,3.2737743854522705,3.2726926803588867,-0.001081705093383789
1,10,160,3.497657060623169,3.4988067150115967,0.0011496543884277344
1,11,160,3.1188197135925293,3.120850086212158,0.0020303726196289062
1,12,160,3.3343570232391357,3.342109441757202,0.007752418518066406
1,13,160,3.80757212638855,3.8043577671051025,-0.0032143592834472656
1,14,160,3.637634515762329,3.640972375869751,0.003337860107421875
1,15,160,3.5595297813415527,3.559492826461792,-3.695487976074219e-05
1,16,160,3.9195525646209717,3.9213860034942627,0.0018334388732910156
1,17,160,3.5629773139953613,3.5602831840515137,-0.0026941299438476562
1,18,160,2.9200692176818848,2.920170783996582,0.00010156631469726562
1,19,160,2.5281591415405273,2.526021718978882,-0.002137422561645508
2,0,160,3.4117543697357178,3.4107909202575684,-0.0009634494781494141
2,1,160,3.5385615825653076,3.5362722873687744,-0.002289295196533203
2,2,160,3.4561798572540283,3.4562671184539795,8.726119995117188e-05
2,3,160,2.999037981033325,2.9966213703155518,-0.0024166107177734375
2,4,160,2.8376259803771973,2.8377268314361572,0.00010085105895996094
2,5,160,3.3331079483032227,3.3322315216064453,-0.0008764266967773438
2,6,160,3.329303741455078,3.3272509574890137,-0.002052783966064453
2,7,160,3.3449506759643555,3.345095157623291,0.00014448165893554688
2,8,160,3.051907539367676,3.0519495010375977,4.1961669921875e-05
2,9,160,3.2737743854522705,3.272958278656006,-0.0008161067962646484
2,10,160,3.497657060623169,3.4967422485351562,-0.0009148120880126953
2,11,160,3.1188197135925293,3.123948097229004,0.005128383636474609
2,12,160,3.3343570232391357,3.334834575653076,0.0004775524139404297
2,13,160,3.80757212638855,3.805391788482666,-0.002180337905883789
2,14,160,3.637634515762329,3.640890121459961,0.003255605697631836
2,15,160,3.5595297813415527,3.5600640773773193,0.0005342960357666016
2,16,160,3.9195525646209717,3.9209156036376953,0.0013630390167236328
2,17,160,3.5629773139953613,3.563335418701172,0.0003581047058105469
2,18,160,2.9200692176818848,2.920159101486206,8.988380432128906e-05
2,19,160,2.5281591415405273,2.527811288833618,-0.0003478527069091797
3,0,160,3.4117543697357178,3.4097740650177,-0.001980304718017578
3,1,160,3.5385615825653076,3.538945436477661,0.0003838539123535156
3,2,160,3.4561798572540283,3.4576194286346436,0.0014395713806152344
3,3,160,2.999037981033325,2.9975926876068115,-0.0014452934265136719
3,4,160,2.8376259803771973,2.8370277881622314,-0.0005981922149658203
3,5,160,3.3331079483032227,3.332801342010498,-0.0003066062927246094
3,6,160,3.329303741455078,3.3267107009887695,-0.0025930404663085938
3,7,160,3.3449506759643555,3.345186233520508,0.00023555755615234375
3,8,160,3.051907539367676,3.0507941246032715,-0.0011134147644042969
3,9,160,3.2737743854522705,3.273207426071167,-0.0005669593811035156
3,10,160,3.497657060623169,3.496739625930786,-0.0009174346923828125
3,11,160,3.1188197135925293,3.120224952697754,0.0014052391052246094
3,12,160,3.3343570232391357,3.334390163421631,3.314018249511719e-05
3,13,160,3.80757212638855,3.8054184913635254,-0.002153635025024414
3,14,160,3.637634515762329,3.6408259868621826,0.0031914710998535156
3,15,160,3.5595297813415527,3.5601296424865723,0.0005998611450195312
3,16,160,3.9195525646209717,3.921388864517212,0.0018362998962402344
3,17,160,3.5629773139953613,3.560756206512451,-0.0022211074829101562
3,18,160,2.9200692176818848,2.9201462268829346,7.700920104980469e-05
3,19,160,2.5281591415405273,2.5250792503356934,-0.0030798912048339844
4,0,160,3.4117543697357178,3.41198468208313,0.00023031234741210938
4,1,160,3.5385615825653076,3.536787986755371,-0.0017735958099365234
4,2,160,3.4561798572540283,3.4556984901428223,-0.0004813671112060547
4,3,160,2.999037981033325,3.0002987384796143,0.0012607574462890625
4,4,160,2.8376259803771973,2.8357908725738525,-0.0018351078033447266
4,5,160,3.3331079483032227,3.333904504776001,0.0007965564727783203
4,6,160,3.329303741455078,3.329420328140259,0.00011658668518066406
4,7,160,3.3449506759643555,3.345630645751953,0.0006799697875976562
4,8,160,3.051907539367676,3.051175594329834,-0.0007319450378417969
4,9,160,3.2737743854522705,3.2743923664093018,0.00061798095703125
4,10,160,3.497657060623169,3.499253034591675,0.0015959739685058594
4,11,160,3.1188197135925293,3.119318962097168,0.0004992485046386719
4,12,160,3.3343570232391357,3.343233108520508,0.00887608528137207
4,13,160,3.80757212638855,3.80755877494812,-1.33514404296875e-05
4,14,160,3.637634515762329,3.63722562789917,-0.0004088878631591797
4,15,160,3.5595297813415527,3.5601961612701416,0.0006663799285888672
4,16,160,3.9195525646209717,3.9183313846588135,-0.0012211799621582031
4,17,160,3.5629773139953613,3.562551259994507,-0.0004260540008544922
4,18,160,2.9200692176818848,2.9201269149780273,5.7697296142578125e-05
4,19,160,2.5281591415405273,2.527191162109375,-0.0009679794311523438
5,0,160,3.4117543697357178,3.4127395153045654,0.0009851455688476562
5,1,160,3.5385615825653076,3.539315700531006,0.0007541179656982422
5,2,160,3.4561798572540283,3.4546566009521484,-0.0015232563018798828
5,3,160,2.999037981033325,2.9969844818115234,-0.002053499221801758
5,4,160,2.8376259803771973,2.8383452892303467,0.0007193088531494141
5,5,160,3.3331079483032227,3.3322160243988037,-0.0008919239044189453
5,6,160,3.329303741455078,3.3289897441864014,-0.0003139972686767578
5,7,160,3.3449506759643555,3.3461530208587646,0.0012023448944091797
5,8,160,3.051907539367676,3.052748918533325,0.0008413791656494141
5,9,160,3.2737743854522705,3.274179458618164,0.0004050731658935547
5,10,160,3.497657060623169,3.4975533485412598,-0.00010371208190917969
5,11,160,3.1188197135925293,3.1185429096221924,-0.00027680397033691406
5,12,160,3.3343570232391357,3.3328559398651123,-0.0015010833740234375
5,13,160,3.80757212638855,3.808523654937744,0.0009515285491943359
5,14,160,3.637634515762329,3.638108491897583,0.00047397613525390625
5,15,160,3.5595297813415527,3.5618603229522705,0.0023305416107177734
5,16,160,3.9195525646209717,3.9198899269104004,0.00033736228942871094
5,17,160,3.5629773139953613,3.5620384216308594,-0.0009388923645019531
5,18,160,2.9200692176818848,2.9202136993408203,0.00014448165893554688
5,19,160,2.5281591415405273,2.527222156524658,-0.0009369850158691406
6,0,160,3.4117543697357178,3.4113361835479736,-0.0004181861877441406
6,1,160,3.5385615825653076,3.539872884750366,0.0013113021850585938
6,2,160,3.4561798572540283,3.454705238342285,-0.001474618911743164
6,3,160,2.999037981033325,2.9995486736297607,0.0005106925964355469
6,4,160,2.8376259803771973,2.8369956016540527,-0.0006303787231445312
6,5,160,3.3331079483032227,3.331425428390503,-0.0016825199127197266
6,6,160,3.329303741455078,3.3273909091949463,-0.001912832260131836
6,7,160,3.3449506759643555,3.3447344303131104,-0.0002162456512451172
6,8,160,3.051907539367676,3.0524561405181885,0.0005486011505126953
6,9,160,3.2737743854522705,3.270775079727173,-0.0029993057250976562
6,10,160,3.497657060623169,3.4965620040893555,-0.0010950565338134766
6,11,160,3.1188197135925293,3.1178669929504395,-0.0009527206420898438
6,12,160,3.3343570232391357,3.335303783416748,0.0009467601776123047
6,13,160,3.80757212638855,3.807459831237793,-0.00011229515075683594
6,14,160,3.637634515762329,3.639906644821167,0.0022721290588378906
6,15,160,3.5595297813415527,3.559342622756958,-0.00018715858459472656
6,16,160,3.9195525646209717,3.918633222579956,-0.000919342041015625
6,17,160,3.5629773139953613,3.564652442932129,0.0016751289367675781
6,18,160,2.9200692176818848,2.9189133644104004,-0.001155853271484375
6,19,160,2.5281591415405273,2.5280559062957764,-0.00010323524475097656
7,0,160,3.4117543697357178,3.411992073059082,0.0002377033233642578
7,1,160,3.5385615825653076,3.539792537689209,0.0012309551239013672
7,2,160,3.4561798572540283,3.4552040100097656,-0.0009758472442626953
7,3,160,2.999037981033325,2.99935245513916,0.00031447410583496094
7,4,160,2.8376259803771973,2.8385825157165527,0.0009565353393554688
7,5,160,3.3331079483032227,3.3317556381225586,-0.0013523101806640625
7,6,160,3.329303741455078,3.3297674655914307,0.00046372413635253906
7,7,160,3.3449506759643555,3.3458139896392822,0.0008633136749267578
7,8,160,3.051907539367676,3.0514309406280518,-0.00047659873962402344
7,9,160,3.2737743854522705,3.2729108333587646,-0.0008635520935058594
7,10,160,3.497657060623169,3.4980878829956055,0.00043082237243652344
7,11,160,3.1188197135925293,3.119713068008423,0.0008933544158935547
7,12,160,3.3343570232391357,3.3347349166870117,0.00037789344787597656
7,13,160,3.80757212638855,3.807825803756714,0.0002536773681640625
7,14,160,3.637634515762329,3.6379315853118896,0.0002970695495605469
7,15,160,3.5595297813415527,3.561413526535034,0.0018837451934814453
7,16,160,3.9195525646209717,3.9202346801757812,0.0006821155548095703
7,17,160,3.5629773139953613,3.5627517700195312,-0.00022554397583007812
7,18,160,2.9200692176818848,2.9195263385772705,-0.0005428791046142578
7,19,160,2.5281591415405273,2.5295283794403076,0.0013692378997802734
8,0,160,3.4117543697357178,3.4112050533294678,-0.00054931640625
8,1,160,3.5385615825653076,3.5364983081817627,-0.002063274383544922
8,2,160,3.4561798572540283,3.4548325538635254,-0.0013473033905029297
8,3,160,2.999037981033325,3.001448154449463,0.0024101734161376953
8,4,160,2.8376259803771973,2.8377952575683594,0.00016927719116210938
8,5,160,3.3331079483032227,3.333174705505371,6.67572021484375e-05
8,6,160,3.329303741455078,3.329868793487549,0.0005650520324707031
8,7,160,3.3449506759643555,3.345377206802368,0.0004265308380126953
8,8,160,3.051907539367676,3.051025867462158,-0.0008816719055175781
8,9,160,3.2737743854522705,3.273385524749756,-0.00038886070251464844
8,10,160,3.497657060623169,3.4975976943969727,-5.936622619628906e-05
8,11,160,3.1188197135925293,3.121657371520996,0.002837657928466797
8,12,160,3.3343570232391357,3.3333890438079834,-0.0009679794311523438
8,13,160,3.80757212638855,3.805802345275879,-0.0017697811126708984
8,14,160,3.637634515762329,3.6389317512512207,0.0012972354888916016
8,15,160,3.5595297813415527,3.561260223388672,0.0017304420471191406
8,16,160,3.9195525646209717,3.918877124786377,-0.0006754398345947266
8,17,160,3.5629773139953613,3.56815242767334,0.005175113677978516
8,18,160,2.9200692176818848,2.9184558391571045,-0.0016133785247802734
8,19,160,2.5281591415405273,2.5281424522399902,-1.6689300537109375e-05
9,0,160,3.4117543697357178,3.4111592769622803,-0.0005950927734375
9,1,160,3.5385615825653076,3.5377626419067383,-0.0007989406585693359
9,2,160,3.4561798572540283,3.4569292068481445,0.0007493495941162109
9,3,160,2.999037981033325,2.998135566711426,-0.0009024143218994141
9,4,160,2.8376259803771973,2.8358778953552246,-0.0017480850219726562
9,5,160,3.3331079483032227,3.3311707973480225,-0.0019371509552001953
9,6,160,3.329303741455078,3.3273167610168457,-0.001986980438232422
9,7,160,3.3449506759643555,3.344705104827881,-0.0002455711364746094
9,8,160,3.051907539367676,3.050610303878784,-0.0012972354888916016
9,9,160,3.2737743854522705,3.2750892639160156,0.0013148784637451172
9,10,160,3.497657060623169,3.4976725578308105,1.5497207641601562e-05
9,11,160,3.1188197135925293,3.1196086406707764,0.0007889270782470703
9,12,160,3.3343570232391357,3.334366798400879,9.775161743164062e-06
9,13,160,3.80757212638855,3.8072731494903564,-0.0002989768981933594
9,14,160,3.637634515762329,3.6374285221099854,-0.00020599365234375
9,15,160,3.5595297813415527,3.559027671813965,-0.0005021095275878906
9,16,160,3.9195525646209717,3.918966293334961,-0.0005862712860107422
9,17,160,3.5629773139953613,3.562866687774658,-0.000110626220703125
9,18,160,2.9200692176818848,2.9201390743255615,6.985664367675781e-05
9,19,160,2.5281591415405273,2.526047945022583,-0.002111196517944336
10,0,160,3.4117543697357178,3.412585496902466,0.0008311271667480469
10,1,160,3.5385615825653076,3.538869857788086,0.0003082752227783203
10,2,160,3.4561798572540283,3.4554779529571533,-0.000701904296875
10,3,160,2.999037981033325,3.001810312271118,0.0027723312377929688
10,4,160,2.8376259803771973,2.83842396736145,0.0007979869842529297
10,5,160,3.3331079483032227,3.332789659500122,-0.00031828880310058594
10,6,160,3.329303741455078,3.3262758255004883,-0.0030279159545898438
10,7,160,3.3449506759643555,3.3449857234954834,3.504753112792969e-05
10,8,160,3.051907539367676,3.0519871711730957,7.963180541992188e-05
10,9,160,3.2737743854522705,3.275695323944092,0.001920938491821289
10,10,160,3.497657060623169,3.497744560241699,8.749961853027344e-05
10,11,160,3.1188197135925293,3.118258476257324,-0.0005612373352050781
10,12,160,3.3343570232391357,3.333571195602417,-0.00078582763671875
10,13,160,3.80757212638855,3.8069863319396973,-0.0005857944488525391
10,14,160,3.637634515762329,3.6377038955688477,6.937980651855469e-05
10,15,160,3.5595297813415527,3.560941219329834,0.00141143798828125
10,16,160,3.9195525646209717,3.919497013092041,-5.555152893066406e-05
10,17,160,3.5629773139953613,3.561945676803589,-0.001031637191772461
10,18,160,2.9200692176818848,2.9200093746185303,-5.984306335449219e-05
10,19,160,2.5281591415405273,2.5293326377868652,0.0011734962463378906
11,0,160,3.4117543697357178,3.4123647212982178,0.0006103515625
11,1,160,3.5385615825653076,3.5390210151672363,0.00045943260192871094
11,2,160,3.4561798572540283,3.4580423831939697,0.0018625259399414062
11,3,160,2.999037981033325,3.000089168548584,0.001051187515258789
11,4,160,2.8376259803771973,2.8370516300201416,-0.0005743503570556641
11,5,160,3.3331079483032227,3.3332886695861816,0.00018072128295898438
11,6,160,3.329303741455078,3.3294918537139893,0.0001881122589111328
11,7,160,3.3449506759643555,3.343581438064575,-0.0013692378997802734
11,8,160,3.051907539367676,3.053532838821411,0.0016252994537353516
11,9,160,3.2737743854522705,3.2732086181640625,-0.0005657672882080078
11,10,160,3.497657060623169,3.4995179176330566,0.0018608570098876953
11,11,160,3.1188197135925293,3.120332717895508,0.0015130043029785156
11,12,160,3.3343570232391357,3.333076238632202,-0.0012807846069335938
11,13,160,3.80757212638855,3.8106675148010254,0.003095388412475586
11,14,160,3.637634515762329,3.637577533721924,-5.698204040527344e-05
11,15,160,3.5595297813415527,3.558729410171509,-0.0008003711700439453
11,16,160,3.9195525646209717,3.9196112155914307,5.8650970458984375e-05
11,17,160,3.5629773139953613,3.5624752044677734,-0.0005021095275878906
11,18,160,2.9200692176818848,2.9196009635925293,-0.00046825408935546875
11,19,160,2.5281591415405273,2.528242349624634,8.320808410644531e-05
12,0,160,3.4117543697357178,3.410761594772339,-0.0009927749633789062
12,1,160,3.5385615825653076,3.5389630794525146,0.00040149688720703125
12,2,160,3.4561798572540283,3.4539074897766113,-0.002272367477416992
12,3,160,2.999037981033325,2.999138116836548,0.00010013580322265625
12,4,160,2.8376259803771973,2.837097644805908,-0.0005283355712890625
12,5,160,3.3331079483032227,3.3352763652801514,0.002168416976928711
12,6,160,3.329303741455078,3.3288190364837646,-0.00048470497131347656
12,7,160,3.3449506759643555,3.345686912536621,0.000736236572265625
12,8,160,3.051907539367676,3.0520689487457275,0.0001614093780517578
12,9,160,3.2737743854522705,3.2735819816589355,-0.00019240379333496094
12,10,160,3.497657060623169,3.4980201721191406,0.0003631114959716797
12,11,160,3.1188197135925293,3.119626760482788,0.0008070468902587891
12,12,160,3.3343570232391357,3.335724353790283,0.001367330551147461
12,13,160,3.80757212638855,3.8078575134277344,0.0002853870391845703
12,14,160,3.637634515762329,3.6380341053009033,0.00039958953857421875
12,15,160,3.5595297813415527,3.560950994491577,0.001421213150024414
12,16,160,3.9195525646209717,3.921376943588257,0.0018243789672851562
12,17,160,3.5629773139953613,3.562077760696411,-0.0008995532989501953
12,18,160,2.9200692176818848,2.920823335647583,0.0007541179656982422
12,19,160,2.5281591415405273,2.528859853744507,0.0007007122039794922
13,0,160,3.4117543697357178,3.4114203453063965,-0.00033402442932128906
13,1,160,3.5385615825653076,3.538562059402466,4.76837158203125e-07
13,2,160,3.4561798572540283,3.4547834396362305,-0.0013964176177978516
13,3,160,2.999037981033325,2.998826742172241,-0.00021123886108398438
13,4,160,2.8376259803771973,2.8368802070617676,-0.0007457733154296875
13,5,160,3.3331079483032227,3.3324241638183594,-0.0006837844848632812
13,6,160,3.329303741455078,3.3298399448394775,0.0005362033843994141
13,7,160,3.3449506759643555,3.3458876609802246,0.0009369850158691406
13,8,160,3.051907539367676,3.0492630004882812,-0.0026445388793945312
13,9,160,3.2737743854522705,3.2725930213928223,-0.0011813640594482422
13,10,160,3.497657060623169,3.4962878227233887,-0.0013692378997802734
13,11,160,3.1188197135925293,3.1198039054870605,0.00098419189453125
13,12,160,3.3343570232391357,3.334379196166992,2.2172927856445312e-05
13,13,160,3.80757212638855,3.806962490081787,-0.0006096363067626953
13,14,160,3.637634515762329,3.63659930229187,-0.0010352134704589844
13,15,160,3.5595297813415527,3.5596277713775635,9.799003601074219e-05
13,16,160,3.9195525646209717,3.91908597946167,-0.0004665851593017578
13,17,160,3.5629773139953613,3.566645383834839,0.003668069839477539
13,18,160,2.9200692176818848,2.9193673133850098,-0.000701904296875
13,19,160,2.5281591415405273,2.529472827911377,0.0013136863708496094
14,0,160,3.4117543697357178,3.4097740650177,-0.001980304718017578
14,1,160,3.5385615825653076,3.538330316543579,-0.00023126602172851562
14,2,160,3.4561798572540283,3.4595389366149902,0.003359079360961914
14,3,160,2.999037981033325,3.00549054145813,0.0064525604248046875
14,4,160,2.8376259803771973,2.839543104171753,0.001917123794555664
14,5,160,3.3331079483032227,3.3351805210113525,0.002072572708129883
14,6,160,3.329303741455078,3.3305068016052246,0.0012030601501464844
14,7,160,3.3449506759643555,3.3471310138702393,0.002180337905883789
14,8,160,3.051907539367676,3.055147171020508,0.0032396316528320312
14,9,160,3.2737743854522705,3.274117946624756,0.00034356117248535156
14,10,160,3.497657060623169,3.5017311573028564,0.0040740966796875
14,11,160,3.1188197135925293,3.119540214538574,0.0007205009460449219
14,12,160,3.3343570232391357,3.334954261779785,0.0005972385406494141
14,13,160,3.80757212638855,3.8077752590179443,0.00020313262939453125
14,14,160,3.637634515762329,3.6405482292175293,0.0029137134552001953
14,15,160,3.5595297813415527,3.5579352378845215,-0.00159454345703125
14,16,160,3.9195525646209717,3.9199953079223633,0.00044274330139160156
14,17,160,3.5629773139953613,3.5617880821228027,-0.0011892318725585938
14,18,160,2.9200692176818848,2.9191806316375732,-0.0008885860443115234
14,19,160,2.5281591415405273,2.5296497344970703,0.0014905929565429688
15,0,160,3.4117543697357178,3.411280393600464,-0.00047397613525390625
15,1,160,3.5385615825653076,3.536406993865967,-0.0021545886993408203
15,2,160,3.4561798572540283,3.455707550048828,-0.0004723072052001953
15,3,160,2.999037981033325,2.9981627464294434,-0.0008752346038818359
15,4,160,2.8376259803771973,2.8378238677978516,0.00019788742065429688
15,5,160,3.3331079483032227,3.335179567337036,0.0020716190338134766
15,6,160,3.329303741455078,3.3298752307891846,0.0005714893341064453
15,7,160,3.3449506759643555,3.3468198776245117,0.00186920166015625
15,8,160,3.051907539367676,3.0518505573272705,-5.698204040527344e-05
15,9,160,3.2737743854522705,3.273329496383667,-0.0004448890686035156
15,10,160,3.497657060623169,3.4982807636260986,0.0006237030029296875
15,11,160,3.1188197135925293,3.1198225021362305,0.0010027885437011719
15,12,160,3.3343570232391357,3.333841323852539,-0.0005156993865966797
15,13,160,3.80757212638855,3.808243989944458,0.0006718635559082031
15,14,160,3.637634515762329,3.6381702423095703,0.0005357265472412109
15,15,160,3.5595297813415527,3.5601749420166016,0.0006451606750488281
15,16,160,3.9195525646209717,3.921294927597046,0.0017423629760742188
15,17,160,3.5629773139953613,3.5657196044921875,0.002742290496826172
15,18,160,2.9200692176818848,2.9213521480560303,0.0012829303741455078
15,19,160,2.5281591415405273,2.5284643173217773,0.00030517578125
16,0,160,3.4117543697357178,3.4095630645751953,-0.002191305160522461
16,1,160,3.5385615825653076,3.53872013092041,0.00015854835510253906
16,2,160,3.4561798572540283,3.456735134124756,0.0005552768707275391
16,3,160,2.999037981033325,2.998030424118042,-0.0010075569152832031
16,4,160,2.8376259803771973,2.838195323944092,0.0005693435668945312
16,5,160,3.3331079483032227,3.3328559398651123,-0.00025200843811035156
16,6,160,3.329303741455078,3.3294336795806885,0.00012993812561035156
16,7,160,3.3449506759643555,3.344823122024536,-0.00012755393981933594
16,8,160,3.051907539367676,3.0512566566467285,-0.0006508827209472656
16,9,160,3.2737743854522705,3.273534059524536,-0.000240325927734375
16,10,160,3.497657060623169,3.4974257946014404,-0.00023126602172851562
16,11,160,3.1188197135925293,3.1180527210235596,-0.0007669925689697266
16,12,160,3.3343570232391357,3.3417129516601562,0.007355928421020508
16,13,160,3.80757212638855,3.8074958324432373,-7.62939453125e-05
16,14,160,3.637634515762329,3.6369822025299072,-0.000652313232421875
16,15,160,3.5595297813415527,3.5604865550994873,0.0009567737579345703
16,16,160,3.9195525646209717,3.920290231704712,0.0007376670837402344
16,17,160,3.5629773139953613,3.567007541656494,0.0040302276611328125
16,18,160,2.9200692176818848,2.9196584224700928,-0.0004107952117919922
16,19,160,2.5281591415405273,2.5283665657043457,0.00020742416381835938
17,0,160,3.4117543697357178,3.4111485481262207,-0.0006058216094970703
17,1,160,3.5385615825653076,3.5401597023010254,0.0015981197357177734
17,2,160,3.4561798572540283,3.456364631652832,0.00018477439880371094
17,3,160,2.999037981033325,2.997093915939331,-0.0019440650939941406
17,4,160,2.8376259803771973,2.838002920150757,0.0003769397735595703
17,5,160,3.3331079483032227,3.3323187828063965,-0.0007891654968261719
17,6,160,3.329303741455078,3.329439878463745,0.0001361370086669922
17,7,160,3.3449506759643555,3.34415602684021,-0.0007946491241455078
17,8,160,3.051907539367676,3.053966760635376,0.0020592212677001953
17,9,160,3.2737743854522705,3.2751071453094482,0.0013327598571777344
17,10,160,3.497657060623169,3.4969558715820312,-0.0007011890411376953
17,11,160,3.1188197135925293,3.117475748062134,-0.0013439655303955078
17,12,160,3.3343570232391357,3.334057569503784,-0.0002994537353515625
17,13,160,3.80757212638855,3.805891990661621,-0.001680135726928711
17,14,160,3.637634515762329,3.638058662414551,0.0004241466522216797
17,15,160,3.5595297813415527,3.5593061447143555,-0.00022363662719726562
17,16,160,3.9195525646209717,3.91849946975708,-0.0010530948638916016
17,17,160,3.5629773139953613,3.5652222633361816,0.0022449493408203125
17,18,160,2.9200692176818848,2.921149969100952,0.0010807514190673828
17,19,160,2.5281591415405273,2.5270907878875732,-0.0010683536529541016
18,0,160,3.4117543697357178,3.4161083698272705,0.004354000091552734
18,1,160,3.5385615825653076,3.544017791748047,0.005456209182739258
18,2,160,3.4561798572540283,3.457948684692383,0.0017688274383544922
18,3,160,2.999037981033325,2.9978671073913574,-0.0011708736419677734
18,4,160,2.8376259803771973,2.8392298221588135,0.001603841781616211
18,5,160,3.3331079483032227,3.333949089050293,0.0008411407470703125
18,6,160,3.329303741455078,3.3295114040374756,0.00020766258239746094
18,7,160,3.3449506759643555,3.345167398452759,0.0002167224884033203
18,8,160,3.051907539367676,3.0523681640625,0.00046062469482421875
18,9,160,3.2737743854522705,3.2737340927124023,-4.029273986816406e-05
18,10,160,3.497657060623169,3.4983420372009277,0.0006849765777587891
18,11,160,3.1188197135925293,3.1205198764801025,0.0017001628875732422
18,12,160,3.3343570232391357,3.3350114822387695,0.0006544589996337891
18,13,160,3.80757212638855,3.809171676635742,0.0015995502471923828
18,14,160,3.637634515762329,3.6370668411254883,-0.0005676746368408203
18,15,160,3.5595297813415527,3.560929775238037,0.001399993896484375
18,16,160,3.9195525646209717,3.9197428226470947,0.00019025802612304688
18,17,160,3.5629773139953613,3.561566114425659,-0.0014111995697021484
18,18,160,2.9200692176818848,2.9204511642456055,0.0003819465637207031
18,19,160,2.5281591415405273,2.5284430980682373,0.00028395652770996094
19,0,160,3.4117543697357178,3.41054105758667,-0.0012133121490478516
19,1,160,3.5385615825653076,3.538081645965576,-0.0004799365997314453
19,2,160,3.4561798572540283,3.4560256004333496,-0.00015425682067871094
19,3,160,2.999037981033325,2.9983134269714355,-0.0007245540618896484
19,4,160,2.8376259803771973,2.8368306159973145,-0.0007953643798828125
19,5,160,3.3331079483032227,3.3337156772613525,0.0006077289581298828
19,6,160,3.329303741455078,3.3275067806243896,-0.0017969608306884766
19,7,160,3.3449506759643555,3.3433992862701416,-0.0015513896942138672
19,8,160,3.051907539367676,3.0529797077178955,0.0010721683502197266
19,9,160,3.2737743854522705,3.2739717960357666,0.00019741058349609375
19,10,160,3.497657060623169,3.5001513957977295,0.002494335174560547
19,11,160,3.1188197135925293,3.1189002990722656,8.058547973632812e-05
19,12,160,3.3343570232391357,3.333326578140259,-0.0010304450988769531
19,13,160,3.80757212638855,3.8067829608917236,-0.0007891654968261719
19,14,160,3.637634515762329,3.638451099395752,0.0008165836334228516
19,15,160,3.5595297813415527,3.559356689453125,-0.00017309188842773438
19,16,160,3.9195525646209717,3.91871976852417,-0.0008327960968017578
19,17,160,3.5629773139953613,3.5613343715667725,-0.0016429424285888672
19,18,160,2.9200692176818848,2.9205410480499268,0.0004718303680419922
19,19,160,2.5281591415405273,2.526616334915161,-0.001542806625366211
20,0,160,3.4117543697357178,3.412062883377075,0.0003085136413574219
20,1,160,3.5385615825653076,3.538491725921631,-6.985664367675781e-05
20,2,160,3.4561798572540283,3.4573371410369873,0.0011572837829589844
20,3,160,2.999037981033325,2.997370481491089,-0.0016674995422363281
20,4,160,2.8376259803771973,2.8379104137420654,0.00028443336486816406
20,5,160,3.3331079483032227,3.334686756134033,0.0015788078308105469
20,6,160,3.329303741455078,3.32814359664917,-0.0011601448059082031
20,7,160,3.3449506759643555,3.344681739807129,-0.0002689361572265625
20,8,160,3.051907539367676,3.051262855529785,-0.000644683837890625
20,9,160,3.2737743854522705,3.2751805782318115,0.0014061927795410156
20,10,160,3.497657060623169,3.496263265609741,-0.0013937950134277344
20,11,160,3.1188197135925293,3.1193959712982178,0.0005762577056884766
20,12,160,3.3343570232391357,3.3367598056793213,0.002402782440185547
20,13,160,3.80757212638855,3.8064706325531006,-0.0011014938354492188
20,14,160,3.637634515762329,3.6365790367126465,-0.0010554790496826172
20,15,160,3.5595297813415527,3.5602993965148926,0.0007696151733398438
20,16,160,3.9195525646209717,3.9179892539978027,-0.0015633106231689453
20,17,160,3.5629773139953613,3.574871063232422,0.011893749237060547
20,18,160,2.9200692176818848,2.9200029373168945,-6.628036499023438e-05
20,19,160,2.5281591415405273,2.5272135734558105,-0.0009455680847167969
21,0,160,3.4117543697357178,3.413703203201294,0.0019488334655761719
21,1,160,3.5385615825653076,3.5384323596954346,-0.00012922286987304688
21,2,160,3.4561798572540283,3.4549496173858643,-0.0012302398681640625
21,3,160,2.999037981033325,2.998248338699341,-0.000789642333984375
21,4,160,2.8376259803771973,2.835808515548706,-0.001817464828491211
21,5,160,3.3331079483032227,3.3315422534942627,-0.001565694808959961
21,6,160,3.329303741455078,3.3291966915130615,-0.00010704994201660156
21,7,160,3.3449506759643555,3.344381093978882,-0.0005695819854736328
21,8,160,3.051907539367676,3.0515518188476562,-0.00035572052001953125
21,9,160,3.2737743854522705,3.272651195526123,-0.001123189926147461
21,10,160,3.497657060623169,3.4957022666931152,-0.001954793930053711
21,11,160,3.1188197135925293,3.1199092864990234,0.0010895729064941406
21,12,160,3.3343570232391357,3.3352437019348145,0.0008866786956787109
21,13,160,3.80757212638855,3.807716131210327,0.00014400482177734375
21,14,160,3.637634515762329,3.6373558044433594,-0.00027871131896972656
21,15,160,3.5595297813415527,3.5588793754577637,-0.0006504058837890625
21,16,160,3.9195525646209717,3.918584108352661,-0.0009684562683105469
21,17,160,3.5629773139953613,3.565990686416626,0.0030133724212646484
21,18,160,2.9200692176818848,2.921978235244751,0.001909017562866211
21,19,160,2.5281591415405273,2.527735710144043,-0.000423431396484375
22,0,160,3.4117543697357178,3.4112770557403564,-0.0004773139953613281
22,1,160,3.5385615825653076,3.5383880138397217,-0.0001735687255859375
22,2,160,3.4561798572540283,3.4568111896514893,0.0006313323974609375
22,3,160,2.999037981033325,2.99794602394104,-0.0010919570922851562
22,4,160,2.8376259803771973,2.837918281555176,0.0002923011779785156
22,5,160,3.3331079483032227,3.3347740173339844,0.0016660690307617188
22,6,160,3.329303741455078,3.3295819759368896,0.00027823448181152344
22,7,160,3.3449506759643555,3.3449654579162598,1.4781951904296875e-05
22,8,160,3.051907539367676,3.0508506298065186,-0.0010569095611572266
22,9,160,3.2737743854522705,3.272386074066162,-0.0013883113861083984
22,10,160,3.497657060623169,3.497427463531494,-0.0002295970916748047
22,11,160,3.1188197135925293,3.117633104324341,-0.0011866092681884766
22,12,160,3.3343570232391357,3.334408760070801,5.173683166503906e-05
22,13,160,3.80757212638855,3.805428981781006,-0.0021431446075439453
22,14,160,3.637634515762329,3.6373789310455322,-0.000255584716796875
22,15,160,3.5595297813415527,3.560699939727783,0.0011701583862304688
22,16,160,3.9195525646209717,3.9194767475128174,-7.581710815429688e-05
22,17,160,3.5629773139953613,3.562800645828247,-0.0001766681671142578
22,18,160,2.9200692176818848,2.9189562797546387,-0.0011129379272460938
22,19,160,2.5281591415405273,2.5268173217773438,-0.0013418197631835938
23,0,160,3.4117543697357178,3.4118621349334717,0.00010776519775390625
23,1,160,3.5385615825653076,3.5405051708221436,0.0019435882568359375
23,2,160,3.4561798572540283,3.4543328285217285,-0.0018470287322998047
23,3,160,2.999037981033325,2.9950270652770996,-0.004010915756225586
23,4,160,2.8376259803771973,2.8379766941070557,0.00035071372985839844
23,5,160,3.3331079483032227,3.333747386932373,0.0006394386291503906
23,6,160,3.329303741455078,3.327709436416626,-0.0015943050384521484
23,7,160,3.3449506759643555,3.3459279537200928,0.0009772777557373047
23,8,160,3.051907539367676,3.050605535507202,-0.0013020038604736328
23,9,160,3.2737743854522705,3.274144411087036,0.000370025634765625
23,10,160,3.497657060623169,3.498206615447998,0.0005495548248291016
23,11,160,3.1188197135925293,3.116532802581787,-0.0022869110107421875
23,12,160,3.3343570232391357,3.3337035179138184,-0.0006535053253173828
23,13,160,3.80757212638855,3.806698799133301,-0.0008733272552490234
23,14,160,3.637634515762329,3.6373448371887207,-0.00028967857360839844
23,15,160,3.5595297813415527,3.55873966217041,-0.0007901191711425781
23,16,160,3.9195525646209717,3.9190375804901123,-0.000514984130859375
23,17,160,3.5629773139953613,3.563460111618042,0.00048279762268066406
23,18,160,2.9200692176818848,2.918394088745117,-0.0016751289367675781
23,19,160,2.5281591415405273,2.530432939529419,0.0022737979888916016
24,0,160,3.4117543697357178,3.4132866859436035,0.0015323162078857422
24,1,160,3.5385615825653076,3.538609504699707,4.792213439941406e-05
24,2,160,3.4561798572540283,3.4582183361053467,0.0020384788513183594
24,3,160,2.999037981033325,2.998769998550415,-0.00026798248291015625
24,4,160,2.8376259803771973,2.8364689350128174,-0.0011570453643798828
24,5,160,3.3331079483032227,3.334064245223999,0.0009562969207763672
24,6,160,3.329303741455078,3.3297369480133057,0.00043320655822753906
24,7,160,3.3449506759643555,3.3451731204986572,0.0002224445343017578
24,8,160,3.051907539367676,3.0541884899139404,0.0022809505462646484
24,9,160,3.2737743854522705,3.2747483253479004,0.0009739398956298828
24,10,160,3.497657060623169,3.4977962970733643,0.0001392364501953125
24,11,160,3.1188197135925293,3.118713617324829,-0.00010609626770019531
24,12,160,3.3343570232391357,3.3347277641296387,0.0003707408905029297
24,13,160,3.80757212638855,3.80743670463562,-0.0001354217529296875
24,14,160,3.637634515762329,3.638005495071411,0.00037097930908203125
24,15,160,3.5595297813415527,3.560823440551758,0.0012936592102050781
24,16,160,3.9195525646209717,3.917754888534546,-0.0017976760864257812
24,17,160,3.5629773139953613,3.56079363822937,-0.002183675765991211
24,18,160,2.9200692176818848,2.920241355895996,0.00017213821411132812
24,19,160,2.5281591415405273,2.527334213256836,-0.0008249282836914062
25,0,160,3.4117543697357178,3.411146879196167,-0.0006074905395507812
25,1,160,3.5385615825653076,3.536996603012085,-0.0015649795532226562
25,2,160,3.4561798572540283,3.4554224014282227,-0.0007574558258056641
25,3,160,2.999037981033325,2.9996135234832764,0.0005755424499511719
25,4,160,2.8376259803771973,2.837883710861206,0.00025773048400878906
25,5,160,3.3331079483032227,3.333897590637207,0.000789642333984375
25,6,160,3.329303741455078,3.3301355838775635,0.0008318424224853516
25,7,160,3.3449506759643555,3.3463246822357178,0.0013740062713623047
25,8,160,3.051907539367676,3.0532994270324707,0.0013918876647949219
25,9,160,3.2737743854522705,3.273547887802124,-0.00022649765014648438
25,10,160,3.497657060623169,3.499042510986328,0.0013854503631591797
25,11,160,3.1188197135925293,3.1197075843811035,0.0008878707885742188
25,12,160,3.3343570232391357,3.3323974609375,-0.001959562301635742
25,13,160,3.80757212638855,3.8087158203125,0.0011436939239501953
25,14,160,3.637634515762329,3.6364054679870605,-0.0012290477752685547
25,15,160,3.5595297813415527,3.5584897994995117,-0.0010399818420410156
25,16,160,3.9195525646209717,3.9203405380249023,0.0007879734039306641
25,17,160,3.5629773139953613,3.5690042972564697,0.0060269832611083984
25,18,160,2.9200692176818848,2.921503782272339,0.0014345645904541016
25,19,160,2.5281591415405273,2.5271823406219482,-0.0009768009185791016
26,0,160,3.4117543697357178,3.4106252193450928,-0.001129150390625
26,1,160,3.5385615825653076,3.5372965335845947,-0.0012650489807128906
26,2,160,3.4561798572540283,3.456117868423462,-6.198883056640625e-05
26,3,160,2.999037981033325,2.998774766921997,-0.000263214111328125
26,4,160,2.8376259803771973,2.836552619934082,-0.0010733604431152344
26,5,160,3.3331079483032227,3.3330397605895996,-6.818771362304688e-05
26,6,160,3.329303741455078,3.331862688064575,0.0025589466094970703
26,7,160,3.3449506759643555,3.3447442054748535,-0.00020647048950195312
26,8,160,3.051907539367676,3.051213502883911,-0.0006940364837646484
26,9,160,3.2737743854522705,3.274757146835327,0.0009827613830566406
26,10,160,3.497657060623169,3.497969627380371,0.00031256675720214844
26,11,160,3.1188197135925293,3.1167166233062744,-0.002103090286254883
26,12,160,3.3343570232391357,3.335745096206665,0.0013880729675292969
26,13,160,3.80757212638855,3.8068811893463135,-0.0006909370422363281
26,14,160,3.637634515762329,3.6394553184509277,0.0018208026885986328
26,15,160,3.5595297813415527,3.558927059173584,-0.00060272216796875
26,16,160,3.9195525646209717,3.9181177616119385,-0.0014348030090332031
26,17,160,3.5629773139953613,3.5629539489746094,-2.3365020751953125e-05
26,18,160,2.9200692176818848,2.920891046524048,0.0008218288421630859
26,19,160,2.5281591415405273,2.5255210399627686,-0.002638101577758789
27,0,160,3.4117543697357178,3.4114344120025635,-0.0003199577331542969
27,1,160,3.5385615825653076,3.540069103240967,0.0015075206756591797
27,2,160,3.4561798572540283,3.45523738861084,-0.0009424686431884766
27,3,160,2.999037981033325,2.9974112510681152,-0.001626729965209961
27,4,160,2.8376259803771973,2.8372323513031006,-0.0003936290740966797
27,5,160,3.3331079483032227,3.3323190212249756,-0.0007889270782470703
27,6,160,3.329303741455078,3.3278541564941406,-0.0014495849609375
27,7,160,3.3449506759643555,3.343867540359497,-0.0010831356048583984
27,8,160,3.051907539367676,3.051658868789673,-0.0002486705780029297
27,9,160,3.2737743854522705,3.2728192806243896,-0.0009551048278808594
27,10,160,3.497657060623169,3.49806547164917,0.00040841102600097656
27,11,160,3.1188197135925293,3.119032144546509,0.0002124309539794922
27,12,160,3.3343570232391357,3.334322214126587,-3.4809112548828125e-05
27,13,160,3.80757212638855,3.8081414699554443,0.0005693435668945312
27,14,160,3.637634515762329,3.636688232421875,-0.0009462833404541016
27,15,160,3.5595297813415527,3.5599513053894043,0.0004215240478515625
27,16,160,3.9195525646209717,3.917212724685669,-0.0023398399353027344
27,17,160,3.5629773139953613,3.5632550716400146,0.0002777576446533203
27,18,160,2.9200692176818848,2.9187426567077637,-0.0013265609741210938
27,19,160,2.5281591415405273,2.527467966079712,-0.0006911754608154297
28,0,160,3.4117543697357178,3.412276268005371,0.0005218982696533203
28,1,160,3.5385615825653076,3.5383260250091553,-0.00023555755615234375
28,2,160,3.4561798572540283,3.4557979106903076,-0.0003819465637207031
28,3,160,2.999037981033325,2.9989254474639893,-0.0001125335693359375
28,4,160,2.8376259803771973,2.835555076599121,-0.002070903778076172
28,5,160,3.3331079483032227,3.331954002380371,-0.0011539459228515625
28,6,160,3.329303741455078,3.32940411567688,0.00010037422180175781
28,7,160,3.3449506759643555,3.3476662635803223,0.002715587615966797
28,8,160,3.051907539367676,3.0526838302612305,0.0007762908935546875
28,9,160,3.2737743854522705,3.275956630706787,0.0021822452545166016
28,10,160,3.497657060623169,3.498626232147217,0.0009691715240478516
28,11,160,3.1188197135925293,3.1177048683166504,-0.0011148452758789062
28,12,160,3.3343570232391357,3.333360195159912,-0.0009968280792236328
28,13,160,3.80757212638855,3.8075528144836426,-1.9311904907226562e-05
28,14,160,3.637634515762329,3.638554573059082,0.0009200572967529297
28,15,160,3.5595297813415527,3.5595009326934814,-2.8848648071289062e-05
28,16,160,3.9195525646209717,3.9202089309692383,0.0006563663482666016
28,17,160,3.5629773139953613,3.565566301345825,0.002588987350463867
28,18,160,2.9200692176818848,2.9195690155029297,-0.0005002021789550781
28,19,160,2.5281591415405273,2.5282154083251953,5.626678466796875e-05
29,0,160,3.4117543697357178,3.4106836318969727,-0.0010707378387451172
29,1,160,3.5385615825653076,3.5373244285583496,-0.0012371540069580078
29,2,160,3.4561798572540283,3.4554595947265625,-0.0007202625274658203
29,3,160,2.999037981033325,2.9986748695373535,-0.0003631114959716797
29,4,160,2.8376259803771973,2.839219808578491,0.0015938282012939453
29,5,160,3.3331079483032227,3.3317301273345947,-0.0013778209686279297
29,6,160,3.329303741455078,3.328998327255249,-0.00030541419982910156
29,7,160,3.3449506759643555,3.3452630043029785,0.0003123283386230469
29,8,160,3.051907539367676,3.0506443977355957,-0.0012631416320800781
29,9,160,3.2737743854522705,3.273721218109131,-5.316734313964844e-05
29,10,160,3.497657060623169,3.497097969055176,-0.0005590915679931641
29,11,160,3.1188197135925293,3.118072986602783,-0.0007467269897460938
29,12,160,3.3343570232391357,3.3337018489837646,-0.0006551742553710938
29,13,160,3.80757212638855,3.8079495429992676,0.00037741661071777344
29,14,160,3.637634515762329,3.637194871902466,-0.00043964385986328125
29,15,160,3.5595297813415527,3.557345151901245,-0.002184629440307617
29,16,160,3.9195525646209717,3.919480562210083,-7.200241088867188e-05
29,17,160,3.5629773139953613,3.563162088394165,0.00018477439880371094
29,18,160,2.9200692176818848,2.917651891708374,-0.002417325973510742
29,19,160,2.5281591415405273,2.5285494327545166,0.0003902912139892578
30,0,160,3.4117543697357178,3.409976005554199,-0.0017783641815185547
30,1,160,3.5385615825653076,3.5371062755584717,-0.0014553070068359375
30,2,160,3.4561798572540283,3.456099510192871,-8.034706115722656e-05
30,3,160,2.999037981033325,3.0001511573791504,0.0011131763458251953
30,4,160,2.8376259803771973,2.838679075241089,0.0010530948638916016
30,5,160,3.3331079483032227,3.334627151489258,0.0015192031860351562
30,6,160,3.329303741455078,3.3317387104034424,0.002434968948364258
30,7,160,3.3449506759643555,3.346041679382324,0.00109100341796875
30,8,160,3.051907539367676,3.051558017730713,-0.0003495216369628906
30,9,160,3.2737743854522705,3.274017333984375,0.0002429485321044922
30,10,160,3.497657060623169,3.500166654586792,0.002509593963623047
30,11,160,3.1188197135925293,3.11721134185791,-0.0016083717346191406
30,12,160,3.3343570232391357,3.334634780883789,0.0002777576446533203
30,13,160,3.80757212638855,3.8068292140960693,-0.0007429122924804688
30,14,160,3.637634515762329,3.6363470554351807,-0.0012874603271484375
30,15,160,3.5595297813415527,3.5601742267608643,0.0006444454193115234
30,16,160,3.9195525646209717,3.9211106300354004,0.001558065414428711
30,17,160,3.5629773139953613,3.5663323402404785,0.0033550262451171875
30,18,160,2.9200692176818848,2.9214255809783936,0.001356363296508789
30,19,160,2.5281591415405273,2.5260634422302246,-0.0020956993103027344
31,0,160,3.4117543697357178,3.411386728286743,-0.0003676414489746094
31,1,160,3.5385615825653076,3.5396082401275635,0.0010466575622558594
31,2,160,3.4561798572540283,3.455526113510132,-0.0006537437438964844
31,3,160,2.999037981033325,3.000840187072754,0.001802206039428711
31,4,160,2.8376259803771973,2.8386592864990234,0.0010333061218261719
31,5,160,3.3331079483032227,3.330915689468384,-0.002192258834838867
31,6,160,3.329303741455078,3.3304402828216553,0.0011365413665771484
31,7,160,3.3449506759643555,3.345391035079956,0.00044035911560058594
31,8,160,3.051907539367676,3.0515549182891846,-0.00035262107849121094
31,9,160,3.2737743854522705,3.2719833850860596,-0.0017910003662109375
31,10,160,3.497657060623169,3.4972894191741943,-0.0003676414489746094
31,11,160,3.1188197135925293,3.1192681789398193,0.00044846534729003906
31,12,160,3.3343570232391357,3.3348467350006104,0.0004897117614746094
31,13,160,3.80757212638855,3.807145357131958,-0.0004267692565917969
31,14,160,3.637634515762329,3.6384105682373047,0.0007760524749755859
31,15,160,3.5595297813415527,3.5594942569732666,-3.552436828613281e-05
31,16,160,3.9195525646209717,3.917239189147949,-0.002313375473022461
31,17,160,3.5629773139953613,3.5625252723693848,-0.0004520416259765625
31,18,160,2.9200692176818848,2.9197537899017334,-0.0003154277801513672
31,19,160,2.5281591415405273,2.528059959411621,-9.918212890625e-05
32,0,160,3.4117543697357178,3.4136128425598145,0.0018584728240966797
32,1,160,3.5385615825653076,3.540569543838501,0.0020079612731933594
32,2,160,3.4561798572540283,3.4555156230926514,-0.0006642341613769531
32,3,160,2.999037981033325,3.0010268688201904,0.0019888877868652344
32,4,160,2.8376259803771973,2.8371520042419434,-0.00047397613525390625
32,5,160,3.3331079483032227,3.333264112472534,0.00015616416931152344
32,6,160,3.329303741455078,3.3280863761901855,-0.0012173652648925781
32,7,160,3.3449506759643555,3.3446552753448486,-0.00029540061950683594
32,8,160,3.051907539367676,3.0496931076049805,-0.0022144317626953125
32,9,160,3.2737743854522705,3.2744529247283936,0.0006785392761230469
32,10,160,3.497657060623169,3.497227191925049,-0.0004298686981201172
32,11,160,3.1188197135925293,3.1186516284942627,-0.00016808509826660156
32,12,160,3.3343570232391357,3.3336706161499023,-0.0006864070892333984
32,13,160,3.80757212638855,3.8072474002838135,-0.0003247261047363281
32,14,160,3.637634515762329,3.638345956802368,0.0007114410400390625
32,15,160,3.5595297813415527,3.559788942337036,0.00025916099548339844
32,16,160,3.9195525646209717,3.9185049533843994,-0.0010476112365722656
32,17,160,3.5629773139953613,3.565113067626953,0.002135753631591797
32,18,160,2.9200692176818848,2.9203624725341797,0.0002932548522949219
32,19,160,2.5281591415405273,2.526679039001465,-0.0014801025390625
33,0,160,3.4117543697357178,3.4153172969818115,0.00356292724609375
33,1,160,3.5385615825653076,3.539335250854492,0.0007736682891845703
33,2,160,3.4561798572540283,3.454585075378418,-0.0015947818756103516
33,3,160,2.999037981033325,2.9989545345306396,-8.344650268554688e-05
33,4,160,2.8376259803771973,2.8367531299591064,-0.0008728504180908203
33,5,160,3.3331079483032227,3.3311986923217773,-0.0019092559814453125
33,6,160,3.329303741455078,3.3294005393981934,9.679794311523438e-05
33,7,160,3.3449506759643555,3.3449342250823975,-1.6450881958007812e-05
33,8,160,3.051907539367676,3.053109645843506,0.0012021064758300781
33,9,160,3.2737743854522705,3.272268295288086,-0.0015060901641845703
33,10,160,3.497657060623169,3.497446060180664,-0.0002110004425048828
33,11,160,3.1188197135925293,3.1173040866851807,-0.0015156269073486328
33,12,160,3.3343570232391357,3.3322861194610596,-0.002070903778076172
33,13,160,3.80757212638855,3.8089287281036377,0.0013566017150878906
33,14,160,3.637634515762329,3.6373260021209717,-0.0003085136413574219
33,15,160,3.5595297813415527,3.5600192546844482,0.0004894733428955078
33,16,160,3.9195525646209717,3.920309543609619,0.0007569789886474609
33,17,160,3.5629773139953613,3.5627856254577637,-0.00019168853759765625
33,18,160,2.9200692176818848,2.9196512699127197,-0.00041794776916503906
33,19,160,2.5281591415405273,2.5291075706481934,0.0009484291076660156
34,0,160,3.4117543697357178,3.4114484786987305,-0.0003058910369873047
34,1,160,3.5385615825653076,3.538318634033203,-0.0002429485321044922
34,2,160,3.4561798572540283,3.455906391143799,-0.0002734661102294922
34,3,160,2.999037981033325,3.0007057189941406,0.0016677379608154297
34,4,160,2.8376259803771973,2.8378183841705322,0.00019240379333496094
34,5,160,3.3331079483032227,3.334451675415039,0.0013437271118164062
34,6,160,3.329303741455078,3.329329013824463,2.5272369384765625e-05
34,7,160,3.3449506759643555,3.346907138824463,0.001956462860107422
34,8,160,3.051907539367676,3.0522196292877197,0.0003120899200439453
34,9,160,3.2737743854522705,3.2741856575012207,0.0004112720489501953
34,10,160,3.497657060623169,3.498522996902466,0.000865936279296875
34,11,160,3.1188197135925293,3.1190593242645264,0.0002396106719970703
34,12,160,3.3343570232391357,3.3336570262908936,-0.0006999969482421875
34,13,160,3.80757212638855,3.808408260345459,0.0008361339569091797
34,14,160,3.637634515762329,3.638806104660034,0.0011715888977050781
34,15,160,3.5595297813415527,3.5602543354034424,0.0007245540618896484
34,16,160,3.9195525646209717,3.919067144393921,-0.00048542022705078125
34,17,160,3.5629773139953613,3.565516948699951,0.0025396347045898438
34,18,160,2.9200692176818848,2.921112060546875,0.0010428428649902344
34,19,160,2.5281591415405273,2.528858184814453,0.0006990432739257812
35,0,160,3.4117543697357178,3.411609411239624,-0.00014495849609375
35,1,160,3.5385615825653076,3.537132978439331,-0.0014286041259765625
35,2,160,3.4561798572540283,3.4560933113098145,-8.654594421386719e-05
35,3,160,2.999037981033325,3.000493049621582,0.001455068588256836
35,4,160,2.8376259803771973,2.8392012119293213,0.0015752315521240234
35,5,160,3.3331079483032227,3.333648920059204,0.0005409717559814453
35,6,160,3.329303741455078,3.330517530441284,0.0012137889862060547
35,7,160,3.3449506759643555,3.345950126647949,0.00099945068359375
35,8,160,3.051907539367676,3.0539097785949707,0.002002239227294922
35,9,160,3.2737743854522705,3.2746469974517822,0.0008726119995117188
35,10,160,3.497657060623169,3.498554229736328,0.0008971691131591797
35,11,160,3.1188197135925293,3.117689847946167,-0.0011298656463623047
35,12,160,3.3343570232391357,3.3347017765045166,0.0003447532653808594
35,13,160,3.80757212638855,3.809404134750366,0.0018320083618164062
35,14,160,3.637634515762329,3.6381468772888184,0.0005123615264892578
35,15,160,3.5595297813415527,3.5615766048431396,0.002046823501586914
35,16,160,3.9195525646209717,3.9219372272491455,0.002384662628173828
35,17,160,3.5629773139953613,3.564884662628174,0.0019073486328125
35,18,160,2.9200692176818848,2.9194486141204834,-0.0006206035614013672
35,19,160,2.5281591415405273,2.5275590419769287,-0.0006000995635986328
36,0,160,3.4117543697357178,3.412235736846924,0.0004813671112060547
36,1,160,3.5385615825653076,3.5398223400115967,0.0012607574462890625
36,2,160,3.4561798572540283,3.4554288387298584,-0.0007510185241699219
36,3,160,2.999037981033325,2.9976930618286133,-0.001344919204711914
36,4,160,2.8376259803771973,2.837857246398926,0.00023126602172851562
36,5,160,3.3331079483032227,3.3342795372009277,0.0011715888977050781
36,6,160,3.329303741455078,3.3289742469787598,-0.0003294944763183594
36,7,160,3.3449506759643555,3.343937873840332,-0.0010128021240234375
36,8,160,3.051907539367676,3.050916910171509,-0.0009906291961669922
36,9,160,3.2737743854522705,3.2728333473205566,-0.0009410381317138672
36,10,160,3.497657060623169,3.498413324356079,0.0007562637329101562
36,11,160,3.1188197135925293,3.1191234588623047,0.0003037452697753906
36,12,160,3.3343570232391357,3.33473801612854,0.0003809928894042969
36,13,160,3.80757212638855,3.8085286617279053,0.0009565353393554688
36,14,160,3.637634515762329,3.6371877193450928,-0.0004467964172363281
36,15,160,3.5595297813415527,3.560551881790161,0.0010221004486083984
36,16,160,3.9195525646209717,3.919647455215454,9.489059448242188e-05
36,17,160,3.5629773139953613,3.564028739929199,0.0010514259338378906
36,18,160,2.9200692176818848,2.9191653728485107,-0.0009038448333740234
36,19,160,2.5281591415405273,2.527606248855591,-0.0005528926849365234
37,0,160,3.4117543697357178,3.4127657413482666,0.0010113716125488281
37,1,160,3.5385615825653076,3.5366084575653076,-0.001953125
37,2,160,3.4561798572540283,3.456912040710449,0.0007321834564208984
37,3,160,2.999037981033325,3.0006635189056396,0.0016255378723144531
37,4,160,2.8376259803771973,2.837658643722534,3.266334533691406e-05
37,5,160,3.3331079483032227,3.333448886871338,0.0003409385681152344
37,6,160,3.329303741455078,3.330406665802002,0.0011029243469238281
37,7,160,3.3449506759643555,3.343785047531128,-0.001165628433227539
37,8,160,3.051907539367676,3.0499932765960693,-0.0019142627716064453
37,9,160,3.2737743854522705,3.2743711471557617,0.0005967617034912109
37,10,160,3.497657060623169,3.4999332427978516,0.002276182174682617
37,11,160,3.1188197135925293,3.1188364028930664,1.6689300537109375e-05
37,12,160,3.3343570232391357,3.3345565795898438,0.0001995563507080078
37,13,160,3.80757212638855,3.8062400817871094,-0.0013320446014404297
37,14,160,3.637634515762329,3.6387951374053955,0.0011606216430664062
37,15,160,3.5595297813415527,3.5607101917266846,0.001180410385131836
37,16,160,3.9195525646209717,3.9195449352264404,-7.62939453125e-06
37,17,160,3.5629773139953613,3.562711715698242,-0.0002655982971191406
37,18,160,2.9200692176818848,2.9196395874023438,-0.0004296302795410156
37,19,160,2.5281591415405273,2.5265204906463623,-0.001638650894165039
38,0,160,3.4117543697357178,3.410881280899048,-0.0008730888366699219
38,1,160,3.5385615825653076,3.5391037464141846,0.0005421638488769531
38,2,160,3.4561798572540283,3.4598443508148193,0.0036644935607910156
38,3,160,2.999037981033325,3.0008795261383057,0.0018415451049804688
38,4,160,2.8376259803771973,2.841233253479004,0.0036072731018066406
38,5,160,3.3331079483032227,3.333834409713745,0.0007264614105224609
38,6,160,3.329303741455078,3.3320412635803223,0.0027375221252441406
38,7,160,3.3449506759643555,3.3486995697021484,0.0037488937377929688
38,8,160,3.051907539367676,3.0523018836975098,0.0003943443298339844
38,9,160,3.2737743854522705,3.274245262145996,0.00047087669372558594
38,10,160,3.497657060623169,3.5003480911254883,0.002691030502319336
38,11,160,3.1188197135925293,3.1204981803894043,0.001678466796875
38,12,160,3.3343570232391357,3.351370096206665,0.017013072967529297
38,13,160,3.80757212638855,3.8064064979553223,-0.001165628433227539
38,14,160,3.637634515762329,3.6371970176696777,-0.0004374980926513672
38,15,160,3.5595297813415527,3.5601258277893066,0.0005960464477539062
38,16,160,3.9195525646209717,3.922212600708008,0.002660036087036133
38,17,160,3.5629773139953613,3.5644280910491943,0.0014507770538330078
38,18,160,2.9200692176818848,2.9193358421325684,-0.0007333755493164062
38,19,160,2.5281591415405273,2.5259649753570557,-0.0021941661834716797
39,0,160,3.4117543697357178,3.4117448329925537,-9.5367431640625e-06
39,1,160,3.5385615825653076,3.539415121078491,0.0008535385131835938
39,2,160,3.4561798572540283,3.4585137367248535,0.0023338794708251953
39,3,160,2.999037981033325,3.0002756118774414,0.001237630844116211
39,4,160,2.8376259803771973,2.8378167152404785,0.00019073486328125
39,5,160,3.3331079483032227,3.3355257511138916,0.0024178028106689453
39,6,160,3.329303741455078,3.3294966220855713,0.00019288063049316406
39,7,160,3.3449506759643555,3.346513509750366,0.0015628337860107422
39,8,160,3.051907539367676,3.053323745727539,0.0014162063598632812
39,9,160,3.2737743854522705,3.2746548652648926,0.0008804798126220703
39,10,160,3.497657060623169,3.4985287189483643,0.0008716583251953125
39,11,160,3.1188197135925293,3.118983745574951,0.000164031982421875
39,12,160,3.3343570232391357,3.334552049636841,0.00019502639770507812
39,13,160,3.80757212638855,3.8077080249786377,0.00013589859008789062
39,14,160,3.637634515762329,3.637866973876953,0.00023245811462402344
39,15,160,3.5595297813415527,3.5594265460968018,-0.00010323524475097656
39,16,160,3.9195525646209717,3.917759418487549,-0.0017931461334228516
39,17,160,3.5629773139953613,3.561608076095581,-0.0013692378997802734
39,18,160,2.9200692176818848,2.918642044067383,-0.0014271736145019531
39,19,160,2.5281591415405273,2.5285496711730957,0.0003905296325683594
40,0,160,3.4117543697357178,3.4118218421936035,6.747245788574219e-05
40,1,160,3.5385615825653076,3.5377657413482666,-0.0007958412170410156
40,2,160,3.4561798572540283,3.454643726348877,-0.0015361309051513672
40,3,160,2.999037981033325,2.997864007949829,-0.0011739730834960938
40,4,160,2.8376259803771973,2.837879180908203,0.0002532005310058594
40,5,160,3.3331079483032227,3.33358097076416,0.0004730224609375
40,6,160,3.329303741455078,3.327970504760742,-0.0013332366943359375
40,7,160,3.3449506759643555,3.3445029258728027,-0.0004477500915527344
40,8,160,3.051907539367676,3.0523719787597656,0.00046443939208984375
40,9,160,3.2737743854522705,3.2733278274536133,-0.00044655799865722656
40,10,160,3.497657060623169,3.496950626373291,-0.0007064342498779297
40,11,160,3.1188197135925293,3.1210198402404785,0.0022001266479492188
40,12,160,3.3343570232391357,3.3423783779144287,0.008021354675292969
40,13,160,3.80757212638855,3.80644154548645,-0.0011305809020996094
40,14,160,3.637634515762329,3.6389923095703125,0.0013577938079833984
40,15,160,3.5595297813415527,3.5602827072143555,0.0007529258728027344
40,16,160,3.9195525646209717,3.919597625732422,4.506111145019531e-05
40,17,160,3.5629773139953613,3.562924861907959,-5.245208740234375e-05
40,18,160,2.9200692176818848,2.91939640045166,-0.0006728172302246094
40,19,160,2.5281591415405273,2.5292410850524902,0.0010819435119628906
41,0,160,3.4117543697357178,3.413487672805786,0.0017333030700683594
41,1,160,3.5385615825653076,3.5394763946533203,0.0009148120880126953
41,2,160,3.4561798572540283,3.457669258117676,0.001489400863647461
41,3,160,2.999037981033325,2.9987709522247314,-0.00026702880859375
41,4,160,2.8376259803771973,2.83768367767334,5.7697296142578125e-05
41,5,160,3.3331079483032227,3.333430051803589,0.00032210350036621094
41,6,160,3.329303741455078,3.327826738357544,-0.0014770030975341797
41,7,160,3.3449506759643555,3.3438966274261475,-0.0010540485382080078
41,8,160,3.051907539367676,3.0513651371002197,-0.0005424022674560547
41,9,160,3.2737743854522705,3.2746310234069824,0.0008566379547119141
41,10,160,3.497657060623169,3.4975650310516357,-9.202957153320312e-05
41,11,160,3.1188197135925293,3.119487762451172,0.0006680488586425781
41,12,160,3.3343570232391357,3.335014581680298,0.0006575584411621094
41,13,160,3.80757212638855,3.8076248168945312,5.269050598144531e-05
41,14,160,3.637634515762329,3.6372780799865723,-0.00035643577575683594
41,15,160,3.5595297813415527,3.559630870819092,0.0001010894775390625
41,16,160,3.9195525646209717,3.9202628135681152,0.0007102489471435547
41,17,160,3.5629773139953613,3.5617713928222656,-0.0012059211730957031
41,18,160,2.9200692176818848,2.9193625450134277,-0.0007066726684570312
41,19,160,2.5281591415405273,2.52766489982605,-0.0004942417144775391
42,0,160,3.4117543697357178,3.4114632606506348,-0.0002911090850830078
42,1,160,3.5385615825653076,3.5388052463531494,0.00024366378784179688
42,2,160,3.4561798572540283,3.4595963954925537,0.0034165382385253906
42,3,160,2.999037981033325,3.0007777214050293,0.0017397403717041016
42,4,160,2.8376259803771973,2.838435649871826,0.0008096694946289062
42,5,160,3.3331079483032227,3.334332227706909,0.0012242794036865234
42,6,160,3.329303741455078,3.332186698913574,0.0028829574584960938
42,7,160,3.3449506759643555,3.3503127098083496,0.005362033843994141
42,8,160,3.051907539367676,3.052579641342163,0.0006721019744873047
42,9,160,3.2737743854522705,3.275259017944336,0.0014846324920654297
42,10,160,3.497657060623169,3.501601219177246,0.0039441585540771484
42,11,160,3.1188197135925293,3.11808180809021,-0.0007379055023193359
42,12,160,3.3343570232391357,3.334270477294922,-8.654594421386719e-05
42,13,160,3.80757212638855,3.8090436458587646,0.0014715194702148438
42,14,160,3.637634515762329,3.6370437145233154,-0.0005908012390136719
42,15,160,3.5595297813415527,3.5602293014526367,0.0006995201110839844
42,16,160,3.9195525646209717,3.920950412750244,0.001397848129272461
42,17,160,3.5629773139953613,3.562408685684204,-0.0005686283111572266
42,18,160,2.9200692176818848,2.918552875518799,-0.0015163421630859375
42,19,160,2.5281591415405273,2.52825665473938,9.751319885253906e-05
43,0,160,3.4117543697357178,3.412407398223877,0.0006530284881591797
43,1,160,3.5385615825653076,3.5384345054626465,-0.0001270771026611328
43,2,160,3.4561798572540283,3.4543211460113525,-0.0018587112426757812
43,3,160,2.999037981033325,2.9981651306152344,-0.0008728504180908203
43,4,160,2.8376259803771973,2.838606834411621,0.0009808540344238281
43,5,160,3.3331079483032227,3.334226369857788,0.0011184215545654297
43,6,160,3.329303741455078,3.3277511596679688,-0.001552581787109375
43,7,160,3.3449506759643555,3.3450238704681396,7.319450378417969e-05
43,8,160,3.051907539367676,3.0520427227020264,0.00013518333435058594
43,9,160,3.2737743854522705,3.2720212936401367,-0.001753091812133789
43,10,160,3.497657060623169,3.497600555419922,-5.650520324707031e-05
43,11,160,3.1188197135925293,3.1185896396636963,-0.0002300739288330078
43,12,160,3.3343570232391357,3.3333590030670166,-0.0009980201721191406
43,13,160,3.80757212638855,3.8070926666259766,-0.0004794597625732422
43,14,160,3.637634515762329,3.6383185386657715,0.0006840229034423828
43,15,160,3.5595297813415527,3.5596413612365723,0.00011157989501953125
43,16,160,3.9195525646209717,3.91927170753479,-0.0002808570861816406
43,17,160,3.5629773139953613,3.565659284591675,0.0026819705963134766
43,18,160,2.9200692176818848,2.922028064727783,0.0019588470458984375
43,19,160,2.5281591415405273,2.528386354446411,0.00022721290588378906
44,0,160,3.4117543697357178,3.4111616611480713,-0.0005927085876464844
44,1,160,3.5385615825653076,3.5389132499694824,0.0003516674041748047
44,2,160,3.4561798572540283,3.456007242202759,-0.00017261505126953125
44,3,160,2.999037981033325,3.001075506210327,0.002037525177001953
44,4,160,2.8376259803771973,2.8347342014312744,-0.0028917789459228516
44,5,160,3.3331079483032227,3.3348639011383057,0.0017559528350830078
44,6,160,3.329303741455078,3.3282902240753174,-0.0010135173797607422
44,7,160,3.3449506759643555,3.3435568809509277,-0.0013937950134277344
44,8,160,3.051907539367676,3.052379608154297,0.00047206878662109375
44,9,160,3.2737743854522705,3.2732980251312256,-0.0004763603210449219
44,10,160,3.497657060623169,3.499347686767578,0.0016906261444091797
44,11,160,3.1188197135925293,3.1184282302856445,-0.0003914833068847656
44,12,160,3.3343570232391357,3.3346948623657227,0.00033783912658691406
44,13,160,3.80757212638855,3.807847499847412,0.0002753734588623047
44,14,160,3.637634515762329,3.636258840560913,-0.0013756752014160156
44,15,160,3.5595297813415527,3.559077501296997,-0.00045228004455566406
44,16,160,3.9195525646209717,3.9210052490234375,0.0014526844024658203
44,17,160,3.5629773139953613,3.564830780029297,0.0018534660339355469
44,18,160,2.9200692176818848,2.9189181327819824,-0.0011510848999023438
44,19,160,2.5281591415405273,2.527345895767212,-0.0008132457733154297
45,0,160,3.4117543697357178,3.4124369621276855,0.0006825923919677734
45,1,160,3.5385615825653076,3.538649797439575,8.821487426757812e-05
45,2,160,3.4561798572540283,3.4575111865997314,0.001331329345703125
45,3,160,2.999037981033325,2.9984023571014404,-0.0006356239318847656
45,4,160,2.8376259803771973,2.837520122528076,-0.00010585784912109375
45,5,160,3.3331079483032227,3.333218812942505,0.00011086463928222656
45,6,160,3.329303741455078,3.3292179107666016,-8.58306884765625e-05
45,7,160,3.3449506759643555,3.3455419540405273,0.000591278076171875
45,8,160,3.051907539367676,3.051795721054077,-0.00011181831359863281
45,9,160,3.2737743854522705,3.2721972465515137,-0.001577138900756836
45,10,160,3.497657060623169,3.496796131134033,-0.0008609294891357422
45,11,160,3.1188197135925293,3.1179497241973877,-0.0008699893951416016
45,12,160,3.3343570232391357,3.3348028659820557,0.0004458427429199219
45,13,160,3.80757212638855,3.807724952697754,0.00015282630920410156
45,14,160,3.637634515762329,3.6383249759674072,0.000690460205078125
45,15,160,3.5595297813415527,3.559558153152466,2.8371810913085938e-05
45,16,160,3.9195525646209717,3.918119192123413,-0.0014333724975585938
45,17,160,3.5629773139953613,3.562751054763794,-0.0002262592315673828
45,18,160,2.9200692176818848,2.9185452461242676,-0.0015239715576171875
45,19,160,2.5281591415405273,2.526437759399414,-0.0017213821411132812
46,0,160,3.4117543697357178,3.412149429321289,0.00039505958557128906
46,1,160,3.5385615825653076,3.5376009941101074,-0.0009605884552001953
46,2,160,3.4561798572540283,3.4553537368774414,-0.0008261203765869141
46,3,160,2.999037981033325,2.9989237785339355,-0.00011420249938964844
46,4,160,2.8376259803771973,2.837238311767578,-0.0003876686096191406
46,5,160,3.3331079483032227,3.3328957557678223,-0.00021219253540039062
46,6,160,3.329303741455078,3.32928729057312,-1.6450881958007812e-05
46,7,160,3.3449506759643555,3.3470120429992676,0.0020613670349121094
46,8,160,3.051907539367676,3.0536935329437256,0.0017859935760498047
46,9,160,3.2737743854522705,3.2744767665863037,0.0007023811340332031
46,10,160,3.497657060623169,3.495896100997925,-0.0017609596252441406
46,11,160,3.1188197135925293,3.1175007820129395,-0.0013189315795898438
46,12,160,3.3343570232391357,3.3350534439086914,0.0006964206695556641
46,13,160,3.80757212638855,3.8092854022979736,0.0017132759094238281
46,14,160,3.637634515762329,3.637721061706543,8.654594421386719e-05
46,15,160,3.5595297813415527,3.5606236457824707,0.0010938644409179688
46,16,160,3.9195525646209717,3.9210784435272217,0.00152587890625
46,17,160,3.5629773139953613,3.5638558864593506,0.0008785724639892578
46,18,160,2.9200692176818848,2.920168161392212,9.894371032714844e-05
46,19,160,2.5281591415405273,2.527864933013916,-0.0002942085266113281
47,0,160,3.4117543697357178,3.410621404647827,-0.001132965087890625
47,1,160,3.5385615825653076,3.5374908447265625,-0.0010707378387451172
47,2,160,3.4561798572540283,3.45920729637146,0.0030274391174316406
47,3,160,2.999037981033325,2.999450206756592,0.00041222572326660156
47,4,160,2.8376259803771973,2.837721347808838,9.5367431640625e-05
47,5,160,3.3331079483032227,3.3317301273345947,-0.0013778209686279297
47,6,160,3.329303741455078,3.3305301666259766,0.0012264251708984375
47,7,160,3.3449506759643555,3.343538522720337,-0.0014121532440185547
47,8,160,3.051907539367676,3.0519542694091797,4.673004150390625e-05
47,9,160,3.2737743854522705,3.2730016708374023,-0.0007727146148681641
47,10,160,3.497657060623169,3.497697114944458,4.00543212890625e-05
47,11,160,3.1188197135925293,3.1197569370269775,0.0009372234344482422
47,12,160,3.3343570232391357,3.3363900184631348,0.0020329952239990234
47,13,160,3.80757212638855,3.808422088623047,0.0008499622344970703
47,14,160,3.637634515762329,3.635225296020508,-0.002409219741821289
47,15,160,3.5595297813415527,3.5616531372070312,0.0021233558654785156
47,16,160,3.9195525646209717,3.920525312423706,0.000972747802734375
47,17,160,3.5629773139953613,3.564988136291504,0.002010822296142578
47,18,160,2.9200692176818848,2.921861171722412,0.0017919540405273438
47,19,160,2.5281591415405273,2.528878688812256,0.0007195472717285156
48,0,160,3.4117543697357178,3.4127352237701416,0.0009808540344238281
48,1,160,3.5385615825653076,3.5390267372131348,0.00046515464782714844
48,2,160,3.4561798572540283,3.455618381500244,-0.0005614757537841797
48,3,160,2.999037981033325,2.9998257160186768,0.0007877349853515625
48,4,160,2.8376259803771973,2.837818145751953,0.00019216537475585938
48,5,160,3.3331079483032227,3.3331363201141357,2.8371810913085938e-05
48,6,160,3.329303741455078,3.3281502723693848,-0.0011534690856933594
48,7,160,3.3449506759643555,3.344560146331787,-0.0003905296325683594
48,8,160,3.051907539367676,3.0516395568847656,-0.00026798248291015625
48,9,160,3.2737743854522705,3.2725861072540283,-0.0011882781982421875
48,10,160,3.497657060623169,3.497751474380493,9.441375732421875e-05
48,11,160,3.1188197135925293,3.118168592453003,-0.0006511211395263672
48,12,160,3.3343570232391357,3.333796501159668,-0.0005605220794677734
48,13,160,3.80757212638855,3.807788610458374,0.00021648406982421875
48,14,160,3.637634515762329,3.6368579864501953,-0.0007765293121337891
48,15,160,3.5595297813415527,3.5593955516815186,-0.0001342296600341797
48,16,160,3.9195525646209717,3.9191901683807373,-0.000362396240234375
48,17,160,3.5629773139953613,3.5626301765441895,-0.000347137451171875
48,18,160,2.9200692176818848,2.920212745666504,0.00014352798461914062
48,19,160,2.5281591415405273,2.5287418365478516,0.0005826950073242188
49,0,160,3.4117543697357178,3.411860227584839,0.00010585784912109375
49,1,160,3.5385615825653076,3.5407450199127197,0.0021834373474121094
49,2,160,3.4561798572540283,3.4554238319396973,-0.0007560253143310547
49,3,160,2.999037981033325,3.0000669956207275,0.0010290145874023438
49,4,160,2.8376259803771973,2.837312936782837,-0.00031304359436035156
49,5,160,3.3331079483032227,3.3337368965148926,0.0006289482116699219
49,6,160,3.329303741455078,3.3304126262664795,0.0011088848114013672
49,7,160,3.3449506759643555,3.3448920249938965,-5.8650970458984375e-05
49,8,160,3.051907539367676,3.0546419620513916,0.0027344226837158203
49,9,160,3.2737743854522705,3.2735607624053955,-0.000213623046875
49,10,160,3.497657060623169,3.4972739219665527,-0.00038313865661621094
49,11,160,3.1188197135925293,3.1206881999969482,0.0018684864044189453
49,12,160,3.3343570232391357,3.3341524600982666,-0.00020456314086914062
49,13,160,3.80757212638855,3.808340311050415,0.0007681846618652344
49,14,160,3.637634515762329,3.638235569000244,0.0006010532379150391
49,15,160,3.5595297813415527,3.560319423675537,0.000789642333984375
49,16,160,3.9195525646209717,3.920649766921997,0.0010972023010253906
49,17,160,3.5629773139953613,3.561861515045166,-0.0011157989501953125
49,18,160,2.9200692176818848,2.9208645820617676,0.0007953643798828125
49,19,160,2.5281591415405273,2.5275075435638428,-0.0006515979766845703
50,0,160,3.4117543697357178,3.4106340408325195,-0.0011203289031982422
50,1,160,3.5385615825653076,3.5387725830078125,0.0002110004425048828
50,2,160,3.4561798572540283,3.4568288326263428,0.0006489753723144531
50,3,160,2.999037981033325,2.998058319091797,-0.0009796619415283203
50,4,160,2.8376259803771973,2.8383564949035645,0.0007305145263671875
50,5,160,3.3331079483032227,3.3332455158233643,0.00013756752014160156
50,6,160,3.329303741455078,3.3298346996307373,0.0005309581756591797
50,7,160,3.3449506759643555,3.3445658683776855,-0.0003848075866699219
50,8,160,3.051907539367676,3.052797317504883,0.0008897781372070312
50,9,160,3.2737743854522705,3.2739174365997314,0.0001430511474609375
50,10,160,3.497657060623169,3.498192071914673,0.0005350112915039062
50,11,160,3.1188197135925293,3.117778778076172,-0.0010409355163574219
50,12,160,3.3343570232391357,3.335075616836548,0.0007185935974121094
50,13,160,3.80757212638855,3.80682635307312,-0.0007457733154296875
50,14,160,3.637634515762329,3.6366872787475586,-0.0009472370147705078
50,15,160,3.5595297813415527,3.5594072341918945,-0.00012254714965820312
50,16,160,3.9195525646209717,3.919184923171997,-0.0003676414489746094
50,17,160,3.5629773139953613,3.5623390674591064,-0.0006382465362548828
50,18,160,2.9200692176818848,2.9189722537994385,-0.001096963882446289
50,19,160,2.5281591415405273,2.5252904891967773,-0.00286865234375
51,0,160,3.4117543697357178,3.4109675884246826,-0.0007867813110351562
51,1,160,3.5385615825653076,3.537914276123047,-0.0006473064422607422
51,2,160,3.4561798572540283,3.455587387084961,-0.0005924701690673828
51,3,160,2.999037981033325,2.998967170715332,-7.081031799316406e-05
51,4,160,2.8376259803771973,2.8376858234405518,5.984306335449219e-05
51,5,160,3.3331079483032227,3.332895517349243,-0.0002124309539794922
51,6,160,3.329303741455078,3.328390121459961,-0.0009136199951171875
51,7,160,3.3449506759643555,3.3452959060668945,0.0003452301025390625
51,8,160,3.051907539367676,3.049783229827881,-0.002124309539794922
51,9,160,3.2737743854522705,3.273012399673462,-0.0007619857788085938
51,10,160,3.497657060623169,3.496119260787964,-0.0015377998352050781
51,11,160,3.1188197135925293,3.1188273429870605,7.62939453125e-06
51,12,160,3.3343570232391357,3.3347928524017334,0.00043582916259765625
51,13,160,3.80757212638855,3.806684970855713,-0.0008871555328369141
51,14,160,3.637634515762329,3.638979434967041,0.001344919204711914
51,15,160,3.5595297813415527,3.560288190841675,0.0007584095001220703
51,16,160,3.9195525646209717,3.9183902740478516,-0.0011622905731201172
51,17,160,3.5629773139953613,3.563922882080078,0.0009455680847167969
51,18,160,2.9200692176818848,2.918323278427124,-0.0017459392547607422
51,19,160,2.5281591415405273,2.5289549827575684,0.0007958412170410156
52,0,160,3.4117543697357178,3.41202449798584,0.0002701282501220703
52,1,160,3.5385615825653076,3.5376181602478027,-0.0009434223175048828
52,2,160,3.4561798572540283,3.45548152923584,-0.0006983280181884766
52,3,160,2.999037981033325,2.9984130859375,-0.0006248950958251953
52,4,160,2.8376259803771973,2.8371284008026123,-0.0004975795745849609
52,5,160,3.3331079483032227,3.333143472671509,3.552436828613281e-05
52,6,160,3.329303741455078,3.3313186168670654,0.0020148754119873047
52,7,160,3.3449506759643555,3.3445892333984375,-0.00036144256591796875
52,8,160,3.051907539367676,3.052154302597046,0.0002467632293701172
52,9,160,3.2737743854522705,3.2754483222961426,0.0016739368438720703
52,10,160,3.497657060623169,3.498835325241089,0.0011782646179199219
52,11,160,3.1188197135925293,3.1179306507110596,-0.0008890628814697266
52,12,160,3.3343570232391357,3.3365414142608643,0.0021843910217285156
52,13,160,3.80757212638855,3.807919502258301,0.00034737586975097656
52,14,160,3.637634515762329,3.6363515853881836,-0.0012829303741455078
52,15,160,3.5595297813415527,3.5597400665283203,0.00021028518676757812
52,16,160,3.9195525646209717,3.9202702045440674,0.0007176399230957031
52,17,160,3.5629773139953613,3.5628533363342285,-0.0001239776611328125
52,18,160,2.9200692176818848,2.9195995330810547,-0.0004696846008300781
52,19,160,2.5281591415405273,2.5282976627349854,0.0001385211944580078
53,0,160,3.4117543697357178,3.41288161277771,0.0011272430419921875
53,1,160,3.5385615825653076,3.5385594367980957,-2.1457672119140625e-06
53,2,160,3.4561798572540283,3.4546146392822266,-0.0015652179718017578
53,3,160,2.999037981033325,2.9984209537506104,-0.0006170272827148438
53,4,160,2.8376259803771973,2.8358843326568604,-0.001741647720336914
53,5,160,3.3331079483032227,3.329240560531616,-0.0038673877716064453
53,6,160,3.329303741455078,3.325697183609009,-0.003606557846069336
53,7,160,3.3449506759643555,3.3439979553222656,-0.0009527206420898438
53,8,160,3.051907539367676,3.051018714904785,-0.000888824462890625
53,9,160,3.2737743854522705,3.2724833488464355,-0.001291036605834961
53,10,160,3.497657060623169,3.4963438510894775,-0.0013132095336914062
53,11,160,3.1188197135925293,3.1190075874328613,0.00018787384033203125
53,12,160,3.3343570232391357,3.3344383239746094,8.130073547363281e-05
53,13,160,3.80757212638855,3.8069067001342773,-0.0006654262542724609
53,14,160,3.637634515762329,3.6365954875946045,-0.0010390281677246094
53,15,160,3.5595297813415527,3.55944561958313,-8.416175842285156e-05
53,16,160,3.9195525646209717,3.919950246810913,0.00039768218994140625
53,17,160,3.5629773139953613,3.5638887882232666,0.0009114742279052734
53,18,160,2.9200692176818848,2.9192628860473633,-0.0008063316345214844
53,19,160,2.5281591415405273,2.5301268100738525,0.0019676685333251953
54,0,160,3.4117543697357178,3.41357684135437,0.0018224716186523438
54,1,160,3.5385615825653076,3.539571523666382,0.0010099411010742188
54,2,160,3.4561798572540283,3.4573252201080322,0.0011453628540039062
54,3,160,2.999037981033325,2.9973647594451904,-0.0016732215881347656
54,4,160,2.8376259803771973,2.83762788772583,1.9073486328125e-06
54,5,160,3.3331079483032227,3.332418203353882,-0.0006897449493408203
54,6,160,3.329303741455078,3.329857587814331,0.0005538463592529297
54,7,160,3.3449506759643555,3.344848871231079,-0.00010180473327636719
54,8,160,3.051907539367676,3.0518062114715576,-0.00010132789611816406
54,9,160,3.2737743854522705,3.2742178440093994,0.00044345855712890625
54,10,160,3.497657060623169,3.495328664779663,-0.0023283958435058594
54,11,160,3.1188197135925293,3.1182861328125,-0.0005335807800292969
54,12,160,3.3343570232391357,3.3341140747070312,-0.0002429485321044922
54,13,160,3.80757212638855,3.8074495792388916,-0.00012254714965820312
54,14,160,3.637634515762329,3.6381232738494873,0.0004887580871582031
54,15,160,3.5595297813415527,3.561551809310913,0.0020220279693603516
54,16,160,3.9195525646209717,3.9180378913879395,-0.0015146732330322266
54,17,160,3.5629773139953613,3.5618879795074463,-0.001089334487915039
54,18,160,2.9200692176818848,2.9187705516815186,-0.001298666000366211
54,19,160,2.5281591415405273,2.5285234451293945,0.0003643035888671875
55,0,160,3.4117543697357178,3.4110167026519775,-0.0007376670837402344
55,1,160,3.5385615825653076,3.537743091583252,-0.0008184909820556641
55,2,160,3.4561798572540283,3.455361843109131,-0.0008180141448974609
55,3,160,2.999037981033325,2.999008893966675,-2.9087066650390625e-05
55,4,160,2.8376259803771973,2.8370532989501953,-0.0005726814270019531
55,5,160,3.3331079483032227,3.3333184719085693,0.0002105236053466797
55,6,160,3.329303741455078,3.3293182849884033,1.4543533325195312e-05
55,7,160,3.3449506759643555,3.3449923992156982,4.172325134277344e-05
55,8,160,3.051907539367676,3.052042245864868,0.0001347064971923828
55,9,160,3.2737743854522705,3.2715916633605957,-0.0021827220916748047
55,10,160,3.497657060623169,3.498490333557129,0.0008332729339599609
55,11,160,3.1188197135925293,3.1205711364746094,0.0017514228820800781
55,12,160,3.3343570232391357,3.3328440189361572,-0.0015130043029785156
55,13,160,3.80757212638855,3.8068294525146484,-0.0007426738739013672
55,14,160,3.637634515762329,3.639267683029175,0.0016331672668457031
55,15,160,3.5595297813415527,3.558758497238159,-0.0007712841033935547
55,16,160,3.9195525646209717,3.919368028640747,-0.00018453598022460938
55,17,160,3.5629773139953613,3.565823554992676,0.002846240997314453
55,18,160,2.9200692176818848,2.9202136993408203,0.00014448165893554688
55,19,160,2.5281591415405273,2.5291011333465576,0.0009419918060302734
56,0,160,3.4117543697357178,3.4123036861419678,0.00054931640625
56,1,160,3.5385615825653076,3.5418951511383057,0.003333568572998047
56,2,160,3.4561798572540283,3.4538815021514893,-0.0022983551025390625
56,3,160,2.999037981033325,2.998119354248047,-0.0009186267852783203
56,4,160,2.8376259803771973,2.8384015560150146,0.0007755756378173828
56,5,160,3.3331079483032227,3.3327877521514893,-0.00032019615173339844
56,6,160,3.329303741455078,3.3297200202941895,0.0004162788391113281
56,7,160,3.3449506759643555,3.3442866802215576,-0.0006639957427978516
56,8,160,3.051907539367676,3.052582025527954,0.0006744861602783203
56,9,160,3.2737743854522705,3.27278733253479,-0.0009870529174804688
56,10,160,3.497657060623169,3.4970662593841553,-0.0005908012390136719
56,11,160,3.1188197135925293,3.1199123859405518,0.001092672348022461
56,12,160,3.3343570232391357,3.3357858657836914,0.001428842544555664
56,13,160,3.80757212638855,3.807044506072998,-0.0005276203155517578
56,14,160,3.637634515762329,3.6367363929748535,-0.0008981227874755859
56,15,160,3.5595297813415527,3.559823751449585,0.00029397010803222656
56,16,160,3.9195525646209717,3.9181525707244873,-0.001399993896484375
56,17,160,3.5629773139953613,3.563072919845581,9.560585021972656e-05
56,18,160,2.9200692176818848,2.920210838317871,0.00014162063598632812
56,19,160,2.5281591415405273,2.5300774574279785,0.0019183158874511719
57,0,160,3.4117543697357178,3.411191463470459,-0.0005629062652587891
57,1,160,3.5385615825653076,3.540048837661743,0.0014872550964355469
57,2,160,3.4561798572540283,3.4565486907958984,0.0003688335418701172
57,3,160,2.999037981033325,2.997800827026367,-0.0012371540069580078
57,4,160,2.8376259803771973,2.835662841796875,-0.0019631385803222656
57,5,160,3.3331079483032227,3.3335094451904297,0.00040149688720703125
57,6,160,3.329303741455078,3.329313278198242,9.5367431640625e-06
57,7,160,3.3449506759643555,3.3438689708709717,-0.001081705093383789
57,8,160,3.051907539367676,3.052919864654541,0.0010123252868652344
57,9,160,3.2737743854522705,3.272101640701294,-0.0016727447509765625
57,10,160,3.497657060623169,3.497549295425415,-0.00010776519775390625
57,11,160,3.1188197135925293,3.1213223934173584,0.0025026798248291016
57,12,160,3.3343570232391357,3.3341217041015625,-0.0002353191375732422
57,13,160,3.80757212638855,3.8063364028930664,-0.0012357234954833984
57,14,160,3.637634515762329,3.6373584270477295,-0.0002760887145996094
57,15,160,3.5595297813415527,3.5598032474517822,0.0002734661102294922
57,16,160,3.9195525646209717,3.9194631576538086,-8.940696716308594e-05
57,17,160,3.5629773139953613,3.5654969215393066,0.0025196075439453125
57,18,160,2.9200692176818848,2.9176673889160156,-0.0024018287658691406
57,19,160,2.5281591415405273,2.52976655960083,0.0016074180603027344
58,0,160,3.4117543697357178,3.4138896465301514,0.0021352767944335938
58,1,160,3.5385615825653076,3.5420005321502686,0.0034389495849609375
58,2,160,3.4561798572540283,3.4571242332458496,0.0009443759918212891
58,3,160,2.999037981033325,2.9980628490448,-0.0009751319885253906
58,4,160,2.8376259803771973,2.837554693222046,-7.128715515136719e-05
58,5,160,3.3331079483032227,3.331350803375244,-0.0017571449279785156
58,6,160,3.329303741455078,3.3291778564453125,-0.000125885009765625
58,7,160,3.3449506759643555,3.3443281650543213,-0.0006225109100341797
58,8,160,3.051907539367676,3.050872325897217,-0.0010352134704589844
58,9,160,3.2737743854522705,3.276329517364502,0.0025551319122314453
58,10,160,3.497657060623169,3.498779296875,0.0011222362518310547
58,11,160,3.1188197135925293,3.1189723014831543,0.000152587890625
58,12,160,3.3343570232391357,3.3365883827209473,0.0022313594818115234
58,13,160,3.80757212638855,3.806081533432007,-0.0014905929565429688
58,14,160,3.637634515762329,3.6377756595611572,0.000141143798828125
58,15,160,3.5595297813415527,3.560455322265625,0.0009255409240722656
58,16,160,3.9195525646209717,3.9193406105041504,-0.00021195411682128906
58,17,160,3.5629773139953613,3.5667104721069336,0.0037331581115722656
58,18,160,2.9200692176818848,2.9198930263519287,-0.0001761913299560547
58,19,160,2.5281591415405273,2.5289385318756104,0.0007793903350830078
59,0,160,3.4117543697357178,3.413377285003662,0.001622915267944336
59,1,160,3.5385615825653076,3.538900136947632,0.00033855438232421875
59,2,160,3.4561798572540283,3.4569473266601562,0.0007674694061279297
59,3,160,2.999037981033325,2.9990055561065674,-3.24249267578125e-05
59,4,160,2.8376259803771973,2.8368828296661377,-0.0007431507110595703
59,5,160,3.3331079483032227,3.3349413871765137,0.0018334388732910156
59,6,160,3.329303741455078,3.3320841789245605,0.002780437469482422
59,7,160,3.3449506759643555,3.344918966293335,-3.170967102050781e-05
59,8,160,3.051907539367676,3.0513806343078613,-0.0005269050598144531
59,9,160,3.2737743854522705,3.2746684551239014,0.0008940696716308594
59,10,160,3.497657060623169,3.499152660369873,0.0014955997467041016
59,11,160,3.1188197135925293,3.1188716888427734,5.1975250244140625e-05
59,12,160,3.3343570232391357,3.334632635116577,0.00027561187744140625
59,13,160,3.80757212638855,3.807706832885742,0.0001347064971923828
59,14,160,3.637634515762329,3.637316942214966,-0.00031757354736328125
59,15,160,3.5595297813415527,3.5604488849639893,0.0009191036224365234
59,16,160,3.9195525646209717,3.921239137649536,0.0016865730285644531
59,17,160,3.5629773139953613,3.565891742706299,0.0029144287109375
59,18,160,2.9200692176818848,2.919776201248169,-0.0002930164337158203
59,19,160,2.5281591415405273,2.5264570713043213,-0.0017020702362060547
60,0,160,3.4117543697357178,3.4120163917541504,0.0002620220184326172
60,1,160,3.5385615825653076,3.5378427505493164,-0.0007188320159912109
60,2,160,3.4561798572540283,3.4570789337158203,0.0008990764617919922
60,3,160,2.999037981033325,2.999455213546753,0.0004172325134277344
60,4,160,2.8376259803771973,2.838444709777832,0.0008187294006347656
60,5,160,3.3331079483032227,3.333242654800415,0.0001347064971923828
60,6,160,3.329303741455078,3.3294618129730225,0.00015807151794433594
60,7,160,3.3449506759643555,3.3466532230377197,0.0017025470733642578
60,8,160,3.051907539367676,3.0530776977539062,0.0011701583862304688
60,9,160,3.2737743854522705,3.273045778274536,-0.000728607177734375
60,10,160,3.497657060623169,3.4980201721191406,0.0003631114959716797
60,11,160,3.1188197135925293,3.120203733444214,0.0013840198516845703
60,12,160,3.3343570232391357,3.332512140274048,-0.0018448829650878906
60,13,160,3.80757212638855,3.8067188262939453,-0.0008533000946044922
60,14,160,3.637634515762329,3.637425661087036,-0.00020885467529296875
60,15,160,3.5595297813415527,3.56015944480896,0.0006296634674072266
60,16,160,3.9195525646209717,3.9192683696746826,-0.0002841949462890625
60,17,160,3.5629773139953613,3.566638469696045,0.0036611557006835938
60,18,160,2.9200692176818848,2.9211153984069824,0.0010461807250976562
60,19,160,2.5281591415405273,2.527998685836792,-0.00016045570373535156
61,0,160,3.4117543697357178,3.4133460521698,0.0015916824340820312
61,1,160,3.5385615825653076,3.538640022277832,7.843971252441406e-05
61,2,160,3.4561798572540283,3.4550621509552,-0.001117706298828125
61,3,160,2.999037981033325,2.997039318084717,-0.0019986629486083984
61,4,160,2.8376259803771973,2.837583303451538,-4.267692565917969e-05
61,5,160,3.3331079483032227,3.332087993621826,-0.0010199546813964844
61,6,160,3.329303741455078,3.326383113861084,-0.0029206275939941406
61,7,160,3.3449506759643555,3.3438689708709717,-0.001081705093383789
61,8,160,3.051907539367676,3.051344633102417,-0.0005629062652587891
61,9,160,3.2737743854522705,3.271519184112549,-0.0022552013397216797
61,10,160,3.497657060623169,3.4972076416015625,-0.0004494190216064453
61,11,160,3.1188197135925293,3.119844436645508,0.0010247230529785156
61,12,160,3.3343570232391357,3.333726644515991,-0.0006303787231445312
61,13,160,3.80757212638855,3.8072311878204346,-0.0003409385681152344
61,14,160,3.637634515762329,3.6377859115600586,0.0001513957977294922
61,15,160,3.5595297813415527,3.5593385696411133,-0.00019121170043945312
61,16,160,3.9195525646209717,3.920768976211548,0.0012164115905761719
61,17,160,3.5629773139953613,3.5668468475341797,0.0038695335388183594
61,18,160,2.9200692176818848,2.921193838119507,0.0011246204376220703
61,19,160,2.5281591415405273,2.5283727645874023,0.000213623046875
62,0,160,3.4117543697357178,3.412367343902588,0.0006129741668701172
62,1,160,3.5385615825653076,3.5395185947418213,0.0009570121765136719
62,2,160,3.4561798572540283,3.4570982456207275,0.0009183883666992188
62,3,160,2.999037981033325,2.999124050140381,8.606910705566406e-05
62,4,160,2.8376259803771973,2.8367345333099365,-0.0008914470672607422
62,5,160,3.3331079483032227,3.333864212036133,0.0007562637329101562
62,6,160,3.329303741455078,3.3283567428588867,-0.0009469985961914062
62,7,160,3.3449506759643555,3.3433420658111572,-0.0016086101531982422
62,8,160,3.051907539367676,3.051115036010742,-0.0007925033569335938
62,9,160,3.2737743854522705,3.2734551429748535,-0.0003192424774169922
62,10,160,3.497657060623169,3.4989662170410156,0.0013091564178466797
62,11,160,3.1188197135925293,3.1189959049224854,0.0001761913299560547
62,12,160,3.3343570232391357,3.333106279373169,-0.0012507438659667969
62,13,160,3.80757212638855,3.8061254024505615,-0.0014467239379882812
62,14,160,3.637634515762329,3.6379921436309814,0.00035762786865234375
62,15,160,3.5595297813415527,3.5605428218841553,0.001013040542602539
62,16,160,3.9195525646209717,3.9198036193847656,0.0002510547637939453
62,17,160,3.5629773139953613,3.5615251064300537,-0.0014522075653076172
62,18,160,2.9200692176818848,2.918937921524048,-0.001131296157836914
62,19,160,2.5281591415405273,2.528568744659424,0.0004096031188964844
63,0,160,3.4117543697357178,3.4130425453186035,0.0012881755828857422
63,1,160,3.5385615825653076,3.5380606651306152,-0.0005009174346923828
63,2,160,3.4561798572540283,3.455730438232422,-0.0004494190216064453
63,3,160,2.999037981033325,2.99891996383667,-0.00011801719665527344
63,4,160,2.8376259803771973,2.839432716369629,0.0018067359924316406
63,5,160,3.3331079483032227,3.331096887588501,-0.0020110607147216797
63,6,160,3.329303741455078,3.32882022857666,-0.00048351287841796875
63,7,160,3.3449506759643555,3.344251871109009,-0.0006988048553466797
63,8,160,3.051907539367676,3.052126884460449,0.0002193450927734375
63,9,160,3.2737743854522705,3.2748847007751465,0.0011103153228759766
63,10,160,3.497657060623169,3.4990923404693604,0.0014352798461914062
63,11,160,3.1188197135925293,3.1195640563964844,0.0007443428039550781
63,12,160,3.3343570232391357,3.334650754928589,0.000293731689453125
63,13,160,3.80757212638855,3.8080058097839355,0.0004336833953857422
63,14,160,3.637634515762329,3.6370933055877686,-0.0005412101745605469
63,15,160,3.5595297813415527,3.560519218444824,0.0009894371032714844
63,16,160,3.9195525646209717,3.920830249786377,0.0012776851654052734
63,17,160,3.5629773139953613,3.5625970363616943,-0.0003802776336669922
63,18,160,2.9200692176818848,2.9199881553649902,-8.106231689453125e-05
63,19,160,2.5281591415405273,2.526341676712036,-0.001817464828491211
64,0,160,3.4117543697357178,3.413466691970825,0.0017123222351074219
64,1,160,3.5385615825653076,3.538430690765381,-0.0001308917999267578
64,2,160,3.4561798572540283,3.454965114593506,-0.001214742660522461
64,3,160,2.999037981033325,3.0000953674316406,0.0010573863983154297
64,4,160,2.8376259803771973,2.837458372116089,-0.00016760826110839844
64,5,160,3.3331079483032227,3.3334991931915283,0.00039124488830566406
64,6,160,3.329303741455078,3.3305087089538574,0.0012049674987792969
64,7,160,3.3449506759643555,3.3438403606414795,-0.0011103153228759766
64,8,160,3.051907539367676,3.0515105724334717,-0.00039696693420410156
64,9,160,3.2737743854522705,3.272634506225586,-0.0011398792266845703
64,10,160,3.497657060623169,3.4965715408325195,-0.001085519790649414
64,11,160,3.1188197135925293,3.1179909706115723,-0.0008287429809570312
64,12,160,3.3343570232391357,3.335205078125,0.0008480548858642578
64,13,160,3.80757212638855,3.80910325050354,0.0015311241149902344
64,14,160,3.637634515762329,3.638543128967285,0.0009086132049560547
64,15,160,3.5595297813415527,3.560393810272217,0.0008640289306640625
64,16,160,3.9195525646209717,3.9187371730804443,-0.0008153915405273438
64,17,160,3.5629773139953613,3.569657802581787,0.006680488586425781
64,18,160,2.9200692176818848,2.921067953109741,0.0009987354278564453
64,19,160,2.5281591415405273,2.528817892074585,0.0006587505340576172
65,0,160,3.4117543697357178,3.4105417728424072,-0.0012125968933105469
65,1,160,3.5385615825653076,3.537635564804077,-0.0009260177612304688
65,2,160,3.4561798572540283,3.4561524391174316,-2.7418136596679688e-05
65,3,160,2.999037981033325,2.998680353164673,-0.00035762786865234375
65,4,160,2.8376259803771973,2.83709454536438,-0.0005314350128173828
65,5,160,3.3331079483032227,3.3327770233154297,-0.00033092498779296875
65,6,160,3.329303741455078,3.3283965587615967,-0.0009071826934814453
65,7,160,3.3449506759643555,3.346426248550415,0.0014755725860595703
65,8,160,3.051907539367676,3.051086187362671,-0.0008213520050048828
65,9,160,3.2737743854522705,3.2732887268066406,-0.0004856586456298828
65,10,160,3.497657060623169,3.4977517127990723,9.465217590332031e-05
65,11,160,3.1188197135925293,3.118530511856079,-0.0002892017364501953
65,12,160,3.3343570232391357,3.332777976989746,-0.0015790462493896484
65,13,160,3.80757212638855,3.8073182106018066,-0.00025391578674316406
65,14,160,3.637634515762329,3.637655258178711,2.0742416381835938e-05
65,15,160,3.5595297813415527,3.559112310409546,-0.00041747093200683594
65,16,160,3.9195525646209717,3.9208431243896484,0.0012905597686767578
65,17,160,3.5629773139953613,3.5672807693481445,0.004303455352783203
65,18,160,2.9200692176818848,2.9202473163604736,0.0001780986785888672
65,19,160,2.5281591415405273,2.527545690536499,-0.0006134510040283203
66,0,160,3.4117543697357178,3.412226438522339,0.00047206878662109375
66,1,160,3.5385615825653076,3.538783073425293,0.00022149085998535156
66,2,160,3.4561798572540283,3.4571585655212402,0.000978708267211914
66,3,160,2.999037981033325,2.9987502098083496,-0.00028777122497558594
66,4,160,2.8376259803771973,2.8378589153289795,0.00023293495178222656
66,5,160,3.3331079483032227,3.3333683013916016,0.00026035308837890625
66,6,160,3.329303741455078,3.330155611038208,0.0008518695831298828
66,7,160,3.3449506759643555,3.344630718231201,-0.0003199577331542969
66,8,160,3.051907539367676,3.051379680633545,-0.0005278587341308594
66,9,160,3.2737743854522705,3.275555372238159,0.0017809867858886719
66,10,160,3.497657060623169,3.497828483581543,0.00017142295837402344
66,11,160,3.1188197135925293,3.119600296020508,0.0007805824279785156
66,12,160,3.3343570232391357,3.3334312438964844,-0.0009257793426513672
66,13,160,3.80757212638855,3.808741807937622,0.0011696815490722656
66,14,160,3.637634515762329,3.637617826461792,-1.6689300537109375e-05
66,15,160,3.5595297813415527,3.5607101917266846,0.001180410385131836
66,16,160,3.9195525646209717,3.918022394180298,-0.0015301704406738281
66,17,160,3.5629773139953613,3.562211751937866,-0.0007655620574951172
66,18,160,2.9200692176818848,2.920651912689209,0.0005826950073242188
66,19,160,2.5281591415405273,2.5260136127471924,-0.002145528793334961
67,0,160,3.4117543697357178,3.4118545055389404,0.00010013580322265625
67,1,160,3.5385615825653076,3.5395281314849854,0.0009665489196777344
67,2,160,3.4561798572540283,3.4570674896240234,0.0008876323699951172
67,3,160,2.999037981033325,2.999863862991333,0.0008258819580078125
67,4,160,2.8376259803771973,2.837498903274536,-0.0001270771026611328
67,5,160,3.3331079483032227,3.3323709964752197,-0.0007369518280029297
67,6,160,3.329303741455078,3.331439971923828,0.00213623046875
67,7,160,3.3449506759643555,3.3470277786254883,0.0020771026611328125
67,8,160,3.051907539367676,3.052072763442993,0.0001652240753173828
67,9,160,3.2737743854522705,3.2744364738464355,0.0006620883941650391
67,10,160,3.497657060623169,3.4974780082702637,-0.00017905235290527344
67,11,160,3.1188197135925293,3.1192855834960938,0.0004658699035644531
67,12,160,3.3343570232391357,3.3354814052581787,0.0011243820190429688
67,13,160,3.80757212638855,3.807734489440918,0.00016236305236816406
67,14,160,3.637634515762329,3.6392745971679688,0.0016400814056396484
67,15,160,3.5595297813415527,3.5593225955963135,-0.0002071857452392578
67,16,160,3.9195525646209717,3.9190073013305664,-0.0005452632904052734
67,17,160,3.5629773139953613,3.5629255771636963,-5.173683166503906e-05
67,18,160,2.9200692176818848,2.9203426837921143,0.0002734661102294922
67,19,160,2.5281591415405273,2.530562400817871,0.00240325927734375
68,0,160,3.4117543697357178,3.412060499191284,0.00030612945556640625
68,1,160,3.5385615825653076,3.537823438644409,-0.0007381439208984375
68,2,160,3.4561798572540283,3.455817937850952,-0.0003619194030761719
68,3,160,2.999037981033325,2.9997923374176025,0.0007543563842773438
68,4,160,2.8376259803771973,2.837473154067993,-0.00015282630920410156
68,5,160,3.3331079483032227,3.3350772857666016,0.0019693374633789062
68,6,160,3.329303741455078,3.3306798934936523,0.0013761520385742188
68,7,160,3.3449506759643555,3.3455963134765625,0.0006456375122070312
68,8,160,3.051907539367676,3.052166700363159,0.00025916099548339844
68,9,160,3.2737743854522705,3.27384614944458,7.176399230957031e-05
68,10,160,3.497657060623169,3.4982385635375977,0.0005815029144287109
68,11,160,3.1188197135925293,3.118131637573242,-0.0006880760192871094
68,12,160,3.3343570232391357,3.3354361057281494,0.0010790824890136719
68,13,160,3.80757212638855,3.808269739151001,0.0006976127624511719
68,14,160,3.637634515762329,3.6371424198150635,-0.000492095947265625
68,15,160,3.5595297813415527,3.5596702098846436,0.0001404285430908203
68,16,160,3.9195525646209717,3.9180421829223633,-0.0015103816986083984
68,17,160,3.5629773139953613,3.5638375282287598,0.0008602142333984375
68,18,160,2.9200692176818848,2.9212534427642822,0.001184225082397461
68,19,160,2.5281591415405273,2.5296106338500977,0.0014514923095703125
69,0,160,3.4117543697357178,3.4116034507751465,-0.00015091896057128906
69,1,160,3.5385615825653076,3.5395443439483643,0.0009827613830566406
69,2,160,3.4561798572540283,3.4555420875549316,-0.0006377696990966797
69,3,160,2.999037981033325,3.0001578330993652,0.001119852066040039
69,4,160,2.8376259803771973,2.837184429168701,-0.00044155120849609375
69,5,160,3.3331079483032227,3.334303140640259,0.0011951923370361328
69,6,160,3.329303741455078,3.329439878463745,0.0001361370086669922
69,7,160,3.3449506759643555,3.3461923599243164,0.0012416839599609375
69,8,160,3.051907539367676,3.052513360977173,0.0006058216094970703
69,9,160,3.2737743854522705,3.272643804550171,-0.0011305809020996094
69,10,160,3.497657060623169,3.4988784790039062,0.0012214183807373047
69,11,160,3.1188197135925293,3.1187679767608643,-5.173683166503906e-05
69,12,160,3.3343570232391357,3.3362159729003906,0.0018589496612548828
69,13,160,3.80757212638855,3.8083748817443848,0.0008027553558349609
69,14,160,3.637634515762329,3.637568473815918,-6.604194641113281e-05
69,15,160,3.5595297813415527,3.5589053630828857,-0.0006244182586669922
69,16,160,3.9195525646209717,3.921478748321533,0.0019261837005615234
69,17,160,3.5629773139953613,3.565824031829834,0.0028467178344726562
69,18,160,2.9200692176818848,2.919837474822998,-0.00023174285888671875
69,19,160,2.5281591415405273,2.5288238525390625,0.0006647109985351562
70,0,160,3.4117543697357178,3.412062406539917,0.00030803680419921875
70,1,160,3.5385615825653076,3.5403950214385986,0.0018334388732910156
70,2,160,3.4561798572540283,3.455843448638916,-0.0003364086151123047
70,3,160,2.999037981033325,2.9990234375,-1.4543533325195312e-05
70,4,160,2.8376259803771973,2.8364341259002686,-0.001191854476928711
70,5,160,3.3331079483032227,3.3350391387939453,0.0019311904907226562
70,6,160,3.329303741455078,3.3289780616760254,-0.0003256797790527344
70,7,160,3.3449506759643555,3.345075845718384,0.0001251697540283203
70,8,160,3.051907539367676,3.0515670776367188,-0.00034046173095703125
70,9,160,3.2737743854522705,3.2731282711029053,-0.0006461143493652344
70,10,160,3.497657060623169,3.4963719844818115,-0.0012850761413574219
70,11,160,3.1188197135925293,3.119209051132202,0.00038933753967285156
70,12,160,3.3343570232391357,3.33561110496521,0.0012540817260742188
70,13,160,3.80757212638855,3.805175542831421,-0.0023965835571289062
70,14,160,3.637634515762329,3.637789487838745,0.00015497207641601562
70,15,160,3.5595297813415527,3.560091018676758,0.0005612373352050781
70,16,160,3.9195525646209717,3.9190571308135986,-0.0004954338073730469
70,17,160,3.5629773139953613,3.5633206367492676,0.00034332275390625
70,18,160,2.9200692176818848,2.9179372787475586,-0.002131938934326172
70,19,160,2.5281591415405273,2.5264153480529785,-0.0017437934875488281
71,0,160,3.4117543697357178,3.4117212295532227,-3.314018249511719e-05
71,1,160,3.5385615825653076,3.5402798652648926,0.001718282699584961
71,2,160,3.4561798572540283,3.455801248550415,-0.00037860870361328125
71,3,160,2.999037981033325,3.001497745513916,0.0024597644805908203
71,4,160,2.8376259803771973,2.8388407230377197,0.001214742660522461
71,5,160,3.3331079483032227,3.332777261734009,-0.0003306865692138672
71,6,160,3.329303741455078,3.3285508155822754,-0.0007529258728027344
71,7,160,3.3449506759643555,3.3438847064971924,-0.001065969467163086
71,8,160,3.051907539367676,3.0525295734405518,0.0006220340728759766
71,9,160,3.2737743854522705,3.2723751068115234,-0.0013992786407470703
71,10,160,3.497657060623169,3.497936964035034,0.0002799034118652344
71,11,160,3.1188197135925293,3.1200685501098633,0.0012488365173339844
71,12,160,3.3343570232391357,3.3497543334960938,0.015397310256958008
71,13,160,3.80757212638855,3.807359218597412,-0.0002129077911376953
71,14,160,3.637634515762329,3.638805627822876,0.001171112060546875
71,15,160,3.5595297813415527,3.560060501098633,0.0005307197570800781
71,16,160,3.9195525646209717,3.9190123081207275,-0.0005402565002441406
71,17,160,3.5629773139953613,3.5640175342559814,0.0010402202606201172
71,18,160,2.9200692176818848,2.920161008834839,9.179115295410156e-05
71,19,160,2.5281591415405273,2.527886152267456,-0.00027298927307128906
72,0,160,3.4117543697357178,3.412425994873047,0.0006716251373291016
72,1,160,3.5385615825653076,3.539529800415039,0.0009682178497314453
72,2,160,3.4561798572540283,3.459160327911377,0.002980470657348633
72,3,160,2.999037981033325,2.9987246990203857,-0.0003132820129394531
72,4,160,2.8376259803771973,2.8381576538085938,0.0005316734313964844
72,5,160,3.3331079483032227,3.334285020828247,0.001177072525024414
72,6,160,3.329303741455078,3.3302695751190186,0.0009658336639404297
72,7,160,3.3449506759643555,3.3477530479431152,0.0028023719787597656
72,8,160,3.051907539367676,3.0521836280822754,0.0002760887145996094
72,9,160,3.2737743854522705,3.274027109146118,0.00025272369384765625
72,10,160,3.497657060623169,3.4990482330322266,0.0013911724090576172
72,11,160,3.1188197135925293,3.121103048324585,0.002283334732055664
72,12,160,3.3343570232391357,3.3350813388824463,0.0007243156433105469
72,13,160,3.80757212638855,3.807901620864868,0.0003294944763183594
72,14,160,3.637634515762329,3.6373543739318848,-0.00028014183044433594
72,15,160,3.5595297813415527,3.5584890842437744,-0.0010406970977783203
72,16,160,3.9195525646209717,3.9195423126220703,-1.0251998901367188e-05
72,17,160,3.5629773139953613,3.5657572746276855,0.0027799606323242188
72,18,160,2.9200692176818848,2.9183385372161865,-0.0017306804656982422
72,19,160,2.5281591415405273,2.529686450958252,0.0015273094177246094
73,0,160,3.4117543697357178,3.411550521850586,-0.00020384788513183594
73,1,160,3.5385615825653076,3.538593053817749,3.147125244140625e-05
73,2,160,3.4561798572540283,3.4558990001678467,-0.0002808570861816406
73,3,160,2.999037981033325,2.9984312057495117,-0.0006067752838134766
73,4,160,2.8376259803771973,2.8375589847564697,-6.699562072753906e-05
73,5,160,3.3331079483032227,3.3348944187164307,0.0017864704132080078
73,6,160,3.329303741455078,3.329782247543335,0.00047850608825683594
73,7,160,3.3449506759643555,3.344963312149048,1.2636184692382812e-05
73,8,160,3.051907539367676,3.051182746887207,-0.00072479248046875
73,9,160,3.2737743854522705,3.2756669521331787,0.0018925666809082031
73,10,160,3.497657060623169,3.500321865081787,0.002664804458618164
73,11,160,3.1188197135925293,3.1196699142456055,0.0008502006530761719
73,12,160,3.3343570232391357,3.334526300430298,0.00016927719116210938
73,13,160,3.80757212638855,3.807260513305664,-0.0003116130828857422
73,14,160,3.637634515762329,3.637410879135132,-0.00022363662719726562
73,15,160,3.5595297813415527,3.5592854022979736,-0.00024437904357910156
73,16,160,3.9195525646209717,3.922252655029297,0.0027000904083251953
73,17,160,3.5629773139953613,3.5621347427368164,-0.0008425712585449219
73,18,160,2.9200692176818848,2.919278860092163,-0.0007903575897216797
73,19,160,2.5281591415405273,2.5281968116760254,3.7670135498046875e-05
74,0,160,3.4117543697357178,3.412269115447998,0.0005147457122802734
74,1,160,3.5385615825653076,3.5396363735198975,0.0010747909545898438
74,2,160,3.4561798572540283,3.456843852996826,0.0006639957427978516
74,3,160,2.999037981033325,2.998934745788574,-0.00010323524475097656
74,4,160,2.8376259803771973,2.839404344558716,0.0017783641815185547
74,5,160,3.3331079483032227,3.332176446914673,-0.0009315013885498047
74,6,160,3.329303741455078,3.3285770416259766,-0.0007266998291015625
74,7,160,3.3449506759643555,3.3445324897766113,-0.0004181861877441406
74,8,160,3.051907539367676,3.0525872707366943,0.0006797313690185547
74,9,160,3.2737743854522705,3.27424693107605,0.0004725456237792969
74,10,160,3.497657060623169,3.496431350708008,-0.0012257099151611328
74,11,160,3.1188197135925293,3.121697425842285,0.0028777122497558594
74,12,160,3.3343570232391357,3.3514339923858643,0.017076969146728516
74,13,160,3.80757212638855,3.8074920177459717,-8.0108642578125e-05
74,14,160,3.637634515762329,3.637267589569092,-0.0003669261932373047
74,15,160,3.5595297813415527,3.5598247051239014,0.0002949237823486328
74,16,160,3.9195525646209717,3.919292449951172,-0.0002601146697998047
74,17,160,3.5629773139953613,3.5624969005584717,-0.00048041343688964844
74,18,160,2.9200692176818848,2.9217827320098877,0.0017135143280029297
74,19,160,2.5281591415405273,2.528590202331543,0.000431060791015625
75,0,160,3.4117543697357178,3.4120125770568848,0.0002582073211669922
75,1,160,3.5385615825653076,3.539390802383423,0.0008292198181152344
75,2,160,3.4561798572540283,3.4565162658691406,0.0003364086151123047
75,3,160,2.999037981033325,2.997612237930298,-0.0014257431030273438
75,4,160,2.8376259803771973,2.8371479511260986,-0.0004780292510986328
75,5,160,3.3331079483032227,3.3340587615966797,0.0009508132934570312
75,6,160,3.329303741455078,3.3274831771850586,-0.0018205642700195312
75,7,160,3.3449506759643555,3.3464741706848145,0.0015234947204589844
75,8,160,3.051907539367676,3.050987958908081,-0.0009195804595947266
75,9,160,3.2737743854522705,3.2728216648101807,-0.0009527206420898438
75,10,160,3.497657060623169,3.4991848468780518,0.0015277862548828125
75,11,160,3.1188197135925293,3.119642972946167,0.0008232593536376953
75,12,160,3.3343570232391357,3.3336682319641113,-0.0006887912750244141
75,13,160,3.80757212638855,3.807781457901001,0.00020933151245117188
75,14,160,3.637634515762329,3.6394264698028564,0.0017919540405273438
75,15,160,3.5595297813415527,3.5596563816070557,0.0001266002655029297
75,16,160,3.9195525646209717,3.9193146228790283,-0.00023794174194335938
75,17,160,3.5629773139953613,3.567899227142334,0.004921913146972656
75,18,160,2.9200692176818848,2.9194328784942627,-0.0006363391876220703
75,19,160,2.5281591415405273,2.5289177894592285,0.0007586479187011719
76,0,160,3.4117543697357178,3.410658359527588,-0.0010960102081298828
76,1,160,3.5385615825653076,3.537184238433838,-0.0013773441314697266
76,2,160,3.4561798572540283,3.45444393157959,-0.0017359256744384766
76,3,160,2.999037981033325,2.9979162216186523,-0.0011217594146728516
76,4,160,2.8376259803771973,2.83809232711792,0.00046634674072265625
76,5,160,3.3331079483032227,3.333129405975342,2.1457672119140625e-05
76,6,160,3.329303741455078,3.3293216228485107,1.7881393432617188e-05
76,7,160,3.3449506759643555,3.344036340713501,-0.0009143352508544922
76,8,160,3.051907539367676,3.0514705181121826,-0.00043702125549316406
76,9,160,3.2737743854522705,3.27160382270813,-0.002170562744140625
76,10,160,3.497657060623169,3.497480869293213,-0.0001761913299560547
76,11,160,3.1188197135925293,3.12331485748291,0.004495143890380859
76,12,160,3.3343570232391357,3.3437814712524414,0.009424448013305664
76,13,160,3.80757212638855,3.807753324508667,0.0001811981201171875
76,14,160,3.637634515762329,3.6388540267944336,0.0012195110321044922
76,15,160,3.5595297813415527,3.559608221054077,7.843971252441406e-05
76,16,160,3.9195525646209717,3.9200711250305176,0.0005185604095458984
76,17,160,3.5629773139953613,3.5617196559906006,-0.0012576580047607422
76,18,160,2.9200692176818848,2.919759511947632,-0.0003097057342529297
76,19,160,2.5281591415405273,2.5272369384765625,-0.0009222030639648438
77,0,160,3.4117543697357178,3.4108965396881104,-0.0008578300476074219
77,1,160,3.5385615825653076,3.5392963886260986,0.0007348060607910156
77,2,160,3.4561798572540283,3.455610752105713,-0.0005691051483154297
77,3,160,2.999037981033325,3.0011491775512695,0.002111196517944336
77,4,160,2.8376259803771973,2.839019775390625,0.0013937950134277344
77,5,160,3.3331079483032227,3.3346118927001953,0.0015039443969726562
77,6,160,3.329303741455078,3.329641580581665,0.00033783912658691406
77,7,160,3.3449506759643555,3.348689317703247,0.0037386417388916016
77,8,160,3.051907539367676,3.0532336235046387,0.0013260841369628906
77,9,160,3.2737743854522705,3.2763137817382812,0.002539396286010742
77,10,160,3.497657060623169,3.4974703788757324,-0.00018668174743652344
77,11,160,3.1188197135925293,3.1172354221343994,-0.0015842914581298828
77,12,160,3.3343570232391357,3.3339905738830566,-0.00036644935607910156
77,13,160,3.80757212638855,3.8058431148529053,-0.0017290115356445312
77,14,160,3.637634515762329,3.6380059719085693,0.0003714561462402344
77,15,160,3.5595297813415527,3.559237480163574,-0.0002923011779785156
77,16,160,3.9195525646209717,3.920231342315674,0.0006787776947021484
77,17,160,3.5629773139953613,3.5626189708709717,-0.00035834312438964844
77,18,160,2.9200692176818848,2.9210915565490723,0.0010223388671875
77,19,160,2.5281591415405273,2.5290164947509766,0.0008573532104492188
78,0,160,3.4117543697357178,3.413595199584961,0.001840829849243164
78,1,160,3.5385615825653076,3.5409183502197266,0.0023567676544189453
78,2,160,3.4561798572540283,3.456997871398926,0.0008180141448974609
78,3,160,2.999037981033325,2.999044895172119,6.9141387939453125e-06
78,4,160,2.8376259803771973,2.8398680686950684,0.0022420883178710938
78,5,160,3.3331079483032227,3.3357999324798584,0.002691984176635742
78,6,160,3.329303741455078,3.3309667110443115,0.0016629695892333984
78,7,160,3.3449506759643555,3.3455402851104736,0.0005896091461181641
78,8,160,3.051907539367676,3.0523533821105957,0.0004458427429199219
78,9,160,3.2737743854522705,3.2729713916778564,-0.0008029937744140625
78,10,160,3.497657060623169,3.498852014541626,0.0011949539184570312
78,11,160,3.1188197135925293,3.1194798946380615,0.0006601810455322266
78,12,160,3.3343570232391357,3.3336586952209473,-0.0006983280181884766
78,13,160,3.80757212638855,3.8062498569488525,-0.0013222694396972656
78,14,160,3.637634515762329,3.6380553245544434,0.0004208087921142578
78,15,160,3.5595297813415527,3.5584299564361572,-0.0010998249053955078
78,16,160,3.9195525646209717,3.920438051223755,0.0008854866027832031
78,17,160,3.5629773139953613,3.5620110034942627,-0.0009663105010986328
78,18,160,2.9200692176818848,2.91878342628479,-0.0012857913970947266
78,19,160,2.5281591415405273,2.5273385047912598,-0.0008206367492675781
79,0,160,3.4117543697357178,3.4114015102386475,-0.0003528594970703125
79,1,160,3.5385615825653076,3.5391764640808105,0.0006148815155029297
79,2,160,3.4561798572540283,3.4567759037017822,0.0005960464477539062
79,3,160,2.999037981033325,3.0001537799835205,0.0011157989501953125
79,4,160,2.8376259803771973,2.838515520095825,0.0008895397186279297
79,5,160,3.3331079483032227,3.3328142166137695,-0.000293731689453125
79,6,160,3.329303741455078,3.3307945728302,0.0014908313751220703
79,7,160,3.3449506759643555,3.343909978866577,-0.0010406970977783203
79,8,160,3.051907539367676,3.05229115486145,0.00038361549377441406
79,9,160,3.2737743854522705,3.274461030960083,0.0006866455078125
79,10,160,3.497657060623169,3.4980549812316895,0.0003979206085205078
79,11,160,3.1188197135925293,3.1181912422180176,-0.0006284713745117188
79,12,160,3.3343570232391357,3.334918975830078,0.0005619525909423828
79,13,160,3.80757212638855,3.807131290435791,-0.00044083595275878906
79,14,160,3.637634515762329,3.635866403579712,-0.0017681121826171875
79,15,160,3.5595297813415527,3.561471462249756,0.001941680908203125
79,16,160,3.9195525646209717,3.921675443649292,0.0021228790283203125
79,17,160,3.5629773139953613,3.565436601638794,0.002459287643432617
79,18,160,2.9200692176818848,2.9181294441223145,-0.0019397735595703125
79,19,160,2.5281591415405273,2.5291502475738525,0.0009911060333251953
80,0,160,3.4117543697357178,3.4107248783111572,-0.0010294914245605469
80,1,160,3.5385615825653076,3.539057493209839,0.00049591064453125
80,2,160,3.4561798572540283,3.4577319622039795,0.0015521049499511719
80,3,160,2.999037981033325,3.0000438690185547,0.0010058879852294922
80,4,160,2.8376259803771973,2.8375325202941895,-9.34600830078125e-05
80,5,160,3.3331079483032227,3.332345724105835,-0.0007622241973876953
80,6,160,3.329303741455078,3.3285069465637207,-0.0007967948913574219
80,7,160,3.3449506759643555,3.346122980117798,0.0011723041534423828
80,8,160,3.051907539367676,3.050896167755127,-0.0010113716125488281
80,9,160,3.2737743854522705,3.2728121280670166,-0.0009622573852539062
80,10,160,3.497657060623169,3.4958856105804443,-0.0017714500427246094
80,11,160,3.1188197135925293,3.118218421936035,-0.0006012916564941406
80,12,160,3.3343570232391357,3.3348476886749268,0.0004906654357910156
80,13,160,3.80757212638855,3.8058242797851562,-0.0017478466033935547
80,14,160,3.637634515762329,3.639714002609253,0.002079486846923828
80,15,160,3.5595297813415527,3.56182599067688,0.0022962093353271484
80,16,160,3.9195525646209717,3.916738986968994,-0.002813577651977539
80,17,160,3.5629773139953613,3.5620763301849365,-0.0009009838104248047
80,18,160,2.9200692176818848,2.9198577404022217,-0.00021147727966308594
80,19,160,2.5281591415405273,2.528334379196167,0.00017523765563964844
81,0,160,3.4117543697357178,3.411071300506592,-0.0006830692291259766
81,1,160,3.5385615825653076,3.541548728942871,0.0029871463775634766
81,2,160,3.4561798572540283,3.455493211746216,-0.0006866455078125
81,3,160,2.999037981033325,2.997995615005493,-0.0010423660278320312
81,4,160,2.8376259803771973,2.838067054748535,0.0004410743713378906
81,5,160,3.3331079483032227,3.3328170776367188,-0.00029087066650390625
81,6,160,3.329303741455078,3.3300251960754395,0.0007214546203613281
81,7,160,3.3449506759643555,3.3453335762023926,0.0003829002380371094
81,8,160,3.051907539367676,3.0506460666656494,-0.0012614727020263672
81,9,160,3.2737743854522705,3.2733819484710693,-0.0003924369812011719
81,10,160,3.497657060623169,3.4974310398101807,-0.00022602081298828125
81,11,160,3.1188197135925293,3.119313955307007,0.0004942417144775391
81,12,160,3.3343570232391357,3.333648681640625,-0.0007083415985107422
81,13,160,3.80757212638855,3.8073294162750244,-0.00024271011352539062
81,14,160,3.637634515762329,3.637669086456299,3.457069396972656e-05
81,15,160,3.5595297813415527,3.5602622032165527,0.000732421875
81,16,160,3.9195525646209717,3.919818162918091,0.0002655982971191406
81,17,160,3.5629773139953613,3.5616352558135986,-0.0013420581817626953
81,18,160,2.9200692176818848,2.9185893535614014,-0.0014798641204833984
81,19,160,2.5281591415405273,2.5279653072357178,-0.0001938343048095703
82,0,160,3.4117543697357178,3.411559581756592,-0.00019478797912597656
82,1,160,3.5385615825653076,3.5394580364227295,0.000896453857421875
82,2,160,3.4561798572540283,3.457648992538452,0.0014691352844238281
82,3,160,2.999037981033325,2.9987971782684326,-0.00024080276489257812
82,4,160,2.8376259803771973,2.836909770965576,-0.0007162094116210938
82,5,160,3.3331079483032227,3.333012819290161,-9.512901306152344e-05
82,6,160,3.329303741455078,3.3296289443969727,0.00032520294189453125
82,7,160,3.3449506759643555,3.3429415225982666,-0.002009153366088867
82,8,160,3.051907539367676,3.0494980812072754,-0.0024094581604003906
82,9,160,3.2737743854522705,3.274340867996216,0.0005664825439453125
82,10,160,3.497657060623169,3.4980273246765137,0.00037026405334472656
82,11,160,3.1188197135925293,3.119858503341675,0.0010387897491455078
82,12,160,3.3343570232391357,3.334500551223755,0.00014352798461914062
82,13,160,3.80757212638855,3.8092753887176514,0.0017032623291015625
82,14,160,3.637634515762329,3.63716983795166,-0.0004646778106689453
82,15,160,3.5595297813415527,3.55922532081604,-0.0003044605255126953
82,16,160,3.9195525646209717,3.918971300125122,-0.0005812644958496094
82,17,160,3.5629773139953613,3.5647132396698,0.0017359256744384766
82,18,160,2.9200692176818848,2.919111967086792,-0.0009572505950927734
82,19,160,2.5281591415405273,2.5287811756134033,0.0006220340728759766
83,0,160,3.4117543697357178,3.4124414920806885,0.0006871223449707031
83,1,160,3.5385615825653076,3.541879177093506,0.003317594528198242
83,2,160,3.4561798572540283,3.4567205905914307,0.0005407333374023438
83,3,160,2.999037981033325,3.000638484954834,0.001600503921508789
83,4,160,2.8376259803771973,2.835394859313965,-0.002231121063232422
83,5,160,3.3331079483032227,3.333305597305298,0.0001976490020751953
83,6,160,3.329303741455078,3.3300416469573975,0.0007379055023193359
83,7,160,3.3449506759643555,3.3474743366241455,0.002523660659790039
83,8,160,3.051907539367676,3.0519392490386963,3.170967102050781e-05
83,9,160,3.2737743854522705,3.273925542831421,0.00015115737915039062
83,10,160,3.497657060623169,3.4992117881774902,0.001554727554321289
83,11,160,3.1188197135925293,3.122464418411255,0.003644704818725586
83,12,160,3.3343570232391357,3.334635019302368,0.0002779960632324219
83,13,160,3.80757212638855,3.809040069580078,0.0014679431915283203
83,14,160,3.637634515762329,3.6372506618499756,-0.0003838539123535156
83,15,160,3.5595297813415527,3.558258295059204,-0.0012714862823486328
83,16,160,3.9195525646209717,3.9206833839416504,0.001130819320678711
83,17,160,3.5629773139953613,3.5650835037231445,0.002106189727783203
83,18,160,2.9200692176818848,2.9199936389923096,-7.557868957519531e-05
83,19,160,2.5281591415405273,2.527226448059082,-0.0009326934814453125
84,0,160,3.4117543697357178,3.4123642444610596,0.0006098747253417969
84,1,160,3.5385615825653076,3.538309335708618,-0.0002522468566894531
84,2,160,3.4561798572540283,3.458239793777466,0.0020599365234375
84,3,160,2.999037981033325,3.002293586730957,0.003255605697631836
84,4,160,2.8376259803771973,2.8381972312927246,0.0005712509155273438
84,5,160,3.3331079483032227,3.3361499309539795,0.003041982650756836
84,6,160,3.329303741455078,3.3321502208709717,0.0028464794158935547
84,7,160,3.3449506759643555,3.3478174209594727,0.0028667449951171875
84,8,160,3.051907539367676,3.0545475482940674,0.0026400089263916016
84,9,160,3.2737743854522705,3.2748043537139893,0.00102996826171875
84,10,160,3.497657060623169,3.4992196559906006,0.0015625953674316406
84,11,160,3.1188197135925293,3.119211435317993,0.0003917217254638672
84,12,160,3.3343570232391357,3.3341829776763916,-0.00017404556274414062
84,13,160,3.80757212638855,3.8074076175689697,-0.00016450881958007812
84,14,160,3.637634515762329,3.639636278152466,0.0020017623901367188
84,15,160,3.5595297813415527,3.5599985122680664,0.0004687309265136719
84,16,160,3.9195525646209717,3.9205617904663086,0.001009225845336914
84,17,160,3.5629773139953613,3.56351900100708,0.00054168701171875
84,18,160,2.9200692176818848,2.9196555614471436,-0.00041365623474121094
84,19,160,2.5281591415405273,2.5292811393737793,0.0011219978332519531
85,0,160,3.4117543697357178,3.410297155380249,-0.00145721435546875
85,1,160,3.5385615825653076,3.53890323638916,0.00034165382385253906
85,2,160,3.4561798572540283,3.455650568008423,-0.0005292892456054688
85,3,160,2.999037981033325,3.0003559589385986,0.0013179779052734375
85,4,160,2.8376259803771973,2.837085485458374,-0.0005404949188232422
85,5,160,3.3331079483032227,3.3324368000030518,-0.0006711483001708984
85,6,160,3.329303741455078,3.3309624195098877,0.0016586780548095703
85,7,160,3.3449506759643555,3.3448894023895264,-6.127357482910156e-05
85,8,160,3.051907539367676,3.052332878112793,0.0004253387451171875
85,9,160,3.2737743854522705,3.2740588188171387,0.00028443336486816406
85,10,160,3.497657060623169,3.498772621154785,0.001115560531616211
85,11,160,3.1188197135925293,3.119267463684082,0.0004477500915527344
85,12,160,3.3343570232391357,3.3343453407287598,-1.1682510375976562e-05
85,13,160,3.80757212638855,3.8080894947052,0.0005173683166503906
85,14,160,3.637634515762329,3.6368706226348877,-0.0007638931274414062
85,15,160,3.5595297813415527,3.5604679584503174,0.0009381771087646484
85,16,160,3.9195525646209717,3.920973539352417,0.0014209747314453125
85,17,160,3.5629773139953613,3.5638678073883057,0.0008904933929443359
85,18,160,2.9200692176818848,2.92010235786438,3.314018249511719e-05
85,19,160,2.5281591415405273,2.5297586917877197,0.0015995502471923828
86,0,160,3.4117543697357178,3.412036657333374,0.00028228759765625
86,1,160,3.5385615825653076,3.53836989402771,-0.00019168853759765625
86,2,160,3.4561798572540283,3.455414056777954,-0.0007658004760742188
86,3,160,2.999037981033325,2.998392105102539,-0.0006458759307861328
86,4,160,2.8376259803771973,2.8378190994262695,0.00019311904907226562
86,5,160,3.3331079483032227,3.332348108291626,-0.0007598400115966797
86,6,160,3.329303741455078,3.3279058933258057,-0.001397848129272461
86,7,160,3.3449506759643555,3.3435959815979004,-0.0013546943664550781
86,8,160,3.051907539367676,3.0509986877441406,-0.0009088516235351562
86,9,160,3.2737743854522705,3.2739317417144775,0.00015735626220703125
86,10,160,3.497657060623169,3.499232530593872,0.001575469970703125
86,11,160,3.1188197135925293,3.121936559677124,0.0031168460845947266
86,12,160,3.3343570232391357,3.340562343597412,0.006205320358276367
86,13,160,3.80757212638855,3.807997226715088,0.00042510032653808594
86,14,160,3.637634515762329,3.637479543685913,-0.00015497207641601562
86,15,160,3.5595297813415527,3.5600814819335938,0.0005517005920410156
86,16,160,3.9195525646209717,3.919205665588379,-0.00034689903259277344
86,17,160,3.5629773139953613,3.5624961853027344,-0.0004811286926269531
86,18,160,2.9200692176818848,2.918901205062866,-0.0011680126190185547
86,19,160,2.5281591415405273,2.5292279720306396,0.0010688304901123047
87,0,160,3.4117543697357178,3.4122352600097656,0.00048089027404785156
87,1,160,3.5385615825653076,3.538297414779663,-0.00026416778564453125
87,2,160,3.4561798572540283,3.460096597671509,0.003916740417480469
87,3,160,2.999037981033325,3.000397205352783,0.0013592243194580078
87,4,160,2.8376259803771973,2.8407275676727295,0.0031015872955322266
87,5,160,3.3331079483032227,3.3368358612060547,0.0037279129028320312
87,6,160,3.329303741455078,3.330132484436035,0.0008287429809570312
87,7,160,3.3449506759643555,3.3489537239074707,0.004003047943115234
87,8,160,3.051907539367676,3.0524990558624268,0.0005915164947509766
87,9,160,3.2737743854522705,3.2759525775909424,0.002178192138671875
87,10,160,3.497657060623169,3.499156951904297,0.0014998912811279297
87,11,160,3.1188197135925293,3.1229565143585205,0.004136800765991211
87,12,160,3.3343570232391357,3.3353893756866455,0.0010323524475097656
87,13,160,3.80757212638855,3.808668851852417,0.0010967254638671875
87,14,160,3.637634515762329,3.6362433433532715,-0.0013911724090576172
87,15,160,3.5595297813415527,3.560305118560791,0.0007753372192382812
87,16,160,3.9195525646209717,3.918753147125244,-0.0007994174957275391
87,17,160,3.5629773139953613,3.5638270378112793,0.0008497238159179688
87,18,160,2.9200692176818848,2.9201126098632812,4.3392181396484375e-05
87,19,160,2.5281591415405273,2.5263001918792725,-0.0018589496612548828
88,0,160,3.4117543697357178,3.41268253326416,0.0009281635284423828
88,1,160,3.5385615825653076,3.5375454425811768,-0.0010161399841308594
88,2,160,3.4561798572540283,3.457113265991211,0.0009334087371826172
88,3,160,2.999037981033325,2.9987142086029053,-0.0003237724304199219
88,4,160,2.8376259803771973,2.8392937183380127,0.0016677379608154297
88,5,160,3.3331079483032227,3.3334906101226807,0.0003826618194580078
88,6,160,3.329303741455078,3.3299214839935303,0.0006177425384521484
88,7,160,3.3449506759643555,3.3449697494506836,1.9073486328125e-05
88,8,160,3.051907539367676,3.0504441261291504,-0.0014634132385253906
88,9,160,3.2737743854522705,3.276289224624634,0.0025148391723632812
88,10,160,3.497657060623169,3.4986379146575928,0.0009808540344238281
88,11,160,3.1188197135925293,3.118372678756714,-0.0004470348358154297
88,12,160,3.3343570232391357,3.3361964225769043,0.0018393993377685547
88,13,160,3.80757212638855,3.8056938648223877,-0.0018782615661621094
88,14,160,3.637634515762329,3.637679100036621,4.458427429199219e-05
88,15,160,3.5595297813415527,3.560168981552124,0.0006392002105712891
88,16,160,3.9195525646209717,3.919584274291992,3.170967102050781e-05
88,17,160,3.5629773139953613,3.564601421356201,0.0016241073608398438
88,18,160,2.9200692176818848,2.920624017715454,0.0005548000335693359
88,19,160,2.5281591415405273,2.530426025390625,0.0022668838500976562
89,0,160,3.4117543697357178,3.4125828742980957,0.0008285045623779297
89,1,160,3.5385615825653076,3.5402960777282715,0.0017344951629638672
89,2,160,3.4561798572540283,3.453019380569458,-0.0031604766845703125
89,3,160,2.999037981033325,2.997312545776367,-0.0017254352569580078
89,4,160,2.8376259803771973,2.836594581604004,-0.0010313987731933594
89,5,160,3.3331079483032227,3.3328745365142822,-0.0002334117889404297
89,6,160,3.329303741455078,3.3268699645996094,-0.00243377685546875
89,7,160,3.3449506759643555,3.345154285430908,0.00020360946655273438
89,8,160,3.051907539367676,3.0501670837402344,-0.0017404556274414062
89,9,160,3.2737743854522705,3.271843910217285,-0.0019304752349853516
89,10,160,3.497657060623169,3.4972124099731445,-0.00044465065002441406
89,11,160,3.1188197135925293,3.1196930408477783,0.0008733272552490234
89,12,160,3.3343570232391357,3.334012031555176,-0.00034499168395996094
89,13,160,3.80757212638855,3.8061347007751465,-0.0014374256134033203
89,14,160,3.637634515762329,3.6391005516052246,0.0014660358428955078
89,15,160,3.5595297813415527,3.5594141483306885,-0.00011563301086425781
89,16,160,3.9195525646209717,3.9211268424987793,0.0015742778778076172
89,17,160,3.5629773139953613,3.5645925998687744,0.001615285873413086
89,18,160,2.9200692176818848,2.919795274734497,-0.0002739429473876953
89,19,160,2.5281591415405273,2.528769016265869,0.0006098747253417969
90,0,160,3.4117543697357178,3.411569356918335,-0.0001850128173828125
90,1,160,3.5385615825653076,3.5401527881622314,0.0015912055969238281
90,2,160,3.4561798572540283,3.45430064201355,-0.0018792152404785156
90,3,160,2.999037981033325,3.000211715698242,0.0011737346649169922
90,4,160,2.8376259803771973,2.837172031402588,-0.000453948974609375
90,5,160,3.3331079483032227,3.332864284515381,-0.00024366378784179688
90,6,160,3.329303741455078,3.330148935317993,0.0008451938629150391
90,7,160,3.3449506759643555,3.34592866897583,0.0009779930114746094
90,8,160,3.051907539367676,3.051809072494507,-9.846687316894531e-05
90,9,160,3.2737743854522705,3.274789810180664,0.0010154247283935547
90,10,160,3.497657060623169,3.4988396167755127,0.00118255615234375
90,11,160,3.1188197135925293,3.1194756031036377,0.0006558895111083984
90,12,160,3.3343570232391357,3.3355703353881836,0.0012133121490478516
90,13,160,3.80757212638855,3.8070905208587646,-0.00048160552978515625
90,14,160,3.637634515762329,3.6382014751434326,0.0005669593811035156
90,15,160,3.5595297813415527,3.5597031116485596,0.00017333030700683594
90,16,160,3.9195525646209717,3.9191579818725586,-0.00039458274841308594
90,17,160,3.5629773139953613,3.5646512508392334,0.0016739368438720703
90,18,160,2.9200692176818848,2.919130325317383,-0.0009388923645019531
90,19,160,2.5281591415405273,2.527984380722046,-0.0001747608184814453
91,0,160,3.4117543697357178,3.412088394165039,0.00033402442932128906
91,1,160,3.5385615825653076,3.538616895675659,5.53131103515625e-05
91,2,160,3.4561798572540283,3.45539927482605,-0.0007805824279785156
91,3,160,2.999037981033325,2.9975926876068115,-0.0014452934265136719
91,4,160,2.8376259803771973,2.8378021717071533,0.0001761913299560547
91,5,160,3.3331079483032227,3.3351330757141113,0.002025127410888672
91,6,160,3.329303741455078,3.3273825645446777,-0.0019211769104003906
91,7,160,3.3449506759643555,3.345388412475586,0.00043773651123046875
91,8,160,3.051907539367676,3.0530550479888916,0.0011475086212158203
91,9,160,3.2737743854522705,3.2743985652923584,0.0006241798400878906
91,10,160,3.497657060623169,3.498122453689575,0.00046539306640625
91,11,160,3.1188197135925293,3.121458053588867,0.0026383399963378906
91,12,160,3.3343570232391357,3.335947275161743,0.0015902519226074219
91,13,160,3.80757212638855,3.807767629623413,0.00019550323486328125
91,14,160,3.637634515762329,3.6368207931518555,-0.0008137226104736328
91,15,160,3.5595297813415527,3.559225082397461,-0.0003046989440917969
91,16,160,3.9195525646209717,3.9180893898010254,-0.001463174819946289
91,17,160,3.5629773139953613,3.564826250076294,0.0018489360809326172
91,18,160,2.9200692176818848,2.9193005561828613,-0.0007686614990234375
91,19,160,2.5281591415405273,2.529128074645996,0.00096893310546875
92,0,160,3.4117543697357178,3.4120571613311768,0.0003027915954589844
92,1,160,3.5385615825653076,3.5388479232788086,0.00028634071350097656
92,2,160,3.4561798572540283,3.4554154872894287,-0.0007643699645996094
92,3,160,2.999037981033325,2.9984195232391357,-0.0006184577941894531
92,4,160,2.8376259803771973,2.83833384513855,0.0007078647613525391
92,5,160,3.3331079483032227,3.331810474395752,-0.0012974739074707031
92,6,160,3.329303741455078,3.329686403274536,0.0003826618194580078
92,7,160,3.3449506759643555,3.343285322189331,-0.001665353775024414
92,8,160,3.051907539367676,3.0523223876953125,0.00041484832763671875
92,9,160,3.2737743854522705,3.2732994556427,-0.0004749298095703125
92,10,160,3.497657060623169,3.4965660572052,-0.00109100341796875
92,11,160,3.1188197135925293,3.118485689163208,-0.00033402442932128906
92,12,160,3.3343570232391357,3.3343169689178467,-4.00543212890625e-05
92,13,160,3.80757212638855,3.807746171951294,0.00017404556274414062
92,14,160,3.637634515762329,3.6376636028289795,2.9087066650390625e-05
92,15,160,3.5595297813415527,3.5598838329315186,0.0003540515899658203
92,16,160,3.9195525646209717,3.9193832874298096,-0.00016927719116210938
92,17,160,3.5629773139953613,3.5664005279541016,0.0034232139587402344
92,18,160,2.9200692176818848,2.919163942337036,-0.0009052753448486328
92,19,160,2.5281591415405273,2.527613878250122,-0.0005452632904052734
93,0,160,3.4117543697357178,3.411639451980591,-0.00011491775512695312
93,1,160,3.5385615825653076,3.536677122116089,-0.00188446044921875
93,2,160,3.4561798572540283,3.456822633743286,0.0006427764892578125
93,3,160,2.999037981033325,2.9993982315063477,0.00036025047302246094
93,4,160,2.8376259803771973,2.837900400161743,0.00027441978454589844
93,5,160,3.3331079483032227,3.3322999477386475,-0.0008080005645751953
93,6,160,3.329303741455078,3.3302974700927734,0.0009937286376953125
93,7,160,3.3449506759643555,3.3445212841033936,-0.00042939186096191406
93,8,160,3.051907539367676,3.0512924194335938,-0.0006151199340820312
93,9,160,3.2737743854522705,3.274803400039673,0.0010290145874023438
93,10,160,3.497657060623169,3.49707293510437,-0.0005841255187988281
93,11,160,3.1188197135925293,3.1206345558166504,0.0018148422241210938
93,12,160,3.3343570232391357,3.333911895751953,-0.0004451274871826172
93,13,160,3.80757212638855,3.806356191635132,-0.0012159347534179688
93,14,160,3.637634515762329,3.636382579803467,-0.0012519359588623047
93,15,160,3.5595297813415527,3.5613341331481934,0.001804351806640625
93,16,160,3.9195525646209717,3.9190967082977295,-0.0004558563232421875
93,17,160,3.5629773139953613,3.5631942749023438,0.00021696090698242188
93,18,160,2.9200692176818848,2.9196345806121826,-0.00043463706970214844
93,19,160,2.5281591415405273,2.5301098823547363,0.0019507408142089844
94,0,160,3.4117543697357178,3.411432981491089,-0.00032138824462890625
94,1,160,3.5385615825653076,3.538266897201538,-0.00029468536376953125
94,2,160,3.4561798572540283,3.4560530185699463,-0.00012683868408203125
94,3,160,2.999037981033325,2.9991228580474854,8.487701416015625e-05
94,4,160,2.8376259803771973,2.836921453475952,-0.0007045269012451172
94,5,160,3.3331079483032227,3.3327040672302246,-0.0004038810729980469
94,6,160,3.329303741455078,3.3299620151519775,0.0006582736968994141
94,7,160,3.3449506759643555,3.3452117443084717,0.00026106834411621094
94,8,160,3.051907539367676,3.051271677017212,-0.0006358623504638672
94,9,160,3.2737743854522705,3.2751541137695312,0.0013797283172607422
94,10,160,3.497657060623169,3.496232271194458,-0.0014247894287109375
94,11,160,3.1188197135925293,3.117051362991333,-0.001768350601196289
94,12,160,3.3343570232391357,3.334268093109131,-8.893013000488281e-05
94,13,160,3.80757212638855,3.807610034942627,3.790855407714844e-05
94,14,160,3.637634515762329,3.6367316246032715,-0.0009028911590576172
94,15,160,3.5595297813415527,3.560377836227417,0.0008480548858642578
94,16,160,3.9195525646209717,3.9200165271759033,0.0004639625549316406
94,17,160,3.5629773139953613,3.5654819011688232,0.002504587173461914
94,18,160,2.9200692176818848,2.918692111968994,-0.001377105712890625
94,19,160,2.5281591415405273,2.5251946449279785,-0.002964496612548828
95,0,160,3.4117543697357178,3.411195755004883,-0.0005586147308349609
95,1,160,3.5385615825653076,3.5389182567596436,0.0003566741943359375
95,2,160,3.4561798572540283,3.4561002254486084,-7.963180541992188e-05
95,3,160,2.999037981033325,2.9988560676574707,-0.0001819133758544922
95,4,160,2.8376259803771973,2.8362648487091064,-0.0013611316680908203
95,5,160,3.3331079483032227,3.3336868286132812,0.0005788803100585938
95,6,160,3.329303741455078,3.3307242393493652,0.0014204978942871094
95,7,160,3.3449506759643555,3.3444666862487793,-0.0004839897155761719
95,8,160,3.051907539367676,3.052499294281006,0.0005917549133300781
95,9,160,3.2737743854522705,3.2739696502685547,0.0001952648162841797
95,10,160,3.497657060623169,3.4998154640197754,0.0021584033966064453
95,11,160,3.1188197135925293,3.119466781616211,0.0006470680236816406
95,12,160,3.3343570232391357,3.33382511138916,-0.0005319118499755859
95,13,160,3.80757212638855,3.8079605102539062,0.0003883838653564453
95,14,160,3.637634515762329,3.6350936889648438,-0.0025408267974853516
95,15,160,3.5595297813415527,3.5586533546447754,-0.0008764266967773438
95,16,160,3.9195525646209717,3.9219839572906494,0.0024313926696777344
95,17,160,3.5629773139953613,3.5617709159851074,-0.0012063980102539062
95,18,160,2.9200692176818848,2.92010760307312,3.838539123535156e-05
95,19,160,2.5281591415405273,2.52919864654541,0.0010395050048828125
96,0,160,3.4117543697357178,3.4109392166137695,-0.0008151531219482422
96,1,160,3.5385615825653076,3.5393383502960205,0.0007767677307128906
96,2,160,3.4561798572540283,3.456974983215332,0.0007951259613037109
96,3,160,2.999037981033325,3.000788927078247,0.001750946044921875
96,4,160,2.8376259803771973,2.8370742797851562,-0.0005517005920410156
96,5,160,3.3331079483032227,3.3335084915161133,0.000400543212890625
96,6,160,3.329303741455078,3.3310303688049316,0.0017266273498535156
96,7,160,3.3449506759643555,3.3452486991882324,0.0002980232238769531
96,8,160,3.051907539367676,3.0540318489074707,0.002124309539794922
96,9,160,3.2737743854522705,3.2734835147857666,-0.00029087066650390625
96,10,160,3.497657060623169,3.4985177516937256,0.0008606910705566406
96,11,160,3.1188197135925293,3.1171183586120605,-0.00170135498046875
96,12,160,3.3343570232391357,3.334862232208252,0.0005052089691162109
96,13,160,3.80757212638855,3.8102164268493652,0.0026443004608154297
96,14,160,3.637634515762329,3.637017250061035,-0.0006172657012939453
96,15,160,3.5595297813415527,3.560049057006836,0.0005192756652832031
96,16,160,3.9195525646209717,3.922231435775757,0.0026788711547851562
96,17,160,3.5629773139953613,3.5654540061950684,0.0024766921997070312
96,18,160,2.9200692176818848,2.9209511280059814,0.0008819103240966797
96,19,160,2.5281591415405273,2.528160572052002,1.430511474609375e-06
97,0,160,3.4117543697357178,3.4108755588531494,-0.0008788108825683594
97,1,160,3.5385615825653076,3.536855459213257,-0.0017061233520507812
97,2,160,3.4561798572540283,3.4570751190185547,0.0008952617645263672
97,3,160,2.999037981033325,3.0012478828430176,0.002209901809692383
97,4,160,2.8376259803771973,2.8373863697052,-0.0002396106719970703
97,5,160,3.3331079483032227,3.333486557006836,0.00037860870361328125
97,6,160,3.329303741455078,3.330090045928955,0.0007863044738769531
97,7,160,3.3449506759643555,3.3473997116088867,0.00244903564453125
97,8,160,3.051907539367676,3.0530192852020264,0.001111745834350586
97,9,160,3.2737743854522705,3.2748732566833496,0.0010988712310791016
97,10,160,3.497657060623169,3.499309539794922,0.0016524791717529297
97,11,160,3.1188197135925293,3.1189992427825928,0.00017952919006347656
97,12,160,3.3343570232391357,3.3345084190368652,0.0001513957977294922
97,13,160,3.80757212638855,3.8094377517700195,0.0018656253814697266
97,14,160,3.637634515762329,3.637881278991699,0.0002467632293701172
97,15,160,3.5595297813415527,3.5592148303985596,-0.00031495094299316406
97,16,160,3.9195525646209717,3.920790433883667,0.0012378692626953125
97,17,160,3.5629773139953613,3.5658562183380127,0.002878904342651367
97,18,160,2.9200692176818848,2.920276165008545,0.00020694732666015625
97,19,160,2.5281591415405273,2.5273077487945557,-0.0008513927459716797
98,0,160,3.4117543697357178,3.4130351543426514,0.0012807846069335938
98,1,160,3.5385615825653076,3.539914608001709,0.0013530254364013672
98,2,160,3.4561798572540283,3.4546213150024414,-0.001558542251586914
98,3,160,2.999037981033325,2.997636318206787,-0.001401662826538086
98,4,160,2.8376259803771973,2.836707353591919,-0.0009186267852783203
98,5,160,3.3331079483032227,3.3333375453948975,0.0002295970916748047
98,6,160,3.329303741455078,3.329521417617798,0.00021767616271972656
98,7,160,3.3449506759643555,3.344339609146118,-0.0006110668182373047
98,8,160,3.051907539367676,3.0496163368225098,-0.0022912025451660156
98,9,160,3.2737743854522705,3.2731399536132812,-0.0006344318389892578
98,10,160,3.497657060623169,3.4961233139038086,-0.0015337467193603516
98,11,160,3.1188197135925293,3.120134115219116,0.001314401626586914
98,12,160,3.3343570232391357,3.3349640369415283,0.0006070137023925781
98,13,160,3.80757212638855,3.808626413345337,0.0010542869567871094
98,14,160,3.637634515762329,3.637758255004883,0.00012373924255371094
98,15,160,3.5595297813415527,3.559755563735962,0.0002257823944091797
98,16,160,3.9195525646209717,3.9202308654785156,0.0006783008575439453
98,17,160,3.5629773139953613,3.5657432079315186,0.0027658939361572266
98,18,160,2.9200692176818848,2.92322039604187,0.0031511783599853516
98,19,160,2.5281591415405273,2.526641368865967,-0.0015177726745605469
99,0,160,3.4117543697357178,3.4121649265289307,0.0004105567932128906
99,1,160,3.5385615825653076,3.5397379398345947,0.0011763572692871094
99,2,160,3.4561798572540283,3.456336259841919,0.000156402587890625
99,3,160,2.999037981033325,3.0019357204437256,0.0028977394104003906
99,4,160,2.8376259803771973,2.839125871658325,0.0014998912811279297
99,5,160,3.3331079483032227,3.3329052925109863,-0.00020265579223632812
99,6,160,3.329303741455078,3.3286263942718506,-0.0006773471832275391
99,7,160,3.3449506759643555,3.3434252738952637,-0.0015254020690917969
99,8,160,3.051907539367676,3.0500285625457764,-0.001878976821899414
99,9,160,3.2737743854522705,3.2729287147521973,-0.0008456707000732422
99,10,160,3.497657060623169,3.4977500438690186,9.298324584960938e-05
99,11,160,3.1188197135925293,3.1184499263763428,-0.00036978721618652344
99,12,160,3.3343570232391357,3.3342723846435547,-8.463859558105469e-05
99,13,160,3.80757212638855,3.8069510459899902,-0.0006210803985595703
99,14,160,3.637634515762329,3.637369155883789,-0.00026535987854003906
99,15,160,3.5595297813415527,3.5591671466827393,-0.00036263465881347656
99,16,160,3.9195525646209717,3.920680046081543,0.001127481460571289
99,17,160,3.5629773139953613,3.5635087490081787,0.0005314350128173828
99,18,160,2.9200692176818848,2.9193150997161865,-0.0007541179656982422
99,19,160,2.5281591415405273,2.5261309146881104,-0.002028226852416992
