chain,step,loss,grad_norm,dist_to_wstar
0,1,3.0620391368865967,0.9068293571472168,0.0
0,2,3.210024833679199,1.0150717496871948,9.977086067199707
0,3,3.2069876194000244,1.4552780389785767,14.090156555175781
0,4,3.1276137828826904,1.5850635766983032,17.232959747314453
0,5,3.191239833831787,1.7546141147613525,19.87163543701172
0,6,3.1830520629882812,1.554286241531372,22.185216903686523
0,7,3.1747794151306152,1.4700506925582886,24.266984939575195
0,8,3.18066143989563,2.0390048027038574,26.177358627319336
0,9,3.188905715942383,1.945014238357544,27.946521759033203
0,10,3.1589035987854004,2.049879789352417,29.59930992126465
0,11,3.1333796977996826,2.6124343872070312,31.157743453979492
0,12,3.1719706058502197,2.5162360668182373,32.63291549682617
0,13,3.222970724105835,1.7539448738098145,34.03630065917969
0,14,3.050194501876831,1.7034473419189453,35.37823486328125
0,15,3.073784589767456,2.1171786785125732,36.663143157958984
0,16,3.217519760131836,2.317469596862793,37.897552490234375
0,17,3.2548270225524902,2.0452723503112793,39.0858154296875
0,18,3.208038330078125,2.18581223487854,40.23334884643555
0,19,3.248067855834961,2.1535451412200928,41.344539642333984
0,20,3.1375644207000732,2.0105762481689453,42.41885757446289
0,21,3.3275890350341797,2.0220956802368164,43.461143493652344
0,22,3.248375415802002,2.105954170227051,44.472938537597656
0,23,3.3000991344451904,1.9022693634033203,45.45765686035156
0,24,3.3087573051452637,1.977237343788147,46.41561508178711
0,25,3.269148588180542,2.392090082168579,47.34782028198242
0,26,3.348811626434326,2.247220754623413,48.25789260864258
0,27,3.1661922931671143,2.231764316558838,49.145694732666016
0,28,3.265575408935547,2.0733113288879395,50.0128173828125
0,29,3.386807680130005,1.8515594005584717,50.86000442504883
0,30,3.311724901199341,1.9012004137039185,51.69025421142578
0,31,3.211451530456543,1.7769922018051147,52.503074645996094
0,32,3.442549467086792,2.112997531890869,53.298133850097656
0,33,3.27174711227417,2.0768911838531494,54.07684326171875
0,34,3.13747501373291,2.0114338397979736,54.84077453613281
0,35,3.1715755462646484,2.0973827838897705,55.589752197265625
0,36,3.185481071472168,2.3800132274627686,56.324989318847656
0,37,3.4224061965942383,2.1904876232147217,57.046871185302734
0,38,3.258443593978882,2.024240016937256,57.75468444824219
0,39,3.265092372894287,1.9975523948669434,58.44923782348633
0,40,3.301823854446411,2.1015419960021973,59.134925842285156
0,41,3.3043243885040283,2.216782808303833,59.808101654052734
0,42,3.4193003177642822,2.286891460418701,60.47038650512695
0,43,3.4393179416656494,2.4243111610412598,61.119327545166016
0,44,3.245084762573242,2.1970674991607666,61.75772476196289
0,45,3.4248716831207275,2.319838047027588,62.38719940185547
0,46,3.447039842605591,2.2064476013183594,63.00564193725586
0,47,3.3755605220794678,2.309006690979004,63.61582946777344
0,48,3.415865421295166,1.9862818717956543,64.2183609008789
0,49,3.340297222137451,2.158607244491577,64.81118774414062
0,50,3.374760150909424,2.2669472694396973,65.39461517333984
0,51,3.3562092781066895,2.2987167835235596,65.9711685180664
0,52,3.336012601852417,2.2690796852111816,66.53767395019531
0,53,3.368476629257202,2.19077467918396,67.09877014160156
0,54,3.454030990600586,2.031019449234009,67.65070343017578
0,55,3.372140407562256,1.8368250131607056,68.19446563720703
0,56,3.4498493671417236,2.024784803390503,68.73170471191406
0,57,3.315595865249634,2.0186636447906494,69.26254272460938
0,58,3.404043197631836,2.1198179721832275,69.78656768798828
0,59,3.390857458114624,2.0805115699768066,70.30459594726562
0,60,3.4941036701202393,2.2670631408691406,70.81279754638672
0,61,3.557509422302246,2.3624749183654785,71.31444549560547
0,62,3.386333703994751,2.2235662937164307,71.81060791015625
0,63,3.2723169326782227,2.0468955039978027,72.30107879638672
0,64,3.276789903640747,2.1598665714263916,72.78688049316406
0,65,3.228121519088745,2.108281135559082,73.26436614990234
0,66,3.3286590576171875,2.0797371864318848,73.73767852783203
0,67,3.3381614685058594,2.245121479034424,74.20449829101562
0,68,3.367222785949707,2.5617892742156982,74.66605377197266
0,69,3.399855852127075,2.4476029872894287,75.12142181396484
0,70,3.549882650375366,2.396090030670166,75.57233428955078
0,71,3.2750813961029053,2.1210291385650635,76.01934051513672
0,72,3.38329815864563,2.316101551055908,76.46065521240234
0,73,3.3748857975006104,2.0895302295684814,76.89684295654297
0,74,3.415313959121704,2.1599655151367188,77.32881927490234
0,75,3.5143890380859375,2.501502275466919,77.75596618652344
0,76,3.503105401992798,2.394880533218384,78.17765045166016
0,77,3.399508237838745,2.2645726203918457,78.59367370605469
0,78,3.27341628074646,2.3736119270324707,79.0048599243164
0,79,3.4067330360412598,2.401071310043335,79.41345977783203
0,80,3.2530324459075928,2.2904715538024902,79.81890869140625
0,81,3.4430463314056396,2.5912294387817383,80.21797943115234
0,82,3.3649845123291016,2.601649045944214,80.6137466430664
0,83,3.289984703063965,2.6879920959472656,81.00572967529297
0,84,3.4181649684906006,2.5267317295074463,81.39239501953125
0,85,3.432915687561035,2.2715728282928467,81.77579498291016
0,86,3.308271646499634,2.226900100708008,82.15625762939453
0,87,3.3155345916748047,2.236152410507202,82.53096008300781
0,88,3.4027538299560547,2.1775431632995605,82.90214538574219
0,89,3.3490006923675537,2.2343506813049316,83.26960754394531
0,90,3.4609928131103516,2.0221657752990723,83.63447570800781
0,91,3.433727264404297,2.06321120262146,83.99444580078125
0,92,3.5410759449005127,2.1761767864227295,84.35183715820312
0,93,3.51033091545105,2.469712495803833,84.70426940917969
0,94,3.4824812412261963,2.4024734497070312,85.05558013916016
0,95,3.3951141834259033,2.5468945503234863,85.403564453125
0,96,3.5088868141174316,2.380098819732666,85.74811553955078
0,97,3.2691524028778076,2.2568345069885254,86.08832550048828
0,98,3.33113169670105,2.2685441970825195,86.42529296875
0,99,3.381944179534912,2.246633291244507,86.75861358642578
0,100,3.541510581970215,2.1746954917907715,87.09027099609375
0,101,3.489837884902954,2.140599012374878,87.4194107055664
0,102,3.4203450679779053,2.2182726860046387,87.74337005615234
0,103,3.2738029956817627,2.108840227127075,88.06539154052734
0,104,3.4675140380859375,2.291795015335083,88.38525390625
0,105,3.391054391860962,2.0605199337005615,88.70013427734375
0,106,3.372593879699707,2.157503843307495,89.01146697998047
0,107,3.4212775230407715,2.074331045150757,89.32071685791016
0,108,3.3996779918670654,2.3937628269195557,89.62614440917969
0,109,3.381757974624634,2.134335994720459,89.93030548095703
0,110,3.5449795722961426,2.2301876544952393,90.23157501220703
0,111,3.3837130069732666,2.180821180343628,90.5312728881836
0,112,3.431067705154419,2.327089309692383,90.82774353027344
0,113,3.5067460536956787,2.3135578632354736,91.12039947509766
0,114,3.4231698513031006,2.3564956188201904,91.41110229492188
0,115,3.45123028755188,2.23803448677063,91.69970703125
0,116,3.564771890640259,2.3811252117156982,91.98746490478516
0,117,3.6081457138061523,2.394108533859253,92.27005004882812
0,118,3.5765140056610107,2.4182546138763428,92.55194854736328
0,119,3.454176187515259,2.308716058731079,92.8299789428711
0,120,3.5031561851501465,2.811251401901245,93.10540008544922
0,121,3.4183318614959717,2.334122896194458,93.37809753417969
0,122,3.348278760910034,2.2873923778533936,93.64967346191406
0,123,3.5146639347076416,2.2625410556793213,93.91966247558594
0,124,3.469148874282837,2.197017192840576,94.18569946289062
0,125,3.502504587173462,2.192340612411499,94.45133209228516
0,126,3.3150250911712646,2.145263671875,94.71368408203125
0,127,3.507509231567383,2.54939866065979,94.97224426269531
0,128,3.460632801055908,2.294597864151001,95.23029327392578
0,129,3.58064341545105,2.354090929031372,95.4871826171875
0,130,3.3859481811523438,2.2282252311706543,95.74249267578125
0,131,3.495836019515991,2.1796088218688965,95.9949951171875
0,132,3.453489303588867,2.1703708171844482,96.24444580078125
0,133,3.5002379417419434,2.2902936935424805,96.49224090576172
0,134,3.33628249168396,2.2096574306488037,96.73829650878906
0,135,3.543689250946045,2.2924599647521973,96.98342895507812
0,136,3.5424349308013916,2.4512557983398438,97.22490692138672
0,137,3.5531654357910156,2.453561544418335,97.46434020996094
0,138,3.5358164310455322,2.4428627490997314,97.70213317871094
0,139,3.383448362350464,2.3310883045196533,97.93798828125
0,140,3.460958480834961,2.3374876976013184,98.17288208007812
0,141,3.439817190170288,2.0931196212768555,98.40496826171875
0,142,3.525289297103882,2.230393648147583,98.63607788085938
0,143,3.53469181060791,2.164999485015869,98.8638687133789
0,144,3.4958274364471436,2.4536497592926025,99.09271240234375
0,145,3.446683406829834,2.2705042362213135,99.31742858886719
0,146,3.3819189071655273,2.108076333999634,99.54013061523438
0,147,3.5905425548553467,2.2459888458251953,99.76212310791016
0,148,3.366407871246338,2.207254648208618,99.98259735107422
0,149,3.343759536743164,2.2288403511047363,100.20027160644531
0,150,3.528895378112793,2.5105128288269043,100.41785430908203
0,151,3.2172389030456543,2.0723321437835693,100.63213348388672
0,152,3.4176700115203857,2.357900857925415,100.8464584350586
0,153,3.340181350708008,2.137932062149048,101.05752563476562
0,154,3.4561822414398193,2.1868975162506104,101.26680755615234
0,155,3.4972479343414307,2.2411553859710693,101.4761734008789
0,156,3.5755629539489746,2.2792327404022217,101.68099975585938
0,157,3.5166900157928467,2.209172248840332,101.88517761230469
0,158,3.4567394256591797,2.153360605239868,102.08812713623047
0,159,3.5335757732391357,2.1315181255340576,102.28990173339844
0,160,3.6064882278442383,2.1814920902252197,102.49053192138672
0,161,3.4326677322387695,2.095421314239502,102.68787384033203
0,162,3.6200504302978516,2.154581308364868,102.88662719726562
0,163,3.564603805541992,2.06330943107605,103.08098602294922
0,164,3.3986997604370117,2.2360568046569824,103.2763442993164
0,165,3.518038272857666,2.2206532955169678,103.46858215332031
0,166,3.387794017791748,2.1445493698120117,103.66095733642578
0,167,3.549304723739624,2.280310869216919,103.8492431640625
0,168,3.471306324005127,2.2063188552856445,104.03905487060547
0,169,3.405898332595825,2.143212080001831,104.22718048095703
0,170,3.3768093585968018,2.207392930984497,104.4133529663086
0,171,3.4695229530334473,2.1253561973571777,104.59859466552734
0,172,3.6384310722351074,2.240865707397461,104.78266906738281
0,173,3.4398739337921143,2.1641969680786133,104.96475982666016
0,174,3.602421522140503,2.3193178176879883,105.14615631103516
0,175,3.582449197769165,2.224308729171753,105.32459259033203
0,176,3.4693262577056885,2.2111082077026367,105.50194549560547
0,177,3.5402631759643555,2.173736572265625,105.67841339111328
0,178,3.4920780658721924,2.062077522277832,105.85581970214844
0,179,3.6449434757232666,2.0034830570220947,106.03009796142578
0,180,3.501776933670044,2.0006861686706543,106.20360565185547
0,181,3.453939914703369,2.0609352588653564,106.3760986328125
0,182,3.5735692977905273,2.184311628341675,106.54513549804688
0,183,3.503392219543457,2.2091500759124756,106.71385192871094
0,184,3.4002885818481445,2.1423895359039307,106.88134765625
0,185,3.504634141921997,2.234445571899414,107.048095703125
0,186,3.642942190170288,2.2361276149749756,107.21312713623047
0,187,3.4376676082611084,2.091472625732422,107.3783950805664
0,188,3.476458787918091,2.1231796741485596,107.5425033569336
0,189,3.58575701713562,2.198108434677124,107.7045669555664
0,190,3.4188687801361084,2.041733503341675,107.8641586303711
0,191,3.6158010959625244,2.1771011352539062,108.02518463134766
0,192,3.5267369747161865,2.172983169555664,108.18312072753906
0,193,3.4443202018737793,2.1886446475982666,108.34066009521484
0,194,3.5710928440093994,1.972466230392456,108.49746704101562
0,195,3.312570333480835,1.9090383052825928,108.65348052978516
0,196,3.493769645690918,2.079143524169922,108.8069076538086
0,197,3.398491621017456,1.976733922958374,108.96040344238281
0,198,3.5389657020568848,2.020416021347046,109.11181640625
0,199,3.600975751876831,2.1404073238372803,109.26290893554688
0,200,3.4532134532928467,2.0530190467834473,109.4132080078125
0,201,3.559051036834717,2.043933391571045,109.56123352050781
0,202,3.669346332550049,2.1067163944244385,109.7097396850586
0,203,3.4938769340515137,2.1650338172912598,109.85643005371094
0,204,3.3924314975738525,2.106116771697998,110.00221252441406
0,205,3.384408712387085,2.021062135696411,110.14781188964844
0,206,3.558725118637085,2.170757532119751,110.29103088378906
0,207,3.5632588863372803,2.1738412380218506,110.43495178222656
0,208,3.524752378463745,2.2967529296875,110.57600402832031
0,209,3.508232593536377,2.0756704807281494,110.71656036376953
0,210,3.4776923656463623,2.1291093826293945,110.85707092285156
0,211,3.5055105686187744,2.2556793689727783,110.99568176269531
0,212,3.5279955863952637,2.1408989429473877,111.1345443725586
0,213,3.510927200317383,2.256053924560547,111.27033996582031
0,214,3.3945603370666504,2.2456626892089844,111.4072265625
0,215,3.3709044456481934,2.2488107681274414,111.54110717773438
0,216,3.406623125076294,2.071147918701172,111.6759262084961
0,217,3.547361135482788,2.2199947834014893,111.81076049804688
0,218,3.5434937477111816,2.2155494689941406,111.94398498535156
0,219,3.6702888011932373,2.086853265762329,112.07575225830078
0,220,3.553508996963501,2.019895315170288,112.2063980102539
0,221,3.567394733428955,2.0954573154449463,112.33404541015625
0,222,3.558397054672241,1.9846529960632324,112.4626693725586
0,223,3.5025978088378906,2.212557792663574,112.59012603759766
0,224,3.4882895946502686,2.090608596801758,112.71704864501953
0,225,3.4366676807403564,2.040217161178589,112.84260559082031
0,226,3.4433188438415527,2.049407482147217,112.96766662597656
0,227,3.512704372406006,1.9967716932296753,113.09276580810547
0,228,3.378436326980591,2.07504940032959,113.21747589111328
0,229,3.631875991821289,2.1602230072021484,113.34159851074219
0,230,3.428985118865967,1.9795743227005005,113.46424102783203
0,231,3.521836757659912,2.0888020992279053,113.58444213867188
0,232,3.42903995513916,1.8571747541427612,113.70531463623047
0,233,3.494490385055542,1.9349138736724854,113.8245849609375
0,234,3.462735652923584,2.048963785171509,113.94314575195312
0,235,3.4522194862365723,1.8689037561416626,114.06266021728516
0,236,3.4162538051605225,1.80955970287323,114.18065643310547
0,237,3.4411940574645996,1.9083890914916992,114.29814910888672
0,238,3.5386338233947754,1.9410587549209595,114.4132308959961
0,239,3.4249391555786133,1.8529984951019287,114.52828979492188
0,240,3.50260853767395,1.878153920173645,114.64229583740234
0,241,3.417297601699829,1.8141744136810303,114.75608825683594
0,242,3.618335485458374,2.063422679901123,114.86959075927734
0,243,3.5225722789764404,2.0917458534240723,114.98098754882812
0,244,3.697266101837158,2.0607950687408447,115.09211730957031
0,245,3.68701171875,2.208989381790161,115.20338439941406
0,246,3.4582324028015137,1.9096201658248901,115.3132553100586
0,247,3.4122302532196045,1.8282016515731812,115.42156982421875
0,248,3.4977564811706543,1.9316707849502563,115.529296875
0,249,3.5686047077178955,1.893894910812378,115.636474609375
0,250,3.4200141429901123,2.034252882003784,115.74292755126953
0,251,3.5626041889190674,1.9043952226638794,115.85041046142578
0,252,3.531733989715576,1.9363654851913452,115.95594024658203
0,253,3.505544900894165,1.9623814821243286,116.06097412109375
0,254,3.391850709915161,1.9681005477905273,116.1646957397461
0,255,3.516430139541626,2.0535075664520264,116.26871490478516
0,256,3.6777567863464355,2.0483264923095703,116.3703384399414
0,257,3.600788116455078,1.8703901767730713,116.47098541259766
0,258,3.4293439388275146,1.9012787342071533,116.57270050048828
0,259,3.4536757469177246,1.8223512172698975,116.67475891113281
0,260,3.6185672283172607,1.9303743839263916,116.7743911743164
0,261,3.6661272048950195,1.9102861881256104,116.87395477294922
0,262,3.4816646575927734,1.7363048791885376,116.97355651855469
0,263,3.640965700149536,1.7783379554748535,117.07011413574219
0,264,3.369154930114746,1.842836856842041,117.16954040527344
0,265,3.613560676574707,1.8964502811431885,117.26446533203125
0,266,3.3988099098205566,1.8397130966186523,117.3611068725586
0,267,3.3193740844726562,1.869584321975708,117.45565032958984
0,268,3.3836252689361572,1.7205278873443604,117.5517807006836
0,269,3.5592894554138184,1.7525873184204102,117.64537811279297
0,270,3.5528881549835205,1.7963250875473022,117.74073791503906
0,271,3.5720653533935547,1.8418879508972168,117.83451843261719
0,272,3.505850315093994,1.9551427364349365,117.92843627929688
0,273,3.5404984951019287,1.986706256866455,118.02059173583984
0,274,3.489593744277954,1.989193320274353,118.1136245727539
0,275,3.46224045753479,1.9018914699554443,118.20396423339844
0,276,3.4543278217315674,1.792889952659607,118.294189453125
0,277,3.6592705249786377,1.8839956521987915,118.3855972290039
0,278,3.529059410095215,2.007692575454712,118.47425842285156
0,279,3.575824022293091,1.948992371559143,118.56211853027344
0,280,3.429347276687622,2.0472536087036133,118.6504898071289
0,281,3.3027970790863037,1.9608060121536255,118.73920440673828
0,282,3.4154179096221924,1.8962147235870361,118.82473754882812
0,283,3.44950270652771,1.9024380445480347,118.91263580322266
0,284,3.504615306854248,1.8291574716567993,118.99939727783203
0,285,3.517451524734497,1.852820873260498,119.08659362792969
0,286,3.652740716934204,1.9005825519561768,119.1706771850586
0,287,3.4591996669769287,1.799451470375061,119.2558364868164
0,288,3.3852596282958984,1.806993842124939,119.33927917480469
0,289,3.3417787551879883,1.8705172538757324,119.42172241210938
0,290,3.590132236480713,1.7497795820236206,119.50653839111328
0,291,3.328550100326538,1.788293719291687,119.58880615234375
0,292,3.526362180709839,1.7062309980392456,119.6703109741211
0,293,3.543586015701294,1.7623369693756104,119.75045013427734
0,294,3.5823915004730225,1.786116123199463,119.8318099975586
0,295,3.5207343101501465,1.8282058238983154,119.91061401367188
0,296,3.5770556926727295,1.7507127523422241,119.99100494384766
0,297,3.5578274726867676,1.7842272520065308,120.0704345703125
0,298,3.6758594512939453,1.8212404251098633,120.1489028930664
0,299,3.4693052768707275,1.784943699836731,120.22773742675781
0,300,3.38118314743042,1.7594048976898193,120.3058853149414
0,301,3.5162107944488525,1.7098026275634766,120.38209533691406
0,302,3.442927360534668,1.60413658618927,120.45783996582031
0,303,3.48694109916687,1.642969012260437,120.53490447998047
0,304,3.6305978298187256,1.6646555662155151,120.61138153076172
0,305,3.523071050643921,1.5634247064590454,120.68575286865234
0,306,3.461089849472046,1.659271478652954,120.76126098632812
0,307,3.480891227722168,1.6554858684539795,120.8369369506836
0,308,3.3202602863311768,1.700313687324524,120.9097671508789
0,309,3.4430205821990967,1.7064417600631714,120.98309326171875
0,310,3.6388654708862305,1.9731889963150024,121.05648803710938
0,311,3.4263362884521484,1.5858641862869263,121.12921905517578
0,312,3.4478209018707275,1.700299620628357,121.20185852050781
0,313,3.459115505218506,1.617500901222229,121.27223205566406
0,314,3.4992613792419434,1.757159948348999,121.34358215332031
0,315,3.461958885192871,1.6871776580810547,121.41387939453125
0,316,3.4037387371063232,1.6534236669540405,121.48554229736328
0,317,3.425755023956299,1.675626516342163,121.55572509765625
0,318,3.5744457244873047,1.5844721794128418,121.6253890991211
0,319,3.4349803924560547,1.5582658052444458,121.69480895996094
0,320,3.5961244106292725,1.620944857597351,121.76490783691406
0,321,3.6899797916412354,1.638248085975647,121.83305358886719
0,322,3.478816509246826,1.5986413955688477,121.90105438232422
0,323,3.479832410812378,1.554578185081482,121.9687728881836
0,324,3.471036195755005,1.7960745096206665,122.03688049316406
0,325,3.53017258644104,1.5490913391113281,122.10411071777344
0,326,3.5154104232788086,1.7513450384140015,122.17005157470703
0,327,3.4035964012145996,1.6018502712249756,122.23645782470703
0,328,3.4688801765441895,1.6191741228103638,122.30228424072266
0,329,3.474946975708008,1.6448462009429932,122.3676528930664
0,330,3.4190099239349365,1.6448228359222412,122.43096923828125
0,331,3.552293062210083,1.6739915609359741,122.49464416503906
0,332,3.394261121749878,1.5847032070159912,122.55741119384766
0,333,3.4659135341644287,1.6260104179382324,122.6198959350586
0,334,3.5151829719543457,1.6024556159973145,122.68216705322266
0,335,3.4260780811309814,1.5507208108901978,122.743896484375
0,336,3.4213991165161133,1.5965873003005981,122.8063735961914
0,337,3.5372092723846436,1.6821868419647217,122.8682632446289
0,338,3.4648587703704834,1.695363163948059,122.92996978759766
0,339,3.588658332824707,1.579708218574524,122.99125671386719
0,340,3.6242103576660156,1.568138599395752,123.05154418945312
0,341,3.4931719303131104,1.5396099090576172,123.11256408691406
0,342,3.5634706020355225,1.692949891090393,123.17144012451172
0,343,3.518157482147217,1.5827025175094604,123.23155975341797
0,344,3.446704149246216,1.5799750089645386,123.28973388671875
0,345,3.3814268112182617,1.5268999338150024,123.34712219238281
0,346,3.4878690242767334,1.5675097703933716,123.40657043457031
0,347,3.4730894565582275,1.496224045753479,123.46690368652344
0,348,3.4877703189849854,1.5022293329238892,123.5245132446289
0,349,3.57041072845459,1.539621353149414,123.58179473876953
0,350,3.3559813499450684,1.4656498432159424,123.63837432861328
0,351,3.5734589099884033,1.4623595476150513,123.6964340209961
0,352,3.444173574447632,1.5213687419891357,123.75226593017578
0,353,3.4895009994506836,1.5414106845855713,123.80914306640625
0,354,3.5026626586914062,1.5823560953140259,123.86363983154297
0,355,3.481844186782837,1.8430167436599731,123.91769409179688
0,356,3.2494733333587646,1.4122486114501953,123.97179412841797
0,357,3.5097239017486572,1.5418874025344849,124.02581787109375
0,358,3.4700140953063965,1.5148210525512695,124.08037567138672
0,359,3.467268466949463,1.5045623779296875,124.13330078125
0,360,3.500128984451294,1.5516674518585205,124.18670654296875
0,361,3.4471070766448975,1.4877756834030151,124.2388916015625
0,362,3.552673816680908,1.5555319786071777,124.2918930053711
0,363,3.530031681060791,1.5840532779693604,124.34555053710938
0,364,3.488241195678711,1.587170958518982,124.39909362792969
0,365,3.5159220695495605,1.5207973718643188,124.45026397705078
0,366,3.595445394515991,1.5979368686676025,124.50177001953125
0,367,3.5099451541900635,1.5934484004974365,124.5549087524414
0,368,3.5313220024108887,1.46266508102417,124.60688018798828
0,369,3.5219130516052246,1.6190310716629028,124.65706634521484
0,370,3.5362613201141357,1.540162444114685,124.708251953125
0,371,3.356318473815918,1.4435640573501587,124.75897216796875
0,372,3.530874729156494,1.5388624668121338,124.8093032836914
0,373,3.4042954444885254,1.461422085762024,124.86040496826172
0,374,3.440530776977539,1.4966399669647217,124.90849304199219
0,375,3.439969539642334,1.4646910429000854,124.95893859863281
0,376,3.602626085281372,1.6735743284225464,125.00879669189453
0,377,3.5040502548217773,1.5547598600387573,125.05934143066406
0,378,3.4627132415771484,1.5246405601501465,125.1070556640625
0,379,3.406500816345215,1.5295608043670654,125.15355682373047
0,380,3.576815605163574,1.521905541419983,125.20195770263672
0,381,3.597015619277954,1.5512422323226929,125.24823760986328
0,382,3.491583824157715,1.4938867092132568,125.2945785522461
0,383,3.5001213550567627,1.550944447517395,125.3415756225586
0,384,3.4891393184661865,1.478631615638733,125.38626098632812
0,385,3.5209128856658936,1.6004250049591064,125.4327163696289
0,386,3.5646939277648926,1.6416031122207642,125.47838592529297
0,387,3.522717237472534,1.5254199504852295,125.52362823486328
0,388,3.5871024131774902,1.555298924446106,125.56938934326172
0,389,3.5144917964935303,1.663352131843567,125.61498260498047
0,390,3.487976551055908,1.5100536346435547,125.66050720214844
0,391,3.600257158279419,1.6598658561706543,125.70435333251953
0,392,3.6140921115875244,1.5776396989822388,125.74781799316406
0,393,3.538256883621216,1.6041615009307861,125.79191589355469
0,394,3.4474384784698486,1.7216217517852783,125.83496856689453
0,395,3.572413682937622,1.5134779214859009,125.8781509399414
0,396,3.379277467727661,1.406982421875,125.92205810546875
0,397,3.6702094078063965,1.5505852699279785,125.96672058105469
0,398,3.5653724670410156,1.480067253112793,126.01022338867188
0,399,3.5053348541259766,1.4362977743148804,126.05157470703125
0,400,3.469160795211792,1.4497967958450317,126.0934829711914
0,401,3.5136523246765137,1.4982012510299683,126.1360092163086
0,402,3.4170587062835693,1.4820696115493774,126.17731475830078
0,403,3.402475357055664,1.496535301208496,126.21835327148438
0,404,3.479320764541626,1.5636717081069946,126.25933837890625
0,405,3.636603593826294,1.5626652240753174,126.30016326904297
0,406,3.5335729122161865,1.5552483797073364,126.34242248535156
0,407,3.4043405055999756,1.5574560165405273,126.38336944580078
0,408,3.413956880569458,1.5007271766662598,126.4259033203125
0,409,3.5806844234466553,1.6037096977233887,126.46548461914062
0,410,3.413649559020996,1.5724834203720093,126.50567626953125
0,411,3.4089102745056152,1.5933572053909302,126.54560852050781
0,412,3.441089153289795,1.5760358572006226,126.58439636230469
0,413,3.403479814529419,1.4912742376327515,126.62388610839844
0,414,3.551654100418091,1.5193616151809692,126.66281127929688
0,415,3.302164316177368,1.5154343843460083,126.7019271850586
0,416,3.4500908851623535,1.4833509922027588,126.74066162109375
0,417,3.397754192352295,1.5580824613571167,126.780029296875
0,418,3.536900520324707,1.4796565771102905,126.81859588623047
0,419,3.486725091934204,1.6079206466674805,126.85762786865234
0,420,3.5124378204345703,1.5683940649032593,126.89399719238281
0,421,3.4767889976501465,1.5456230640411377,126.93207550048828
0,422,3.4586963653564453,1.5325226783752441,126.96937561035156
0,423,3.5744800567626953,1.636728048324585,127.00498962402344
0,424,3.5395476818084717,1.6790896654129028,127.04222869873047
0,425,3.5794341564178467,1.6562001705169678,127.07854461669922
0,426,3.3509881496429443,1.5739924907684326,127.11448669433594
0,427,3.5447628498077393,1.512149691581726,127.15186309814453
0,428,3.4587936401367188,1.5021084547042847,127.18938446044922
0,429,3.448948383331299,1.5729598999023438,127.22478485107422
0,430,3.307297945022583,1.419067621231079,127.25975799560547
0,431,3.474947214126587,1.527991533279419,127.29415130615234
0,432,3.440995693206787,1.4426146745681763,127.32981872558594
0,433,3.4120516777038574,1.4260822534561157,127.3643569946289
0,434,3.4987845420837402,1.5306845903396606,127.40007019042969
0,435,3.3802988529205322,1.432129144668579,127.43465423583984
0,436,3.4372801780700684,1.4800859689712524,127.4703369140625
0,437,3.523503065109253,1.5279698371887207,127.50375366210938
0,438,3.6171693801879883,1.577829360961914,127.53697204589844
0,439,3.5275399684906006,1.5192984342575073,127.57084655761719
0,440,3.4209208488464355,1.4092108011245728,127.60430908203125
0,441,3.4998109340667725,1.5146856307983398,127.6384048461914
0,442,3.4736218452453613,1.583459734916687,127.67162322998047
0,443,3.55511212348938,1.4669300317764282,127.70379638671875
0,444,3.4797582626342773,1.4804713726043701,127.73587799072266
0,445,3.3520524501800537,1.606100082397461,127.76946258544922
0,446,3.5560925006866455,1.632720708847046,127.80213165283203
0,447,3.4900386333465576,1.4040590524673462,127.83482360839844
0,448,3.420008897781372,1.5006229877471924,127.86648559570312
0,449,3.5069756507873535,1.5502322912216187,127.89808654785156
0,450,3.617746353149414,1.5182247161865234,127.93114471435547
0,451,3.4355826377868652,1.5695728063583374,127.96207427978516
0,452,3.5010218620300293,1.4267059564590454,127.99375915527344
0,453,3.37429141998291,1.4416807889938354,128.02438354492188
0,454,3.50079083442688,1.4658901691436768,128.0570526123047
0,455,3.3310980796813965,1.4300296306610107,128.08932495117188
0,456,3.379603862762451,1.5112630128860474,128.12059020996094
0,457,3.648404836654663,1.5942754745483398,128.1519012451172
0,458,3.5668203830718994,1.4786794185638428,128.18307495117188
0,459,3.5740716457366943,1.546550989151001,128.21302795410156
0,460,3.505032539367676,1.5344561338424683,128.24440002441406
0,461,3.428734302520752,1.435030221939087,128.27491760253906
0,462,3.4551398754119873,1.4928911924362183,128.30453491210938
0,463,3.506958246231079,1.5086756944656372,128.3345947265625
0,464,3.5052096843719482,1.3878140449523926,128.365234375
0,465,3.4789552688598633,1.3825541734695435,128.39370727539062
0,466,3.623466730117798,1.3779423236846924,128.42311096191406
0,467,3.7222368717193604,1.5182634592056274,128.45143127441406
0,468,3.5930569171905518,1.4380592107772827,128.47918701171875
0,469,3.5314218997955322,1.4737615585327148,128.50775146484375
0,470,3.5288941860198975,1.551817774772644,128.5363006591797
0,471,3.469511032104492,1.56763756275177,128.5641632080078
0,472,3.5143325328826904,1.538962721824646,128.59170532226562
0,473,3.5396366119384766,1.5908547639846802,128.6190185546875
0,474,3.4854791164398193,1.5070017576217651,128.64747619628906
0,475,3.36575984954834,1.5113400220870972,128.67364501953125
0,476,3.391669988632202,1.5047416687011719,128.700439453125
0,477,3.4971654415130615,1.4891451597213745,128.72689819335938
0,478,3.6524391174316406,1.5861718654632568,128.7530059814453
0,479,3.631458044052124,1.665947675704956,128.779296875
0,480,3.6273741722106934,1.679521083831787,128.80577087402344
0,481,3.4788448810577393,1.529902696609497,128.8328857421875
0,482,3.514876365661621,1.4871593713760376,128.86058044433594
0,483,3.562706232070923,1.4454044103622437,128.88731384277344
0,484,3.4904425144195557,1.584661602973938,128.91404724121094
0,485,3.5524849891662598,1.5826882123947144,128.94110107421875
0,486,3.434718370437622,1.5682463645935059,128.96791076660156
0,487,3.5412187576293945,1.6462007761001587,128.99362182617188
0,488,3.563933849334717,1.650205135345459,129.01812744140625
0,489,3.529078483581543,1.5425089597702026,129.04342651367188
0,490,3.5118207931518555,1.5252496004104614,129.0691375732422
0,491,3.3811750411987305,1.4646599292755127,129.09478759765625
0,492,3.502981185913086,1.4753049612045288,129.1201629638672
0,493,3.601463556289673,1.6252665519714355,129.1436004638672
0,494,3.50628399848938,1.5698543787002563,129.166015625
0,495,3.4166476726531982,1.5589948892593384,129.189697265625
0,496,3.4276363849639893,1.6426429748535156,129.2130889892578
0,497,3.5761754512786865,1.5801949501037598,129.2380828857422
0,498,3.652467727661133,1.5406304597854614,129.26271057128906
0,499,3.5759267807006836,1.5137195587158203,129.28622436523438
0,500,3.599489450454712,1.5480084419250488,129.3089599609375
0,501,3.4209415912628174,1.634769082069397,129.3319549560547
0,502,3.400940179824829,1.5850627422332764,129.35556030273438
0,503,3.501913070678711,1.5057628154754639,129.3786163330078
0,504,3.5492663383483887,1.5854206085205078,129.4012451171875
0,505,3.6200239658355713,1.5611240863800049,129.42178344726562
0,506,3.619159698486328,1.4981120824813843,129.44419860839844
0,507,3.4801855087280273,1.6250011920928955,129.4665985107422
0,508,3.3650906085968018,1.495300054550171,129.48880004882812
0,509,3.6082024574279785,1.6491408348083496,129.5093536376953
0,510,3.4955484867095947,1.558438777923584,129.53150939941406
0,511,3.4797134399414062,1.5694719552993774,129.55380249023438
0,512,3.6767630577087402,1.7615548372268677,129.57627868652344
0,513,3.642157793045044,1.6408674716949463,129.59898376464844
0,514,3.497166872024536,1.5738862752914429,129.62054443359375
0,515,3.4164583683013916,1.5685813426971436,129.64266967773438
0,516,3.538973569869995,1.7488571405410767,129.66416931152344
0,517,3.5152153968811035,1.5781069993972778,129.68472290039062
0,518,3.4290964603424072,1.6170647144317627,129.70545959472656
0,519,3.41383695602417,1.523016333580017,129.7271728515625
0,520,3.5330028533935547,1.573752522468567,129.7469482421875
0,521,3.484117031097412,1.5732728242874146,129.76791381835938
0,522,3.3886427879333496,1.5201997756958008,129.7880096435547
0,523,3.566707134246826,1.5713891983032227,129.80795288085938
0,524,3.455118179321289,1.5830636024475098,129.827880859375
0,525,3.3494083881378174,1.5113444328308105,129.84642028808594
0,526,3.542703151702881,1.640284776687622,129.867431640625
0,527,3.545637845993042,1.6910887956619263,129.8878173828125
0,528,3.4916374683380127,1.600046157836914,129.90859985351562
0,529,3.7691595554351807,1.6905760765075684,129.92904663085938
0,530,3.3922054767608643,1.6515562534332275,129.9485626220703
0,531,3.4056637287139893,1.7002562284469604,129.96835327148438
0,532,3.4107539653778076,1.5814878940582275,129.98687744140625
0,533,3.572462558746338,1.5659070014953613,130.00665283203125
0,534,3.4400975704193115,1.6732137203216553,130.0263671875
0,535,3.5617077350616455,1.5422781705856323,130.0455780029297
0,536,3.4002554416656494,1.5900046825408936,130.06436157226562
0,537,3.4558095932006836,1.53469717502594,130.08404541015625
0,538,3.3933591842651367,1.5644508600234985,130.1023406982422
0,539,3.3467812538146973,1.6317956447601318,130.12001037597656
0,540,3.4005894660949707,1.529029130935669,130.138671875
0,541,3.4712417125701904,1.7014411687850952,130.1573028564453
0,542,3.642916440963745,1.6787482500076294,130.17686462402344
0,543,3.535983085632324,1.473331332206726,130.19496154785156
0,544,3.5076348781585693,1.5018457174301147,130.21331787109375
0,545,3.424212694168091,1.547959327697754,130.2335968017578
0,546,3.3932278156280518,1.4719221591949463,130.25196838378906
0,547,3.5125677585601807,1.5244455337524414,130.2681427001953
0,548,3.5035758018493652,1.6500203609466553,130.28639221191406
0,549,3.4130330085754395,1.5327776670455933,130.30364990234375
0,550,3.6313071250915527,1.5419764518737793,130.3217010498047
0,551,3.5667459964752197,1.483935832977295,130.339111328125
0,552,3.5189595222473145,1.4765275716781616,130.35556030273438
0,553,3.5488176345825195,1.603376030921936,130.370849609375
0,554,3.4696733951568604,1.6108213663101196,130.38829040527344
0,555,3.3638241291046143,1.5231279134750366,130.40628051757812
0,556,3.4792795181274414,1.6573354005813599,130.425048828125
0,557,3.3216569423675537,1.5814610719680786,130.44288635253906
0,558,3.6229116916656494,1.531057596206665,130.45889282226562
0,559,3.3948519229888916,1.575177550315857,130.4742889404297
0,560,3.5191047191619873,1.519060730934143,130.49205017089844
0,561,3.56237530708313,1.5687241554260254,130.50668334960938
0,562,3.5932626724243164,1.439124584197998,130.5240478515625
0,563,3.631502866744995,1.4784114360809326,130.53903198242188
0,564,3.504244565963745,1.4681100845336914,130.55545043945312
0,565,3.4305977821350098,1.489588737487793,130.5715789794922
0,566,3.6125688552856445,1.4576072692871094,130.5870819091797
0,567,3.472587823867798,1.4765704870224,130.6028289794922
0,568,3.4600954055786133,1.5142369270324707,130.61866760253906
0,569,3.3315091133117676,1.4252785444259644,130.6342315673828
0,570,3.580427885055542,1.5669533014297485,130.6503143310547
0,571,3.3896448612213135,1.5482853651046753,130.6649169921875
0,572,3.5069284439086914,1.6296887397766113,130.681396484375
0,573,3.5230202674865723,1.513560175895691,130.69688415527344
0,574,3.289116382598877,1.5040546655654907,130.71031188964844
0,575,3.3779449462890625,1.5095348358154297,130.72535705566406
0,576,3.3874573707580566,1.5425761938095093,130.73956298828125
0,577,3.5079710483551025,1.5886788368225098,130.75428771972656
0,578,3.3522391319274902,1.5141308307647705,130.77101135253906
0,579,3.5998220443725586,1.713227391242981,130.78562927246094
0,580,3.5180208683013916,1.4912047386169434,130.8007354736328
0,581,3.334259271621704,1.4098224639892578,130.81407165527344
0,582,3.6143229007720947,1.57567298412323,130.82879638671875
0,583,3.5113189220428467,1.5350770950317383,130.8438720703125
0,584,3.490687847137451,1.5320920944213867,130.857421875
0,585,3.6054208278656006,1.645169973373413,130.87095642089844
0,586,3.5843584537506104,1.5990302562713623,130.88490295410156
0,587,3.3733277320861816,1.532745361328125,130.90042114257812
0,588,3.3822262287139893,1.6074905395507812,130.91458129882812
0,589,3.6536669731140137,1.6349948644638062,130.928955078125
0,590,3.4613988399505615,1.704615592956543,130.94386291503906
0,591,3.425062417984009,1.4706424474716187,130.9583282470703
0,592,3.392226457595825,1.5901026725769043,130.97450256347656
0,593,3.565453052520752,1.7048883438110352,130.9868621826172
0,594,3.422640323638916,1.5684269666671753,131.00071716308594
0,595,3.470836877822876,1.6574009656906128,131.0141143798828
0,596,3.554642915725708,1.993956446647644,131.0263214111328
0,597,3.570223331451416,1.7427116632461548,131.04074096679688
0,598,3.4325125217437744,1.6868031024932861,131.0538330078125
0,599,3.485318183898926,1.6474028825759888,131.06784057617188
0,600,3.4697091579437256,1.585796594619751,131.08056640625
0,601,3.608829975128174,1.581680178642273,131.09344482421875
0,602,3.598324775695801,1.5689598321914673,131.1046600341797
0,603,3.435791015625,1.4832453727722168,131.11781311035156
0,604,3.4054315090179443,1.5027204751968384,131.13095092773438
0,605,3.3878557682037354,1.5281610488891602,131.14517211914062
0,606,3.3400964736938477,1.479705810546875,131.15834045410156
0,607,3.455181837081909,1.561177372932434,131.16998291015625
0,608,3.407460927963257,1.637274146080017,131.18292236328125
0,609,3.3312764167785645,1.6176191568374634,131.19381713867188
0,610,3.4297521114349365,1.6466023921966553,131.2044219970703
0,611,3.4712741374969482,1.5800403356552124,131.21697998046875
0,612,3.4508800506591797,1.5797100067138672,131.23068237304688
0,613,3.524418354034424,1.5441783666610718,131.24229431152344
0,614,3.6311683654785156,1.6249736547470093,131.25559997558594
0,615,3.260641574859619,1.594294786453247,131.2682342529297
0,616,3.5765597820281982,1.7209566831588745,131.2804718017578
0,617,3.6333422660827637,1.589097499847412,131.29254150390625
0,618,3.565574884414673,1.6891242265701294,131.30494689941406
0,619,3.512258529663086,1.6663782596588135,131.31625366210938
0,620,3.605832576751709,1.7423001527786255,131.32720947265625
0,621,3.5595765113830566,1.6328948736190796,131.33924865722656
0,622,3.3964595794677734,1.7870920896530151,131.35227966308594
0,623,3.6921746730804443,1.6715247631072998,131.3630828857422
0,624,3.600564956665039,1.6425495147705078,131.37490844726562
0,625,3.4717888832092285,1.6658356189727783,131.38612365722656
0,626,3.611279249191284,1.6929948329925537,131.39804077148438
0,627,3.516242265701294,1.602550745010376,131.40948486328125
0,628,3.4956629276275635,1.6981086730957031,131.42156982421875
0,629,3.2743170261383057,1.579797387123108,131.4334716796875
0,630,3.6248867511749268,1.657705307006836,131.44554138183594
0,631,3.608189582824707,1.6016689538955688,131.4571533203125
0,632,3.606038808822632,1.8077867031097412,131.46810913085938
0,633,3.479353666305542,1.6382843255996704,131.4792022705078
0,634,3.520977735519409,1.5585187673568726,131.49008178710938
0,635,3.6038525104522705,1.648603916168213,131.5009002685547
0,636,3.5444464683532715,1.6127912998199463,131.5133819580078
0,637,3.538233757019043,1.6020554304122925,131.5245819091797
0,638,3.469275951385498,1.9838802814483643,131.53538513183594
0,639,3.578578472137451,1.6707210540771484,131.5459442138672
0,640,3.5352327823638916,1.588636040687561,131.55648803710938
0,641,3.432267904281616,1.5725771188735962,131.56773376464844
0,642,3.4284448623657227,1.6932435035705566,131.58050537109375
0,643,3.49328875541687,1.612389326095581,131.59046936035156
0,644,3.5121383666992188,1.611722707748413,131.60006713867188
0,645,3.3998842239379883,1.6465513706207275,131.6114501953125
0,646,3.5238728523254395,1.7356140613555908,131.62246704101562
0,647,3.5796098709106445,1.7255901098251343,131.63087463378906
0,648,3.4586093425750732,1.5762724876403809,131.64166259765625
0,649,3.4796202182769775,1.692602515220642,131.65243530273438
0,650,3.477478504180908,1.7949756383895874,131.66094970703125
0,651,3.504467248916626,1.5904031991958618,131.67233276367188
0,652,3.6404671669006348,1.613610029220581,131.68212890625
0,653,3.492049217224121,1.7258481979370117,131.69183349609375
0,654,3.5839555263519287,1.8303824663162231,131.70103454589844
0,655,3.4553120136260986,1.5905253887176514,131.71116638183594
0,656,3.6147141456604004,1.6717071533203125,131.7200927734375
0,657,3.562453269958496,1.6387313604354858,131.72918701171875
0,658,3.5510315895080566,1.6489018201828003,131.73878479003906
0,659,3.516052007675171,1.6768238544464111,131.74948120117188
0,660,3.448124647140503,1.6466783285140991,131.75868225097656
0,661,3.6130967140197754,1.8479082584381104,131.76922607421875
0,662,3.6067373752593994,1.7725896835327148,131.7802276611328
0,663,3.5050156116485596,1.6732921600341797,131.79043579101562
0,664,3.603224277496338,1.7022767066955566,131.80029296875
0,665,3.351684331893921,1.719202995300293,131.80966186523438
0,666,3.6742331981658936,1.7114421129226685,131.81915283203125
0,667,3.52721905708313,1.7096843719482422,131.82827758789062
0,668,3.685333490371704,1.6612882614135742,131.8350067138672
0,669,3.495957136154175,1.6672158241271973,131.8451385498047
0,670,3.417747735977173,1.6250979900360107,131.85543823242188
0,671,3.5845630168914795,1.634421944618225,131.8644256591797
0,672,3.4149298667907715,1.5059338808059692,131.87306213378906
0,673,3.727485418319702,1.5641552209854126,131.88165283203125
0,674,3.4756619930267334,1.6563489437103271,131.8926239013672
0,675,3.4874722957611084,1.4853901863098145,131.89947509765625
0,676,3.5868735313415527,1.5642766952514648,131.9075469970703
0,677,3.5062384605407715,1.5994499921798706,131.9158172607422
0,678,3.683711051940918,1.5293126106262207,131.92478942871094
0,679,3.5686705112457275,1.7152338027954102,131.93309020996094
0,680,3.4794886112213135,1.5102986097335815,131.94320678710938
0,681,3.5546252727508545,1.476763129234314,131.95152282714844
0,682,3.493476390838623,1.6030361652374268,131.95883178710938
0,683,3.5292184352874756,1.519580364227295,131.9679718017578
0,684,3.524714469909668,1.539154052734375,131.97515869140625
0,685,3.562666893005371,1.5216542482376099,131.9837188720703
0,686,3.432690382003784,1.5095579624176025,131.99169921875
0,687,3.4532582759857178,1.5103075504302979,131.99932861328125
0,688,3.488355875015259,1.6312813758850098,132.00872802734375
0,689,3.6112546920776367,1.5499327182769775,132.01730346679688
0,690,3.5131070613861084,1.5353094339370728,132.0267791748047
0,691,3.3492796421051025,1.6945557594299316,132.03489685058594
0,692,3.555424928665161,1.5805836915969849,132.042724609375
0,693,3.411942720413208,1.468644142150879,132.0515594482422
0,694,3.475942850112915,1.4376400709152222,132.05911254882812
0,695,3.5670506954193115,1.5586268901824951,132.06759643554688
0,696,3.449821710586548,1.4622032642364502,132.07408142089844
0,697,3.641474485397339,1.5580530166625977,132.08299255371094
0,698,3.568451166152954,1.5295348167419434,132.0920867919922
0,699,3.3963723182678223,1.5773899555206299,132.0989532470703
0,700,3.3863308429718018,1.537831425666809,132.10633850097656
0,701,3.498685836791992,1.5586683750152588,132.11488342285156
0,702,3.388171672821045,1.5167819261550903,132.12184143066406
0,703,3.3966777324676514,1.4562944173812866,132.12890625
0,704,3.5000908374786377,1.591323971748352,132.13768005371094
0,705,3.4826254844665527,1.4141778945922852,132.14495849609375
0,706,3.5348236560821533,1.4544398784637451,132.1538543701172
0,707,3.421736001968384,1.5310934782028198,132.1602020263672
0,708,3.460923910140991,1.5815863609313965,132.16714477539062
0,709,3.4415080547332764,1.523569941520691,132.17526245117188
0,710,3.552976608276367,1.4880489110946655,132.18084716796875
0,711,3.536876678466797,1.4927884340286255,132.18638610839844
0,712,3.6230969429016113,1.419202208518982,132.1931610107422
0,713,3.466007709503174,1.3644951581954956,132.2007598876953
0,714,3.482745885848999,1.396295189857483,132.2079620361328
0,715,3.4154398441314697,1.456062912940979,132.21343994140625
0,716,3.517033100128174,1.4744638204574585,132.22047424316406
0,717,3.515611171722412,1.4642869234085083,132.2290802001953
0,718,3.559328079223633,1.567129373550415,132.23635864257812
0,719,3.544290542602539,1.4595433473587036,132.2435302734375
0,720,3.4792866706848145,1.4918888807296753,132.24986267089844
0,721,3.6780354976654053,1.4895328283309937,132.25527954101562
0,722,3.4361205101013184,1.6363146305084229,132.26272583007812
0,723,3.530463933944702,1.4955300092697144,132.26931762695312
0,724,3.397700786590576,1.4404629468917847,132.2776336669922
0,725,3.4637157917022705,1.448486089706421,132.28298950195312
0,726,3.5730156898498535,1.4874930381774902,132.290283203125
0,727,3.5166139602661133,1.4170405864715576,132.2948760986328
0,728,3.4543168544769287,1.4416357278823853,132.3013916015625
0,729,3.5036630630493164,1.3076255321502686,132.30763244628906
0,730,3.59382963180542,1.3901019096374512,132.31346130371094
0,731,3.555112361907959,1.4310541152954102,132.31988525390625
0,732,3.482212781906128,1.4778324365615845,132.32765197753906
0,733,3.4596734046936035,1.4199966192245483,132.33445739746094
0,734,3.5280351638793945,1.41338312625885,132.34024047851562
0,735,3.515162706375122,1.3262327909469604,132.3457489013672
0,736,3.4797682762145996,1.4751354455947876,132.35194396972656
0,737,3.6221108436584473,1.4918557405471802,132.3582305908203
0,738,3.5736474990844727,1.4380823373794556,132.36439514160156
0,739,3.5176005363464355,1.4160025119781494,132.37062072753906
0,740,3.2820608615875244,1.3618665933609009,132.37767028808594
0,741,3.2837722301483154,1.4041709899902344,132.38417053222656
0,742,3.4371798038482666,1.465792179107666,132.38963317871094
0,743,3.4691035747528076,1.6046184301376343,132.39547729492188
0,744,3.3816308975219727,1.5100544691085815,132.40164184570312
0,745,3.5203754901885986,1.4652631282806396,132.40805053710938
0,746,3.5482404232025146,1.4589259624481201,132.4138946533203
0,747,3.493729829788208,1.5439196825027466,132.420166015625
0,748,3.5494658946990967,1.5129035711288452,132.42709350585938
0,749,3.511749267578125,1.438311219215393,132.43186950683594
0,750,3.292273759841919,1.5475153923034668,132.43731689453125
0,751,3.477912187576294,1.5513697862625122,132.44259643554688
0,752,3.5768773555755615,1.6040617227554321,132.4474334716797
0,753,3.503352165222168,1.5832226276397705,132.45269775390625
0,754,3.3848814964294434,1.5083749294281006,132.45947265625
0,755,3.4628353118896484,1.5386550426483154,132.4650115966797
0,756,3.3713197708129883,1.4913498163223267,132.4712371826172
0,757,3.6036365032196045,1.4454485177993774,132.4758758544922
0,758,3.4793508052825928,1.5437211990356445,132.48147583007812
0,759,3.5115630626678467,1.5184292793273926,132.48658752441406
0,760,3.6182851791381836,1.5617204904556274,132.490966796875
0,761,3.4478864669799805,1.4635429382324219,132.4966278076172
0,762,3.5415923595428467,1.5025639533996582,132.50152587890625
0,763,3.42281436920166,1.5217887163162231,132.5062255859375
0,764,3.399113416671753,1.4613070487976074,132.5117950439453
0,765,3.5603485107421875,1.521901249885559,132.51766967773438
0,766,3.470186948776245,1.5734211206436157,132.52391052246094
0,767,3.578915596008301,1.4795271158218384,132.52914428710938
0,768,3.5003087520599365,1.566418170928955,132.533935546875
0,769,3.3997962474823,1.460009217262268,132.53831481933594
0,770,3.4429771900177,1.4550774097442627,132.54348754882812
0,771,3.5708677768707275,1.5683395862579346,132.54847717285156
0,772,3.5526018142700195,1.554305911064148,132.5525665283203
0,773,3.6121771335601807,1.5937840938568115,132.55657958984375
0,774,3.4548499584198,1.523794412612915,132.56161499023438
0,775,3.5896458625793457,1.5410219430923462,132.5662384033203
0,776,3.466649055480957,1.4366365671157837,132.57257080078125
0,777,3.366105318069458,1.5480455160140991,132.5771484375
0,778,3.6250123977661133,1.4753772020339966,132.58143615722656
0,779,3.615291118621826,1.481960415840149,132.586181640625
0,780,3.6193723678588867,1.5624030828475952,132.59226989746094
0,781,3.6322457790374756,1.5228604078292847,132.59519958496094
0,782,3.4383938312530518,1.4627405405044556,132.5998077392578
0,783,3.4375431537628174,1.5279927253723145,132.60433959960938
0,784,3.5152461528778076,1.4174160957336426,132.60877990722656
0,785,3.4126548767089844,1.4770969152450562,132.61460876464844
0,786,3.407498359680176,1.3994022607803345,132.61764526367188
0,787,3.476318836212158,1.462916612625122,132.6220703125
0,788,3.582209825515747,1.6247408390045166,132.6269073486328
0,789,3.4010002613067627,1.468427300453186,132.63070678710938
0,790,3.5624775886535645,1.5722525119781494,132.6348419189453
0,791,3.4795305728912354,1.5694613456726074,132.63992309570312
0,792,3.550074577331543,1.557515025138855,132.6444091796875
0,793,3.4674251079559326,1.5808007717132568,132.6490478515625
0,794,3.5702030658721924,1.5808488130569458,132.65309143066406
0,795,3.5428388118743896,1.5021201372146606,132.65817260742188
0,796,3.3347268104553223,1.5274219512939453,132.6616668701172
0,797,3.5163168907165527,1.6664113998413086,132.66610717773438
0,798,3.6167349815368652,1.6734400987625122,132.6691131591797
0,799,3.4208598136901855,1.5682313442230225,132.67364501953125
0,800,3.6819117069244385,1.6398944854736328,132.67689514160156
0,801,3.591615915298462,1.6846446990966797,132.67974853515625
0,802,3.4145760536193848,1.496103286743164,132.68414306640625
0,803,3.5317306518554688,1.4672738313674927,132.6875457763672
0,804,3.5279343128204346,1.5176968574523926,132.69093322753906
0,805,3.5707900524139404,1.489081859588623,132.69537353515625
0,806,3.4839043617248535,1.4019328355789185,132.69900512695312
0,807,3.467499256134033,1.5097126960754395,132.70327758789062
0,808,3.5516066551208496,1.565808892250061,132.705322265625
0,809,3.6749842166900635,1.5514380931854248,132.7095184326172
0,810,3.533308506011963,1.550816535949707,132.714111328125
0,811,3.5177083015441895,1.4301259517669678,132.7171173095703
0,812,3.5491812229156494,1.420147180557251,132.7201690673828
0,813,3.456340789794922,1.4642002582550049,132.72372436523438
0,814,3.425818681716919,1.3369410037994385,132.7278594970703
0,815,3.528510570526123,1.4896265268325806,132.7320556640625
0,816,3.6250057220458984,1.6018686294555664,132.7369384765625
0,817,3.5260069370269775,1.4103407859802246,132.74134826660156
0,818,3.5146303176879883,1.546921730041504,132.74462890625
0,819,3.5291807651519775,1.3827106952667236,132.7483673095703
0,820,3.6608126163482666,1.47926926612854,132.75184631347656
0,821,3.4203922748565674,1.4734177589416504,132.7564239501953
0,822,3.4960789680480957,1.5793490409851074,132.76153564453125
0,823,3.456578493118286,1.367482304573059,132.7649383544922
0,824,3.5427324771881104,1.455132246017456,132.76744079589844
0,825,3.424539089202881,1.4266259670257568,132.77072143554688
0,826,3.503744125366211,1.4161803722381592,132.77462768554688
0,827,3.516287088394165,1.457615852355957,132.77987670898438
0,828,3.462933301925659,1.440941572189331,132.78330993652344
0,829,3.5582163333892822,1.4335639476776123,132.7851104736328
0,830,3.552642583847046,1.4654172658920288,132.7899932861328
0,831,3.463486433029175,1.4394572973251343,132.79373168945312
0,832,3.410123109817505,1.5162180662155151,132.79739379882812
0,833,3.322896718978882,1.4330123662948608,132.80072021484375
0,834,3.5526111125946045,1.498252272605896,132.80380249023438
0,835,3.5367062091827393,1.3968342542648315,132.80760192871094
0,836,3.5380663871765137,1.406727910041809,132.81048583984375
0,837,3.354292869567871,1.4141165018081665,132.8126983642578
0,838,3.4748106002807617,1.4801177978515625,132.81661987304688
0,839,3.367614507675171,1.5472266674041748,132.81996154785156
0,840,3.4976646900177,1.4306567907333374,132.82244873046875
0,841,3.4296722412109375,1.5467116832733154,132.82521057128906
0,842,3.3043556213378906,1.4184778928756714,132.8280029296875
0,843,3.332592248916626,1.379801869392395,132.83062744140625
0,844,3.6580634117126465,1.5088779926300049,132.83407592773438
0,845,3.4247095584869385,1.481117844581604,132.8379364013672
0,846,3.5702672004699707,1.5022733211517334,132.84104919433594
0,847,3.732844114303589,1.5952929258346558,132.84580993652344
0,848,3.565552234649658,1.4908394813537598,132.84820556640625
0,849,3.424492120742798,1.5305566787719727,132.8513641357422
0,850,3.3957884311676025,1.5715166330337524,132.8544921875
0,851,3.53354811668396,1.5567381381988525,132.857177734375
0,852,3.5442779064178467,1.5213793516159058,132.86070251464844
0,853,3.4507296085357666,1.5252156257629395,132.864501953125
0,854,3.40918231010437,1.6217623949050903,132.86683654785156
0,855,3.5693559646606445,1.5735430717468262,132.87086486816406
0,856,3.506464719772339,1.5055201053619385,132.87576293945312
0,857,3.3567583560943604,1.407317876815796,132.8807373046875
0,858,3.5361969470977783,1.4519957304000854,132.88536071777344
0,859,3.5771143436431885,1.5020521879196167,132.88877868652344
0,860,3.540802001953125,1.3851386308670044,132.89137268066406
0,861,3.436002731323242,1.3964589834213257,132.8955078125
0,862,3.5818533897399902,1.4149665832519531,132.89935302734375
0,863,3.443406105041504,1.3475396633148193,132.90267944335938
0,864,3.5874571800231934,1.3998329639434814,132.9059600830078
0,865,3.508363962173462,1.4572829008102417,132.908935546875
0,866,3.5765364170074463,1.4433581829071045,132.91184997558594
0,867,3.390416145324707,1.4673320055007935,132.91551208496094
0,868,3.591149091720581,1.535632848739624,132.91830444335938
0,869,3.5894834995269775,1.4654103517532349,132.92059326171875
0,870,3.468226671218872,1.5728243589401245,132.9239959716797
0,871,3.5862021446228027,1.5088860988616943,132.9275360107422
0,872,3.4826879501342773,1.4807472229003906,132.9294891357422
0,873,3.4257311820983887,1.4676637649536133,132.9328155517578
0,874,3.529461622238159,1.3946735858917236,132.93601989746094
0,875,3.4084103107452393,1.3776910305023193,132.93955993652344
0,876,3.5102791786193848,1.5813311338424683,132.94302368164062
0,877,3.439629316329956,1.5194995403289795,132.94651794433594
0,878,3.265319585800171,1.3787777423858643,132.94915771484375
0,879,3.611337661743164,1.5889204740524292,132.95257568359375
0,880,3.6558098793029785,1.5846039056777954,132.9553680419922
0,881,3.5164146423339844,1.5219459533691406,132.95826721191406
0,882,3.586427688598633,1.5469048023223877,132.95985412597656
0,883,3.5559709072113037,1.4786845445632935,132.9622039794922
0,884,3.385002851486206,1.5526530742645264,132.96595764160156
0,885,3.523446559906006,1.5744001865386963,132.96827697753906
0,886,3.4275829792022705,1.69221830368042,132.96864318847656
0,887,3.5384325981140137,1.6027390956878662,132.97259521484375
0,888,3.489133834838867,1.5167418718338013,132.97332763671875
0,889,3.4690511226654053,1.6009199619293213,132.97531127929688
0,890,3.396458864212036,1.5066944360733032,132.97630310058594
0,891,3.492844343185425,1.478699803352356,132.9791717529297
0,892,3.540160894393921,1.5732600688934326,132.98281860351562
0,893,3.441417694091797,1.4000765085220337,132.98471069335938
0,894,3.5419414043426514,1.4842181205749512,132.98818969726562
0,895,3.3806018829345703,1.4390431642532349,132.9909210205078
0,896,3.470308780670166,1.6364953517913818,132.992919921875
0,897,3.5354373455047607,1.5850955247879028,132.9934539794922
0,898,3.392423391342163,1.6080313920974731,132.9948272705078
0,899,3.5306079387664795,1.5306410789489746,132.99667358398438
0,900,3.729423999786377,1.614155650138855,132.99864196777344
0,901,3.422683000564575,1.7472996711730957,133.00015258789062
0,902,3.4212284088134766,1.5741513967514038,133.00357055664062
0,903,3.4805121421813965,1.470866084098816,133.00582885742188
0,904,3.5126259326934814,1.55915105342865,133.007080078125
0,905,3.5623772144317627,1.417597770690918,133.0080108642578
0,906,3.550442695617676,1.5181286334991455,133.0102996826172
0,907,3.408082962036133,1.7405598163604736,133.01284790039062
0,908,3.5448474884033203,1.5357403755187988,133.01609802246094
0,909,3.545879364013672,1.5061060190200806,133.01792907714844
0,910,3.482316493988037,1.4377199411392212,133.0214385986328
0,911,3.463663339614868,1.5275413990020752,133.02613830566406
0,912,3.4667601585388184,1.770966649055481,133.02880859375
0,913,3.4010465145111084,1.3478566408157349,133.03060913085938
0,914,3.5048751831054688,1.4303258657455444,133.03224182128906
0,915,3.463611125946045,1.4293326139450073,133.03221130371094
0,916,3.488510847091675,1.4975601434707642,133.0337677001953
0,917,3.5618603229522705,1.4833791255950928,133.03726196289062
0,918,3.621311664581299,1.5382966995239258,133.0407257080078
0,919,3.494640827178955,1.5801886320114136,133.04367065429688
0,920,3.6674611568450928,1.4502042531967163,133.0462188720703
0,921,3.6058552265167236,1.5092241764068604,133.04835510253906
0,922,3.4626779556274414,1.4192756414413452,133.05108642578125
0,923,3.7403011322021484,1.4677411317825317,133.05319213867188
0,924,3.510448932647705,1.6245927810668945,133.05506896972656
0,925,3.4969348907470703,1.4107153415679932,133.05844116210938
0,926,3.418395757675171,1.4101696014404297,133.0623016357422
0,927,3.296405792236328,1.4694902896881104,133.0641326904297
0,928,3.5364952087402344,1.411860704421997,133.06585693359375
0,929,3.514284610748291,1.4359040260314941,133.067138671875
0,930,3.4011950492858887,1.424466609954834,133.06961059570312
0,931,3.4895946979522705,1.510183572769165,133.072021484375
0,932,3.4700002670288086,1.4250348806381226,133.0745391845703
0,933,3.4303576946258545,1.4043793678283691,133.07725524902344
0,934,3.4020836353302,1.3907451629638672,133.08035278320312
0,935,3.4811599254608154,1.399720311164856,133.0830841064453
0,936,3.5441782474517822,1.3203203678131104,133.08448791503906
0,937,3.5088295936584473,1.3867871761322021,133.0864715576172
0,938,3.4726243019104004,1.5324010848999023,133.08883666992188
0,939,3.5470340251922607,1.3636287450790405,133.08970642089844
0,940,3.5256505012512207,1.3756542205810547,133.09039306640625
0,941,3.3997695446014404,1.4314296245574951,133.0928497314453
0,942,3.5121009349823,1.4265016317367554,133.09423828125
0,943,3.5191166400909424,1.3704463243484497,133.0975341796875
0,944,3.5334994792938232,1.570678949356079,133.10025024414062
0,945,3.443969249725342,1.388688325881958,133.10177612304688
0,946,3.434405565261841,1.5282862186431885,133.10372924804688
0,947,3.4388797283172607,1.485364556312561,133.1060791015625
0,948,3.4916625022888184,1.4782350063323975,133.10775756835938
0,949,3.4105708599090576,1.5349538326263428,133.10894775390625
0,950,3.524512529373169,1.4377176761627197,133.1116180419922
0,951,3.603140115737915,1.5386592149734497,133.11279296875
0,952,3.5340864658355713,1.4541360139846802,133.1139678955078
0,953,3.4881293773651123,1.4871147871017456,133.11537170410156
0,954,3.3297746181488037,1.361974835395813,133.117431640625
0,955,3.4998252391815186,1.3973132371902466,133.11947631835938
0,956,3.3949904441833496,1.454016089439392,133.1214141845703
0,957,3.5370230674743652,1.47359299659729,133.12347412109375
0,958,3.3181567192077637,1.4574321508407593,133.12539672851562
0,959,3.4248173236846924,1.3438838720321655,133.12759399414062
0,960,3.5577142238616943,1.536608338356018,133.12921142578125
0,961,3.5849530696868896,1.4432908296585083,133.13206481933594
0,962,3.4519684314727783,1.4988716840744019,133.1344451904297
0,963,3.5252175331115723,1.4559242725372314,133.13673400878906
0,964,3.587423324584961,1.4918076992034912,133.13876342773438
0,965,3.453927755355835,1.3990615606307983,133.1424102783203
0,966,3.4251902103424072,1.4094411134719849,133.1442108154297
0,967,3.5001583099365234,1.5150518417358398,133.14414978027344
0,968,3.406768321990967,1.4404618740081787,133.1458282470703
0,969,3.567007064819336,1.4761667251586914,133.14813232421875
0,970,3.506436824798584,1.4685639142990112,133.14801025390625
0,971,3.5174059867858887,1.4629536867141724,133.14968872070312
0,972,3.4479660987854004,1.5069010257720947,133.15032958984375
0,973,3.5571117401123047,1.5631486177444458,133.15179443359375
0,974,3.823056936264038,1.5845011472702026,133.1526336669922
0,975,3.462678909301758,1.532418131828308,133.1536865234375
0,976,3.528959035873413,1.558761715888977,133.156005859375
0,977,3.5719316005706787,1.4595884084701538,133.1558380126953
0,978,3.6526262760162354,1.5529019832611084,133.1566162109375
0,979,3.5663249492645264,1.5078247785568237,133.15846252441406
0,980,3.409879446029663,1.4326696395874023,133.16009521484375
0,981,3.4836206436157227,1.507335901260376,133.16195678710938
0,982,3.528247594833374,1.563380241394043,133.1630859375
0,983,3.616757869720459,1.5505614280700684,133.16513061523438
0,984,3.5097036361694336,1.5849112272262573,133.16603088378906
0,985,3.5313665866851807,1.5752861499786377,133.1665802001953
0,986,3.393932580947876,1.5233371257781982,133.1676483154297
0,987,3.610499143600464,1.540440320968628,133.1691436767578
0,988,3.6050164699554443,1.5572874546051025,133.1697998046875
0,989,3.4843642711639404,1.4972686767578125,133.171142578125
0,990,3.4490408897399902,1.5418449640274048,133.17225646972656
0,991,3.4315459728240967,1.4627498388290405,133.175048828125
0,992,3.652261734008789,1.6457514762878418,133.17613220214844
0,993,3.4403443336486816,1.7300050258636475,133.1781005859375
0,994,3.567234754562378,1.6854314804077148,133.17837524414062
0,995,3.5706005096435547,1.6997114419937134,133.1802520751953
0,996,3.515820026397705,1.7834841012954712,133.1818084716797
0,997,3.641845464706421,1.7170509099960327,133.18441772460938
0,998,3.6416144371032715,1.5887495279312134,133.1846466064453
0,999,3.4909520149230957,1.688180685043335,133.1859893798828
0,1000,3.5161261558532715,1.5612468719482422,133.1866455078125
1,1,3.011121988296509,0.863877534866333,0.0
1,2,3.1084675788879395,1.3547803163528442,9.97701358795166
1,3,3.2931957244873047,1.194210410118103,14.091155052185059
1,4,3.0430097579956055,1.3635276556015015,17.23299217224121
1,5,3.200958013534546,1.429560899734497,19.870515823364258
1,6,3.1099514961242676,1.615419864654541,22.184202194213867
1,7,3.0610384941101074,1.556357741355896,24.268625259399414
1,8,3.2999067306518555,1.5937319993972778,26.176700592041016
1,9,3.1767990589141846,1.892958641052246,27.945755004882812
1,10,3.1683285236358643,1.7913157939910889,29.598596572875977
1,11,3.0483415126800537,1.6574759483337402,31.15792465209961
1,12,3.0418612957000732,1.7111034393310547,32.63165283203125
1,13,3.2498514652252197,1.6733816862106323,34.03434371948242
1,14,3.1346004009246826,1.704476237297058,35.374507904052734
1,15,3.1958634853363037,1.893356204032898,36.658729553222656
1,16,3.388287305831909,2.1729180812835693,37.89351272583008
1,17,3.171356678009033,1.8496956825256348,39.08269500732422
1,18,3.2275848388671875,1.9329591989517212,40.23118209838867
1,19,3.249079704284668,1.7883269786834717,41.34184265136719
1,20,3.2307777404785156,1.6738206148147583,42.41664505004883
1,21,3.3611819744110107,1.7668932676315308,43.457759857177734
1,22,3.2838432788848877,1.6653047800064087,44.46867752075195
1,23,3.214931011199951,1.9006445407867432,45.45338439941406
1,24,3.2746739387512207,1.7812530994415283,46.41136169433594
1,25,3.1245856285095215,1.8731752634048462,47.344722747802734
1,26,3.0613906383514404,1.8609790802001953,48.25682830810547
1,27,3.2432663440704346,2.195754051208496,49.14530944824219
1,28,3.128767728805542,1.8841010332107544,50.01119613647461
1,29,3.3204519748687744,2.0536904335021973,50.85871887207031
1,30,3.2648160457611084,1.9074808359146118,51.68739318847656
1,31,3.396923065185547,2.1533286571502686,52.500694274902344
1,32,3.1984691619873047,2.096642255783081,53.29612350463867
1,33,3.2796449661254883,2.1815590858459473,54.07536697387695
1,34,3.343393087387085,2.34253191947937,54.83857345581055
1,35,3.349428415298462,2.542510986328125,55.58664321899414
1,36,3.1777753829956055,2.2440977096557617,56.32170867919922
1,37,3.41123104095459,2.2687907218933105,57.0437126159668
1,38,3.328291893005371,2.1576828956604004,57.752601623535156
1,39,3.4122581481933594,2.0965449810028076,58.449012756347656
1,40,3.2824018001556396,2.080286741256714,59.132469177246094
1,41,3.2691569328308105,2.2089080810546875,59.80535125732422
1,42,3.3796656131744385,2.1290948390960693,60.464900970458984
1,43,3.323612928390503,2.2130799293518066,61.114566802978516
1,44,3.1895546913146973,2.005998373031616,61.756072998046875
1,45,3.225874900817871,2.2838387489318848,62.3853645324707
1,46,3.3242812156677246,2.585899591445923,63.0035400390625
1,47,3.1882870197296143,2.6516621112823486,63.61381912231445
1,48,3.405364751815796,3.136399745941162,64.21636199951172
1,49,3.4329721927642822,2.450326681137085,64.80907440185547
1,50,3.3832013607025146,2.712625503540039,65.39501953125
1,51,3.4223198890686035,2.3941969871520996,65.9702377319336
1,52,3.2841010093688965,2.3501930236816406,66.53848266601562
1,53,3.4514808654785156,2.440412998199463,67.09855651855469
1,54,3.333068370819092,2.1437110900878906,67.65084838867188
1,55,3.1642158031463623,2.3441262245178223,68.1948471069336
1,56,3.3912811279296875,2.361884832382202,68.73220825195312
1,57,3.274937152862549,2.034269094467163,69.26236724853516
1,58,3.536195993423462,2.127121925354004,69.78694915771484
1,59,3.3267478942871094,2.170114278793335,70.30367279052734
1,60,3.3429994583129883,2.2426910400390625,70.81188201904297
1,61,3.297525405883789,2.864133358001709,71.31474304199219
1,62,3.3172760009765625,2.4667744636535645,71.81204223632812
1,63,3.329261064529419,2.360830545425415,72.30204010009766
1,64,3.533201217651367,2.5856895446777344,72.7859115600586
1,65,3.231433153152466,2.305187225341797,73.26402282714844
1,66,3.4793448448181152,2.387643337249756,73.73701477050781
1,67,3.47356915473938,2.330789566040039,74.20533752441406
1,68,3.3423051834106445,1.9908299446105957,74.66808319091797
1,69,3.2396960258483887,2.11741042137146,75.12388610839844
1,70,3.441943883895874,2.070986032485962,75.5748062133789
1,71,3.4430928230285645,2.516281843185425,76.01992797851562
1,72,3.4098126888275146,2.672985553741455,76.45994567871094
1,73,3.3667373657226562,2.402926206588745,76.8976058959961
1,74,3.382248878479004,2.3494858741760254,77.32884979248047
1,75,3.4091310501098633,2.3420019149780273,77.75569915771484
1,76,3.380573272705078,2.146986722946167,78.17850494384766
1,77,3.3872873783111572,2.1760194301605225,78.59431457519531
1,78,3.2020318508148193,2.066295623779297,79.00502014160156
1,79,3.6047754287719727,2.453043222427368,79.41255950927734
1,80,3.303621530532837,2.2381949424743652,79.81591033935547
1,81,3.5742578506469727,2.2115097045898438,80.21336364746094
1,82,3.4063637256622314,2.1792774200439453,80.60961151123047
1,83,3.2380356788635254,2.2633962631225586,80.9991455078125
1,84,3.423154592514038,2.556779146194458,81.38615417480469
1,85,3.442466974258423,2.444891929626465,81.77093505859375
1,86,3.3723411560058594,2.209135055541992,82.14989471435547
1,87,3.468895673751831,2.5961623191833496,82.52375030517578
1,88,3.4257092475891113,2.478267192840576,82.8951187133789
1,89,3.3027400970458984,2.589567184448242,83.26226043701172
1,90,3.478285789489746,2.480236768722534,83.6273193359375
1,91,3.3512673377990723,2.32283091545105,83.98778533935547
1,92,3.3751347064971924,2.1508657932281494,84.3443832397461
1,93,3.2808680534362793,2.132089138031006,84.69667053222656
1,94,3.4964325428009033,2.397109031677246,85.04566955566406
1,95,3.398541212081909,2.2839150428771973,85.39102935791016
1,96,3.4532711505889893,2.2180700302124023,85.73593139648438
1,97,3.5436809062957764,2.46799635887146,86.07642364501953
1,98,3.5543127059936523,2.1964364051818848,86.41387176513672
1,99,3.4102158546447754,2.3423759937286377,86.74664306640625
1,100,3.416038990020752,2.1888458728790283,87.07575988769531
1,101,3.5543086528778076,2.3272206783294678,87.40351104736328
1,102,3.3507652282714844,2.2072620391845703,87.72801208496094
1,103,3.636064291000366,2.5878727436065674,88.05077362060547
1,104,3.430793523788452,2.5820207595825195,88.37078094482422
1,105,3.4678738117218018,2.402308225631714,88.68777465820312
1,106,3.329789161682129,2.676135778427124,88.9990234375
1,107,3.4601118564605713,2.3812925815582275,89.30848693847656
1,108,3.641219139099121,2.6477832794189453,89.61449432373047
1,109,3.3105437755584717,2.4508602619171143,89.91908264160156
1,110,3.5687358379364014,2.530602216720581,90.22098541259766
1,111,3.566624641418457,2.3745694160461426,90.51927185058594
1,112,3.472581148147583,2.4317855834960938,90.8155746459961
1,113,3.5778746604919434,2.457306385040283,91.10834503173828
1,114,3.4398033618927,2.117431402206421,91.39769744873047
1,115,3.3714840412139893,2.470137596130371,91.68618774414062
1,116,3.501713752746582,2.489802360534668,91.97035217285156
1,117,3.3628501892089844,2.4160187244415283,92.25465393066406
1,118,3.528223752975464,2.679961919784546,92.53538513183594
1,119,3.4867165088653564,2.532876968383789,92.81416320800781
1,120,3.4503092765808105,2.4399044513702393,93.09034729003906
1,121,3.517259359359741,2.466756820678711,93.36382293701172
1,122,3.423166275024414,2.463188648223877,93.63478088378906
1,123,3.461254119873047,2.5196728706359863,93.90524291992188
1,124,3.5834131240844727,2.7090864181518555,94.1738052368164
1,125,3.5529520511627197,2.577404499053955,94.43782043457031
1,126,3.6962263584136963,2.6975107192993164,94.69991302490234
1,127,3.505345344543457,2.513881206512451,94.96099853515625
1,128,3.31746768951416,2.6937754154205322,95.21991729736328
1,129,3.589165449142456,2.8904387950897217,95.47628021240234
1,130,3.5003488063812256,2.6364073753356934,95.73106384277344
1,131,3.523308515548706,2.3902361392974854,95.98285675048828
1,132,3.5135457515716553,2.2852354049682617,96.23323059082031
1,133,3.3043699264526367,2.194411516189575,96.48241424560547
1,134,3.4622461795806885,2.1883461475372314,96.72852325439453
1,135,3.5024476051330566,2.1184659004211426,96.97145080566406
1,136,3.6435012817382812,2.417357921600342,97.21239471435547
1,137,3.4262893199920654,2.1743104457855225,97.45194244384766
1,138,3.387662887573242,2.2676520347595215,97.69155883789062
1,139,3.6638882160186768,2.3278861045837402,97.92863464355469
1,140,3.503657817840576,2.201822519302368,98.16468811035156
1,141,3.462597370147705,2.320754289627075,98.39823913574219
1,142,3.4842240810394287,2.2055869102478027,98.62761688232422
1,143,3.548643112182617,2.16558837890625,98.85684967041016
1,144,3.442065477371216,2.2059905529022217,99.08514404296875
1,145,3.4652082920074463,2.1535098552703857,99.3104019165039
1,146,3.387693166732788,2.1198208332061768,99.53462219238281
1,147,3.5000157356262207,2.4638261795043945,99.756591796875
1,148,3.424304962158203,2.2787115573883057,99.97789001464844
1,149,3.559276580810547,2.2485127449035645,100.19571685791016
1,150,3.4324538707733154,2.2031190395355225,100.4112777709961
1,151,3.4555776119232178,2.1566433906555176,100.62565612792969
1,152,3.3316056728363037,2.0940651893615723,100.83843994140625
1,153,3.470984697341919,2.2660164833068848,101.04824829101562
1,154,3.3970463275909424,2.2058169841766357,101.25830078125
1,155,3.520272970199585,2.336728572845459,101.46498107910156
1,156,3.4420063495635986,2.092656135559082,101.67076110839844
1,157,3.3577866554260254,2.101531982421875,101.8759994506836
1,158,3.545076608657837,2.2424962520599365,102.07937622070312
1,159,3.4198219776153564,2.3822591304779053,102.2816390991211
1,160,3.653146505355835,2.4081761837005615,102.48191833496094
1,161,3.4653756618499756,2.118034601211548,102.68089294433594
1,162,3.6875596046447754,2.514037609100342,102.87931060791016
1,163,3.387530565261841,2.330742597579956,103.07572937011719
1,164,3.483095169067383,2.285897731781006,103.27166748046875
1,165,3.477001667022705,2.143451452255249,103.4645004272461
1,166,3.604825496673584,2.237238883972168,103.6556167602539
1,167,3.5258677005767822,2.2089626789093018,103.84619140625
1,168,3.4866061210632324,2.1818671226501465,104.03494262695312
1,169,3.5694355964660645,2.2858970165252686,104.22361755371094
1,170,3.5663061141967773,2.3857691287994385,104.4090347290039
1,171,3.539881467819214,2.417842149734497,104.59288787841797
1,172,3.4397642612457275,2.2800896167755127,104.7774429321289
1,173,3.538606882095337,2.2144055366516113,104.9590072631836
1,174,3.493504047393799,2.0642714500427246,105.14067840576172
1,175,3.5259110927581787,2.270803928375244,105.32015228271484
1,176,3.34013032913208,2.15248703956604,105.49751281738281
1,177,3.5622639656066895,2.272831439971924,105.6747055053711
1,178,3.5128257274627686,2.241482734680176,105.85028076171875
1,179,3.586635112762451,2.352091073989868,106.0235824584961
1,180,3.4633736610412598,2.2116150856018066,106.19574737548828
1,181,3.426065683364868,2.142681121826172,106.36857604980469
1,182,3.604111433029175,2.4719555377960205,106.53811645507812
1,183,3.5067431926727295,2.2094521522521973,106.70760345458984
1,184,3.4940953254699707,2.292820692062378,106.87464141845703
1,185,3.43776273727417,2.114562749862671,107.04022979736328
1,186,3.5232317447662354,2.2333035469055176,107.20722198486328
1,187,3.529055118560791,2.1885929107666016,107.37067413330078
1,188,3.5214672088623047,2.2785122394561768,107.53485107421875
1,189,3.6047613620758057,2.122424840927124,107.695068359375
1,190,3.3985540866851807,2.108686923980713,107.85684204101562
1,191,3.4658820629119873,2.0221774578094482,108.0155258178711
1,192,3.561579465866089,2.233675956726074,108.17485046386719
1,193,3.488739013671875,2.2104110717773438,108.33245086669922
1,194,3.537734270095825,2.203634262084961,108.48870086669922
1,195,3.4850356578826904,2.0131518840789795,108.64277648925781
1,196,3.633481502532959,2.211491823196411,108.79747772216797
1,197,3.6265530586242676,2.06268572807312,108.95172882080078
1,198,3.3425135612487793,2.0356693267822266,109.10404205322266
1,199,3.421820640563965,2.006258726119995,109.25369262695312
1,200,3.6064865589141846,2.0496973991394043,109.40518951416016
1,201,3.5926265716552734,2.0489044189453125,109.55371856689453
1,202,3.5120513439178467,1.913419246673584,109.70206451416016
1,203,3.3783981800079346,2.0979998111724854,109.84807586669922
1,204,3.522050142288208,1.9305343627929688,109.99601745605469
1,205,3.5359883308410645,1.9612095355987549,110.140625
1,206,3.6592559814453125,2.102869749069214,110.28531646728516
1,207,3.645508289337158,2.1615042686462402,110.42936706542969
1,208,3.553169012069702,2.09720516204834,110.57057189941406
1,209,3.473358154296875,2.0466465950012207,110.711181640625
1,210,3.6514081954956055,2.1464784145355225,110.8514404296875
1,211,3.3357980251312256,2.012646436691284,110.98922729492188
1,212,3.426859140396118,2.0824921131134033,111.12727355957031
1,213,3.3620104789733887,2.0273211002349854,111.2640609741211
1,214,3.5211665630340576,1.9256285429000854,111.40144348144531
1,215,3.436974048614502,1.9430171251296997,111.53665924072266
1,216,3.404221773147583,2.087451696395874,111.66986083984375
1,217,3.606052875518799,2.043905258178711,111.80294799804688
1,218,3.528272867202759,2.0457005500793457,111.93472290039062
1,219,3.5960285663604736,2.0243961811065674,112.06719970703125
1,220,3.4929275512695312,2.0008480548858643,112.19812774658203
1,221,3.602654457092285,2.1756203174591064,112.32827758789062
1,222,3.5099754333496094,2.1029930114746094,112.45738220214844
1,223,3.306530237197876,1.9582560062408447,112.58509826660156
1,224,3.556993007659912,1.9758456945419312,112.7129135131836
1,225,3.356036424636841,1.812536358833313,112.84009552001953
1,226,3.59938383102417,1.9693965911865234,112.96438598632812
1,227,3.4606614112854004,1.9193944931030273,113.08873748779297
1,228,3.3938302993774414,1.9053027629852295,113.21292114257812
1,229,3.5100300312042236,1.9530502557754517,113.33563995361328
1,230,3.3783133029937744,1.7232531309127808,113.4576416015625
1,231,3.341804027557373,1.7001715898513794,113.5798110961914
1,232,3.435352087020874,1.8393383026123047,113.69840240478516
1,233,3.52766489982605,1.883866786956787,113.81791687011719
1,234,3.347891330718994,1.8324428796768188,113.9390640258789
1,235,3.4855306148529053,1.8791028261184692,114.0584716796875
1,236,3.5352818965911865,1.7765814065933228,114.17642974853516
1,237,3.406219959259033,1.8458372354507446,114.2938003540039
1,238,3.439100742340088,1.8155622482299805,114.40794372558594
1,239,3.3641655445098877,1.8022297620773315,114.52323150634766
1,240,3.599705934524536,1.821223497390747,114.6385726928711
1,241,3.5316274166107178,1.767032265663147,114.75159454345703
1,242,3.52276873588562,1.710915207862854,114.8657455444336
1,243,3.4786014556884766,1.7662220001220703,114.97687530517578
1,244,3.298534393310547,1.7112693786621094,115.08847045898438
1,245,3.5515036582946777,1.9059728384017944,115.19984436035156
1,246,3.6339941024780273,1.8310664892196655,115.30947875976562
1,247,3.5189545154571533,1.9753754138946533,115.41999053955078
1,248,3.506765127182007,1.8701972961425781,115.52715301513672
1,249,3.5360798835754395,1.8752537965774536,115.6354751586914
1,250,3.6028361320495605,1.8007452487945557,115.7417984008789
1,251,3.43464994430542,1.8366355895996094,115.84854888916016
1,252,3.58040189743042,1.9386143684387207,115.95496368408203
1,253,3.301619529724121,1.8497685194015503,116.06047821044922
1,254,3.5707180500030518,1.9512155055999756,116.16529846191406
1,255,3.431569814682007,1.8222700357437134,116.2687759399414
1,256,3.479698657989502,1.8561040163040161,116.3725814819336
1,257,3.6264872550964355,1.9435458183288574,116.47425842285156
1,258,3.516493558883667,1.8484257459640503,116.57539367675781
1,259,3.461345672607422,1.7750353813171387,116.67455291748047
1,260,3.5440495014190674,2.265622854232788,116.77381134033203
1,261,3.510439395904541,1.9029343128204346,116.87203216552734
1,262,3.4685521125793457,1.7500163316726685,116.97129821777344
1,263,3.511230707168579,1.8749805688858032,117.0689468383789
1,264,3.374540328979492,1.8444558382034302,117.16618347167969
1,265,3.3721108436584473,1.6865653991699219,117.2643051147461
1,266,3.6481218338012695,2.093752145767212,117.36119079589844
1,267,3.56817364692688,1.8628029823303223,117.45703887939453
1,268,3.3438808917999268,1.8219586610794067,117.55301666259766
1,269,3.538026809692383,1.7984652519226074,117.64811706542969
1,270,3.4853708744049072,1.898569107055664,117.7419662475586
1,271,3.4870285987854004,1.8177117109298706,117.83528900146484
1,272,3.3920204639434814,1.777188777923584,117.92819213867188
1,273,3.5549044609069824,1.8856836557388306,118.02095031738281
1,274,3.7261788845062256,1.958253026008606,118.11353302001953
1,275,3.601079225540161,1.9388755559921265,118.20484924316406
1,276,3.5053768157958984,1.8300602436065674,118.29634857177734
1,277,3.540696144104004,1.7690619230270386,118.38507843017578
1,278,3.4837911128997803,2.01540207862854,118.47547912597656
1,279,3.578508138656616,1.8507119417190552,118.56575012207031
1,280,3.593251943588257,1.8990294933319092,118.65404510498047
1,281,3.587419271469116,1.8799517154693604,118.74153900146484
1,282,3.515422821044922,1.8002156019210815,118.82913970947266
1,283,3.592444896697998,2.039680242538452,118.91319274902344
1,284,3.5511231422424316,1.7873830795288086,119.0013198852539
1,285,3.5490918159484863,1.9322657585144043,119.08679962158203
1,286,3.505146026611328,1.8409343957901,119.17179870605469
1,287,3.486316680908203,1.9957175254821777,119.25655364990234
1,288,3.440253973007202,2.0137996673583984,119.34186553955078
1,289,3.51932954788208,1.9527904987335205,119.4243392944336
1,290,3.585456132888794,1.8470096588134766,119.50684356689453
1,291,3.518178701400757,1.944158911705017,119.58833312988281
1,292,3.4244887828826904,1.8396832942962646,119.67214965820312
1,293,3.4420111179351807,1.9034357070922852,119.75345611572266
1,294,3.553551435470581,1.942710280418396,119.833984375
1,295,3.3959062099456787,1.8758420944213867,119.91423797607422
1,296,3.4540059566497803,1.7671476602554321,119.99323272705078
1,297,3.613579034805298,1.82705819606781,120.07308197021484
1,298,3.376223087310791,1.8162885904312134,120.15251159667969
1,299,3.4606196880340576,1.8431247472763062,120.23126220703125
1,300,3.5721635818481445,1.9612903594970703,120.30846405029297
1,301,3.49060320854187,2.011035442352295,120.38470458984375
1,302,3.562716007232666,2.049868106842041,120.46210479736328
1,303,3.6343154907226562,2.133419990539551,120.5377426147461
1,304,3.513026475906372,1.9289815425872803,120.61438751220703
1,305,3.429655075073242,1.9104385375976562,120.68803405761719
1,306,3.53092098236084,1.844345211982727,120.76066589355469
1,307,3.592708110809326,1.983933925628662,120.83454895019531
1,308,3.471052885055542,1.9181509017944336,120.908447265625
1,309,3.6214802265167236,1.8334927558898926,120.98204040527344
1,310,3.5779812335968018,1.7800360918045044,121.05277252197266
1,311,3.5354063510894775,1.7550443410873413,121.1255111694336
1,312,3.651003122329712,1.8917872905731201,121.19831848144531
1,313,3.532111644744873,1.806758165359497,121.26851654052734
1,314,3.3571224212646484,1.6458207368850708,121.3419418334961
1,315,3.4331822395324707,1.819285273551941,121.41316223144531
1,316,3.5368034839630127,1.7172077894210815,121.48272705078125
1,317,3.542100191116333,1.8309658765792847,121.55184936523438
1,318,3.614992618560791,1.773119330406189,121.62117004394531
1,319,3.5552268028259277,1.701002836227417,121.6900863647461
1,320,3.4218685626983643,1.665726900100708,121.75946807861328
1,321,3.45550274848938,1.6518969535827637,121.82830047607422
1,322,3.4071147441864014,1.6334227323532104,121.89756774902344
1,323,3.560370683670044,1.7125786542892456,121.96582794189453
1,324,3.5588512420654297,1.6511000394821167,122.03327941894531
1,325,3.5368688106536865,1.7280269861221313,122.09877014160156
1,326,3.5514450073242188,1.6580742597579956,122.1650619506836
1,327,3.455306053161621,1.7318289279937744,122.23072052001953
1,328,3.4484457969665527,1.6872923374176025,122.29608154296875
1,329,3.5301473140716553,1.6833887100219727,122.360595703125
1,330,3.4940879344940186,1.725988745689392,122.42497253417969
1,331,3.5803303718566895,1.8442928791046143,122.48808288574219
1,332,3.494133949279785,1.79633367061615,122.55194854736328
1,333,3.477816104888916,1.6853514909744263,122.61604309082031
1,334,3.629014730453491,1.7737184762954712,122.67964172363281
1,335,3.669861078262329,1.7082083225250244,122.74391174316406
1,336,3.25978946685791,1.6820255517959595,122.80386352539062
1,337,3.5034353733062744,1.6710774898529053,122.86498260498047
1,338,3.3792920112609863,1.6338576078414917,122.92794036865234
1,339,3.5235986709594727,1.6191731691360474,122.98837280273438
1,340,3.41322660446167,1.7209316492080688,123.0485610961914
1,341,3.3989009857177734,1.7537322044372559,123.10760498046875
1,342,3.5792529582977295,1.800796627998352,123.16767120361328
1,343,3.554473400115967,1.7729860544204712,123.2258529663086
1,344,3.4072933197021484,1.7188094854354858,123.28400421142578
1,345,3.706051826477051,1.605782389640808,123.34368896484375
1,346,3.4412078857421875,1.5852220058441162,123.40202331542969
1,347,3.379934549331665,1.6504758596420288,123.4592056274414
1,348,3.4700121879577637,1.7198764085769653,123.51676940917969
1,349,3.5963542461395264,1.8204151391983032,123.57401275634766
1,350,3.5212507247924805,1.6376677751541138,123.63008117675781
1,351,3.507861614227295,1.6651637554168701,123.68839263916016
1,352,3.5188584327697754,1.771527886390686,123.74505615234375
1,353,3.6801536083221436,1.6957752704620361,123.80175018310547
1,354,3.4577348232269287,1.672919750213623,123.85811614990234
1,355,3.4571385383605957,1.693503499031067,123.91348266601562
1,356,3.6118102073669434,1.67258620262146,123.96951293945312
1,357,3.5789682865142822,1.6986162662506104,124.0247802734375
1,358,3.4559214115142822,1.6960577964782715,124.07977294921875
1,359,3.6253626346588135,1.936577320098877,124.13340759277344
1,360,3.471409797668457,1.6951513290405273,124.18646240234375
1,361,3.4556565284729004,1.7903677225112915,124.24064636230469
1,362,3.5451273918151855,1.7142345905303955,124.29273223876953
1,363,3.5408523082733154,1.6811237335205078,124.34520721435547
1,364,3.527996301651001,1.5903280973434448,124.39732360839844
1,365,3.370948553085327,1.598506212234497,124.44947814941406
1,366,3.5684049129486084,1.5968979597091675,124.50048065185547
1,367,3.5269858837127686,1.7243038415908813,124.55355834960938
1,368,3.490140199661255,1.6471443176269531,124.6059341430664
1,369,3.510754108428955,1.5799551010131836,124.65750122070312
1,370,3.5627048015594482,1.5963176488876343,124.70787811279297
1,371,3.502105236053467,1.613453984260559,124.76061248779297
1,372,3.4299099445343018,1.575564980506897,124.81214904785156
1,373,3.5243184566497803,1.6751340627670288,124.8609848022461
1,374,3.2684788703918457,1.5155761241912842,124.9100341796875
1,375,3.5919642448425293,1.6728837490081787,124.95966339111328
1,376,3.362917900085449,1.5350650548934937,125.00841522216797
1,377,3.566826105117798,1.532976746559143,125.05580139160156
1,378,3.4242639541625977,1.516412377357483,125.10332489013672
1,379,3.571129560470581,1.5897328853607178,125.15028381347656
1,380,3.3548948764801025,1.511543869972229,125.19741821289062
1,381,3.592893362045288,1.5886999368667603,125.24439239501953
1,382,3.413377285003662,1.6029592752456665,125.29087829589844
1,383,3.545652151107788,1.5602153539657593,125.33810424804688
1,384,3.4641122817993164,1.5139795541763306,125.38511657714844
1,385,3.529794692993164,1.5446441173553467,125.43206787109375
1,386,3.558720111846924,1.7583096027374268,125.47771453857422
1,387,3.470111608505249,1.7542680501937866,125.5239028930664
1,388,3.5105133056640625,1.6862746477127075,125.56991577148438
1,389,3.396787643432617,1.7067108154296875,125.61518096923828
1,390,3.4397082328796387,1.664002776145935,125.65962219238281
1,391,3.6277637481689453,1.7851200103759766,125.70361328125
1,392,3.46272349357605,1.7388638257980347,125.74686431884766
1,393,3.5916173458099365,1.7961848974227905,125.7906265258789
1,394,3.547842502593994,1.67625093460083,125.83412170410156
1,395,3.556328296661377,1.5582529306411743,125.87722778320312
1,396,3.473086357116699,1.5756415128707886,125.9227066040039
1,397,3.3275270462036133,1.5646562576293945,125.9652328491211
1,398,3.487632989883423,1.6052749156951904,126.00798034667969
1,399,3.4325249195098877,1.6386562585830688,126.05126953125
1,400,3.469355344772339,1.6338211297988892,126.09474182128906
1,401,3.505143404006958,1.5449063777923584,126.1375732421875
1,402,3.5057413578033447,1.588351845741272,126.18108367919922
1,403,3.677741527557373,1.626206874847412,126.22361755371094
1,404,3.552873373031616,1.577142357826233,126.2645034790039
1,405,3.463402509689331,1.6472481489181519,126.30570983886719
1,406,3.4536876678466797,1.6122894287109375,126.3472671508789
1,407,3.486354351043701,1.6208988428115845,126.38802337646484
1,408,3.4363648891448975,1.5498765707015991,126.42877960205078
1,409,3.4806888103485107,1.6180249452590942,126.46986389160156
1,410,3.4812943935394287,1.758502721786499,126.50894927978516
1,411,3.416602373123169,1.5333176851272583,126.54837799072266
1,412,3.4513871669769287,1.6189380884170532,126.58802795410156
1,413,3.4269444942474365,1.525080919265747,126.6261215209961
1,414,3.489321231842041,1.5927469730377197,126.66464233398438
1,415,3.6556408405303955,1.517898440361023,126.7039794921875
1,416,3.4663143157958984,1.5077509880065918,126.74281311035156
1,417,3.572105646133423,1.4761006832122803,126.78174591064453
1,418,3.5695276260375977,1.4484318494796753,126.82099151611328
1,419,3.5343568325042725,1.554902195930481,126.85818481445312
1,420,3.4174447059631348,1.5017149448394775,126.8965835571289
1,421,3.4086756706237793,1.5896109342575073,126.9347152709961
1,422,3.5095479488372803,1.475248098373413,126.97152709960938
1,423,3.4836130142211914,1.465462565422058,127.00699615478516
1,424,3.5056865215301514,1.4938499927520752,127.04439544677734
1,425,3.3719561100006104,1.3924365043640137,127.08186340332031
1,426,3.342725992202759,1.4474085569381714,127.11732482910156
1,427,3.3006277084350586,1.3774539232254028,127.15486907958984
1,428,3.363797903060913,1.4051406383514404,127.19247436523438
1,429,3.4205610752105713,1.4290813207626343,127.2284164428711
1,430,3.4755308628082275,1.5433889627456665,127.26338958740234
1,431,3.441354751586914,1.5645498037338257,127.29814147949219
1,432,3.5536229610443115,1.4824535846710205,127.33253479003906
1,433,3.412513494491577,1.4743469953536987,127.3667984008789
1,434,3.5414013862609863,1.5829949378967285,127.4011001586914
1,435,3.4096100330352783,1.5155396461486816,127.4358139038086
1,436,3.4154088497161865,1.5854486227035522,127.4679946899414
1,437,3.5286476612091064,1.5851491689682007,127.50293731689453
1,438,3.42209529876709,1.5140024423599243,127.53680419921875
1,439,3.5266783237457275,1.3871372938156128,127.5710220336914
1,440,3.685143232345581,1.5221015214920044,127.6054458618164
1,441,3.492830514907837,1.4573643207550049,127.63959503173828
1,442,3.50634765625,1.5501452684402466,127.67259216308594
1,443,3.4109013080596924,1.6422405242919922,127.70549011230469
1,444,3.579925060272217,1.6994389295578003,127.73845672607422
1,445,3.5290791988372803,1.5616034269332886,127.77230834960938
1,446,3.4773831367492676,1.5964195728302002,127.80547332763672
1,447,3.5364885330200195,1.4676471948623657,127.83879852294922
1,448,3.314152956008911,1.4351340532302856,127.87073516845703
1,449,3.676704168319702,1.5733813047409058,127.90213775634766
1,450,3.516425132751465,1.5300003290176392,127.93359375
1,451,3.4526610374450684,1.5760160684585571,127.96540832519531
1,452,3.4768762588500977,1.4128201007843018,127.9972915649414
1,453,3.609434127807617,1.554549217224121,128.0276641845703
1,454,3.43222975730896,1.4259166717529297,128.05966186523438
1,455,3.3808789253234863,1.469539761543274,128.09036254882812
1,456,3.5346245765686035,1.5442789793014526,128.1202392578125
1,457,3.5136795043945312,1.6708977222442627,128.15054321289062
1,458,3.3340208530426025,1.5699249505996704,128.17958068847656
1,459,3.2588276863098145,1.550383448600769,128.2090606689453
1,460,3.3754992485046387,1.6281968355178833,128.23849487304688
1,461,3.5383481979370117,1.672937035560608,128.26840209960938
1,462,3.5108282566070557,1.6776782274246216,128.2982940673828
1,463,3.623180627822876,1.900117039680481,128.32785034179688
1,464,3.428175449371338,1.4885543584823608,128.35906982421875
1,465,3.3842878341674805,1.613735556602478,128.38809204101562
1,466,3.4020438194274902,1.5839061737060547,128.4171142578125
1,467,3.458548069000244,1.6838815212249756,128.4457244873047
1,468,3.4540903568267822,1.594824194908142,128.4744415283203
1,469,3.628359317779541,1.5657405853271484,128.50282287597656
1,470,3.387127637863159,1.6050645112991333,128.53054809570312
1,471,3.365863561630249,1.5771458148956299,128.55755615234375
1,472,3.4484245777130127,1.5995049476623535,128.5861358642578
1,473,3.6175920963287354,1.734015703201294,128.61305236816406
1,474,3.4815642833709717,1.663132905960083,128.64056396484375
1,475,3.478407382965088,1.527687668800354,128.66830444335938
1,476,3.5904369354248047,1.7318806648254395,128.6955108642578
1,477,3.553971767425537,1.610740065574646,128.72096252441406
1,478,3.508178472518921,1.6104787588119507,128.74745178222656
1,479,3.5460622310638428,1.5548282861709595,128.77439880371094
1,480,3.296884536743164,1.5291963815689087,128.8013153076172
1,481,3.5268771648406982,1.5746525526046753,128.82806396484375
1,482,3.5093724727630615,1.5944799184799194,128.8545379638672
1,483,3.596531867980957,1.4965919256210327,128.88168334960938
1,484,3.534240961074829,1.644179344177246,128.9098358154297
1,485,3.5539212226867676,1.5686774253845215,128.93426513671875
1,486,3.3917157649993896,1.4883465766906738,128.9582977294922
1,487,3.5675902366638184,1.5605844259262085,128.98300170898438
1,488,3.524111747741699,1.6596628427505493,129.00921630859375
1,489,3.3757407665252686,1.5694401264190674,129.03550720214844
1,490,3.471341371536255,1.6367902755737305,129.06178283691406
1,491,3.3957271575927734,1.6115070581436157,129.08767700195312
1,492,3.4138271808624268,1.5387400388717651,129.1129608154297
1,493,3.578500986099243,1.6237659454345703,129.1377716064453
1,494,3.687281847000122,1.6345596313476562,129.16111755371094
1,495,3.4185736179351807,1.6174596548080444,129.18585205078125
1,496,3.526644706726074,1.7417418956756592,129.21102905273438
1,497,3.4218127727508545,1.6008198261260986,129.23464965820312
1,498,3.5141983032226562,1.6200803518295288,129.25901794433594
1,499,3.4081645011901855,1.6203128099441528,129.281494140625
1,500,3.478224277496338,1.6828960180282593,129.30494689941406
1,501,3.4206693172454834,1.685922384262085,129.32728576660156
1,502,3.4990313053131104,1.6266515254974365,129.35064697265625
1,503,3.5884950160980225,1.7520809173583984,129.37451171875
1,504,3.5725364685058594,1.627811312675476,129.3976593017578
1,505,3.5869743824005127,1.6918541193008423,129.42044067382812
1,506,3.546837329864502,1.5512559413909912,129.44483947753906
1,507,3.5362050533294678,1.6728309392929077,129.46707153320312
1,508,3.5162880420684814,1.5518549680709839,129.49098205566406
1,509,3.5925066471099854,1.7500020265579224,129.5138397216797
1,510,3.5772664546966553,1.6355280876159668,129.5366973876953
1,511,3.6460041999816895,1.7112785577774048,129.55955505371094
1,512,3.5194716453552246,1.6432868242263794,129.58030700683594
1,513,3.5804686546325684,1.5013688802719116,129.60426330566406
1,514,3.536820888519287,1.629958152770996,129.6255645751953
1,515,3.4120161533355713,1.5435962677001953,129.64715576171875
1,516,3.6357674598693848,1.6847882270812988,129.66746520996094
1,517,3.418684959411621,1.7398192882537842,129.6882781982422
1,518,3.4343886375427246,1.6030242443084717,129.70814514160156
1,519,3.509298324584961,1.5172311067581177,129.7292938232422
1,520,3.435839891433716,1.5458918809890747,129.75006103515625
1,521,3.539675712585449,1.599098563194275,129.7703094482422
1,522,3.544161796569824,1.6180658340454102,129.79144287109375
1,523,3.4892120361328125,1.6035003662109375,129.81130981445312
1,524,3.4624595642089844,1.5958375930786133,129.83070373535156
1,525,3.335616111755371,1.541996717453003,129.8523712158203
1,526,3.61586594581604,1.6457864046096802,129.8717498779297
1,527,3.473508596420288,1.6343759298324585,129.89208984375
1,528,3.515410900115967,1.604570984840393,129.91360473632812
1,529,3.3350207805633545,1.6842752695083618,129.93325805664062
1,530,3.5168025493621826,1.8570727109909058,129.95330810546875
1,531,3.541459798812866,1.6181215047836304,129.97296142578125
1,532,3.4344050884246826,1.7469762563705444,129.9926300048828
1,533,3.533858060836792,1.7961156368255615,130.0124053955078
1,534,3.547462224960327,1.5844240188598633,130.03085327148438
1,535,3.51554799079895,1.4897195100784302,130.0485076904297
1,536,3.5535178184509277,1.5916900634765625,130.06723022460938
1,537,3.5117383003234863,1.6246631145477295,130.08726501464844
1,538,3.455457925796509,1.596962571144104,130.10548400878906
1,539,3.616877317428589,1.6277974843978882,130.1229248046875
1,540,3.5374577045440674,1.680741548538208,130.14169311523438
1,541,3.594947338104248,1.4946012496948242,130.16107177734375
1,542,3.513572931289673,1.6591688394546509,130.18069458007812
1,543,3.6705570220947266,1.645550012588501,130.19921875
1,544,3.608443260192871,1.5762568712234497,130.2177276611328
1,545,3.5178794860839844,1.5669194459915161,130.23538208007812
1,546,3.4808695316314697,1.6602445840835571,130.2526092529297
1,547,3.491238832473755,1.4971922636032104,130.27001953125
1,548,3.411298990249634,1.4572211503982544,130.28701782226562
1,549,3.5368881225585938,1.4874337911605835,130.30413818359375
1,550,3.587031602859497,1.3902158737182617,130.32150268554688
1,551,3.5212879180908203,1.52979576587677,130.33953857421875
1,552,3.5673649311065674,1.7197227478027344,130.35809326171875
1,553,3.4484856128692627,1.6446490287780762,130.374755859375
1,554,3.585360288619995,1.7144653797149658,130.39292907714844
1,555,3.440791368484497,1.5470402240753174,130.40957641601562
1,556,3.459890604019165,1.5116466283798218,130.42666625976562
1,557,3.5123355388641357,1.638777256011963,130.44273376464844
1,558,3.3899035453796387,1.514578104019165,130.4611053466797
1,559,3.5914032459259033,1.6497957706451416,130.47935485839844
1,560,3.4305331707000732,1.6179054975509644,130.4950714111328
1,561,3.431302309036255,1.5911253690719604,130.51275634765625
1,562,3.3657803535461426,1.5059967041015625,130.52749633789062
1,563,3.350184440612793,1.4858776330947876,130.5442352294922
1,564,3.348027229309082,1.5247145891189575,130.5601043701172
1,565,3.630544424057007,1.6266690492630005,130.57591247558594
1,566,3.453864336013794,1.543437123298645,130.5933074951172
1,567,3.4330718517303467,1.5687384605407715,130.60891723632812
1,568,3.4402031898498535,1.6616570949554443,130.6234893798828
1,569,3.4611215591430664,1.4923603534698486,130.63961791992188
1,570,3.6382997035980225,1.538285732269287,130.65489196777344
1,571,3.274278163909912,1.5589325428009033,130.67083740234375
1,572,3.6482505798339844,1.5813654661178589,130.68614196777344
1,573,3.634276866912842,1.5753682851791382,130.70005798339844
1,574,3.182310104370117,1.4087307453155518,130.71304321289062
1,575,3.4775586128234863,1.5410878658294678,130.72853088378906
1,576,3.409369468688965,1.456898808479309,130.74078369140625
1,577,3.3894875049591064,1.575614094734192,130.75645446777344
1,578,3.5028634071350098,1.5899394750595093,130.7713623046875
1,579,3.5311439037323,1.6370378732681274,130.78607177734375
1,580,3.6408705711364746,1.7516509294509888,130.7998809814453
1,581,3.530688762664795,1.6498993635177612,130.81561279296875
1,582,3.4987716674804688,1.6493587493896484,130.83010864257812
1,583,3.5000903606414795,1.5771572589874268,130.84561157226562
1,584,3.4497365951538086,1.5466493368148804,130.86058044433594
1,585,3.5489065647125244,1.7234177589416504,130.8736114501953
1,586,3.5984103679656982,1.5885783433914185,130.8859100341797
1,587,3.3820505142211914,1.5379167795181274,130.90167236328125
1,588,3.5303256511688232,1.6523724794387817,130.91639709472656
1,589,3.4641270637512207,1.5849072933197021,130.93130493164062
1,590,3.4497628211975098,1.6713111400604248,130.94261169433594
1,591,3.5127453804016113,1.8691887855529785,130.95675659179688
1,592,3.4623117446899414,1.606555700302124,130.97198486328125
1,593,3.5442559719085693,1.6988106966018677,130.98646545410156
1,594,3.3753936290740967,1.6724860668182373,130.99977111816406
1,595,3.5526487827301025,1.7167079448699951,131.0106201171875
1,596,3.575343608856201,1.758946418762207,131.02392578125
1,597,3.4865832328796387,1.5528854131698608,131.03819274902344
1,598,3.598778247833252,1.6333978176116943,131.05087280273438
1,599,3.396087408065796,1.6902648210525513,131.0648651123047
1,600,3.5651206970214844,1.7005083560943604,131.07777404785156
1,601,3.5616183280944824,1.697263240814209,131.09080505371094
1,602,3.4673709869384766,1.7383677959442139,131.10421752929688
1,603,3.4865362644195557,1.677665114402771,131.11753845214844
1,604,3.476950168609619,1.597361445426941,131.13063049316406
1,605,3.4921514987945557,1.755383849143982,131.1436767578125
1,606,3.377199411392212,1.6029648780822754,131.1572265625
1,607,3.4831058979034424,1.7177610397338867,131.17088317871094
1,608,3.579538106918335,1.693108081817627,131.1841278076172
1,609,3.3964295387268066,1.5319054126739502,131.197021484375
1,610,3.456413984298706,1.4931180477142334,131.20938110351562
1,611,3.4174365997314453,1.4308198690414429,131.22061157226562
1,612,3.509622812271118,1.585282564163208,131.2350616455078
1,613,3.616995334625244,1.5547746419906616,131.24598693847656
1,614,3.7408549785614014,1.539934515953064,131.25949096679688
1,615,3.681955575942993,1.6086790561676025,131.2702178955078
1,616,3.4195950031280518,1.6295570135116577,131.28269958496094
1,617,3.4871580600738525,1.7056317329406738,131.2936248779297
1,618,3.361654281616211,1.5856951475143433,131.30630493164062
1,619,3.5829107761383057,1.607046127319336,131.31883239746094
1,620,3.502941131591797,1.536879301071167,131.3331298828125
1,621,3.726840019226074,1.5972528457641602,131.34591674804688
1,622,3.4982106685638428,1.471231460571289,131.35899353027344
1,623,3.529756546020508,1.5672433376312256,131.37147521972656
1,624,3.401726245880127,1.5362229347229004,131.38339233398438
1,625,3.5157527923583984,1.7007933855056763,131.39544677734375
1,626,3.4853363037109375,1.5929510593414307,131.40728759765625
1,627,3.5657503604888916,1.6764990091323853,131.4191436767578
1,628,3.5135037899017334,1.6069680452346802,131.43150329589844
1,629,3.4502460956573486,1.5494128465652466,131.44216918945312
1,630,3.6342029571533203,1.580060601234436,131.45509338378906
1,631,3.3834948539733887,1.4678105115890503,131.4662322998047
1,632,3.4688053131103516,1.497100830078125,131.47726440429688
1,633,3.558134078979492,1.682729721069336,131.48776245117188
1,634,3.481429100036621,1.4389489889144897,131.498046875
1,635,3.351755142211914,1.5372892618179321,131.50918579101562
1,636,3.493699550628662,1.3868097066879272,131.5185546875
1,637,3.5593008995056152,1.4868583679199219,131.52943420410156
1,638,3.3104207515716553,1.4026092290878296,131.53810119628906
1,639,3.4802463054656982,1.4445325136184692,131.54901123046875
1,640,3.4444496631622314,1.4350099563598633,131.5593719482422
1,641,3.6829960346221924,1.4383091926574707,131.5698699951172
1,642,3.4382548332214355,1.454651117324829,131.57913208007812
1,643,3.608680248260498,1.4517171382904053,131.58973693847656
1,644,3.532966136932373,1.4806393384933472,131.59957885742188
1,645,3.4634346961975098,1.4843305349349976,131.60887145996094
1,646,3.501753330230713,1.4335289001464844,131.6184844970703
1,647,3.5408942699432373,1.430135726928711,131.6297607421875
1,648,3.5915422439575195,1.503373622894287,131.6392059326172
1,649,3.45900821685791,1.4885823726654053,131.65020751953125
1,650,3.498288631439209,1.4600210189819336,131.65940856933594
1,651,3.494739294052124,1.368896245956421,131.66929626464844
1,652,3.4983932971954346,1.4280908107757568,131.67916870117188
1,653,3.4227511882781982,1.4286991357803345,131.6896209716797
1,654,3.6816487312316895,1.5081340074539185,131.69972229003906
1,655,3.4624617099761963,1.423510193824768,131.7078399658203
1,656,3.4754738807678223,1.472514033317566,131.71701049804688
1,657,3.6064293384552,1.525507926940918,131.7259979248047
1,658,3.623359441757202,1.4681086540222168,131.73597717285156
1,659,3.6012284755706787,1.5334510803222656,131.74510192871094
1,660,3.3357577323913574,1.4637480974197388,131.75579833984375
1,661,3.476104974746704,1.4912912845611572,131.76483154296875
1,662,3.5663301944732666,1.5110962390899658,131.7731170654297
1,663,3.5532827377319336,1.6420412063598633,131.7828826904297
1,664,3.381143569946289,1.6232805252075195,131.7908935546875
1,665,3.2529611587524414,1.6486358642578125,131.8006591796875
1,666,3.5694053173065186,1.5838260650634766,131.8094940185547
1,667,3.4734771251678467,1.519702434539795,131.8198699951172
1,668,3.4628849029541016,1.5221314430236816,131.82855224609375
1,669,3.403796672821045,1.5148886442184448,131.83755493164062
1,670,3.4825479984283447,1.4425004720687866,131.8480682373047
1,671,3.3539421558380127,1.4749215841293335,131.85789489746094
1,672,3.501512289047241,1.5716456174850464,131.866455078125
1,673,3.479813814163208,1.5478320121765137,131.8758544921875
1,674,3.594787359237671,1.5023791790008545,131.8823699951172
1,675,3.3184330463409424,1.493180513381958,131.89108276367188
1,676,3.3659706115722656,1.4739595651626587,131.89993286132812
1,677,3.518432378768921,1.528838038444519,131.9085693359375
1,678,3.5203864574432373,1.6238563060760498,131.91830444335938
1,679,3.5087106227874756,1.5501904487609863,131.9247283935547
1,680,3.6583411693573,1.676571011543274,131.93484497070312
1,681,3.4996039867401123,1.5421050786972046,131.9420166015625
1,682,3.442330837249756,1.5241234302520752,131.9502716064453
1,683,3.6389777660369873,1.6347368955612183,131.96112060546875
1,684,3.4494872093200684,1.4691886901855469,131.968994140625
1,685,3.590087413787842,1.5924122333526611,131.9772491455078
1,686,3.5661568641662598,1.6482064723968506,131.98472595214844
1,687,3.528533458709717,1.5949474573135376,131.99354553222656
1,688,3.443587303161621,1.5120619535446167,131.99961853027344
1,689,3.479910373687744,1.5941320657730103,132.00697326660156
1,690,3.4807522296905518,1.9670981168746948,132.0148468017578
1,691,3.586320638656616,1.5406147241592407,132.02162170410156
1,692,3.5978236198425293,1.644283652305603,132.02989196777344
1,693,3.524716854095459,1.669348955154419,132.03810119628906
1,694,3.4613394737243652,1.577379584312439,132.04542541503906
1,695,3.402216672897339,1.4985424280166626,132.05349731445312
1,696,3.544599771499634,1.4492689371109009,132.06072998046875
1,697,3.5042026042938232,1.6121810674667358,132.07012939453125
1,698,3.601834774017334,1.63704252243042,132.0767364501953
1,699,3.4527299404144287,1.5687870979309082,132.08370971679688
1,700,3.588099479675293,1.510469913482666,132.0908203125
1,701,3.456923484802246,1.5453723669052124,132.09921264648438
1,702,3.5226073265075684,1.5048874616622925,132.10475158691406
1,703,3.5071170330047607,1.4821854829788208,132.11085510253906
1,704,3.5615475177764893,1.7567200660705566,132.1175079345703
1,705,3.435631275177002,1.6756272315979004,132.1245880126953
1,706,3.497011661529541,1.6749277114868164,132.1318817138672
1,707,3.433337926864624,1.6925315856933594,132.1388397216797
1,708,3.499955415725708,1.5232433080673218,132.14572143554688
1,709,3.520775318145752,1.5043549537658691,132.151611328125
1,710,3.510272741317749,1.6695951223373413,132.16090393066406
1,711,3.528348207473755,1.493778944015503,132.1682891845703
1,712,3.530487298965454,1.7196604013442993,132.17547607421875
1,713,3.401153326034546,1.6961619853973389,132.18377685546875
1,714,3.446920871734619,1.4620682001113892,132.19178771972656
1,715,3.560673475265503,1.4219220876693726,132.197998046875
1,716,3.7073521614074707,1.4709675312042236,132.20468139648438
1,717,3.565786361694336,1.5167263746261597,132.2099609375
1,718,3.373311996459961,1.4043030738830566,132.21597290039062
1,719,3.36804461479187,1.6094602346420288,132.22427368164062
1,720,3.5233328342437744,1.377942442893982,132.23147583007812
1,721,3.436997413635254,1.489398717880249,132.2369842529297
1,722,3.571147918701172,1.4507125616073608,132.24537658691406
1,723,3.4135067462921143,1.4468753337860107,132.25257873535156
1,724,3.6560704708099365,1.6205437183380127,132.259033203125
1,725,3.5041422843933105,1.4358816146850586,132.26429748535156
1,726,3.4080445766448975,1.3754950761795044,132.27149963378906
1,727,3.5942063331604004,1.5003875494003296,132.278564453125
1,728,3.4885973930358887,1.3675196170806885,132.2864227294922
1,729,3.516578435897827,1.5469518899917603,132.2923583984375
1,730,3.574784994125366,1.417038083076477,132.29849243164062
1,731,3.502131938934326,1.4798643589019775,132.3051300048828
1,732,3.490041732788086,1.561173439025879,132.3115234375
1,733,3.5378308296203613,1.4402896165847778,132.3183135986328
1,734,3.4396824836730957,1.5169953107833862,132.32406616210938
1,735,3.429936408996582,1.553516149520874,132.3312530517578
1,736,3.593513011932373,1.4386298656463623,132.33843994140625
1,737,3.4796741008758545,1.4568417072296143,132.3441925048828
1,738,3.4361796379089355,1.4532923698425293,132.34959411621094
1,739,3.544952392578125,1.517820954322815,132.35626220703125
1,740,3.4174158573150635,1.4810025691986084,132.36093139648438
1,741,3.3001248836517334,1.55636465549469,132.3686981201172
1,742,3.5170109272003174,1.6078261137008667,132.37722778320312
1,743,3.3971428871154785,1.480531096458435,132.38320922851562
1,744,3.6497342586517334,1.5380899906158447,132.38809204101562
1,745,3.4249372482299805,1.6309078931808472,132.39431762695312
1,746,3.4626688957214355,1.430860996246338,132.40025329589844
1,747,3.6482980251312256,1.4482840299606323,132.4053497314453
1,748,3.3022301197052,1.4806430339813232,132.41073608398438
1,749,3.429504156112671,1.3807228803634644,132.41421508789062
1,750,3.5544240474700928,1.647164225578308,132.420166015625
1,751,3.3550732135772705,1.361826777458191,132.42572021484375
1,752,3.6365890502929688,1.4899996519088745,132.43240356445312
1,753,3.5198819637298584,1.5228991508483887,132.436279296875
1,754,3.5054080486297607,1.4231960773468018,132.44082641601562
1,755,3.60988712310791,1.453706979751587,132.4470977783203
1,756,3.4862473011016846,1.438903570175171,132.45285034179688
1,757,3.467181444168091,1.5928618907928467,132.45794677734375
1,758,3.437476634979248,1.5328314304351807,132.46058654785156
1,759,3.4234862327575684,1.5379616022109985,132.4649200439453
1,760,3.5011162757873535,1.453330397605896,132.4725799560547
1,761,3.578050374984741,1.4609941244125366,132.47573852539062
1,762,3.539621353149414,1.5370984077453613,132.48037719726562
1,763,3.3479294776916504,1.3946605920791626,132.48614501953125
1,764,3.536707878112793,1.6293843984603882,132.49136352539062
1,765,3.420048952102661,1.461012840270996,132.4966278076172
1,766,3.5532779693603516,1.4532582759857178,132.50091552734375
1,767,3.524160861968994,1.5298913717269897,132.5050506591797
1,768,3.461425304412842,1.5732121467590332,132.5088348388672
1,769,3.558415651321411,1.6258397102355957,132.512451171875
1,770,3.5199828147888184,1.5905792713165283,132.51622009277344
1,771,3.4846720695495605,1.4712128639221191,132.52218627929688
1,772,3.6665022373199463,1.6301448345184326,132.52670288085938
1,773,3.437431812286377,1.475191354751587,132.53138732910156
1,774,3.486921548843384,1.5780229568481445,132.53660583496094
1,775,3.372570037841797,1.6018953323364258,132.5418243408203
1,776,3.389261484146118,1.5578325986862183,132.54656982421875
1,777,3.6001219749450684,1.615378737449646,132.550537109375
1,778,3.5609142780303955,1.5976552963256836,132.55491638183594
1,779,3.3825125694274902,1.5579237937927246,132.55938720703125
1,780,3.5259718894958496,1.5319578647613525,132.5640869140625
1,781,3.4153404235839844,1.4865789413452148,132.56820678710938
1,782,3.5696563720703125,1.5900013446807861,132.574951171875
1,783,3.5816242694854736,1.522300362586975,132.5799102783203
1,784,3.511122941970825,1.4787124395370483,132.58502197265625
1,785,3.369049072265625,1.4491368532180786,132.58984375
1,786,3.318953275680542,1.5812199115753174,132.595458984375
1,787,3.4802463054656982,1.4283671379089355,132.59957885742188
1,788,3.5271286964416504,1.5174131393432617,132.6048126220703
1,789,3.5721004009246826,1.5008902549743652,132.60899353027344
1,790,3.5355873107910156,1.564489722251892,132.61485290527344
1,791,3.431593179702759,1.4533765316009521,132.619140625
1,792,3.4641854763031006,1.4499099254608154,132.6221160888672
1,793,3.4101500511169434,1.478978157043457,132.62762451171875
1,794,3.431177854537964,1.4011751413345337,132.632568359375
1,795,3.549534559249878,1.5272505283355713,132.63587951660156
1,796,3.6121060848236084,1.5213896036148071,132.6387939453125
1,797,3.3851239681243896,1.4716395139694214,132.64321899414062
1,798,3.645730972290039,1.704414963722229,132.64694213867188
1,799,3.4993529319763184,1.6630150079727173,132.65179443359375
1,800,3.2360010147094727,1.553767204284668,132.6564483642578
1,801,3.498730182647705,1.5861377716064453,132.6599578857422
1,802,3.5234012603759766,1.6465544700622559,132.66555786132812
1,803,3.438959836959839,1.5172102451324463,132.6702880859375
1,804,3.4113311767578125,1.583164930343628,132.6752471923828
1,805,3.43962025642395,1.6726510524749756,132.67999267578125
1,806,3.324413299560547,1.5481984615325928,132.68368530273438
1,807,3.436490297317505,1.5982248783111572,132.6875762939453
1,808,3.596308469772339,1.5954140424728394,132.6923370361328
1,809,3.6631581783294678,1.676507592201233,132.695556640625
1,810,3.428913116455078,1.5245224237442017,132.69888305664062
1,811,3.531954050064087,1.6476384401321411,132.7028045654297
1,812,3.527460813522339,1.4269568920135498,132.70849609375
1,813,3.536402702331543,1.5368813276290894,132.71253967285156
1,814,3.4278342723846436,1.5153672695159912,132.716796875
1,815,3.5957107543945312,1.495316982269287,132.71957397460938
1,816,3.4416909217834473,1.37819504737854,132.72332763671875
1,817,3.5509045124053955,1.4638580083847046,132.72706604003906
1,818,3.4137094020843506,1.4289283752441406,132.73228454589844
1,819,3.734138250350952,1.5568844079971313,132.73617553710938
1,820,3.5393385887145996,1.6034587621688843,132.7386932373047
1,821,3.337740182876587,1.4521453380584717,132.7437286376953
1,822,3.574871778488159,1.6706992387771606,132.7471466064453
1,823,3.4835031032562256,1.5497241020202637,132.75094604492188
1,824,3.5440475940704346,1.5997122526168823,132.75465393066406
1,825,3.525243043899536,1.5521186590194702,132.75926208496094
1,826,3.4813740253448486,1.4717997312545776,132.76370239257812
1,827,3.526503324508667,1.5351225137710571,132.76719665527344
1,828,3.559998035430908,1.4624695777893066,132.77145385742188
1,829,3.5000929832458496,1.4597041606903076,132.7755126953125
1,830,3.6149959564208984,1.4835314750671387,132.77960205078125
1,831,3.4423677921295166,1.5303304195404053,132.7821807861328
1,832,3.2164838314056396,1.38251793384552,132.7864990234375
1,833,3.4007678031921387,1.5144544839859009,132.79132080078125
1,834,3.688424587249756,1.5637954473495483,132.79466247558594
1,835,3.4483699798583984,1.415278434753418,132.8003692626953
1,836,3.449672222137451,1.449155569076538,132.80445861816406
1,837,3.6026148796081543,1.4489998817443848,132.80819702148438
1,838,3.5680503845214844,1.453620195388794,132.8124542236328
1,839,3.491006374359131,1.437393307685852,132.8157501220703
1,840,3.4194021224975586,1.4236716032028198,132.81858825683594
1,841,3.493403673171997,1.4827067852020264,132.82223510742188
1,842,3.612741708755493,1.5177079439163208,132.82546997070312
1,843,3.294651985168457,1.3998216390609741,132.82850646972656
1,844,3.4590604305267334,1.3615504503250122,132.83309936523438
1,845,3.5605146884918213,1.4892466068267822,132.83642578125
1,846,3.4364686012268066,1.5808442831039429,132.84042358398438
1,847,3.426375389099121,1.380007266998291,132.84417724609375
1,848,3.4539806842803955,1.5290815830230713,132.84754943847656
1,849,3.540505886077881,1.5551444292068481,132.85150146484375
1,850,3.3138930797576904,1.4851850271224976,132.85586547851562
1,851,3.6189067363739014,1.460112452507019,132.85836791992188
1,852,3.5044984817504883,1.4005457162857056,132.8617401123047
1,853,3.310678005218506,1.4484635591506958,132.86602783203125
1,854,3.5931484699249268,1.6960710287094116,132.86854553222656
1,855,3.455157518386841,1.4635101556777954,132.8722686767578
1,856,3.323087453842163,1.5089203119277954,132.8754425048828
1,857,3.4285356998443604,1.5204410552978516,132.87928771972656
1,858,3.5243964195251465,1.4934742450714111,132.88128662109375
1,859,3.629744291305542,1.6260825395584106,132.8844757080078
1,860,3.3475229740142822,1.6283726692199707,132.88800048828125
1,861,3.391124963760376,1.685014009475708,132.8918914794922
1,862,3.5008432865142822,1.5678030252456665,132.8944854736328
1,863,3.5019710063934326,1.5418099164962769,132.89784240722656
1,864,3.522367477416992,1.6065541505813599,132.90025329589844
1,865,3.6376266479492188,1.51251220703125,132.90391540527344
1,866,3.4756224155426025,1.5886902809143066,132.9060516357422
1,867,3.405149221420288,1.613332986831665,132.90846252441406
1,868,3.594508171081543,1.5740444660186768,132.9101104736328
1,869,3.512131452560425,1.5110499858856201,132.91323852539062
1,870,3.434767723083496,1.5357675552368164,132.91558837890625
1,871,3.531768798828125,1.5720926523208618,132.9160919189453
1,872,3.578179359436035,1.5951042175292969,132.91830444335938
1,873,3.4844868183135986,1.5070348978042603,132.92015075683594
1,874,3.46630859375,1.41874361038208,132.9213409423828
1,875,3.594024896621704,1.4571539163589478,132.92428588867188
1,876,3.4589879512786865,1.5629557371139526,132.92803955078125
1,877,3.6195342540740967,1.5424389839172363,132.93138122558594
1,878,3.4157352447509766,1.4734275341033936,132.93272399902344
1,879,3.496196746826172,1.589114785194397,132.93443298339844
1,880,3.393397808074951,1.5802375078201294,132.93812561035156
1,881,3.3492684364318848,1.5461430549621582,132.93954467773438
1,882,3.430948257446289,1.5138614177703857,132.94384765625
1,883,3.464775800704956,1.530461311340332,132.94662475585938
1,884,3.3939476013183594,1.5577306747436523,132.94956970214844
1,885,3.567265272140503,1.4768811464309692,132.9500732421875
1,886,3.516854763031006,1.4643878936767578,132.95303344726562
1,887,3.4350359439849854,1.5132447481155396,132.95594787597656
1,888,3.51509165763855,1.4716241359710693,132.9586944580078
1,889,3.479982376098633,1.4963797330856323,132.9617156982422
1,890,3.4093565940856934,1.3629438877105713,132.96620178222656
1,891,3.46337890625,1.3708605766296387,132.96957397460938
1,892,3.451329231262207,1.450842022895813,132.97198486328125
1,893,3.57725191116333,1.4333645105361938,132.97415161132812
1,894,3.507408380508423,1.502392053604126,132.9769287109375
1,895,3.5111196041107178,1.4420865774154663,132.97882080078125
1,896,3.6229088306427,1.5427156686782837,132.98114013671875
1,897,3.5127665996551514,1.5405791997909546,132.98483276367188
1,898,3.381704092025757,1.468246340751648,132.9860076904297
1,899,3.532773971557617,1.5449854135513306,132.98802185058594
1,900,3.4518754482269287,1.4714138507843018,132.98988342285156
1,901,3.4811670780181885,1.4317400455474854,132.99264526367188
1,902,3.4354259967803955,1.4872115850448608,132.99560546875
1,903,3.463102340698242,1.4271023273468018,132.99716186523438
1,904,3.305262565612793,1.4337931871414185,132.99900817871094
1,905,3.43328595161438,1.37451171875,133.00303649902344
1,906,3.3754985332489014,1.3987631797790527,133.00521850585938
1,907,3.4766860008239746,1.4214104413986206,133.00839233398438
1,908,3.4997901916503906,1.3248447179794312,133.01040649414062
1,909,3.460505962371826,1.4529448747634888,133.01280212402344
1,910,3.5470385551452637,1.458417296409607,133.0142059326172
1,911,3.5439610481262207,1.5738424062728882,133.01809692382812
1,912,3.5561716556549072,1.4887536764144897,133.01939392089844
1,913,3.4464809894561768,1.3932325839996338,133.02235412597656
1,914,3.498020648956299,1.415230631828308,133.02403259277344
1,915,3.542433261871338,1.3695621490478516,133.02706909179688
1,916,3.4997386932373047,1.4570770263671875,133.03030395507812
1,917,3.5243544578552246,1.5244635343551636,133.0314178466797
1,918,3.3795166015625,1.4485996961593628,133.03248596191406
1,919,3.6419551372528076,1.5404856204986572,133.0342254638672
1,920,3.4005844593048096,1.4380030632019043,133.03756713867188
1,921,3.600111961364746,1.5185532569885254,133.03883361816406
1,922,3.4948840141296387,1.5943639278411865,133.0394744873047
1,923,3.5006039142608643,1.61477792263031,133.04042053222656
1,924,3.4975979328155518,1.4579246044158936,133.04388427734375
1,925,3.4118175506591797,1.4711567163467407,133.0458221435547
1,926,3.3892643451690674,1.4693195819854736,133.04835510253906
1,927,3.59659481048584,1.5786364078521729,133.0497283935547
1,928,3.559727191925049,1.4462172985076904,133.0499267578125
1,929,3.516801595687866,1.6345256567001343,133.0528106689453
1,930,3.385202407836914,1.509683609008789,133.05332946777344
1,931,3.4909110069274902,1.5469683408737183,133.0550079345703
1,932,3.517191171646118,1.552887201309204,133.05621337890625
1,933,3.4778826236724854,1.493035078048706,133.05738830566406
1,934,3.551642894744873,1.5894873142242432,133.058837890625
1,935,3.547783851623535,1.6116089820861816,133.0605010986328
1,936,3.286409378051758,1.5161259174346924,133.06275939941406
1,937,3.4619717597961426,1.5162127017974854,133.06497192382812
1,938,3.6189463138580322,1.5856714248657227,133.06675720214844
1,939,3.462827205657959,1.6130620241165161,133.0692138671875
1,940,3.388817548751831,1.611124038696289,133.07015991210938
1,941,3.625378370285034,1.5907481908798218,133.07113647460938
1,942,3.543801784515381,1.6924257278442383,133.07411193847656
1,943,3.5086565017700195,1.6737754344940186,133.07757568359375
1,944,3.442495584487915,1.5852574110031128,133.07931518554688
1,945,3.4765939712524414,1.599195957183838,133.0819091796875
1,946,3.5042126178741455,1.6355361938476562,133.08404541015625
1,947,3.469050884246826,1.5682395696640015,133.08541870117188
1,948,3.4245481491088867,1.5434412956237793,133.08749389648438
1,949,3.6027071475982666,1.583213210105896,133.08985900878906
1,950,3.6558711528778076,1.5352108478546143,133.0930633544922
1,951,3.5732107162475586,1.5541999340057373,133.09471130371094
1,952,3.542780876159668,1.639649748802185,133.09715270996094
1,953,3.496090888977051,1.4862486124038696,133.09742736816406
1,954,3.56557297706604,1.544745922088623,133.09954833984375
1,955,3.4248199462890625,1.5696443319320679,133.1011505126953
1,956,3.483231782913208,1.606636643409729,133.1036376953125
1,957,3.622633695602417,1.6295030117034912,133.104736328125
1,958,3.3769149780273438,1.4986262321472168,133.1053009033203
1,959,3.5198512077331543,1.5499019622802734,133.10723876953125
1,960,3.6381452083587646,1.6772791147232056,133.1102294921875
1,961,3.5978119373321533,1.4744106531143188,133.11126708984375
1,962,3.58685040473938,1.6364686489105225,133.1113739013672
1,963,3.504134178161621,1.4237409830093384,133.11282348632812
1,964,3.5001604557037354,1.5601627826690674,133.11492919921875
1,965,3.4574458599090576,1.500571608543396,133.11654663085938
1,966,3.4791688919067383,1.4278030395507812,133.11717224121094
1,967,3.529026985168457,1.5212814807891846,133.1183624267578
1,968,3.6490042209625244,1.5495327711105347,133.1200408935547
1,969,3.5061423778533936,1.5514907836914062,133.1207733154297
1,970,3.499558925628662,1.4920167922973633,133.1239471435547
1,971,3.2977428436279297,1.4621421098709106,133.12646484375
1,972,3.4504857063293457,1.5128974914550781,133.12791442871094
1,973,3.3315250873565674,1.4656955003738403,133.12911987304688
1,974,3.6745519638061523,1.5863564014434814,133.1300811767578
1,975,3.438824415206909,1.4988019466400146,133.13331604003906
1,976,3.369157314300537,1.5271015167236328,133.1358184814453
1,977,3.566502809524536,1.6815038919448853,133.13775634765625
1,978,3.406031608581543,1.4621037244796753,133.1390380859375
1,979,3.416954517364502,1.4183504581451416,133.1398468017578
1,980,3.6099255084991455,1.609397053718567,133.14122009277344
1,981,3.434889793395996,1.3780858516693115,133.142822265625
1,982,3.583526611328125,1.722669243812561,133.14459228515625
1,983,3.4397971630096436,1.5072294473648071,133.14578247070312
1,984,3.3554773330688477,1.4832557439804077,133.14657592773438
1,985,3.6001312732696533,1.4503780603408813,133.14837646484375
1,986,3.57311749458313,1.4956400394439697,133.15103149414062
1,987,3.295030355453491,1.417492151260376,133.15345764160156
1,988,3.5796797275543213,1.5666439533233643,133.15374755859375
1,989,3.511108636856079,1.4345542192459106,133.15597534179688
1,990,3.564821481704712,1.533341407775879,133.15811157226562
1,991,3.3902957439422607,1.4412829875946045,133.1586151123047
1,992,3.531248092651367,1.4884512424468994,133.1597137451172
1,993,3.40973162651062,1.3896840810775757,133.16055297851562
1,994,3.4607322216033936,1.5450595617294312,133.16094970703125
1,995,3.5972166061401367,1.5810447931289673,133.1624755859375
1,996,3.5636332035064697,1.524696946144104,133.1641387939453
1,997,3.4524221420288086,1.5168083906173706,133.1664581298828
1,998,3.4086053371429443,1.521127462387085,133.1680908203125
1,999,3.5422348976135254,1.5834733247756958,133.16915893554688
1,1000,3.4086859226226807,1.4768869876861572,133.16973876953125
2,1,3.127330780029297,0.8817868232727051,0.0
2,2,2.967355489730835,1.2358404397964478,9.977890014648438
2,3,3.1180360317230225,1.4052695035934448,14.09032917022705
2,4,3.1487739086151123,1.2735170125961304,17.23387908935547
2,5,3.045058488845825,1.554444432258606,19.87236213684082
2,6,3.14072847366333,1.3896445035934448,22.18764305114746
2,7,3.105905055999756,1.6191179752349854,24.272363662719727
2,8,3.251770496368408,1.3841453790664673,26.18153953552246
2,9,3.0408108234405518,1.6285170316696167,27.948816299438477
2,10,3.2384819984436035,1.8990408182144165,29.60257911682129
2,11,3.223653554916382,1.7518079280853271,31.160905838012695
2,12,3.2168221473693848,1.9179259538650513,32.63800811767578
2,13,3.259312152862549,1.810043454170227,34.0422477722168
2,14,3.0728390216827393,1.5405033826828003,35.38321304321289
2,15,3.2310256958007812,1.7527415752410889,36.667999267578125
2,16,3.3568413257598877,1.820490837097168,37.90188980102539
2,17,3.2694084644317627,1.9125728607177734,39.09109115600586
2,18,3.086867332458496,1.7664129734039307,40.23910140991211
2,19,3.2862589359283447,1.8670319318771362,41.34733581542969
2,20,3.1658437252044678,1.769803524017334,42.421966552734375
2,21,3.218451499938965,1.850177526473999,43.46538543701172
2,22,3.2553422451019287,2.0558507442474365,44.477455139160156
2,23,3.3107662200927734,1.7265607118606567,45.4629020690918
2,24,3.1931889057159424,2.039362668991089,46.42089080810547
2,25,3.3070907592773438,2.1923370361328125,47.35541915893555
2,26,3.354686737060547,2.330110549926758,48.26435470581055
2,27,3.1331746578216553,2.175076484680176,49.15220642089844
2,28,3.19518780708313,2.1101033687591553,50.02080535888672
2,29,3.4290926456451416,2.0990872383117676,50.86865997314453
2,30,3.2679295539855957,2.196183443069458,51.69744110107422
2,31,3.1107218265533447,2.042573928833008,52.51027297973633
2,32,3.266038656234741,2.179363250732422,53.30656814575195
2,33,3.351795196533203,2.2943027019500732,54.08573913574219
2,34,3.3528287410736084,2.0449254512786865,54.849422454833984
2,35,3.271651029586792,1.9228122234344482,55.59886932373047
2,36,3.4310004711151123,2.063281536102295,56.33354949951172
2,37,3.329401969909668,2.1139349937438965,57.05420684814453
2,38,3.4183690547943115,2.094388008117676,57.761932373046875
2,39,3.2892801761627197,1.989763855934143,58.457340240478516
2,40,3.214919328689575,1.9022938013076782,59.14082336425781
2,41,3.3436806201934814,1.9600706100463867,59.81416702270508
2,42,3.16648530960083,2.0771965980529785,60.47444152832031
2,43,3.3411943912506104,2.084517478942871,61.124637603759766
2,44,3.443464994430542,2.0182695388793945,61.76390075683594
2,45,3.3624110221862793,1.976487398147583,62.394405364990234
2,46,3.2020983695983887,2.048560619354248,63.012367248535156
2,47,3.289090156555176,1.8589022159576416,63.622230529785156
2,48,3.379357099533081,2.147430181503296,64.22364807128906
2,49,3.3047049045562744,1.9786498546600342,64.81526184082031
2,50,3.245555877685547,2.2361223697662354,65.39869689941406
2,51,3.3090224266052246,2.131136894226074,65.97423553466797
2,52,3.3868889808654785,2.43318510055542,66.54389953613281
2,53,3.449836492538452,2.4682652950286865,67.10377502441406
2,54,3.325417995452881,2.2200217247009277,67.65516662597656
2,55,3.317866325378418,2.2456228733062744,68.20018005371094
2,56,3.458923816680908,2.258537769317627,68.73778533935547
2,57,3.355663299560547,2.4669013023376465,69.26807403564453
2,58,3.385939598083496,2.259546995162964,69.79037475585938
2,59,3.3571581840515137,2.357477903366089,70.3067398071289
2,60,3.4447243213653564,2.399881601333618,70.81562042236328
2,61,3.4073588848114014,2.478896141052246,71.31737518310547
2,62,3.483710289001465,2.2904186248779297,71.81298828125
2,63,3.2423179149627686,2.1555798053741455,72.30290985107422
2,64,3.2492308616638184,2.101072072982788,72.78746032714844
2,65,3.312788724899292,2.1396944522857666,73.26654815673828
2,66,3.300568103790283,2.262631416320801,73.73988342285156
2,67,3.552621364593506,2.4776904582977295,74.20796966552734
2,68,3.3053553104400635,2.459517002105713,74.67047119140625
2,69,3.2669074535369873,2.3320729732513428,75.12730407714844
2,70,3.3827383518218994,2.357017993927002,75.57833862304688
2,71,3.3321471214294434,2.2356584072113037,76.02384185791016
2,72,3.4288885593414307,2.655611515045166,76.46565246582031
2,73,3.430365562438965,2.434692144393921,76.90115356445312
2,74,3.259168863296509,2.1408183574676514,77.33175659179688
2,75,3.363391637802124,2.485196113586426,77.75890350341797
2,76,3.3761560916900635,2.20947527885437,78.18140411376953
2,77,3.430130958557129,2.262704610824585,78.59825897216797
2,78,3.4597415924072266,2.414497137069702,79.01155090332031
2,79,3.2786705493927,2.1737003326416016,79.41948699951172
2,80,3.512709617614746,2.432133674621582,79.8228988647461
2,81,3.3885602951049805,2.4023051261901855,80.2219009399414
2,82,3.461012840270996,2.3559913635253906,80.6184310913086
2,83,3.5307440757751465,2.37664794921875,81.00978088378906
2,84,3.4450621604919434,2.2002370357513428,81.3977279663086
2,85,3.4840543270111084,2.188667058944702,81.78102111816406
2,86,3.417996406555176,2.253361940383911,82.15998840332031
2,87,3.2492270469665527,2.134147882461548,82.53457641601562
2,88,3.519235610961914,2.4896528720855713,82.90621185302734
2,89,3.5347232818603516,2.518521308898926,83.27359008789062
2,90,3.4828901290893555,2.3622193336486816,83.63716888427734
2,91,3.461864948272705,2.397831439971924,83.99896240234375
2,92,3.380066394805908,2.314423084259033,84.35611724853516
2,93,3.4525558948516846,2.263871669769287,84.70869445800781
2,94,3.264976739883423,2.0931036472320557,85.05816650390625
2,95,3.5796823501586914,2.210449695587158,85.40374755859375
2,96,3.5088305473327637,2.208566904067993,85.74960327148438
2,97,3.3676950931549072,2.116562843322754,86.08914947509766
2,98,3.465564250946045,2.374556541442871,86.42696380615234
2,99,3.42695951461792,2.338690757751465,86.76084899902344
2,100,3.3281736373901367,2.3549082279205322,87.09249114990234
2,101,3.513918876647949,2.4955365657806396,87.41929626464844
2,102,3.3560309410095215,2.508735179901123,87.7438735961914
2,103,3.4079298973083496,2.5909080505371094,88.06269073486328
2,104,3.447258234024048,2.5526087284088135,88.38256072998047
2,105,3.5078351497650146,2.517014503479004,88.69711303710938
2,106,3.4016551971435547,2.2981574535369873,89.0100326538086
2,107,3.488788366317749,2.4916090965270996,89.3198013305664
2,108,3.2825255393981934,2.472902774810791,89.62699127197266
2,109,3.432499647140503,2.4660167694091797,89.92974090576172
2,110,3.5248708724975586,2.461446762084961,90.23129272460938
2,111,3.4220659732818604,2.5946731567382812,90.52973175048828
2,112,3.580610752105713,2.314844846725464,90.82589721679688
2,113,3.530565023422241,2.3297338485717773,91.1194839477539
2,114,3.4927642345428467,2.385359048843384,91.4089126586914
2,115,3.4300811290740967,2.531038284301758,91.69699096679688
2,116,3.468075752258301,2.7572758197784424,91.98369598388672
2,117,3.4722437858581543,2.5551488399505615,92.26696014404297
2,118,3.3582170009613037,2.4544897079467773,92.54884338378906
2,119,3.332592725753784,2.3768773078918457,92.82872009277344
2,120,3.486867904663086,2.4427568912506104,93.10577392578125
2,121,3.519597291946411,2.1643733978271484,93.38084411621094
2,122,3.431434154510498,2.082873821258545,93.6492919921875
2,123,3.4111595153808594,2.0305662155151367,93.9186782836914
2,124,3.2472848892211914,2.1611921787261963,94.18718719482422
2,125,3.377969264984131,2.2459163665771484,94.45259857177734
2,126,3.491638660430908,2.390695810317993,94.71435546875
2,127,3.615863561630249,2.3512439727783203,94.97544860839844
2,128,3.45273494720459,2.2727739810943604,95.23223876953125
2,129,3.4044394493103027,2.3571603298187256,95.48860931396484
2,130,3.4301750659942627,2.461386203765869,95.74240112304688
2,131,3.699728012084961,2.481332778930664,95.99407196044922
2,132,3.528820037841797,2.1738524436950684,96.24430084228516
2,133,3.507497549057007,2.2042980194091797,96.4913558959961
2,134,3.441640853881836,2.1818201541900635,96.73631286621094
2,135,3.4591639041900635,2.51422381401062,96.9822769165039
2,136,3.652991533279419,2.214564085006714,97.22525024414062
2,137,3.594282627105713,2.08782958984375,97.46562194824219
2,138,3.4434595108032227,2.0993425846099854,97.7036361694336
2,139,3.4284911155700684,1.9953142404556274,97.94075012207031
2,140,3.426752805709839,1.9982781410217285,98.17436218261719
2,141,3.4455437660217285,1.9896796941757202,98.40626525878906
2,142,3.5274393558502197,2.1462934017181396,98.63497924804688
2,143,3.360609292984009,2.2186474800109863,98.86444854736328
2,144,3.3662333488464355,2.1697604656219482,99.09154510498047
2,145,3.6582367420196533,2.435382604598999,99.31763458251953
2,146,3.497114896774292,2.3149101734161377,99.54019165039062
2,147,3.6179604530334473,2.348503828048706,99.761474609375
2,148,3.5065855979919434,2.287473201751709,99.98309326171875
2,149,3.5185022354125977,2.1830074787139893,100.20030212402344
2,150,3.680790424346924,2.2711777687072754,100.41706848144531
2,151,3.438606023788452,2.018185615539551,100.63082122802734
2,152,3.371222734451294,1.926540493965149,100.8442611694336
2,153,3.4610581398010254,2.026643991470337,101.05509948730469
2,154,3.4279909133911133,2.0512964725494385,101.26367950439453
2,155,3.516754627227783,2.1358346939086914,101.47138977050781
2,156,3.4243218898773193,1.989363193511963,101.6775894165039
2,157,3.4855451583862305,2.069537878036499,101.88143920898438
2,158,3.4725019931793213,2.0447347164154053,102.0843276977539
2,159,3.528834581375122,2.197347640991211,102.28643798828125
2,160,3.481696605682373,2.0031144618988037,102.48756408691406
2,161,3.4320716857910156,2.1147427558898926,102.68672180175781
2,162,3.442270517349243,1.9592961072921753,102.88368225097656
2,163,3.405890941619873,2.13980770111084,103.08121490478516
2,164,3.4223108291625977,2.09639310836792,103.27632141113281
2,165,3.5792224407196045,2.146156072616577,103.46956634521484
2,166,3.356227397918701,2.0523834228515625,103.66019439697266
2,167,3.558934450149536,2.1990902423858643,103.8498306274414
2,168,3.4459593296051025,2.270313262939453,104.03754425048828
2,169,3.551114082336426,2.120938777923584,104.22579193115234
2,170,3.4477732181549072,2.1741254329681396,104.41275787353516
2,171,3.561962604522705,2.27022123336792,104.59782409667969
2,172,3.311965227127075,2.253621816635132,104.7812728881836
2,173,3.4921188354492188,2.263190746307373,104.96369934082031
2,174,3.506033420562744,2.15255069732666,105.14468383789062
2,175,3.5159759521484375,2.2489304542541504,105.32284545898438
2,176,3.593986749649048,2.1498587131500244,105.49938201904297
2,177,3.5012073516845703,2.222057342529297,105.67644500732422
2,178,3.475968599319458,2.177473545074463,105.85209655761719
2,179,3.5415573120117188,2.4329795837402344,106.02555084228516
2,180,3.5020313262939453,2.1866626739501953,106.19965362548828
2,181,3.4218356609344482,2.3295974731445312,106.36920928955078
2,182,3.5214338302612305,2.6222381591796875,106.53775024414062
2,183,3.4080138206481934,2.3293159008026123,106.70574188232422
2,184,3.486440658569336,2.1547608375549316,106.87448120117188
2,185,3.4007370471954346,2.1699979305267334,107.04190826416016
2,186,3.5822501182556152,2.097043514251709,107.20805358886719
2,187,3.542091131210327,2.156796932220459,107.3704833984375
2,188,3.6024229526519775,2.207141876220703,107.53582763671875
2,189,3.4056174755096436,1.8830468654632568,107.69749450683594
2,190,3.5682318210601807,1.905361294746399,107.85783386230469
2,191,3.564531087875366,1.8910598754882812,108.01576232910156
2,192,3.4584574699401855,2.071866989135742,108.17646026611328
2,193,3.5254032611846924,1.8862910270690918,108.33263397216797
2,194,3.5620250701904297,2.077510118484497,108.48863220214844
2,195,3.438136577606201,1.9651390314102173,108.64220428466797
2,196,3.472299814224243,2.1792759895324707,108.79540252685547
2,197,3.4405829906463623,1.9497041702270508,108.94889068603516
2,198,3.4147753715515137,2.036623477935791,109.10189819335938
2,199,3.65238094329834,2.0867745876312256,109.25186157226562
2,200,3.471859931945801,2.2074062824249268,109.40119171142578
2,201,3.5392775535583496,2.2398808002471924,109.55089569091797
2,202,3.5778584480285645,2.1254827976226807,109.6982650756836
2,203,3.499478340148926,2.05373215675354,109.84526824951172
2,204,3.4483625888824463,2.0920021533966064,109.99110412597656
2,205,3.4196431636810303,1.9282026290893555,110.1377944946289
2,206,3.5684866905212402,2.0994012355804443,110.28123474121094
2,207,3.4450809955596924,1.9378372430801392,110.4236831665039
2,208,3.551212787628174,2.110755205154419,110.56595611572266
2,209,3.4149866104125977,2.0177056789398193,110.70634460449219
2,210,3.3921890258789062,2.1800475120544434,110.84661102294922
2,211,3.484034299850464,2.214175224304199,110.98326873779297
2,212,3.44079327583313,2.182283639907837,111.11988830566406
2,213,3.5946953296661377,1.9855117797851562,111.25595092773438
2,214,3.44990611076355,1.9648038148880005,111.39247131347656
2,215,3.3943114280700684,2.1885340213775635,111.52806091308594
2,216,3.695600986480713,2.0649571418762207,111.66259765625
2,217,3.5559449195861816,2.191739797592163,111.79647827148438
2,218,3.3545901775360107,2.106990098953247,111.92919158935547
2,219,3.441066265106201,2.152161121368408,112.06049346923828
2,220,3.5554299354553223,2.039047956466675,112.19115447998047
2,221,3.528207540512085,2.025728464126587,112.31948852539062
2,222,3.505898952484131,1.9714834690093994,112.44805908203125
2,223,3.511460304260254,2.241896390914917,112.5768814086914
2,224,3.7231502532958984,2.1473801136016846,112.70391845703125
2,225,3.5140867233276367,2.074144124984741,112.82875061035156
2,226,3.401710033416748,2.050826072692871,112.95521545410156
2,227,3.4324235916137695,1.9419887065887451,113.08018493652344
2,228,3.4233922958374023,2.0179593563079834,113.20387268066406
2,229,3.461101770401001,1.9969422817230225,113.32698822021484
2,230,3.546217918395996,1.942457914352417,113.44947052001953
2,231,3.4705069065093994,2.0233042240142822,113.57048797607422
2,232,3.4615979194641113,1.9428235292434692,113.69117736816406
2,233,3.4772262573242188,2.0157649517059326,113.80972290039062
2,234,3.5216524600982666,1.920868992805481,113.93023681640625
2,235,3.5790059566497803,1.8886305093765259,114.04725646972656
2,236,3.5356996059417725,2.0307414531707764,114.16437530517578
2,237,3.5453851222991943,2.006375551223755,114.28187561035156
2,238,3.3794782161712646,1.8235079050064087,114.3968734741211
2,239,3.293297529220581,1.908184289932251,114.51066589355469
2,240,3.4099903106689453,1.7998290061950684,114.62576293945312
2,241,3.3579702377319336,2.3415257930755615,114.7400131225586
2,242,3.45934796333313,1.9033607244491577,114.85307312011719
2,243,3.606710433959961,1.9536014795303345,114.96592712402344
2,244,3.5650794506073,2.04431414604187,115.07717895507812
2,245,3.472822904586792,1.9404741525650024,115.18865203857422
2,246,3.4956560134887695,1.9358043670654297,115.2996826171875
2,247,3.5796961784362793,1.8715673685073853,115.40875244140625
2,248,3.6502037048339844,1.9003379344940186,115.51715087890625
2,249,3.5272161960601807,1.8890445232391357,115.62527465820312
2,250,3.536766767501831,1.8620972633361816,115.73127746582031
2,251,3.5418288707733154,1.9241143465042114,115.8375473022461
2,252,3.4778499603271484,1.893051266670227,115.94229888916016
2,253,3.4306726455688477,1.8755751848220825,116.04598236083984
2,254,3.5980160236358643,1.987749457359314,116.14955139160156
2,255,3.67952823638916,2.069418430328369,116.2541275024414
2,256,3.3128421306610107,1.8274483680725098,116.3565673828125
2,257,3.577576160430908,1.9544706344604492,116.45992279052734
2,258,3.6129817962646484,1.9200657606124878,116.5617904663086
2,259,3.5707757472991943,1.9138665199279785,116.66195678710938
2,260,3.3289577960968018,1.9170085191726685,116.76194763183594
2,261,3.535571813583374,1.886398434638977,116.86244201660156
2,262,3.5392541885375977,1.8662784099578857,116.96022033691406
2,263,3.2594387531280518,1.9091867208480835,117.05864715576172
2,264,3.4671707153320312,1.953634262084961,117.15518188476562
2,265,3.3374080657958984,1.8899571895599365,117.25423431396484
2,266,3.443563461303711,1.8335322141647339,117.35039520263672
2,267,3.5654377937316895,1.7905765771865845,117.44519805908203
2,268,3.4139130115509033,1.8245819807052612,117.54066467285156
2,269,3.541826009750366,1.9917998313903809,117.63680267333984
2,270,3.415032148361206,1.7839456796646118,117.73188781738281
2,271,3.507274627685547,1.7412933111190796,117.82459259033203
2,272,3.4938058853149414,1.8637417554855347,117.91664123535156
2,273,3.342191457748413,1.8558144569396973,118.00910949707031
2,274,3.5541791915893555,1.7831844091415405,118.09974670410156
2,275,3.439382791519165,1.8618961572647095,118.19195556640625
2,276,3.6225030422210693,2.0485329627990723,118.28269958496094
2,277,3.544043779373169,1.8442777395248413,118.37149047851562
2,278,3.5035464763641357,1.8126776218414307,118.46150207519531
2,279,3.52591609954834,1.7516933679580688,118.55142211914062
2,280,3.360454797744751,1.777586817741394,118.64008331298828
2,281,3.5957252979278564,1.9002107381820679,118.72962188720703
2,282,3.497492551803589,1.790453553199768,118.81734466552734
2,283,3.48337984085083,1.8720121383666992,118.90101623535156
2,284,3.4495787620544434,2.005354404449463,118.98775482177734
2,285,3.695373296737671,1.8395885229110718,119.07450103759766
2,286,3.326270818710327,1.7211575508117676,119.16083526611328
2,287,3.339315414428711,1.804390549659729,119.24586486816406
2,288,3.5985605716705322,1.941368818283081,119.3297119140625
2,289,3.475515127182007,1.8651716709136963,119.41303253173828
2,290,3.454735040664673,1.9068050384521484,119.4955825805664
2,291,3.4691851139068604,1.7906644344329834,119.57766723632812
2,292,3.4772896766662598,1.8513634204864502,119.6591567993164
2,293,3.48943829536438,1.789762258529663,119.74012756347656
2,294,3.543246030807495,1.9351739883422852,119.8210220336914
2,295,3.50304913520813,1.7536948919296265,119.9020004272461
2,296,3.616577386856079,1.952408790588379,119.98088073730469
2,297,3.3031320571899414,1.6821155548095703,120.06014251708984
2,298,3.5177462100982666,1.984668254852295,120.13763427734375
2,299,3.4221479892730713,1.6627119779586792,120.21635437011719
2,300,3.528071880340576,1.7963405847549438,120.29424285888672
2,301,3.5419042110443115,1.8626282215118408,120.37239837646484
2,302,3.568141460418701,1.9025421142578125,120.44873046875
2,303,3.3349714279174805,1.6333438158035278,120.52718353271484
2,304,3.5557141304016113,1.7436567544937134,120.60295867919922
2,305,3.4263134002685547,1.8470780849456787,120.67766571044922
2,306,3.4781973361968994,1.8174697160720825,120.7536392211914
2,307,3.4731297492980957,1.729400396347046,120.8268051147461
2,308,3.499666690826416,1.849064826965332,120.89982604980469
2,309,3.3905279636383057,1.7330719232559204,120.9737319946289
2,310,3.4259583950042725,1.7512991428375244,121.04733276367188
2,311,3.448040723800659,1.757171869277954,121.11821746826172
2,312,3.432800054550171,1.7488473653793335,121.19038391113281
2,313,3.4650089740753174,1.7308036088943481,121.2633285522461
2,314,3.5193042755126953,1.802858591079712,121.3334732055664
2,315,3.4646847248077393,1.7405810356140137,121.40221405029297
2,316,3.4784584045410156,1.6943213939666748,121.47337341308594
2,317,3.5887930393218994,1.8377405405044556,121.54264068603516
2,318,3.5120809078216553,1.789460301399231,121.60958862304688
2,319,3.5767159461975098,1.8744581937789917,121.67788696289062
2,320,3.345041275024414,1.74249267578125,121.74617004394531
2,321,3.4708755016326904,1.69070303440094,121.81306457519531
2,322,3.7351865768432617,1.8995922803878784,121.88076782226562
2,323,3.6792943477630615,1.8403654098510742,121.9494400024414
2,324,3.43966007232666,1.6459050178527832,122.01716613769531
2,325,3.483201265335083,1.6922712326049805,122.08403015136719
2,326,3.5082802772521973,1.763484001159668,122.15017700195312
2,327,3.533764123916626,1.6676700115203857,122.2154312133789
2,328,3.480865478515625,1.7186938524246216,122.28170776367188
2,329,3.5931708812713623,1.6922961473464966,122.3450698852539
2,330,3.482908248901367,1.6805826425552368,122.40955352783203
2,331,3.5175600051879883,1.7250336408615112,122.47647857666016
2,332,3.6094796657562256,1.8261102437973022,122.53860473632812
2,333,3.6259689331054688,1.7517738342285156,122.60285186767578
2,334,3.4191107749938965,1.6692386865615845,122.66515350341797
2,335,3.429412841796875,1.6565067768096924,122.7272720336914
2,336,3.555464506149292,1.745987057685852,122.78941345214844
2,337,3.6193249225616455,1.68146812915802,122.8511734008789
2,338,3.411135673522949,1.7197798490524292,122.91080474853516
2,339,3.6262717247009277,1.8492990732192993,122.97266387939453
2,340,3.5021824836730957,1.8575338125228882,123.03351593017578
2,341,3.458007335662842,1.8972538709640503,123.09284973144531
2,342,3.380150556564331,1.7076702117919922,123.15474700927734
2,343,3.5790250301361084,1.706798791885376,123.21511840820312
2,344,3.473034620285034,1.7581247091293335,123.2748794555664
2,345,3.5082664489746094,1.7722088098526,123.33414459228516
2,346,3.3965342044830322,1.780140995979309,123.39378356933594
2,347,3.5709211826324463,1.7225618362426758,123.45174407958984
2,348,3.258401393890381,1.7692879438400269,123.51036834716797
2,349,3.4387199878692627,1.780128002166748,123.56814575195312
2,350,3.5200705528259277,1.8391187191009521,123.62512969970703
2,351,3.511927604675293,1.946121335029602,123.68299102783203
2,352,3.5541250705718994,1.8325095176696777,123.73929595947266
2,353,3.389042615890503,1.764796257019043,123.79486846923828
2,354,3.5751943588256836,1.805860161781311,123.85002136230469
2,355,3.2793350219726562,1.7996805906295776,123.9053726196289
2,356,3.6498405933380127,1.7514244318008423,123.96109008789062
2,357,3.536896228790283,1.737094759941101,124.01679992675781
2,358,3.505096912384033,1.787312388420105,124.07206726074219
2,359,3.685652017593384,1.768174648284912,124.1253662109375
2,360,3.4652812480926514,1.6958106756210327,124.18011474609375
2,361,3.5723750591278076,1.899135947227478,124.23400115966797
2,362,3.4463870525360107,1.6419702768325806,124.28705596923828
2,363,3.6480917930603027,1.7293158769607544,124.34010314941406
2,364,3.4562413692474365,1.7763079404830933,124.39259338378906
2,365,3.5109996795654297,1.732161283493042,124.44275665283203
2,366,3.587475299835205,1.729540467262268,124.49369812011719
2,367,3.384899377822876,1.785600185394287,124.54534912109375
2,368,3.587634801864624,1.7672715187072754,124.59691619873047
2,369,3.4916396141052246,1.7917661666870117,124.64791870117188
2,370,3.379936933517456,1.7399564981460571,124.69921875
2,371,3.7004575729370117,1.9968286752700806,124.74922943115234
2,372,3.6884043216705322,1.965814232826233,124.80081176757812
2,373,3.5300562381744385,1.8143258094787598,124.85031127929688
2,374,3.404953718185425,1.6166247129440308,124.89874267578125
2,375,3.5611000061035156,1.728271484375,124.94718933105469
2,376,3.5347847938537598,1.7252297401428223,124.99523162841797
2,377,3.6767382621765137,1.6333777904510498,125.04454803466797
2,378,3.5689947605133057,1.7588609457015991,125.09386444091797
2,379,3.5365710258483887,1.8106025457382202,125.14344024658203
2,380,3.2790231704711914,1.6526380777359009,125.19144439697266
2,381,3.439699411392212,1.7142337560653687,125.2388916015625
2,382,3.4366796016693115,1.7370374202728271,125.28650665283203
2,383,3.402318000793457,1.6398035287857056,125.33424377441406
2,384,3.5154731273651123,1.8094490766525269,125.3800048828125
2,385,3.4764721393585205,1.7558239698410034,125.42632293701172
2,386,3.4936702251434326,1.6844643354415894,125.47392272949219
2,387,3.471942186355591,1.7508002519607544,125.51988983154297
2,388,3.490839719772339,1.7558887004852295,125.56620788574219
2,389,3.401052713394165,1.7461854219436646,125.61311340332031
2,390,3.386763095855713,1.8116083145141602,125.65763854980469
2,391,3.6745829582214355,1.7466983795166016,125.70051574707031
2,392,3.6543776988983154,1.7004337310791016,125.74449920654297
2,393,3.3551485538482666,1.610888123512268,125.7887191772461
2,394,3.510462522506714,1.6633919477462769,125.83326721191406
2,395,3.467874526977539,1.6115087270736694,125.87615966796875
2,396,3.4082324504852295,1.5976948738098145,125.91813659667969
2,397,3.5835535526275635,1.6116344928741455,125.96155548095703
2,398,3.553583860397339,1.691076636314392,126.0036392211914
2,399,3.528071641921997,1.6283619403839111,126.04544830322266
2,400,3.483022451400757,1.6531018018722534,126.08820343017578
2,401,3.6474289894104004,1.7145297527313232,126.13111114501953
2,402,3.3942959308624268,1.656432032585144,126.17269134521484
2,403,3.6091761589050293,1.6592906713485718,126.21524810791016
2,404,3.6370954513549805,1.6548542976379395,126.25716400146484
2,405,3.5927505493164062,1.6321905851364136,126.2989501953125
2,406,3.490576982498169,1.6245648860931396,126.3403549194336
2,407,3.5097663402557373,1.569075107574463,126.37983703613281
2,408,3.614170789718628,1.6081798076629639,126.42202758789062
2,409,3.5233662128448486,1.5315428972244263,126.46206665039062
2,410,3.479762077331543,1.583707571029663,126.50199127197266
2,411,3.5019774436950684,1.5573070049285889,126.5421142578125
2,412,3.58786940574646,1.6755578517913818,126.58173370361328
2,413,3.4188904762268066,1.4569512605667114,126.62069702148438
2,414,3.3892714977264404,1.5423729419708252,126.66043853759766
2,415,3.5691263675689697,1.6943299770355225,126.69917297363281
2,416,3.435974597930908,1.5086748600006104,126.73820495605469
2,417,3.395263195037842,1.5624372959136963,126.7762680053711
2,418,3.422441244125366,1.6233842372894287,126.81468963623047
2,419,3.3882384300231934,1.6246721744537354,126.85173034667969
2,420,3.6443443298339844,1.6755800247192383,126.8882064819336
2,421,3.313455104827881,1.6283167600631714,126.92545318603516
2,422,3.5129647254943848,1.6407047510147095,126.96331787109375
2,423,3.532134532928467,1.58440363407135,126.99876403808594
2,424,3.362072467803955,1.4838547706604004,127.03406524658203
2,425,3.5118062496185303,1.5626145601272583,127.07144165039062
2,426,3.402346134185791,1.5501341819763184,127.10881042480469
2,427,3.504216432571411,1.5387316942214966,127.14534759521484
2,428,3.564082145690918,1.5354374647140503,127.18104553222656
2,429,3.5630385875701904,1.5166983604431152,127.21699523925781
2,430,3.324298620223999,1.4970662593841553,127.25182342529297
2,431,3.5533573627471924,1.539473295211792,127.28768920898438
2,432,3.449711322784424,1.4871450662612915,127.3232421875
2,433,3.539935827255249,1.5768895149230957,127.35699462890625
2,434,3.554788112640381,1.3943910598754883,127.39112091064453
2,435,3.411363124847412,1.505698561668396,127.42572021484375
2,436,3.565913200378418,1.6691585779190063,127.4593734741211
2,437,3.472414493560791,1.5862411260604858,127.49385833740234
2,438,3.449831962585449,1.5945161581039429,127.52828979492188
2,439,3.5233893394470215,1.5309008359909058,127.56120300292969
2,440,3.4864156246185303,1.5925296545028687,127.59571075439453
2,441,3.4209675788879395,1.4838584661483765,127.63084411621094
2,442,3.628072738647461,1.670868992805481,127.66422271728516
2,443,3.474912166595459,1.636946439743042,127.69656372070312
2,444,3.5659403800964355,1.7891696691513062,127.73052215576172
2,445,3.527491807937622,1.5908987522125244,127.76268768310547
2,446,3.583735942840576,1.6552598476409912,127.79682159423828
2,447,3.4450199604034424,1.658065676689148,127.82974243164062
2,448,3.5100111961364746,1.6886855363845825,127.86138916015625
2,449,3.4589498043060303,1.5405113697052002,127.892333984375
2,450,3.622673273086548,1.6137875318527222,127.92361450195312
2,451,3.4702582359313965,1.5799843072891235,127.95469665527344
2,452,3.6241376399993896,1.6626557111740112,127.9847640991211
2,453,3.4394376277923584,1.6152746677398682,128.01617431640625
2,454,3.47825026512146,1.6675584316253662,128.0473175048828
2,455,3.416170835494995,1.589704990386963,128.080322265625
2,456,3.489961624145508,1.6417478322982788,128.11033630371094
2,457,3.6761252880096436,1.6038362979888916,128.14027404785156
2,458,3.5278191566467285,1.5700428485870361,128.16943359375
2,459,3.5548131465911865,1.6153303384780884,128.1995391845703
2,460,3.5345025062561035,1.6865322589874268,128.22850036621094
2,461,3.405775547027588,1.71084725856781,128.25747680664062
2,462,3.539029598236084,1.6881120204925537,128.28610229492188
2,463,3.5768187046051025,1.754471778869629,128.3147735595703
2,464,3.505174160003662,1.6736724376678467,128.34365844726562
2,465,3.4589037895202637,1.724402666091919,128.37188720703125
2,466,3.501708984375,1.839812159538269,128.40084838867188
2,467,3.558934211730957,1.789088487625122,128.43055725097656
2,468,3.5720667839050293,1.7226815223693848,128.45826721191406
2,469,3.3635659217834473,2.2168076038360596,128.4857177734375
2,470,3.3117282390594482,1.5852839946746826,128.5133819580078
2,471,3.494572639465332,1.6624428033828735,128.541259765625
2,472,3.639492988586426,1.6803154945373535,128.56985473632812
2,473,3.6600382328033447,1.6205227375030518,128.59642028808594
2,474,3.5374505519866943,1.6300082206726074,128.6242218017578
2,475,3.4013843536376953,1.7388603687286377,128.65277099609375
2,476,3.4707674980163574,1.7424685955047607,128.68006896972656
2,477,3.5448482036590576,1.709980845451355,128.70700073242188
2,478,3.478020668029785,1.627913475036621,128.73373413085938
2,479,3.3937768936157227,1.553990364074707,128.76025390625
2,480,3.646085262298584,1.6076010465621948,128.78810119628906
2,481,3.4273383617401123,1.737909197807312,128.8151397705078
2,482,3.382981300354004,1.532468557357788,128.84169006347656
2,483,3.4378228187561035,1.6335209608078003,128.8691864013672
2,484,3.5700931549072266,1.8235570192337036,128.89588928222656
2,485,3.44533371925354,1.5834072828292847,128.92063903808594
2,486,3.5582642555236816,1.591957449913025,128.94754028320312
2,487,3.578974485397339,1.9219454526901245,128.97296142578125
2,488,3.5571250915527344,1.8257472515106201,128.99789428710938
2,489,3.3841962814331055,1.6077313423156738,129.0218963623047
2,490,3.5395326614379883,1.7429986000061035,129.0478973388672
2,491,3.5269107818603516,1.5771331787109375,129.07310485839844
2,492,3.4367902278900146,1.5629503726959229,129.0972900390625
2,493,3.3742876052856445,1.6866233348846436,129.12257385253906
2,494,3.5528879165649414,1.6647872924804688,129.14610290527344
2,495,3.4692792892456055,1.6983309984207153,129.16921997070312
2,496,3.5853426456451416,1.6171528100967407,129.19351196289062
2,497,3.4063141345977783,1.637681245803833,129.21644592285156
2,498,3.3870623111724854,1.4502227306365967,129.24224853515625
2,499,3.3510239124298096,1.7167552709579468,129.2660675048828
2,500,3.5158543586730957,1.4901527166366577,129.28933715820312
2,501,3.6154885292053223,1.724413514137268,129.31393432617188
2,502,3.5504252910614014,1.657111644744873,129.33767700195312
2,503,3.5430996417999268,1.6861835718154907,129.3596649169922
2,504,3.499203681945801,1.7552496194839478,129.3816680908203
2,505,3.4196810722351074,1.4892058372497559,129.4036865234375
2,506,3.365666389465332,1.6342350244522095,129.42674255371094
2,507,3.5245020389556885,1.695455551147461,129.44911193847656
2,508,3.4318134784698486,1.6193162202835083,129.47328186035156
2,509,3.4482545852661133,1.4706251621246338,129.4955291748047
2,510,3.562427043914795,1.5335670709609985,129.518310546875
2,511,3.5634379386901855,1.4978671073913574,129.54141235351562
2,512,3.4727132320404053,1.5243117809295654,129.56436157226562
2,513,3.54829740524292,1.5222406387329102,129.5870819091797
2,514,3.4517018795013428,1.502374529838562,129.608154296875
2,515,3.5643601417541504,1.6449731588363647,129.6299285888672
2,516,3.486745834350586,1.4923968315124512,129.6510009765625
2,517,3.6033709049224854,1.5440094470977783,129.6736297607422
2,518,3.3788819313049316,1.5517199039459229,129.6932373046875
2,519,3.3823606967926025,1.6818251609802246,129.71536254882812
2,520,3.4305951595306396,1.6296318769454956,129.73452758789062
2,521,3.3536927700042725,1.5456945896148682,129.75558471679688
2,522,3.4870097637176514,1.6541029214859009,129.7783660888672
2,523,3.5665194988250732,1.7846928834915161,129.79881286621094
2,524,3.4957668781280518,1.769618272781372,129.81800842285156
2,525,3.4670252799987793,1.8347572088241577,129.83956909179688
2,526,3.3087849617004395,1.7536643743515015,129.8585205078125
2,527,3.647484064102173,1.8767235279083252,129.87953186035156
2,528,3.6413941383361816,1.8961797952651978,129.89930725097656
2,529,3.489748239517212,1.6870001554489136,129.91897583007812
2,530,3.600804090499878,1.6634577512741089,129.9391326904297
2,531,3.258221387863159,1.6566755771636963,129.9588623046875
2,532,3.367521047592163,1.5934069156646729,129.977783203125
2,533,3.4897451400756836,1.825219750404358,129.99691772460938
2,534,3.4872186183929443,1.7077487707138062,130.01788330078125
2,535,3.5728371143341064,1.7393741607666016,130.03749084472656
2,536,3.4433200359344482,1.6799356937408447,130.0580291748047
2,537,3.597205877304077,1.6799025535583496,130.0775146484375
2,538,3.597172498703003,1.7085753679275513,130.0970001220703
2,539,3.6130077838897705,1.6821479797363281,130.11630249023438
2,540,3.555129051208496,1.7047491073608398,130.13571166992188
2,541,3.536052703857422,1.7075388431549072,130.15394592285156
2,542,3.556131362915039,1.6485644578933716,130.17227172851562
2,543,3.5690219402313232,1.6412802934646606,130.19155883789062
2,544,3.5074384212493896,1.544633150100708,130.21070861816406
2,545,3.543670654296875,1.7727901935577393,130.23056030273438
2,546,3.381361246109009,1.6322505474090576,130.24720764160156
2,547,3.699136972427368,1.7306820154190063,130.26620483398438
2,548,3.6401703357696533,1.692327618598938,130.2828826904297
2,549,3.470083475112915,1.8445663452148438,130.30130004882812
2,550,3.6016767024993896,1.5698498487472534,130.3190460205078
2,551,3.500310182571411,1.682026743888855,130.3355255126953
2,552,3.5821187496185303,1.608232021331787,130.35272216796875
2,553,3.6187312602996826,1.6560337543487549,130.3699951171875
2,554,3.5728695392608643,1.5883668661117554,130.38658142089844
2,555,3.468428373336792,1.754433274269104,130.40219116210938
2,556,3.5676236152648926,1.650099754333496,130.42015075683594
2,557,3.5888049602508545,1.6903406381607056,130.43777465820312
2,558,3.4839584827423096,1.6703673601150513,130.4551544189453
2,559,3.6192843914031982,1.8030414581298828,130.4724578857422
2,560,3.571617841720581,1.7019314765930176,130.4866180419922
2,561,3.5302600860595703,1.6041055917739868,130.5042724609375
2,562,3.5011136531829834,1.5951932668685913,130.52096557617188
2,563,3.409255027770996,1.6120457649230957,130.53750610351562
2,564,3.5561633110046387,1.686150074005127,130.5537872314453
2,565,3.673088312149048,1.6923185586929321,130.56968688964844
2,566,3.3386311531066895,1.5839757919311523,130.58670043945312
2,567,3.531907320022583,1.6106938123703003,130.60269165039062
2,568,3.490954875946045,1.5853487253189087,130.61912536621094
2,569,3.5590875148773193,1.5345510244369507,130.63626098632812
2,570,3.704648733139038,1.5335354804992676,130.65113830566406
2,571,3.623699903488159,1.7185914516448975,130.66567993164062
2,572,3.3622562885284424,1.6186561584472656,130.68203735351562
2,573,3.6246542930603027,1.774762511253357,130.6978302001953
2,574,3.375723361968994,1.639560341835022,130.71383666992188
2,575,3.377737283706665,1.5115238428115845,130.73037719726562
2,576,3.6465444564819336,1.6212648153305054,130.74574279785156
2,577,3.529169797897339,1.6120716333389282,130.76084899902344
2,578,3.547743320465088,1.6528708934783936,130.77725219726562
2,579,3.4341602325439453,1.5540871620178223,130.7917022705078
2,580,3.5018959045410156,1.7885710000991821,130.80783081054688
2,581,3.5101840496063232,1.735343337059021,130.82044982910156
2,582,3.6236648559570312,1.6862648725509644,130.8361358642578
2,583,3.395805835723877,1.663559913635254,130.850341796875
2,584,3.4025468826293945,1.5378201007843018,130.8630828857422
2,585,3.374021530151367,1.667812466621399,130.8760528564453
2,586,3.444121837615967,1.6271430253982544,130.89178466796875
2,587,3.6561646461486816,1.706030249595642,130.90602111816406
2,588,3.5808358192443848,1.665798544883728,130.92001342773438
2,589,3.4666833877563477,1.6702044010162354,130.93370056152344
2,590,3.419620990753174,1.653478980064392,130.9475860595703
2,591,3.5200729370117188,1.6922264099121094,130.96070861816406
2,592,3.503674030303955,1.6398286819458008,130.97499084472656
2,593,3.6633965969085693,1.8272579908370972,130.98886108398438
2,594,3.49971079826355,1.7478224039077759,131.00131225585938
2,595,3.5344910621643066,1.6538628339767456,131.01463317871094
2,596,3.5387425422668457,1.742903709411621,131.02725219726562
2,597,3.5320167541503906,1.7090747356414795,131.04086303710938
2,598,3.4137377738952637,1.6194119453430176,131.05398559570312
2,599,3.352388620376587,1.709181308746338,131.06689453125
2,600,3.4476873874664307,1.5904887914657593,131.08041381835938
2,601,3.5296549797058105,1.642891526222229,131.09446716308594
2,602,3.5755834579467773,1.7054212093353271,131.10711669921875
2,603,3.5187978744506836,1.7323241233825684,131.1198272705078
2,604,3.5808520317077637,1.7058384418487549,131.1325225830078
2,605,3.598039388656616,1.8348314762115479,131.14501953125
2,606,3.5948548316955566,1.6453468799591064,131.15769958496094
2,607,3.5526278018951416,1.737420678138733,131.17098999023438
2,608,3.532914638519287,1.7562034130096436,131.18312072753906
2,609,3.657644510269165,1.7479183673858643,131.1970672607422
2,610,3.6254281997680664,1.6927999258041382,131.20880126953125
2,611,3.6661651134490967,1.6221482753753662,131.2210235595703
2,612,3.413520336151123,1.5968093872070312,131.2335968017578
2,613,3.5099244117736816,1.5585668087005615,131.2464141845703
2,614,3.3024799823760986,1.5827361345291138,131.25804138183594
2,615,3.5477356910705566,1.5973987579345703,131.2716827392578
2,616,3.419337034225464,1.5967164039611816,131.28294372558594
2,617,3.3692870140075684,1.6052170991897583,131.29486083984375
2,618,3.5096662044525146,1.6433849334716797,131.3054962158203
2,619,3.4764201641082764,1.5610272884368896,131.3157501220703
2,620,3.469374895095825,1.5821138620376587,131.32810974121094
2,621,3.4806129932403564,1.5571471452713013,131.3397979736328
2,622,3.654305934906006,1.6214897632598877,131.35171508789062
2,623,3.5329558849334717,1.467049479484558,131.36387634277344
2,624,3.544386386871338,1.6655410528182983,131.37545776367188
2,625,3.4402763843536377,1.5608546733856201,131.38604736328125
2,626,3.5558018684387207,1.6068145036697388,131.3983154296875
2,627,3.4731593132019043,1.6265754699707031,131.41030883789062
2,628,3.45481014251709,1.5771006345748901,131.42205810546875
2,629,3.589864730834961,1.576085090637207,131.43341064453125
2,630,3.4374518394470215,1.5199869871139526,131.44337463378906
2,631,3.521178722381592,1.61974036693573,131.45460510253906
2,632,3.549889326095581,1.6541557312011719,131.46607971191406
2,633,3.416388750076294,1.5959874391555786,131.47718811035156
2,634,3.623103141784668,1.644099473953247,131.4885711669922
2,635,3.5549850463867188,1.5971754789352417,131.49832153320312
2,636,3.6458470821380615,1.7141717672348022,131.51039123535156
2,637,3.5343995094299316,1.6234468221664429,131.52017211914062
2,638,3.4644277095794678,1.587685465812683,131.53070068359375
2,639,3.712151050567627,1.6200448274612427,131.541259765625
2,640,3.574873447418213,1.5514838695526123,131.5526123046875
2,641,3.6008782386779785,1.6808958053588867,131.56251525878906
2,642,3.52866268157959,1.676252007484436,131.57321166992188
2,643,3.694201946258545,1.6320412158966064,131.5835418701172
2,644,3.536217212677002,1.6154206991195679,131.59486389160156
2,645,3.537598133087158,1.717673659324646,131.60519409179688
2,646,3.306438446044922,1.8397624492645264,131.61509704589844
2,647,3.7234315872192383,1.5082260370254517,131.62576293945312
2,648,3.5214908123016357,1.609369158744812,131.6372833251953
2,649,3.5778884887695312,1.5575083494186401,131.64930725097656
2,650,3.4865927696228027,1.636306643486023,131.65750122070312
2,651,3.541093111038208,1.6219357252120972,131.66864013671875
2,652,3.5860447883605957,1.5069857835769653,131.67750549316406
2,653,3.653163433074951,1.5461995601654053,131.68466186523438
2,654,3.6575231552124023,1.5593267679214478,131.69207763671875
2,655,3.4521570205688477,1.705658197402954,131.70225524902344
2,656,3.481112241744995,1.625898003578186,131.71231079101562
2,657,3.5236783027648926,1.5194730758666992,131.72251892089844
2,658,3.3931753635406494,1.541839599609375,131.73086547851562
2,659,3.4837634563446045,1.4703186750411987,131.74307250976562
2,660,3.4486358165740967,1.5901036262512207,131.75328063964844
2,661,3.5431172847747803,1.610050082206726,131.76205444335938
2,662,3.601696252822876,1.7627315521240234,131.77249145507812
2,663,3.539130926132202,1.685214877128601,131.78111267089844
2,664,3.546320676803589,1.619315266609192,131.7898406982422
2,665,3.477271795272827,1.599330186843872,131.7994384765625
2,666,3.5654611587524414,1.6310181617736816,131.8077392578125
2,667,3.3411600589752197,1.6395927667617798,131.818115234375
2,668,3.4082181453704834,1.5630968809127808,131.82794189453125
2,669,3.5349369049072266,1.5404176712036133,131.83750915527344
2,670,3.548349618911743,1.7189664840698242,131.84548950195312
2,671,3.6344411373138428,1.7607308626174927,131.8551788330078
2,672,3.3803794384002686,1.6091210842132568,131.86373901367188
2,673,3.483121395111084,1.5147018432617188,131.8718719482422
2,674,3.5122578144073486,1.6113089323043823,131.8794708251953
2,675,3.4371211528778076,1.6371843814849854,131.88748168945312
2,676,3.4081363677978516,1.5379103422164917,131.8958740234375
2,677,3.6026768684387207,1.5193384885787964,131.9028778076172
2,678,3.500354528427124,1.4882794618606567,131.911865234375
2,679,3.463832139968872,1.496515154838562,131.92071533203125
2,680,3.5352556705474854,1.5654093027114868,131.92697143554688
2,681,3.6388015747070312,1.653630018234253,131.9348602294922
2,682,3.7003557682037354,1.5450735092163086,131.9438018798828
2,683,3.5426442623138428,1.5003924369812012,131.95191955566406
2,684,3.5521762371063232,1.5242801904678345,131.95877075195312
2,685,3.521432399749756,1.592956304550171,131.9656219482422
2,686,3.540926694869995,1.551001787185669,131.97222900390625
2,687,3.4571497440338135,1.5634435415267944,131.98162841796875
2,688,3.4892516136169434,1.5141534805297852,131.98960876464844
2,689,3.4446511268615723,1.5665619373321533,131.99728393554688
2,690,3.4354703426361084,1.5795576572418213,132.00457763671875
2,691,3.5608866214752197,1.5313628911972046,132.01171875
2,692,3.4479548931121826,1.5270425081253052,132.01968383789062
2,693,3.523940324783325,1.5958292484283447,132.02821350097656
2,694,3.3883421421051025,1.5313093662261963,132.03675842285156
2,695,3.5759878158569336,1.5954630374908447,132.04306030273438
2,696,3.4613945484161377,1.566136121749878,132.05116271972656
2,697,3.3847949504852295,1.529320478439331,132.05990600585938
2,698,3.512829065322876,1.5615891218185425,132.06600952148438
2,699,3.4199185371398926,1.4428118467330933,132.0749969482422
2,700,3.527212381362915,1.5070650577545166,132.0825958251953
2,701,3.39674711227417,1.6641204357147217,132.08914184570312
2,702,3.486257314682007,1.487095594406128,132.09716796875
2,703,3.542104721069336,1.778108835220337,132.1042938232422
2,704,3.484628200531006,1.553769588470459,132.11087036132812
2,705,3.4889304637908936,1.6840845346450806,132.11721801757812
2,706,3.4183809757232666,1.573470115661621,132.12547302246094
2,707,3.6130731105804443,1.5682297945022583,132.13209533691406
2,708,3.5008108615875244,1.5130575895309448,132.13897705078125
2,709,3.457392930984497,1.6011464595794678,132.1454315185547
2,710,3.410238027572632,1.5654658079147339,132.1531219482422
2,711,3.5069053173065186,1.5387232303619385,132.15921020507812
2,712,3.4853124618530273,1.5145041942596436,132.16600036621094
2,713,3.630091905593872,1.4370720386505127,132.17208862304688
2,714,3.3913025856018066,1.546620488166809,132.17962646484375
2,715,3.5248708724975586,1.6334667205810547,132.18704223632812
2,716,3.516263246536255,1.6643418073654175,132.19300842285156
2,717,3.556530714035034,1.553121566772461,132.20030212402344
2,718,3.438778877258301,1.459755778312683,132.20809936523438
2,719,3.5745513439178467,1.5421578884124756,132.21490478515625
2,720,3.6010921001434326,1.4643988609313965,132.22232055664062
2,721,3.5343239307403564,1.679642915725708,132.22828674316406
2,722,3.5007195472717285,1.5680941343307495,132.23342895507812
2,723,3.389932870864868,1.488630771636963,132.24069213867188
2,724,3.5294182300567627,1.7554101943969727,132.2479248046875
2,725,3.553358793258667,1.620231032371521,132.25643920898438
2,726,3.5785908699035645,1.7236909866333008,132.26339721679688
2,727,3.3719327449798584,1.690941333770752,132.26986694335938
2,728,3.4739155769348145,1.6786212921142578,132.27621459960938
2,729,3.6806273460388184,1.787105917930603,132.28204345703125
2,730,3.5655272006988525,1.6755852699279785,132.2875213623047
2,731,3.5414421558380127,1.6259404420852661,132.29367065429688
2,732,3.4523487091064453,1.6459295749664307,132.30148315429688
2,733,3.4763426780700684,1.6087262630462646,132.30824279785156
2,734,3.5588507652282715,1.7715468406677246,132.31399536132812
2,735,3.6001343727111816,1.7531949281692505,132.3203125
2,736,3.476161241531372,1.739595651626587,132.32493591308594
2,737,3.6161270141601562,1.8308634757995605,132.3301544189453
2,738,3.6067869663238525,1.6991298198699951,132.3361053466797
2,739,3.527963638305664,1.6041786670684814,132.34288024902344
2,740,3.2583229541778564,1.607758641242981,132.35028076171875
2,741,3.5652694702148438,1.6702886819839478,132.35733032226562
2,742,3.6375632286071777,1.6219884157180786,132.36366271972656
2,743,3.4336397647857666,1.5780290365219116,132.36961364746094
2,744,3.498990058898926,1.4471406936645508,132.37486267089844
2,745,3.3907246589660645,1.6544939279556274,132.37933349609375
2,746,3.5537519454956055,1.5812785625457764,132.38685607910156
2,747,3.5651066303253174,1.6420518159866333,132.39407348632812
2,748,3.5783944129943848,1.6468894481658936,132.4008331298828
2,749,3.4485044479370117,1.6149787902832031,132.407470703125
2,750,3.478268623352051,1.6111994981765747,132.4123992919922
2,751,3.4043283462524414,1.5236858129501343,132.41696166992188
2,752,3.5996878147125244,1.718312382698059,132.42303466796875
2,753,3.540849447250366,1.5886831283569336,132.43011474609375
2,754,3.371558666229248,1.6138675212860107,132.4365997314453
2,755,3.5455334186553955,1.6386818885803223,132.44163513183594
2,756,3.54885196685791,1.6567051410675049,132.44883728027344
2,757,3.633368730545044,1.6450297832489014,132.4533233642578
2,758,3.4685943126678467,1.5609314441680908,132.4592742919922
2,759,3.4804232120513916,1.6116968393325806,132.46527099609375
2,760,3.2678403854370117,1.6861523389816284,132.4686279296875
2,761,3.531501293182373,1.5951958894729614,132.4749298095703
2,762,3.6216304302215576,1.6162121295928955,132.47850036621094
2,763,3.5866243839263916,1.5402593612670898,132.4833221435547
2,764,3.4713118076324463,1.5426422357559204,132.4893798828125
2,765,3.49393367767334,1.6867058277130127,132.49513244628906
2,766,3.5163681507110596,1.495835781097412,132.501220703125
2,767,3.3863685131073,1.6364281177520752,132.50497436523438
2,768,3.5271363258361816,1.5899382829666138,132.5093231201172
2,769,3.625615358352661,1.6059192419052124,132.51315307617188
2,770,3.6854631900787354,1.5950212478637695,132.5174102783203
2,771,3.402740955352783,1.5739096403121948,132.52418518066406
2,772,3.6167800426483154,1.5253199338912964,132.5288848876953
2,773,3.3984792232513428,1.48545503616333,132.53262329101562
2,774,3.3517024517059326,1.3443797826766968,132.5357666015625
2,775,3.5272419452667236,1.5210703611373901,132.54071044921875
2,776,3.5275845527648926,1.4718390703201294,132.54345703125
2,777,3.5958285331726074,1.5548903942108154,132.5483856201172
2,778,3.4661641120910645,1.3889400959014893,132.55397033691406
2,779,3.536970853805542,1.413681983947754,132.56057739257812
2,780,3.4867515563964844,1.4566065073013306,132.56484985351562
2,781,3.4607138633728027,1.4075043201446533,132.5707550048828
2,782,3.5047709941864014,1.4582487344741821,132.57669067382812
2,783,3.308897018432617,1.3901242017745972,132.58203125
2,784,3.596451759338379,1.4621295928955078,132.58424377441406
2,785,3.68290376663208,1.5445326566696167,132.5891876220703
2,786,3.559271812438965,1.4060708284378052,132.59449768066406
2,787,3.6687331199645996,1.4861040115356445,132.59983825683594
2,788,3.37398362159729,1.433813214302063,132.6055145263672
2,789,3.4318244457244873,1.5834871530532837,132.60911560058594
2,790,3.5689480304718018,1.475559949874878,132.6139678955078
2,791,3.663949489593506,1.5209187269210815,132.61825561523438
2,792,3.396939277648926,1.5335949659347534,132.62203979492188
2,793,3.4339170455932617,1.44963538646698,132.62510681152344
2,794,3.3029463291168213,1.5339648723602295,132.6304473876953
2,795,3.5015065670013428,1.4540460109710693,132.636962890625
2,796,3.5567657947540283,1.5436540842056274,132.64022827148438
2,797,3.4493424892425537,1.4039793014526367,132.6452178955078
2,798,3.485603094100952,1.6321321725845337,132.65013122558594
2,799,3.5038466453552246,1.5088707208633423,132.6555938720703
2,800,3.531792640686035,1.4803272485733032,132.65895080566406
2,801,3.529322862625122,1.4636714458465576,132.66566467285156
2,802,3.519759178161621,1.580418348312378,132.67071533203125
2,803,3.4668548107147217,1.4752765893936157,132.6748046875
2,804,3.5844597816467285,1.4429364204406738,132.6781463623047
2,805,3.4238603115081787,1.492073893547058,132.68194580078125
2,806,3.5779740810394287,1.554669737815857,132.68540954589844
2,807,3.557563543319702,1.5193490982055664,132.68833923339844
2,808,3.5897347927093506,1.5394059419631958,132.6946563720703
2,809,3.322018623352051,1.503150224685669,132.69830322265625
2,810,3.5598363876342773,1.561318039894104,132.70220947265625
2,811,3.3933207988739014,1.493929386138916,132.70652770996094
2,812,3.4086520671844482,1.669150948524475,132.7109375
2,813,3.2889833450317383,1.4101166725158691,132.71392822265625
2,814,3.627685546875,1.4982901811599731,132.71749877929688
2,815,3.5026285648345947,1.4893373250961304,132.7215118408203
2,816,3.467010974884033,1.4615917205810547,132.72572326660156
2,817,3.558072566986084,1.4986861944198608,132.7322235107422
2,818,3.5135133266448975,1.6163828372955322,132.73599243164062
2,819,3.674471139907837,1.5274417400360107,132.74090576171875
2,820,3.4833860397338867,1.4807208776474,132.7435302734375
2,821,3.5340328216552734,1.560386061668396,132.74777221679688
2,822,3.5406100749969482,1.5085797309875488,132.75198364257812
2,823,3.483860969543457,1.5204529762268066,132.756103515625
2,824,3.4984195232391357,1.65849769115448,132.7602081298828
2,825,3.5287952423095703,1.5464107990264893,132.7647247314453
2,826,3.2454617023468018,1.4194025993347168,132.76947021484375
2,827,3.4387574195861816,1.5322468280792236,132.77293395996094
2,828,3.440303325653076,1.5306605100631714,132.77748107910156
2,829,3.703249454498291,1.532292127609253,132.78126525878906
2,830,3.394507646560669,1.4399244785308838,132.78573608398438
2,831,3.5577261447906494,1.5149352550506592,132.7897491455078
2,832,3.498375654220581,1.489518404006958,132.79383850097656
2,833,3.6721229553222656,1.662230134010315,132.7980194091797
2,834,3.4282076358795166,1.4962762594223022,132.80184936523438
2,835,3.438417911529541,1.4631844758987427,132.80458068847656
2,836,3.4447500705718994,1.4738566875457764,132.80908203125
2,837,3.3097758293151855,1.5077589750289917,132.81210327148438
2,838,3.543114423751831,1.5935864448547363,132.81478881835938
2,839,3.5590853691101074,1.4361299276351929,132.8196258544922
2,840,3.4611682891845703,1.5119235515594482,132.8233184814453
2,841,3.491401433944702,1.5029031038284302,132.826171875
2,842,3.557140827178955,1.5331250429153442,132.83030700683594
2,843,3.581319570541382,1.5482568740844727,132.83547973632812
2,844,3.5516369342803955,1.5868979692459106,132.83946228027344
2,845,3.427482843399048,1.4484281539916992,132.84152221679688
2,846,3.591519832611084,1.6681177616119385,132.84388732910156
2,847,3.4684371948242188,1.488438606262207,132.84603881835938
2,848,3.4138801097869873,1.4738258123397827,132.84844970703125
2,849,3.3958613872528076,1.474287748336792,132.8505401611328
2,850,3.635101318359375,1.4615018367767334,132.85182189941406
2,851,3.3380115032196045,1.5709528923034668,132.85537719726562
2,852,3.54557728767395,1.546958565711975,132.859619140625
2,853,3.4461143016815186,1.5131758451461792,132.86305236816406
2,854,3.4236111640930176,1.5122714042663574,132.86627197265625
2,855,3.4922587871551514,1.6137181520462036,132.8675537109375
2,856,3.528148651123047,1.51691734790802,132.87039184570312
2,857,3.3983044624328613,1.452056646347046,132.87501525878906
2,858,3.5702672004699707,1.5647847652435303,132.87928771972656
2,859,3.6304383277893066,1.5092418193817139,132.8815155029297
2,860,3.5318028926849365,1.4901578426361084,132.8838653564453
2,861,3.4156973361968994,1.5288985967636108,132.88687133789062
2,862,3.536992311477661,1.5026730298995972,132.8892364501953
2,863,3.490518093109131,1.5066776275634766,132.89085388183594
2,864,3.544520854949951,1.5176514387130737,132.89308166503906
2,865,3.35882830619812,1.5641608238220215,132.89703369140625
2,866,3.6454145908355713,1.4781206846237183,132.899169921875
2,867,3.5526647567749023,1.4633527994155884,132.90235900878906
2,868,3.60768985748291,1.5581512451171875,132.90396118164062
2,869,3.4700653553009033,1.5044386386871338,132.90745544433594
2,870,3.493165969848633,1.5272005796432495,132.90968322753906
2,871,3.4339866638183594,1.5773823261260986,132.9119873046875
2,872,3.4900126457214355,1.418377161026001,132.91551208496094
2,873,3.461733102798462,1.3684184551239014,132.9178924560547
2,874,3.5696842670440674,1.5357006788253784,132.92025756835938
2,875,3.521592617034912,1.4375497102737427,132.92251586914062
2,876,3.54666805267334,1.5711263418197632,132.9241180419922
2,877,3.2877180576324463,1.5680229663848877,132.92556762695312
2,878,3.619361639022827,1.501512050628662,132.92820739746094
2,879,3.493866443634033,1.6175458431243896,132.93161010742188
2,880,3.456505298614502,1.6087702512741089,132.93338012695312
2,881,3.353858232498169,1.4201263189315796,132.93592834472656
2,882,3.4769999980926514,1.624229073524475,132.9391326904297
2,883,3.594698429107666,1.6221399307250977,132.9422607421875
2,884,3.372645616531372,1.579611897468567,132.94557189941406
2,885,3.608757734298706,1.6485800743103027,132.94923400878906
2,886,3.5450103282928467,1.6261416673660278,132.95144653320312
2,887,3.591179609298706,1.7510076761245728,132.95445251464844
2,888,3.3696935176849365,1.6379640102386475,132.95668029785156
2,889,3.468008041381836,1.6058180332183838,132.95913696289062
2,890,3.5452497005462646,1.594820261001587,132.9619903564453
2,891,3.53312087059021,1.7021063566207886,132.96493530273438
2,892,3.563234329223633,1.6187491416931152,132.96690368652344
2,893,3.4069790840148926,1.710506796836853,132.96937561035156
2,894,3.4154303073883057,1.5411806106567383,132.97250366210938
2,895,3.545888662338257,1.797590970993042,132.97496032714844
2,896,3.4711198806762695,1.5691869258880615,132.9755859375
2,897,3.5074918270111084,1.7209757566452026,132.9789276123047
2,898,3.4751925468444824,1.6845052242279053,132.98094177246094
2,899,3.5135037899017334,1.5988956689834595,132.9829864501953
2,900,3.3753230571746826,1.6797953844070435,132.98570251464844
2,901,3.374204635620117,1.6132702827453613,132.98939514160156
2,902,3.704767942428589,1.6442798376083374,132.99075317382812
2,903,3.5708963871002197,1.620916724205017,132.99365234375
2,904,3.539088010787964,1.7109830379486084,132.99581909179688
2,905,3.576967716217041,1.6724112033843994,132.99697875976562
2,906,3.4553427696228027,1.5030295848846436,133.00057983398438
2,907,3.572972297668457,1.6030046939849854,133.0043182373047
2,908,3.4387247562408447,1.658538818359375,133.00770568847656
2,909,3.4491617679595947,1.6853787899017334,133.01068115234375
2,910,3.5962841510772705,1.6853069067001343,133.01353454589844
2,911,3.4228079319000244,1.636616826057434,133.0160675048828
2,912,3.6161115169525146,1.7162789106369019,133.0191192626953
2,913,3.645904779434204,1.6839897632598877,133.02133178710938
2,914,3.4068539142608643,1.5555914640426636,133.02313232421875
2,915,3.4084739685058594,1.6066511869430542,133.02569580078125
2,916,3.510956287384033,1.5558565855026245,133.02859497070312
2,917,3.5287749767303467,1.6602425575256348,133.03213500976562
2,918,3.501558303833008,1.6643198728561401,133.0333709716797
2,919,3.5504682064056396,1.555060625076294,133.03536987304688
2,920,3.620811700820923,1.590909481048584,133.0369873046875
2,921,3.4929347038269043,1.677953839302063,133.03897094726562
2,922,3.3910462856292725,1.5939692258834839,133.0408477783203
2,923,3.4366490840911865,1.6457717418670654,133.043212890625
2,924,3.480268716812134,1.6328927278518677,133.04457092285156
2,925,3.3302395343780518,1.6740962266921997,133.04588317871094
2,926,3.6361780166625977,1.638834834098816,133.047119140625
2,927,3.5811846256256104,1.6421462297439575,133.04774475097656
2,928,3.4315149784088135,1.715867042541504,133.05038452148438
2,929,3.490360736846924,1.678273320198059,133.05291748046875
2,930,3.46005916595459,1.6737182140350342,133.0550537109375
2,931,3.3520617485046387,1.6165846586227417,133.05604553222656
2,932,3.511345863342285,1.692413568496704,133.0574951171875
2,933,3.5228779315948486,1.6451722383499146,133.0601806640625
2,934,3.5431859493255615,1.6802090406417847,133.062744140625
2,935,3.6286168098449707,1.600588083267212,133.0634307861328
2,936,3.433149576187134,1.6839735507965088,133.0651092529297
2,937,3.6802988052368164,1.6462782621383667,133.06646728515625
2,938,3.5996456146240234,1.5137810707092285,133.06854248046875
2,939,3.491011381149292,1.5937048196792603,133.07049560546875
2,940,3.4706413745880127,1.6683471202850342,133.07342529296875
2,941,3.577920436859131,1.5919781923294067,133.07672119140625
2,942,3.5803768634796143,1.5810457468032837,133.0784149169922
2,943,3.3729395866394043,1.5820616483688354,133.08155822753906
2,944,3.4714608192443848,1.4818600416183472,133.08311462402344
2,945,3.470242500305176,1.398980975151062,133.08395385742188
2,946,3.579515218734741,1.5112510919570923,133.08700561523438
2,947,3.728950023651123,1.3965634107589722,133.0879364013672
2,948,3.6023149490356445,1.5003492832183838,133.0883331298828
2,949,3.5076687335968018,1.3590283393859863,133.09091186523438
2,950,3.3641703128814697,1.338576316833496,133.0931396484375
2,951,3.5676119327545166,1.4387670755386353,133.0946807861328
2,952,3.6070454120635986,1.3792181015014648,133.09841918945312
2,953,3.5523934364318848,1.4622770547866821,133.09913635253906
2,954,3.6089987754821777,1.5016192197799683,133.10137939453125
2,955,3.3770792484283447,1.3506251573562622,133.10189819335938
2,956,3.4967246055603027,1.4863718748092651,133.10382080078125
2,957,3.50846266746521,1.381766676902771,133.10470581054688
2,958,3.5596673488616943,1.4517813920974731,133.10508728027344
2,959,3.4142394065856934,1.5058428049087524,133.10633850097656
2,960,3.474484920501709,1.3649797439575195,133.10826110839844
2,961,3.4629554748535156,1.4151649475097656,133.11000061035156
2,962,3.3207712173461914,1.3019038438796997,133.11180114746094
2,963,3.501373767852783,1.3667902946472168,133.1147918701172
2,964,3.600907802581787,1.4419121742248535,133.1164093017578
2,965,3.514291524887085,1.4224159717559814,133.11778259277344
2,966,3.5858852863311768,1.4657950401306152,133.11985778808594
2,967,3.5770132541656494,1.52717924118042,133.12033081054688
2,968,3.3595616817474365,1.4778884649276733,133.1195526123047
2,969,3.3951900005340576,1.4644229412078857,133.12132263183594
2,970,3.3823676109313965,1.4892455339431763,133.12252807617188
2,971,3.447082757949829,1.4601927995681763,133.1238555908203
2,972,3.4291083812713623,1.479187250137329,133.12594604492188
2,973,3.439366579055786,1.3757905960083008,133.12840270996094
2,974,3.486257314682007,1.4044182300567627,133.12942504882812
2,975,3.564816474914551,1.4071341753005981,133.13262939453125
2,976,3.403594970703125,1.3877737522125244,133.13519287109375
2,977,3.4218852519989014,1.4356578588485718,133.13726806640625
2,978,3.507150650024414,1.401454210281372,133.13743591308594
2,979,3.652435541152954,1.4710942506790161,133.13893127441406
2,980,3.6142544746398926,1.4790514707565308,133.1407928466797
2,981,3.523346424102783,1.5379739999771118,133.14385986328125
2,982,3.5556116104125977,1.4265989065170288,133.14593505859375
2,983,3.4000027179718018,1.4080394506454468,133.1482391357422
2,984,3.4795546531677246,1.3495534658432007,133.15016174316406
2,985,3.471447706222534,1.4159587621688843,133.15109252929688
2,986,3.3722407817840576,1.3741661310195923,133.15325927734375
2,987,3.5723819732666016,1.3820247650146484,133.1548309326172
2,988,3.453941583633423,1.3459993600845337,133.15733337402344
2,989,3.4792914390563965,1.365774154663086,133.15826416015625
2,990,3.4026174545288086,1.3267598152160645,133.16085815429688
2,991,3.605139970779419,1.3996002674102783,133.161865234375
2,992,3.4202804565429688,1.3042744398117065,133.16265869140625
2,993,3.548092842102051,1.3736200332641602,133.16334533691406
2,994,3.556328058242798,1.565723180770874,133.1641082763672
2,995,3.585514783859253,1.374348521232605,133.1650390625
2,996,3.3179221153259277,1.389449119567871,133.1669158935547
2,997,3.6840219497680664,1.4693008661270142,133.16787719726562
2,998,3.4199767112731934,1.4932838678359985,133.16969299316406
2,999,3.625190258026123,1.4486594200134277,133.1728057861328
2,1000,3.3595962524414062,1.359580397605896,133.1744384765625
3,1,3.0887911319732666,0.8985506296157837,0.0
3,2,3.1895177364349365,1.2041760683059692,9.977755546569824
3,3,3.077514410018921,1.1475919485092163,14.090428352355957
3,4,3.127056360244751,1.3249694108963013,17.23133659362793
3,5,3.118739366531372,1.6419942378997803,19.870141983032227
3,6,3.1581709384918213,1.2408149242401123,22.184030532836914
3,7,3.0600414276123047,1.532897710800171,24.267745971679688
3,8,3.1270663738250732,1.2893136739730835,26.175662994384766
3,9,3.0322043895721436,1.5114840269088745,27.94420623779297
3,10,3.079619884490967,1.4572999477386475,29.599464416503906
3,11,2.8787217140197754,1.52242112159729,31.156116485595703
3,12,3.161651611328125,1.7435141801834106,32.63200759887695
3,13,3.0980656147003174,1.670693039894104,34.03742980957031
3,14,3.2890219688415527,2.1208369731903076,35.37672424316406
3,15,3.2172205448150635,1.8290287256240845,36.66191864013672
3,16,3.2890260219573975,1.6910814046859741,37.89713668823242
3,17,3.2759790420532227,1.6141417026519775,39.08651351928711
3,18,3.109454393386841,1.714748740196228,40.23244857788086
3,19,3.023648500442505,1.6536060571670532,41.34288024902344
3,20,3.247702121734619,1.8093645572662354,42.4179801940918
3,21,3.419508695602417,2.1170270442962646,43.45986557006836
3,22,3.1381099224090576,1.908619999885559,44.47024917602539
3,23,3.29144549369812,2.3320155143737793,45.45477294921875
3,24,3.249066114425659,2.0702505111694336,46.41420364379883
3,25,3.3436267375946045,2.1724700927734375,47.347103118896484
3,26,3.2709927558898926,2.1886119842529297,48.256446838378906
3,27,3.2447445392608643,1.8402704000473022,49.14556121826172
3,28,3.2470080852508545,1.8455053567886353,50.0118408203125
3,29,3.1102964878082275,1.8279138803482056,50.86015319824219
3,30,3.2646477222442627,1.9475295543670654,51.689701080322266
3,31,3.3344082832336426,1.9273695945739746,52.501190185546875
3,32,3.422114849090576,2.090855836868286,53.29616165161133
3,33,3.1935935020446777,2.2314932346343994,54.074825286865234
3,34,3.174992561340332,1.9830418825149536,54.83854675292969
3,35,3.2592122554779053,1.8805781602859497,55.5865478515625
3,36,3.2105846405029297,2.090272903442383,56.322235107421875
3,37,3.3985071182250977,2.013429880142212,57.043922424316406
3,38,3.451186418533325,1.899863600730896,57.75250244140625
3,39,3.3726999759674072,2.070908546447754,58.44699478149414
3,40,3.317417621612549,1.9282283782958984,59.13166046142578
3,41,3.256563186645508,2.1282293796539307,59.80364990234375
3,42,3.293687343597412,2.3425302505493164,60.464561462402344
3,43,3.2687056064605713,2.4474427700042725,61.114078521728516
3,44,3.369413375854492,2.396202564239502,61.754852294921875
3,45,3.30106782913208,2.1703598499298096,62.384735107421875
3,46,3.418757915496826,2.2567996978759766,63.003211975097656
3,47,3.2566089630126953,2.0059871673583984,63.612098693847656
3,48,3.1924548149108887,2.2058420181274414,64.21406555175781
3,49,3.2252984046936035,2.0006208419799805,64.80587005615234
3,50,3.306974172592163,2.16682505607605,65.39091491699219
3,51,3.1966612339019775,1.8333455324172974,65.96644592285156
3,52,3.230105400085449,1.8912409543991089,66.53520965576172
3,53,3.2926056385040283,2.2038352489471436,67.09436798095703
3,54,3.3257761001586914,2.0988895893096924,67.6453628540039
3,55,3.063326835632324,1.8463343381881714,68.18927764892578
3,56,3.1794872283935547,2.0228233337402344,68.72615051269531
3,57,3.4341235160827637,2.089066743850708,69.25623321533203
3,58,3.365375280380249,2.2406201362609863,69.7791519165039
3,59,3.44852352142334,2.3276000022888184,70.2957992553711
3,60,3.3595826625823975,2.417815923690796,70.80543518066406
3,61,3.5036416053771973,2.431227445602417,71.30823516845703
3,62,3.313966751098633,2.2473433017730713,71.80349731445312
3,63,3.41841459274292,2.3102364540100098,72.2931900024414
3,64,3.3987932205200195,2.2840423583984375,72.77889251708984
3,65,3.251352071762085,2.255171060562134,73.25655364990234
3,66,3.2960307598114014,2.26507306098938,73.7311019897461
3,67,3.39603853225708,2.391587495803833,74.19896697998047
3,68,3.4468960762023926,2.312657117843628,74.66067504882812
3,69,3.4927263259887695,2.18829607963562,75.11761474609375
3,70,3.343916177749634,2.1837265491485596,75.56849670410156
3,71,3.345564126968384,2.109285831451416,76.01482391357422
3,72,3.347749948501587,2.093501329421997,76.45579528808594
3,73,3.3826334476470947,2.305241346359253,76.89137268066406
3,74,3.3331806659698486,2.39086651802063,77.322509765625
3,75,3.2907166481018066,2.229644536972046,77.74771118164062
3,76,3.4079623222351074,2.3320047855377197,78.1701431274414
3,77,3.317265272140503,2.3741955757141113,78.58861541748047
3,78,3.4178435802459717,2.4384374618530273,79.00096893310547
3,79,3.325681686401367,2.117003917694092,79.40830993652344
3,80,3.5076372623443604,2.466508626937866,79.8122787475586
3,81,3.394068479537964,2.0950145721435547,80.21048736572266
3,82,3.369380235671997,2.227452039718628,80.60811614990234
3,83,3.381524085998535,2.081247329711914,80.99913024902344
3,84,3.4641308784484863,2.160567283630371,81.38655853271484
3,85,3.4917802810668945,2.2367489337921143,81.7695083618164
3,86,3.309509754180908,2.1287412643432617,82.14995574951172
3,87,3.272456645965576,2.5748965740203857,82.52523803710938
3,88,3.416506052017212,2.1975839138031006,82.89897155761719
3,89,3.3852744102478027,2.224660634994507,83.26773071289062
3,90,3.365687608718872,2.2699134349823,83.63067626953125
3,91,3.314491033554077,2.0856685638427734,83.9903564453125
3,92,3.5082433223724365,2.1543543338775635,84.34745025634766
3,93,3.364118814468384,2.1512908935546875,84.70153045654297
3,94,3.322911024093628,1.9079294204711914,85.05109405517578
3,95,3.331789016723633,1.8548836708068848,85.39952850341797
3,96,3.4501993656158447,2.2408344745635986,85.74496459960938
3,97,3.6682515144348145,2.1389617919921875,86.08509063720703
3,98,3.4958596229553223,2.0620250701904297,86.42198944091797
3,99,3.3977468013763428,2.080590009689331,86.75501251220703
3,100,3.3979926109313965,2.310408115386963,87.08503723144531
3,101,3.491602897644043,2.2418675422668457,87.41331481933594
3,102,3.342890501022339,2.1708595752716064,87.7383804321289
3,103,3.480848789215088,2.1523735523223877,88.05908203125
3,104,3.4402010440826416,2.2089922428131104,88.37733459472656
3,105,3.437293291091919,2.1140060424804688,88.69270324707031
3,106,3.393582820892334,1.95506751537323,89.00492858886719
3,107,3.4303340911865234,2.0093276500701904,89.31415557861328
3,108,3.482147693634033,2.0159006118774414,89.62169647216797
3,109,3.329228162765503,1.928401231765747,89.92616271972656
3,110,3.4194087982177734,2.066704034805298,90.22814178466797
3,111,3.418936252593994,2.104825735092163,90.52655029296875
3,112,3.4087588787078857,2.30153489112854,90.82215881347656
3,113,3.48702335357666,2.1966099739074707,91.11654663085938
3,114,3.544698715209961,2.2612483501434326,91.40686798095703
3,115,3.493572950363159,2.2947447299957275,91.69440460205078
3,116,3.461162567138672,2.202772617340088,91.98028564453125
3,117,3.450669288635254,2.125884532928467,92.26337432861328
3,118,3.5743119716644287,2.1910107135772705,92.54422760009766
3,119,3.4172158241271973,2.216930627822876,92.82281494140625
3,120,3.4058430194854736,2.1768393516540527,93.0988540649414
3,121,3.367697238922119,2.163361072540283,93.37486267089844
3,122,3.380983591079712,2.130039930343628,93.64563751220703
3,123,3.4161670207977295,2.4620296955108643,93.91541290283203
3,124,3.509153127670288,2.404698133468628,94.1817626953125
3,125,3.482175827026367,2.2718074321746826,94.44728088378906
3,126,3.491955041885376,2.272566795349121,94.70881652832031
3,127,3.4629995822906494,2.375617027282715,94.9686508178711
3,128,3.623511552810669,2.3867881298065186,95.2276840209961
3,129,3.526196241378784,2.2949044704437256,95.4829330444336
3,130,3.449301242828369,2.233083486557007,95.7363052368164
3,131,3.5119714736938477,2.336137533187866,95.98867797851562
3,132,3.5780084133148193,2.4618921279907227,96.23809051513672
3,133,3.479721784591675,2.4921672344207764,96.48673248291016
3,134,3.3673970699310303,2.352853298187256,96.7325668334961
3,135,3.286705255508423,2.3016083240509033,96.97716522216797
3,136,3.3987739086151123,2.2906887531280518,97.21890258789062
3,137,3.4379847049713135,2.151432991027832,97.45868682861328
3,138,3.423006296157837,2.245027542114258,97.6962890625
3,139,3.476654052734375,2.2394673824310303,97.93339538574219
3,140,3.350985050201416,2.233537197113037,98.16764831542969
3,141,3.368863582611084,2.3132126331329346,98.40035247802734
3,142,3.3497862815856934,2.1437363624572754,98.63179016113281
3,143,3.422602415084839,2.178849697113037,98.8597183227539
3,144,3.4976041316986084,2.3322043418884277,99.08394622802734
3,145,3.626330614089966,2.42160701751709,99.3100357055664
3,146,3.4666292667388916,2.215155839920044,99.53408813476562
3,147,3.4520041942596436,2.0403859615325928,99.75676727294922
3,148,3.5016613006591797,2.1868278980255127,99.97640991210938
3,149,3.4571726322174072,2.1269400119781494,100.19203186035156
3,150,3.472886323928833,2.087510585784912,100.40909576416016
3,151,3.4505951404571533,2.1024162769317627,100.62445831298828
3,152,3.460963249206543,2.00488018989563,100.8372573852539
3,153,3.533614158630371,2.007587432861328,101.04826354980469
3,154,3.5091943740844727,2.021865129470825,101.25865936279297
3,155,3.3792643547058105,1.9767589569091797,101.46611022949219
3,156,3.5126891136169434,2.011209487915039,101.67312622070312
3,157,3.3779258728027344,2.237811326980591,101.87760925292969
3,158,3.426405191421509,1.9622881412506104,102.08135986328125
3,159,3.3208539485931396,2.1098663806915283,102.28465270996094
3,160,3.3681631088256836,2.0452985763549805,102.48500061035156
3,161,3.465853691101074,2.117039918899536,102.68477630615234
3,162,3.3572216033935547,2.1263270378112793,102.88204956054688
3,163,3.5103840827941895,2.1101629734039307,103.0777359008789
3,164,3.5031845569610596,2.127147674560547,103.2716293334961
3,165,3.4911623001098633,2.2505669593811035,103.46646881103516
3,166,3.601203203201294,2.1515579223632812,103.65898895263672
3,167,3.5446135997772217,1.8901625871658325,103.84870147705078
3,168,3.2897725105285645,1.8967125415802002,104.03658294677734
3,169,3.403888463973999,2.050414800643921,104.22290802001953
3,170,3.569232940673828,2.133855104446411,104.40838623046875
3,171,3.3726985454559326,2.134418487548828,104.59417724609375
3,172,3.464815139770508,2.1466336250305176,104.77877807617188
3,173,3.532371759414673,2.0230891704559326,104.96105194091797
3,174,3.484469175338745,2.021422863006592,105.14112854003906
3,175,3.418653964996338,2.090388536453247,105.32137298583984
3,176,3.4696357250213623,1.966029167175293,105.49957275390625
3,177,3.4966344833374023,2.139864683151245,105.67562866210938
3,178,3.323209285736084,2.041184663772583,105.85136413574219
3,179,3.47223162651062,2.083235025405884,106.0261459350586
3,180,3.6206963062286377,2.1935625076293945,106.1991958618164
3,181,3.3568193912506104,2.1889655590057373,106.36962127685547
3,182,3.4961793422698975,2.395824670791626,106.539306640625
3,183,3.4445953369140625,2.0539236068725586,106.70721435546875
3,184,3.5751123428344727,2.1650607585906982,106.87452697753906
3,185,3.417448043823242,1.951902151107788,107.03984069824219
3,186,3.4523308277130127,2.175899028778076,107.20563507080078
3,187,3.4874794483184814,2.3597917556762695,107.37149810791016
3,188,3.3404970169067383,1.9854191541671753,107.53419494628906
3,189,3.3024420738220215,2.1742286682128906,107.69775390625
3,190,3.3520607948303223,2.057905673980713,107.8590087890625
3,191,3.519014835357666,2.0176000595092773,108.01899719238281
3,192,3.419327974319458,2.0256457328796387,108.17743682861328
3,193,3.403376579284668,1.915540099143982,108.33417510986328
3,194,3.4719600677490234,2.0595502853393555,108.48995208740234
3,195,3.3695850372314453,1.8916051387786865,108.6449203491211
3,196,3.4024317264556885,2.1421656608581543,108.79965209960938
3,197,3.5446512699127197,2.2548575401306152,108.9537353515625
3,198,3.5987870693206787,2.0457568168640137,109.10384368896484
3,199,3.3674778938293457,2.090380907058716,109.25463104248047
3,200,3.354555368423462,2.131171226501465,109.40348052978516
3,201,3.4360342025756836,1.973244309425354,109.55183410644531
3,202,3.450028657913208,1.9066212177276611,109.699462890625
3,203,3.3619930744171143,1.961260199546814,109.84664154052734
3,204,3.559919595718384,1.9616284370422363,109.9919662475586
3,205,3.462155818939209,1.9340198040008545,110.13774108886719
3,206,3.586207866668701,2.15875506401062,110.28026580810547
3,207,3.4346892833709717,1.9643977880477905,110.42272186279297
3,208,3.567554235458374,2.012848377227783,110.56452178955078
3,209,3.5501506328582764,1.9578056335449219,110.70490264892578
3,210,3.5814049243927,1.9360437393188477,110.8450927734375
3,211,3.4160356521606445,1.9575835466384888,110.98499298095703
3,212,3.5313379764556885,1.8446063995361328,111.12332916259766
3,213,3.5828640460968018,1.983193039894104,111.26016998291016
3,214,3.3932104110717773,1.8379641771316528,111.39498138427734
3,215,3.499009132385254,1.8231453895568848,111.53144836425781
3,216,3.48209547996521,1.8943456411361694,111.6673355102539
3,217,3.5178987979888916,1.8806966543197632,111.80138397216797
3,218,3.5645675659179688,1.907938003540039,111.9332046508789
3,219,3.3645243644714355,1.7997068166732788,112.06493377685547
3,220,3.576444387435913,1.8590006828308105,112.19438934326172
3,221,3.538935899734497,1.8881572484970093,112.324462890625
3,222,3.501927137374878,1.9225062131881714,112.45451354980469
3,223,3.499857187271118,1.8429889678955078,112.58203125
3,224,3.6003646850585938,1.9927064180374146,112.70977783203125
3,225,3.476588249206543,1.9085767269134521,112.83705139160156
3,226,3.384368658065796,1.933287262916565,112.96197509765625
3,227,3.6074328422546387,1.8670402765274048,113.08779907226562
3,228,3.496673822402954,1.7957515716552734,113.21217346191406
3,229,3.4013853073120117,1.8405866622924805,113.3356704711914
3,230,3.5584816932678223,1.8703579902648926,113.45681762695312
3,231,3.5852131843566895,1.8252159357070923,113.57746124267578
3,232,3.3312036991119385,2.088589906692505,113.69891357421875
3,233,3.5298221111297607,1.9141995906829834,113.81847381591797
3,234,3.565446138381958,1.8042300939559937,113.93695068359375
3,235,3.411621332168579,1.8732924461364746,114.05410766601562
3,236,3.5035197734832764,1.80374276638031,114.17178344726562
3,237,3.4727184772491455,1.82408607006073,114.28892517089844
3,238,3.634167432785034,1.9181653261184692,114.40449523925781
3,239,3.6065189838409424,1.894911766052246,114.5191421508789
3,240,3.533867597579956,2.1468591690063477,114.63392639160156
3,241,3.4855382442474365,1.7950553894042969,114.74711608886719
3,242,3.297930955886841,1.826798677444458,114.85903930664062
3,243,3.469622850418091,1.9477787017822266,114.97254943847656
3,244,3.3678791522979736,2.1185736656188965,115.08367156982422
3,245,3.4237325191497803,2.0463030338287354,115.19490051269531
3,246,3.4402167797088623,1.980005145072937,115.30408477783203
3,247,3.2977454662323,1.879738211631775,115.41525268554688
3,248,3.6607553958892822,2.156191825866699,115.52182006835938
3,249,3.447082757949829,2.019199848175049,115.63006591796875
3,250,3.47275447845459,2.0217514038085938,115.73731231689453
3,251,3.4331307411193848,1.9060395956039429,115.84291076660156
3,252,3.4534857273101807,1.9219473600387573,115.94903564453125
3,253,3.5609827041625977,2.216351270675659,116.05315399169922
3,254,3.4978835582733154,2.049232006072998,116.156982421875
3,255,3.513037919998169,2.338805913925171,116.26091003417969
3,256,3.494396686553955,2.084479808807373,116.36375427246094
3,257,3.32184100151062,2.0743751525878906,116.46520233154297
3,258,3.4730916023254395,2.117239475250244,116.56647491455078
3,259,3.443931818008423,1.8901771306991577,116.6659164428711
3,260,3.571416139602661,2.043152093887329,116.76715850830078
3,261,3.328629970550537,2.0413639545440674,116.86598205566406
3,262,3.5706067085266113,1.9631187915802002,116.9655990600586
3,263,3.415862798690796,1.964434266090393,117.06558990478516
3,264,3.568166732788086,1.951101541519165,117.16354370117188
3,265,3.5645995140075684,2.057244062423706,117.26091003417969
3,266,3.424975872039795,2.025463342666626,117.35665130615234
3,267,3.4307544231414795,1.8781291246414185,117.45258331298828
3,268,3.4127418994903564,2.0720667839050293,117.54781341552734
3,269,3.3658175468444824,1.8821463584899902,117.6414794921875
3,270,3.4767258167266846,1.8110815286636353,117.73538970947266
3,271,3.5424394607543945,1.6646595001220703,117.8285903930664
3,272,3.444751262664795,1.8963338136672974,117.92173767089844
3,273,3.325310230255127,1.785462737083435,118.01473999023438
3,274,3.4951400756835938,1.7604386806488037,118.1055908203125
3,275,3.5884406566619873,1.9632248878479004,118.19783782958984
3,276,3.60483717918396,1.931624412536621,118.28872680664062
3,277,3.6261467933654785,2.10963773727417,118.3780288696289
3,278,3.5665531158447266,1.8967609405517578,118.46672058105469
3,279,3.2800991535186768,1.7833322286605835,118.55606842041016
3,280,3.449838876724243,1.8102927207946777,118.64495849609375
3,281,3.2958621978759766,1.6963706016540527,118.73334503173828
3,282,3.467402935028076,1.83622145652771,118.81874084472656
3,283,3.562528371810913,1.899023413658142,118.90530395507812
3,284,3.53824782371521,1.7712693214416504,118.99125671386719
3,285,3.573660373687744,1.8442256450653076,119.07762908935547
3,286,3.4977736473083496,1.630798101425171,119.16223907470703
3,287,3.369386672973633,1.7215760946273804,119.24542999267578
3,288,3.381389617919922,1.6358616352081299,119.3285140991211
3,289,3.498361349105835,1.7363871335983276,119.4110107421875
3,290,3.5146260261535645,1.7949234247207642,119.49442291259766
3,291,3.4831466674804688,1.6765724420547485,119.57745361328125
3,292,3.5855705738067627,1.6893235445022583,119.66043853759766
3,293,3.4642813205718994,1.9048068523406982,119.74280548095703
3,294,3.47594952583313,1.8952527046203613,119.8232421875
3,295,3.4751172065734863,1.868803858757019,119.90496063232422
3,296,3.6017887592315674,1.898707389831543,119.9850845336914
3,297,3.578739881515503,1.89149010181427,120.0643310546875
3,298,3.437124729156494,1.9410592317581177,120.14218139648438
3,299,3.437601327896118,1.7264118194580078,120.22085571289062
3,300,3.396667003631592,1.58430814743042,120.29808807373047
3,301,3.4178831577301025,1.6151647567749023,120.37512969970703
3,302,3.5391178131103516,1.7754390239715576,120.45088958740234
3,303,3.530529022216797,1.8048032522201538,120.52796936035156
3,304,3.4290659427642822,1.7488300800323486,120.60397338867188
3,305,3.642500638961792,1.8451085090637207,120.67951965332031
3,306,3.4718449115753174,1.5815695524215698,120.7538833618164
3,307,3.563830614089966,1.7379021644592285,120.82886505126953
3,308,3.53546404838562,1.7605797052383423,120.90447235107422
3,309,3.5509045124053955,1.7265959978103638,120.97943115234375
3,310,3.378044366836548,1.6698380708694458,121.05177307128906
3,311,3.575199604034424,1.7771754264831543,121.1239013671875
3,312,3.5558807849884033,1.7267000675201416,121.19600677490234
3,313,3.423104763031006,1.7466930150985718,121.26971435546875
3,314,3.3360507488250732,1.6686097383499146,121.342041015625
3,315,3.510830879211426,1.7417746782302856,121.41304016113281
3,316,3.3822646141052246,1.8020682334899902,121.48228454589844
3,317,3.386707067489624,1.6172051429748535,121.55284118652344
3,318,3.380714178085327,1.684739112854004,121.62112426757812
3,319,3.455045700073242,1.7313991785049438,121.69055938720703
3,320,3.426274299621582,1.6344441175460815,121.75971221923828
3,321,3.4844107627868652,1.7275047302246094,121.82743835449219
3,322,3.585533380508423,1.697883129119873,121.89613342285156
3,323,3.5099740028381348,1.8068557977676392,121.96279907226562
3,324,3.428051710128784,1.5933209657669067,122.03052520751953
3,325,3.3566975593566895,1.6617523431777954,122.09751892089844
3,326,3.4041810035705566,1.7436583042144775,122.16366577148438
3,327,3.584519386291504,1.794996976852417,122.22964477539062
3,328,3.4942758083343506,1.640730381011963,122.29645538330078
3,329,3.592045307159424,1.6609973907470703,122.36080932617188
3,330,3.3985867500305176,1.5963423252105713,122.42607879638672
3,331,3.4299416542053223,1.6836572885513306,122.4901123046875
3,332,3.436844825744629,1.6525754928588867,122.55476379394531
3,333,3.5023653507232666,1.6752994060516357,122.61888885498047
3,334,3.4438767433166504,1.7092275619506836,122.68135070800781
3,335,3.741577386856079,1.8567568063735962,122.74359893798828
3,336,3.5088307857513428,1.7312538623809814,122.80762481689453
3,337,3.5181212425231934,1.7782871723175049,122.87102508544922
3,338,3.4076602458953857,1.649807095527649,122.93187713623047
3,339,3.3645102977752686,1.7670866250991821,122.99270629882812
3,340,3.552157163619995,1.7445921897888184,123.05403900146484
3,341,3.5701141357421875,1.7800843715667725,123.11502075195312
3,342,3.358889102935791,1.8805903196334839,123.17546844482422
3,343,3.233001708984375,1.7515312433242798,123.23577880859375
3,344,3.516817331314087,1.8309365510940552,123.29556274414062
3,345,3.3964955806732178,1.8569120168685913,123.35343933105469
3,346,3.6218883991241455,2.005178928375244,123.41070556640625
3,347,3.389915943145752,1.894692063331604,123.46769714355469
3,348,3.6098155975341797,1.8238012790679932,123.52716827392578
3,349,3.669950008392334,1.9904581308364868,123.58377838134766
3,350,3.426042318344116,1.9397282600402832,123.64022827148438
3,351,3.6590709686279297,1.9826003313064575,123.69776153564453
3,352,3.550217390060425,1.9245880842208862,123.75533294677734
3,353,3.6444380283355713,2.0195748805999756,123.8123779296875
3,354,3.55155873298645,1.848642349243164,123.86775207519531
3,355,3.601602077484131,1.9332810640335083,123.92312622070312
3,356,3.429478645324707,1.7519073486328125,123.97837829589844
3,357,3.581505298614502,1.8658201694488525,124.03447723388672
3,358,3.481030225753784,1.934431791305542,124.0887451171875
3,359,3.3211543560028076,1.7348265647888184,124.1444320678711
3,360,3.6511926651000977,1.8974004983901978,124.1991195678711
3,361,3.4909191131591797,1.875906229019165,124.25385284423828
3,362,3.5053634643554688,1.959510326385498,124.30843353271484
3,363,3.463386058807373,1.8683834075927734,124.36079406738281
3,364,3.4286434650421143,1.7543084621429443,124.41259002685547
3,365,3.5199971199035645,1.8592323064804077,124.46488952636719
3,366,3.3415584564208984,1.7106413841247559,124.51563262939453
3,367,3.4879961013793945,1.762807011604309,124.56781005859375
3,368,3.648160934448242,1.811610221862793,124.61798095703125
3,369,3.6075377464294434,1.759564995765686,124.66879272460938
3,370,3.540511131286621,1.7360808849334717,124.71884155273438
3,371,3.56364369392395,1.783365249633789,124.77029418945312
3,372,3.41945219039917,1.701093316078186,124.82034301757812
3,373,3.591280460357666,1.8392642736434937,124.8681869506836
3,374,3.5134904384613037,1.6817107200622559,124.91707611083984
3,375,3.4828567504882812,1.7002217769622803,124.96775817871094
3,376,3.3478310108184814,1.7419016361236572,125.01588439941406
3,377,3.4435369968414307,1.6749693155288696,125.06369018554688
3,378,3.4246370792388916,1.602196455001831,125.1125717163086
3,379,3.452672004699707,1.844448208808899,125.15970611572266
3,380,3.5726540088653564,1.787198543548584,125.2076187133789
3,381,3.621213674545288,1.8113399744033813,125.25656127929688
3,382,3.4009463787078857,1.8159204721450806,125.30343627929688
3,383,3.598179578781128,1.846145510673523,125.34881591796875
3,384,3.5186243057250977,1.7460476160049438,125.39561462402344
3,385,3.2686879634857178,1.6007769107818604,125.44330596923828
3,386,3.4061877727508545,1.6809499263763428,125.4893798828125
3,387,3.453282117843628,1.7416725158691406,125.53455352783203
3,388,3.689896583557129,1.7363609075546265,125.58085632324219
3,389,3.549329996109009,1.6854995489120483,125.62614440917969
3,390,3.5383172035217285,1.5276243686676025,125.67082977294922
3,391,3.536802053451538,1.6516335010528564,125.71422576904297
3,392,3.464352607727051,1.517210602760315,125.75789642333984
3,393,3.432631015777588,1.6937121152877808,125.80264282226562
3,394,3.62458872795105,1.782397747039795,125.84689331054688
3,395,3.6838185787200928,1.7070082426071167,125.89083862304688
3,396,3.398488759994507,1.6253025531768799,125.93392944335938
3,397,3.5504310131073,1.7165615558624268,125.97811126708984
3,398,3.379659652709961,1.5703703165054321,126.02124786376953
3,399,3.545933485031128,1.8986212015151978,126.06311798095703
3,400,3.433140277862549,1.6308361291885376,126.10554504394531
3,401,3.5512146949768066,1.8431445360183716,126.1476821899414
3,402,3.4497921466827393,1.6496754884719849,126.1904296875
3,403,3.5094878673553467,1.7338223457336426,126.23120880126953
3,404,3.6257333755493164,1.885804533958435,126.2735595703125
3,405,3.428316354751587,1.5817949771881104,126.31424713134766
3,406,3.340308904647827,1.6280829906463623,126.35420227050781
3,407,3.6243958473205566,1.5160996913909912,126.39356231689453
3,408,3.6405251026153564,1.7237595319747925,126.43439483642578
3,409,3.4415395259857178,1.6502104997634888,126.47539520263672
3,410,3.5193979740142822,1.7334144115447998,126.51453399658203
3,411,3.4708175659179688,1.5429775714874268,126.55287170410156
3,412,3.5939993858337402,1.6411805152893066,126.59200286865234
3,413,3.3957557678222656,1.5468748807907104,126.63194274902344
3,414,3.612138032913208,1.4617036581039429,126.67153930664062
3,415,3.457052230834961,1.4949408769607544,126.71043395996094
3,416,3.405935287475586,1.5296562910079956,126.74983215332031
3,417,3.4487085342407227,1.612644076347351,126.78854370117188
3,418,3.543837308883667,1.6648908853530884,126.82683563232422
3,419,3.532022476196289,1.6536890268325806,126.86378479003906
3,420,3.4176385402679443,1.6046537160873413,126.90121459960938
3,421,3.402430295944214,1.5212417840957642,126.93789672851562
3,422,3.6155998706817627,1.5908842086791992,126.97476196289062
3,423,3.4895875453948975,1.531115174293518,127.01062774658203
3,424,3.3607308864593506,1.5661418437957764,127.0475845336914
3,425,3.6310887336730957,1.6521369218826294,127.08380126953125
3,426,3.417088747024536,1.629080891609192,127.12061309814453
3,427,3.470304250717163,1.5957624912261963,127.15663146972656
3,428,3.46553111076355,1.662067174911499,127.1935043334961
3,429,3.598649024963379,1.5867102146148682,127.22958374023438
3,430,3.469343900680542,1.5482494831085205,127.26307678222656
3,431,3.3689396381378174,1.550508737564087,127.29898834228516
3,432,3.5627684593200684,1.6483839750289917,127.33235168457031
3,433,3.3717310428619385,1.648298978805542,127.36734771728516
3,434,3.4606480598449707,1.6559110879898071,127.40076446533203
3,435,3.631730079650879,1.631475567817688,127.43445587158203
3,436,3.4752309322357178,1.6946760416030884,127.4673843383789
3,437,3.542368173599243,1.6722842454910278,127.50117492675781
3,438,3.461940050125122,1.508379578590393,127.53397369384766
3,439,3.355219602584839,1.5788414478302002,127.56763458251953
3,440,3.554534673690796,1.5882092714309692,127.60124206542969
3,441,3.42995548248291,1.5071182250976562,127.63380432128906
3,442,3.5072503089904785,1.5930174589157104,127.66734313964844
3,443,3.445866346359253,1.485831618309021,127.7002944946289
3,444,3.427778720855713,1.4646791219711304,127.73310089111328
3,445,3.5177266597747803,1.635850429534912,127.7652359008789
3,446,3.525531530380249,1.4636578559875488,127.79711151123047
3,447,3.539729356765747,1.5545469522476196,127.82918548583984
3,448,3.5012245178222656,1.4871934652328491,127.85960388183594
3,449,3.6680924892425537,1.5290868282318115,127.8912353515625
3,450,3.461165428161621,1.3705028295516968,127.92147064208984
3,451,3.556671142578125,1.5135849714279175,127.95205688476562
3,452,3.58160662651062,1.5424754619598389,127.98448944091797
3,453,3.417900323867798,1.377571702003479,128.01611328125
3,454,3.4096696376800537,1.446522831916809,128.0482635498047
3,455,3.538421869277954,1.5873489379882812,128.08010864257812
3,456,3.5597541332244873,1.4762197732925415,128.1091766357422
3,457,3.4202170372009277,1.3628616333007812,128.13882446289062
3,458,3.570929527282715,1.3781073093414307,128.1685028076172
3,459,3.640240430831909,1.5315678119659424,128.1981658935547
3,460,3.4578189849853516,1.4257714748382568,128.2288360595703
3,461,3.59108829498291,1.5972868204116821,128.25721740722656
3,462,3.578105926513672,1.5831776857376099,128.2864990234375
3,463,3.5731005668640137,1.5918060541152954,128.3157196044922
3,464,3.489118814468384,1.5080037117004395,128.3448944091797
3,465,3.574437379837036,1.505607008934021,128.37306213378906
3,466,3.570908308029175,1.4510694742202759,128.401611328125
3,467,3.3252296447753906,1.488832950592041,128.4304656982422
3,468,3.4802327156066895,1.3807677030563354,128.45819091796875
3,469,3.3973591327667236,1.48643159866333,128.48776245117188
3,470,3.4327456951141357,1.4550813436508179,128.51609802246094
3,471,3.6554486751556396,1.4845874309539795,128.544189453125
3,472,3.4010422229766846,1.4223188161849976,128.57156372070312
3,473,3.4946181774139404,1.644897222518921,128.60000610351562
3,474,3.4101521968841553,1.4407093524932861,128.6278533935547
3,475,3.37080717086792,1.4403033256530762,128.65609741210938
3,476,3.5092718601226807,1.5734354257583618,128.6835479736328
3,477,3.544949531555176,1.4606950283050537,128.71063232421875
3,478,3.393249988555908,1.5092147588729858,128.73805236816406
3,479,3.4020304679870605,1.4167377948760986,128.76454162597656
3,480,3.62784743309021,1.5043984651565552,128.7911376953125
3,481,3.4899227619171143,1.5139203071594238,128.8177490234375
3,482,3.3991081714630127,1.3578276634216309,128.84283447265625
3,483,3.5727009773254395,1.5141702890396118,128.86854553222656
3,484,3.508286476135254,1.544629454612732,128.8961944580078
3,485,3.462977886199951,1.480470061302185,128.92308044433594
3,486,3.465634346008301,1.402381181716919,128.94900512695312
3,487,3.49560809135437,1.5301035642623901,128.97506713867188
3,488,3.4433577060699463,1.5774277448654175,129.00181579589844
3,489,3.4758553504943848,1.5240880250930786,129.02809143066406
3,490,3.5031228065490723,1.5828214883804321,129.05282592773438
3,491,3.4742820262908936,1.5489407777786255,129.07736206054688
3,492,3.5172336101531982,1.5550692081451416,129.10169982910156
3,493,3.322039842605591,1.4967410564422607,129.12542724609375
3,494,3.5028512477874756,1.6003891229629517,129.14892578125
3,495,3.4469950199127197,1.5282692909240723,129.17330932617188
3,496,3.6564626693725586,1.5526070594787598,129.1967010498047
3,497,3.487842321395874,1.5541051626205444,129.21961975097656
3,498,3.5080461502075195,1.5380736589431763,129.2418670654297
3,499,3.398313045501709,1.5133395195007324,129.2663116455078
3,500,3.569610595703125,1.562605619430542,129.2900848388672
3,501,3.4574735164642334,1.427186369895935,129.31454467773438
3,502,3.5909998416900635,1.5851309299468994,129.33755493164062
3,503,3.434962511062622,1.9095700979232788,129.36000061035156
3,504,3.5008420944213867,1.6529972553253174,129.38365173339844
3,505,3.590067148208618,1.5886110067367554,129.40576171875
3,506,3.6493983268737793,1.6215929985046387,129.42898559570312
3,507,3.512216091156006,1.4702955484390259,129.44932556152344
3,508,3.616469144821167,1.5801328420639038,129.47279357910156
3,509,3.4356815814971924,1.5369954109191895,129.49490356445312
3,510,3.492187976837158,1.576034426689148,129.5166778564453
3,511,3.6494555473327637,1.6109373569488525,129.53858947753906
3,512,3.5899336338043213,1.5019508600234985,129.56069946289062
3,513,3.4812629222869873,1.4755395650863647,129.5822296142578
3,514,3.4929704666137695,1.4600545167922974,129.60418701171875
3,515,3.5264368057250977,1.5001224279403687,129.6260223388672
3,516,3.554535150527954,1.4353748559951782,129.6484832763672
3,517,3.4826836585998535,1.4837204217910767,129.67230224609375
3,518,3.4734363555908203,1.3755277395248413,129.69229125976562
3,519,3.587205410003662,1.513188123703003,129.71340942382812
3,520,3.5905661582946777,1.4652302265167236,129.7342071533203
3,521,3.4753005504608154,1.7057099342346191,129.7565460205078
3,522,3.499669313430786,1.490233063697815,129.77781677246094
3,523,3.501091241836548,1.6560955047607422,129.80003356933594
3,524,3.526533842086792,1.8255126476287842,129.8220977783203
3,525,3.5121726989746094,1.5097907781600952,129.84185791015625
3,526,3.478768825531006,1.4791744947433472,129.861328125
3,527,3.386963367462158,1.4959311485290527,129.88035583496094
3,528,3.496095895767212,1.4674938917160034,129.90008544921875
3,529,3.5298495292663574,1.414791226387024,129.9188995361328
3,530,3.468877077102661,1.457026720046997,129.93817138671875
3,531,3.5202245712280273,1.4785559177398682,129.95899963378906
3,532,3.685288667678833,1.5696595907211304,129.97923278808594
3,533,3.5353071689605713,1.5313206911087036,129.99853515625
3,534,3.576235055923462,1.5088510513305664,130.0185546875
3,535,3.556119680404663,1.4974459409713745,130.03866577148438
3,536,3.4326975345611572,1.6959718465805054,130.0579071044922
3,537,3.3346195220947266,1.451934814453125,130.0765838623047
3,538,3.327289342880249,1.459987998008728,130.0961456298828
3,539,3.621272087097168,1.5552291870117188,130.114990234375
3,540,3.407811403274536,1.4762556552886963,130.13302612304688
3,541,3.4394898414611816,1.4759414196014404,130.15103149414062
3,542,3.353750705718994,1.5352274179458618,130.1703338623047
3,543,3.5386412143707275,1.6640853881835938,130.1885986328125
3,544,3.4933321475982666,1.6004794836044312,130.20843505859375
3,545,3.5821712017059326,1.5682002305984497,130.22747802734375
3,546,3.521204948425293,1.535718321800232,130.2447052001953
3,547,3.5596506595611572,1.5279979705810547,130.2643280029297
3,548,3.313786745071411,1.4145618677139282,130.28192138671875
3,549,3.409489870071411,1.4020215272903442,130.29959106445312
3,550,3.5383729934692383,1.5899584293365479,130.3173065185547
3,551,3.413912534713745,1.4185658693313599,130.3352508544922
3,552,3.4087162017822266,1.4399635791778564,130.35348510742188
3,553,3.533789873123169,1.5929771661758423,130.37039184570312
3,554,3.470162868499756,1.619308590888977,130.38711547851562
3,555,3.390812873840332,1.5261071920394897,130.40321350097656
3,556,3.312640905380249,1.5252525806427002,130.421142578125
3,557,3.3740134239196777,1.4182547330856323,130.43911743164062
3,558,3.4600019454956055,1.5672719478607178,130.45635986328125
3,559,3.37290358543396,1.5238878726959229,130.4734649658203
3,560,3.5336341857910156,1.5319331884384155,130.4894256591797
3,561,3.5206310749053955,1.528687834739685,130.50613403320312
3,562,3.455826759338379,1.5213913917541504,130.5223846435547
3,563,3.451399803161621,1.5949350595474243,130.5396270751953
3,564,3.571089267730713,1.5580235719680786,130.55731201171875
3,565,3.5473649501800537,1.5706989765167236,130.57325744628906
3,566,3.483177661895752,1.5029492378234863,130.58924865722656
3,567,3.3878822326660156,1.5442668199539185,130.60398864746094
3,568,3.480268716812134,1.5674501657485962,130.6205596923828
3,569,3.602036952972412,1.6032932996749878,130.6370391845703
3,570,3.4892544746398926,1.6374497413635254,130.65188598632812
3,571,3.5462515354156494,1.6659053564071655,130.66854858398438
3,572,3.383667230606079,1.5589065551757812,130.68527221679688
3,573,3.6026880741119385,1.586630940437317,130.70155334472656
3,574,3.3547792434692383,1.4172357320785522,130.71707153320312
3,575,3.4724369049072266,1.5750395059585571,130.7318572998047
3,576,3.4370410442352295,1.4678581953048706,130.74607849121094
3,577,3.4829297065734863,1.4965978860855103,130.76171875
3,578,3.689984083175659,1.5797414779663086,130.7755126953125
3,579,3.413288116455078,1.4733814001083374,130.78976440429688
3,580,3.429440498352051,1.4859180450439453,130.80471801757812
3,581,3.4073617458343506,1.5005829334259033,130.81983947753906
3,582,3.5960068702697754,1.5497595071792603,130.835205078125
3,583,3.3431496620178223,1.5087460279464722,130.8477783203125
3,584,3.465862274169922,1.5622764825820923,130.86167907714844
3,585,3.6896088123321533,1.6075212955474854,130.8769989013672
3,586,3.369253635406494,1.570491909980774,130.890869140625
3,587,3.509920358657837,1.5043538808822632,130.90594482421875
3,588,3.5837626457214355,1.59970223903656,130.9205780029297
3,589,3.5791733264923096,1.7010858058929443,130.93463134765625
3,590,3.3839941024780273,1.5015202760696411,130.94952392578125
3,591,3.5005111694335938,1.5091902017593384,130.9635467529297
3,592,3.5118305683135986,1.4991204738616943,130.97706604003906
3,593,3.4230124950408936,1.6525837182998657,130.99008178710938
3,594,3.619932174682617,1.5053322315216064,131.00289916992188
3,595,3.518043041229248,1.4620050191879272,131.0164337158203
3,596,3.5124175548553467,1.6010205745697021,131.02940368652344
3,597,3.385913610458374,1.4852429628372192,131.0444793701172
3,598,3.605341672897339,1.7064019441604614,131.0575408935547
3,599,3.4804282188415527,1.6439402103424072,131.07015991210938
3,600,3.5167605876922607,1.5389606952667236,131.0846710205078
3,601,3.3962337970733643,1.4879409074783325,131.09791564941406
3,602,3.43862247467041,1.5532124042510986,131.10923767089844
3,603,3.598755121231079,1.594156265258789,131.1224365234375
3,604,3.4442245960235596,1.563260793685913,131.13531494140625
3,605,3.4585158824920654,1.6067142486572266,131.14920043945312
3,606,3.55733585357666,1.5525860786437988,131.1617431640625
3,607,3.5019567012786865,1.5200221538543701,131.17433166503906
3,608,3.717780590057373,1.6513012647628784,131.1886749267578
3,609,3.439340829849243,1.6550406217575073,131.20242309570312
3,610,3.456411123275757,1.774022102355957,131.21463012695312
3,611,3.332031726837158,1.477851390838623,131.22665405273438
3,612,3.5493953227996826,1.5662736892700195,131.2404327392578
3,613,3.5350308418273926,1.6390668153762817,131.2521209716797
3,614,3.5472822189331055,1.6838551759719849,131.26522827148438
3,615,3.461761474609375,1.5917147397994995,131.27804565429688
3,616,3.5769054889678955,1.7523783445358276,131.29100036621094
3,617,3.587421417236328,1.6239995956420898,131.303466796875
3,618,3.4493424892425537,1.5966625213623047,131.31504821777344
3,619,3.4586308002471924,1.6541991233825684,131.3272705078125
3,620,3.5069258213043213,1.6481342315673828,131.3377227783203
3,621,3.5303943157196045,1.584793210029602,131.349853515625
3,622,3.58937406539917,1.6427868604660034,131.36154174804688
3,623,3.324753761291504,1.4890743494033813,131.37452697753906
3,624,3.5447134971618652,1.627654790878296,131.38523864746094
3,625,3.4223365783691406,1.6564874649047852,131.39599609375
3,626,3.6066946983337402,1.7357858419418335,131.40855407714844
3,627,3.4499547481536865,1.5900219678878784,131.41990661621094
3,628,3.4749839305877686,1.4963500499725342,131.4329833984375
3,629,3.459855556488037,1.6378190517425537,131.44566345214844
3,630,3.5507912635803223,1.6579325199127197,131.45518493652344
3,631,3.5542001724243164,1.5645689964294434,131.46517944335938
3,632,3.356090784072876,1.5369150638580322,131.47586059570312
3,633,3.4837872982025146,1.56483793258667,131.48606872558594
3,634,3.550015449523926,1.5559757947921753,131.497314453125
3,635,3.4988620281219482,1.6363509893417358,131.50843811035156
3,636,3.3874053955078125,1.6401790380477905,131.51919555664062
3,637,3.5362777709960938,1.4901381731033325,131.53021240234375
3,638,3.542118787765503,1.6082795858383179,131.5414276123047
3,639,3.4908554553985596,1.6331684589385986,131.5519256591797
3,640,3.5436394214630127,1.5805681943893433,131.56236267089844
3,641,3.3987526893615723,1.5708599090576172,131.57321166992188
3,642,3.454836368560791,1.6053366661071777,131.5828857421875
3,643,3.48567271232605,1.5530589818954468,131.59246826171875
3,644,3.658283233642578,1.6829100847244263,131.60244750976562
3,645,3.4742047786712646,1.7345490455627441,131.61325073242188
3,646,3.3439230918884277,1.613290548324585,131.62387084960938
3,647,3.394558906555176,1.6074224710464478,131.6328582763672
3,648,3.3895041942596436,1.605951189994812,131.64352416992188
3,649,3.4066264629364014,1.6431506872177124,131.65283203125
3,650,3.4192750453948975,1.6270605325698853,131.6628875732422
3,651,3.5380849838256836,1.624140977859497,131.67369079589844
3,652,3.5527000427246094,1.6423113346099854,131.6837921142578
3,653,3.4294776916503906,1.5929784774780273,131.69354248046875
3,654,3.469869613647461,1.689591884613037,131.7040252685547
3,655,3.577739715576172,2.2870876789093018,131.71246337890625
3,656,3.430161952972412,1.787786841392517,131.7227325439453
3,657,3.54129695892334,1.5966850519180298,131.73223876953125
3,658,3.3134727478027344,1.7740775346755981,131.7424774169922
3,659,3.5568268299102783,1.7964999675750732,131.7517547607422
3,660,3.5263309478759766,1.7743887901306152,131.76345825195312
3,661,3.4016170501708984,2.0887393951416016,131.771240234375
3,662,3.5351245403289795,1.5000075101852417,131.7802734375
3,663,3.556880235671997,1.6083571910858154,131.7898712158203
3,664,3.4803497791290283,1.6921495199203491,131.7996368408203
3,665,3.4728004932403564,1.6329736709594727,131.80963134765625
3,666,3.512681245803833,2.0619006156921387,131.8168487548828
3,667,3.361607551574707,1.6527187824249268,131.82546997070312
3,668,3.5325825214385986,1.7258764505386353,131.83485412597656
3,669,3.505016565322876,1.6328543424606323,131.84503173828125
3,670,3.4525036811828613,1.6655627489089966,131.85308837890625
3,671,3.4283626079559326,1.688663363456726,131.86082458496094
3,672,3.56947660446167,1.767635703086853,131.87045288085938
3,673,3.436924457550049,1.688019871711731,131.87774658203125
3,674,3.440845012664795,1.860159158706665,131.88629150390625
3,675,3.627293825149536,1.7401924133300781,131.8944091796875
3,676,3.3988468647003174,1.5624560117721558,131.90309143066406
3,677,3.5180130004882812,1.6906763315200806,131.91229248046875
3,678,3.625702142715454,1.742050290107727,131.92039489746094
3,679,3.38969087600708,1.6303093433380127,131.92784118652344
3,680,3.6215202808380127,1.715884804725647,131.9359893798828
3,681,3.5423038005828857,1.674460768699646,131.94451904296875
3,682,3.549268960952759,1.6153204441070557,131.95217895507812
3,683,3.506441354751587,1.5375252962112427,131.95982360839844
3,684,3.5023202896118164,1.5988801717758179,131.9672393798828
3,685,3.49222993850708,1.6202632188796997,131.9736328125
3,686,3.6282975673675537,1.6287561655044556,131.98216247558594
3,687,3.489846706390381,1.631248950958252,131.9914093017578
3,688,3.597428798675537,1.7698179483413696,131.99798583984375
3,689,3.5367789268493652,1.5626227855682373,132.00379943847656
3,690,3.4723165035247803,1.682458519935608,132.01100158691406
3,691,3.388749837875366,1.6612434387207031,132.0194091796875
3,692,3.4563963413238525,1.6708592176437378,132.0276336669922
3,693,3.617617607116699,1.620684266090393,132.0349884033203
3,694,3.356661796569824,1.5568677186965942,132.0432586669922
3,695,3.3459811210632324,1.521287441253662,132.05038452148438
3,696,3.392960786819458,1.563713788986206,132.0586395263672
3,697,3.459610939025879,1.6221321821212769,132.0656280517578
3,698,3.5729281902313232,1.6280535459518433,132.07386779785156
3,699,3.5846714973449707,1.5650825500488281,132.0830841064453
3,700,3.4562628269195557,1.6265339851379395,132.09033203125
3,701,3.4582901000976562,1.5761322975158691,132.09793090820312
3,702,3.4467592239379883,1.5283262729644775,132.10704040527344
3,703,3.567296266555786,1.6366198062896729,132.11566162109375
3,704,3.484926462173462,1.7354296445846558,132.12257385253906
3,705,3.561338424682617,1.6233898401260376,132.13023376464844
3,706,3.4946954250335693,1.7034401893615723,132.13693237304688
3,707,3.500544786453247,1.7621291875839233,132.144775390625
3,708,3.4438908100128174,1.6112759113311768,132.15261840820312
3,709,3.3819429874420166,1.668986201286316,132.1599884033203
3,710,3.4864842891693115,1.8129419088363647,132.16734313964844
3,711,3.556209087371826,1.8722668886184692,132.17379760742188
3,712,3.4623827934265137,1.6367031335830688,132.18069458007812
3,713,3.5625813007354736,1.7478907108306885,132.18666076660156
3,714,3.4657649993896484,1.555503249168396,132.19212341308594
3,715,3.359375476837158,1.7512410879135132,132.19952392578125
3,716,3.44353985786438,1.7865359783172607,132.2063446044922
3,717,3.3975460529327393,1.6588661670684814,132.21295166015625
3,718,3.6393980979919434,1.6955149173736572,132.2201690673828
3,719,3.408698081970215,1.6469651460647583,132.22793579101562
3,720,3.380248785018921,1.7153003215789795,132.23471069335938
3,721,3.5150058269500732,1.618112325668335,132.24111938476562
3,722,3.4553117752075195,1.6707522869110107,132.24746704101562
3,723,3.497596263885498,1.7026240825653076,132.25375366210938
3,724,3.554307699203491,1.7046878337860107,132.2598419189453
3,725,3.472247838973999,1.7296746969223022,132.26673889160156
3,726,3.4232163429260254,1.6201435327529907,132.27247619628906
3,727,3.4599597454071045,1.6812841892242432,132.2790069580078
3,728,3.5303633213043213,1.6767770051956177,132.28671264648438
3,729,3.6439273357391357,1.7269234657287598,132.29379272460938
3,730,3.493978977203369,1.6051037311553955,132.3002471923828
3,731,3.568957805633545,1.6471302509307861,132.30442810058594
3,732,3.4998278617858887,1.6123520135879517,132.31060791015625
3,733,3.4864208698272705,1.699629306793213,132.31826782226562
3,734,3.476776599884033,1.6342849731445312,132.3235321044922
3,735,3.472761392593384,1.6756232976913452,132.32859802246094
3,736,3.5197319984436035,1.6604779958724976,132.33432006835938
3,737,3.4153058528900146,1.6149015426635742,132.33895874023438
3,738,3.557029962539673,1.9084198474884033,132.34588623046875
3,739,3.383578062057495,1.6149181127548218,132.3510284423828
3,740,3.4126358032226562,1.5925753116607666,132.3572998046875
3,741,3.5458123683929443,1.5402777194976807,132.36415100097656
3,742,3.574643850326538,1.5529755353927612,132.37030029296875
3,743,3.406689405441284,2.7264866828918457,132.37734985351562
3,744,3.5243256092071533,1.6980196237564087,132.3848876953125
3,745,3.550428867340088,1.5224775075912476,132.3910675048828
3,746,3.505460023880005,1.6948089599609375,132.3970489501953
3,747,3.435079574584961,1.9408988952636719,132.40411376953125
3,748,3.5465266704559326,2.062283992767334,132.409423828125
3,749,3.4370572566986084,1.5143811702728271,132.4142303466797
3,750,3.4364428520202637,1.8932068347930908,132.41896057128906
3,751,3.600811004638672,1.7460582256317139,132.4232940673828
3,752,3.6494102478027344,1.7818593978881836,132.42874145507812
3,753,3.598731279373169,2.121333122253418,132.4336395263672
3,754,3.6088695526123047,1.650854229927063,132.439208984375
3,755,3.571367025375366,1.7221143245697021,132.445068359375
3,756,3.56662917137146,1.7099095582962036,132.45169067382812
3,757,3.552302837371826,1.6715537309646606,132.45767211914062
3,758,3.393470525741577,1.8144234418869019,132.46142578125
3,759,3.5255239009857178,1.662901520729065,132.46697998046875
3,760,3.5449748039245605,1.6480695009231567,132.47235107421875
3,761,3.5903172492980957,1.5819735527038574,132.47813415527344
3,762,3.4570045471191406,1.6325942277908325,132.48423767089844
3,763,3.370814800262451,1.6213043928146362,132.49105834960938
3,764,3.305671215057373,1.6990896463394165,132.4970703125
3,765,3.5510520935058594,1.6023178100585938,132.50332641601562
3,766,3.448089361190796,1.4631940126419067,132.51011657714844
3,767,3.4822049140930176,1.5485366582870483,132.51492309570312
3,768,3.453733205795288,1.5015779733657837,132.52099609375
3,769,3.396279811859131,1.3889299631118774,132.5258331298828
3,770,3.462740182876587,1.46598219871521,132.5306854248047
3,771,3.5850582122802734,1.551186203956604,132.5354461669922
3,772,3.564321756362915,1.6561391353607178,132.5404052734375
3,773,3.3938510417938232,1.6452656984329224,132.5452117919922
3,774,3.517335891723633,1.5817028284072876,132.54881286621094
3,775,3.649899482727051,1.6302932500839233,132.55410766601562
3,776,3.2784807682037354,1.4634870290756226,132.55905151367188
3,777,3.579000234603882,1.616383671760559,132.5625762939453
3,778,3.4047210216522217,1.5701792240142822,132.56643676757812
3,779,3.466810941696167,1.593204140663147,132.57054138183594
3,780,3.4214794635772705,1.5268994569778442,132.5748748779297
3,781,3.442802667617798,1.4888975620269775,132.5804901123047
3,782,3.325030565261841,1.5156115293502808,132.58609008789062
3,783,3.51790452003479,1.4997795820236206,132.5921630859375
3,784,3.395840883255005,1.4165736436843872,132.59768676757812
3,785,3.3765366077423096,1.489369511604309,132.601806640625
3,786,3.5254125595092773,1.4775148630142212,132.60589599609375
3,787,3.6325223445892334,1.5798674821853638,132.6123809814453
3,788,3.3706064224243164,1.4044585227966309,132.61761474609375
3,789,3.4226105213165283,1.5311321020126343,132.62200927734375
3,790,3.493152379989624,1.4874857664108276,132.62733459472656
3,791,3.4918758869171143,1.443597674369812,132.63006591796875
3,792,3.3726119995117188,1.4929161071777344,132.63511657714844
3,793,3.480236530303955,1.5436105728149414,132.63999938964844
3,794,3.5270767211914062,1.534637689590454,132.6451416015625
3,795,3.5125644207000732,1.5140714645385742,132.64889526367188
3,796,3.5060997009277344,1.6074512004852295,132.65313720703125
3,797,3.465254545211792,1.58490788936615,132.65679931640625
3,798,3.357363700866699,1.515312910079956,132.66043090820312
3,799,3.5324440002441406,1.6018356084823608,132.66488647460938
3,800,3.417404890060425,1.8114601373672485,132.66920471191406
3,801,3.6215221881866455,1.590187430381775,132.67367553710938
3,802,3.511802911758423,1.6957120895385742,132.67724609375
3,803,3.506809949874878,1.5202773809432983,132.6810302734375
3,804,3.5167152881622314,1.6275298595428467,132.6856689453125
3,805,3.5219669342041016,1.5989495515823364,132.68856811523438
3,806,3.477154016494751,1.4760174751281738,132.69276428222656
3,807,3.4780547618865967,1.5038933753967285,132.6975860595703
3,808,3.457249164581299,1.4782979488372803,132.7015838623047
3,809,3.586411476135254,1.5360116958618164,132.7050323486328
3,810,3.5568478107452393,1.4415676593780518,132.70806884765625
3,811,3.5509729385375977,1.4360158443450928,132.71144104003906
3,812,3.430710792541504,1.5273665189743042,132.71365356445312
3,813,3.3521037101745605,1.4121307134628296,132.71705627441406
3,814,3.550450563430786,1.3955645561218262,132.72039794921875
3,815,3.4003841876983643,1.4992585182189941,132.72531127929688
3,816,3.514533042907715,1.6296052932739258,132.7291259765625
3,817,3.4175307750701904,1.4515681266784668,132.73281860351562
3,818,3.618025064468384,1.668808937072754,132.73770141601562
3,819,3.5539326667785645,1.5515912771224976,132.7416229248047
3,820,3.4780731201171875,1.5503557920455933,132.7451629638672
3,821,3.511157274246216,1.4621450901031494,132.74871826171875
3,822,3.5871422290802,1.5661455392837524,132.7520294189453
3,823,3.5308330059051514,1.5907841920852661,132.75582885742188
3,824,3.611051082611084,1.6826063394546509,132.7588653564453
3,825,3.4022693634033203,1.5472511053085327,132.762939453125
3,826,3.508723258972168,1.5818986892700195,132.7655029296875
3,827,3.4784932136535645,1.5982528924942017,132.7686309814453
3,828,3.3888514041900635,1.5854804515838623,132.77085876464844
3,829,3.55342960357666,1.5648462772369385,132.77577209472656
3,830,3.5936973094940186,1.6513450145721436,132.7791290283203
3,831,3.544285297393799,1.6041431427001953,132.78274536132812
3,832,3.522510528564453,1.6229808330535889,132.78652954101562
3,833,3.5461602210998535,1.669704556465149,132.78977966308594
3,834,3.4196274280548096,1.714421272277832,132.79299926757812
3,835,3.5006396770477295,1.7409672737121582,132.7974395751953
3,836,3.393664836883545,1.6528879404067993,132.80194091796875
3,837,3.4196276664733887,1.6146129369735718,132.80438232421875
3,838,3.4624485969543457,1.7091965675354004,132.80697631835938
3,839,3.4568161964416504,1.5489603281021118,132.80995178222656
3,840,3.6244285106658936,1.5794092416763306,132.81472778320312
3,841,3.4961774349212646,1.5024422407150269,132.81695556640625
3,842,3.4955179691314697,1.5201303958892822,132.8203887939453
3,843,3.573134183883667,1.5184909105300903,132.82383728027344
3,844,3.513706684112549,1.5869535207748413,132.82647705078125
3,845,3.376217842102051,1.4503108263015747,132.83070373535156
3,846,3.486753225326538,1.4494807720184326,132.8335723876953
3,847,3.4286437034606934,1.4992358684539795,132.8373260498047
3,848,3.500934600830078,1.366801142692566,132.84107971191406
3,849,3.534493923187256,1.4941520690917969,132.8445587158203
3,850,3.5965263843536377,1.5057908296585083,132.8486328125
3,851,3.570502519607544,1.6114846467971802,132.85292053222656
3,852,3.554898738861084,1.4630138874053955,132.8560791015625
3,853,3.628631114959717,1.5239436626434326,132.85943603515625
3,854,3.428633451461792,1.5101124048233032,132.8639678955078
3,855,3.4959702491760254,1.5547856092453003,132.8662109375
3,856,3.3760876655578613,1.6315885782241821,132.86941528320312
3,857,3.4689478874206543,1.58467435836792,132.8716278076172
3,858,3.4130146503448486,1.5246669054031372,132.87496948242188
3,859,3.452909469604492,1.654186725616455,132.8779754638672
3,860,3.518296241760254,1.7033743858337402,132.88059997558594
3,861,3.5769593715667725,1.690770149230957,132.88287353515625
3,862,3.537907361984253,1.7518304586410522,132.8847198486328
3,863,3.456446886062622,1.5563607215881348,132.8870086669922
3,864,3.439967155456543,1.5128977298736572,132.8919219970703
3,865,3.4201836585998535,1.7075707912445068,132.8948974609375
3,866,3.379370927810669,1.5136198997497559,132.8998260498047
3,867,3.6391358375549316,1.6588702201843262,132.90243530273438
3,868,3.565941333770752,1.5522316694259644,132.90463256835938
3,869,3.598294734954834,1.6879786252975464,132.9062042236328
3,870,3.5693256855010986,1.527328610420227,132.90953063964844
3,871,3.4163930416107178,1.5373018980026245,132.91281127929688
3,872,3.5668082237243652,1.561206579208374,132.9143524169922
3,873,3.498063087463379,1.591949462890625,132.91770935058594
3,874,3.5373971462249756,1.5299324989318848,132.9207763671875
3,875,3.536729574203491,1.5509240627288818,132.9237060546875
3,876,3.4301679134368896,1.4845466613769531,132.92625427246094
3,877,3.399030923843384,1.3667287826538086,132.92823791503906
3,878,3.4775946140289307,1.5010687112808228,132.9315948486328
3,879,3.344003200531006,1.4564143419265747,132.9357452392578
3,880,3.4896371364593506,1.3587363958358765,132.9380645751953
3,881,3.5495152473449707,1.5433485507965088,132.94044494628906
3,882,3.528693437576294,1.4621974229812622,132.9418182373047
3,883,3.5936391353607178,1.976335048675537,132.9442596435547
3,884,3.615654945373535,1.4690767526626587,132.94866943359375
3,885,3.5482370853424072,1.547490119934082,132.9493865966797
3,886,3.2841310501098633,1.4070301055908203,132.95040893554688
3,887,3.4701850414276123,1.655110478401184,132.9525604248047
3,888,3.4172348976135254,1.4932695627212524,132.9534149169922
3,889,3.535449504852295,1.4397317171096802,132.9545440673828
3,890,3.5955841541290283,1.4485503435134888,132.95726013183594
3,891,3.5485782623291016,1.5460580587387085,132.95913696289062
3,892,3.4090511798858643,1.3912322521209717,132.9613037109375
3,893,3.375070095062256,1.6862521171569824,132.96298217773438
3,894,3.487433671951294,1.4907286167144775,132.9656982421875
3,895,3.2922067642211914,1.4029738903045654,132.9689178466797
3,896,3.4859087467193604,1.4558453559875488,132.9722900390625
3,897,3.464026689529419,1.5032223463058472,132.9740447998047
3,898,3.615060329437256,1.4489096403121948,132.97769165039062
3,899,3.3313705921173096,1.6387908458709717,132.97962951660156
3,900,3.5205178260803223,1.5108890533447266,132.9825897216797
3,901,3.4437639713287354,1.4556323289871216,132.98370361328125
3,902,3.3836417198181152,1.4958001375198364,132.9866943359375
3,903,3.493489980697632,1.4804164171218872,132.9889373779297
3,904,3.4222004413604736,1.4798418283462524,132.9923553466797
3,905,3.642543077468872,1.4911072254180908,132.99496459960938
3,906,3.401993989944458,1.5660390853881836,132.99562072753906
3,907,3.502636671066284,1.6346170902252197,132.99771118164062
3,908,3.5058045387268066,1.482222318649292,133.00035095214844
3,909,3.55210280418396,1.5786548852920532,133.0042724609375
3,910,3.6993749141693115,1.5312660932540894,133.00648498535156
3,911,3.304276943206787,1.4459036588668823,133.00924682617188
3,912,3.583021640777588,1.620847463607788,133.01141357421875
3,913,3.487636089324951,1.5339001417160034,133.0143585205078
3,914,3.4569218158721924,1.464224100112915,133.0162811279297
3,915,3.4684360027313232,1.5245252847671509,133.01727294921875
3,916,3.401935338973999,1.4974851608276367,133.02052307128906
3,917,3.489116907119751,1.5832561254501343,133.0218505859375
3,918,3.5035269260406494,1.496142029762268,133.02513122558594
3,919,3.4190592765808105,1.4020521640777588,133.02938842773438
3,920,3.6368138790130615,1.5876811742782593,133.0303497314453
3,921,3.500267505645752,1.6450029611587524,133.0338134765625
3,922,3.514148712158203,1.536850929260254,133.03701782226562
3,923,3.4029252529144287,1.5819579362869263,133.03744506835938
3,924,3.345038890838623,1.5099247694015503,133.0386962890625
3,925,3.2310080528259277,1.693698525428772,133.04107666015625
3,926,3.429701805114746,1.626976728439331,133.04354858398438
3,927,3.5572640895843506,1.6306004524230957,133.0452117919922
3,928,3.557908773422241,1.6528301239013672,133.0449676513672
3,929,3.5188002586364746,1.492875337600708,133.0472412109375
3,930,3.4387123584747314,1.5929354429244995,133.04856872558594
3,931,3.5944299697875977,1.6926047801971436,133.05072021484375
3,932,3.489361047744751,1.523137092590332,133.05331420898438
3,933,3.5612611770629883,1.4313801527023315,133.05657958984375
3,934,3.460448980331421,1.49191153049469,133.05897521972656
3,935,3.5285637378692627,1.5198887586593628,133.06027221679688
3,936,3.3945579528808594,1.4329417943954468,133.06199645996094
3,937,3.417095422744751,1.4480843544006348,133.064453125
3,938,3.518991231918335,1.557098388671875,133.06622314453125
3,939,3.658477544784546,1.5555477142333984,133.0680694580078
3,940,3.5157902240753174,1.4792087078094482,133.0698699951172
3,941,3.66213059425354,1.547117829322815,133.07167053222656
3,942,3.5367555618286133,1.4595825672149658,133.07240295410156
3,943,3.448009490966797,1.4649790525436401,133.07493591308594
3,944,3.5271568298339844,1.5716583728790283,133.07791137695312
3,945,3.3848378658294678,1.6158103942871094,133.07809448242188
3,946,3.5334486961364746,1.5406718254089355,133.0795135498047
3,947,3.412130355834961,1.5474255084991455,133.08197021484375
3,948,3.5501651763916016,1.5615546703338623,133.08462524414062
3,949,3.557669162750244,1.619985580444336,133.08694458007812
3,950,3.597033739089966,1.552354097366333,133.08949279785156
3,951,3.479057788848877,1.5157816410064697,133.0902862548828
3,952,3.6436350345611572,1.59836745262146,133.09097290039062
3,953,3.4033422470092773,1.4923181533813477,133.09112548828125
3,954,3.482199192047119,1.4678467512130737,133.0911865234375
3,955,3.4657626152038574,1.5377496480941772,133.0937042236328
3,956,3.463413953781128,1.4521769285202026,133.09576416015625
3,957,3.5335705280303955,1.5084823369979858,133.09686279296875
3,958,3.2734155654907227,1.441730260848999,133.09832763671875
3,959,3.4513707160949707,1.4962676763534546,133.10079956054688
3,960,3.5986814498901367,1.5404478311538696,133.10403442382812
3,961,3.6687674522399902,1.596987009048462,133.10581970214844
3,962,3.463256597518921,1.4817712306976318,133.10736083984375
3,963,3.3792221546173096,1.5407246351242065,133.110107421875
3,964,3.446665048599243,1.5509682893753052,133.11224365234375
3,965,3.5799529552459717,1.6917296648025513,133.11334228515625
3,966,3.6083037853240967,1.6233845949172974,133.11370849609375
3,967,3.4512319564819336,1.6600383520126343,133.11489868164062
3,968,3.4098520278930664,1.5267444849014282,133.1167755126953
3,969,3.5155422687530518,1.5006450414657593,133.11756896972656
3,970,3.5262272357940674,1.5249944925308228,133.1189727783203
3,971,3.5554161071777344,1.570947527885437,133.1201934814453
3,972,3.6114678382873535,1.5378254652023315,133.1210479736328
3,973,3.5750069618225098,1.602766752243042,133.12379455566406
3,974,3.4546968936920166,1.5217170715332031,133.12530517578125
3,975,3.36374831199646,1.5705355405807495,133.12632751464844
3,976,3.6061930656433105,1.5778683423995972,133.12696838378906
3,977,3.516206979751587,1.6515806913375854,133.12977600097656
3,978,3.6251490116119385,1.6553115844726562,133.13124084472656
3,979,3.579840898513794,1.6463052034378052,133.13287353515625
3,980,3.4128856658935547,1.5615814924240112,133.136962890625
3,981,3.4406158924102783,1.5382846593856812,133.13787841796875
3,982,3.5414488315582275,1.651108741760254,133.1381378173828
3,983,3.486114025115967,1.6013957262039185,133.13882446289062
3,984,3.3567874431610107,1.4912166595458984,133.1403045654297
3,985,3.532806634902954,1.5171947479248047,133.1411895751953
3,986,3.6117403507232666,1.62172532081604,133.1426544189453
3,987,3.4952893257141113,1.5869169235229492,133.14590454101562
3,988,3.628432273864746,1.5728535652160645,133.14903259277344
3,989,3.5152933597564697,1.537139892578125,133.1502685546875
3,990,3.4831900596618652,1.6425732374191284,133.15106201171875
3,991,3.4801530838012695,1.618499994277954,133.153076171875
3,992,3.6479415893554688,1.731369137763977,133.1553497314453
3,993,3.4985103607177734,1.7259752750396729,133.1570281982422
3,994,3.5372018814086914,1.7341731786727905,133.15931701660156
3,995,3.464064598083496,1.708725094795227,133.1602020263672
3,996,3.4210593700408936,1.5986011028289795,133.16134643554688
3,997,3.4702799320220947,1.7381645441055298,133.16409301757812
3,998,3.584961414337158,1.723700761795044,133.16549682617188
3,999,3.6267778873443604,1.6707751750946045,133.16714477539062
3,1000,3.5612545013427734,1.6967514753341675,133.16859436035156
