subset,query,n_removed,baseline_loss,filtered_loss,loss_change
0,0,80,3.416595220565796,3.417109727859497,0.0005145072937011719
0,1,80,3.5705320835113525,3.5731284618377686,0.0025963783264160156
0,2,80,3.511489152908325,3.513906955718994,0.0024178028106689453
0,3,80,3.035471200942993,3.035944938659668,0.0004737377166748047
0,4,80,2.886256217956543,2.887765645980835,0.0015094280242919922
0,5,80,3.438019275665283,3.439229726791382,0.0012104511260986328
0,6,80,3.3919477462768555,3.392987012863159,0.001039266586303711
0,7,80,3.4152350425720215,3.4148902893066406,-0.0003447532653808594
0,8,80,3.153089761734009,3.1545827388763428,0.0014929771423339844
0,9,80,3.3304457664489746,3.3300113677978516,-0.0004343986511230469
0,10,80,3.5688881874084473,3.568495273590088,-0.000392913818359375
0,11,80,3.254958391189575,3.257469892501831,0.0025115013122558594
0,12,80,3.4146108627319336,3.4157018661499023,0.00109100341796875
0,13,80,3.8476061820983887,3.847815990447998,0.000209808349609375
0,14,80,3.657538414001465,3.6578681468963623,0.00032973289489746094
0,15,80,3.587043285369873,3.5856595039367676,-0.0013837814331054688
0,16,80,3.9502198696136475,3.949007749557495,-0.0012121200561523438
0,17,80,3.723813772201538,3.725545644760132,0.00173187255859375
0,18,80,2.9297897815704346,2.9303529262542725,0.0005631446838378906
0,19,80,2.5255048274993896,2.5273172855377197,0.0018124580383300781
1,0,80,3.416595220565796,3.4161899089813232,-0.00040531158447265625
1,1,80,3.5705320835113525,3.5717461109161377,0.0012140274047851562
1,2,80,3.511489152908325,3.5115716457366943,8.249282836914062e-05
1,3,80,3.035471200942993,3.0355892181396484,0.00011801719665527344
1,4,80,2.886256217956543,2.8860766887664795,-0.00017952919006347656
1,5,80,3.438019275665283,3.438408136367798,0.00038886070251464844
1,6,80,3.3919477462768555,3.391704797744751,-0.0002429485321044922
1,7,80,3.4152350425720215,3.4158878326416016,0.0006527900695800781
1,8,80,3.153089761734009,3.1541759967803955,0.0010862350463867188
1,9,80,3.3304457664489746,3.3288674354553223,-0.0015783309936523438
1,10,80,3.5688881874084473,3.568816900253296,-7.128715515136719e-05
1,11,80,3.254958391189575,3.2563252449035645,0.0013668537139892578
1,12,80,3.4146108627319336,3.4139771461486816,-0.0006337165832519531
1,13,80,3.8476061820983887,3.8438198566436768,-0.003786325454711914
1,14,80,3.657538414001465,3.657473087310791,-6.532669067382812e-05
1,15,80,3.587043285369873,3.588378429412842,0.00133514404296875
1,16,80,3.9502198696136475,3.9497125148773193,-0.000507354736328125
1,17,80,3.723813772201538,3.7231035232543945,-0.0007102489471435547
1,18,80,2.9297897815704346,2.930694580078125,0.0009047985076904297
1,19,80,2.5255048274993896,2.525909900665283,0.0004050731658935547
2,0,80,3.416595220565796,3.416400194168091,-0.00019502639770507812
2,1,80,3.5705320835113525,3.570469617843628,-6.246566772460938e-05
2,2,80,3.511489152908325,3.51127028465271,-0.00021886825561523438
2,3,80,3.035471200942993,3.0366737842559814,0.0012025833129882812
2,4,80,2.886256217956543,2.8871192932128906,0.0008630752563476562
2,5,80,3.438019275665283,3.438899040222168,0.0008797645568847656
2,6,80,3.3919477462768555,3.39233660697937,0.00038886070251464844
2,7,80,3.4152350425720215,3.416769027709961,0.0015339851379394531
2,8,80,3.153089761734009,3.1558644771575928,0.0027747154235839844
2,9,80,3.3304457664489746,3.331071138381958,0.0006253719329833984
2,10,80,3.5688881874084473,3.569922924041748,0.0010347366333007812
2,11,80,3.254958391189575,3.2549943923950195,3.600120544433594e-05
2,12,80,3.4146108627319336,3.415024995803833,0.00041413307189941406
2,13,80,3.8476061820983887,3.8468406200408936,-0.0007655620574951172
2,14,80,3.657538414001465,3.6588802337646484,0.0013418197631835938
2,15,80,3.587043285369873,3.587089776992798,4.649162292480469e-05
2,16,80,3.9502198696136475,3.950678586959839,0.00045871734619140625
2,17,80,3.723813772201538,3.728734016418457,0.004920244216918945
2,18,80,2.9297897815704346,2.9305849075317383,0.0007951259613037109
2,19,80,2.5255048274993896,2.5241787433624268,-0.0013260841369628906
3,0,80,3.416595220565796,3.4167866706848145,0.0001914501190185547
3,1,80,3.5705320835113525,3.571131944656372,0.0005998611450195312
3,2,80,3.511489152908325,3.5107321739196777,-0.0007569789886474609
3,3,80,3.035471200942993,3.0354433059692383,-2.7894973754882812e-05
3,4,80,2.886256217956543,2.8850224018096924,-0.001233816146850586
3,5,80,3.438019275665283,3.4375431537628174,-0.0004761219024658203
3,6,80,3.3919477462768555,3.3904647827148438,-0.0014829635620117188
3,7,80,3.4152350425720215,3.4126577377319336,-0.0025773048400878906
3,8,80,3.153089761734009,3.1523473262786865,-0.0007424354553222656
3,9,80,3.3304457664489746,3.330082416534424,-0.00036334991455078125
3,10,80,3.5688881874084473,3.5675175189971924,-0.0013706684112548828
3,11,80,3.254958391189575,3.255756139755249,0.0007977485656738281
3,12,80,3.4146108627319336,3.41530704498291,0.0006961822509765625
3,13,80,3.8476061820983887,3.8463356494903564,-0.0012705326080322266
3,14,80,3.657538414001465,3.6579179763793945,0.0003795623779296875
3,15,80,3.587043285369873,3.5874481201171875,0.0004048347473144531
3,16,80,3.9502198696136475,3.948822498321533,-0.0013973712921142578
3,17,80,3.723813772201538,3.7248165607452393,0.0010027885437011719
3,18,80,2.9297897815704346,2.930649518966675,0.0008597373962402344
3,19,80,2.5255048274993896,2.5255846977233887,7.987022399902344e-05
4,0,80,3.416595220565796,3.4173431396484375,0.0007479190826416016
4,1,80,3.5705320835113525,3.573319435119629,0.002787351608276367
4,2,80,3.511489152908325,3.512925148010254,0.001435995101928711
4,3,80,3.035471200942993,3.0354228019714355,-4.839897155761719e-05
4,4,80,2.886256217956543,2.8900680541992188,0.0038118362426757812
4,5,80,3.438019275665283,3.438363790512085,0.0003445148468017578
4,6,80,3.3919477462768555,3.391348123550415,-0.0005996227264404297
4,7,80,3.4152350425720215,3.415238380432129,3.337860107421875e-06
4,8,80,3.153089761734009,3.153421640396118,0.000331878662109375
4,9,80,3.3304457664489746,3.330585241317749,0.00013947486877441406
4,10,80,3.5688881874084473,3.569885492324829,0.000997304916381836
4,11,80,3.254958391189575,3.256169557571411,0.0012111663818359375
4,12,80,3.4146108627319336,3.4149584770202637,0.0003476142883300781
4,13,80,3.8476061820983887,3.849181652069092,0.001575469970703125
4,14,80,3.657538414001465,3.6575839519500732,4.553794860839844e-05
4,15,80,3.587043285369873,3.5878119468688965,0.0007686614990234375
4,16,80,3.9502198696136475,3.9518473148345947,0.0016274452209472656
4,17,80,3.723813772201538,3.7234480381011963,-0.0003657341003417969
4,18,80,2.9297897815704346,2.9296467304229736,-0.0001430511474609375
4,19,80,2.5255048274993896,2.5260908603668213,0.0005860328674316406
5,0,80,3.416595220565796,3.4162232875823975,-0.0003719329833984375
5,1,80,3.5705320835113525,3.5708742141723633,0.0003421306610107422
5,2,80,3.511489152908325,3.510033130645752,-0.0014560222625732422
5,3,80,3.035471200942993,3.0348896980285645,-0.0005815029144287109
5,4,80,2.886256217956543,2.8861498832702637,-0.00010633468627929688
5,5,80,3.438019275665283,3.4385433197021484,0.0005240440368652344
5,6,80,3.3919477462768555,3.391068696975708,-0.0008790493011474609
5,7,80,3.4152350425720215,3.414398193359375,-0.0008368492126464844
5,8,80,3.153089761734009,3.1532654762268066,0.00017571449279785156
5,9,80,3.3304457664489746,3.3301262855529785,-0.00031948089599609375
5,10,80,3.5688881874084473,3.5671892166137695,-0.0016989707946777344
5,11,80,3.254958391189575,3.2552101612091064,0.00025177001953125
5,12,80,3.4146108627319336,3.4151768684387207,0.0005660057067871094
5,13,80,3.8476061820983887,3.8472025394439697,-0.0004036426544189453
5,14,80,3.657538414001465,3.657914161682129,0.0003757476806640625
5,15,80,3.587043285369873,3.5872750282287598,0.00023174285888671875
5,16,80,3.9502198696136475,3.9512641429901123,0.0010442733764648438
5,17,80,3.723813772201538,3.723659038543701,-0.00015473365783691406
5,18,80,2.9297897815704346,2.9294426441192627,-0.000347137451171875
5,19,80,2.5255048274993896,2.524233102798462,-0.0012717247009277344
6,0,80,3.416595220565796,3.415652275085449,-0.0009429454803466797
6,1,80,3.5705320835113525,3.571436882019043,0.0009047985076904297
6,2,80,3.511489152908325,3.511370897293091,-0.000118255615234375
6,3,80,3.035471200942993,3.035966157913208,0.0004949569702148438
6,4,80,2.886256217956543,2.887281656265259,0.0010254383087158203
6,5,80,3.438019275665283,3.439469337463379,0.0014500617980957031
6,6,80,3.3919477462768555,3.3904783725738525,-0.0014693737030029297
6,7,80,3.4152350425720215,3.4134936332702637,-0.0017414093017578125
6,8,80,3.153089761734009,3.152129888534546,-0.0009598731994628906
6,9,80,3.3304457664489746,3.331845760345459,0.001399993896484375
6,10,80,3.5688881874084473,3.5682640075683594,-0.0006241798400878906
6,11,80,3.254958391189575,3.2543656826019287,-0.0005927085876464844
6,12,80,3.4146108627319336,3.415283441543579,0.0006725788116455078
6,13,80,3.8476061820983887,3.8479700088500977,0.0003638267517089844
6,14,80,3.657538414001465,3.6589512825012207,0.0014128684997558594
6,15,80,3.587043285369873,3.586007833480835,-0.001035451889038086
6,16,80,3.9502198696136475,3.9514458179473877,0.0012259483337402344
6,17,80,3.723813772201538,3.726470947265625,0.002657175064086914
6,18,80,2.9297897815704346,2.9301865100860596,0.000396728515625
6,19,80,2.5255048274993896,2.5270979404449463,0.0015931129455566406
7,0,80,3.416595220565796,3.415879487991333,-0.0007157325744628906
7,1,80,3.5705320835113525,3.570465326309204,-6.67572021484375e-05
7,2,80,3.511489152908325,3.5107100009918213,-0.0007791519165039062
7,3,80,3.035471200942993,3.0364367961883545,0.0009655952453613281
7,4,80,2.886256217956543,2.8870372772216797,0.0007810592651367188
7,5,80,3.438019275665283,3.438636064529419,0.0006167888641357422
7,6,80,3.3919477462768555,3.392226219177246,0.000278472900390625
7,7,80,3.4152350425720215,3.416003704071045,0.0007686614990234375
7,8,80,3.153089761734009,3.1541996002197266,0.0011098384857177734
7,9,80,3.3304457664489746,3.3311502933502197,0.0007045269012451172
7,10,80,3.5688881874084473,3.570528745651245,0.0016405582427978516
7,11,80,3.254958391189575,3.2534446716308594,-0.0015137195587158203
7,12,80,3.4146108627319336,3.4150214195251465,0.0004105567932128906
7,13,80,3.8476061820983887,3.847003698348999,-0.0006024837493896484
7,14,80,3.657538414001465,3.6589810848236084,0.0014426708221435547
7,15,80,3.587043285369873,3.5875110626220703,0.0004677772521972656
7,16,80,3.9502198696136475,3.9487924575805664,-0.0014274120330810547
7,17,80,3.723813772201538,3.7272133827209473,0.0033996105194091797
7,18,80,2.9297897815704346,2.92976450920105,-2.5272369384765625e-05
7,19,80,2.5255048274993896,2.5258779525756836,0.0003731250762939453
8,0,80,3.416595220565796,3.4166719913482666,7.677078247070312e-05
8,1,80,3.5705320835113525,3.570122480392456,-0.0004096031188964844
8,2,80,3.511489152908325,3.5112147331237793,-0.00027441978454589844
8,3,80,3.035471200942993,3.0356061458587646,0.00013494491577148438
8,4,80,2.886256217956543,2.8866987228393555,0.0004425048828125
8,5,80,3.438019275665283,3.435790777206421,-0.0022284984588623047
8,6,80,3.3919477462768555,3.3904712200164795,-0.0014765262603759766
8,7,80,3.4152350425720215,3.41568922996521,0.00045418739318847656
8,8,80,3.153089761734009,3.1536097526550293,0.0005199909210205078
8,9,80,3.3304457664489746,3.330551862716675,0.00010609626770019531
8,10,80,3.5688881874084473,3.567112445831299,-0.0017757415771484375
8,11,80,3.254958391189575,3.254641532897949,-0.00031685829162597656
8,12,80,3.4146108627319336,3.4148871898651123,0.00027632713317871094
8,13,80,3.8476061820983887,3.8479788303375244,0.0003726482391357422
8,14,80,3.657538414001465,3.6575121879577637,-2.6226043701171875e-05
8,15,80,3.587043285369873,3.5870468616485596,3.5762786865234375e-06
8,16,80,3.9502198696136475,3.9502224922180176,2.6226043701171875e-06
8,17,80,3.723813772201538,3.723984718322754,0.0001709461212158203
8,18,80,2.9297897815704346,2.930631399154663,0.0008416175842285156
8,19,80,2.5255048274993896,2.523465871810913,-0.0020389556884765625
9,0,80,3.416595220565796,3.4177968502044678,0.001201629638671875
9,1,80,3.5705320835113525,3.571322202682495,0.0007901191711425781
9,2,80,3.511489152908325,3.511042833328247,-0.000446319580078125
9,3,80,3.035471200942993,3.0357260704040527,0.0002548694610595703
9,4,80,2.886256217956543,2.8879384994506836,0.001682281494140625
9,5,80,3.438019275665283,3.4377353191375732,-0.00028395652770996094
9,6,80,3.3919477462768555,3.392115592956543,0.0001678466796875
9,7,80,3.4152350425720215,3.4160523414611816,0.0008172988891601562
9,8,80,3.153089761734009,3.15157151222229,-0.00151824951171875
9,9,80,3.3304457664489746,3.3284878730773926,-0.0019578933715820312
9,10,80,3.5688881874084473,3.569031000137329,0.00014281272888183594
9,11,80,3.254958391189575,3.2544612884521484,-0.0004971027374267578
9,12,80,3.4146108627319336,3.4153313636779785,0.0007205009460449219
9,13,80,3.8476061820983887,3.847377061843872,-0.00022912025451660156
9,14,80,3.657538414001465,3.6571950912475586,-0.00034332275390625
9,15,80,3.587043285369873,3.587343215942383,0.0002999305725097656
9,16,80,3.9502198696136475,3.949920892715454,-0.0002989768981933594
9,17,80,3.723813772201538,3.7244627475738525,0.0006489753723144531
9,18,80,2.9297897815704346,2.930525779724121,0.0007359981536865234
9,19,80,2.5255048274993896,2.5253000259399414,-0.0002048015594482422
10,0,80,3.416595220565796,3.418424129486084,0.001828908920288086
10,1,80,3.5705320835113525,3.5722203254699707,0.001688241958618164
10,2,80,3.511489152908325,3.513427495956421,0.0019383430480957031
10,3,80,3.035471200942993,3.0362987518310547,0.0008275508880615234
10,4,80,2.886256217956543,2.887267827987671,0.0010116100311279297
10,5,80,3.438019275665283,3.437140941619873,-0.0008783340454101562
10,6,80,3.3919477462768555,3.3907854557037354,-0.0011622905731201172
10,7,80,3.4152350425720215,3.4139602184295654,-0.0012748241424560547
10,8,80,3.153089761734009,3.1534438133239746,0.0003540515899658203
10,9,80,3.3304457664489746,3.329044818878174,-0.0014009475708007812
10,10,80,3.5688881874084473,3.570333957672119,0.001445770263671875
10,11,80,3.254958391189575,3.254998207092285,3.981590270996094e-05
10,12,80,3.4146108627319336,3.4144606590270996,-0.00015020370483398438
10,13,80,3.8476061820983887,3.8449747562408447,-0.0026314258575439453
10,14,80,3.657538414001465,3.6569061279296875,-0.0006322860717773438
10,15,80,3.587043285369873,3.5868122577667236,-0.00023102760314941406
10,16,80,3.9502198696136475,3.950838804244995,0.0006189346313476562
10,17,80,3.723813772201538,3.7237842082977295,-2.956390380859375e-05
10,18,80,2.9297897815704346,2.9296388626098633,-0.00015091896057128906
10,19,80,2.5255048274993896,2.5265631675720215,0.001058340072631836
11,0,80,3.416595220565796,3.415597677230835,-0.0009975433349609375
11,1,80,3.5705320835113525,3.570589303970337,5.7220458984375e-05
11,2,80,3.511489152908325,3.511732816696167,0.00024366378784179688
11,3,80,3.035471200942993,3.0354225635528564,-4.863739013671875e-05
11,4,80,2.886256217956543,2.886587381362915,0.0003311634063720703
11,5,80,3.438019275665283,3.4367916584014893,-0.0012276172637939453
11,6,80,3.3919477462768555,3.392491340637207,0.0005435943603515625
11,7,80,3.4152350425720215,3.4142301082611084,-0.001004934310913086
11,8,80,3.153089761734009,3.1526572704315186,-0.0004324913024902344
11,9,80,3.3304457664489746,3.331038475036621,0.0005927085876464844
11,10,80,3.5688881874084473,3.568279981613159,-0.0006082057952880859
11,11,80,3.254958391189575,3.2528092861175537,-0.0021491050720214844
11,12,80,3.4146108627319336,3.4159820079803467,0.001371145248413086
11,13,80,3.8476061820983887,3.8463704586029053,-0.0012357234954833984
11,14,80,3.657538414001465,3.656452178955078,-0.0010862350463867188
11,15,80,3.587043285369873,3.5879623889923096,0.0009191036224365234
11,16,80,3.9502198696136475,3.9491169452667236,-0.0011029243469238281
11,17,80,3.723813772201538,3.723461866378784,-0.00035190582275390625
11,18,80,2.9297897815704346,2.9300990104675293,0.00030922889709472656
11,19,80,2.5255048274993896,2.5242559909820557,-0.0012488365173339844
12,0,80,3.416595220565796,3.4169490337371826,0.00035381317138671875
12,1,80,3.5705320835113525,3.570978879928589,0.0004467964172363281
12,2,80,3.511489152908325,3.513256072998047,0.0017669200897216797
12,3,80,3.035471200942993,3.035029172897339,-0.0004420280456542969
12,4,80,2.886256217956543,2.887488842010498,0.0012326240539550781
12,5,80,3.438019275665283,3.4393856525421143,0.0013663768768310547
12,6,80,3.3919477462768555,3.392887592315674,0.0009398460388183594
12,7,80,3.4152350425720215,3.4140326976776123,-0.0012023448944091797
12,8,80,3.153089761734009,3.1521599292755127,-0.0009298324584960938
12,9,80,3.3304457664489746,3.3301875591278076,-0.0002582073211669922
12,10,80,3.5688881874084473,3.5699994564056396,0.0011112689971923828
12,11,80,3.254958391189575,3.2535505294799805,-0.0014078617095947266
12,12,80,3.4146108627319336,3.4131546020507812,-0.0014562606811523438
12,13,80,3.8476061820983887,3.8468360900878906,-0.0007700920104980469
12,14,80,3.657538414001465,3.656954050064087,-0.0005843639373779297
12,15,80,3.587043285369873,3.586895704269409,-0.0001475811004638672
12,16,80,3.9502198696136475,3.950387477874756,0.00016760826110839844
12,17,80,3.723813772201538,3.7226617336273193,-0.00115203857421875
12,18,80,2.9297897815704346,2.9285383224487305,-0.0012514591217041016
12,19,80,2.5255048274993896,2.524244546890259,-0.0012602806091308594
13,0,80,3.416595220565796,3.41628360748291,-0.0003116130828857422
13,1,80,3.5705320835113525,3.5694100856781006,-0.0011219978332519531
13,2,80,3.511489152908325,3.5119285583496094,0.0004394054412841797
13,3,80,3.035471200942993,3.036229372024536,0.0007581710815429688
13,4,80,2.886256217956543,2.8856804370880127,-0.0005757808685302734
13,5,80,3.438019275665283,3.4386861324310303,0.0006668567657470703
13,6,80,3.3919477462768555,3.392326831817627,0.0003790855407714844
13,7,80,3.4152350425720215,3.416086196899414,0.0008511543273925781
13,8,80,3.153089761734009,3.1534550189971924,0.00036525726318359375
13,9,80,3.3304457664489746,3.3314948081970215,0.001049041748046875
13,10,80,3.5688881874084473,3.5697410106658936,0.0008528232574462891
13,11,80,3.254958391189575,3.255603551864624,0.0006451606750488281
13,12,80,3.4146108627319336,3.4152402877807617,0.000629425048828125
13,13,80,3.8476061820983887,3.8483293056488037,0.0007231235504150391
13,14,80,3.657538414001465,3.657290458679199,-0.000247955322265625
13,15,80,3.587043285369873,3.5870838165283203,4.0531158447265625e-05
13,16,80,3.9502198696136475,3.9495656490325928,-0.0006542205810546875
13,17,80,3.723813772201538,3.7239620685577393,0.00014829635620117188
13,18,80,2.9297897815704346,2.9292116165161133,-0.0005781650543212891
13,19,80,2.5255048274993896,2.5259296894073486,0.0004248619079589844
14,0,80,3.416595220565796,3.4185874462127686,0.0019922256469726562
14,1,80,3.5705320835113525,3.572432041168213,0.0018999576568603516
14,2,80,3.511489152908325,3.5093913078308105,-0.0020978450775146484
14,3,80,3.035471200942993,3.0356364250183105,0.0001652240753173828
14,4,80,2.886256217956543,2.885209798812866,-0.0010464191436767578
14,5,80,3.438019275665283,3.437626838684082,-0.0003924369812011719
14,6,80,3.3919477462768555,3.3909494876861572,-0.0009982585906982422
14,7,80,3.4152350425720215,3.414921998977661,-0.00031304359436035156
14,8,80,3.153089761734009,3.1518325805664062,-0.001257181167602539
14,9,80,3.3304457664489746,3.330263137817383,-0.00018262863159179688
14,10,80,3.5688881874084473,3.5679643154144287,-0.0009238719940185547
14,11,80,3.254958391189575,3.2554991245269775,0.0005407333374023438
14,12,80,3.4146108627319336,3.4145662784576416,-4.458427429199219e-05
14,13,80,3.8476061820983887,3.845341682434082,-0.0022644996643066406
14,14,80,3.657538414001465,3.6575753688812256,3.695487976074219e-05
14,15,80,3.587043285369873,3.5852861404418945,-0.0017571449279785156
14,16,80,3.9502198696136475,3.9509360790252686,0.0007162094116210938
14,17,80,3.723813772201538,3.7228071689605713,-0.0010066032409667969
14,18,80,2.9297897815704346,2.929980754852295,0.00019097328186035156
14,19,80,2.5255048274993896,2.5257654190063477,0.0002605915069580078
15,0,80,3.416595220565796,3.4197816848754883,0.003186464309692383
15,1,80,3.5705320835113525,3.572476863861084,0.0019447803497314453
15,2,80,3.511489152908325,3.51186203956604,0.00037288665771484375
15,3,80,3.035471200942993,3.034672498703003,-0.0007987022399902344
15,4,80,2.886256217956543,2.884497880935669,-0.0017583370208740234
15,5,80,3.438019275665283,3.4371166229248047,-0.0009026527404785156
15,6,80,3.3919477462768555,3.3914730548858643,-0.00047469139099121094
15,7,80,3.4152350425720215,3.416226863861084,0.0009918212890625
15,8,80,3.153089761734009,3.1540915966033936,0.0010018348693847656
15,9,80,3.3304457664489746,3.329681873321533,-0.0007638931274414062
15,10,80,3.5688881874084473,3.569092035293579,0.00020384788513183594
15,11,80,3.254958391189575,3.2565677165985107,0.0016093254089355469
15,12,80,3.4146108627319336,3.4166059494018555,0.001995086669921875
15,13,80,3.8476061820983887,3.8482534885406494,0.0006473064422607422
15,14,80,3.657538414001465,3.6577816009521484,0.00024318695068359375
15,15,80,3.587043285369873,3.5873219966888428,0.00027871131896972656
15,16,80,3.9502198696136475,3.9495396614074707,-0.0006802082061767578
15,17,80,3.723813772201538,3.72756028175354,0.003746509552001953
15,18,80,2.9297897815704346,2.929464817047119,-0.0003249645233154297
15,19,80,2.5255048274993896,2.527191638946533,0.0016868114471435547
16,0,80,3.416595220565796,3.417206287384033,0.0006110668182373047
16,1,80,3.5705320835113525,3.5713908672332764,0.0008587837219238281
16,2,80,3.511489152908325,3.510960340499878,-0.0005288124084472656
16,3,80,3.035471200942993,3.035754919052124,0.0002837181091308594
16,4,80,2.886256217956543,2.8831920623779297,-0.0030641555786132812
16,5,80,3.438019275665283,3.439466714859009,0.001447439193725586
16,6,80,3.3919477462768555,3.391153573989868,-0.0007941722869873047
16,7,80,3.4152350425720215,3.4162235260009766,0.0009884834289550781
16,8,80,3.153089761734009,3.1538021564483643,0.0007123947143554688
16,9,80,3.3304457664489746,3.331049919128418,0.0006041526794433594
16,10,80,3.5688881874084473,3.5680665969848633,-0.0008215904235839844
16,11,80,3.254958391189575,3.2582333087921143,0.0032749176025390625
16,12,80,3.4146108627319336,3.4160470962524414,0.0014362335205078125
16,13,80,3.8476061820983887,3.8475916385650635,-1.4543533325195312e-05
16,14,80,3.657538414001465,3.6581406593322754,0.0006022453308105469
16,15,80,3.587043285369873,3.5867950916290283,-0.00024819374084472656
16,16,80,3.9502198696136475,3.9510982036590576,0.0008783340454101562
16,17,80,3.723813772201538,3.723689079284668,-0.0001246929168701172
16,18,80,2.9297897815704346,2.930140972137451,0.00035119056701660156
16,19,80,2.5255048274993896,2.5276384353637695,0.002133607864379883
17,0,80,3.416595220565796,3.4177088737487793,0.0011136531829833984
17,1,80,3.5705320835113525,3.5706565380096436,0.00012445449829101562
17,2,80,3.511489152908325,3.5122194290161133,0.0007302761077880859
17,3,80,3.035471200942993,3.0348763465881348,-0.0005948543548583984
17,4,80,2.886256217956543,2.883481025695801,-0.0027751922607421875
17,5,80,3.438019275665283,3.436509609222412,-0.0015096664428710938
17,6,80,3.3919477462768555,3.3920884132385254,0.00014066696166992188
17,7,80,3.4152350425720215,3.4109981060028076,-0.004236936569213867
17,8,80,3.153089761734009,3.151740789413452,-0.0013489723205566406
17,9,80,3.3304457664489746,3.329982280731201,-0.0004634857177734375
17,10,80,3.5688881874084473,3.5677483081817627,-0.0011398792266845703
17,11,80,3.254958391189575,3.254038095474243,-0.0009202957153320312
17,12,80,3.4146108627319336,3.4148356914520264,0.00022482872009277344
17,13,80,3.8476061820983887,3.8469302654266357,-0.0006759166717529297
17,14,80,3.657538414001465,3.658031463623047,0.0004930496215820312
17,15,80,3.587043285369873,3.586331605911255,-0.0007116794586181641
17,16,80,3.9502198696136475,3.9504082202911377,0.00018835067749023438
17,17,80,3.723813772201538,3.722700595855713,-0.0011131763458251953
17,18,80,2.9297897815704346,2.928816080093384,-0.0009737014770507812
17,19,80,2.5255048274993896,2.5265867710113525,0.0010819435119628906
18,0,80,3.416595220565796,3.4153857231140137,-0.0012094974517822266
18,1,80,3.5705320835113525,3.5695102214813232,-0.0010218620300292969
18,2,80,3.511489152908325,3.511416435241699,-7.271766662597656e-05
18,3,80,3.035471200942993,3.0351383686065674,-0.00033283233642578125
18,4,80,2.886256217956543,2.886373519897461,0.00011730194091796875
18,5,80,3.438019275665283,3.4376060962677,-0.0004131793975830078
18,6,80,3.3919477462768555,3.393531560897827,0.0015838146209716797
18,7,80,3.4152350425720215,3.4157443046569824,0.0005092620849609375
18,8,80,3.153089761734009,3.1544923782348633,0.0014026165008544922
18,9,80,3.3304457664489746,3.3290205001831055,-0.0014252662658691406
18,10,80,3.5688881874084473,3.569444417953491,0.0005562305450439453
18,11,80,3.254958391189575,3.2534000873565674,-0.0015583038330078125
18,12,80,3.4146108627319336,3.4153597354888916,0.0007488727569580078
18,13,80,3.8476061820983887,3.8484244346618652,0.0008182525634765625
18,14,80,3.657538414001465,3.6568660736083984,-0.0006723403930664062
18,15,80,3.587043285369873,3.587825298309326,0.000782012939453125
18,16,80,3.9502198696136475,3.950075387954712,-0.00014448165893554688
18,17,80,3.723813772201538,3.7238192558288574,5.4836273193359375e-06
18,18,80,2.9297897815704346,2.9298603534698486,7.05718994140625e-05
18,19,80,2.5255048274993896,2.5238826274871826,-0.0016222000122070312
19,0,80,3.416595220565796,3.4167914390563965,0.00019621849060058594
19,1,80,3.5705320835113525,3.5716469287872314,0.0011148452758789062
19,2,80,3.511489152908325,3.5107245445251465,-0.0007646083831787109
19,3,80,3.035471200942993,3.033933401107788,-0.0015377998352050781
19,4,80,2.886256217956543,2.8864665031433105,0.00021028518676757812
19,5,80,3.438019275665283,3.438707113265991,0.0006878376007080078
19,6,80,3.3919477462768555,3.39082670211792,-0.0011210441589355469
19,7,80,3.4152350425720215,3.415278434753418,4.3392181396484375e-05
19,8,80,3.153089761734009,3.1531128883361816,2.3126602172851562e-05
19,9,80,3.3304457664489746,3.3306593894958496,0.000213623046875
19,10,80,3.5688881874084473,3.5684659481048584,-0.0004222393035888672
19,11,80,3.254958391189575,3.25464129447937,-0.0003170967102050781
19,12,80,3.4146108627319336,3.4162445068359375,0.0016336441040039062
19,13,80,3.8476061820983887,3.846989393234253,-0.0006167888641357422
19,14,80,3.657538414001465,3.658949851989746,0.00141143798828125
19,15,80,3.587043285369873,3.5876898765563965,0.0006465911865234375
19,16,80,3.9502198696136475,3.9507994651794434,0.0005795955657958984
19,17,80,3.723813772201538,3.7250516414642334,0.0012378692626953125
19,18,80,2.9297897815704346,2.929969072341919,0.000179290771484375
19,19,80,2.5255048274993896,2.5254645347595215,-4.029273986816406e-05
20,0,80,3.416595220565796,3.416640043258667,4.482269287109375e-05
20,1,80,3.5705320835113525,3.570488691329956,-4.3392181396484375e-05
20,2,80,3.511489152908325,3.5122900009155273,0.0008008480072021484
20,3,80,3.035471200942993,3.0351622104644775,-0.000308990478515625
20,4,80,2.886256217956543,2.885161876678467,-0.0010943412780761719
20,5,80,3.438019275665283,3.4381492137908936,0.00012993812561035156
20,6,80,3.3919477462768555,3.3914120197296143,-0.0005357265472412109
20,7,80,3.4152350425720215,3.4147541522979736,-0.00048089027404785156
20,8,80,3.153089761734009,3.15494966506958,0.001859903335571289
20,9,80,3.3304457664489746,3.3299403190612793,-0.0005054473876953125
20,10,80,3.5688881874084473,3.570136785507202,0.0012485980987548828
20,11,80,3.254958391189575,3.254999876022339,4.1484832763671875e-05
20,12,80,3.4146108627319336,3.4137766361236572,-0.0008342266082763672
20,13,80,3.8476061820983887,3.846933126449585,-0.0006730556488037109
20,14,80,3.657538414001465,3.65625,-0.0012884140014648438
20,15,80,3.587043285369873,3.5861270427703857,-0.0009162425994873047
20,16,80,3.9502198696136475,3.949732542037964,-0.00048732757568359375
20,17,80,3.723813772201538,3.721423625946045,-0.002390146255493164
20,18,80,2.9297897815704346,2.931950092315674,0.002160310745239258
20,19,80,2.5255048274993896,2.527888536453247,0.002383708953857422
21,0,80,3.416595220565796,3.4186925888061523,0.0020973682403564453
21,1,80,3.5705320835113525,3.5703978538513184,-0.0001342296600341797
21,2,80,3.511489152908325,3.511706829071045,0.00021767616271972656
21,3,80,3.035471200942993,3.036318778991699,0.0008475780487060547
21,4,80,2.886256217956543,2.8882267475128174,0.001970529556274414
21,5,80,3.438019275665283,3.440619945526123,0.0026006698608398438
21,6,80,3.3919477462768555,3.3945984840393066,0.002650737762451172
21,7,80,3.4152350425720215,3.414048671722412,-0.001186370849609375
21,8,80,3.153089761734009,3.154189109802246,0.0010993480682373047
21,9,80,3.3304457664489746,3.331183910369873,0.0007381439208984375
21,10,80,3.5688881874084473,3.5708224773406982,0.0019342899322509766
21,11,80,3.254958391189575,3.2546422481536865,-0.0003161430358886719
21,12,80,3.4146108627319336,3.41456937789917,-4.1484832763671875e-05
21,13,80,3.8476061820983887,3.847291946411133,-0.0003142356872558594
21,14,80,3.657538414001465,3.656270742416382,-0.0012676715850830078
21,15,80,3.587043285369873,3.587034225463867,-9.059906005859375e-06
21,16,80,3.9502198696136475,3.950101375579834,-0.00011849403381347656
21,17,80,3.723813772201538,3.7237324714660645,-8.130073547363281e-05
21,18,80,2.9297897815704346,2.927950382232666,-0.0018393993377685547
21,19,80,2.5255048274993896,2.525998592376709,0.0004937648773193359
22,0,80,3.416595220565796,3.4158501625061035,-0.0007450580596923828
22,1,80,3.5705320835113525,3.57008957862854,-0.0004425048828125
22,2,80,3.511489152908325,3.51153302192688,4.38690185546875e-05
22,3,80,3.035471200942993,3.0351850986480713,-0.000286102294921875
22,4,80,2.886256217956543,2.886608362197876,0.0003521442413330078
22,5,80,3.438019275665283,3.438873291015625,0.0008540153503417969
22,6,80,3.3919477462768555,3.391385793685913,-0.0005619525909423828
22,7,80,3.4152350425720215,3.415052652359009,-0.0001823902130126953
22,8,80,3.153089761734009,3.154677152633667,0.0015873908996582031
22,9,80,3.3304457664489746,3.331259250640869,0.0008134841918945312
22,10,80,3.5688881874084473,3.569697380065918,0.0008091926574707031
22,11,80,3.254958391189575,3.2553038597106934,0.00034546852111816406
22,12,80,3.4146108627319336,3.414231777191162,-0.0003790855407714844
22,13,80,3.8476061820983887,3.8449392318725586,-0.002666950225830078
22,14,80,3.657538414001465,3.6568400859832764,-0.0006983280181884766
22,15,80,3.587043285369873,3.589081287384033,0.0020380020141601562
22,16,80,3.9502198696136475,3.951723098754883,0.0015032291412353516
22,17,80,3.723813772201538,3.7262744903564453,0.0024607181549072266
22,18,80,2.9297897815704346,2.9296367168426514,-0.00015306472778320312
22,19,80,2.5255048274993896,2.528693675994873,0.0031888484954833984
23,0,80,3.416595220565796,3.41692852973938,0.0003333091735839844
23,1,80,3.5705320835113525,3.5718259811401367,0.0012938976287841797
23,2,80,3.511489152908325,3.512856960296631,0.001367807388305664
23,3,80,3.035471200942993,3.0379586219787598,0.0024874210357666016
23,4,80,2.886256217956543,2.8873138427734375,0.0010576248168945312
23,5,80,3.438019275665283,3.4405808448791504,0.0025615692138671875
23,6,80,3.3919477462768555,3.392468214035034,0.0005204677581787109
23,7,80,3.4152350425720215,3.4146859645843506,-0.0005490779876708984
23,8,80,3.153089761734009,3.154959201812744,0.0018694400787353516
23,9,80,3.3304457664489746,3.3307032585144043,0.0002574920654296875
23,10,80,3.5688881874084473,3.570159673690796,0.0012714862823486328
23,11,80,3.254958391189575,3.2536985874176025,-0.0012598037719726562
23,12,80,3.4146108627319336,3.414555072784424,-5.5789947509765625e-05
23,13,80,3.8476061820983887,3.847587823867798,-1.8358230590820312e-05
23,14,80,3.657538414001465,3.6576504707336426,0.00011205673217773438
23,15,80,3.587043285369873,3.5856082439422607,-0.0014350414276123047
23,16,80,3.9502198696136475,3.9495151042938232,-0.0007047653198242188
23,17,80,3.723813772201538,3.728177309036255,0.004363536834716797
23,18,80,2.9297897815704346,2.927652597427368,-0.0021371841430664062
23,19,80,2.5255048274993896,2.5252163410186768,-0.0002884864807128906
24,0,80,3.416595220565796,3.416531562805176,-6.365776062011719e-05
24,1,80,3.5705320835113525,3.570896625518799,0.00036454200744628906
24,2,80,3.511489152908325,3.5118496417999268,0.0003604888916015625
24,3,80,3.035471200942993,3.035863161087036,0.00039196014404296875
24,4,80,2.886256217956543,2.8874542713165283,0.0011980533599853516
24,5,80,3.438019275665283,3.438328266143799,0.000308990478515625
24,6,80,3.3919477462768555,3.392484188079834,0.0005364418029785156
24,7,80,3.4152350425720215,3.4160163402557373,0.0007812976837158203
24,8,80,3.153089761734009,3.1530075073242188,-8.225440979003906e-05
24,9,80,3.3304457664489746,3.3305869102478027,0.000141143798828125
24,10,80,3.5688881874084473,3.5683090686798096,-0.0005791187286376953
24,11,80,3.254958391189575,3.255786418914795,0.0008280277252197266
24,12,80,3.4146108627319336,3.416846990585327,0.0022361278533935547
24,13,80,3.8476061820983887,3.8472628593444824,-0.00034332275390625
24,14,80,3.657538414001465,3.6584770679473877,0.0009386539459228516
24,15,80,3.587043285369873,3.5872554779052734,0.00021219253540039062
24,16,80,3.9502198696136475,3.950716972351074,0.0004971027374267578
24,17,80,3.723813772201538,3.7229442596435547,-0.0008695125579833984
24,18,80,2.9297897815704346,2.9291837215423584,-0.0006060600280761719
24,19,80,2.5255048274993896,2.5240683555603027,-0.001436471939086914
25,0,80,3.416595220565796,3.416351556777954,-0.00024366378784179688
25,1,80,3.5705320835113525,3.5710413455963135,0.0005092620849609375
25,2,80,3.511489152908325,3.5099003314971924,-0.0015888214111328125
25,3,80,3.035471200942993,3.0358126163482666,0.0003414154052734375
25,4,80,2.886256217956543,2.8849375247955322,-0.0013186931610107422
25,5,80,3.438019275665283,3.440749168395996,0.0027298927307128906
25,6,80,3.3919477462768555,3.3923139572143555,0.0003662109375
25,7,80,3.4152350425720215,3.4152801036834717,4.506111145019531e-05
25,8,80,3.153089761734009,3.1536285877227783,0.0005388259887695312
25,9,80,3.3304457664489746,3.3298778533935547,-0.0005679130554199219
25,10,80,3.5688881874084473,3.5683703422546387,-0.0005178451538085938
25,11,80,3.254958391189575,3.2566864490509033,0.001728057861328125
25,12,80,3.4146108627319336,3.417314052581787,0.0027031898498535156
25,13,80,3.8476061820983887,3.846447706222534,-0.0011584758758544922
25,14,80,3.657538414001465,3.6582906246185303,0.0007522106170654297
25,15,80,3.587043285369873,3.5889832973480225,0.001940011978149414
25,16,80,3.9502198696136475,3.952152729034424,0.0019328594207763672
25,17,80,3.723813772201538,3.7224040031433105,-0.001409769058227539
25,18,80,2.9297897815704346,2.9289302825927734,-0.0008594989776611328
25,19,80,2.5255048274993896,2.524888753890991,-0.0006160736083984375
26,0,80,3.416595220565796,3.416140556335449,-0.0004546642303466797
26,1,80,3.5705320835113525,3.570768117904663,0.00023603439331054688
26,2,80,3.511489152908325,3.510345220565796,-0.0011439323425292969
26,3,80,3.035471200942993,3.03543758392334,-3.361701965332031e-05
26,4,80,2.886256217956543,2.885854721069336,-0.00040149688720703125
26,5,80,3.438019275665283,3.437939405441284,-7.987022399902344e-05
26,6,80,3.3919477462768555,3.3919641971588135,1.6450881958007812e-05
26,7,80,3.4152350425720215,3.414290189743042,-0.0009448528289794922
26,8,80,3.153089761734009,3.152649164199829,-0.0004405975341796875
26,9,80,3.3304457664489746,3.331599473953247,0.001153707504272461
26,10,80,3.5688881874084473,3.5714921951293945,0.0026040077209472656
26,11,80,3.254958391189575,3.25414776802063,-0.0008106231689453125
26,12,80,3.4146108627319336,3.4152767658233643,0.0006659030914306641
26,13,80,3.8476061820983887,3.8478832244873047,0.0002770423889160156
26,14,80,3.657538414001465,3.6571402549743652,-0.0003981590270996094
26,15,80,3.587043285369873,3.587728500366211,0.0006852149963378906
26,16,80,3.9502198696136475,3.9508979320526123,0.0006780624389648438
26,17,80,3.723813772201538,3.7219622135162354,-0.0018515586853027344
26,18,80,2.9297897815704346,2.9289448261260986,-0.0008449554443359375
26,19,80,2.5255048274993896,2.525521755218506,1.6927719116210938e-05
27,0,80,3.416595220565796,3.4169487953186035,0.0003535747528076172
27,1,80,3.5705320835113525,3.5705034732818604,-2.86102294921875e-05
27,2,80,3.511489152908325,3.510545492172241,-0.0009436607360839844
27,3,80,3.035471200942993,3.0348994731903076,-0.0005717277526855469
27,4,80,2.886256217956543,2.886962652206421,0.0007064342498779297
27,5,80,3.438019275665283,3.4378676414489746,-0.00015163421630859375
27,6,80,3.3919477462768555,3.392353057861328,0.00040531158447265625
27,7,80,3.4152350425720215,3.4148099422454834,-0.00042510032653808594
27,8,80,3.153089761734009,3.1516075134277344,-0.001482248306274414
27,9,80,3.3304457664489746,3.329885721206665,-0.0005600452423095703
27,10,80,3.5688881874084473,3.569030284881592,0.00014209747314453125
27,11,80,3.254958391189575,3.2558348178863525,0.0008764266967773438
27,12,80,3.4146108627319336,3.4173569679260254,0.002746105194091797
27,13,80,3.8476061820983887,3.8472883701324463,-0.0003178119659423828
27,14,80,3.657538414001465,3.6576225757598877,8.416175842285156e-05
27,15,80,3.587043285369873,3.5858426094055176,-0.0012006759643554688
27,16,80,3.9502198696136475,3.948551893234253,-0.0016679763793945312
27,17,80,3.723813772201538,3.7224817276000977,-0.0013320446014404297
27,18,80,2.9297897815704346,2.931108236312866,0.0013184547424316406
27,19,80,2.5255048274993896,2.5253872871398926,-0.00011754035949707031
28,0,80,3.416595220565796,3.4174094200134277,0.0008141994476318359
28,1,80,3.5705320835113525,3.5718088150024414,0.0012767314910888672
28,2,80,3.511489152908325,3.5116217136383057,0.00013256072998046875
28,3,80,3.035471200942993,3.035285711288452,-0.00018548965454101562
28,4,80,2.886256217956543,2.8863046169281006,4.839897155761719e-05
28,5,80,3.438019275665283,3.4393513202667236,0.0013320446014404297
28,6,80,3.3919477462768555,3.3936538696289062,0.0017061233520507812
28,7,80,3.4152350425720215,3.415929079055786,0.0006940364837646484
28,8,80,3.153089761734009,3.1548783779144287,0.0017886161804199219
28,9,80,3.3304457664489746,3.3315207958221436,0.0010750293731689453
28,10,80,3.5688881874084473,3.569253444671631,0.00036525726318359375
28,11,80,3.254958391189575,3.2540438175201416,-0.0009145736694335938
28,12,80,3.4146108627319336,3.4142532348632812,-0.00035762786865234375
28,13,80,3.8476061820983887,3.8463175296783447,-0.0012886524200439453
28,14,80,3.657538414001465,3.657561779022217,2.3365020751953125e-05
28,15,80,3.587043285369873,3.5889341831207275,0.0018908977508544922
28,16,80,3.9502198696136475,3.949141502380371,-0.0010783672332763672
28,17,80,3.723813772201538,3.7255964279174805,0.0017826557159423828
28,18,80,2.9297897815704346,2.928365468978882,-0.0014243125915527344
28,19,80,2.5255048274993896,2.5245792865753174,-0.0009255409240722656
29,0,80,3.416595220565796,3.4168848991394043,0.00028967857360839844
29,1,80,3.5705320835113525,3.5697503089904785,-0.0007817745208740234
29,2,80,3.511489152908325,3.510432004928589,-0.0010571479797363281
29,3,80,3.035471200942993,3.0351319313049316,-0.00033926963806152344
29,4,80,2.886256217956543,2.88642954826355,0.00017333030700683594
29,5,80,3.438019275665283,3.438955545425415,0.0009362697601318359
29,6,80,3.3919477462768555,3.3919358253479004,-1.1920928955078125e-05
29,7,80,3.4152350425720215,3.4158072471618652,0.00057220458984375
29,8,80,3.153089761734009,3.1523730754852295,-0.0007166862487792969
29,9,80,3.3304457664489746,3.3310139179229736,0.0005681514739990234
29,10,80,3.5688881874084473,3.567899465560913,-0.0009887218475341797
29,11,80,3.254958391189575,3.25282621383667,-0.0021321773529052734
29,12,80,3.4146108627319336,3.4165256023406982,0.0019147396087646484
29,13,80,3.8476061820983887,3.8480095863342285,0.00040340423583984375
29,14,80,3.657538414001465,3.657270908355713,-0.0002675056457519531
29,15,80,3.587043285369873,3.58620285987854,-0.0008404254913330078
29,16,80,3.9502198696136475,3.9515204429626465,0.0013005733489990234
29,17,80,3.723813772201538,3.7256593704223633,0.0018455982208251953
29,18,80,2.9297897815704346,2.9280648231506348,-0.0017249584197998047
29,19,80,2.5255048274993896,2.525313138961792,-0.00019168853759765625
30,0,80,3.416595220565796,3.418264865875244,0.0016696453094482422
30,1,80,3.5705320835113525,3.571373224258423,0.0008411407470703125
30,2,80,3.511489152908325,3.510397434234619,-0.0010917186737060547
30,3,80,3.035471200942993,3.0364246368408203,0.0009534358978271484
30,4,80,2.886256217956543,2.885657548904419,-0.0005986690521240234
30,5,80,3.438019275665283,3.4372849464416504,-0.0007343292236328125
30,6,80,3.3919477462768555,3.390058755874634,-0.0018889904022216797
30,7,80,3.4152350425720215,3.414124011993408,-0.0011110305786132812
30,8,80,3.153089761734009,3.153132438659668,4.267692565917969e-05
30,9,80,3.3304457664489746,3.3303186893463135,-0.0001270771026611328
30,10,80,3.5688881874084473,3.568279266357422,-0.0006089210510253906
30,11,80,3.254958391189575,3.2561984062194824,0.0012400150299072266
30,12,80,3.4146108627319336,3.4156036376953125,0.0009927749633789062
30,13,80,3.8476061820983887,3.847947359085083,0.00034117698669433594
30,14,80,3.657538414001465,3.6566286087036133,-0.0009098052978515625
30,15,80,3.587043285369873,3.5867326259613037,-0.00031065940856933594
30,16,80,3.9502198696136475,3.9501521587371826,-6.771087646484375e-05
30,17,80,3.723813772201538,3.7244412899017334,0.0006275177001953125
30,18,80,2.9297897815704346,2.928895950317383,-0.0008938312530517578
30,19,80,2.5255048274993896,2.524115800857544,-0.0013890266418457031
31,0,80,3.416595220565796,3.415748119354248,-0.0008471012115478516
31,1,80,3.5705320835113525,3.570115566253662,-0.0004165172576904297
31,2,80,3.511489152908325,3.5162971019744873,0.004807949066162109
31,3,80,3.035471200942993,3.036057710647583,0.0005865097045898438
31,4,80,2.886256217956543,2.8846185207366943,-0.0016376972198486328
31,5,80,3.438019275665283,3.4409334659576416,0.0029141902923583984
31,6,80,3.3919477462768555,3.393934726715088,0.001986980438232422
31,7,80,3.4152350425720215,3.417536497116089,0.002301454544067383
31,8,80,3.153089761734009,3.1547954082489014,0.0017056465148925781
31,9,80,3.3304457664489746,3.331897020339966,0.001451253890991211
31,10,80,3.5688881874084473,3.5696520805358887,0.0007638931274414062
31,11,80,3.254958391189575,3.2542026042938232,-0.0007557868957519531
31,12,80,3.4146108627319336,3.4142675399780273,-0.00034332275390625
31,13,80,3.8476061820983887,3.844686508178711,-0.0029196739196777344
31,14,80,3.657538414001465,3.658421039581299,0.0008826255798339844
31,15,80,3.587043285369873,3.5862698554992676,-0.0007734298706054688
31,16,80,3.9502198696136475,3.9497487545013428,-0.0004711151123046875
31,17,80,3.723813772201538,3.7228751182556152,-0.0009386539459228516
31,18,80,2.9297897815704346,2.9296648502349854,-0.00012493133544921875
31,19,80,2.5255048274993896,2.5251834392547607,-0.00032138824462890625
32,0,80,3.416595220565796,3.4161410331726074,-0.00045418739318847656
32,1,80,3.5705320835113525,3.571131944656372,0.0005998611450195312
32,2,80,3.511489152908325,3.5121917724609375,0.0007026195526123047
32,3,80,3.035471200942993,3.034846782684326,-0.0006244182586669922
32,4,80,2.886256217956543,2.885523796081543,-0.000732421875
32,5,80,3.438019275665283,3.43795108795166,-6.818771362304688e-05
32,6,80,3.3919477462768555,3.392249584197998,0.0003018379211425781
32,7,80,3.4152350425720215,3.4155805110931396,0.00034546852111816406
32,8,80,3.153089761734009,3.1518940925598145,-0.001195669174194336
32,9,80,3.3304457664489746,3.331134796142578,0.0006890296936035156
32,10,80,3.5688881874084473,3.5684304237365723,-0.000457763671875
32,11,80,3.254958391189575,3.2542502880096436,-0.0007081031799316406
32,12,80,3.4146108627319336,3.4155538082122803,0.0009429454803466797
32,13,80,3.8476061820983887,3.8457417488098145,-0.0018644332885742188
32,14,80,3.657538414001465,3.660327196121216,0.0027887821197509766
32,15,80,3.587043285369873,3.586341381072998,-0.000701904296875
32,16,80,3.9502198696136475,3.9502460956573486,2.6226043701171875e-05
32,17,80,3.723813772201538,3.7227044105529785,-0.0011093616485595703
32,18,80,2.9297897815704346,2.929292678833008,-0.0004971027374267578
32,19,80,2.5255048274993896,2.5271105766296387,0.0016057491302490234
33,0,80,3.416595220565796,3.417262554168701,0.0006673336029052734
33,1,80,3.5705320835113525,3.5708723068237305,0.0003402233123779297
33,2,80,3.511489152908325,3.5136284828186035,0.0021393299102783203
33,3,80,3.035471200942993,3.0354650020599365,-6.198883056640625e-06
33,4,80,2.886256217956543,2.886967182159424,0.0007109642028808594
33,5,80,3.438019275665283,3.437704086303711,-0.0003151893615722656
33,6,80,3.3919477462768555,3.3910248279571533,-0.0009229183197021484
33,7,80,3.4152350425720215,3.41512393951416,-0.00011110305786132812
33,8,80,3.153089761734009,3.153444528579712,0.000354766845703125
33,9,80,3.3304457664489746,3.329040050506592,-0.0014057159423828125
33,10,80,3.5688881874084473,3.569035768508911,0.0001475811004638672
33,11,80,3.254958391189575,3.253999710083008,-0.0009586811065673828
33,12,80,3.4146108627319336,3.4149651527404785,0.0003542900085449219
33,13,80,3.8476061820983887,3.8467109203338623,-0.0008952617645263672
33,14,80,3.657538414001465,3.658968210220337,0.0014297962188720703
33,15,80,3.587043285369873,3.5856785774230957,-0.0013647079467773438
33,16,80,3.9502198696136475,3.9491465091705322,-0.0010733604431152344
33,17,80,3.723813772201538,3.7232065200805664,-0.0006072521209716797
33,18,80,2.9297897815704346,2.9295051097869873,-0.0002846717834472656
33,19,80,2.5255048274993896,2.523798942565918,-0.0017058849334716797
34,0,80,3.416595220565796,3.4159164428710938,-0.0006787776947021484
34,1,80,3.5705320835113525,3.570993661880493,0.000461578369140625
34,2,80,3.511489152908325,3.51168155670166,0.00019240379333496094
34,3,80,3.035471200942993,3.0353758335113525,-9.5367431640625e-05
34,4,80,2.886256217956543,2.885270833969116,-0.0009853839874267578
34,5,80,3.438019275665283,3.437674045562744,-0.0003452301025390625
34,6,80,3.3919477462768555,3.39125657081604,-0.0006911754608154297
34,7,80,3.4152350425720215,3.4148168563842773,-0.0004181861877441406
34,8,80,3.153089761734009,3.1540474891662598,0.0009577274322509766
34,9,80,3.3304457664489746,3.3311469554901123,0.0007011890411376953
34,10,80,3.5688881874084473,3.567936420440674,-0.0009517669677734375
34,11,80,3.254958391189575,3.2542214393615723,-0.0007369518280029297
34,12,80,3.4146108627319336,3.4142305850982666,-0.0003802776336669922
34,13,80,3.8476061820983887,3.847566604614258,-3.9577484130859375e-05
34,14,80,3.657538414001465,3.657729387283325,0.00019097328186035156
34,15,80,3.587043285369873,3.5880661010742188,0.0010228157043457031
34,16,80,3.9502198696136475,3.9504096508026123,0.00018978118896484375
34,17,80,3.723813772201538,3.724200963973999,0.0003871917724609375
34,18,80,2.9297897815704346,2.9306867122650146,0.0008969306945800781
34,19,80,2.5255048274993896,2.5273032188415527,0.001798391342163086
35,0,80,3.416595220565796,3.4157369136810303,-0.000858306884765625
35,1,80,3.5705320835113525,3.571043014526367,0.0005109310150146484
35,2,80,3.511489152908325,3.510673761367798,-0.0008153915405273438
35,3,80,3.035471200942993,3.0352282524108887,-0.0002429485321044922
35,4,80,2.886256217956543,2.885953187942505,-0.00030303001403808594
35,5,80,3.438019275665283,3.438154458999634,0.00013518333435058594
35,6,80,3.3919477462768555,3.3908119201660156,-0.0011358261108398438
35,7,80,3.4152350425720215,3.4157514572143555,0.0005164146423339844
35,8,80,3.153089761734009,3.1531083583831787,1.8596649169921875e-05
35,9,80,3.3304457664489746,3.329514741897583,-0.0009310245513916016
35,10,80,3.5688881874084473,3.5681779384613037,-0.0007102489471435547
35,11,80,3.254958391189575,3.2563652992248535,0.0014069080352783203
35,12,80,3.4146108627319336,3.4142205715179443,-0.0003902912139892578
35,13,80,3.8476061820983887,3.8479743003845215,0.0003681182861328125
35,14,80,3.657538414001465,3.6586480140686035,0.0011096000671386719
35,15,80,3.587043285369873,3.5869743824005127,-6.890296936035156e-05
35,16,80,3.9502198696136475,3.9519035816192627,0.0016837120056152344
35,17,80,3.723813772201538,3.7228200435638428,-0.0009937286376953125
35,18,80,2.9297897815704346,2.9305179119110107,0.0007281303405761719
35,19,80,2.5255048274993896,2.5254263877868652,-7.843971252441406e-05
36,0,80,3.416595220565796,3.4172098636627197,0.0006146430969238281
36,1,80,3.5705320835113525,3.5703155994415283,-0.00021648406982421875
36,2,80,3.511489152908325,3.5111477375030518,-0.0003414154052734375
36,3,80,3.035471200942993,3.0359866619110107,0.0005154609680175781
36,4,80,2.886256217956543,2.886030912399292,-0.00022530555725097656
36,5,80,3.438019275665283,3.4366657733917236,-0.0013535022735595703
36,6,80,3.3919477462768555,3.391331911087036,-0.0006158351898193359
36,7,80,3.4152350425720215,3.4161994457244873,0.0009644031524658203
36,8,80,3.153089761734009,3.1524906158447266,-0.0005991458892822266
36,9,80,3.3304457664489746,3.329233169555664,-0.0012125968933105469
36,10,80,3.5688881874084473,3.568791389465332,-9.679794311523438e-05
36,11,80,3.254958391189575,3.252487897872925,-0.0024704933166503906
36,12,80,3.4146108627319336,3.415976047515869,0.0013651847839355469
36,13,80,3.8476061820983887,3.8461618423461914,-0.0014443397521972656
36,14,80,3.657538414001465,3.6575205326080322,-1.7881393432617188e-05
36,15,80,3.587043285369873,3.5858986377716064,-0.0011446475982666016
36,16,80,3.9502198696136475,3.9503517150878906,0.00013184547424316406
36,17,80,3.723813772201538,3.722555160522461,-0.0012586116790771484
36,18,80,2.9297897815704346,2.928605318069458,-0.0011844635009765625
36,19,80,2.5255048274993896,2.5249156951904297,-0.0005891323089599609
37,0,80,3.416595220565796,3.415849447250366,-0.0007457733154296875
37,1,80,3.5705320835113525,3.5702080726623535,-0.00032401084899902344
37,2,80,3.511489152908325,3.5087125301361084,-0.002776622772216797
37,3,80,3.035471200942993,3.036238193511963,0.0007669925689697266
37,4,80,2.886256217956543,2.8839244842529297,-0.0023317337036132812
37,5,80,3.438019275665283,3.4360835552215576,-0.001935720443725586
37,6,80,3.3919477462768555,3.3927664756774902,0.0008187294006347656
37,7,80,3.4152350425720215,3.412764310836792,-0.002470731735229492
37,8,80,3.153089761734009,3.1547069549560547,0.0016171932220458984
37,9,80,3.3304457664489746,3.3296613693237305,-0.0007843971252441406
37,10,80,3.5688881874084473,3.567373037338257,-0.0015151500701904297
37,11,80,3.254958391189575,3.252962827682495,-0.001995563507080078
37,12,80,3.4146108627319336,3.4131336212158203,-0.0014772415161132812
37,13,80,3.8476061820983887,3.8448221683502197,-0.0027840137481689453
37,14,80,3.657538414001465,3.658175230026245,0.0006368160247802734
37,15,80,3.587043285369873,3.5877864360809326,0.0007431507110595703
37,16,80,3.9502198696136475,3.949845790863037,-0.00037407875061035156
37,17,80,3.723813772201538,3.7260451316833496,0.0022313594818115234
37,18,80,2.9297897815704346,2.927232265472412,-0.002557516098022461
37,19,80,2.5255048274993896,2.527545928955078,0.0020411014556884766
38,0,80,3.416595220565796,3.4163389205932617,-0.0002562999725341797
38,1,80,3.5705320835113525,3.570157527923584,-0.0003745555877685547
38,2,80,3.511489152908325,3.510371208190918,-0.0011179447174072266
38,3,80,3.035471200942993,3.0360660552978516,0.0005948543548583984
38,4,80,2.886256217956543,2.8848893642425537,-0.0013668537139892578
38,5,80,3.438019275665283,3.436535358428955,-0.001483917236328125
38,6,80,3.3919477462768555,3.391792058944702,-0.0001556873321533203
38,7,80,3.4152350425720215,3.4157469272613525,0.0005118846893310547
38,8,80,3.153089761734009,3.153773069381714,0.0006833076477050781
38,9,80,3.3304457664489746,3.33015775680542,-0.0002880096435546875
38,10,80,3.5688881874084473,3.5695478916168213,0.0006597042083740234
38,11,80,3.254958391189575,3.2554116249084473,0.0004532337188720703
38,12,80,3.4146108627319336,3.4137940406799316,-0.0008168220520019531
38,13,80,3.8476061820983887,3.8463358879089355,-0.001270294189453125
38,14,80,3.657538414001465,3.6564743518829346,-0.0010640621185302734
38,15,80,3.587043285369873,3.5870354175567627,-7.867813110351562e-06
38,16,80,3.9502198696136475,3.9498603343963623,-0.00035953521728515625
38,17,80,3.723813772201538,3.7220118045806885,-0.0018019676208496094
38,18,80,2.9297897815704346,2.934640884399414,0.004851102828979492
38,19,80,2.5255048274993896,2.5351688861846924,0.009664058685302734
39,0,80,3.416595220565796,3.416646718978882,5.14984130859375e-05
39,1,80,3.5705320835113525,3.570486307144165,-4.57763671875e-05
39,2,80,3.511489152908325,3.511615037918091,0.000125885009765625
39,3,80,3.035471200942993,3.035374641418457,-9.655952453613281e-05
39,4,80,2.886256217956543,2.8853981494903564,-0.0008580684661865234
39,5,80,3.438019275665283,3.438668727874756,0.0006494522094726562
39,6,80,3.3919477462768555,3.392820358276367,0.0008726119995117188
39,7,80,3.4152350425720215,3.4180562496185303,0.002821207046508789
39,8,80,3.153089761734009,3.1535544395446777,0.0004646778106689453
39,9,80,3.3304457664489746,3.331479787826538,0.0010340213775634766
39,10,80,3.5688881874084473,3.569913387298584,0.0010251998901367188
39,11,80,3.254958391189575,3.256028652191162,0.001070261001586914
39,12,80,3.4146108627319336,3.414116621017456,-0.0004942417144775391
39,13,80,3.8476061820983887,3.8473384380340576,-0.0002677440643310547
39,14,80,3.657538414001465,3.6578965187072754,0.0003581047058105469
39,15,80,3.587043285369873,3.5873212814331055,0.0002779960632324219
39,16,80,3.9502198696136475,3.951418399810791,0.0011985301971435547
39,17,80,3.723813772201538,3.7263479232788086,0.002534151077270508
39,18,80,2.9297897815704346,2.9285671710968018,-0.0012226104736328125
39,19,80,2.5255048274993896,2.5257060527801514,0.00020122528076171875
40,0,80,3.416595220565796,3.413388252258301,-0.003206968307495117
40,1,80,3.5705320835113525,3.5694196224212646,-0.0011124610900878906
40,2,80,3.511489152908325,3.508967876434326,-0.0025212764739990234
40,3,80,3.035471200942993,3.0368447303771973,0.0013735294342041016
40,4,80,2.886256217956543,2.884697675704956,-0.001558542251586914
40,5,80,3.438019275665283,3.4386849403381348,0.0006656646728515625
40,6,80,3.3919477462768555,3.3910903930664062,-0.0008573532104492188
40,7,80,3.4152350425720215,3.4143807888031006,-0.0008542537689208984
40,8,80,3.153089761734009,3.1512629985809326,-0.0018267631530761719
40,9,80,3.3304457664489746,3.3278064727783203,-0.002639293670654297
40,10,80,3.5688881874084473,3.566354274749756,-0.0025339126586914062
40,11,80,3.254958391189575,3.2575576305389404,0.0025992393493652344
40,12,80,3.4146108627319336,3.4128284454345703,-0.0017824172973632812
40,13,80,3.8476061820983887,3.843398094177246,-0.004208087921142578
40,14,80,3.657538414001465,3.655940532684326,-0.0015978813171386719
40,15,80,3.587043285369873,3.586580276489258,-0.0004630088806152344
40,16,80,3.9502198696136475,3.9523391723632812,0.002119302749633789
40,17,80,3.723813772201538,3.7205188274383545,-0.0032949447631835938
40,18,80,2.9297897815704346,2.9281091690063477,-0.001680612564086914
40,19,80,2.5255048274993896,2.5238356590270996,-0.001669168472290039
41,0,80,3.416595220565796,3.416158437728882,-0.0004367828369140625
41,1,80,3.5705320835113525,3.5701379776000977,-0.0003941059112548828
41,2,80,3.511489152908325,3.5111443996429443,-0.0003447532653808594
41,3,80,3.035471200942993,3.034636974334717,-0.0008342266082763672
41,4,80,2.886256217956543,2.8871991634368896,0.0009429454803466797
41,5,80,3.438019275665283,3.44016695022583,0.002147674560546875
41,6,80,3.3919477462768555,3.3938140869140625,0.0018663406372070312
41,7,80,3.4152350425720215,3.4157211780548096,0.00048613548278808594
41,8,80,3.153089761734009,3.153402805328369,0.00031304359436035156
41,9,80,3.3304457664489746,3.330738067626953,0.0002923011779785156
41,10,80,3.5688881874084473,3.5672028064727783,-0.0016853809356689453
41,11,80,3.254958391189575,3.253803253173828,-0.0011551380157470703
41,12,80,3.4146108627319336,3.415771245956421,0.0011603832244873047
41,13,80,3.8476061820983887,3.8464558124542236,-0.001150369644165039
41,14,80,3.657538414001465,3.658238172531128,0.0006997585296630859
41,15,80,3.587043285369873,3.5881330966949463,0.0010898113250732422
41,16,80,3.9502198696136475,3.949087142944336,-0.0011327266693115234
41,17,80,3.723813772201538,3.7251052856445312,0.001291513442993164
41,18,80,2.9297897815704346,2.927752733230591,-0.00203704833984375
41,19,80,2.5255048274993896,2.525141477584839,-0.00036334991455078125
42,0,80,3.416595220565796,3.4166576862335205,6.246566772460938e-05
42,1,80,3.5705320835113525,3.5714950561523438,0.0009629726409912109
42,2,80,3.511489152908325,3.5129823684692383,0.001493215560913086
42,3,80,3.035471200942993,3.0347225666046143,-0.0007486343383789062
42,4,80,2.886256217956543,2.8873138427734375,0.0010576248168945312
42,5,80,3.438019275665283,3.4403626918792725,0.002343416213989258
42,6,80,3.3919477462768555,3.392080783843994,0.00013303756713867188
42,7,80,3.4152350425720215,3.4159960746765137,0.0007610321044921875
42,8,80,3.153089761734009,3.153447151184082,0.0003573894500732422
42,9,80,3.3304457664489746,3.329927921295166,-0.0005178451538085938
42,10,80,3.5688881874084473,3.5683178901672363,-0.0005702972412109375
42,11,80,3.254958391189575,3.2565102577209473,0.0015518665313720703
42,12,80,3.4146108627319336,3.415325403213501,0.0007145404815673828
42,13,80,3.8476061820983887,3.845625162124634,-0.001981019973754883
42,14,80,3.657538414001465,3.658503532409668,0.000965118408203125
42,15,80,3.587043285369873,3.5873913764953613,0.00034809112548828125
42,16,80,3.9502198696136475,3.9510061740875244,0.0007863044738769531
42,17,80,3.723813772201538,3.724351644515991,0.000537872314453125
42,18,80,2.9297897815704346,2.9298861026763916,9.632110595703125e-05
42,19,80,2.5255048274993896,2.5258982181549072,0.0003933906555175781
43,0,80,3.416595220565796,3.415386438369751,-0.0012087821960449219
43,1,80,3.5705320835113525,3.5695548057556152,-0.0009772777557373047
43,2,80,3.511489152908325,3.5115034580230713,1.430511474609375e-05
43,3,80,3.035471200942993,3.0343146324157715,-0.0011565685272216797
43,4,80,2.886256217956543,2.885374069213867,-0.0008821487426757812
43,5,80,3.438019275665283,3.439061403274536,0.0010421276092529297
43,6,80,3.3919477462768555,3.3924617767333984,0.0005140304565429688
43,7,80,3.4152350425720215,3.414301872253418,-0.0009331703186035156
43,8,80,3.153089761734009,3.152944803237915,-0.00014495849609375
43,9,80,3.3304457664489746,3.330049991607666,-0.00039577484130859375
43,10,80,3.5688881874084473,3.5689098834991455,2.1696090698242188e-05
43,11,80,3.254958391189575,3.2558441162109375,0.0008857250213623047
43,12,80,3.4146108627319336,3.4160428047180176,0.0014319419860839844
43,13,80,3.8476061820983887,3.8445329666137695,-0.0030732154846191406
43,14,80,3.657538414001465,3.657897472381592,0.0003590583801269531
43,15,80,3.587043285369873,3.585801839828491,-0.001241445541381836
43,16,80,3.9502198696136475,3.951282262802124,0.0010623931884765625
43,17,80,3.723813772201538,3.7233009338378906,-0.0005128383636474609
43,18,80,2.9297897815704346,2.9291539192199707,-0.0006358623504638672
43,19,80,2.5255048274993896,2.526495933532715,0.0009911060333251953
44,0,80,3.416595220565796,3.4175472259521484,0.0009520053863525391
44,1,80,3.5705320835113525,3.572061538696289,0.0015294551849365234
44,2,80,3.511489152908325,3.5119383335113525,0.00044918060302734375
44,3,80,3.035471200942993,3.0371158123016357,0.0016446113586425781
44,4,80,2.886256217956543,2.887925863265991,0.0016696453094482422
44,5,80,3.438019275665283,3.440063953399658,0.002044677734375
44,6,80,3.3919477462768555,3.392961263656616,0.0010135173797607422
44,7,80,3.4152350425720215,3.4181108474731445,0.002875804901123047
44,8,80,3.153089761734009,3.156353235244751,0.0032634735107421875
44,9,80,3.3304457664489746,3.3328421115875244,0.0023963451385498047
44,10,80,3.5688881874084473,3.5724985599517822,0.003610372543334961
44,11,80,3.254958391189575,3.255666732788086,0.0007083415985107422
44,12,80,3.4146108627319336,3.4159231185913086,0.001312255859375
44,13,80,3.8476061820983887,3.8478519916534424,0.00024580955505371094
44,14,80,3.657538414001465,3.658721685409546,0.0011832714080810547
44,15,80,3.587043285369873,3.5867435932159424,-0.00029969215393066406
44,16,80,3.9502198696136475,3.9512386322021484,0.0010187625885009766
44,17,80,3.723813772201538,3.7251760959625244,0.0013623237609863281
44,18,80,2.9297897815704346,2.928694486618042,-0.0010952949523925781
44,19,80,2.5255048274993896,2.5280230045318604,0.002518177032470703
45,0,80,3.416595220565796,3.416438102722168,-0.0001571178436279297
45,1,80,3.5705320835113525,3.570725440979004,0.0001933574676513672
45,2,80,3.511489152908325,3.512967348098755,0.0014781951904296875
45,3,80,3.035471200942993,3.0380711555480957,0.002599954605102539
45,4,80,2.886256217956543,2.8890836238861084,0.0028274059295654297
45,5,80,3.438019275665283,3.439110279083252,0.00109100341796875
45,6,80,3.3919477462768555,3.391899347305298,-4.839897155761719e-05
45,7,80,3.4152350425720215,3.4169118404388428,0.001676797866821289
45,8,80,3.153089761734009,3.153015613555908,-7.414817810058594e-05
45,9,80,3.3304457664489746,3.3314015865325928,0.0009558200836181641
45,10,80,3.5688881874084473,3.5684521198272705,-0.0004360675811767578
45,11,80,3.254958391189575,3.2543976306915283,-0.000560760498046875
45,12,80,3.4146108627319336,3.4162425994873047,0.0016317367553710938
45,13,80,3.8476061820983887,3.8499598503112793,0.002353668212890625
45,14,80,3.657538414001465,3.6569225788116455,-0.0006158351898193359
45,15,80,3.587043285369873,3.5866172313690186,-0.0004260540008544922
45,16,80,3.9502198696136475,3.9515490531921387,0.001329183578491211
45,17,80,3.723813772201538,3.7260773181915283,0.0022635459899902344
45,18,80,2.9297897815704346,2.9296700954437256,-0.00011968612670898438
45,19,80,2.5255048274993896,2.52608585357666,0.0005810260772705078
46,0,80,3.416595220565796,3.416945219039917,0.00034999847412109375
46,1,80,3.5705320835113525,3.5719668865203857,0.0014348030090332031
46,2,80,3.511489152908325,3.512444257736206,0.0009551048278808594
46,3,80,3.035471200942993,3.0350639820098877,-0.00040721893310546875
46,4,80,2.886256217956543,2.886521339416504,0.0002651214599609375
46,5,80,3.438019275665283,3.4387552738189697,0.0007359981536865234
46,6,80,3.3919477462768555,3.3931779861450195,0.0012302398681640625
46,7,80,3.4152350425720215,3.417695999145508,0.002460956573486328
46,8,80,3.153089761734009,3.155552864074707,0.002463102340698242
46,9,80,3.3304457664489746,3.3315961360931396,0.001150369644165039
46,10,80,3.5688881874084473,3.567253589630127,-0.0016345977783203125
46,11,80,3.254958391189575,3.253009796142578,-0.0019485950469970703
46,12,80,3.4146108627319336,3.41404390335083,-0.0005669593811035156
46,13,80,3.8476061820983887,3.8446128368377686,-0.002993345260620117
46,14,80,3.657538414001465,3.6569159030914307,-0.0006225109100341797
46,15,80,3.587043285369873,3.586857795715332,-0.00018548965454101562
46,16,80,3.9502198696136475,3.95121693611145,0.0009970664978027344
46,17,80,3.723813772201538,3.7235875129699707,-0.0002262592315673828
46,18,80,2.9297897815704346,2.9299442768096924,0.0001544952392578125
46,19,80,2.5255048274993896,2.5263051986694336,0.0008003711700439453
47,0,80,3.416595220565796,3.4157462120056152,-0.0008490085601806641
47,1,80,3.5705320835113525,3.571256399154663,0.0007243156433105469
47,2,80,3.511489152908325,3.512158155441284,0.0006690025329589844
47,3,80,3.035471200942993,3.0364909172058105,0.0010197162628173828
47,4,80,2.886256217956543,2.887211799621582,0.0009555816650390625
47,5,80,3.438019275665283,3.4378342628479004,-0.0001850128173828125
47,6,80,3.3919477462768555,3.3907008171081543,-0.0012469291687011719
47,7,80,3.4152350425720215,3.415780782699585,0.0005457401275634766
47,8,80,3.153089761734009,3.1526362895965576,-0.0004534721374511719
47,9,80,3.3304457664489746,3.330367088317871,-7.867813110351562e-05
47,10,80,3.5688881874084473,3.5685150623321533,-0.0003731250762939453
47,11,80,3.254958391189575,3.2545478343963623,-0.0004105567932128906
47,12,80,3.4146108627319336,3.4155309200286865,0.0009200572967529297
47,13,80,3.8476061820983887,3.8470089435577393,-0.0005972385406494141
47,14,80,3.657538414001465,3.659153699874878,0.001615285873413086
47,15,80,3.587043285369873,3.5862538814544678,-0.0007894039154052734
47,16,80,3.9502198696136475,3.9509103298187256,0.000690460205078125
47,17,80,3.723813772201538,3.7244648933410645,0.0006511211395263672
47,18,80,2.9297897815704346,2.929266929626465,-0.0005228519439697266
47,19,80,2.5255048274993896,2.52575945854187,0.00025463104248046875
48,0,80,3.416595220565796,3.4168872833251953,0.00029206275939941406
48,1,80,3.5705320835113525,3.570045232772827,-0.0004868507385253906
48,2,80,3.511489152908325,3.511228322982788,-0.0002608299255371094
48,3,80,3.035471200942993,3.035508871078491,3.7670135498046875e-05
48,4,80,2.886256217956543,2.8856899738311768,-0.0005662441253662109
48,5,80,3.438019275665283,3.437347412109375,-0.0006718635559082031
48,6,80,3.3919477462768555,3.3898956775665283,-0.0020520687103271484
48,7,80,3.4152350425720215,3.414372444152832,-0.0008625984191894531
48,8,80,3.153089761734009,3.152688503265381,-0.0004012584686279297
48,9,80,3.3304457664489746,3.3307223320007324,0.0002765655517578125
48,10,80,3.5688881874084473,3.566603422164917,-0.0022847652435302734
48,11,80,3.254958391189575,3.253462314605713,-0.0014960765838623047
48,12,80,3.4146108627319336,3.414844512939453,0.00023365020751953125
48,13,80,3.8476061820983887,3.8466594219207764,-0.0009467601776123047
48,14,80,3.657538414001465,3.658855676651001,0.0013172626495361328
48,15,80,3.587043285369873,3.5881056785583496,0.0010623931884765625
48,16,80,3.9502198696136475,3.949810266494751,-0.0004096031188964844
48,17,80,3.723813772201538,3.7246787548065186,0.0008649826049804688
48,18,80,2.9297897815704346,2.92903733253479,-0.0007524490356445312
48,19,80,2.5255048274993896,2.523949384689331,-0.0015554428100585938
49,0,80,3.416595220565796,3.4164035320281982,-0.00019168853759765625
49,1,80,3.5705320835113525,3.5701584815979004,-0.00037360191345214844
49,2,80,3.511489152908325,3.5098953247070312,-0.0015938282012939453
49,3,80,3.035471200942993,3.033778190612793,-0.0016930103302001953
49,4,80,2.886256217956543,2.885892868041992,-0.00036334991455078125
49,5,80,3.438019275665283,3.439673900604248,0.0016546249389648438
49,6,80,3.3919477462768555,3.3906397819519043,-0.0013079643249511719
49,7,80,3.4152350425720215,3.415231466293335,-3.5762786865234375e-06
49,8,80,3.153089761734009,3.15303373336792,-5.602836608886719e-05
49,9,80,3.3304457664489746,3.3305552005767822,0.00010943412780761719
49,10,80,3.5688881874084473,3.566819429397583,-0.002068758010864258
49,11,80,3.254958391189575,3.2569820880889893,0.0020236968994140625
49,12,80,3.4146108627319336,3.4148900508880615,0.0002791881561279297
49,13,80,3.8476061820983887,3.8497812747955322,0.0021750926971435547
49,14,80,3.657538414001465,3.6572744846343994,-0.0002639293670654297
49,15,80,3.587043285369873,3.5856668949127197,-0.0013763904571533203
49,16,80,3.9502198696136475,3.949449062347412,-0.0007708072662353516
49,17,80,3.723813772201538,3.728410243988037,0.0045964717864990234
49,18,80,2.9297897815704346,2.9296202659606934,-0.00016951560974121094
49,19,80,2.5255048274993896,2.5245776176452637,-0.0009272098541259766
50,0,80,3.416595220565796,3.415980815887451,-0.0006144046783447266
50,1,80,3.5705320835113525,3.5710818767547607,0.0005497932434082031
50,2,80,3.511489152908325,3.511822462081909,0.0003333091735839844
50,3,80,3.035471200942993,3.03586745262146,0.0003962516784667969
50,4,80,2.886256217956543,2.8866288661956787,0.0003726482391357422
50,5,80,3.438019275665283,3.43612003326416,-0.0018992424011230469
50,6,80,3.3919477462768555,3.3920390605926514,9.131431579589844e-05
50,7,80,3.4152350425720215,3.4164695739746094,0.0012345314025878906
50,8,80,3.153089761734009,3.154754638671875,0.001664876937866211
50,9,80,3.3304457664489746,3.3302900791168213,-0.0001556873321533203
50,10,80,3.5688881874084473,3.5694468021392822,0.0005586147308349609
50,11,80,3.254958391189575,3.255239963531494,0.0002815723419189453
50,12,80,3.4146108627319336,3.4156315326690674,0.001020669937133789
50,13,80,3.8476061820983887,3.8510730266571045,0.0034668445587158203
50,14,80,3.657538414001465,3.6594717502593994,0.0019333362579345703
50,15,80,3.587043285369873,3.586747646331787,-0.0002956390380859375
50,16,80,3.9502198696136475,3.9495866298675537,-0.00063323974609375
50,17,80,3.723813772201538,3.7230560779571533,-0.0007576942443847656
50,18,80,2.9297897815704346,2.9300200939178467,0.00023031234741210938
50,19,80,2.5255048274993896,2.5267174243927,0.0012125968933105469
51,0,80,3.416595220565796,3.4160056114196777,-0.0005896091461181641
51,1,80,3.5705320835113525,3.5709362030029297,0.00040411949157714844
51,2,80,3.511489152908325,3.513343095779419,0.00185394287109375
51,3,80,3.035471200942993,3.0352632999420166,-0.0002079010009765625
51,4,80,2.886256217956543,2.8864355087280273,0.000179290771484375
51,5,80,3.438019275665283,3.4383628368377686,0.00034356117248535156
51,6,80,3.3919477462768555,3.3924009799957275,0.0004532337188720703
51,7,80,3.4152350425720215,3.415200710296631,-3.4332275390625e-05
51,8,80,3.153089761734009,3.1541526317596436,0.0010628700256347656
51,9,80,3.3304457664489746,3.3318939208984375,0.0014481544494628906
51,10,80,3.5688881874084473,3.5687968730926514,-9.131431579589844e-05
51,11,80,3.254958391189575,3.2559597492218018,0.0010013580322265625
51,12,80,3.4146108627319336,3.414567470550537,-4.3392181396484375e-05
51,13,80,3.8476061820983887,3.844625949859619,-0.0029802322387695312
51,14,80,3.657538414001465,3.658449649810791,0.0009112358093261719
51,15,80,3.587043285369873,3.5875236988067627,0.00048041343688964844
51,16,80,3.9502198696136475,3.9510176181793213,0.0007977485656738281
51,17,80,3.723813772201538,3.7222542762756348,-0.0015594959259033203
51,18,80,2.9297897815704346,2.928618907928467,-0.0011708736419677734
51,19,80,2.5255048274993896,2.524897575378418,-0.0006072521209716797
52,0,80,3.416595220565796,3.4167110919952393,0.00011587142944335938
52,1,80,3.5705320835113525,3.5695815086364746,-0.0009505748748779297
52,2,80,3.511489152908325,3.511383295059204,-0.00010585784912109375
52,3,80,3.035471200942993,3.034189224243164,-0.0012819766998291016
52,4,80,2.886256217956543,2.8866543769836426,0.0003981590270996094
52,5,80,3.438019275665283,3.438490629196167,0.00047135353088378906
52,6,80,3.3919477462768555,3.3923075199127197,0.0003597736358642578
52,7,80,3.4152350425720215,3.4161198139190674,0.0008847713470458984
52,8,80,3.153089761734009,3.153136968612671,4.7206878662109375e-05
52,9,80,3.3304457664489746,3.3308804035186768,0.00043463706970214844
52,10,80,3.5688881874084473,3.5699992179870605,0.0011110305786132812
52,11,80,3.254958391189575,3.254742383956909,-0.00021600723266601562
52,12,80,3.4146108627319336,3.4140148162841797,-0.0005960464477539062
52,13,80,3.8476061820983887,3.845980405807495,-0.0016257762908935547
52,14,80,3.657538414001465,3.6572959423065186,-0.00024247169494628906
52,15,80,3.587043285369873,3.5879030227661133,0.0008597373962402344
52,16,80,3.9502198696136475,3.950427532196045,0.00020766258239746094
52,17,80,3.723813772201538,3.729409694671631,0.0055959224700927734
52,18,80,2.9297897815704346,2.929197311401367,-0.0005924701690673828
52,19,80,2.5255048274993896,2.526916027069092,0.0014111995697021484
53,0,80,3.416595220565796,3.419142723083496,0.0025475025177001953
53,1,80,3.5705320835113525,3.57197642326355,0.0014443397521972656
53,2,80,3.511489152908325,3.510364055633545,-0.0011250972747802734
53,3,80,3.035471200942993,3.0347039699554443,-0.0007672309875488281
53,4,80,2.886256217956543,2.884979724884033,-0.0012764930725097656
53,5,80,3.438019275665283,3.4395906925201416,0.0015714168548583984
53,6,80,3.3919477462768555,3.390362501144409,-0.001585245132446289
53,7,80,3.4152350425720215,3.415963649749756,0.000728607177734375
53,8,80,3.153089761734009,3.1525497436523438,-0.0005400180816650391
53,9,80,3.3304457664489746,3.3322412967681885,0.0017955303192138672
53,10,80,3.5688881874084473,3.569171905517578,0.0002837181091308594
53,11,80,3.254958391189575,3.2576744556427,0.002716064453125
53,12,80,3.4146108627319336,3.4146955013275146,8.463859558105469e-05
53,13,80,3.8476061820983887,3.8478751182556152,0.0002689361572265625
53,14,80,3.657538414001465,3.6586477756500244,0.0011093616485595703
53,15,80,3.587043285369873,3.5886569023132324,0.001613616943359375
53,16,80,3.9502198696136475,3.9494693279266357,-0.0007505416870117188
53,17,80,3.723813772201538,3.725106716156006,0.0012929439544677734
53,18,80,2.9297897815704346,2.9290170669555664,-0.0007727146148681641
53,19,80,2.5255048274993896,2.524543285369873,-0.0009615421295166016
54,0,80,3.416595220565796,3.41662859916687,3.337860107421875e-05
54,1,80,3.5705320835113525,3.5696158409118652,-0.0009162425994873047
54,2,80,3.511489152908325,3.512582540512085,0.0010933876037597656
54,3,80,3.035471200942993,3.0347659587860107,-0.0007052421569824219
54,4,80,2.886256217956543,2.885667324066162,-0.0005888938903808594
54,5,80,3.438019275665283,3.4372618198394775,-0.0007574558258056641
54,6,80,3.3919477462768555,3.3915350437164307,-0.0004127025604248047
54,7,80,3.4152350425720215,3.41512393951416,-0.00011110305786132812
54,8,80,3.153089761734009,3.1521644592285156,-0.0009253025054931641
54,9,80,3.3304457664489746,3.3286356925964355,-0.0018100738525390625
54,10,80,3.5688881874084473,3.5694446563720703,0.0005564689636230469
54,11,80,3.254958391189575,3.2567849159240723,0.0018265247344970703
54,12,80,3.4146108627319336,3.4156477451324463,0.0010368824005126953
54,13,80,3.8476061820983887,3.8467657566070557,-0.0008404254913330078
54,14,80,3.657538414001465,3.6599574089050293,0.002418994903564453
54,15,80,3.587043285369873,3.588101863861084,0.0010585784912109375
54,16,80,3.9502198696136475,3.948291540145874,-0.0019283294677734375
54,17,80,3.723813772201538,3.7235801219940186,-0.00023365020751953125
54,18,80,2.9297897815704346,2.9340927600860596,0.004302978515625
54,19,80,2.5255048274993896,2.534318208694458,0.00881338119506836
55,0,80,3.416595220565796,3.415834426879883,-0.0007607936859130859
55,1,80,3.5705320835113525,3.571760416030884,0.00122833251953125
55,2,80,3.511489152908325,3.510535955429077,-0.0009531974792480469
55,3,80,3.035471200942993,3.03607439994812,0.0006031990051269531
55,4,80,2.886256217956543,2.885845899581909,-0.00041031837463378906
55,5,80,3.438019275665283,3.43587589263916,-0.002143383026123047
55,6,80,3.3919477462768555,3.392721176147461,0.0007734298706054688
55,7,80,3.4152350425720215,3.4182937145233154,0.0030586719512939453
55,8,80,3.153089761734009,3.151554822921753,-0.0015349388122558594
55,9,80,3.3304457664489746,3.3309223651885986,0.00047659873962402344
55,10,80,3.5688881874084473,3.5688886642456055,4.76837158203125e-07
55,11,80,3.254958391189575,3.255774974822998,0.0008165836334228516
55,12,80,3.4146108627319336,3.4143900871276855,-0.00022077560424804688
55,13,80,3.8476061820983887,3.8457069396972656,-0.0018992424011230469
55,14,80,3.657538414001465,3.6596250534057617,0.002086639404296875
55,15,80,3.587043285369873,3.5874664783477783,0.00042319297790527344
55,16,80,3.9502198696136475,3.951918363571167,0.0016984939575195312
55,17,80,3.723813772201538,3.722377300262451,-0.001436471939086914
55,18,80,2.9297897815704346,2.9291880130767822,-0.0006017684936523438
55,19,80,2.5255048274993896,2.526749849319458,0.0012450218200683594
56,0,80,3.416595220565796,3.41841721534729,0.0018219947814941406
56,1,80,3.5705320835113525,3.5725173950195312,0.001985311508178711
56,2,80,3.511489152908325,3.510969400405884,-0.0005197525024414062
56,3,80,3.035471200942993,3.036074638366699,0.0006034374237060547
56,4,80,2.886256217956543,2.886044502258301,-0.0002117156982421875
56,5,80,3.438019275665283,3.4406778812408447,0.0026586055755615234
56,6,80,3.3919477462768555,3.394386053085327,0.0024383068084716797
56,7,80,3.4152350425720215,3.418041229248047,0.0028061866760253906
56,8,80,3.153089761734009,3.1551246643066406,0.002034902572631836
56,9,80,3.3304457664489746,3.332526206970215,0.0020804405212402344
56,10,80,3.5688881874084473,3.570652961730957,0.0017647743225097656
56,11,80,3.254958391189575,3.2535200119018555,-0.0014383792877197266
56,12,80,3.4146108627319336,3.4146595001220703,4.863739013671875e-05
56,13,80,3.8476061820983887,3.848759412765503,0.0011532306671142578
56,14,80,3.657538414001465,3.656803846359253,-0.0007345676422119141
56,15,80,3.587043285369873,3.5866432189941406,-0.0004000663757324219
56,16,80,3.9502198696136475,3.949336051940918,-0.0008838176727294922
56,17,80,3.723813772201538,3.7255985736846924,0.0017848014831542969
56,18,80,2.9297897815704346,2.9315123558044434,0.001722574234008789
56,19,80,2.5255048274993896,2.5260169506073,0.0005121231079101562
57,0,80,3.416595220565796,3.415463924407959,-0.001131296157836914
57,1,80,3.5705320835113525,3.5696709156036377,-0.0008611679077148438
57,2,80,3.511489152908325,3.512813091278076,0.0013239383697509766
57,3,80,3.035471200942993,3.0361878871917725,0.0007166862487792969
57,4,80,2.886256217956543,2.8865966796875,0.00034046173095703125
57,5,80,3.438019275665283,3.4391415119171143,0.0011222362518310547
57,6,80,3.3919477462768555,3.3928310871124268,0.0008833408355712891
57,7,80,3.4152350425720215,3.416354179382324,0.0011191368103027344
57,8,80,3.153089761734009,3.1549108028411865,0.0018210411071777344
57,9,80,3.3304457664489746,3.331528663635254,0.0010828971862792969
57,10,80,3.5688881874084473,3.5700905323028564,0.0012023448944091797
57,11,80,3.254958391189575,3.255394220352173,0.00043582916259765625
57,12,80,3.4146108627319336,3.41524076461792,0.0006299018859863281
57,13,80,3.8476061820983887,3.84794282913208,0.00033664703369140625
57,14,80,3.657538414001465,3.656956195831299,-0.0005822181701660156
57,15,80,3.587043285369873,3.5874366760253906,0.0003933906555175781
57,16,80,3.9502198696136475,3.9506149291992188,0.00039505958557128906
57,17,80,3.723813772201538,3.724400520324707,0.0005867481231689453
57,18,80,2.9297897815704346,2.929734468460083,-5.53131103515625e-05
57,19,80,2.5255048274993896,2.5248847007751465,-0.0006201267242431641
58,0,80,3.416595220565796,3.4160780906677246,-0.0005171298980712891
58,1,80,3.5705320835113525,3.5705084800720215,-2.3603439331054688e-05
58,2,80,3.511489152908325,3.5115435123443604,5.435943603515625e-05
58,3,80,3.035471200942993,3.0356454849243164,0.0001742839813232422
58,4,80,2.886256217956543,2.886331558227539,7.534027099609375e-05
58,5,80,3.438019275665283,3.4395031929016113,0.001483917236328125
58,6,80,3.3919477462768555,3.3911051750183105,-0.0008425712585449219
58,7,80,3.4152350425720215,3.4174656867980957,0.0022306442260742188
58,8,80,3.153089761734009,3.1545820236206055,0.0014922618865966797
58,9,80,3.3304457664489746,3.3315773010253906,0.0011315345764160156
58,10,80,3.5688881874084473,3.569973945617676,0.0010857582092285156
58,11,80,3.254958391189575,3.258864641189575,0.00390625
58,12,80,3.4146108627319336,3.413722276687622,-0.0008885860443115234
58,13,80,3.8476061820983887,3.8493945598602295,0.0017883777618408203
58,14,80,3.657538414001465,3.6562376022338867,-0.001300811767578125
58,15,80,3.587043285369873,3.586041212081909,-0.0010020732879638672
58,16,80,3.9502198696136475,3.950535535812378,0.00031566619873046875
58,17,80,3.723813772201538,3.723353385925293,-0.0004603862762451172
58,18,80,2.9297897815704346,2.9336905479431152,0.003900766372680664
58,19,80,2.5255048274993896,2.5245144367218018,-0.0009903907775878906
59,0,80,3.416595220565796,3.4191782474517822,0.002583026885986328
59,1,80,3.5705320835113525,3.5714170932769775,0.000885009765625
59,2,80,3.511489152908325,3.5116069316864014,0.00011777877807617188
59,3,80,3.035471200942993,3.035496711730957,2.5510787963867188e-05
59,4,80,2.886256217956543,2.886770009994507,0.0005137920379638672
59,5,80,3.438019275665283,3.4384138584136963,0.00039458274841308594
59,6,80,3.3919477462768555,3.392368793487549,0.0004210472106933594
59,7,80,3.4152350425720215,3.4139788150787354,-0.0012562274932861328
59,8,80,3.153089761734009,3.152165174484253,-0.0009245872497558594
59,9,80,3.3304457664489746,3.3293392658233643,-0.0011065006256103516
59,10,80,3.5688881874084473,3.5682120323181152,-0.0006761550903320312
59,11,80,3.254958391189575,3.2559590339660645,0.0010006427764892578
59,12,80,3.4146108627319336,3.4152472019195557,0.0006363391876220703
59,13,80,3.8476061820983887,3.848080635070801,0.0004744529724121094
59,14,80,3.657538414001465,3.6570372581481934,-0.0005011558532714844
59,15,80,3.587043285369873,3.587465524673462,0.0004222393035888672
59,16,80,3.9502198696136475,3.950187921524048,-3.1948089599609375e-05
59,17,80,3.723813772201538,3.723773241043091,-4.0531158447265625e-05
59,18,80,2.9297897815704346,2.9315333366394043,0.0017435550689697266
59,19,80,2.5255048274993896,2.525927782058716,0.0004229545593261719
60,0,80,3.416595220565796,3.4178974628448486,0.0013022422790527344
60,1,80,3.5705320835113525,3.5718183517456055,0.0012862682342529297
60,2,80,3.511489152908325,3.509657621383667,-0.0018315315246582031
60,3,80,3.035471200942993,3.0350940227508545,-0.0003771781921386719
60,4,80,2.886256217956543,2.885357141494751,-0.0008990764617919922
60,5,80,3.438019275665283,3.4403021335601807,0.002282857894897461
60,6,80,3.3919477462768555,3.3915629386901855,-0.0003848075866699219
60,7,80,3.4152350425720215,3.413541793823242,-0.0016932487487792969
60,8,80,3.153089761734009,3.153441905975342,0.0003521442413330078
60,9,80,3.3304457664489746,3.328993320465088,-0.0014524459838867188
60,10,80,3.5688881874084473,3.5679688453674316,-0.000919342041015625
60,11,80,3.254958391189575,3.2550857067108154,0.00012731552124023438
60,12,80,3.4146108627319336,3.4157726764678955,0.001161813735961914
60,13,80,3.8476061820983887,3.84922194480896,0.001615762710571289
60,14,80,3.657538414001465,3.657363176345825,-0.00017523765563964844
60,15,80,3.587043285369873,3.585845947265625,-0.0011973381042480469
60,16,80,3.9502198696136475,3.9498937129974365,-0.0003261566162109375
60,17,80,3.723813772201538,3.7274298667907715,0.0036160945892333984
60,18,80,2.9297897815704346,2.929072141647339,-0.0007176399230957031
60,19,80,2.5255048274993896,2.5234923362731934,-0.002012491226196289
61,0,80,3.416595220565796,3.416870355606079,0.0002751350402832031
61,1,80,3.5705320835113525,3.5696804523468018,-0.0008516311645507812
61,2,80,3.511489152908325,3.512683629989624,0.0011944770812988281
61,3,80,3.035471200942993,3.0368106365203857,0.0013394355773925781
61,4,80,2.886256217956543,2.886355400085449,9.918212890625e-05
61,5,80,3.438019275665283,3.4385156631469727,0.0004963874816894531
61,6,80,3.3919477462768555,3.3920810222625732,0.00013327598571777344
61,7,80,3.4152350425720215,3.4153363704681396,0.00010132789611816406
61,8,80,3.153089761734009,3.152219295501709,-0.0008704662322998047
61,9,80,3.3304457664489746,3.330679416656494,0.00023365020751953125
61,10,80,3.5688881874084473,3.5676355361938477,-0.0012526512145996094
61,11,80,3.254958391189575,3.255523204803467,0.0005648136138916016
61,12,80,3.4146108627319336,3.4151484966278076,0.0005376338958740234
61,13,80,3.8476061820983887,3.8448872566223145,-0.0027189254760742188
61,14,80,3.657538414001465,3.657721996307373,0.00018358230590820312
61,15,80,3.587043285369873,3.5866880416870117,-0.0003552436828613281
61,16,80,3.9502198696136475,3.9502792358398438,5.936622619628906e-05
61,17,80,3.723813772201538,3.722611904144287,-0.0012018680572509766
61,18,80,2.9297897815704346,2.9295754432678223,-0.0002143383026123047
61,19,80,2.5255048274993896,2.5251946449279785,-0.0003101825714111328
62,0,80,3.416595220565796,3.417802572250366,0.0012073516845703125
62,1,80,3.5705320835113525,3.5705301761627197,-1.9073486328125e-06
62,2,80,3.511489152908325,3.5121102333068848,0.0006210803985595703
62,3,80,3.035471200942993,3.036120653152466,0.0006494522094726562
62,4,80,2.886256217956543,2.8869762420654297,0.0007200241088867188
62,5,80,3.438019275665283,3.438343048095703,0.0003237724304199219
62,6,80,3.3919477462768555,3.392537832260132,0.0005900859832763672
62,7,80,3.4152350425720215,3.4162538051605225,0.0010187625885009766
62,8,80,3.153089761734009,3.1546401977539062,0.001550436019897461
62,9,80,3.3304457664489746,3.33144474029541,0.0009989738464355469
62,10,80,3.5688881874084473,3.5691580772399902,0.00026988983154296875
62,11,80,3.254958391189575,3.257471799850464,0.002513408660888672
62,12,80,3.4146108627319336,3.4136829376220703,-0.0009279251098632812
62,13,80,3.8476061820983887,3.849153518676758,0.0015473365783691406
62,14,80,3.657538414001465,3.6587893962860107,0.0012509822845458984
62,15,80,3.587043285369873,3.5862889289855957,-0.0007543563842773438
62,16,80,3.9502198696136475,3.949934244155884,-0.0002856254577636719
62,17,80,3.723813772201538,3.7252871990203857,0.0014734268188476562
62,18,80,2.9297897815704346,2.928807258605957,-0.000982522964477539
62,19,80,2.5255048274993896,2.526146411895752,0.0006415843963623047
63,0,80,3.416595220565796,3.417301893234253,0.0007066726684570312
63,1,80,3.5705320835113525,3.5692014694213867,-0.0013306140899658203
63,2,80,3.511489152908325,3.512258529663086,0.0007693767547607422
63,3,80,3.035471200942993,3.0356268882751465,0.0001556873321533203
63,4,80,2.886256217956543,2.8863627910614014,0.00010657310485839844
63,5,80,3.438019275665283,3.43829607963562,0.00027680397033691406
63,6,80,3.3919477462768555,3.392542839050293,0.0005950927734375
63,7,80,3.4152350425720215,3.416853189468384,0.0016181468963623047
63,8,80,3.153089761734009,3.154974937438965,0.0018851757049560547
63,9,80,3.3304457664489746,3.329551935195923,-0.0008938312530517578
63,10,80,3.5688881874084473,3.571230411529541,0.00234222412109375
63,11,80,3.254958391189575,3.256441831588745,0.0014834403991699219
63,12,80,3.4146108627319336,3.4146833419799805,7.2479248046875e-05
63,13,80,3.8476061820983887,3.846057653427124,-0.0015485286712646484
63,14,80,3.657538414001465,3.660937547683716,0.0033991336822509766
63,15,80,3.587043285369873,3.5872087478637695,0.00016546249389648438
63,16,80,3.9502198696136475,3.951096296310425,0.0008764266967773438
63,17,80,3.723813772201538,3.722019672393799,-0.0017940998077392578
63,18,80,2.9297897815704346,2.929713249206543,-7.653236389160156e-05
63,19,80,2.5255048274993896,2.527071237564087,0.0015664100646972656
64,0,80,3.416595220565796,3.4169363975524902,0.00034117698669433594
64,1,80,3.5705320835113525,3.569018602371216,-0.0015134811401367188
64,2,80,3.511489152908325,3.5115015506744385,1.239776611328125e-05
64,3,80,3.035471200942993,3.0337939262390137,-0.0016772747039794922
64,4,80,2.886256217956543,2.8857839107513428,-0.0004723072052001953
64,5,80,3.438019275665283,3.4358456134796143,-0.0021736621856689453
64,6,80,3.3919477462768555,3.3902499675750732,-0.0016977787017822266
64,7,80,3.4152350425720215,3.4140729904174805,-0.0011620521545410156
64,8,80,3.153089761734009,3.1524014472961426,-0.0006883144378662109
64,9,80,3.3304457664489746,3.3293683528900146,-0.001077413558959961
64,10,80,3.5688881874084473,3.5672059059143066,-0.001682281494140625
64,11,80,3.254958391189575,3.2548668384552,-9.1552734375e-05
64,12,80,3.4146108627319336,3.4145994186401367,-1.1444091796875e-05
64,13,80,3.8476061820983887,3.8461108207702637,-0.001495361328125
64,14,80,3.657538414001465,3.6581838130950928,0.0006453990936279297
64,15,80,3.587043285369873,3.585577964782715,-0.0014653205871582031
64,16,80,3.9502198696136475,3.9514739513397217,0.0012540817260742188
64,17,80,3.723813772201538,3.731367826461792,0.007554054260253906
64,18,80,2.9297897815704346,2.9306273460388184,0.0008375644683837891
64,19,80,2.5255048274993896,2.52579665184021,0.0002918243408203125
65,0,80,3.416595220565796,3.41511607170105,-0.0014791488647460938
65,1,80,3.5705320835113525,3.571993827819824,0.0014617443084716797
65,2,80,3.511489152908325,3.511530876159668,4.172325134277344e-05
65,3,80,3.035471200942993,3.0346591472625732,-0.0008120536804199219
65,4,80,2.886256217956543,2.8873775005340576,0.0011212825775146484
65,5,80,3.438019275665283,3.4380292892456055,1.0013580322265625e-05
65,6,80,3.3919477462768555,3.392918825149536,0.0009710788726806641
65,7,80,3.4152350425720215,3.416982412338257,0.0017473697662353516
65,8,80,3.153089761734009,3.152506113052368,-0.000583648681640625
65,9,80,3.3304457664489746,3.33087420463562,0.0004284381866455078
65,10,80,3.5688881874084473,3.5682871341705322,-0.0006010532379150391
65,11,80,3.254958391189575,3.254061698913574,-0.0008966922760009766
65,12,80,3.4146108627319336,3.415055513381958,0.00044465065002441406
65,13,80,3.8476061820983887,3.8481342792510986,0.0005280971527099609
65,14,80,3.657538414001465,3.6570680141448975,-0.0004703998565673828
65,15,80,3.587043285369873,3.585357666015625,-0.0016856193542480469
65,16,80,3.9502198696136475,3.950801372528076,0.0005815029144287109
65,17,80,3.723813772201538,3.722867012023926,-0.0009467601776123047
65,18,80,2.9297897815704346,2.930659055709839,0.0008692741394042969
65,19,80,2.5255048274993896,2.525709390640259,0.00020456314086914062
66,0,80,3.416595220565796,3.4163782596588135,-0.00021696090698242188
66,1,80,3.5705320835113525,3.570636034011841,0.00010395050048828125
66,2,80,3.511489152908325,3.5111122131347656,-0.0003769397735595703
66,3,80,3.035471200942993,3.035480499267578,9.298324584960938e-06
66,4,80,2.886256217956543,2.8872528076171875,0.0009965896606445312
66,5,80,3.438019275665283,3.438141107559204,0.00012183189392089844
66,6,80,3.3919477462768555,3.3938193321228027,0.0018715858459472656
66,7,80,3.4152350425720215,3.415029525756836,-0.00020551681518554688
66,8,80,3.153089761734009,3.155017137527466,0.0019273757934570312
66,9,80,3.3304457664489746,3.3307886123657227,0.0003428459167480469
66,10,80,3.5688881874084473,3.5665478706359863,-0.0023403167724609375
66,11,80,3.254958391189575,3.2551326751708984,0.0001742839813232422
66,12,80,3.4146108627319336,3.4156298637390137,0.0010190010070800781
66,13,80,3.8476061820983887,3.846831798553467,-0.000774383544921875
66,14,80,3.657538414001465,3.6579034328460693,0.0003650188446044922
66,15,80,3.587043285369873,3.586580753326416,-0.00046253204345703125
66,16,80,3.9502198696136475,3.952085494995117,0.0018656253814697266
66,17,80,3.723813772201538,3.7259631156921387,0.002149343490600586
66,18,80,2.9297897815704346,2.929675817489624,-0.00011396408081054688
66,19,80,2.5255048274993896,2.525240421295166,-0.0002644062042236328
67,0,80,3.416595220565796,3.417125940322876,0.0005307197570800781
67,1,80,3.5705320835113525,3.5710318088531494,0.000499725341796875
67,2,80,3.511489152908325,3.513522148132324,0.0020329952239990234
67,3,80,3.035471200942993,3.0378284454345703,0.0023572444915771484
67,4,80,2.886256217956543,2.8877766132354736,0.001520395278930664
67,5,80,3.438019275665283,3.4409778118133545,0.002958536148071289
67,6,80,3.3919477462768555,3.392956018447876,0.0010082721710205078
67,7,80,3.4152350425720215,3.4163503646850586,0.0011153221130371094
67,8,80,3.153089761734009,3.1542367935180664,0.0011470317840576172
67,9,80,3.3304457664489746,3.332406759262085,0.0019609928131103516
67,10,80,3.5688881874084473,3.5689990520477295,0.00011086463928222656
67,11,80,3.254958391189575,3.2552952766418457,0.0003368854522705078
67,12,80,3.4146108627319336,3.414811849594116,0.0002009868621826172
67,13,80,3.8476061820983887,3.8473007678985596,-0.00030541419982910156
67,14,80,3.657538414001465,3.6578867435455322,0.0003483295440673828
67,15,80,3.587043285369873,3.5871994495391846,0.00015616416931152344
67,16,80,3.9502198696136475,3.948961019515991,-0.00125885009765625
67,17,80,3.723813772201538,3.724574565887451,0.0007607936859130859
67,18,80,2.9297897815704346,2.9310271739959717,0.0012373924255371094
67,19,80,2.5255048274993896,2.5265631675720215,0.001058340072631836
68,0,80,3.416595220565796,3.4169092178344727,0.0003139972686767578
68,1,80,3.5705320835113525,3.569260597229004,-0.0012714862823486328
68,2,80,3.511489152908325,3.5111961364746094,-0.0002930164337158203
68,3,80,3.035471200942993,3.034910202026367,-0.0005609989166259766
68,4,80,2.886256217956543,2.8874313831329346,0.0011751651763916016
68,5,80,3.438019275665283,3.4367260932922363,-0.001293182373046875
68,6,80,3.3919477462768555,3.3915297985076904,-0.00041794776916503906
68,7,80,3.4152350425720215,3.414201259613037,-0.001033782958984375
68,8,80,3.153089761734009,3.154592752456665,0.00150299072265625
68,9,80,3.3304457664489746,3.330676794052124,0.00023102760314941406
68,10,80,3.5688881874084473,3.569519281387329,0.0006310939788818359
68,11,80,3.254958391189575,3.2540502548217773,-0.0009081363677978516
68,12,80,3.4146108627319336,3.4150550365448,0.00044417381286621094
68,13,80,3.8476061820983887,3.8495357036590576,0.0019295215606689453
68,14,80,3.657538414001465,3.6573843955993652,-0.00015401840209960938
68,15,80,3.587043285369873,3.5865790843963623,-0.0004642009735107422
68,16,80,3.9502198696136475,3.951228141784668,0.0010082721710205078
68,17,80,3.723813772201538,3.7240777015686035,0.0002639293670654297
68,18,80,2.9297897815704346,2.9294962882995605,-0.00029349327087402344
68,19,80,2.5255048274993896,2.5269088745117188,0.0014040470123291016
69,0,80,3.416595220565796,3.417418956756592,0.0008237361907958984
69,1,80,3.5705320835113525,3.5707836151123047,0.00025153160095214844
69,2,80,3.511489152908325,3.511200189590454,-0.00028896331787109375
69,3,80,3.035471200942993,3.036729335784912,0.0012581348419189453
69,4,80,2.886256217956543,2.886052370071411,-0.00020384788513183594
69,5,80,3.438019275665283,3.4392290115356445,0.0012097358703613281
69,6,80,3.3919477462768555,3.390515089035034,-0.001432657241821289
69,7,80,3.4152350425720215,3.4148519039154053,-0.00038313865661621094
69,8,80,3.153089761734009,3.1526267528533936,-0.0004630088806152344
69,9,80,3.3304457664489746,3.331522226333618,0.0010764598846435547
69,10,80,3.5688881874084473,3.5693423748016357,0.00045418739318847656
69,11,80,3.254958391189575,3.2553083896636963,0.00034999847412109375
69,12,80,3.4146108627319336,3.415282726287842,0.0006718635559082031
69,13,80,3.8476061820983887,3.8483946323394775,0.0007884502410888672
69,14,80,3.657538414001465,3.656503200531006,-0.0010352134704589844
69,15,80,3.587043285369873,3.5875532627105713,0.0005099773406982422
69,16,80,3.9502198696136475,3.949589967727661,-0.0006299018859863281
69,17,80,3.723813772201538,3.7313737869262695,0.007560014724731445
69,18,80,2.9297897815704346,2.930901527404785,0.001111745834350586
69,19,80,2.5255048274993896,2.5242207050323486,-0.0012841224670410156
70,0,80,3.416595220565796,3.4146738052368164,-0.0019214153289794922
70,1,80,3.5705320835113525,3.5698554515838623,-0.0006766319274902344
70,2,80,3.511489152908325,3.5108683109283447,-0.0006208419799804688
70,3,80,3.035471200942993,3.039893865585327,0.004422664642333984
70,4,80,2.886256217956543,2.8868260383605957,0.0005698204040527344
70,5,80,3.438019275665283,3.4393813610076904,0.0013620853424072266
70,6,80,3.3919477462768555,3.3910131454467773,-0.000934600830078125
70,7,80,3.4152350425720215,3.415477752685547,0.00024271011352539062
70,8,80,3.153089761734009,3.1542701721191406,0.001180410385131836
70,9,80,3.3304457664489746,3.3283112049102783,-0.002134561538696289
70,10,80,3.5688881874084473,3.5687949657440186,-9.322166442871094e-05
70,11,80,3.254958391189575,3.2564034461975098,0.0014450550079345703
70,12,80,3.4146108627319336,3.4150054454803467,0.00039458274841308594
70,13,80,3.8476061820983887,3.8465774059295654,-0.0010287761688232422
70,14,80,3.657538414001465,3.6572253704071045,-0.00031304359436035156
70,15,80,3.587043285369873,3.5868444442749023,-0.00019884109497070312
70,16,80,3.9502198696136475,3.951704978942871,0.0014851093292236328
70,17,80,3.723813772201538,3.7244315147399902,0.0006177425384521484
70,18,80,2.9297897815704346,2.9294352531433105,-0.00035452842712402344
70,19,80,2.5255048274993896,2.523585796356201,-0.0019190311431884766
71,0,80,3.416595220565796,3.4184632301330566,0.0018680095672607422
71,1,80,3.5705320835113525,3.5726633071899414,0.002131223678588867
71,2,80,3.511489152908325,3.512087106704712,0.0005979537963867188
71,3,80,3.035471200942993,3.0354433059692383,-2.7894973754882812e-05
71,4,80,2.886256217956543,2.888298749923706,0.002042531967163086
71,5,80,3.438019275665283,3.439056158065796,0.0010368824005126953
71,6,80,3.3919477462768555,3.3915114402770996,-0.0004363059997558594
71,7,80,3.4152350425720215,3.414489269256592,-0.0007457733154296875
71,8,80,3.153089761734009,3.1546285152435303,0.0015387535095214844
71,9,80,3.3304457664489746,3.330265998840332,-0.00017976760864257812
71,10,80,3.5688881874084473,3.5677075386047363,-0.0011806488037109375
71,11,80,3.254958391189575,3.255098342895508,0.0001399517059326172
71,12,80,3.4146108627319336,3.4146103858947754,-4.76837158203125e-07
71,13,80,3.8476061820983887,3.846478223800659,-0.0011279582977294922
71,14,80,3.657538414001465,3.657005786895752,-0.0005326271057128906
71,15,80,3.587043285369873,3.588597059249878,0.0015537738800048828
71,16,80,3.9502198696136475,3.9501991271972656,-2.0742416381835938e-05
71,17,80,3.723813772201538,3.7245750427246094,0.0007612705230712891
71,18,80,2.9297897815704346,2.9290754795074463,-0.0007143020629882812
71,19,80,2.5255048274993896,2.5255274772644043,2.2649765014648438e-05
72,0,80,3.416595220565796,3.417584180831909,0.0009889602661132812
72,1,80,3.5705320835113525,3.5705950260162354,6.29425048828125e-05
72,2,80,3.511489152908325,3.511321783065796,-0.00016736984252929688
72,3,80,3.035471200942993,3.0345189571380615,-0.0009522438049316406
72,4,80,2.886256217956543,2.88380765914917,-0.002448558807373047
72,5,80,3.438019275665283,3.4375722408294678,-0.0004470348358154297
72,6,80,3.3919477462768555,3.3924784660339355,0.0005307197570800781
72,7,80,3.4152350425720215,3.4135496616363525,-0.0016853809356689453
72,8,80,3.153089761734009,3.152531147003174,-0.0005586147308349609
72,9,80,3.3304457664489746,3.3300106525421143,-0.00043511390686035156
72,10,80,3.5688881874084473,3.5678749084472656,-0.0010132789611816406
72,11,80,3.254958391189575,3.25712251663208,0.002164125442504883
72,12,80,3.4146108627319336,3.4159278869628906,0.0013170242309570312
72,13,80,3.8476061820983887,3.8452978134155273,-0.002308368682861328
72,14,80,3.657538414001465,3.6570847034454346,-0.00045371055603027344
72,15,80,3.587043285369873,3.588184356689453,0.0011410713195800781
72,16,80,3.9502198696136475,3.9490082263946533,-0.0012116432189941406
72,17,80,3.723813772201538,3.7238223552703857,8.58306884765625e-06
72,18,80,2.9297897815704346,2.929075241088867,-0.0007145404815673828
72,19,80,2.5255048274993896,2.5256333351135254,0.0001285076141357422
73,0,80,3.416595220565796,3.418056011199951,0.0014607906341552734
73,1,80,3.5705320835113525,3.570605754852295,7.367134094238281e-05
73,2,80,3.511489152908325,3.5121185779571533,0.000629425048828125
73,3,80,3.035471200942993,3.0346570014953613,-0.0008141994476318359
73,4,80,2.886256217956543,2.886591911315918,0.000335693359375
73,5,80,3.438019275665283,3.436537504196167,-0.001481771469116211
73,6,80,3.3919477462768555,3.391415596008301,-0.0005321502685546875
73,7,80,3.4152350425720215,3.415131092071533,-0.00010395050048828125
73,8,80,3.153089761734009,3.155341148376465,0.0022513866424560547
73,9,80,3.3304457664489746,3.330113172531128,-0.0003325939178466797
73,10,80,3.5688881874084473,3.567380905151367,-0.0015072822570800781
73,11,80,3.254958391189575,3.2542295455932617,-0.0007288455963134766
73,12,80,3.4146108627319336,3.416194438934326,0.0015835762023925781
73,13,80,3.8476061820983887,3.8482778072357178,0.0006716251373291016
73,14,80,3.657538414001465,3.65828537940979,0.0007469654083251953
73,15,80,3.587043285369873,3.586118698120117,-0.0009245872497558594
73,16,80,3.9502198696136475,3.9494736194610596,-0.0007462501525878906
73,17,80,3.723813772201538,3.7232537269592285,-0.0005600452423095703
73,18,80,2.9297897815704346,2.9292805194854736,-0.0005092620849609375
73,19,80,2.5255048274993896,2.5264527797698975,0.0009479522705078125
74,0,80,3.416595220565796,3.4191157817840576,0.0025205612182617188
74,1,80,3.5705320835113525,3.571455478668213,0.0009233951568603516
74,2,80,3.511489152908325,3.5102217197418213,-0.0012674331665039062
74,3,80,3.035471200942993,3.036670684814453,0.001199483871459961
74,4,80,2.886256217956543,2.8850553035736084,-0.0012009143829345703
74,5,80,3.438019275665283,3.4387600421905518,0.0007407665252685547
74,6,80,3.3919477462768555,3.393036365509033,0.0010886192321777344
74,7,80,3.4152350425720215,3.4145002365112305,-0.0007348060607910156
74,8,80,3.153089761734009,3.1542370319366455,0.0011472702026367188
74,9,80,3.3304457664489746,3.3310353755950928,0.0005896091461181641
74,10,80,3.5688881874084473,3.568250894546509,-0.0006372928619384766
74,11,80,3.254958391189575,3.2539615631103516,-0.0009968280792236328
74,12,80,3.4146108627319336,3.416097402572632,0.0014865398406982422
74,13,80,3.8476061820983887,3.8463830947875977,-0.0012230873107910156
74,14,80,3.657538414001465,3.6593613624572754,0.0018229484558105469
74,15,80,3.587043285369873,3.586352586746216,-0.0006906986236572266
74,16,80,3.9502198696136475,3.9521536827087402,0.0019338130950927734
74,17,80,3.723813772201538,3.7238194942474365,5.7220458984375e-06
74,18,80,2.9297897815704346,2.9311482906341553,0.0013585090637207031
74,19,80,2.5255048274993896,2.527526617050171,0.00202178955078125
75,0,80,3.416595220565796,3.416412830352783,-0.0001823902130126953
75,1,80,3.5705320835113525,3.570044755935669,-0.00048732757568359375
75,2,80,3.511489152908325,3.5101747512817383,-0.001314401626586914
75,3,80,3.035471200942993,3.0349795818328857,-0.0004916191101074219
75,4,80,2.886256217956543,2.8863987922668457,0.00014257431030273438
75,5,80,3.438019275665283,3.4391088485717773,0.0010895729064941406
75,6,80,3.3919477462768555,3.392470598220825,0.0005228519439697266
75,7,80,3.4152350425720215,3.4157321453094482,0.0004971027374267578
75,8,80,3.153089761734009,3.1518499851226807,-0.001239776611328125
75,9,80,3.3304457664489746,3.329637289047241,-0.0008084774017333984
75,10,80,3.5688881874084473,3.569056272506714,0.00016808509826660156
75,11,80,3.254958391189575,3.254577159881592,-0.00038123130798339844
75,12,80,3.4146108627319336,3.416318416595459,0.0017075538635253906
75,13,80,3.8476061820983887,3.848630666732788,0.001024484634399414
75,14,80,3.657538414001465,3.657863140106201,0.0003247261047363281
75,15,80,3.587043285369873,3.586022138595581,-0.0010211467742919922
75,16,80,3.9502198696136475,3.949469804763794,-0.0007500648498535156
75,17,80,3.723813772201538,3.724339008331299,0.0005252361297607422
75,18,80,2.9297897815704346,2.928422451019287,-0.001367330551147461
75,19,80,2.5255048274993896,2.5235743522644043,-0.0019304752349853516
76,0,80,3.416595220565796,3.4159204959869385,-0.0006747245788574219
76,1,80,3.5705320835113525,3.5708858966827393,0.00035381317138671875
76,2,80,3.511489152908325,3.5124311447143555,0.0009419918060302734
76,3,80,3.035471200942993,3.0360748767852783,0.0006036758422851562
76,4,80,2.886256217956543,2.885708808898926,-0.0005474090576171875
76,5,80,3.438019275665283,3.439161777496338,0.0011425018310546875
76,6,80,3.3919477462768555,3.392427444458008,0.00047969818115234375
76,7,80,3.4152350425720215,3.416666269302368,0.0014312267303466797
76,8,80,3.153089761734009,3.155529737472534,0.0024399757385253906
76,9,80,3.3304457664489746,3.331799268722534,0.0013535022735595703
76,10,80,3.5688881874084473,3.5677192211151123,-0.001168966293334961
76,11,80,3.254958391189575,3.2549519538879395,-6.4373016357421875e-06
76,12,80,3.4146108627319336,3.4174892902374268,0.002878427505493164
76,13,80,3.8476061820983887,3.8484716415405273,0.0008654594421386719
76,14,80,3.657538414001465,3.6578919887542725,0.0003535747528076172
76,15,80,3.587043285369873,3.5872251987457275,0.0001819133758544922
76,16,80,3.9502198696136475,3.95005464553833,-0.0001652240753173828
76,17,80,3.723813772201538,3.723175287246704,-0.0006384849548339844
76,18,80,2.9297897815704346,2.928168773651123,-0.0016210079193115234
76,19,80,2.5255048274993896,2.524773359298706,-0.0007314682006835938
77,0,80,3.416595220565796,3.414792060852051,-0.0018031597137451172
77,1,80,3.5705320835113525,3.570659875869751,0.0001277923583984375
77,2,80,3.511489152908325,3.5103096961975098,-0.0011794567108154297
77,3,80,3.035471200942993,3.037564754486084,0.0020935535430908203
77,4,80,2.886256217956543,2.8863210678100586,6.4849853515625e-05
77,5,80,3.438019275665283,3.439425468444824,0.0014061927795410156
77,6,80,3.3919477462768555,3.392395257949829,0.0004475116729736328
77,7,80,3.4152350425720215,3.415524959564209,0.0002899169921875
77,8,80,3.153089761734009,3.153606653213501,0.0005168914794921875
77,9,80,3.3304457664489746,3.3308253288269043,0.0003795623779296875
77,10,80,3.5688881874084473,3.570354461669922,0.0014662742614746094
77,11,80,3.254958391189575,3.256420135498047,0.0014617443084716797
77,12,80,3.4146108627319336,3.4141855239868164,-0.0004253387451171875
77,13,80,3.8476061820983887,3.841688632965088,-0.005917549133300781
77,14,80,3.657538414001465,3.6553473472595215,-0.0021910667419433594
77,15,80,3.587043285369873,3.585526704788208,-0.001516580581665039
77,16,80,3.9502198696136475,3.953143358230591,0.0029234886169433594
77,17,80,3.723813772201538,3.7219977378845215,-0.0018160343170166016
77,18,80,2.9297897815704346,2.9269070625305176,-0.002882719039916992
77,19,80,2.5255048274993896,2.5253548622131348,-0.0001499652862548828
78,0,80,3.416595220565796,3.4158215522766113,-0.0007736682891845703
78,1,80,3.5705320835113525,3.570736885070801,0.0002048015594482422
78,2,80,3.511489152908325,3.509870767593384,-0.0016183853149414062
78,3,80,3.035471200942993,3.0348703861236572,-0.0006008148193359375
78,4,80,2.886256217956543,2.8861136436462402,-0.00014257431030273438
78,5,80,3.438019275665283,3.439199447631836,0.0011801719665527344
78,6,80,3.3919477462768555,3.391270399093628,-0.0006773471832275391
78,7,80,3.4152350425720215,3.416173219680786,0.0009381771087646484
78,8,80,3.153089761734009,3.1526782512664795,-0.0004115104675292969
78,9,80,3.3304457664489746,3.3300609588623047,-0.0003848075866699219
78,10,80,3.5688881874084473,3.568776845932007,-0.00011134147644042969
78,11,80,3.254958391189575,3.252875566482544,-0.00208282470703125
78,12,80,3.4146108627319336,3.4144535064697266,-0.00015735626220703125
78,13,80,3.8476061820983887,3.8461496829986572,-0.0014564990997314453
78,14,80,3.657538414001465,3.6573662757873535,-0.00017213821411132812
78,15,80,3.587043285369873,3.586451292037964,-0.0005919933319091797
78,16,80,3.9502198696136475,3.9496114253997803,-0.0006084442138671875
78,17,80,3.723813772201538,3.723623275756836,-0.00019049644470214844
78,18,80,2.9297897815704346,2.93049955368042,0.0007097721099853516
78,19,80,2.5255048274993896,2.525797128677368,0.0002923011779785156
79,0,80,3.416595220565796,3.4155428409576416,-0.0010523796081542969
79,1,80,3.5705320835113525,3.5713014602661133,0.0007693767547607422
79,2,80,3.511489152908325,3.5116446018218994,0.00015544891357421875
79,3,80,3.035471200942993,3.0365066528320312,0.001035451889038086
79,4,80,2.886256217956543,2.8860394954681396,-0.0002167224884033203
79,5,80,3.438019275665283,3.438836097717285,0.0008168220520019531
79,6,80,3.3919477462768555,3.391923427581787,-2.4318695068359375e-05
79,7,80,3.4152350425720215,3.415351152420044,0.00011610984802246094
79,8,80,3.153089761734009,3.15352201461792,0.0004322528839111328
79,9,80,3.3304457664489746,3.3311891555786133,0.0007433891296386719
79,10,80,3.5688881874084473,3.5691864490509033,0.0002982616424560547
79,11,80,3.254958391189575,3.2530324459075928,-0.0019259452819824219
79,12,80,3.4146108627319336,3.4145636558532715,-4.7206878662109375e-05
79,13,80,3.8476061820983887,3.8482160568237305,0.0006098747253417969
79,14,80,3.657538414001465,3.657266855239868,-0.0002715587615966797
79,15,80,3.587043285369873,3.587810754776001,0.0007674694061279297
79,16,80,3.9502198696136475,3.9495604038238525,-0.0006594657897949219
79,17,80,3.723813772201538,3.7263193130493164,0.0025055408477783203
79,18,80,2.9297897815704346,2.936180591583252,0.006390810012817383
79,19,80,2.5255048274993896,2.53373122215271,0.008226394653320312
80,0,80,3.416595220565796,3.4165897369384766,-5.4836273193359375e-06
80,1,80,3.5705320835113525,3.5713043212890625,0.0007722377777099609
80,2,80,3.511489152908325,3.511202096939087,-0.00028705596923828125
80,3,80,3.035471200942993,3.0362308025360107,0.0007596015930175781
80,4,80,2.886256217956543,2.886431932449341,0.00017571449279785156
80,5,80,3.438019275665283,3.438075065612793,5.5789947509765625e-05
80,6,80,3.3919477462768555,3.392822504043579,0.0008747577667236328
80,7,80,3.4152350425720215,3.415756940841675,0.0005218982696533203
80,8,80,3.153089761734009,3.1548125743865967,0.0017228126525878906
80,9,80,3.3304457664489746,3.329216957092285,-0.0012288093566894531
80,10,80,3.5688881874084473,3.5684733390808105,-0.00041484832763671875
80,11,80,3.254958391189575,3.2572574615478516,0.002299070358276367
80,12,80,3.4146108627319336,3.4148271083831787,0.0002162456512451172
80,13,80,3.8476061820983887,3.8455288410186768,-0.002077341079711914
80,14,80,3.657538414001465,3.657938241958618,0.0003998279571533203
80,15,80,3.587043285369873,3.58764386177063,0.0006005764007568359
80,16,80,3.9502198696136475,3.949154853820801,-0.0010650157928466797
80,17,80,3.723813772201538,3.7269535064697266,0.0031397342681884766
80,18,80,2.9297897815704346,2.9294281005859375,-0.0003616809844970703
80,19,80,2.5255048274993896,2.523560047149658,-0.0019447803497314453
81,0,80,3.416595220565796,3.4167885780334473,0.0001933574676513672
81,1,80,3.5705320835113525,3.569502115249634,-0.00102996826171875
81,2,80,3.511489152908325,3.5160751342773438,0.004585981369018555
81,3,80,3.035471200942993,3.035539150238037,6.794929504394531e-05
81,4,80,2.886256217956543,2.887758493423462,0.0015022754669189453
81,5,80,3.438019275665283,3.43951678276062,0.001497507095336914
81,6,80,3.3919477462768555,3.3925092220306396,0.0005614757537841797
81,7,80,3.4152350425720215,3.4166488647460938,0.0014138221740722656
81,8,80,3.153089761734009,3.151590585708618,-0.001499176025390625
81,9,80,3.3304457664489746,3.331667900085449,0.0012221336364746094
81,10,80,3.5688881874084473,3.569096326828003,0.00020813941955566406
81,11,80,3.254958391189575,3.2549915313720703,3.314018249511719e-05
81,12,80,3.4146108627319336,3.415118455886841,0.0005075931549072266
81,13,80,3.8476061820983887,3.845402240753174,-0.0022039413452148438
81,14,80,3.657538414001465,3.658470630645752,0.0009322166442871094
81,15,80,3.587043285369873,3.588069200515747,0.0010259151458740234
81,16,80,3.9502198696136475,3.949732542037964,-0.00048732757568359375
81,17,80,3.723813772201538,3.723628044128418,-0.0001857280731201172
81,18,80,2.9297897815704346,2.92966628074646,-0.00012350082397460938
81,19,80,2.5255048274993896,2.5233752727508545,-0.0021295547485351562
82,0,80,3.416595220565796,3.414907693862915,-0.0016875267028808594
82,1,80,3.5705320835113525,3.570643186569214,0.00011110305786132812
82,2,80,3.511489152908325,3.5104053020477295,-0.0010838508605957031
82,3,80,3.035471200942993,3.03507399559021,-0.0003972053527832031
82,4,80,2.886256217956543,2.8855373859405518,-0.0007188320159912109
82,5,80,3.438019275665283,3.4379217624664307,-9.751319885253906e-05
82,6,80,3.3919477462768555,3.3915786743164062,-0.00036907196044921875
82,7,80,3.4152350425720215,3.414325475692749,-0.0009095668792724609
82,8,80,3.153089761734009,3.1527156829833984,-0.00037407875061035156
82,9,80,3.3304457664489746,3.3298134803771973,-0.0006322860717773438
82,10,80,3.5688881874084473,3.5677778720855713,-0.0011103153228759766
82,11,80,3.254958391189575,3.2547590732574463,-0.00019931793212890625
82,12,80,3.4146108627319336,3.413985013961792,-0.0006258487701416016
82,13,80,3.8476061820983887,3.8470749855041504,-0.0005311965942382812
82,14,80,3.657538414001465,3.6568496227264404,-0.0006887912750244141
82,15,80,3.587043285369873,3.5881357192993164,0.0010924339294433594
82,16,80,3.9502198696136475,3.9498932361602783,-0.0003266334533691406
82,17,80,3.723813772201538,3.726163864135742,0.0023500919342041016
82,18,80,2.9297897815704346,2.9345908164978027,0.004801034927368164
82,19,80,2.5255048274993896,2.534456968307495,0.008952140808105469
83,0,80,3.416595220565796,3.4160823822021484,-0.0005128383636474609
83,1,80,3.5705320835113525,3.571422815322876,0.0008907318115234375
83,2,80,3.511489152908325,3.5134072303771973,0.0019180774688720703
83,3,80,3.035471200942993,3.035738706588745,0.0002675056457519531
83,4,80,2.886256217956543,2.886082887649536,-0.00017333030700683594
83,5,80,3.438019275665283,3.439126968383789,0.0011076927185058594
83,6,80,3.3919477462768555,3.392000913619995,5.316734313964844e-05
83,7,80,3.4152350425720215,3.416430711746216,0.001195669174194336
83,8,80,3.153089761734009,3.15447735786438,0.0013875961303710938
83,9,80,3.3304457664489746,3.331986427307129,0.0015406608581542969
83,10,80,3.5688881874084473,3.569267511367798,0.00037932395935058594
83,11,80,3.254958391189575,3.2564010620117188,0.0014426708221435547
83,12,80,3.4146108627319336,3.413931131362915,-0.0006797313690185547
83,13,80,3.8476061820983887,3.8487565517425537,0.001150369644165039
83,14,80,3.657538414001465,3.658432722091675,0.0008943080902099609
83,15,80,3.587043285369873,3.585670232772827,-0.0013730525970458984
83,16,80,3.9502198696136475,3.9497008323669434,-0.0005190372467041016
83,17,80,3.723813772201538,3.7238640785217285,5.030632019042969e-05
83,18,80,2.9297897815704346,2.929889678955078,9.989738464355469e-05
83,19,80,2.5255048274993896,2.5232467651367188,-0.0022580623626708984
84,0,80,3.416595220565796,3.415785551071167,-0.0008096694946289062
84,1,80,3.5705320835113525,3.5690224170684814,-0.0015096664428710938
84,2,80,3.511489152908325,3.5106918811798096,-0.000797271728515625
84,3,80,3.035471200942993,3.03629732131958,0.0008261203765869141
84,4,80,2.886256217956543,2.88582706451416,-0.0004291534423828125
84,5,80,3.438019275665283,3.4367997646331787,-0.0012195110321044922
84,6,80,3.3919477462768555,3.3911969661712646,-0.0007507801055908203
84,7,80,3.4152350425720215,3.4149539470672607,-0.0002810955047607422
84,8,80,3.153089761734009,3.1543052196502686,0.0012154579162597656
84,9,80,3.3304457664489746,3.3306870460510254,0.00024127960205078125
84,10,80,3.5688881874084473,3.5681328773498535,-0.00075531005859375
84,11,80,3.254958391189575,3.2567172050476074,0.0017588138580322266
84,12,80,3.4146108627319336,3.413224697113037,-0.0013861656188964844
84,13,80,3.8476061820983887,3.8478269577026367,0.00022077560424804688
84,14,80,3.657538414001465,3.656813621520996,-0.00072479248046875
84,15,80,3.587043285369873,3.5851385593414307,-0.0019047260284423828
84,16,80,3.9502198696136475,3.9494762420654297,-0.0007436275482177734
84,17,80,3.723813772201538,3.7256977558135986,0.0018839836120605469
84,18,80,2.9297897815704346,2.928934097290039,-0.0008556842803955078
84,19,80,2.5255048274993896,2.526531934738159,0.0010271072387695312
85,0,80,3.416595220565796,3.4166419506073,4.673004150390625e-05
85,1,80,3.5705320835113525,3.5704662799835205,-6.580352783203125e-05
85,2,80,3.511489152908325,3.5115344524383545,4.5299530029296875e-05
85,3,80,3.035471200942993,3.0339412689208984,-0.0015299320220947266
85,4,80,2.886256217956543,2.8863508701324463,9.465217590332031e-05
85,5,80,3.438019275665283,3.439286231994629,0.0012669563293457031
85,6,80,3.3919477462768555,3.3939433097839355,0.001995563507080078
85,7,80,3.4152350425720215,3.413912057876587,-0.0013229846954345703
85,8,80,3.153089761734009,3.154639720916748,0.0015499591827392578
85,9,80,3.3304457664489746,3.3316996097564697,0.0012538433074951172
85,10,80,3.5688881874084473,3.568713903427124,-0.0001742839813232422
85,11,80,3.254958391189575,3.255126476287842,0.00016808509826660156
85,12,80,3.4146108627319336,3.414964199066162,0.0003533363342285156
85,13,80,3.8476061820983887,3.8484621047973633,0.0008559226989746094
85,14,80,3.657538414001465,3.6576669216156006,0.0001285076141357422
85,15,80,3.587043285369873,3.5873303413391113,0.00028705596923828125
85,16,80,3.9502198696136475,3.9508137702941895,0.0005939006805419922
85,17,80,3.723813772201538,3.725464105606079,0.0016503334045410156
85,18,80,2.9297897815704346,2.9296317100524902,-0.00015807151794433594
85,19,80,2.5255048274993896,2.5233874320983887,-0.0021173954010009766
86,0,80,3.416595220565796,3.4161224365234375,-0.00047278404235839844
86,1,80,3.5705320835113525,3.57110333442688,0.0005712509155273438
86,2,80,3.511489152908325,3.5107991695404053,-0.0006899833679199219
86,3,80,3.035471200942993,3.0364646911621094,0.000993490219116211
86,4,80,2.886256217956543,2.8880951404571533,0.0018389225006103516
86,5,80,3.438019275665283,3.440096616744995,0.002077341079711914
86,6,80,3.3919477462768555,3.3917860984802246,-0.00016164779663085938
86,7,80,3.4152350425720215,3.416166305541992,0.0009312629699707031
86,8,80,3.153089761734009,3.1546378135681152,0.0015480518341064453
86,9,80,3.3304457664489746,3.3308653831481934,0.00041961669921875
86,10,80,3.5688881874084473,3.56709361076355,-0.001794576644897461
86,11,80,3.254958391189575,3.2556278705596924,0.0006694793701171875
86,12,80,3.4146108627319336,3.414591073989868,-1.9788742065429688e-05
86,13,80,3.8476061820983887,3.846967935562134,-0.0006382465362548828
86,14,80,3.657538414001465,3.6568758487701416,-0.0006625652313232422
86,15,80,3.587043285369873,3.5861198902130127,-0.0009233951568603516
86,16,80,3.9502198696136475,3.9492077827453613,-0.0010120868682861328
86,17,80,3.723813772201538,3.721578359603882,-0.00223541259765625
86,18,80,2.9297897815704346,2.9295074939727783,-0.00028228759765625
86,19,80,2.5255048274993896,2.5261337757110596,0.0006289482116699219
87,0,80,3.416595220565796,3.4170007705688477,0.0004055500030517578
87,1,80,3.5705320835113525,3.5695319175720215,-0.0010001659393310547
87,2,80,3.511489152908325,3.5130419731140137,0.0015528202056884766
87,3,80,3.035471200942993,3.035064697265625,-0.00040650367736816406
87,4,80,2.886256217956543,2.889949083328247,0.0036928653717041016
87,5,80,3.438019275665283,3.4405486583709717,0.0025293827056884766
87,6,80,3.3919477462768555,3.390582799911499,-0.0013649463653564453
87,7,80,3.4152350425720215,3.415801525115967,0.0005664825439453125
87,8,80,3.153089761734009,3.154252529144287,0.0011627674102783203
87,9,80,3.3304457664489746,3.331470251083374,0.001024484634399414
87,10,80,3.5688881874084473,3.56972336769104,0.0008351802825927734
87,11,80,3.254958391189575,3.257803440093994,0.0028450489044189453
87,12,80,3.4146108627319336,3.416003465652466,0.0013926029205322266
87,13,80,3.8476061820983887,3.8458869457244873,-0.0017192363739013672
87,14,80,3.657538414001465,3.6579220294952393,0.00038361549377441406
87,15,80,3.587043285369873,3.587280511856079,0.0002372264862060547
87,16,80,3.9502198696136475,3.9502408504486084,2.09808349609375e-05
87,17,80,3.723813772201538,3.727236747741699,0.003422975540161133
87,18,80,2.9297897815704346,2.929205894470215,-0.0005838871002197266
87,19,80,2.5255048274993896,2.526007652282715,0.0005028247833251953
88,0,80,3.416595220565796,3.4162960052490234,-0.00029921531677246094
88,1,80,3.5705320835113525,3.570335626602173,-0.0001964569091796875
88,2,80,3.511489152908325,3.511155366897583,-0.0003337860107421875
88,3,80,3.035471200942993,3.0357627868652344,0.00029158592224121094
88,4,80,2.886256217956543,2.8860416412353516,-0.00021457672119140625
88,5,80,3.438019275665283,3.43898344039917,0.0009641647338867188
88,6,80,3.3919477462768555,3.392148017883301,0.0002002716064453125
88,7,80,3.4152350425720215,3.4164741039276123,0.0012390613555908203
88,8,80,3.153089761734009,3.1538400650024414,0.0007503032684326172
88,9,80,3.3304457664489746,3.3302152156829834,-0.00023055076599121094
88,10,80,3.5688881874084473,3.570276975631714,0.0013887882232666016
88,11,80,3.254958391189575,3.257601022720337,0.0026426315307617188
88,12,80,3.4146108627319336,3.415120840072632,0.0005099773406982422
88,13,80,3.8476061820983887,3.8482372760772705,0.0006310939788818359
88,14,80,3.657538414001465,3.65932035446167,0.0017819404602050781
88,15,80,3.587043285369873,3.5882225036621094,0.0011792182922363281
88,16,80,3.9502198696136475,3.9485549926757812,-0.001664876937866211
88,17,80,3.723813772201538,3.7233943939208984,-0.00041937828063964844
88,18,80,2.9297897815704346,2.930591344833374,0.0008015632629394531
88,19,80,2.5255048274993896,2.5248587131500244,-0.0006461143493652344
89,0,80,3.416595220565796,3.4171500205993652,0.0005548000335693359
89,1,80,3.5705320835113525,3.5707406997680664,0.0002086162567138672
89,2,80,3.511489152908325,3.5105998516082764,-0.0008893013000488281
89,3,80,3.035471200942993,3.036205768585205,0.0007345676422119141
89,4,80,2.886256217956543,2.884586811065674,-0.0016694068908691406
89,5,80,3.438019275665283,3.4374783039093018,-0.0005409717559814453
89,6,80,3.3919477462768555,3.3933680057525635,0.0014202594757080078
89,7,80,3.4152350425720215,3.4160380363464355,0.0008029937744140625
89,8,80,3.153089761734009,3.153388023376465,0.0002982616424560547
89,9,80,3.3304457664489746,3.332397222518921,0.001951456069946289
89,10,80,3.5688881874084473,3.5691874027252197,0.00029921531677246094
89,11,80,3.254958391189575,3.2546637058258057,-0.00029468536376953125
89,12,80,3.4146108627319336,3.4141485691070557,-0.0004622936248779297
89,13,80,3.8476061820983887,3.8474907875061035,-0.00011539459228515625
89,14,80,3.657538414001465,3.6591668128967285,0.0016283988952636719
89,15,80,3.587043285369873,3.585808753967285,-0.0012345314025878906
89,16,80,3.9502198696136475,3.950249195098877,2.9325485229492188e-05
89,17,80,3.723813772201538,3.723613977432251,-0.00019979476928710938
89,18,80,2.9297897815704346,2.9289333820343018,-0.0008563995361328125
89,19,80,2.5255048274993896,2.524892568588257,-0.0006122589111328125
90,0,80,3.416595220565796,3.4171507358551025,0.0005555152893066406
90,1,80,3.5705320835113525,3.5694546699523926,-0.001077413558959961
90,2,80,3.511489152908325,3.5108795166015625,-0.0006096363067626953
90,3,80,3.035471200942993,3.0340983867645264,-0.0013728141784667969
90,4,80,2.886256217956543,2.8863117694854736,5.555152893066406e-05
90,5,80,3.438019275665283,3.4367969036102295,-0.001222372055053711
90,6,80,3.3919477462768555,3.3904407024383545,-0.0015070438385009766
90,7,80,3.4152350425720215,3.4153120517730713,7.700920104980469e-05
90,8,80,3.153089761734009,3.1541826725006104,0.0010929107666015625
90,9,80,3.3304457664489746,3.3301587104797363,-0.00028705596923828125
90,10,80,3.5688881874084473,3.56880521774292,-8.296966552734375e-05
90,11,80,3.254958391189575,3.2527921199798584,-0.002166271209716797
90,12,80,3.4146108627319336,3.4147117137908936,0.00010085105895996094
90,13,80,3.8476061820983887,3.8458616733551025,-0.0017445087432861328
90,14,80,3.657538414001465,3.6569440364837646,-0.0005943775177001953
90,15,80,3.587043285369873,3.5981554985046387,0.011112213134765625
90,16,80,3.9502198696136475,3.9512739181518555,0.0010540485382080078
90,17,80,3.723813772201538,3.723062515258789,-0.0007512569427490234
90,18,80,2.9297897815704346,2.928499221801758,-0.0012905597686767578
90,19,80,2.5255048274993896,2.5270092487335205,0.0015044212341308594
91,0,80,3.416595220565796,3.417410135269165,0.0008149147033691406
91,1,80,3.5705320835113525,3.571610450744629,0.0010783672332763672
91,2,80,3.511489152908325,3.511160373687744,-0.0003287792205810547
91,3,80,3.035471200942993,3.035299777984619,-0.00017142295837402344
91,4,80,2.886256217956543,2.8879690170288086,0.001712799072265625
91,5,80,3.438019275665283,3.439807176589966,0.0017879009246826172
91,6,80,3.3919477462768555,3.3937137126922607,0.0017659664154052734
91,7,80,3.4152350425720215,3.415064811706543,-0.00017023086547851562
91,8,80,3.153089761734009,3.15512752532959,0.0020377635955810547
91,9,80,3.3304457664489746,3.3325650691986084,0.002119302749633789
91,10,80,3.5688881874084473,3.5688953399658203,7.152557373046875e-06
91,11,80,3.254958391189575,3.2554609775543213,0.0005025863647460938
91,12,80,3.4146108627319336,3.4150562286376953,0.00044536590576171875
91,13,80,3.8476061820983887,3.8494820594787598,0.0018758773803710938
91,14,80,3.657538414001465,3.6584489345550537,0.0009105205535888672
91,15,80,3.587043285369873,3.5858418941497803,-0.0012013912200927734
91,16,80,3.9502198696136475,3.949477195739746,-0.0007426738739013672
91,17,80,3.723813772201538,3.7241883277893066,0.0003745555877685547
91,18,80,2.9297897815704346,2.9293320178985596,-0.000457763671875
91,19,80,2.5255048274993896,2.5243966579437256,-0.0011081695556640625
92,0,80,3.416595220565796,3.416259765625,-0.00033545494079589844
92,1,80,3.5705320835113525,3.570821762084961,0.00028967857360839844
92,2,80,3.511489152908325,3.5111865997314453,-0.0003025531768798828
92,3,80,3.035471200942993,3.0351436138153076,-0.0003275871276855469
92,4,80,2.886256217956543,2.8862898349761963,3.361701965332031e-05
92,5,80,3.438019275665283,3.437664031982422,-0.0003552436828613281
92,6,80,3.3919477462768555,3.3913986682891846,-0.0005490779876708984
92,7,80,3.4152350425720215,3.415950298309326,0.0007152557373046875
92,8,80,3.153089761734009,3.1509745121002197,-0.0021152496337890625
92,9,80,3.3304457664489746,3.330139636993408,-0.00030612945556640625
92,10,80,3.5688881874084473,3.568350315093994,-0.000537872314453125
92,11,80,3.254958391189575,3.2570526599884033,0.002094268798828125
92,12,80,3.4146108627319336,3.415152072906494,0.0005412101745605469
92,13,80,3.8476061820983887,3.8485195636749268,0.0009133815765380859
92,14,80,3.657538414001465,3.6567234992980957,-0.0008149147033691406
92,15,80,3.587043285369873,3.588500499725342,0.00145721435546875
92,16,80,3.9502198696136475,3.951127767562866,0.00090789794921875
92,17,80,3.723813772201538,3.7262818813323975,0.002468109130859375
92,18,80,2.9297897815704346,2.929227828979492,-0.0005619525909423828
92,19,80,2.5255048274993896,2.5247974395751953,-0.0007073879241943359
93,0,80,3.416595220565796,3.417203187942505,0.0006079673767089844
93,1,80,3.5705320835113525,3.5717546939849854,0.0012226104736328125
93,2,80,3.511489152908325,3.511669158935547,0.0001800060272216797
93,3,80,3.035471200942993,3.035426616668701,-4.458427429199219e-05
93,4,80,2.886256217956543,2.888611078262329,0.002354860305786133
93,5,80,3.438019275665283,3.4396917819976807,0.001672506332397461
93,6,80,3.3919477462768555,3.3925552368164062,0.0006074905395507812
93,7,80,3.4152350425720215,3.4147706031799316,-0.00046443939208984375
93,8,80,3.153089761734009,3.153503656387329,0.0004138946533203125
93,9,80,3.3304457664489746,3.331672191619873,0.0012264251708984375
93,10,80,3.5688881874084473,3.5704259872436523,0.0015377998352050781
93,11,80,3.254958391189575,3.2554121017456055,0.00045371055603027344
93,12,80,3.4146108627319336,3.414116382598877,-0.0004944801330566406
93,13,80,3.8476061820983887,3.8485536575317383,0.0009474754333496094
93,14,80,3.657538414001465,3.657414436340332,-0.0001239776611328125
93,15,80,3.587043285369873,3.5858397483825684,-0.0012035369873046875
93,16,80,3.9502198696136475,3.9517414569854736,0.0015215873718261719
93,17,80,3.723813772201538,3.723912000656128,9.822845458984375e-05
93,18,80,2.9297897815704346,2.9304463863372803,0.0006566047668457031
93,19,80,2.5255048274993896,2.5260801315307617,0.0005753040313720703
94,0,80,3.416595220565796,3.4163455963134766,-0.00024962425231933594
94,1,80,3.5705320835113525,3.5706734657287598,0.00014138221740722656
94,2,80,3.511489152908325,3.5107083320617676,-0.0007808208465576172
94,3,80,3.035471200942993,3.0347495079040527,-0.0007216930389404297
94,4,80,2.886256217956543,2.885529041290283,-0.0007271766662597656
94,5,80,3.438019275665283,3.440293312072754,0.002274036407470703
94,6,80,3.3919477462768555,3.3927555084228516,0.0008077621459960938
94,7,80,3.4152350425720215,3.4135327339172363,-0.0017023086547851562
94,8,80,3.153089761734009,3.153554916381836,0.00046515464782714844
94,9,80,3.3304457664489746,3.3316330909729004,0.0011873245239257812
94,10,80,3.5688881874084473,3.5690064430236816,0.000118255615234375
94,11,80,3.254958391189575,3.2555978298187256,0.0006394386291503906
94,12,80,3.4146108627319336,3.4153451919555664,0.0007343292236328125
94,13,80,3.8476061820983887,3.8456318378448486,-0.001974344253540039
94,14,80,3.657538414001465,3.6575074195861816,-3.0994415283203125e-05
94,15,80,3.587043285369873,3.5875868797302246,0.0005435943603515625
94,16,80,3.9502198696136475,3.951047658920288,0.000827789306640625
94,17,80,3.723813772201538,3.7226264476776123,-0.0011873245239257812
94,18,80,2.9297897815704346,2.9302804470062256,0.0004906654357910156
94,19,80,2.5255048274993896,2.525299549102783,-0.0002052783966064453
95,0,80,3.416595220565796,3.417909622192383,0.001314401626586914
95,1,80,3.5705320835113525,3.5713818073272705,0.0008497238159179688
95,2,80,3.511489152908325,3.5123467445373535,0.0008575916290283203
95,3,80,3.035471200942993,3.0349206924438477,-0.0005505084991455078
95,4,80,2.886256217956543,2.887145519256592,0.0008893013000488281
95,5,80,3.438019275665283,3.439279079437256,0.0012598037719726562
95,6,80,3.3919477462768555,3.392003059387207,5.53131103515625e-05
95,7,80,3.4152350425720215,3.4165821075439453,0.0013470649719238281
95,8,80,3.153089761734009,3.1535720825195312,0.00048232078552246094
95,9,80,3.3304457664489746,3.33056902885437,0.0001232624053955078
95,10,80,3.5688881874084473,3.5695912837982178,0.0007030963897705078
95,11,80,3.254958391189575,3.2540102005004883,-0.0009481906890869141
95,12,80,3.4146108627319336,3.414306879043579,-0.0003039836883544922
95,13,80,3.8476061820983887,3.8466970920562744,-0.0009090900421142578
95,14,80,3.657538414001465,3.6566860675811768,-0.0008523464202880859
95,15,80,3.587043285369873,3.598198175430298,0.011154890060424805
95,16,80,3.9502198696136475,3.9510998725891113,0.0008800029754638672
95,17,80,3.723813772201538,3.7231037616729736,-0.0007100105285644531
95,18,80,2.9297897815704346,2.9288742542266846,-0.00091552734375
95,19,80,2.5255048274993896,2.5244603157043457,-0.0010445117950439453
96,0,80,3.416595220565796,3.416260242462158,-0.0003349781036376953
96,1,80,3.5705320835113525,3.5712146759033203,0.0006825923919677734
96,2,80,3.511489152908325,3.50907039642334,-0.0024187564849853516
96,3,80,3.035471200942993,3.0363340377807617,0.0008628368377685547
96,4,80,2.886256217956543,2.8879709243774414,0.0017147064208984375
96,5,80,3.438019275665283,3.4391746520996094,0.0011553764343261719
96,6,80,3.3919477462768555,3.391822338104248,-0.00012540817260742188
96,7,80,3.4152350425720215,3.4154064655303955,0.00017142295837402344
96,8,80,3.153089761734009,3.151564359664917,-0.0015254020690917969
96,9,80,3.3304457664489746,3.3306353092193604,0.0001895427703857422
96,10,80,3.5688881874084473,3.567972183227539,-0.0009160041809082031
96,11,80,3.254958391189575,3.2591629028320312,0.004204511642456055
96,12,80,3.4146108627319336,3.416022777557373,0.0014119148254394531
96,13,80,3.8476061820983887,3.847282648086548,-0.0003235340118408203
96,14,80,3.657538414001465,3.657634735107422,9.632110595703125e-05
96,15,80,3.587043285369873,3.586231231689453,-0.0008120536804199219
96,16,80,3.9502198696136475,3.9488439559936523,-0.0013759136199951172
96,17,80,3.723813772201538,3.7238802909851074,6.651878356933594e-05
96,18,80,2.9297897815704346,2.9291367530822754,-0.0006530284881591797
96,19,80,2.5255048274993896,2.526942253112793,0.0014374256134033203
97,0,80,3.416595220565796,3.4173872470855713,0.0007920265197753906
97,1,80,3.5705320835113525,3.570880174636841,0.00034809112548828125
97,2,80,3.511489152908325,3.5105013847351074,-0.0009877681732177734
97,3,80,3.035471200942993,3.0355260372161865,5.4836273193359375e-05
97,4,80,2.886256217956543,2.885955333709717,-0.0003008842468261719
97,5,80,3.438019275665283,3.437776565551758,-0.00024271011352539062
97,6,80,3.3919477462768555,3.3920516967773438,0.00010395050048828125
97,7,80,3.4152350425720215,3.4148664474487305,-0.0003685951232910156
97,8,80,3.153089761734009,3.153870105743408,0.0007803440093994141
97,9,80,3.3304457664489746,3.331432580947876,0.0009868144989013672
97,10,80,3.5688881874084473,3.567925453186035,-0.0009627342224121094
97,11,80,3.254958391189575,3.2544796466827393,-0.0004787445068359375
97,12,80,3.4146108627319336,3.415764093399048,0.0011532306671142578
97,13,80,3.8476061820983887,3.8471856117248535,-0.00042057037353515625
97,14,80,3.657538414001465,3.6574392318725586,-9.918212890625e-05
97,15,80,3.587043285369873,3.5883383750915527,0.0012950897216796875
97,16,80,3.9502198696136475,3.9501514434814453,-6.842613220214844e-05
97,17,80,3.723813772201538,3.7250466346740723,0.0012328624725341797
97,18,80,2.9297897815704346,2.9300379753112793,0.00024819374084472656
97,19,80,2.5255048274993896,2.526679515838623,0.0011746883392333984
98,0,80,3.416595220565796,3.4156858921051025,-0.0009093284606933594
98,1,80,3.5705320835113525,3.5699751377105713,-0.00055694580078125
98,2,80,3.511489152908325,3.510702610015869,-0.0007865428924560547
98,3,80,3.035471200942993,3.035334825515747,-0.00013637542724609375
98,4,80,2.886256217956543,2.886232852935791,-2.3365020751953125e-05
98,5,80,3.438019275665283,3.4372501373291016,-0.0007691383361816406
98,6,80,3.3919477462768555,3.3936362266540527,0.0016884803771972656
98,7,80,3.4152350425720215,3.41637921333313,0.0011441707611083984
98,8,80,3.153089761734009,3.15378475189209,0.0006949901580810547
98,9,80,3.3304457664489746,3.330582857131958,0.00013709068298339844
98,10,80,3.5688881874084473,3.568837881088257,-5.030632019042969e-05
98,11,80,3.254958391189575,3.2541959285736084,-0.0007624626159667969
98,12,80,3.4146108627319336,3.4143590927124023,-0.00025177001953125
98,13,80,3.8476061820983887,3.8466079235076904,-0.0009982585906982422
98,14,80,3.657538414001465,3.658632278442383,0.0010938644409179688
98,15,80,3.587043285369873,3.586355686187744,-0.0006875991821289062
98,16,80,3.9502198696136475,3.950140953063965,-7.891654968261719e-05
98,17,80,3.723813772201538,3.7231533527374268,-0.0006604194641113281
98,18,80,2.9297897815704346,2.9296634197235107,-0.00012636184692382812
98,19,80,2.5255048274993896,2.5246009826660156,-0.0009038448333740234
99,0,80,3.416595220565796,3.417320966720581,0.0007257461547851562
99,1,80,3.5705320835113525,3.5717356204986572,0.0012035369873046875
99,2,80,3.511489152908325,3.5128519535064697,0.0013628005981445312
99,3,80,3.035471200942993,3.035975933074951,0.0005047321319580078
99,4,80,2.886256217956543,2.8873627185821533,0.0011065006256103516
99,5,80,3.438019275665283,3.4392054080963135,0.0011861324310302734
99,6,80,3.3919477462768555,3.3921897411346436,0.00024199485778808594
99,7,80,3.4152350425720215,3.418989896774292,0.003754854202270508
99,8,80,3.153089761734009,3.1546823978424072,0.0015926361083984375
99,9,80,3.3304457664489746,3.331402540206909,0.0009567737579345703
99,10,80,3.5688881874084473,3.568561553955078,-0.0003266334533691406
99,11,80,3.254958391189575,3.254063129425049,-0.0008952617645263672
99,12,80,3.4146108627319336,3.4156529903411865,0.0010421276092529297
99,13,80,3.8476061820983887,3.8462636470794678,-0.0013425350189208984
99,14,80,3.657538414001465,3.657198190689087,-0.0003402233123779297
99,15,80,3.587043285369873,3.5874688625335693,0.00042557716369628906
99,16,80,3.9502198696136475,3.9486889839172363,-0.0015308856964111328
99,17,80,3.723813772201538,3.724384069442749,0.0005702972412109375
99,18,80,2.9297897815704346,2.9286577701568604,-0.0011320114135742188
99,19,80,2.5255048274993896,2.5264534950256348,0.0009486675262451172
