subset,query,n_removed,baseline_loss,filtered_loss,loss_change
0,0,320,3.3925631046295166,3.3928678035736084,0.0003046989440917969
0,1,320,3.5344126224517822,3.5332725048065186,-0.0011401176452636719
0,2,320,3.440383195877075,3.4403374195098877,-4.57763671875e-05
0,3,320,2.9953973293304443,2.9953410625457764,-5.626678466796875e-05
0,4,320,2.8365683555603027,2.836747169494629,0.00017881393432617188
0,5,320,3.332186460494995,3.3333041667938232,0.001117706298828125
0,6,320,3.3162941932678223,3.3190810680389404,0.002786874771118164
0,7,320,3.3423733711242676,3.341488838195801,-0.0008845329284667969
0,8,320,3.06367826461792,3.0641322135925293,0.000453948974609375
0,9,320,3.272820234298706,3.2726356983184814,-0.00018453598022460938
0,10,320,3.4882094860076904,3.4879400730133057,-0.0002694129943847656
0,11,320,3.0869598388671875,3.0863232612609863,-0.0006365776062011719
0,12,320,3.3315787315368652,3.3305556774139404,-0.0010230541229248047
0,13,320,3.8159148693084717,3.818329334259033,0.0024144649505615234
0,14,320,3.6328206062316895,3.6330361366271973,0.0002155303955078125
0,15,320,3.5651907920837402,3.5677027702331543,0.0025119781494140625
0,16,320,3.9118757247924805,3.9131343364715576,0.0012586116790771484
0,17,320,3.5143396854400635,3.5160140991210938,0.0016744136810302734
0,18,320,2.9091219902038574,2.908085346221924,-0.0010366439819335938
0,19,320,2.5207278728485107,2.5211145877838135,0.0003867149353027344
1,0,320,3.3925631046295166,3.3906474113464355,-0.0019156932830810547
1,1,320,3.5344126224517822,3.5333728790283203,-0.001039743423461914
1,2,320,3.440383195877075,3.439709424972534,-0.0006737709045410156
1,3,320,2.9953973293304443,2.9949002265930176,-0.0004971027374267578
1,4,320,2.8365683555603027,2.835930109024048,-0.0006382465362548828
1,5,320,3.332186460494995,3.331463098526001,-0.0007233619689941406
1,6,320,3.3162941932678223,3.315904378890991,-0.0003898143768310547
1,7,320,3.3423733711242676,3.3435277938842773,0.0011544227600097656
1,8,320,3.06367826461792,3.0618340969085693,-0.001844167709350586
1,9,320,3.272820234298706,3.272843837738037,2.3603439331054688e-05
1,10,320,3.4882094860076904,3.4865949153900146,-0.0016145706176757812
1,11,320,3.0869598388671875,3.086639404296875,-0.0003204345703125
1,12,320,3.3315787315368652,3.3306686878204346,-0.0009100437164306641
1,13,320,3.8159148693084717,3.8160572052001953,0.0001423358917236328
1,14,320,3.6328206062316895,3.6315410137176514,-0.001279592514038086
1,15,320,3.5651907920837402,3.565155029296875,-3.5762786865234375e-05
1,16,320,3.9118757247924805,3.9118590354919434,-1.6689300537109375e-05
1,17,320,3.5143396854400635,3.514578104019165,0.0002384185791015625
1,18,320,2.9091219902038574,2.906153678894043,-0.002968311309814453
1,19,320,2.5207278728485107,2.5188724994659424,-0.0018553733825683594
2,0,320,3.3925631046295166,3.3923568725585938,-0.00020623207092285156
2,1,320,3.5344126224517822,3.536961317062378,0.002548694610595703
2,2,320,3.440383195877075,3.441053867340088,0.0006706714630126953
2,3,320,2.9953973293304443,2.993925094604492,-0.0014722347259521484
2,4,320,2.8365683555603027,2.8365397453308105,-2.86102294921875e-05
2,5,320,3.332186460494995,3.3322043418884277,1.7881393432617188e-05
2,6,320,3.3162941932678223,3.317434072494507,0.0011398792266845703
2,7,320,3.3423733711242676,3.342552661895752,0.000179290771484375
2,8,320,3.06367826461792,3.0636656284332275,-1.2636184692382812e-05
2,9,320,3.272820234298706,3.2719831466674805,-0.0008370876312255859
2,10,320,3.4882094860076904,3.4879002571105957,-0.00030922889709472656
2,11,320,3.0869598388671875,3.087014675140381,5.4836273193359375e-05
2,12,320,3.3315787315368652,3.330423355102539,-0.0011553764343261719
2,13,320,3.8159148693084717,3.8155434131622314,-0.0003714561462402344
2,14,320,3.6328206062316895,3.6332480907440186,0.00042748451232910156
2,15,320,3.5651907920837402,3.564847469329834,-0.00034332275390625
2,16,320,3.9118757247924805,3.9111990928649902,-0.0006766319274902344
2,17,320,3.5143396854400635,3.515263080596924,0.0009233951568603516
2,18,320,2.9091219902038574,2.909961462020874,0.0008394718170166016
2,19,320,2.5207278728485107,2.522003173828125,0.0012753009796142578
3,0,320,3.3925631046295166,3.3947465419769287,0.0021834373474121094
3,1,320,3.5344126224517822,3.5345029830932617,9.036064147949219e-05
3,2,320,3.440383195877075,3.4400229454040527,-0.00036025047302246094
3,3,320,2.9953973293304443,2.9964070320129395,0.0010097026824951172
3,4,320,2.8365683555603027,2.836639881134033,7.152557373046875e-05
3,5,320,3.332186460494995,3.3291573524475098,-0.0030291080474853516
3,6,320,3.3162941932678223,3.3157858848571777,-0.0005083084106445312
3,7,320,3.3423733711242676,3.3433706760406494,0.000997304916381836
3,8,320,3.06367826461792,3.062232494354248,-0.001445770263671875
3,9,320,3.272820234298706,3.272047519683838,-0.0007727146148681641
3,10,320,3.4882094860076904,3.486396551132202,-0.0018129348754882812
3,11,320,3.0869598388671875,3.0868337154388428,-0.00012612342834472656
3,12,320,3.3315787315368652,3.3304531574249268,-0.0011255741119384766
3,13,320,3.8159148693084717,3.816495180130005,0.0005803108215332031
3,14,320,3.6328206062316895,3.6330783367156982,0.00025773048400878906
3,15,320,3.5651907920837402,3.5655040740966797,0.0003132820129394531
3,16,320,3.9118757247924805,3.911158800125122,-0.0007169246673583984
3,17,320,3.5143396854400635,3.5141637325286865,-0.00017595291137695312
3,18,320,2.9091219902038574,2.9094815254211426,0.00035953521728515625
3,19,320,2.5207278728485107,2.520801067352295,7.319450378417969e-05
4,0,320,3.3925631046295166,3.3928182125091553,0.0002551078796386719
4,1,320,3.5344126224517822,3.5346975326538086,0.0002849102020263672
4,2,320,3.440383195877075,3.441185474395752,0.0008022785186767578
4,3,320,2.9953973293304443,2.9941022396087646,-0.0012950897216796875
4,4,320,2.8365683555603027,2.8373656272888184,0.000797271728515625
4,5,320,3.332186460494995,3.333383083343506,0.0011966228485107422
4,6,320,3.3162941932678223,3.3167972564697266,0.0005030632019042969
4,7,320,3.3423733711242676,3.342801332473755,0.0004279613494873047
4,8,320,3.06367826461792,3.065840005874634,0.002161741256713867
4,9,320,3.272820234298706,3.2721755504608154,-0.000644683837890625
4,10,320,3.4882094860076904,3.4893128871917725,0.0011034011840820312
4,11,320,3.0869598388671875,3.0887088775634766,0.0017490386962890625
4,12,320,3.3315787315368652,3.3387997150421143,0.0072209835052490234
4,13,320,3.8159148693084717,3.816776752471924,0.0008618831634521484
4,14,320,3.6328206062316895,3.6339709758758545,0.001150369644165039
4,15,320,3.5651907920837402,3.565549373626709,0.00035858154296875
4,16,320,3.9118757247924805,3.9111459255218506,-0.0007297992706298828
4,17,320,3.5143396854400635,3.5126194953918457,-0.0017201900482177734
4,18,320,2.9091219902038574,2.9067041873931885,-0.0024178028106689453
4,19,320,2.5207278728485107,2.521347999572754,0.0006201267242431641
5,0,320,3.3925631046295166,3.3913049697875977,-0.0012581348419189453
5,1,320,3.5344126224517822,3.531345844268799,-0.0030667781829833984
5,2,320,3.440383195877075,3.4408936500549316,0.0005104541778564453
5,3,320,2.9953973293304443,2.995366334915161,-3.0994415283203125e-05
5,4,320,2.8365683555603027,2.8361921310424805,-0.0003762245178222656
5,5,320,3.332186460494995,3.3331050872802734,0.0009186267852783203
5,6,320,3.3162941932678223,3.3156850337982178,-0.0006091594696044922
5,7,320,3.3423733711242676,3.3426523208618164,0.0002789497375488281
5,8,320,3.06367826461792,3.0651209354400635,0.0014426708221435547
5,9,320,3.272820234298706,3.2734549045562744,0.0006346702575683594
5,10,320,3.4882094860076904,3.48866605758667,0.0004565715789794922
5,11,320,3.0869598388671875,3.086059331893921,-0.0009005069732666016
5,12,320,3.3315787315368652,3.3310418128967285,-0.0005369186401367188
5,13,320,3.8159148693084717,3.8135740756988525,-0.0023407936096191406
5,14,320,3.6328206062316895,3.6307930946350098,-0.0020275115966796875
5,15,320,3.5651907920837402,3.5678067207336426,0.0026159286499023438
5,16,320,3.9118757247924805,3.913562297821045,0.0016865730285644531
5,17,320,3.5143396854400635,3.5147087574005127,0.00036907196044921875
5,18,320,2.9091219902038574,2.9080896377563477,-0.0010323524475097656
5,19,320,2.5207278728485107,2.5196449756622314,-0.0010828971862792969
6,0,320,3.3925631046295166,3.39225435256958,-0.00030875205993652344
6,1,320,3.5344126224517822,3.5349833965301514,0.0005707740783691406
6,2,320,3.440383195877075,3.439631223678589,-0.0007519721984863281
6,3,320,2.9953973293304443,2.9959888458251953,0.0005915164947509766
6,4,320,2.8365683555603027,2.8347747325897217,-0.0017936229705810547
6,5,320,3.332186460494995,3.3320465087890625,-0.0001399517059326172
6,6,320,3.3162941932678223,3.3153300285339355,-0.0009641647338867188
6,7,320,3.3423733711242676,3.3427703380584717,0.00039696693420410156
6,8,320,3.06367826461792,3.06425142288208,0.0005731582641601562
6,9,320,3.272820234298706,3.2732045650482178,0.00038433074951171875
6,10,320,3.4882094860076904,3.4887990951538086,0.0005896091461181641
6,11,320,3.0869598388671875,3.08557391166687,-0.0013859272003173828
6,12,320,3.3315787315368652,3.331138849258423,-0.0004398822784423828
6,13,320,3.8159148693084717,3.814342498779297,-0.0015723705291748047
6,14,320,3.6328206062316895,3.6325125694274902,-0.00030803680419921875
6,15,320,3.5651907920837402,3.563788890838623,-0.0014019012451171875
6,16,320,3.9118757247924805,3.9118645191192627,-1.1205673217773438e-05
6,17,320,3.5143396854400635,3.514284610748291,-5.507469177246094e-05
6,18,320,2.9091219902038574,2.9105587005615234,0.0014367103576660156
6,19,320,2.5207278728485107,2.5216567516326904,0.0009288787841796875
7,0,320,3.3925631046295166,3.391955614089966,-0.0006074905395507812
7,1,320,3.5344126224517822,3.5374701023101807,0.0030574798583984375
7,2,320,3.440383195877075,3.4408555030822754,0.0004723072052001953
7,3,320,2.9953973293304443,2.994907855987549,-0.0004894733428955078
7,4,320,2.8365683555603027,2.83559250831604,-0.0009758472442626953
7,5,320,3.332186460494995,3.3310608863830566,-0.0011255741119384766
7,6,320,3.3162941932678223,3.3170313835144043,0.0007371902465820312
7,7,320,3.3423733711242676,3.3450164794921875,0.002643108367919922
7,8,320,3.06367826461792,3.063723564147949,4.5299530029296875e-05
7,9,320,3.272820234298706,3.2719879150390625,-0.0008323192596435547
7,10,320,3.4882094860076904,3.487492322921753,-0.0007171630859375
7,11,320,3.0869598388671875,3.088331937789917,0.0013720989227294922
7,12,320,3.3315787315368652,3.3310225009918213,-0.0005562305450439453
7,13,320,3.8159148693084717,3.8159966468811035,8.177757263183594e-05
7,14,320,3.6328206062316895,3.6341335773468018,0.0013129711151123047
7,15,320,3.5651907920837402,3.5652711391448975,8.034706115722656e-05
7,16,320,3.9118757247924805,3.9120748043060303,0.0001990795135498047
7,17,320,3.5143396854400635,3.5136916637420654,-0.0006480216979980469
7,18,320,2.9091219902038574,2.911921977996826,0.00279998779296875
7,19,320,2.5207278728485107,2.5226032733917236,0.0018754005432128906
8,0,320,3.3925631046295166,3.393343687057495,0.0007805824279785156
8,1,320,3.5344126224517822,3.5357444286346436,0.0013318061828613281
8,2,320,3.440383195877075,3.4405031204223633,0.00011992454528808594
8,3,320,2.9953973293304443,2.9971914291381836,0.0017940998077392578
8,4,320,2.8365683555603027,2.83646821975708,-0.00010013580322265625
8,5,320,3.332186460494995,3.3332595825195312,0.0010731220245361328
8,6,320,3.3162941932678223,3.3171207904815674,0.0008265972137451172
8,7,320,3.3423733711242676,3.3440773487091064,0.0017039775848388672
8,8,320,3.06367826461792,3.0663318634033203,0.0026535987854003906
8,9,320,3.272820234298706,3.273542881011963,0.0007226467132568359
8,10,320,3.4882094860076904,3.489370107650757,0.0011606216430664062
8,11,320,3.0869598388671875,3.0866050720214844,-0.000354766845703125
8,12,320,3.3315787315368652,3.3306634426116943,-0.0009152889251708984
8,13,320,3.8159148693084717,3.8146448135375977,-0.0012700557708740234
8,14,320,3.6328206062316895,3.6340982913970947,0.0012776851654052734
8,15,320,3.5651907920837402,3.5633833408355713,-0.0018074512481689453
8,16,320,3.9118757247924805,3.9108996391296387,-0.0009760856628417969
8,17,320,3.5143396854400635,3.5148823261260986,0.0005426406860351562
8,18,320,2.9091219902038574,2.9104323387145996,0.0013103485107421875
8,19,320,2.5207278728485107,2.519998073577881,-0.0007297992706298828
9,0,320,3.3925631046295166,3.391822099685669,-0.0007410049438476562
9,1,320,3.5344126224517822,3.5362017154693604,0.001789093017578125
9,2,320,3.440383195877075,3.441051483154297,0.0006682872772216797
9,3,320,2.9953973293304443,2.995387554168701,-9.775161743164062e-06
9,4,320,2.8365683555603027,2.8383591175079346,0.001790761947631836
9,5,320,3.332186460494995,3.331817626953125,-0.0003688335418701172
9,6,320,3.3162941932678223,3.3152248859405518,-0.0010693073272705078
9,7,320,3.3423733711242676,3.3442790508270264,0.001905679702758789
9,8,320,3.06367826461792,3.0631704330444336,-0.0005078315734863281
9,9,320,3.272820234298706,3.2719478607177734,-0.0008723735809326172
9,10,320,3.4882094860076904,3.487959146499634,-0.0002503395080566406
9,11,320,3.0869598388671875,3.0867111682891846,-0.0002486705780029297
9,12,320,3.3315787315368652,3.3310158252716064,-0.0005629062652587891
9,13,320,3.8159148693084717,3.816394567489624,0.00047969818115234375
9,14,320,3.6328206062316895,3.634389877319336,0.0015692710876464844
9,15,320,3.5651907920837402,3.566957712173462,0.0017669200897216797
9,16,320,3.9118757247924805,3.9121696949005127,0.00029397010803222656
9,17,320,3.5143396854400635,3.515658140182495,0.0013184547424316406
9,18,320,2.9091219902038574,2.9097254276275635,0.0006034374237060547
9,19,320,2.5207278728485107,2.521826982498169,0.0010991096496582031
10,0,320,3.3925631046295166,3.3923261165618896,-0.00023698806762695312
10,1,320,3.5344126224517822,3.5329437255859375,-0.0014688968658447266
10,2,320,3.440383195877075,3.4401628971099854,-0.00022029876708984375
10,3,320,2.9953973293304443,2.9941225051879883,-0.0012748241424560547
10,4,320,2.8365683555603027,2.836778163909912,0.000209808349609375
10,5,320,3.332186460494995,3.332587480545044,0.0004010200500488281
10,6,320,3.3162941932678223,3.314368963241577,-0.0019252300262451172
10,7,320,3.3423733711242676,3.341566324234009,-0.0008070468902587891
10,8,320,3.06367826461792,3.0635986328125,-7.963180541992188e-05
10,9,320,3.272820234298706,3.2739648818969727,0.0011446475982666016
10,10,320,3.4882094860076904,3.4898300170898438,0.0016205310821533203
10,11,320,3.0869598388671875,3.088311195373535,0.0013513565063476562
10,12,320,3.3315787315368652,3.3316917419433594,0.00011301040649414062
10,13,320,3.8159148693084717,3.816178560256958,0.0002636909484863281
10,14,320,3.6328206062316895,3.633000373840332,0.00017976760864257812
10,15,320,3.5651907920837402,3.564429759979248,-0.0007610321044921875
10,16,320,3.9118757247924805,3.9142751693725586,0.002399444580078125
10,17,320,3.5143396854400635,3.515554189682007,0.0012145042419433594
10,18,320,2.9091219902038574,2.9091343879699707,1.239776611328125e-05
10,19,320,2.5207278728485107,2.521000623703003,0.0002727508544921875
11,0,320,3.3925631046295166,3.393509864807129,0.0009467601776123047
11,1,320,3.5344126224517822,3.534022092819214,-0.0003905296325683594
11,2,320,3.440383195877075,3.440225839614868,-0.00015735626220703125
11,3,320,2.9953973293304443,2.994553804397583,-0.0008435249328613281
11,4,320,2.8365683555603027,2.836716651916504,0.00014829635620117188
11,5,320,3.332186460494995,3.3319265842437744,-0.0002598762512207031
11,6,320,3.3162941932678223,3.317063570022583,0.0007693767547607422
11,7,320,3.3423733711242676,3.3428845405578613,0.00051116943359375
11,8,320,3.06367826461792,3.0649540424346924,0.001275777816772461
11,9,320,3.272820234298706,3.2721099853515625,-0.0007102489471435547
11,10,320,3.4882094860076904,3.4896843433380127,0.0014748573303222656
11,11,320,3.0869598388671875,3.0855712890625,-0.0013885498046875
11,12,320,3.3315787315368652,3.331131935119629,-0.0004467964172363281
11,13,320,3.8159148693084717,3.8171708583831787,0.0012559890747070312
11,14,320,3.6328206062316895,3.6327826976776123,-3.790855407714844e-05
11,15,320,3.5651907920837402,3.5654704570770264,0.0002796649932861328
11,16,320,3.9118757247924805,3.9105637073516846,-0.0013120174407958984
11,17,320,3.5143396854400635,3.5151195526123047,0.0007798671722412109
11,18,320,2.9091219902038574,2.9084842205047607,-0.0006377696990966797
11,19,320,2.5207278728485107,2.52085018157959,0.00012230873107910156
12,0,320,3.3925631046295166,3.3933839797973633,0.0008208751678466797
12,1,320,3.5344126224517822,3.536893606185913,0.0024809837341308594
12,2,320,3.440383195877075,3.4387762546539307,-0.0016069412231445312
12,3,320,2.9953973293304443,2.994711399078369,-0.0006859302520751953
12,4,320,2.8365683555603027,2.835000991821289,-0.0015673637390136719
12,5,320,3.332186460494995,3.3313968181610107,-0.000789642333984375
12,6,320,3.3162941932678223,3.3146212100982666,-0.001672983169555664
12,7,320,3.3423733711242676,3.341505765914917,-0.0008676052093505859
12,8,320,3.06367826461792,3.0622763633728027,-0.0014019012451171875
12,9,320,3.272820234298706,3.272132635116577,-0.0006875991821289062
12,10,320,3.4882094860076904,3.485863208770752,-0.0023462772369384766
12,11,320,3.0869598388671875,3.087515115737915,0.0005552768707275391
12,12,320,3.3315787315368652,3.3309128284454346,-0.0006659030914306641
12,13,320,3.8159148693084717,3.8165483474731445,0.0006334781646728516
12,14,320,3.6328206062316895,3.633615255355835,0.0007946491241455078
12,15,320,3.5651907920837402,3.5660884380340576,0.0008976459503173828
12,16,320,3.9118757247924805,3.9111526012420654,-0.0007231235504150391
12,17,320,3.5143396854400635,3.5151803493499756,0.0008406639099121094
12,18,320,2.9091219902038574,2.9076077938079834,-0.0015141963958740234
12,19,320,2.5207278728485107,2.5190978050231934,-0.0016300678253173828
13,0,320,3.3925631046295166,3.3919119834899902,-0.0006511211395263672
13,1,320,3.5344126224517822,3.533883571624756,-0.0005290508270263672
13,2,320,3.440383195877075,3.440465211868286,8.20159912109375e-05
13,3,320,2.9953973293304443,2.994657278060913,-0.00074005126953125
13,4,320,2.8365683555603027,2.836073160171509,-0.0004951953887939453
13,5,320,3.332186460494995,3.3332459926605225,0.0010595321655273438
13,6,320,3.3162941932678223,3.3168141841888428,0.0005199909210205078
13,7,320,3.3423733711242676,3.3404672145843506,-0.0019061565399169922
13,8,320,3.06367826461792,3.064622163772583,0.0009438991546630859
13,9,320,3.272820234298706,3.272834300994873,1.4066696166992188e-05
13,10,320,3.4882094860076904,3.4880850315093994,-0.00012445449829101562
13,11,320,3.0869598388671875,3.0868475437164307,-0.00011229515075683594
13,12,320,3.3315787315368652,3.330991744995117,-0.0005869865417480469
13,13,320,3.8159148693084717,3.8147990703582764,-0.0011157989501953125
13,14,320,3.6328206062316895,3.633255958557129,0.0004353523254394531
13,15,320,3.5651907920837402,3.564937114715576,-0.0002536773681640625
13,16,320,3.9118757247924805,3.911565065383911,-0.00031065940856933594
13,17,320,3.5143396854400635,3.514618158340454,0.000278472900390625
13,18,320,2.9091219902038574,2.907468557357788,-0.001653432846069336
13,19,320,2.5207278728485107,2.522681951522827,0.0019540786743164062
14,0,320,3.3925631046295166,3.3917086124420166,-0.0008544921875
14,1,320,3.5344126224517822,3.5339319705963135,-0.00048065185546875
14,2,320,3.440383195877075,3.439974069595337,-0.00040912628173828125
14,3,320,2.9953973293304443,2.996701955795288,0.00130462646484375
14,4,320,2.8365683555603027,2.836921453475952,0.00035309791564941406
14,5,320,3.332186460494995,3.333519220352173,0.0013327598571777344
14,6,320,3.3162941932678223,3.3194668292999268,0.003172636032104492
14,7,320,3.3423733711242676,3.34243106842041,5.7697296142578125e-05
14,8,320,3.06367826461792,3.0641677379608154,0.0004894733428955078
14,9,320,3.272820234298706,3.2735066413879395,0.0006864070892333984
14,10,320,3.4882094860076904,3.4893898963928223,0.001180410385131836
14,11,320,3.0869598388671875,3.0855064392089844,-0.001453399658203125
14,12,320,3.3315787315368652,3.337237596511841,0.005658864974975586
14,13,320,3.8159148693084717,3.8139560222625732,-0.0019588470458984375
14,14,320,3.6328206062316895,3.632436990737915,-0.00038361549377441406
14,15,320,3.5651907920837402,3.565575122833252,0.00038433074951171875
14,16,320,3.9118757247924805,3.9138810634613037,0.002005338668823242
14,17,320,3.5143396854400635,3.5139503479003906,-0.00038933753967285156
14,18,320,2.9091219902038574,2.909067392349243,-5.459785461425781e-05
14,19,320,2.5207278728485107,2.5203638076782227,-0.00036406517028808594
15,0,320,3.3925631046295166,3.3914449214935303,-0.0011181831359863281
15,1,320,3.5344126224517822,3.533236503601074,-0.0011761188507080078
15,2,320,3.440383195877075,3.441694736480713,0.0013115406036376953
15,3,320,2.9953973293304443,2.995798349380493,0.0004010200500488281
15,4,320,2.8365683555603027,2.83524227142334,-0.0013260841369628906
15,5,320,3.332186460494995,3.3328022956848145,0.0006158351898193359
15,6,320,3.3162941932678223,3.3179519176483154,0.001657724380493164
15,7,320,3.3423733711242676,3.34371018409729,0.001336812973022461
15,8,320,3.06367826461792,3.0634593963623047,-0.00021886825561523438
15,9,320,3.272820234298706,3.2732913494110107,0.0004711151123046875
15,10,320,3.4882094860076904,3.489306688308716,0.0010972023010253906
15,11,320,3.0869598388671875,3.0868263244628906,-0.000133514404296875
15,12,320,3.3315787315368652,3.3329508304595947,0.0013720989227294922
15,13,320,3.8159148693084717,3.81442928314209,-0.001485586166381836
15,14,320,3.6328206062316895,3.633268356323242,0.0004477500915527344
15,15,320,3.5651907920837402,3.5651726722717285,-1.811981201171875e-05
15,16,320,3.9118757247924805,3.9123916625976562,0.0005159378051757812
15,17,320,3.5143396854400635,3.5145392417907715,0.0001995563507080078
15,18,320,2.9091219902038574,2.908745050430298,-0.0003769397735595703
15,19,320,2.5207278728485107,2.5204849243164062,-0.0002429485321044922
16,0,320,3.3925631046295166,3.3916079998016357,-0.0009551048278808594
16,1,320,3.5344126224517822,3.5366666316986084,0.002254009246826172
16,2,320,3.440383195877075,3.4403014183044434,-8.177757263183594e-05
16,3,320,2.9953973293304443,2.996584177017212,0.0011868476867675781
16,4,320,2.8365683555603027,2.8383114337921143,0.0017430782318115234
16,5,320,3.332186460494995,3.3339226245880127,0.0017361640930175781
16,6,320,3.3162941932678223,3.317101001739502,0.0008068084716796875
16,7,320,3.3423733711242676,3.342729091644287,0.00035572052001953125
16,8,320,3.06367826461792,3.064202308654785,0.0005240440368652344
16,9,320,3.272820234298706,3.2704761028289795,-0.0023441314697265625
16,10,320,3.4882094860076904,3.4872865676879883,-0.0009229183197021484
16,11,320,3.0869598388671875,3.0879759788513184,0.0010161399841308594
16,12,320,3.3315787315368652,3.332090139389038,0.0005114078521728516
16,13,320,3.8159148693084717,3.8143272399902344,-0.0015876293182373047
16,14,320,3.6328206062316895,3.6331214904785156,0.0003008842468261719
16,15,320,3.5651907920837402,3.5655789375305176,0.00038814544677734375
16,16,320,3.9118757247924805,3.911588668823242,-0.00028705596923828125
16,17,320,3.5143396854400635,3.514547824859619,0.00020813941955566406
16,18,320,2.9091219902038574,2.909334897994995,0.0002129077911376953
16,19,320,2.5207278728485107,2.5218138694763184,0.0010859966278076172
17,0,320,3.3925631046295166,3.393507719039917,0.0009446144104003906
17,1,320,3.5344126224517822,3.534761667251587,0.0003490447998046875
17,2,320,3.440383195877075,3.440708637237549,0.0003254413604736328
17,3,320,2.9953973293304443,2.995386838912964,-1.049041748046875e-05
17,4,320,2.8365683555603027,2.8366189002990723,5.054473876953125e-05
17,5,320,3.332186460494995,3.3321659564971924,-2.0503997802734375e-05
17,6,320,3.3162941932678223,3.3149776458740234,-0.0013165473937988281
17,7,320,3.3423733711242676,3.3415544033050537,-0.0008189678192138672
17,8,320,3.06367826461792,3.0625483989715576,-0.0011298656463623047
17,9,320,3.272820234298706,3.2718231678009033,-0.0009970664978027344
17,10,320,3.4882094860076904,3.486816644668579,-0.0013928413391113281
17,11,320,3.0869598388671875,3.087904930114746,0.0009450912475585938
17,12,320,3.3315787315368652,3.3309781551361084,-0.0006005764007568359
17,13,320,3.8159148693084717,3.8154304027557373,-0.000484466552734375
17,14,320,3.6328206062316895,3.631725311279297,-0.0010952949523925781
17,15,320,3.5651907920837402,3.565843105316162,0.000652313232421875
17,16,320,3.9118757247924805,3.911266565322876,-0.0006091594696044922
17,17,320,3.5143396854400635,3.5146384239196777,0.0002987384796142578
17,18,320,2.9091219902038574,2.910594940185547,0.0014729499816894531
17,19,320,2.5207278728485107,2.522653102874756,0.0019252300262451172
18,0,320,3.3925631046295166,3.3921055793762207,-0.00045752525329589844
18,1,320,3.5344126224517822,3.535182476043701,0.0007698535919189453
18,2,320,3.440383195877075,3.4397404193878174,-0.0006427764892578125
18,3,320,2.9953973293304443,2.995314121246338,-8.320808410644531e-05
18,4,320,2.8365683555603027,2.8371493816375732,0.0005810260772705078
18,5,320,3.332186460494995,3.334435224533081,0.0022487640380859375
18,6,320,3.3162941932678223,3.318514823913574,0.002220630645751953
18,7,320,3.3423733711242676,3.340939998626709,-0.0014333724975585938
18,8,320,3.06367826461792,3.0638952255249023,0.00021696090698242188
18,9,320,3.272820234298706,3.2740015983581543,0.0011813640594482422
18,10,320,3.4882094860076904,3.489413022994995,0.0012035369873046875
18,11,320,3.0869598388671875,3.0867631435394287,-0.00019669532775878906
18,12,320,3.3315787315368652,3.33101749420166,-0.0005612373352050781
18,13,320,3.8159148693084717,3.8159217834472656,6.9141387939453125e-06
18,14,320,3.6328206062316895,3.6329197883605957,9.918212890625e-05
18,15,320,3.5651907920837402,3.5647990703582764,-0.0003917217254638672
18,16,320,3.9118757247924805,3.9121408462524414,0.0002651214599609375
18,17,320,3.5143396854400635,3.5146405696868896,0.0003008842468261719
18,18,320,2.9091219902038574,2.910896062850952,0.0017740726470947266
18,19,320,2.5207278728485107,2.5212607383728027,0.0005328655242919922
19,0,320,3.3925631046295166,3.391669273376465,-0.0008938312530517578
19,1,320,3.5344126224517822,3.534545660018921,0.00013303756713867188
19,2,320,3.440383195877075,3.440044641494751,-0.00033855438232421875
19,3,320,2.9953973293304443,2.9943764209747314,-0.0010209083557128906
19,4,320,2.8365683555603027,2.837599515914917,0.0010311603546142578
19,5,320,3.332186460494995,3.3337855339050293,0.0015990734100341797
19,6,320,3.3162941932678223,3.318509101867676,0.0022149085998535156
19,7,320,3.3423733711242676,3.341569423675537,-0.0008039474487304688
19,8,320,3.06367826461792,3.062865972518921,-0.0008122920989990234
19,9,320,3.272820234298706,3.274198055267334,0.0013778209686279297
19,10,320,3.4882094860076904,3.4884233474731445,0.00021386146545410156
19,11,320,3.0869598388671875,3.0869181156158447,-4.172325134277344e-05
19,12,320,3.3315787315368652,3.3295700550079346,-0.002008676528930664
19,13,320,3.8159148693084717,3.8166613578796387,0.0007464885711669922
19,14,320,3.6328206062316895,3.635374069213867,0.0025534629821777344
19,15,320,3.5651907920837402,3.565377712249756,0.000186920166015625
19,16,320,3.9118757247924805,3.9112157821655273,-0.000659942626953125
19,17,320,3.5143396854400635,3.5154922008514404,0.0011525154113769531
19,18,320,2.9091219902038574,2.9095585346221924,0.00043654441833496094
19,19,320,2.5207278728485107,2.5233867168426514,0.002658843994140625
20,0,320,3.3925631046295166,3.391385078430176,-0.0011780261993408203
20,1,320,3.5344126224517822,3.535066843032837,0.0006542205810546875
20,2,320,3.440383195877075,3.440598487854004,0.00021529197692871094
20,3,320,2.9953973293304443,2.996854305267334,0.0014569759368896484
20,4,320,2.8365683555603027,2.8360447883605957,-0.0005235671997070312
20,5,320,3.332186460494995,3.334644317626953,0.002457857131958008
20,6,320,3.3162941932678223,3.3167243003845215,0.00043010711669921875
20,7,320,3.3423733711242676,3.344722032546997,0.002348661422729492
20,8,320,3.06367826461792,3.062340259552002,-0.0013380050659179688
20,9,320,3.272820234298706,3.2716615200042725,-0.0011587142944335938
20,10,320,3.4882094860076904,3.488097667694092,-0.00011181831359863281
20,11,320,3.0869598388671875,3.088188409805298,0.0012285709381103516
20,12,320,3.3315787315368652,3.3301877975463867,-0.0013909339904785156
20,13,320,3.8159148693084717,3.8158445358276367,-7.033348083496094e-05
20,14,320,3.6328206062316895,3.6341288089752197,0.0013082027435302734
20,15,320,3.5651907920837402,3.5677523612976074,0.0025615692138671875
20,16,320,3.9118757247924805,3.912400484085083,0.0005247592926025391
20,17,320,3.5143396854400635,3.5160112380981445,0.0016715526580810547
20,18,320,2.9091219902038574,2.909020185470581,-0.00010180473327636719
20,19,320,2.5207278728485107,2.520500659942627,-0.00022721290588378906
21,0,320,3.3925631046295166,3.3925654888153076,2.384185791015625e-06
21,1,320,3.5344126224517822,3.535337209701538,0.0009245872497558594
21,2,320,3.440383195877075,3.4400649070739746,-0.00031828880310058594
21,3,320,2.9953973293304443,2.9964170455932617,0.0010197162628173828
21,4,320,2.8365683555603027,2.838374376296997,0.001806020736694336
21,5,320,3.332186460494995,3.333163261413574,0.0009768009185791016
21,6,320,3.3162941932678223,3.3177287578582764,0.0014345645904541016
21,7,320,3.3423733711242676,3.3433609008789062,0.0009875297546386719
21,8,320,3.06367826461792,3.0657804012298584,0.0021021366119384766
21,9,320,3.272820234298706,3.2730860710144043,0.0002658367156982422
21,10,320,3.4882094860076904,3.4894368648529053,0.0012273788452148438
21,11,320,3.0869598388671875,3.0887985229492188,0.00183868408203125
21,12,320,3.3315787315368652,3.3308303356170654,-0.0007483959197998047
21,13,320,3.8159148693084717,3.815763473510742,-0.0001513957977294922
21,14,320,3.6328206062316895,3.6334388256073,0.0006182193756103516
21,15,320,3.5651907920837402,3.5655837059020996,0.000392913818359375
21,16,320,3.9118757247924805,3.912677049636841,0.0008013248443603516
21,17,320,3.5143396854400635,3.5133860111236572,-0.00095367431640625
21,18,320,2.9091219902038574,2.910721778869629,0.0015997886657714844
21,19,320,2.5207278728485107,2.51987624168396,-0.0008516311645507812
22,0,320,3.3925631046295166,3.3935723304748535,0.001009225845336914
22,1,320,3.5344126224517822,3.532942771911621,-0.0014698505401611328
22,2,320,3.440383195877075,3.4391672611236572,-0.0012159347534179688
22,3,320,2.9953973293304443,2.9966073036193848,0.0012099742889404297
22,4,320,2.8365683555603027,2.835906505584717,-0.0006618499755859375
22,5,320,3.332186460494995,3.3322854042053223,9.894371032714844e-05
22,6,320,3.3162941932678223,3.316971778869629,0.0006775856018066406
22,7,320,3.3423733711242676,3.3416216373443604,-0.0007517337799072266
22,8,320,3.06367826461792,3.062204360961914,-0.0014739036560058594
22,9,320,3.272820234298706,3.2734339237213135,0.0006136894226074219
22,10,320,3.4882094860076904,3.488389730453491,0.00018024444580078125
22,11,320,3.0869598388671875,3.0877439975738525,0.0007841587066650391
22,12,320,3.3315787315368652,3.3313162326812744,-0.0002624988555908203
22,13,320,3.8159148693084717,3.8139729499816895,-0.0019419193267822266
22,14,320,3.6328206062316895,3.63411808013916,0.0012974739074707031
22,15,320,3.5651907920837402,3.5656893253326416,0.0004985332489013672
22,16,320,3.9118757247924805,3.912106513977051,0.0002307891845703125
22,17,320,3.5143396854400635,3.515958786010742,0.001619100570678711
22,18,320,2.9091219902038574,2.909824848175049,0.0007028579711914062
22,19,320,2.5207278728485107,2.519338369369507,-0.0013895034790039062
23,0,320,3.3925631046295166,3.3941221237182617,0.0015590190887451172
23,1,320,3.5344126224517822,3.5343410968780518,-7.152557373046875e-05
23,2,320,3.440383195877075,3.446575403213501,0.006192207336425781
23,3,320,2.9953973293304443,2.9976229667663574,0.002225637435913086
23,4,320,2.8365683555603027,2.8388664722442627,0.002298116683959961
23,5,320,3.332186460494995,3.334505558013916,0.0023190975189208984
23,6,320,3.3162941932678223,3.317537546157837,0.0012433528900146484
23,7,320,3.3423733711242676,3.3418707847595215,-0.0005025863647460938
23,8,320,3.06367826461792,3.065483808517456,0.0018055438995361328
23,9,320,3.272820234298706,3.276362895965576,0.003542661666870117
23,10,320,3.4882094860076904,3.492253541946411,0.004044055938720703
23,11,320,3.0869598388671875,3.0890886783599854,0.0021288394927978516
23,12,320,3.3315787315368652,3.3330917358398438,0.0015130043029785156
23,13,320,3.8159148693084717,3.8160479068756104,0.00013303756713867188
23,14,320,3.6328206062316895,3.6321635246276855,-0.0006570816040039062
23,15,320,3.5651907920837402,3.5646297931671143,-0.0005609989166259766
23,16,320,3.9118757247924805,3.9129655361175537,0.0010898113250732422
23,17,320,3.5143396854400635,3.5135810375213623,-0.0007586479187011719
23,18,320,2.9091219902038574,2.90905499458313,-6.699562072753906e-05
23,19,320,2.5207278728485107,2.5197346210479736,-0.0009932518005371094
24,0,320,3.3925631046295166,3.39373517036438,0.0011720657348632812
24,1,320,3.5344126224517822,3.534637689590454,0.000225067138671875
24,2,320,3.440383195877075,3.4419455528259277,0.001562356948852539
24,3,320,2.9953973293304443,2.9959018230438232,0.0005044937133789062
24,4,320,2.8365683555603027,2.8371469974517822,0.0005786418914794922
24,5,320,3.332186460494995,3.331038236618042,-0.001148223876953125
24,6,320,3.3162941932678223,3.317495346069336,0.0012011528015136719
24,7,320,3.3423733711242676,3.3436150550842285,0.0012416839599609375
24,8,320,3.06367826461792,3.063197135925293,-0.0004811286926269531
24,9,320,3.272820234298706,3.2722890377044678,-0.0005311965942382812
24,10,320,3.4882094860076904,3.4866373538970947,-0.0015721321105957031
24,11,320,3.0869598388671875,3.086886405944824,-7.343292236328125e-05
24,12,320,3.3315787315368652,3.3305752277374268,-0.0010035037994384766
24,13,320,3.8159148693084717,3.81603741645813,0.00012254714965820312
24,14,320,3.6328206062316895,3.6331019401550293,0.00028133392333984375
24,15,320,3.5651907920837402,3.5645813941955566,-0.0006093978881835938
24,16,320,3.9118757247924805,3.9118783473968506,2.6226043701171875e-06
24,17,320,3.5143396854400635,3.5161502361297607,0.0018105506896972656
24,18,320,2.9091219902038574,2.90997576713562,0.0008537769317626953
24,19,320,2.5207278728485107,2.521247386932373,0.0005195140838623047
25,0,320,3.3925631046295166,3.3925909996032715,2.7894973754882812e-05
25,1,320,3.5344126224517822,3.5343215465545654,-9.107589721679688e-05
25,2,320,3.440383195877075,3.442318916320801,0.001935720443725586
25,3,320,2.9953973293304443,2.9972174167633057,0.0018200874328613281
25,4,320,2.8365683555603027,2.834947109222412,-0.001621246337890625
25,5,320,3.332186460494995,3.333085298538208,0.0008988380432128906
25,6,320,3.3162941932678223,3.3164803981781006,0.0001862049102783203
25,7,320,3.3423733711242676,3.34146785736084,-0.0009055137634277344
25,8,320,3.06367826461792,3.066192150115967,0.002513885498046875
25,9,320,3.272820234298706,3.273867607116699,0.001047372817993164
25,10,320,3.4882094860076904,3.4878063201904297,-0.0004031658172607422
25,11,320,3.0869598388671875,3.0875158309936523,0.0005559921264648438
25,12,320,3.3315787315368652,3.3331031799316406,0.0015244483947753906
25,13,320,3.8159148693084717,3.8162662982940674,0.0003514289855957031
25,14,320,3.6328206062316895,3.633430242538452,0.0006096363067626953
25,15,320,3.5651907920837402,3.564749240875244,-0.00044155120849609375
25,16,320,3.9118757247924805,3.9117116928100586,-0.000164031982421875
25,17,320,3.5143396854400635,3.5154032707214355,0.0010635852813720703
25,18,320,2.9091219902038574,2.9101099967956543,0.000988006591796875
25,19,320,2.5207278728485107,2.5216426849365234,0.0009148120880126953
26,0,320,3.3925631046295166,3.391979932785034,-0.0005831718444824219
26,1,320,3.5344126224517822,3.534562826156616,0.00015020370483398438
26,2,320,3.440383195877075,3.440706253051758,0.0003230571746826172
26,3,320,2.9953973293304443,2.9943463802337646,-0.0010509490966796875
26,4,320,2.8365683555603027,2.8356401920318604,-0.0009281635284423828
26,5,320,3.332186460494995,3.3310537338256836,-0.0011327266693115234
26,6,320,3.3162941932678223,3.31417179107666,-0.0021224021911621094
26,7,320,3.3423733711242676,3.341371536254883,-0.0010018348693847656
26,8,320,3.06367826461792,3.064340353012085,0.0006620883941650391
26,9,320,3.272820234298706,3.2738037109375,0.0009834766387939453
26,10,320,3.4882094860076904,3.487969398498535,-0.00024008750915527344
26,11,320,3.0869598388671875,3.088254690170288,0.001294851303100586
26,12,320,3.3315787315368652,3.330629587173462,-0.0009491443634033203
26,13,320,3.8159148693084717,3.816559076309204,0.0006442070007324219
26,14,320,3.6328206062316895,3.633680582046509,0.0008599758148193359
26,15,320,3.5651907920837402,3.563901424407959,-0.00128936767578125
26,16,320,3.9118757247924805,3.911550283432007,-0.0003254413604736328
26,17,320,3.5143396854400635,3.515326738357544,0.0009870529174804688
26,18,320,2.9091219902038574,2.9085893630981445,-0.0005326271057128906
26,19,320,2.5207278728485107,2.5214900970458984,0.0007622241973876953
27,0,320,3.3925631046295166,3.392057180404663,-0.0005059242248535156
27,1,320,3.5344126224517822,3.5343284606933594,-8.416175842285156e-05
27,2,320,3.440383195877075,3.4403998851776123,1.6689300537109375e-05
27,3,320,2.9953973293304443,2.996257781982422,0.0008604526519775391
27,4,320,2.8365683555603027,2.8369593620300293,0.0003910064697265625
27,5,320,3.332186460494995,3.332763910293579,0.0005774497985839844
27,6,320,3.3162941932678223,3.318394422531128,0.002100229263305664
27,7,320,3.3423733711242676,3.3436551094055176,0.00128173828125
27,8,320,3.06367826461792,3.0638792514801025,0.0002009868621826172
27,9,320,3.272820234298706,3.273089647293091,0.0002694129943847656
27,10,320,3.4882094860076904,3.48889422416687,0.0006847381591796875
27,11,320,3.0869598388671875,3.0890066623687744,0.002046823501586914
27,12,320,3.3315787315368652,3.330239772796631,-0.001338958740234375
27,13,320,3.8159148693084717,3.8166847229003906,0.0007698535919189453
27,14,320,3.6328206062316895,3.6322126388549805,-0.0006079673767089844
27,15,320,3.5651907920837402,3.566498041152954,0.0013072490692138672
27,16,320,3.9118757247924805,3.9134016036987305,0.00152587890625
27,17,320,3.5143396854400635,3.515655279159546,0.0013155937194824219
27,18,320,2.9091219902038574,2.9091367721557617,1.4781951904296875e-05
27,19,320,2.5207278728485107,2.5194342136383057,-0.0012936592102050781
28,0,320,3.3925631046295166,3.3930001258850098,0.00043702125549316406
28,1,320,3.5344126224517822,3.5358083248138428,0.0013957023620605469
28,2,320,3.440383195877075,3.4413645267486572,0.0009813308715820312
28,3,320,2.9953973293304443,2.9958817958831787,0.000484466552734375
28,4,320,2.8365683555603027,2.8369455337524414,0.0003771781921386719
28,5,320,3.332186460494995,3.3307864665985107,-0.001399993896484375
28,6,320,3.3162941932678223,3.3158113956451416,-0.00048279762268066406
28,7,320,3.3423733711242676,3.3427114486694336,0.0003380775451660156
28,8,320,3.06367826461792,3.0656003952026367,0.0019221305847167969
28,9,320,3.272820234298706,3.2731993198394775,0.0003790855407714844
28,10,320,3.4882094860076904,3.48842453956604,0.00021505355834960938
28,11,320,3.0869598388671875,3.0884268283843994,0.001466989517211914
28,12,320,3.3315787315368652,3.3322408199310303,0.0006620883941650391
28,13,320,3.8159148693084717,3.8167014122009277,0.0007865428924560547
28,14,320,3.6328206062316895,3.6329612731933594,0.00014066696166992188
28,15,320,3.5651907920837402,3.566490411758423,0.0012996196746826172
28,16,320,3.9118757247924805,3.9137346744537354,0.0018589496612548828
28,17,320,3.5143396854400635,3.515048027038574,0.0007083415985107422
28,18,320,2.9091219902038574,2.9098384380340576,0.0007164478302001953
28,19,320,2.5207278728485107,2.5222883224487305,0.0015604496002197266
29,0,320,3.3925631046295166,3.3906030654907227,-0.0019600391387939453
29,1,320,3.5344126224517822,3.533482074737549,-0.0009305477142333984
29,2,320,3.440383195877075,3.4408881664276123,0.0005049705505371094
29,3,320,2.9953973293304443,2.9968507289886475,0.001453399658203125
29,4,320,2.8365683555603027,2.8351805210113525,-0.0013878345489501953
29,5,320,3.332186460494995,3.3335554599761963,0.0013689994812011719
29,6,320,3.3162941932678223,3.315096855163574,-0.0011973381042480469
29,7,320,3.3423733711242676,3.344086170196533,0.001712799072265625
29,8,320,3.06367826461792,3.064195156097412,0.0005168914794921875
29,9,320,3.272820234298706,3.2727553844451904,-6.4849853515625e-05
29,10,320,3.4882094860076904,3.488948345184326,0.0007388591766357422
29,11,320,3.0869598388671875,3.0885913372039795,0.0016314983367919922
29,12,320,3.3315787315368652,3.3322975635528564,0.0007188320159912109
29,13,320,3.8159148693084717,3.8166890144348145,0.0007741451263427734
29,14,320,3.6328206062316895,3.6329846382141113,0.000164031982421875
29,15,320,3.5651907920837402,3.564345121383667,-0.0008456707000732422
29,16,320,3.9118757247924805,3.9111135005950928,-0.0007622241973876953
29,17,320,3.5143396854400635,3.514641046524048,0.000301361083984375
29,18,320,2.9091219902038574,2.9092729091644287,0.00015091896057128906
29,19,320,2.5207278728485107,2.5188417434692383,-0.001886129379272461
30,0,320,3.3925631046295166,3.3935916423797607,0.0010285377502441406
30,1,320,3.5344126224517822,3.53389835357666,-0.0005142688751220703
30,2,320,3.440383195877075,3.442533016204834,0.002149820327758789
30,3,320,2.9953973293304443,2.996027946472168,0.0006306171417236328
30,4,320,2.8365683555603027,2.838308334350586,0.0017399787902832031
30,5,320,3.332186460494995,3.3325955867767334,0.00040912628173828125
30,6,320,3.3162941932678223,3.3170149326324463,0.0007207393646240234
30,7,320,3.3423733711242676,3.3446567058563232,0.002283334732055664
30,8,320,3.06367826461792,3.0631539821624756,-0.0005242824554443359
30,9,320,3.272820234298706,3.2741591930389404,0.001338958740234375
30,10,320,3.4882094860076904,3.487881898880005,-0.0003275871276855469
30,11,320,3.0869598388671875,3.0880753993988037,0.001115560531616211
30,12,320,3.3315787315368652,3.33158540725708,6.67572021484375e-06
30,13,320,3.8159148693084717,3.814683675765991,-0.0012311935424804688
30,14,320,3.6328206062316895,3.632521629333496,-0.0002989768981933594
30,15,320,3.5651907920837402,3.563244104385376,-0.0019466876983642578
30,16,320,3.9118757247924805,3.911484956741333,-0.00039076805114746094
30,17,320,3.5143396854400635,3.5149295330047607,0.0005898475646972656
30,18,320,2.9091219902038574,2.908489942550659,-0.0006320476531982422
30,19,320,2.5207278728485107,2.5197436809539795,-0.00098419189453125
31,0,320,3.3925631046295166,3.3914523124694824,-0.0011107921600341797
31,1,320,3.5344126224517822,3.534743309020996,0.0003306865692138672
31,2,320,3.440383195877075,3.4420576095581055,0.0016744136810302734
31,3,320,2.9953973293304443,2.9967682361602783,0.0013709068298339844
31,4,320,2.8365683555603027,2.83709979057312,0.0005314350128173828
31,5,320,3.332186460494995,3.332799196243286,0.0006127357482910156
31,6,320,3.3162941932678223,3.316988945007324,0.0006947517395019531
31,7,320,3.3423733711242676,3.3434929847717285,0.0011196136474609375
31,8,320,3.06367826461792,3.065019369125366,0.001341104507446289
31,9,320,3.272820234298706,3.272982120513916,0.00016188621520996094
31,10,320,3.4882094860076904,3.4884352684020996,0.0002257823944091797
31,11,320,3.0869598388671875,3.0871975421905518,0.0002377033233642578
31,12,320,3.3315787315368652,3.331624746322632,4.601478576660156e-05
31,13,320,3.8159148693084717,3.8159146308898926,-2.384185791015625e-07
31,14,320,3.6328206062316895,3.6330034732818604,0.00018286705017089844
31,15,320,3.5651907920837402,3.5667712688446045,0.0015804767608642578
31,16,320,3.9118757247924805,3.9124531745910645,0.0005774497985839844
31,17,320,3.5143396854400635,3.514195442199707,-0.0001442432403564453
31,18,320,2.9091219902038574,2.907073736190796,-0.0020482540130615234
31,19,320,2.5207278728485107,2.519768714904785,-0.0009591579437255859
32,0,320,3.3925631046295166,3.392331838607788,-0.00023126602172851562
32,1,320,3.5344126224517822,3.5344905853271484,7.796287536621094e-05
32,2,320,3.440383195877075,3.442081928253174,0.0016987323760986328
32,3,320,2.9953973293304443,2.9955849647521973,0.0001876354217529297
32,4,320,2.8365683555603027,2.836479902267456,-8.845329284667969e-05
32,5,320,3.332186460494995,3.332383394241333,0.00019693374633789062
32,6,320,3.3162941932678223,3.317736864089966,0.0014426708221435547
32,7,320,3.3423733711242676,3.3413469791412354,-0.0010263919830322266
32,8,320,3.06367826461792,3.0640833377838135,0.0004050731658935547
32,9,320,3.272820234298706,3.272656202316284,-0.000164031982421875
32,10,320,3.4882094860076904,3.486095428466797,-0.0021140575408935547
32,11,320,3.0869598388671875,3.0870859622955322,0.00012612342834472656
32,12,320,3.3315787315368652,3.3321616649627686,0.0005829334259033203
32,13,320,3.8159148693084717,3.8166210651397705,0.0007061958312988281
32,14,320,3.6328206062316895,3.633941411972046,0.0011208057403564453
32,15,320,3.5651907920837402,3.5651206970214844,-7.009506225585938e-05
32,16,320,3.9118757247924805,3.913895845413208,0.002020120620727539
32,17,320,3.5143396854400635,3.5143721103668213,3.24249267578125e-05
32,18,320,2.9091219902038574,2.9097471237182617,0.0006251335144042969
32,19,320,2.5207278728485107,2.521512746810913,0.0007848739624023438
33,0,320,3.3925631046295166,3.3930695056915283,0.0005064010620117188
33,1,320,3.5344126224517822,3.534986972808838,0.0005743503570556641
33,2,320,3.440383195877075,3.441190004348755,0.0008068084716796875
33,3,320,2.9953973293304443,2.993952512741089,-0.0014448165893554688
33,4,320,2.8365683555603027,2.835477828979492,-0.0010905265808105469
33,5,320,3.332186460494995,3.3307435512542725,-0.0014429092407226562
33,6,320,3.3162941932678223,3.3147623538970947,-0.001531839370727539
33,7,320,3.3423733711242676,3.3427481651306152,0.00037479400634765625
33,8,320,3.06367826461792,3.064858913421631,0.0011806488037109375
33,9,320,3.272820234298706,3.272453784942627,-0.00036644935607910156
33,10,320,3.4882094860076904,3.488490104675293,0.00028061866760253906
33,11,320,3.0869598388671875,3.0861940383911133,-0.0007658004760742188
33,12,320,3.3315787315368652,3.331991195678711,0.0004124641418457031
33,13,320,3.8159148693084717,3.817301034927368,0.0013861656188964844
33,14,320,3.6328206062316895,3.6317102909088135,-0.0011103153228759766
33,15,320,3.5651907920837402,3.5634381771087646,-0.001752614974975586
33,16,320,3.9118757247924805,3.912083148956299,0.00020742416381835938
33,17,320,3.5143396854400635,3.513202667236328,-0.0011370182037353516
33,18,320,2.9091219902038574,2.908939838409424,-0.00018215179443359375
33,19,320,2.5207278728485107,2.5208017826080322,7.390975952148438e-05
34,0,320,3.3925631046295166,3.3930673599243164,0.0005042552947998047
34,1,320,3.5344126224517822,3.5349228382110596,0.0005102157592773438
34,2,320,3.440383195877075,3.4407873153686523,0.00040411949157714844
34,3,320,2.9953973293304443,2.995922088623047,0.0005247592926025391
34,4,320,2.8365683555603027,2.8372433185577393,0.0006749629974365234
34,5,320,3.332186460494995,3.3318676948547363,-0.00031876564025878906
34,6,320,3.3162941932678223,3.3175182342529297,0.0012240409851074219
34,7,320,3.3423733711242676,3.3441381454467773,0.0017647743225097656
34,8,320,3.06367826461792,3.0644638538360596,0.0007855892181396484
34,9,320,3.272820234298706,3.2712321281433105,-0.0015881061553955078
34,10,320,3.4882094860076904,3.488490104675293,0.00028061866760253906
34,11,320,3.0869598388671875,3.088611364364624,0.0016515254974365234
34,12,320,3.3315787315368652,3.330862045288086,-0.0007166862487792969
34,13,320,3.8159148693084717,3.8159310817718506,1.621246337890625e-05
34,14,320,3.6328206062316895,3.634455680847168,0.0016350746154785156
34,15,320,3.5651907920837402,3.565747022628784,0.0005562305450439453
34,16,320,3.9118757247924805,3.9111266136169434,-0.0007491111755371094
34,17,320,3.5143396854400635,3.5161690711975098,0.001829385757446289
34,18,320,2.9091219902038574,2.909996271133423,0.0008742809295654297
34,19,320,2.5207278728485107,2.5233676433563232,0.0026397705078125
35,0,320,3.3925631046295166,3.3939969539642334,0.0014338493347167969
35,1,320,3.5344126224517822,3.5350897312164307,0.0006771087646484375
35,2,320,3.440383195877075,3.440354585647583,-2.86102294921875e-05
35,3,320,2.9953973293304443,2.9943060874938965,-0.0010912418365478516
35,4,320,2.8365683555603027,2.8369545936584473,0.00038623809814453125
35,5,320,3.332186460494995,3.3321502208709717,-3.62396240234375e-05
35,6,320,3.3162941932678223,3.3171517848968506,0.0008575916290283203
35,7,320,3.3423733711242676,3.341362237930298,-0.0010111331939697266
35,8,320,3.06367826461792,3.0623619556427,-0.0013163089752197266
35,9,320,3.272820234298706,3.272675037384033,-0.00014519691467285156
35,10,320,3.4882094860076904,3.4862403869628906,-0.0019690990447998047
35,11,320,3.0869598388671875,3.0870261192321777,6.628036499023438e-05
35,12,320,3.3315787315368652,3.3313539028167725,-0.00022482872009277344
35,13,320,3.8159148693084717,3.8164944648742676,0.0005795955657958984
35,14,320,3.6328206062316895,3.6327321529388428,-8.845329284667969e-05
35,15,320,3.5651907920837402,3.5665335655212402,0.0013427734375
35,16,320,3.9118757247924805,3.912569522857666,0.0006937980651855469
35,17,320,3.5143396854400635,3.5147311687469482,0.0003914833068847656
35,18,320,2.9091219902038574,2.909297227859497,0.00017523765563964844
35,19,320,2.5207278728485107,2.520632266998291,-9.560585021972656e-05
36,0,320,3.3925631046295166,3.391707420349121,-0.0008556842803955078
36,1,320,3.5344126224517822,3.5329413414001465,-0.0014712810516357422
36,2,320,3.440383195877075,3.441559314727783,0.0011761188507080078
36,3,320,2.9953973293304443,2.9956295490264893,0.00023221969604492188
36,4,320,2.8365683555603027,2.8359177112579346,-0.0006506443023681641
36,5,320,3.332186460494995,3.333913564682007,0.0017271041870117188
36,6,320,3.3162941932678223,3.318554162979126,0.002259969711303711
36,7,320,3.3423733711242676,3.3422629833221436,-0.00011038780212402344
36,8,320,3.06367826461792,3.0646793842315674,0.001001119613647461
36,9,320,3.272820234298706,3.27427339553833,0.0014531612396240234
36,10,320,3.4882094860076904,3.4876770973205566,-0.0005323886871337891
36,11,320,3.0869598388671875,3.086888313293457,-7.152557373046875e-05
36,12,320,3.3315787315368652,3.3306641578674316,-0.0009145736694335938
36,13,320,3.8159148693084717,3.8156306743621826,-0.0002841949462890625
36,14,320,3.6328206062316895,3.6331710815429688,0.0003504753112792969
36,15,320,3.5651907920837402,3.5661983489990234,0.0010075569152832031
36,16,320,3.9118757247924805,3.9134345054626465,0.0015587806701660156
36,17,320,3.5143396854400635,3.5159752368927,0.0016355514526367188
36,18,320,2.9091219902038574,2.9093666076660156,0.0002446174621582031
36,19,320,2.5207278728485107,2.521502733230591,0.0007748603820800781
37,0,320,3.3925631046295166,3.393491506576538,0.0009284019470214844
37,1,320,3.5344126224517822,3.534977436065674,0.0005648136138916016
37,2,320,3.440383195877075,3.4398248195648193,-0.0005583763122558594
37,3,320,2.9953973293304443,2.996103048324585,0.000705718994140625
37,4,320,2.8365683555603027,2.837109088897705,0.0005407333374023438
37,5,320,3.332186460494995,3.3317947387695312,-0.0003917217254638672
37,6,320,3.3162941932678223,3.317066192626953,0.0007719993591308594
37,7,320,3.3423733711242676,3.342003345489502,-0.000370025634765625
37,8,320,3.06367826461792,3.064504861831665,0.0008265972137451172
37,9,320,3.272820234298706,3.272761344909668,-5.888938903808594e-05
37,10,320,3.4882094860076904,3.4869396686553955,-0.0012698173522949219
37,11,320,3.0869598388671875,3.0857350826263428,-0.0012247562408447266
37,12,320,3.3315787315368652,3.330876588821411,-0.0007021427154541016
37,13,320,3.8159148693084717,3.8160459995269775,0.00013113021850585938
37,14,320,3.6328206062316895,3.6337552070617676,0.000934600830078125
37,15,320,3.5651907920837402,3.562967538833618,-0.0022232532501220703
37,16,320,3.9118757247924805,3.914285659790039,0.0024099349975585938
37,17,320,3.5143396854400635,3.5144174098968506,7.772445678710938e-05
37,18,320,2.9091219902038574,2.9099016189575195,0.0007796287536621094
37,19,320,2.5207278728485107,2.5216002464294434,0.0008723735809326172
38,0,320,3.3925631046295166,3.3921215534210205,-0.00044155120849609375
38,1,320,3.5344126224517822,3.535466194152832,0.0010535717010498047
38,2,320,3.440383195877075,3.439343214035034,-0.0010399818420410156
38,3,320,2.9953973293304443,2.994581460952759,-0.0008158683776855469
38,4,320,2.8365683555603027,2.8355178833007812,-0.0010504722595214844
38,5,320,3.332186460494995,3.3298349380493164,-0.002351522445678711
38,6,320,3.3162941932678223,3.3164634704589844,0.00016927719116210938
38,7,320,3.3423733711242676,3.340754985809326,-0.0016183853149414062
38,8,320,3.06367826461792,3.062021255493164,-0.0016570091247558594
38,9,320,3.272820234298706,3.271890640258789,-0.0009295940399169922
38,10,320,3.4882094860076904,3.4887161254882812,0.0005066394805908203
38,11,320,3.0869598388671875,3.0877833366394043,0.0008234977722167969
38,12,320,3.3315787315368652,3.3326592445373535,0.0010805130004882812
38,13,320,3.8159148693084717,3.816248655319214,0.0003337860107421875
38,14,320,3.6328206062316895,3.6332499980926514,0.00042939186096191406
38,15,320,3.5651907920837402,3.565561294555664,0.0003705024719238281
38,16,320,3.9118757247924805,3.911360502243042,-0.0005152225494384766
38,17,320,3.5143396854400635,3.5126349925994873,-0.0017046928405761719
38,18,320,2.9091219902038574,2.9108893871307373,0.0017673969268798828
38,19,320,2.5207278728485107,2.5215086936950684,0.0007808208465576172
39,0,320,3.3925631046295166,3.3916704654693604,-0.00089263916015625
39,1,320,3.5344126224517822,3.53529953956604,0.0008869171142578125
39,2,320,3.440383195877075,3.4409875869750977,0.0006043910980224609
39,3,320,2.9953973293304443,2.9954004287719727,3.0994415283203125e-06
39,4,320,2.8365683555603027,2.835172176361084,-0.00139617919921875
39,5,320,3.332186460494995,3.3303701877593994,-0.0018162727355957031
39,6,320,3.3162941932678223,3.316317081451416,2.288818359375e-05
39,7,320,3.3423733711242676,3.341682195663452,-0.0006911754608154297
39,8,320,3.06367826461792,3.061500310897827,-0.0021779537200927734
39,9,320,3.272820234298706,3.269665479660034,-0.003154754638671875
39,10,320,3.4882094860076904,3.4885811805725098,0.00037169456481933594
39,11,320,3.0869598388671875,3.0867583751678467,-0.0002014636993408203
39,12,320,3.3315787315368652,3.3312628269195557,-0.0003159046173095703
39,13,320,3.8159148693084717,3.8161518573760986,0.00023698806762695312
39,14,320,3.6328206062316895,3.633146286010742,0.0003256797790527344
39,15,320,3.5651907920837402,3.564258337020874,-0.0009324550628662109
39,16,320,3.9118757247924805,3.9127197265625,0.0008440017700195312
39,17,320,3.5143396854400635,3.51408314704895,-0.00025653839111328125
39,18,320,2.9091219902038574,2.9100708961486816,0.0009489059448242188
39,19,320,2.5207278728485107,2.5206072330474854,-0.00012063980102539062
40,0,320,3.3925631046295166,3.393544912338257,0.0009818077087402344
40,1,320,3.5344126224517822,3.5352964401245117,0.0008838176727294922
40,2,320,3.440383195877075,3.441723346710205,0.0013401508331298828
40,3,320,2.9953973293304443,2.99546217918396,6.4849853515625e-05
40,4,320,2.8365683555603027,2.8360469341278076,-0.0005214214324951172
40,5,320,3.332186460494995,3.332733631134033,0.0005471706390380859
40,6,320,3.3162941932678223,3.3178045749664307,0.0015103816986083984
40,7,320,3.3423733711242676,3.3422441482543945,-0.00012922286987304688
40,8,320,3.06367826461792,3.065856695175171,0.0021784305572509766
40,9,320,3.272820234298706,3.2737064361572266,0.0008862018585205078
40,10,320,3.4882094860076904,3.4885027408599854,0.0002932548522949219
40,11,320,3.0869598388671875,3.086890697479248,-6.914138793945312e-05
40,12,320,3.3315787315368652,3.3313870429992676,-0.00019168853759765625
40,13,320,3.8159148693084717,3.814462900161743,-0.0014519691467285156
40,14,320,3.6328206062316895,3.632974863052368,0.00015425682067871094
40,15,320,3.5651907920837402,3.5645039081573486,-0.0006868839263916016
40,16,320,3.9118757247924805,3.9120161533355713,0.0001404285430908203
40,17,320,3.5143396854400635,3.5134687423706055,-0.0008709430694580078
40,18,320,2.9091219902038574,2.910444736480713,0.0013227462768554688
40,19,320,2.5207278728485107,2.5214037895202637,0.0006759166717529297
41,0,320,3.3925631046295166,3.393409490585327,0.0008463859558105469
41,1,320,3.5344126224517822,3.5347611904144287,0.0003485679626464844
41,2,320,3.440383195877075,3.4403350353240967,-4.8160552978515625e-05
41,3,320,2.9953973293304443,2.9943130016326904,-0.0010843276977539062
41,4,320,2.8365683555603027,2.8351666927337646,-0.001401662826538086
41,5,320,3.332186460494995,3.3309922218322754,-0.0011942386627197266
41,6,320,3.3162941932678223,3.3165647983551025,0.00027060508728027344
41,7,320,3.3423733711242676,3.3418784141540527,-0.0004949569702148438
41,8,320,3.06367826461792,3.0650126934051514,0.0013344287872314453
41,9,320,3.272820234298706,3.272864580154419,4.4345855712890625e-05
41,10,320,3.4882094860076904,3.487653970718384,-0.0005555152893066406
41,11,320,3.0869598388671875,3.0883421897888184,0.0013823509216308594
41,12,320,3.3315787315368652,3.3299591541290283,-0.001619577407836914
41,13,320,3.8159148693084717,3.8165628910064697,0.0006480216979980469
41,14,320,3.6328206062316895,3.634971857070923,0.0021512508392333984
41,15,320,3.5651907920837402,3.5652873516082764,9.655952453613281e-05
41,16,320,3.9118757247924805,3.913679838180542,0.0018041133880615234
41,17,320,3.5143396854400635,3.513370990753174,-0.0009686946868896484
41,18,320,2.9091219902038574,2.9122962951660156,0.003174304962158203
41,19,320,2.5207278728485107,2.5237464904785156,0.003018617630004883
42,0,320,3.3925631046295166,3.3933169841766357,0.0007538795471191406
42,1,320,3.5344126224517822,3.535153865814209,0.0007412433624267578
42,2,320,3.440383195877075,3.4391379356384277,-0.001245260238647461
42,3,320,2.9953973293304443,2.9963512420654297,0.0009539127349853516
42,4,320,2.8365683555603027,2.8363664150238037,-0.00020194053649902344
42,5,320,3.332186460494995,3.336185932159424,0.003999471664428711
42,6,320,3.3162941932678223,3.3176863193511963,0.0013921260833740234
42,7,320,3.3423733711242676,3.3453996181488037,0.003026247024536133
42,8,320,3.06367826461792,3.0651228427886963,0.0014445781707763672
42,9,320,3.272820234298706,3.27299165725708,0.00017142295837402344
42,10,320,3.4882094860076904,3.4917867183685303,0.0035772323608398438
42,11,320,3.0869598388671875,3.0918309688568115,0.0048711299896240234
42,12,320,3.3315787315368652,3.333129644393921,0.001550912857055664
42,13,320,3.8159148693084717,3.8152248859405518,-0.0006899833679199219
42,14,320,3.6328206062316895,3.6320912837982178,-0.0007293224334716797
42,15,320,3.5651907920837402,3.5664448738098145,0.0012540817260742188
42,16,320,3.9118757247924805,3.912440061569214,0.0005643367767333984
42,17,320,3.5143396854400635,3.5156726837158203,0.001332998275756836
42,18,320,2.9091219902038574,2.907402276992798,-0.0017197132110595703
42,19,320,2.5207278728485107,2.5198464393615723,-0.0008814334869384766
43,0,320,3.3925631046295166,3.3928377628326416,0.000274658203125
43,1,320,3.5344126224517822,3.5333776473999023,-0.0010349750518798828
43,2,320,3.440383195877075,3.440340280532837,-4.291534423828125e-05
43,3,320,2.9953973293304443,2.995678663253784,0.00028133392333984375
43,4,320,2.8365683555603027,2.8371784687042236,0.0006101131439208984
43,5,320,3.332186460494995,3.3323452472686768,0.00015878677368164062
43,6,320,3.3162941932678223,3.3150577545166016,-0.0012364387512207031
43,7,320,3.3423733711242676,3.3412253856658936,-0.0011479854583740234
43,8,320,3.06367826461792,3.065098524093628,0.0014202594757080078
43,9,320,3.272820234298706,3.2728798389434814,5.9604644775390625e-05
43,10,320,3.4882094860076904,3.487239122390747,-0.0009703636169433594
43,11,320,3.0869598388671875,3.0880720615386963,0.001112222671508789
43,12,320,3.3315787315368652,3.331902503967285,0.0003237724304199219
43,13,320,3.8159148693084717,3.8160316944122314,0.00011682510375976562
43,14,320,3.6328206062316895,3.6316897869110107,-0.001130819320678711
43,15,320,3.5651907920837402,3.5656323432922363,0.00044155120849609375
43,16,320,3.9118757247924805,3.91125750541687,-0.0006182193756103516
43,17,320,3.5143396854400635,3.5145838260650635,0.000244140625
43,18,320,2.9091219902038574,2.9086015224456787,-0.0005204677581787109
43,19,320,2.5207278728485107,2.51921010017395,-0.0015177726745605469
44,0,320,3.3925631046295166,3.3916659355163574,-0.0008971691131591797
44,1,320,3.5344126224517822,3.5347900390625,0.00037741661071777344
44,2,320,3.440383195877075,3.439190626144409,-0.0011925697326660156
44,3,320,2.9953973293304443,2.9941420555114746,-0.0012552738189697266
44,4,320,2.8365683555603027,2.835603952407837,-0.0009644031524658203
44,5,320,3.332186460494995,3.332460403442383,0.0002739429473876953
44,6,320,3.3162941932678223,3.315166711807251,-0.001127481460571289
44,7,320,3.3423733711242676,3.341439723968506,-0.0009336471557617188
44,8,320,3.06367826461792,3.062541961669922,-0.0011363029479980469
44,9,320,3.272820234298706,3.2719874382019043,-0.0008327960968017578
44,10,320,3.4882094860076904,3.4887218475341797,0.0005123615264892578
44,11,320,3.0869598388671875,3.0881264209747314,0.0011665821075439453
44,12,320,3.3315787315368652,3.3319947719573975,0.00041604042053222656
44,13,320,3.8159148693084717,3.8160512447357178,0.00013637542724609375
44,14,320,3.6328206062316895,3.6318769454956055,-0.0009436607360839844
44,15,320,3.5651907920837402,3.5652356147766113,4.482269287109375e-05
44,16,320,3.9118757247924805,3.913055181503296,0.0011794567108154297
44,17,320,3.5143396854400635,3.515104293823242,0.0007646083831787109
44,18,320,2.9091219902038574,2.9100780487060547,0.0009560585021972656
44,19,320,2.5207278728485107,2.521984338760376,0.0012564659118652344
45,0,320,3.3925631046295166,3.393000602722168,0.0004374980926513672
45,1,320,3.5344126224517822,3.535442590713501,0.00102996826171875
45,2,320,3.440383195877075,3.4380404949188232,-0.002342700958251953
45,3,320,2.9953973293304443,2.9952995777130127,-9.775161743164062e-05
45,4,320,2.8365683555603027,2.8364429473876953,-0.00012540817260742188
45,5,320,3.332186460494995,3.3330512046813965,0.0008647441864013672
45,6,320,3.3162941932678223,3.3155696392059326,-0.0007245540618896484
45,7,320,3.3423733711242676,3.3442814350128174,0.0019080638885498047
45,8,320,3.06367826461792,3.064363956451416,0.0006856918334960938
45,9,320,3.272820234298706,3.272066354751587,-0.0007538795471191406
45,10,320,3.4882094860076904,3.4875640869140625,-0.0006453990936279297
45,11,320,3.0869598388671875,3.0859861373901367,-0.0009737014770507812
45,12,320,3.3315787315368652,3.332366943359375,0.0007882118225097656
45,13,320,3.8159148693084717,3.8162031173706055,0.00028824806213378906
45,14,320,3.6328206062316895,3.6308515071868896,-0.0019690990447998047
45,15,320,3.5651907920837402,3.5635600090026855,-0.0016307830810546875
45,16,320,3.9118757247924805,3.9122848510742188,0.00040912628173828125
45,17,320,3.5143396854400635,3.514798879623413,0.0004591941833496094
45,18,320,2.9091219902038574,2.9094958305358887,0.00037384033203125
45,19,320,2.5207278728485107,2.5204198360443115,-0.00030803680419921875
46,0,320,3.3925631046295166,3.3915762901306152,-0.0009868144989013672
46,1,320,3.5344126224517822,3.535166025161743,0.0007534027099609375
46,2,320,3.440383195877075,3.4417359828948975,0.0013527870178222656
46,3,320,2.9953973293304443,2.99521541595459,-0.0001819133758544922
46,4,320,2.8365683555603027,2.8351337909698486,-0.0014345645904541016
46,5,320,3.332186460494995,3.330221176147461,-0.0019652843475341797
46,6,320,3.3162941932678223,3.316434860229492,0.00014066696166992188
46,7,320,3.3423733711242676,3.342399835586548,2.6464462280273438e-05
46,8,320,3.06367826461792,3.063101053237915,-0.0005772113800048828
46,9,320,3.272820234298706,3.2717397212982178,-0.0010805130004882812
46,10,320,3.4882094860076904,3.4886858463287354,0.0004763603210449219
46,11,320,3.0869598388671875,3.0861709117889404,-0.0007889270782470703
46,12,320,3.3315787315368652,3.330735445022583,-0.0008432865142822266
46,13,320,3.8159148693084717,3.8169455528259277,0.0010306835174560547
46,14,320,3.6328206062316895,3.633194923400879,0.0003743171691894531
46,15,320,3.5651907920837402,3.5642993450164795,-0.0008914470672607422
46,16,320,3.9118757247924805,3.9107542037963867,-0.00112152099609375
46,17,320,3.5143396854400635,3.5150086879730225,0.0006690025329589844
46,18,320,2.9091219902038574,2.9086549282073975,-0.00046706199645996094
46,19,320,2.5207278728485107,2.5213284492492676,0.0006005764007568359
47,0,320,3.3925631046295166,3.3936614990234375,0.0010983943939208984
47,1,320,3.5344126224517822,3.535917043685913,0.0015044212341308594
47,2,320,3.440383195877075,3.43933367729187,-0.0010495185852050781
47,3,320,2.9953973293304443,2.9952964782714844,-0.00010085105895996094
47,4,320,2.8365683555603027,2.8375940322875977,0.0010256767272949219
47,5,320,3.332186460494995,3.3324100971221924,0.00022363662719726562
47,6,320,3.3162941932678223,3.318270444869995,0.0019762516021728516
47,7,320,3.3423733711242676,3.3448433876037598,0.0024700164794921875
47,8,320,3.06367826461792,3.0652782917022705,0.001600027084350586
47,9,320,3.272820234298706,3.27467679977417,0.0018565654754638672
47,10,320,3.4882094860076904,3.489326238632202,0.0011167526245117188
47,11,320,3.0869598388671875,3.0874814987182617,0.0005216598510742188
47,12,320,3.3315787315368652,3.331601619720459,2.288818359375e-05
47,13,320,3.8159148693084717,3.815855026245117,-5.984306335449219e-05
47,14,320,3.6328206062316895,3.6313939094543457,-0.00142669677734375
47,15,320,3.5651907920837402,3.566103935241699,0.0009131431579589844
47,16,320,3.9118757247924805,3.9118223190307617,-5.340576171875e-05
47,17,320,3.5143396854400635,3.514469861984253,0.00013017654418945312
47,18,320,2.9091219902038574,2.9099502563476562,0.0008282661437988281
47,19,320,2.5207278728485107,2.5218453407287598,0.0011174678802490234
48,0,320,3.3925631046295166,3.3942437171936035,0.001680612564086914
48,1,320,3.5344126224517822,3.5343222618103027,-9.036064147949219e-05
48,2,320,3.440383195877075,3.4445552825927734,0.004172086715698242
48,3,320,2.9953973293304443,2.9967145919799805,0.0013172626495361328
48,4,320,2.8365683555603027,2.837900400161743,0.0013320446014404297
48,5,320,3.332186460494995,3.333336114883423,0.0011496543884277344
48,6,320,3.3162941932678223,3.3163540363311768,5.984306335449219e-05
48,7,320,3.3423733711242676,3.343294620513916,0.0009212493896484375
48,8,320,3.06367826461792,3.063662528991699,-1.5735626220703125e-05
48,9,320,3.272820234298706,3.2748069763183594,0.0019867420196533203
48,10,320,3.4882094860076904,3.4883365631103516,0.0001270771026611328
48,11,320,3.0869598388671875,3.0880799293518066,0.0011200904846191406
48,12,320,3.3315787315368652,3.3305461406707764,-0.0010325908660888672
48,13,320,3.8159148693084717,3.815399646759033,-0.0005152225494384766
48,14,320,3.6328206062316895,3.632646322250366,-0.0001742839813232422
48,15,320,3.5651907920837402,3.566533088684082,0.0013422966003417969
48,16,320,3.9118757247924805,3.911066770553589,-0.0008089542388916016
48,17,320,3.5143396854400635,3.514141082763672,-0.00019860267639160156
48,18,320,2.9091219902038574,2.9080493450164795,-0.0010726451873779297
48,19,320,2.5207278728485107,2.5209927558898926,0.00026488304138183594
49,0,320,3.3925631046295166,3.392449140548706,-0.00011396408081054688
49,1,320,3.5344126224517822,3.53275728225708,-0.0016553401947021484
49,2,320,3.440383195877075,3.4400272369384766,-0.0003559589385986328
49,3,320,2.9953973293304443,2.995572090148926,0.0001747608184814453
49,4,320,2.8365683555603027,2.836884021759033,0.00031566619873046875
49,5,320,3.332186460494995,3.332609176635742,0.0004227161407470703
49,6,320,3.3162941932678223,3.317337989807129,0.0010437965393066406
49,7,320,3.3423733711242676,3.342271566390991,-0.00010180473327636719
49,8,320,3.06367826461792,3.0649850368499756,0.001306772232055664
49,9,320,3.272820234298706,3.273444890975952,0.0006246566772460938
49,10,320,3.4882094860076904,3.4894216060638428,0.0012121200561523438
49,11,320,3.0869598388671875,3.0866456031799316,-0.0003142356872558594
49,12,320,3.3315787315368652,3.329249382019043,-0.0023293495178222656
49,13,320,3.8159148693084717,3.8161535263061523,0.00023865699768066406
49,14,320,3.6328206062316895,3.631894588470459,-0.0009260177612304688
49,15,320,3.5651907920837402,3.5656492710113525,0.0004584789276123047
49,16,320,3.9118757247924805,3.9120543003082275,0.0001785755157470703
49,17,320,3.5143396854400635,3.5150444507598877,0.0007047653198242188
49,18,320,2.9091219902038574,2.9088728427886963,-0.0002491474151611328
49,19,320,2.5207278728485107,2.5196824073791504,-0.0010454654693603516
50,0,320,3.3925631046295166,3.391570806503296,-0.0009922981262207031
50,1,320,3.5344126224517822,3.5357272624969482,0.0013146400451660156
50,2,320,3.440383195877075,3.4394993782043457,-0.0008838176727294922
50,3,320,2.9953973293304443,2.995950937271118,0.0005536079406738281
50,4,320,2.8365683555603027,2.8363258838653564,-0.00024247169494628906
50,5,320,3.332186460494995,3.331943988800049,-0.00024247169494628906
50,6,320,3.3162941932678223,3.3150100708007812,-0.0012841224670410156
50,7,320,3.3423733711242676,3.3416810035705566,-0.0006923675537109375
50,8,320,3.06367826461792,3.0630686283111572,-0.0006096363067626953
50,9,320,3.272820234298706,3.275621175765991,0.0028009414672851562
50,10,320,3.4882094860076904,3.488795280456543,0.0005857944488525391
50,11,320,3.0869598388671875,3.087364673614502,0.0004048347473144531
50,12,320,3.3315787315368652,3.3321659564971924,0.0005872249603271484
50,13,320,3.8159148693084717,3.818211317062378,0.00229644775390625
50,14,320,3.6328206062316895,3.632706880569458,-0.00011372566223144531
50,15,320,3.5651907920837402,3.566068410873413,0.0008776187896728516
50,16,320,3.9118757247924805,3.9119200706481934,4.4345855712890625e-05
50,17,320,3.5143396854400635,3.515069007873535,0.0007293224334716797
50,18,320,2.9091219902038574,2.911175489425659,0.002053499221801758
50,19,320,2.5207278728485107,2.520272970199585,-0.00045490264892578125
51,0,320,3.3925631046295166,3.393758535385132,0.0011954307556152344
51,1,320,3.5344126224517822,3.5361714363098145,0.0017588138580322266
51,2,320,3.440383195877075,3.4406425952911377,0.0002593994140625
51,3,320,2.9953973293304443,2.9948155879974365,-0.0005817413330078125
51,4,320,2.8365683555603027,2.8355612754821777,-0.001007080078125
51,5,320,3.332186460494995,3.332869291305542,0.000682830810546875
51,6,320,3.3162941932678223,3.3149209022521973,-0.001373291015625
51,7,320,3.3423733711242676,3.340651750564575,-0.0017216205596923828
51,8,320,3.06367826461792,3.063413143157959,-0.0002651214599609375
51,9,320,3.272820234298706,3.272081136703491,-0.0007390975952148438
51,10,320,3.4882094860076904,3.4868357181549072,-0.0013737678527832031
51,11,320,3.0869598388671875,3.087110757827759,0.00015091896057128906
51,12,320,3.3315787315368652,3.3307948112487793,-0.0007839202880859375
51,13,320,3.8159148693084717,3.8158857822418213,-2.9087066650390625e-05
51,14,320,3.6328206062316895,3.634599208831787,0.0017786026000976562
51,15,320,3.5651907920837402,3.565263271331787,7.2479248046875e-05
51,16,320,3.9118757247924805,3.913667917251587,0.0017921924591064453
51,17,320,3.5143396854400635,3.5144033432006836,6.365776062011719e-05
51,18,320,2.9091219902038574,2.908470630645752,-0.0006513595581054688
51,19,320,2.5207278728485107,2.5213255882263184,0.0005977153778076172
52,0,320,3.3925631046295166,3.391277313232422,-0.0012857913970947266
52,1,320,3.5344126224517822,3.5344581604003906,4.553794860839844e-05
52,2,320,3.440383195877075,3.4406352043151855,0.00025200843811035156
52,3,320,2.9953973293304443,2.994871139526367,-0.0005261898040771484
52,4,320,2.8365683555603027,2.837306022644043,0.0007376670837402344
52,5,320,3.332186460494995,3.3322625160217285,7.605552673339844e-05
52,6,320,3.3162941932678223,3.3172314167022705,0.0009372234344482422
52,7,320,3.3423733711242676,3.342404365539551,3.0994415283203125e-05
52,8,320,3.06367826461792,3.062946319580078,-0.0007319450378417969
52,9,320,3.272820234298706,3.2720203399658203,-0.0007998943328857422
52,10,320,3.4882094860076904,3.4880294799804688,-0.0001800060272216797
52,11,320,3.0869598388671875,3.0858123302459717,-0.0011475086212158203
52,12,320,3.3315787315368652,3.330503225326538,-0.0010755062103271484
52,13,320,3.8159148693084717,3.8163697719573975,0.00045490264892578125
52,14,320,3.6328206062316895,3.6328234672546387,2.86102294921875e-06
52,15,320,3.5651907920837402,3.5643181800842285,-0.0008726119995117188
52,16,320,3.9118757247924805,3.9112770557403564,-0.0005986690521240234
52,17,320,3.5143396854400635,3.514132022857666,-0.00020766258239746094
52,18,320,2.9091219902038574,2.9104557037353516,0.0013337135314941406
52,19,320,2.5207278728485107,2.518411159515381,-0.002316713333129883
53,0,320,3.3925631046295166,3.3945486545562744,0.0019855499267578125
53,1,320,3.5344126224517822,3.5336921215057373,-0.0007205009460449219
53,2,320,3.440383195877075,3.446319103240967,0.0059359073638916016
53,3,320,2.9953973293304443,2.997711420059204,0.0023140907287597656
53,4,320,2.8365683555603027,2.8382627964019775,0.0016944408416748047
53,5,320,3.332186460494995,3.3342151641845703,0.0020287036895751953
53,6,320,3.3162941932678223,3.3159875869750977,-0.0003066062927246094
53,7,320,3.3423733711242676,3.3439202308654785,0.0015468597412109375
53,8,320,3.06367826461792,3.06593656539917,0.00225830078125
53,9,320,3.272820234298706,3.27341628074646,0.0005960464477539062
53,10,320,3.4882094860076904,3.4911177158355713,0.0029082298278808594
53,11,320,3.0869598388671875,3.089768171310425,0.0028083324432373047
53,12,320,3.3315787315368652,3.331174373626709,-0.00040435791015625
53,13,320,3.8159148693084717,3.817340850830078,0.0014259815216064453
53,14,320,3.6328206062316895,3.631850242614746,-0.0009703636169433594
53,15,320,3.5651907920837402,3.564607620239258,-0.0005831718444824219
53,16,320,3.9118757247924805,3.912588596343994,0.0007128715515136719
53,17,320,3.5143396854400635,3.514655113220215,0.0003154277801513672
53,18,320,2.9091219902038574,2.909048557281494,-7.343292236328125e-05
53,19,320,2.5207278728485107,2.519035816192627,-0.001692056655883789
54,0,320,3.3925631046295166,3.3916969299316406,-0.0008661746978759766
54,1,320,3.5344126224517822,3.5344536304473877,4.100799560546875e-05
54,2,320,3.440383195877075,3.4414174556732178,0.0010342597961425781
54,3,320,2.9953973293304443,2.99485445022583,-0.0005428791046142578
54,4,320,2.8365683555603027,2.8355655670166016,-0.0010027885437011719
54,5,320,3.332186460494995,3.3310840129852295,-0.001102447509765625
54,6,320,3.3162941932678223,3.3165457248687744,0.00025153160095214844
54,7,320,3.3423733711242676,3.3405163288116455,-0.0018570423126220703
54,8,320,3.06367826461792,3.0619430541992188,-0.0017352104187011719
54,9,320,3.272820234298706,3.2710821628570557,-0.0017380714416503906
54,10,320,3.4882094860076904,3.4861130714416504,-0.002096414566040039
54,11,320,3.0869598388671875,3.088714599609375,0.0017547607421875
54,12,320,3.3315787315368652,3.3319270610809326,0.0003483295440673828
54,13,320,3.8159148693084717,3.816135883331299,0.00022101402282714844
54,14,320,3.6328206062316895,3.6333117485046387,0.0004911422729492188
54,15,320,3.5651907920837402,3.5657742023468018,0.0005834102630615234
54,16,320,3.9118757247924805,3.9118142127990723,-6.151199340820312e-05
54,17,320,3.5143396854400635,3.514624834060669,0.00028514862060546875
54,18,320,2.9091219902038574,2.908996343612671,-0.00012564659118652344
54,19,320,2.5207278728485107,2.520179033279419,-0.0005488395690917969
55,0,320,3.3925631046295166,3.3912353515625,-0.0013277530670166016
55,1,320,3.5344126224517822,3.5334789752960205,-0.0009336471557617188
55,2,320,3.440383195877075,3.4397642612457275,-0.0006189346313476562
55,3,320,2.9953973293304443,2.9974892139434814,0.0020918846130371094
55,4,320,2.8365683555603027,2.8363966941833496,-0.000171661376953125
55,5,320,3.332186460494995,3.3297479152679443,-0.0024385452270507812
55,6,320,3.3162941932678223,3.314816474914551,-0.0014777183532714844
55,7,320,3.3423733711242676,3.3411829471588135,-0.0011904239654541016
55,8,320,3.06367826461792,3.0635523796081543,-0.000125885009765625
55,9,320,3.272820234298706,3.2728257179260254,5.4836273193359375e-06
55,10,320,3.4882094860076904,3.488508462905884,0.0002989768981933594
55,11,320,3.0869598388671875,3.086918830871582,-4.100799560546875e-05
55,12,320,3.3315787315368652,3.3324952125549316,0.0009164810180664062
55,13,320,3.8159148693084717,3.816579580307007,0.0006647109985351562
55,14,320,3.6328206062316895,3.6313369274139404,-0.0014836788177490234
55,15,320,3.5651907920837402,3.5661895275115967,0.0009987354278564453
55,16,320,3.9118757247924805,3.911801338195801,-7.43865966796875e-05
55,17,320,3.5143396854400635,3.5124776363372803,-0.0018620491027832031
55,18,320,2.9091219902038574,2.910775899887085,0.001653909683227539
55,19,320,2.5207278728485107,2.5192086696624756,-0.0015192031860351562
56,0,320,3.3925631046295166,3.391667127609253,-0.0008959770202636719
56,1,320,3.5344126224517822,3.534191846847534,-0.00022077560424804688
56,2,320,3.440383195877075,3.4409067630767822,0.0005235671997070312
56,3,320,2.9953973293304443,2.9958643913269043,0.00046706199645996094
56,4,320,2.8365683555603027,2.8385798931121826,0.002011537551879883
56,5,320,3.332186460494995,3.331535577774048,-0.0006508827209472656
56,6,320,3.3162941932678223,3.3166861534118652,0.00039196014404296875
56,7,320,3.3423733711242676,3.340541362762451,-0.0018320083618164062
56,8,320,3.06367826461792,3.063209295272827,-0.00046896934509277344
56,9,320,3.272820234298706,3.2746994495391846,0.0018792152404785156
56,10,320,3.4882094860076904,3.4892351627349854,0.0010256767272949219
56,11,320,3.0869598388671875,3.0872321128845215,0.0002722740173339844
56,12,320,3.3315787315368652,3.3309240341186523,-0.0006546974182128906
56,13,320,3.8159148693084717,3.8161702156066895,0.00025534629821777344
56,14,320,3.6328206062316895,3.6308798789978027,-0.0019407272338867188
56,15,320,3.5651907920837402,3.5666005611419678,0.001409769058227539
56,16,320,3.9118757247924805,3.9127166271209717,0.0008409023284912109
56,17,320,3.5143396854400635,3.5150704383850098,0.0007307529449462891
56,18,320,2.9091219902038574,2.9091196060180664,-2.384185791015625e-06
56,19,320,2.5207278728485107,2.5193073749542236,-0.0014204978942871094
57,0,320,3.3925631046295166,3.393118143081665,0.0005550384521484375
57,1,320,3.5344126224517822,3.535102605819702,0.0006899833679199219
57,2,320,3.440383195877075,3.4425675868988037,0.0021843910217285156
57,3,320,2.9953973293304443,2.99466872215271,-0.000728607177734375
57,4,320,2.8365683555603027,2.836977958679199,0.0004096031188964844
57,5,320,3.332186460494995,3.332026481628418,-0.00015997886657714844
57,6,320,3.3162941932678223,3.3160550594329834,-0.0002391338348388672
57,7,320,3.3423733711242676,3.3422303199768066,-0.0001430511474609375
57,8,320,3.06367826461792,3.0630674362182617,-0.0006108283996582031
57,9,320,3.272820234298706,3.274449586868286,0.0016293525695800781
57,10,320,3.4882094860076904,3.4872636795043945,-0.0009458065032958984
57,11,320,3.0869598388671875,3.087387800216675,0.0004279613494873047
57,12,320,3.3315787315368652,3.3325998783111572,0.0010211467742919922
57,13,320,3.8159148693084717,3.8146564960479736,-0.0012583732604980469
57,14,320,3.6328206062316895,3.632803440093994,-1.71661376953125e-05
57,15,320,3.5651907920837402,3.5644869804382324,-0.0007038116455078125
57,16,320,3.9118757247924805,3.9121007919311523,0.000225067138671875
57,17,320,3.5143396854400635,3.516955614089966,0.0026159286499023438
57,18,320,2.9091219902038574,2.9089596271514893,-0.00016236305236816406
57,19,320,2.5207278728485107,2.519483804702759,-0.0012440681457519531
58,0,320,3.3925631046295166,3.392162799835205,-0.00040030479431152344
58,1,320,3.5344126224517822,3.535003185272217,0.0005905628204345703
58,2,320,3.440383195877075,3.4408769607543945,0.0004937648773193359
58,3,320,2.9953973293304443,2.996164560317993,0.0007672309875488281
58,4,320,2.8365683555603027,2.838257312774658,0.0016889572143554688
58,5,320,3.332186460494995,3.3332526683807373,0.0010662078857421875
58,6,320,3.3162941932678223,3.316039800643921,-0.0002543926239013672
58,7,320,3.3423733711242676,3.3416953086853027,-0.0006780624389648438
58,8,320,3.06367826461792,3.0630595684051514,-0.0006186962127685547
58,9,320,3.272820234298706,3.270850419998169,-0.0019698143005371094
58,10,320,3.4882094860076904,3.488111972808838,-9.751319885253906e-05
58,11,320,3.0869598388671875,3.0893542766571045,0.002394437789916992
58,12,320,3.3315787315368652,3.3326494693756104,0.0010707378387451172
58,13,320,3.8159148693084717,3.81709361076355,0.001178741455078125
58,14,320,3.6328206062316895,3.633329153060913,0.0005085468292236328
58,15,320,3.5651907920837402,3.5656845569610596,0.0004937648773193359
58,16,320,3.9118757247924805,3.9122817516326904,0.00040602684020996094
58,17,320,3.5143396854400635,3.5151517391204834,0.0008120536804199219
58,18,320,2.9091219902038574,2.9108076095581055,0.0016856193542480469
58,19,320,2.5207278728485107,2.521394968032837,0.0006670951843261719
59,0,320,3.3925631046295166,3.392778158187866,0.00021505355834960938
59,1,320,3.5344126224517822,3.5328454971313477,-0.0015671253204345703
59,2,320,3.440383195877075,3.439714193344116,-0.0006690025329589844
59,3,320,2.9953973293304443,2.995389699935913,-7.62939453125e-06
59,4,320,2.8365683555603027,2.8352391719818115,-0.001329183578491211
59,5,320,3.332186460494995,3.332134246826172,-5.221366882324219e-05
59,6,320,3.3162941932678223,3.3161072731018066,-0.000186920166015625
59,7,320,3.3423733711242676,3.3425519466400146,0.0001785755157470703
59,8,320,3.06367826461792,3.064547538757324,0.0008692741394042969
59,9,320,3.272820234298706,3.2727444171905518,-7.581710815429688e-05
59,10,320,3.4882094860076904,3.4878501892089844,-0.0003592967987060547
59,11,320,3.0869598388671875,3.085693836212158,-0.0012660026550292969
59,12,320,3.3315787315368652,3.331838846206665,0.0002601146697998047
59,13,320,3.8159148693084717,3.815135955810547,-0.0007789134979248047
59,14,320,3.6328206062316895,3.6324658393859863,-0.000354766845703125
59,15,320,3.5651907920837402,3.5656650066375732,0.0004742145538330078
59,16,320,3.9118757247924805,3.911736249923706,-0.00013947486877441406
59,17,320,3.5143396854400635,3.514122724533081,-0.00021696090698242188
59,18,320,2.9091219902038574,2.9102132320404053,0.0010912418365478516
59,19,320,2.5207278728485107,2.520939350128174,0.00021147727966308594
60,0,320,3.3925631046295166,3.3928582668304443,0.0002951622009277344
60,1,320,3.5344126224517822,3.5353331565856934,0.0009205341339111328
60,2,320,3.440383195877075,3.441074848175049,0.0006916522979736328
60,3,320,2.9953973293304443,2.995452642440796,5.53131103515625e-05
60,4,320,2.8365683555603027,2.834575891494751,-0.001992464065551758
60,5,320,3.332186460494995,3.330686092376709,-0.0015003681182861328
60,6,320,3.3162941932678223,3.3161065578460693,-0.0001876354217529297
60,7,320,3.3423733711242676,3.3431177139282227,0.0007443428039550781
60,8,320,3.06367826461792,3.063910961151123,0.000232696533203125
60,9,320,3.272820234298706,3.2726879119873047,-0.0001323223114013672
60,10,320,3.4882094860076904,3.488286256790161,7.677078247070312e-05
60,11,320,3.0869598388671875,3.0870754718780518,0.00011563301086425781
60,12,320,3.3315787315368652,3.3296875953674316,-0.0018911361694335938
60,13,320,3.8159148693084717,3.815993547439575,7.867813110351562e-05
60,14,320,3.6328206062316895,3.632991313934326,0.00017070770263671875
60,15,320,3.5651907920837402,3.565737009048462,0.0005462169647216797
60,16,320,3.9118757247924805,3.9113452434539795,-0.0005304813385009766
60,17,320,3.5143396854400635,3.5151264667510986,0.0007867813110351562
60,18,320,2.9091219902038574,2.909526824951172,0.0004048347473144531
60,19,320,2.5207278728485107,2.520700216293335,-2.765655517578125e-05
61,0,320,3.3925631046295166,3.3929200172424316,0.00035691261291503906
61,1,320,3.5344126224517822,3.535299301147461,0.0008866786956787109
61,2,320,3.440383195877075,3.4411087036132812,0.0007255077362060547
61,3,320,2.9953973293304443,2.9967117309570312,0.001314401626586914
61,4,320,2.8365683555603027,2.8354642391204834,-0.001104116439819336
61,5,320,3.332186460494995,3.3321359157562256,-5.054473876953125e-05
61,6,320,3.3162941932678223,3.3170180320739746,0.0007238388061523438
61,7,320,3.3423733711242676,3.345038890838623,0.0026655197143554688
61,8,320,3.06367826461792,3.0659854412078857,0.0023071765899658203
61,9,320,3.272820234298706,3.2734484672546387,0.0006282329559326172
61,10,320,3.4882094860076904,3.491755723953247,0.0035462379455566406
61,11,320,3.0869598388671875,3.088801145553589,0.0018413066864013672
61,12,320,3.3315787315368652,3.331573724746704,-5.0067901611328125e-06
61,13,320,3.8159148693084717,3.8153204917907715,-0.0005943775177001953
61,14,320,3.6328206062316895,3.6328344345092773,1.3828277587890625e-05
61,15,320,3.5651907920837402,3.56592059135437,0.0007297992706298828
61,16,320,3.9118757247924805,3.9117448329925537,-0.0001308917999267578
61,17,320,3.5143396854400635,3.514615774154663,0.0002760887145996094
61,18,320,2.9091219902038574,2.909757614135742,0.0006356239318847656
61,19,320,2.5207278728485107,2.5205419063568115,-0.00018596649169921875
62,0,320,3.3925631046295166,3.39271879196167,0.0001556873321533203
62,1,320,3.5344126224517822,3.536560535430908,0.0021479129791259766
62,2,320,3.440383195877075,3.4418795108795166,0.0014963150024414062
62,3,320,2.9953973293304443,2.993055820465088,-0.0023415088653564453
62,4,320,2.8365683555603027,2.8362109661102295,-0.0003573894500732422
62,5,320,3.332186460494995,3.330876111984253,-0.0013103485107421875
62,6,320,3.3162941932678223,3.317296266555786,0.0010020732879638672
62,7,320,3.3423733711242676,3.342297077178955,-7.62939453125e-05
62,8,320,3.06367826461792,3.0641355514526367,0.0004572868347167969
62,9,320,3.272820234298706,3.27445387840271,0.0016336441040039062
62,10,320,3.4882094860076904,3.489419937133789,0.0012104511260986328
62,11,320,3.0869598388671875,3.086033821105957,-0.0009260177612304688
62,12,320,3.3315787315368652,3.3330960273742676,0.0015172958374023438
62,13,320,3.8159148693084717,3.8160088062286377,9.393692016601562e-05
62,14,320,3.6328206062316895,3.6329827308654785,0.0001621246337890625
62,15,320,3.5651907920837402,3.5652525424957275,6.175041198730469e-05
62,16,320,3.9118757247924805,3.9127578735351562,0.0008821487426757812
62,17,320,3.5143396854400635,3.5138144493103027,-0.0005252361297607422
62,18,320,2.9091219902038574,2.909137010574341,1.5020370483398438e-05
62,19,320,2.5207278728485107,2.5226004123687744,0.0018725395202636719
63,0,320,3.3925631046295166,3.3928277492523193,0.0002646446228027344
63,1,320,3.5344126224517822,3.5329220294952393,-0.0014905929565429688
63,2,320,3.440383195877075,3.44216251373291,0.001779317855834961
63,3,320,2.9953973293304443,3.000488519668579,0.005091190338134766
63,4,320,2.8365683555603027,2.838721513748169,0.002153158187866211
63,5,320,3.332186460494995,3.3356666564941406,0.003480195999145508
63,6,320,3.3162941932678223,3.3184056282043457,0.0021114349365234375
63,7,320,3.3423733711242676,3.3467774391174316,0.0044040679931640625
63,8,320,3.06367826461792,3.064203977584839,0.0005257129669189453
63,9,320,3.272820234298706,3.2744061946868896,0.0015859603881835938
63,10,320,3.4882094860076904,3.4918997287750244,0.0036902427673339844
63,11,320,3.0869598388671875,3.087092161178589,0.0001323223114013672
63,12,320,3.3315787315368652,3.3301613330841064,-0.001417398452758789
63,13,320,3.8159148693084717,3.8164615631103516,0.0005466938018798828
63,14,320,3.6328206062316895,3.6336710453033447,0.0008504390716552734
63,15,320,3.5651907920837402,3.5644781589508057,-0.0007126331329345703
63,16,320,3.9118757247924805,3.912888765335083,0.001013040542602539
63,17,320,3.5143396854400635,3.514547348022461,0.00020766258239746094
63,18,320,2.9091219902038574,2.9104251861572266,0.0013031959533691406
63,19,320,2.5207278728485107,2.5203652381896973,-0.00036263465881347656
64,0,320,3.3925631046295166,3.391131639480591,-0.0014314651489257812
64,1,320,3.5344126224517822,3.53475284576416,0.0003402233123779297
64,2,320,3.440383195877075,3.4413204193115234,0.0009372234344482422
64,3,320,2.9953973293304443,2.993605375289917,-0.0017919540405273438
64,4,320,2.8365683555603027,2.8375191688537598,0.0009508132934570312
64,5,320,3.332186460494995,3.332404851913452,0.00021839141845703125
64,6,320,3.3162941932678223,3.314885139465332,-0.0014090538024902344
64,7,320,3.3423733711242676,3.342383623123169,1.0251998901367188e-05
64,8,320,3.06367826461792,3.0659735202789307,0.002295255661010742
64,9,320,3.272820234298706,3.273068428039551,0.00024819374084472656
64,10,320,3.4882094860076904,3.488675355911255,0.0004658699035644531
64,11,320,3.0869598388671875,3.085228443145752,-0.0017313957214355469
64,12,320,3.3315787315368652,3.3301610946655273,-0.0014176368713378906
64,13,320,3.8159148693084717,3.8180062770843506,0.0020914077758789062
64,14,320,3.6328206062316895,3.632540702819824,-0.0002799034118652344
64,15,320,3.5651907920837402,3.5653014183044434,0.000110626220703125
64,16,320,3.9118757247924805,3.9131438732147217,0.001268148422241211
64,17,320,3.5143396854400635,3.5148427486419678,0.0005030632019042969
64,18,320,2.9091219902038574,2.9097464084625244,0.0006244182586669922
64,19,320,2.5207278728485107,2.5219626426696777,0.0012347698211669922
65,0,320,3.3925631046295166,3.3934104442596436,0.0008473396301269531
65,1,320,3.5344126224517822,3.5335958003997803,-0.0008168220520019531
65,2,320,3.440383195877075,3.4417402744293213,0.0013570785522460938
65,3,320,2.9953973293304443,2.9970977306365967,0.0017004013061523438
65,4,320,2.8365683555603027,2.836862087249756,0.000293731689453125
65,5,320,3.332186460494995,3.3344764709472656,0.002290010452270508
65,6,320,3.3162941932678223,3.315985918045044,-0.0003082752227783203
65,7,320,3.3423733711242676,3.342665433883667,0.00029206275939941406
65,8,320,3.06367826461792,3.062584400177002,-0.0010938644409179688
65,9,320,3.272820234298706,3.271894693374634,-0.0009255409240722656
65,10,320,3.4882094860076904,3.490460157394409,0.00225067138671875
65,11,320,3.0869598388671875,3.086966037750244,6.198883056640625e-06
65,12,320,3.3315787315368652,3.330658435821533,-0.0009202957153320312
65,13,320,3.8159148693084717,3.814954996109009,-0.0009598731994628906
65,14,320,3.6328206062316895,3.634434223175049,0.001613616943359375
65,15,320,3.5651907920837402,3.5645713806152344,-0.0006194114685058594
65,16,320,3.9118757247924805,3.911703109741211,-0.00017261505126953125
65,17,320,3.5143396854400635,3.5145440101623535,0.00020432472229003906
65,18,320,2.9091219902038574,2.907747983932495,-0.0013740062713623047
65,19,320,2.5207278728485107,2.5196213722229004,-0.0011065006256103516
66,0,320,3.3925631046295166,3.3925368785858154,-2.6226043701171875e-05
66,1,320,3.5344126224517822,3.533170461654663,-0.0012421607971191406
66,2,320,3.440383195877075,3.4412128925323486,0.0008296966552734375
66,3,320,2.9953973293304443,2.994277238845825,-0.0011200904846191406
66,4,320,2.8365683555603027,2.8378777503967285,0.0013093948364257812
66,5,320,3.332186460494995,3.3296926021575928,-0.0024938583374023438
66,6,320,3.3162941932678223,3.3172619342803955,0.0009677410125732422
66,7,320,3.3423733711242676,3.341625690460205,-0.0007476806640625
66,8,320,3.06367826461792,3.062163829803467,-0.001514434814453125
66,9,320,3.272820234298706,3.271660327911377,-0.0011599063873291016
66,10,320,3.4882094860076904,3.488400936126709,0.0001914501190185547
66,11,320,3.0869598388671875,3.088601589202881,0.0016417503356933594
66,12,320,3.3315787315368652,3.331357479095459,-0.00022125244140625
66,13,320,3.8159148693084717,3.8152241706848145,-0.0006906986236572266
66,14,320,3.6328206062316895,3.632075786590576,-0.0007448196411132812
66,15,320,3.5651907920837402,3.564826250076294,-0.00036454200744628906
66,16,320,3.9118757247924805,3.910919427871704,-0.0009562969207763672
66,17,320,3.5143396854400635,3.515331745147705,0.0009920597076416016
66,18,320,2.9091219902038574,2.908393383026123,-0.000728607177734375
66,19,320,2.5207278728485107,2.5200400352478027,-0.0006878376007080078
67,0,320,3.3925631046295166,3.394380569458008,0.001817464828491211
67,1,320,3.5344126224517822,3.5357096195220947,0.0012969970703125
67,2,320,3.440383195877075,3.438863754272461,-0.0015194416046142578
67,3,320,2.9953973293304443,2.996225357055664,0.0008280277252197266
67,4,320,2.8365683555603027,2.8350260257720947,-0.0015423297882080078
67,5,320,3.332186460494995,3.3321259021759033,-6.0558319091796875e-05
67,6,320,3.3162941932678223,3.3147783279418945,-0.0015158653259277344
67,7,320,3.3423733711242676,3.3417510986328125,-0.0006222724914550781
67,8,320,3.06367826461792,3.0642058849334717,0.0005276203155517578
67,9,320,3.272820234298706,3.2723937034606934,-0.0004265308380126953
67,10,320,3.4882094860076904,3.4883642196655273,0.00015473365783691406
67,11,320,3.0869598388671875,3.087195873260498,0.00023603439331054688
67,12,320,3.3315787315368652,3.3327043056488037,0.0011255741119384766
67,13,320,3.8159148693084717,3.8158810138702393,-3.3855438232421875e-05
67,14,320,3.6328206062316895,3.633287191390991,0.0004665851593017578
67,15,320,3.5651907920837402,3.565561056137085,0.00037026405334472656
67,16,320,3.9118757247924805,3.9133834838867188,0.0015077590942382812
67,17,320,3.5143396854400635,3.513698101043701,-0.0006415843963623047
67,18,320,2.9091219902038574,2.9078500270843506,-0.001271963119506836
67,19,320,2.5207278728485107,2.5187296867370605,-0.0019981861114501953
68,0,320,3.3925631046295166,3.3927688598632812,0.00020575523376464844
68,1,320,3.5344126224517822,3.535386323928833,0.0009737014770507812
68,2,320,3.440383195877075,3.440096139907837,-0.00028705596923828125
68,3,320,2.9953973293304443,2.9942712783813477,-0.0011260509490966797
68,4,320,2.8365683555603027,2.8361995220184326,-0.0003688335418701172
68,5,320,3.332186460494995,3.331913948059082,-0.00027251243591308594
68,6,320,3.3162941932678223,3.3145289421081543,-0.0017652511596679688
68,7,320,3.3423733711242676,3.3413333892822266,-0.0010399818420410156
68,8,320,3.06367826461792,3.063894748687744,0.00021648406982421875
68,9,320,3.272820234298706,3.27451753616333,0.0016973018646240234
68,10,320,3.4882094860076904,3.4906327724456787,0.0024232864379882812
68,11,320,3.0869598388671875,3.087066173553467,0.00010633468627929688
68,12,320,3.3315787315368652,3.331300735473633,-0.0002779960632324219
68,13,320,3.8159148693084717,3.816768169403076,0.0008533000946044922
68,14,320,3.6328206062316895,3.6325061321258545,-0.00031447410583496094
68,15,320,3.5651907920837402,3.563814878463745,-0.0013759136199951172
68,16,320,3.9118757247924805,3.9109015464782715,-0.0009741783142089844
68,17,320,3.5143396854400635,3.5162384510040283,0.0018987655639648438
68,18,320,2.9091219902038574,2.9083340167999268,-0.0007879734039306641
68,19,320,2.5207278728485107,2.5207972526550293,6.937980651855469e-05
69,0,320,3.3925631046295166,3.39349102973938,0.0009279251098632812
69,1,320,3.5344126224517822,3.535712957382202,0.0013003349304199219
69,2,320,3.440383195877075,3.4404516220092773,6.842613220214844e-05
69,3,320,2.9953973293304443,2.9954283237457275,3.0994415283203125e-05
69,4,320,2.8365683555603027,2.836768627166748,0.0002002716064453125
69,5,320,3.332186460494995,3.3309648036956787,-0.0012216567993164062
69,6,320,3.3162941932678223,3.316011667251587,-0.00028252601623535156
69,7,320,3.3423733711242676,3.3425471782684326,0.00017380714416503906
69,8,320,3.06367826461792,3.061640501022339,-0.0020377635955810547
69,9,320,3.272820234298706,3.271097421646118,-0.0017228126525878906
69,10,320,3.4882094860076904,3.4887185096740723,0.0005090236663818359
69,11,320,3.0869598388671875,3.0860657691955566,-0.0008940696716308594
69,12,320,3.3315787315368652,3.3321168422698975,0.0005381107330322266
69,13,320,3.8159148693084717,3.816802978515625,0.0008881092071533203
69,14,320,3.6328206062316895,3.634413957595825,0.0015933513641357422
69,15,320,3.5651907920837402,3.563586473464966,-0.001604318618774414
69,16,320,3.9118757247924805,3.915361166000366,0.003485441207885742
69,17,320,3.5143396854400635,3.513482093811035,-0.0008575916290283203
69,18,320,2.9091219902038574,2.910367965698242,0.0012459754943847656
69,19,320,2.5207278728485107,2.5219309329986572,0.0012030601501464844
70,0,320,3.3925631046295166,3.3926844596862793,0.00012135505676269531
70,1,320,3.5344126224517822,3.536776304244995,0.0023636817932128906
70,2,320,3.440383195877075,3.4402554035186768,-0.0001277923583984375
70,3,320,2.9953973293304443,2.996776580810547,0.001379251480102539
70,4,320,2.8365683555603027,2.837275743484497,0.0007073879241943359
70,5,320,3.332186460494995,3.3328914642333984,0.0007050037384033203
70,6,320,3.3162941932678223,3.3162896633148193,-4.5299530029296875e-06
70,7,320,3.3423733711242676,3.342949151992798,0.0005757808685302734
70,8,320,3.06367826461792,3.0624704360961914,-0.0012078285217285156
70,9,320,3.272820234298706,3.2735507488250732,0.0007305145263671875
70,10,320,3.4882094860076904,3.4881491661071777,-6.031990051269531e-05
70,11,320,3.0869598388671875,3.0873985290527344,0.000438690185546875
70,12,320,3.3315787315368652,3.3324320316314697,0.0008533000946044922
70,13,320,3.8159148693084717,3.815664768218994,-0.00025010108947753906
70,14,320,3.6328206062316895,3.6327555179595947,-6.508827209472656e-05
70,15,320,3.5651907920837402,3.5659825801849365,0.0007917881011962891
70,16,320,3.9118757247924805,3.9125864505767822,0.0007107257843017578
70,17,320,3.5143396854400635,3.5159528255462646,0.0016131401062011719
70,18,320,2.9091219902038574,2.9096362590789795,0.0005142688751220703
70,19,320,2.5207278728485107,2.5197253227233887,-0.0010025501251220703
71,0,320,3.3925631046295166,3.392137050628662,-0.0004260540008544922
71,1,320,3.5344126224517822,3.5343129634857178,-9.965896606445312e-05
71,2,320,3.440383195877075,3.44104266166687,0.0006594657897949219
71,3,320,2.9953973293304443,2.9939279556274414,-0.0014693737030029297
71,4,320,2.8365683555603027,2.8366477489471436,7.939338684082031e-05
71,5,320,3.332186460494995,3.331277847290039,-0.0009086132049560547
71,6,320,3.3162941932678223,3.3190765380859375,0.0027823448181152344
71,7,320,3.3423733711242676,3.3432726860046387,0.0008993148803710938
71,8,320,3.06367826461792,3.065260410308838,0.0015821456909179688
71,9,320,3.272820234298706,3.271728992462158,-0.0010912418365478516
71,10,320,3.4882094860076904,3.488750457763672,0.0005409717559814453
71,11,320,3.0869598388671875,3.0870919227600098,0.00013208389282226562
71,12,320,3.3315787315368652,3.3325438499450684,0.000965118408203125
71,13,320,3.8159148693084717,3.8151135444641113,-0.0008013248443603516
71,14,320,3.6328206062316895,3.6328790187835693,5.841255187988281e-05
71,15,320,3.5651907920837402,3.566270589828491,0.0010797977447509766
71,16,320,3.9118757247924805,3.9116334915161133,-0.0002422332763671875
71,17,320,3.5143396854400635,3.5132768154144287,-0.0010628700256347656
71,18,320,2.9091219902038574,2.912745237350464,0.0036232471466064453
71,19,320,2.5207278728485107,2.521660089492798,0.0009322166442871094
72,0,320,3.3925631046295166,3.3920280933380127,-0.0005350112915039062
72,1,320,3.5344126224517822,3.5344245433807373,1.1920928955078125e-05
72,2,320,3.440383195877075,3.441605806350708,0.0012226104736328125
72,3,320,2.9953973293304443,2.9972691535949707,0.0018718242645263672
72,4,320,2.8365683555603027,2.8363211154937744,-0.0002472400665283203
72,5,320,3.332186460494995,3.3324074745178223,0.00022101402282714844
72,6,320,3.3162941932678223,3.3160102367401123,-0.00028395652770996094
72,7,320,3.3423733711242676,3.341907262802124,-0.0004661083221435547
72,8,320,3.06367826461792,3.063483476638794,-0.00019478797912597656
72,9,320,3.272820234298706,3.273493766784668,0.0006735324859619141
72,10,320,3.4882094860076904,3.4886598587036133,0.00045037269592285156
72,11,320,3.0869598388671875,3.0861945152282715,-0.0007653236389160156
72,12,320,3.3315787315368652,3.3325371742248535,0.0009584426879882812
72,13,320,3.8159148693084717,3.8151543140411377,-0.0007605552673339844
72,14,320,3.6328206062316895,3.632148265838623,-0.0006723403930664062
72,15,320,3.5651907920837402,3.565840005874634,0.0006492137908935547
72,16,320,3.9118757247924805,3.912868022918701,0.0009922981262207031
72,17,320,3.5143396854400635,3.513915538787842,-0.0004241466522216797
72,18,320,2.9091219902038574,2.909416913986206,0.0002949237823486328
72,19,320,2.5207278728485107,2.520495653152466,-0.00023221969604492188
73,0,320,3.3925631046295166,3.3927974700927734,0.00023436546325683594
73,1,320,3.5344126224517822,3.53348970413208,-0.0009229183197021484
73,2,320,3.440383195877075,3.4408788681030273,0.0004956722259521484
73,3,320,2.9953973293304443,2.9971747398376465,0.0017774105072021484
73,4,320,2.8365683555603027,2.8355872631073,-0.0009810924530029297
73,5,320,3.332186460494995,3.3334968090057373,0.0013103485107421875
73,6,320,3.3162941932678223,3.317369222640991,0.0010750293731689453
73,7,320,3.3423733711242676,3.341848850250244,-0.0005245208740234375
73,8,320,3.06367826461792,3.063527822494507,-0.00015044212341308594
73,9,320,3.272820234298706,3.2740542888641357,0.0012340545654296875
73,10,320,3.4882094860076904,3.490841865539551,0.0026323795318603516
73,11,320,3.0869598388671875,3.088803291320801,0.0018434524536132812
73,12,320,3.3315787315368652,3.331803321838379,0.00022459030151367188
73,13,320,3.8159148693084717,3.8131279945373535,-0.002786874771118164
73,14,320,3.6328206062316895,3.6333224773406982,0.0005018711090087891
73,15,320,3.5651907920837402,3.564910650253296,-0.00028014183044433594
73,16,320,3.9118757247924805,3.9162585735321045,0.0043828487396240234
73,17,320,3.5143396854400635,3.5146756172180176,0.00033593177795410156
73,18,320,2.9091219902038574,2.910592794418335,0.001470804214477539
73,19,320,2.5207278728485107,2.5205018520355225,-0.00022602081298828125
74,0,320,3.3925631046295166,3.3921048641204834,-0.0004582405090332031
74,1,320,3.5344126224517822,3.536374807357788,0.0019621849060058594
74,2,320,3.440383195877075,3.4403557777404785,-2.7418136596679688e-05
74,3,320,2.9953973293304443,2.994267702102661,-0.0011296272277832031
74,4,320,2.8365683555603027,2.837100028991699,0.0005316734313964844
74,5,320,3.332186460494995,3.3328707218170166,0.0006842613220214844
74,6,320,3.3162941932678223,3.3157882690429688,-0.0005059242248535156
74,7,320,3.3423733711242676,3.3408751487731934,-0.0014982223510742188
74,8,320,3.06367826461792,3.062954902648926,-0.0007233619689941406
74,9,320,3.272820234298706,3.272264003753662,-0.0005562305450439453
74,10,320,3.4882094860076904,3.488295793533325,8.630752563476562e-05
74,11,320,3.0869598388671875,3.087663412094116,0.0007035732269287109
74,12,320,3.3315787315368652,3.3305678367614746,-0.001010894775390625
74,13,320,3.8159148693084717,3.816342353820801,0.00042748451232910156
74,14,320,3.6328206062316895,3.633319854736328,0.0004992485046386719
74,15,320,3.5651907920837402,3.5672354698181152,0.002044677734375
74,16,320,3.9118757247924805,3.9137842655181885,0.0019085407257080078
74,17,320,3.5143396854400635,3.5146758556365967,0.0003361701965332031
74,18,320,2.9091219902038574,2.9101312160491943,0.001009225845336914
74,19,320,2.5207278728485107,2.5194294452667236,-0.0012984275817871094
75,0,320,3.3925631046295166,3.393420696258545,0.0008575916290283203
75,1,320,3.5344126224517822,3.534872531890869,0.00045990943908691406
75,2,320,3.440383195877075,3.4403562545776367,-2.6941299438476562e-05
75,3,320,2.9953973293304443,2.9950053691864014,-0.00039196014404296875
75,4,320,2.8365683555603027,2.834505796432495,-0.002062559127807617
75,5,320,3.332186460494995,3.330665349960327,-0.0015211105346679688
75,6,320,3.3162941932678223,3.3178234100341797,0.0015292167663574219
75,7,320,3.3423733711242676,3.3414673805236816,-0.0009059906005859375
75,8,320,3.06367826461792,3.0633819103240967,-0.0002963542938232422
75,9,320,3.272820234298706,3.272061586380005,-0.0007586479187011719
75,10,320,3.4882094860076904,3.4866013526916504,-0.001608133316040039
75,11,320,3.0869598388671875,3.0881710052490234,0.0012111663818359375
75,12,320,3.3315787315368652,3.3307714462280273,-0.0008072853088378906
75,13,320,3.8159148693084717,3.816422462463379,0.0005075931549072266
75,14,320,3.6328206062316895,3.6335628032684326,0.0007421970367431641
75,15,320,3.5651907920837402,3.5644006729125977,-0.0007901191711425781
75,16,320,3.9118757247924805,3.911348581314087,-0.0005271434783935547
75,17,320,3.5143396854400635,3.514860153198242,0.0005204677581787109
75,18,320,2.9091219902038574,2.90885591506958,-0.00026607513427734375
75,19,320,2.5207278728485107,2.5204710960388184,-0.0002567768096923828
76,0,320,3.3925631046295166,3.394090175628662,0.0015270709991455078
76,1,320,3.5344126224517822,3.5339553356170654,-0.0004572868347167969
76,2,320,3.440383195877075,3.4435224533081055,0.0031392574310302734
76,3,320,2.9953973293304443,2.9963760375976562,0.000978708267211914
76,4,320,2.8365683555603027,2.836864709854126,0.0002963542938232422
76,5,320,3.332186460494995,3.332033634185791,-0.00015282630920410156
76,6,320,3.3162941932678223,3.3160078525543213,-0.00028634071350097656
76,7,320,3.3423733711242676,3.342813014984131,0.00043964385986328125
76,8,320,3.06367826461792,3.064516544342041,0.0008382797241210938
76,9,320,3.272820234298706,3.27323579788208,0.00041556358337402344
76,10,320,3.4882094860076904,3.48578143119812,-0.0024280548095703125
76,11,320,3.0869598388671875,3.0875234603881836,0.0005636215209960938
76,12,320,3.3315787315368652,3.3326234817504883,0.0010447502136230469
76,13,320,3.8159148693084717,3.8164873123168945,0.0005724430084228516
76,14,320,3.6328206062316895,3.631413221359253,-0.0014073848724365234
76,15,320,3.5651907920837402,3.5643787384033203,-0.0008120536804199219
76,16,320,3.9118757247924805,3.9089157581329346,-0.0029599666595458984
76,17,320,3.5143396854400635,3.515404224395752,0.0010645389556884766
76,18,320,2.9091219902038574,2.908806562423706,-0.0003154277801513672
76,19,320,2.5207278728485107,2.5203170776367188,-0.0004107952117919922
77,0,320,3.3925631046295166,3.3916802406311035,-0.0008828639984130859
77,1,320,3.5344126224517822,3.5328683853149414,-0.0015442371368408203
77,2,320,3.440383195877075,3.441394805908203,0.0010116100311279297
77,3,320,2.9953973293304443,2.995034694671631,-0.00036263465881347656
77,4,320,2.8365683555603027,2.837129592895508,0.0005612373352050781
77,5,320,3.332186460494995,3.3329555988311768,0.0007691383361816406
77,6,320,3.3162941932678223,3.316335678100586,4.1484832763671875e-05
77,7,320,3.3423733711242676,3.3401613235473633,-0.002212047576904297
77,8,320,3.06367826461792,3.0638790130615234,0.00020074844360351562
77,9,320,3.272820234298706,3.2726879119873047,-0.0001323223114013672
77,10,320,3.4882094860076904,3.488710641860962,0.0005011558532714844
77,11,320,3.0869598388671875,3.086379051208496,-0.0005807876586914062
77,12,320,3.3315787315368652,3.330817222595215,-0.0007615089416503906
77,13,320,3.8159148693084717,3.8149428367614746,-0.0009720325469970703
77,14,320,3.6328206062316895,3.6334657669067383,0.0006451606750488281
77,15,320,3.5651907920837402,3.5662076473236084,0.001016855239868164
77,16,320,3.9118757247924805,3.9115233421325684,-0.0003523826599121094
77,17,320,3.5143396854400635,3.515239953994751,0.0009002685546875
77,18,320,2.9091219902038574,2.907984733581543,-0.0011372566223144531
77,19,320,2.5207278728485107,2.5201468467712402,-0.0005810260772705078
78,0,320,3.3925631046295166,3.3918862342834473,-0.0006768703460693359
78,1,320,3.5344126224517822,3.5350263118743896,0.0006136894226074219
78,2,320,3.440383195877075,3.440476417541504,9.322166442871094e-05
78,3,320,2.9953973293304443,2.995861768722534,0.00046443939208984375
78,4,320,2.8365683555603027,2.8360068798065186,-0.0005614757537841797
78,5,320,3.332186460494995,3.3317484855651855,-0.0004379749298095703
78,6,320,3.3162941932678223,3.318010091781616,0.0017158985137939453
78,7,320,3.3423733711242676,3.3432717323303223,0.0008983612060546875
78,8,320,3.06367826461792,3.063896417617798,0.0002181529998779297
78,9,320,3.272820234298706,3.2740821838378906,0.0012619495391845703
78,10,320,3.4882094860076904,3.4911909103393555,0.002981424331665039
78,11,320,3.0869598388671875,3.0845491886138916,-0.0024106502532958984
78,12,320,3.3315787315368652,3.332566976547241,0.0009882450103759766
78,13,320,3.8159148693084717,3.817207098007202,0.0012922286987304688
78,14,320,3.6328206062316895,3.6321587562561035,-0.0006618499755859375
78,15,320,3.5651907920837402,3.566469430923462,0.0012786388397216797
78,16,320,3.9118757247924805,3.9125211238861084,0.0006453990936279297
78,17,320,3.5143396854400635,3.5147042274475098,0.00036454200744628906
78,18,320,2.9091219902038574,2.9088430404663086,-0.0002789497375488281
78,19,320,2.5207278728485107,2.5207841396331787,5.626678466796875e-05
79,0,320,3.3925631046295166,3.3918373584747314,-0.0007257461547851562
79,1,320,3.5344126224517822,3.535545825958252,0.0011332035064697266
79,2,320,3.440383195877075,3.4416356086730957,0.0012524127960205078
79,3,320,2.9953973293304443,2.9949352741241455,-0.0004620552062988281
79,4,320,2.8365683555603027,2.8376197814941406,0.0010514259338378906
79,5,320,3.332186460494995,3.33347487449646,0.0012884140014648438
79,6,320,3.3162941932678223,3.3167028427124023,0.0004086494445800781
79,7,320,3.3423733711242676,3.342416524887085,4.315376281738281e-05
79,8,320,3.06367826461792,3.0646703243255615,0.0009920597076416016
79,9,320,3.272820234298706,3.2732393741607666,0.0004191398620605469
79,10,320,3.4882094860076904,3.490227222442627,0.0020177364349365234
79,11,320,3.0869598388671875,3.0876104831695557,0.0006506443023681641
79,12,320,3.3315787315368652,3.330714225769043,-0.0008645057678222656
79,13,320,3.8159148693084717,3.8182854652404785,0.002370595932006836
79,14,320,3.6328206062316895,3.6329028606414795,8.225440979003906e-05
79,15,320,3.5651907920837402,3.5650527477264404,-0.0001380443572998047
79,16,320,3.9118757247924805,3.9122610092163086,0.000385284423828125
79,17,320,3.5143396854400635,3.5149307250976562,0.0005910396575927734
79,18,320,2.9091219902038574,2.910158634185791,0.0010366439819335938
79,19,320,2.5207278728485107,2.5198287963867188,-0.0008990764617919922
80,0,320,3.3925631046295166,3.392763376235962,0.0002002716064453125
80,1,320,3.5344126224517822,3.5343170166015625,-9.560585021972656e-05
80,2,320,3.440383195877075,3.4396779537200928,-0.0007052421569824219
80,3,320,2.9953973293304443,2.9940414428710938,-0.001355886459350586
80,4,320,2.8365683555603027,2.836568593978882,2.384185791015625e-07
80,5,320,3.332186460494995,3.3312628269195557,-0.0009236335754394531
80,6,320,3.3162941932678223,3.3143808841705322,-0.001913309097290039
80,7,320,3.3423733711242676,3.342745065689087,0.00037169456481933594
80,8,320,3.06367826461792,3.0634377002716064,-0.00024056434631347656
80,9,320,3.272820234298706,3.270315647125244,-0.002504587173461914
80,10,320,3.4882094860076904,3.4867942333221436,-0.001415252685546875
80,11,320,3.0869598388671875,3.0880908966064453,0.0011310577392578125
80,12,320,3.3315787315368652,3.331217050552368,-0.0003616809844970703
80,13,320,3.8159148693084717,3.81618595123291,0.00027108192443847656
80,14,320,3.6328206062316895,3.6305832862854004,-0.0022373199462890625
80,15,320,3.5651907920837402,3.5645294189453125,-0.0006613731384277344
80,16,320,3.9118757247924805,3.912602186203003,0.0007264614105224609
80,17,320,3.5143396854400635,3.513195514678955,-0.0011441707611083984
80,18,320,2.9091219902038574,2.9109013080596924,0.001779317855834961
80,19,320,2.5207278728485107,2.522512912750244,0.0017850399017333984
81,0,320,3.3925631046295166,3.392327070236206,-0.00023603439331054688
81,1,320,3.5344126224517822,3.535517930984497,0.0011053085327148438
81,2,320,3.440383195877075,3.4398927688598633,-0.0004904270172119141
81,3,320,2.9953973293304443,2.9944818019866943,-0.00091552734375
81,4,320,2.8365683555603027,2.8377535343170166,0.0011851787567138672
81,5,320,3.332186460494995,3.3335084915161133,0.001322031021118164
81,6,320,3.3162941932678223,3.315746545791626,-0.0005476474761962891
81,7,320,3.3423733711242676,3.3431172370910645,0.000743865966796875
81,8,320,3.06367826461792,3.063190460205078,-0.0004878044128417969
81,9,320,3.272820234298706,3.272071123123169,-0.0007491111755371094
81,10,320,3.4882094860076904,3.4880526065826416,-0.00015687942504882812
81,11,320,3.0869598388671875,3.086092233657837,-0.0008676052093505859
81,12,320,3.3315787315368652,3.3315486907958984,-3.0040740966796875e-05
81,13,320,3.8159148693084717,3.8170790672302246,0.0011641979217529297
81,14,320,3.6328206062316895,3.633248805999756,0.00042819976806640625
81,15,320,3.5651907920837402,3.564277410507202,-0.0009133815765380859
81,16,320,3.9118757247924805,3.9118812084198,5.4836273193359375e-06
81,17,320,3.5143396854400635,3.5153775215148926,0.0010378360748291016
81,18,320,2.9091219902038574,2.908703565597534,-0.0004184246063232422
81,19,320,2.5207278728485107,2.5193567276000977,-0.001371145248413086
82,0,320,3.3925631046295166,3.3914291858673096,-0.0011339187622070312
82,1,320,3.5344126224517822,3.5340821743011475,-0.0003304481506347656
82,2,320,3.440383195877075,3.4393529891967773,-0.0010302066802978516
82,3,320,2.9953973293304443,2.996056079864502,0.0006587505340576172
82,4,320,2.8365683555603027,2.8348352909088135,-0.0017330646514892578
82,5,320,3.332186460494995,3.3326141834259033,0.0004277229309082031
82,6,320,3.3162941932678223,3.316659450531006,0.00036525726318359375
82,7,320,3.3423733711242676,3.3433403968811035,0.0009670257568359375
82,8,320,3.06367826461792,3.0630733966827393,-0.0006048679351806641
82,9,320,3.272820234298706,3.2728707790374756,5.054473876953125e-05
82,10,320,3.4882094860076904,3.488435983657837,0.00022649765014648438
82,11,320,3.0869598388671875,3.0869789123535156,1.9073486328125e-05
82,12,320,3.3315787315368652,3.3336524963378906,0.0020737648010253906
82,13,320,3.8159148693084717,3.8147919178009033,-0.0011229515075683594
82,14,320,3.6328206062316895,3.6321725845336914,-0.0006480216979980469
82,15,320,3.5651907920837402,3.5640969276428223,-0.0010938644409179688
82,16,320,3.9118757247924805,3.911125898361206,-0.0007498264312744141
82,17,320,3.5143396854400635,3.5140042304992676,-0.00033545494079589844
82,18,320,2.9091219902038574,2.9093270301818848,0.00020503997802734375
82,19,320,2.5207278728485107,2.5195019245147705,-0.0012259483337402344
83,0,320,3.3925631046295166,3.394150733947754,0.0015876293182373047
83,1,320,3.5344126224517822,3.5350098609924316,0.0005972385406494141
83,2,320,3.440383195877075,3.4394540786743164,-0.0009291172027587891
83,3,320,2.9953973293304443,2.997346878051758,0.0019495487213134766
83,4,320,2.8365683555603027,2.837184190750122,0.0006158351898193359
83,5,320,3.332186460494995,3.3341665267944336,0.0019800662994384766
83,6,320,3.3162941932678223,3.316011905670166,-0.00028228759765625
83,7,320,3.3423733711242676,3.3428452014923096,0.0004718303680419922
83,8,320,3.06367826461792,3.063577890396118,-0.00010037422180175781
83,9,320,3.272820234298706,3.2715611457824707,-0.0012590885162353516
83,10,320,3.4882094860076904,3.4875307083129883,-0.0006787776947021484
83,11,320,3.0869598388671875,3.0879476070404053,0.0009877681732177734
83,12,320,3.3315787315368652,3.3317081928253174,0.00012946128845214844
83,13,320,3.8159148693084717,3.8172361850738525,0.0013213157653808594
83,14,320,3.6328206062316895,3.633028507232666,0.0002079010009765625
83,15,320,3.5651907920837402,3.565478801727295,0.0002880096435546875
83,16,320,3.9118757247924805,3.911848783493042,-2.6941299438476562e-05
83,17,320,3.5143396854400635,3.514765977859497,0.00042629241943359375
83,18,320,2.9091219902038574,2.9094479084014893,0.00032591819763183594
83,19,320,2.5207278728485107,2.521261215209961,0.0005333423614501953
84,0,320,3.3925631046295166,3.394559383392334,0.001996278762817383
84,1,320,3.5344126224517822,3.5345869064331055,0.0001742839813232422
84,2,320,3.440383195877075,3.440633773803711,0.0002505779266357422
84,3,320,2.9953973293304443,2.994873046875,-0.0005242824554443359
84,4,320,2.8365683555603027,2.835569143295288,-0.0009992122650146484
84,5,320,3.332186460494995,3.3313372135162354,-0.0008492469787597656
84,6,320,3.3162941932678223,3.313765048980713,-0.002529144287109375
84,7,320,3.3423733711242676,3.3415331840515137,-0.0008401870727539062
84,8,320,3.06367826461792,3.063070297241211,-0.0006079673767089844
84,9,320,3.272820234298706,3.2726268768310547,-0.0001933574676513672
84,10,320,3.4882094860076904,3.486706018447876,-0.0015034675598144531
84,11,320,3.0869598388671875,3.089228391647339,0.002268552780151367
84,12,320,3.3315787315368652,3.3308815956115723,-0.0006971359252929688
84,13,320,3.8159148693084717,3.8159165382385254,1.6689300537109375e-06
84,14,320,3.6328206062316895,3.631359100341797,-0.0014615058898925781
84,15,320,3.5651907920837402,3.566394329071045,0.0012035369873046875
84,16,320,3.9118757247924805,3.9119040966033936,2.8371810913085938e-05
84,17,320,3.5143396854400635,3.51542329788208,0.0010836124420166016
84,18,320,2.9091219902038574,2.9090707302093506,-5.125999450683594e-05
84,19,320,2.5207278728485107,2.5197830200195312,-0.0009448528289794922
85,0,320,3.3925631046295166,3.391777992248535,-0.0007851123809814453
85,1,320,3.5344126224517822,3.5333824157714844,-0.0010302066802978516
85,2,320,3.440383195877075,3.4411566257476807,0.0007734298706054688
85,3,320,2.9953973293304443,2.9958503246307373,0.00045299530029296875
85,4,320,2.8365683555603027,2.837409257888794,0.0008409023284912109
85,5,320,3.332186460494995,3.3316080570220947,-0.0005784034729003906
85,6,320,3.3162941932678223,3.3159079551696777,-0.00038623809814453125
85,7,320,3.3423733711242676,3.341459035873413,-0.0009143352508544922
85,8,320,3.06367826461792,3.061436414718628,-0.002241849899291992
85,9,320,3.272820234298706,3.2719249725341797,-0.0008952617645263672
85,10,320,3.4882094860076904,3.4880428314208984,-0.0001666545867919922
85,11,320,3.0869598388671875,3.0864999294281006,-0.00045990943908691406
85,12,320,3.3315787315368652,3.3312387466430664,-0.0003399848937988281
85,13,320,3.8159148693084717,3.8176212310791016,0.0017063617706298828
85,14,320,3.6328206062316895,3.6321933269500732,-0.0006272792816162109
85,15,320,3.5651907920837402,3.5652687549591064,7.796287536621094e-05
85,16,320,3.9118757247924805,3.911346912384033,-0.0005288124084472656
85,17,320,3.5143396854400635,3.5151233673095703,0.0007836818695068359
85,18,320,2.9091219902038574,2.908189058303833,-0.0009329319000244141
85,19,320,2.5207278728485107,2.521169662475586,0.0004417896270751953
86,0,320,3.3925631046295166,3.392545700073242,-1.7404556274414062e-05
86,1,320,3.5344126224517822,3.535611152648926,0.0011985301971435547
86,2,320,3.440383195877075,3.4405431747436523,0.00015997886657714844
86,3,320,2.9953973293304443,2.9942967891693115,-0.0011005401611328125
86,4,320,2.8365683555603027,2.8370299339294434,0.000461578369140625
86,5,320,3.332186460494995,3.3333468437194824,0.0011603832244873047
86,6,320,3.3162941932678223,3.3166964054107666,0.00040221214294433594
86,7,320,3.3423733711242676,3.343168020248413,0.0007946491241455078
86,8,320,3.06367826461792,3.0639073848724365,0.00022912025451660156
86,9,320,3.272820234298706,3.2723193168640137,-0.0005009174346923828
86,10,320,3.4882094860076904,3.487098217010498,-0.0011112689971923828
86,11,320,3.0869598388671875,3.087865114212036,0.0009052753448486328
86,12,320,3.3315787315368652,3.330927848815918,-0.0006508827209472656
86,13,320,3.8159148693084717,3.8165111541748047,0.0005962848663330078
86,14,320,3.6328206062316895,3.6333858966827393,0.0005652904510498047
86,15,320,3.5651907920837402,3.566925048828125,0.0017342567443847656
86,16,320,3.9118757247924805,3.9127492904663086,0.000873565673828125
86,17,320,3.5143396854400635,3.514434576034546,9.489059448242188e-05
86,18,320,2.9091219902038574,2.9081661701202393,-0.0009558200836181641
86,19,320,2.5207278728485107,2.521477460861206,0.0007495880126953125
87,0,320,3.3925631046295166,3.3944718837738037,0.0019087791442871094
87,1,320,3.5344126224517822,3.5338387489318848,-0.0005738735198974609
87,2,320,3.440383195877075,3.4415905475616455,0.0012073516845703125
87,3,320,2.9953973293304443,2.9952213764190674,-0.00017595291137695312
87,4,320,2.8365683555603027,2.8369247913360596,0.00035643577575683594
87,5,320,3.332186460494995,3.3319709300994873,-0.0002155303955078125
87,6,320,3.3162941932678223,3.3179948329925537,0.0017006397247314453
87,7,320,3.3423733711242676,3.3435561656951904,0.0011827945709228516
87,8,320,3.06367826461792,3.0648043155670166,0.0011260509490966797
87,9,320,3.272820234298706,3.2739739418029785,0.001153707504272461
87,10,320,3.4882094860076904,3.490393877029419,0.0021843910217285156
87,11,320,3.0869598388671875,3.0848069190979004,-0.0021529197692871094
87,12,320,3.3315787315368652,3.3298521041870117,-0.0017266273498535156
87,13,320,3.8159148693084717,3.815711498260498,-0.0002033710479736328
87,14,320,3.6328206062316895,3.6330699920654297,0.0002493858337402344
87,15,320,3.5651907920837402,3.5653226375579834,0.00013184547424316406
87,16,320,3.9118757247924805,3.911127805709839,-0.0007479190826416016
87,17,320,3.5143396854400635,3.516038417816162,0.0016987323760986328
87,18,320,2.9091219902038574,2.9080395698547363,-0.0010824203491210938
87,19,320,2.5207278728485107,2.5211782455444336,0.00045037269592285156
88,0,320,3.3925631046295166,3.3919942378997803,-0.0005688667297363281
88,1,320,3.5344126224517822,3.534914970397949,0.0005023479461669922
88,2,320,3.440383195877075,3.4412262439727783,0.000843048095703125
88,3,320,2.9953973293304443,2.996891975402832,0.0014946460723876953
88,4,320,2.8365683555603027,2.835087299346924,-0.0014810562133789062
88,5,320,3.332186460494995,3.33282208442688,0.0006356239318847656
88,6,320,3.3162941932678223,3.317514657974243,0.0012204647064208984
88,7,320,3.3423733711242676,3.3417999744415283,-0.0005733966827392578
88,8,320,3.06367826461792,3.064324378967285,0.0006461143493652344
88,9,320,3.272820234298706,3.272099733352661,-0.0007205009460449219
88,10,320,3.4882094860076904,3.487639904022217,-0.0005695819854736328
88,11,320,3.0869598388671875,3.0859763622283936,-0.0009834766387939453
88,12,320,3.3315787315368652,3.3320717811584473,0.0004930496215820312
88,13,320,3.8159148693084717,3.816995620727539,0.0010807514190673828
88,14,320,3.6328206062316895,3.633596897125244,0.0007762908935546875
88,15,320,3.5651907920837402,3.56664776802063,0.0014569759368896484
88,16,320,3.9118757247924805,3.9134531021118164,0.0015773773193359375
88,17,320,3.5143396854400635,3.5140879154205322,-0.00025177001953125
88,18,320,2.9091219902038574,2.9082143306732178,-0.0009076595306396484
88,19,320,2.5207278728485107,2.5234482288360596,0.002720355987548828
89,0,320,3.3925631046295166,3.3929638862609863,0.00040078163146972656
89,1,320,3.5344126224517822,3.534031867980957,-0.0003807544708251953
89,2,320,3.440383195877075,3.4399852752685547,-0.0003979206085205078
89,3,320,2.9953973293304443,2.995270013809204,-0.00012731552124023438
89,4,320,2.8365683555603027,2.8355047702789307,-0.0010635852813720703
89,5,320,3.332186460494995,3.3328053951263428,0.0006189346313476562
89,6,320,3.3162941932678223,3.3144595623016357,-0.0018346309661865234
89,7,320,3.3423733711242676,3.3435251712799072,0.0011518001556396484
89,8,320,3.06367826461792,3.061553955078125,-0.002124309539794922
89,9,320,3.272820234298706,3.271144151687622,-0.0016760826110839844
89,10,320,3.4882094860076904,3.488034963607788,-0.00017452239990234375
89,11,320,3.0869598388671875,3.0849087238311768,-0.002051115036010742
89,12,320,3.3315787315368652,3.332213878631592,0.0006351470947265625
89,13,320,3.8159148693084717,3.816927433013916,0.001012563705444336
89,14,320,3.6328206062316895,3.633934497833252,0.0011138916015625
89,15,320,3.5651907920837402,3.5629403591156006,-0.0022504329681396484
89,16,320,3.9118757247924805,3.9135422706604004,0.0016665458679199219
89,17,320,3.5143396854400635,3.5143980979919434,5.841255187988281e-05
89,18,320,2.9091219902038574,2.908724546432495,-0.0003974437713623047
89,19,320,2.5207278728485107,2.521237850189209,0.0005099773406982422
90,0,320,3.3925631046295166,3.391862154006958,-0.0007009506225585938
90,1,320,3.5344126224517822,3.535891056060791,0.001478433609008789
90,2,320,3.440383195877075,3.4465267658233643,0.0061435699462890625
90,3,320,2.9953973293304443,2.9968442916870117,0.0014469623565673828
90,4,320,2.8365683555603027,2.838522434234619,0.0019540786743164062
90,5,320,3.332186460494995,3.3340725898742676,0.001886129379272461
90,6,320,3.3162941932678223,3.316192150115967,-0.00010204315185546875
90,7,320,3.3423733711242676,3.340853214263916,-0.0015201568603515625
90,8,320,3.06367826461792,3.064821720123291,0.0011434555053710938
90,9,320,3.272820234298706,3.2733635902404785,0.0005433559417724609
90,10,320,3.4882094860076904,3.489891290664673,0.0016818046569824219
90,11,320,3.0869598388671875,3.0880558490753174,0.0010960102081298828
90,12,320,3.3315787315368652,3.3467369079589844,0.01515817642211914
90,13,320,3.8159148693084717,3.8168976306915283,0.0009827613830566406
90,14,320,3.6328206062316895,3.632249116897583,-0.0005714893341064453
90,15,320,3.5651907920837402,3.5637896060943604,-0.0014011859893798828
90,16,320,3.9118757247924805,3.9114456176757812,-0.00043010711669921875
90,17,320,3.5143396854400635,3.513366222381592,-0.0009734630584716797
90,18,320,2.9091219902038574,2.9111030101776123,0.001981019973754883
90,19,320,2.5207278728485107,2.5214264392852783,0.0006985664367675781
91,0,320,3.3925631046295166,3.39276385307312,0.00020074844360351562
91,1,320,3.5344126224517822,3.534299612045288,-0.00011301040649414062
91,2,320,3.440383195877075,3.4380273818969727,-0.002355813980102539
91,3,320,2.9953973293304443,2.9955477714538574,0.00015044212341308594
91,4,320,2.8365683555603027,2.8347055912017822,-0.0018627643585205078
91,5,320,3.332186460494995,3.332127332687378,-5.91278076171875e-05
91,6,320,3.3162941932678223,3.3165676593780518,0.0002734661102294922
91,7,320,3.3423733711242676,3.341475009918213,-0.0008983612060546875
91,8,320,3.06367826461792,3.064868211746216,0.0011899471282958984
91,9,320,3.272820234298706,3.2729170322418213,9.679794311523438e-05
91,10,320,3.4882094860076904,3.4870717525482178,-0.0011377334594726562
91,11,320,3.0869598388671875,3.085494041442871,-0.0014657974243164062
91,12,320,3.3315787315368652,3.3320016860961914,0.0004229545593261719
91,13,320,3.8159148693084717,3.8135452270507812,-0.0023696422576904297
91,14,320,3.6328206062316895,3.633403778076172,0.0005831718444824219
91,15,320,3.5651907920837402,3.5667166709899902,0.00152587890625
91,16,320,3.9118757247924805,3.9134292602539062,0.0015535354614257812
91,17,320,3.5143396854400635,3.514310836791992,-2.8848648071289062e-05
91,18,320,2.9091219902038574,2.908742904663086,-0.0003790855407714844
91,19,320,2.5207278728485107,2.519594430923462,-0.0011334419250488281
92,0,320,3.3925631046295166,3.3938019275665283,0.0012388229370117188
92,1,320,3.5344126224517822,3.5348241329193115,0.0004115104675292969
92,2,320,3.440383195877075,3.4430603981018066,0.0026772022247314453
92,3,320,2.9953973293304443,2.996680736541748,0.001283407211303711
92,4,320,2.8365683555603027,2.835585594177246,-0.0009827613830566406
92,5,320,3.332186460494995,3.331906318664551,-0.00028014183044433594
92,6,320,3.3162941932678223,3.3163273334503174,3.314018249511719e-05
92,7,320,3.3423733711242676,3.3418872356414795,-0.00048613548278808594
92,8,320,3.06367826461792,3.0645129680633545,0.0008347034454345703
92,9,320,3.272820234298706,3.2735595703125,0.0007393360137939453
92,10,320,3.4882094860076904,3.488713264465332,0.0005037784576416016
92,11,320,3.0869598388671875,3.0894105434417725,0.002450704574584961
92,12,320,3.3315787315368652,3.3318097591400146,0.00023102760314941406
92,13,320,3.8159148693084717,3.8151309490203857,-0.0007839202880859375
92,14,320,3.6328206062316895,3.6328158378601074,-4.76837158203125e-06
92,15,320,3.5651907920837402,3.565007209777832,-0.00018358230590820312
92,16,320,3.9118757247924805,3.911905288696289,2.956390380859375e-05
92,17,320,3.5143396854400635,3.515035390853882,0.0006957054138183594
92,18,320,2.9091219902038574,2.9095304012298584,0.00040841102600097656
92,19,320,2.5207278728485107,2.51908278465271,-0.0016450881958007812
93,0,320,3.3925631046295166,3.3922154903411865,-0.0003476142883300781
93,1,320,3.5344126224517822,3.53403639793396,-0.0003762245178222656
93,2,320,3.440383195877075,3.440150499343872,-0.000232696533203125
93,3,320,2.9953973293304443,2.9941461086273193,-0.001251220703125
93,4,320,2.8365683555603027,2.835153818130493,-0.0014145374298095703
93,5,320,3.332186460494995,3.3319764137268066,-0.00021004676818847656
93,6,320,3.3162941932678223,3.3134052753448486,-0.002888917922973633
93,7,320,3.3423733711242676,3.341960906982422,-0.0004124641418457031
93,8,320,3.06367826461792,3.065239429473877,0.0015611648559570312
93,9,320,3.272820234298706,3.274150848388672,0.0013306140899658203
93,10,320,3.4882094860076904,3.4878787994384766,-0.0003306865692138672
93,11,320,3.0869598388671875,3.0885939598083496,0.0016341209411621094
93,12,320,3.3315787315368652,3.3324472904205322,0.0008685588836669922
93,13,320,3.8159148693084717,3.818227767944336,0.002312898635864258
93,14,320,3.6328206062316895,3.63193941116333,-0.000881195068359375
93,15,320,3.5651907920837402,3.5661652088165283,0.0009744167327880859
93,16,320,3.9118757247924805,3.912097692489624,0.0002219676971435547
93,17,320,3.5143396854400635,3.5153260231018066,0.000986337661743164
93,18,320,2.9091219902038574,2.908034324645996,-0.0010876655578613281
93,19,320,2.5207278728485107,2.5222327709198,0.0015048980712890625
94,0,320,3.3925631046295166,3.391785144805908,-0.0007779598236083984
94,1,320,3.5344126224517822,3.5359694957733154,0.0015568733215332031
94,2,320,3.440383195877075,3.4438698291778564,0.00348663330078125
94,3,320,2.9953973293304443,2.99883770942688,0.003440380096435547
94,4,320,2.8365683555603027,2.839069366455078,0.0025010108947753906
94,5,320,3.332186460494995,3.337229013442993,0.005042552947998047
94,6,320,3.3162941932678223,3.318253993988037,0.0019598007202148438
94,7,320,3.3423733711242676,3.346484661102295,0.004111289978027344
94,8,320,3.06367826461792,3.0648791790008545,0.0012009143829345703
94,9,320,3.272820234298706,3.274746894836426,0.0019266605377197266
94,10,320,3.4882094860076904,3.4901435375213623,0.001934051513671875
94,11,320,3.0869598388671875,3.0869498252868652,-1.0013580322265625e-05
94,12,320,3.3315787315368652,3.3313422203063965,-0.00023651123046875
94,13,320,3.8159148693084717,3.813915967941284,-0.0019989013671875
94,14,320,3.6328206062316895,3.6330723762512207,0.00025177001953125
94,15,320,3.5651907920837402,3.56549334526062,0.0003025531768798828
94,16,320,3.9118757247924805,3.912724733352661,0.0008490085601806641
94,17,320,3.5143396854400635,3.514582633972168,0.0002429485321044922
94,18,320,2.9091219902038574,2.90921950340271,9.751319885253906e-05
94,19,320,2.5207278728485107,2.521040678024292,0.00031280517578125
95,0,320,3.3925631046295166,3.39522647857666,0.0026633739471435547
95,1,320,3.5344126224517822,3.5353848934173584,0.0009722709655761719
95,2,320,3.440383195877075,3.4398763179779053,-0.0005068778991699219
95,3,320,2.9953973293304443,2.9951274394989014,-0.00026988983154296875
95,4,320,2.8365683555603027,2.837599754333496,0.0010313987731933594
95,5,320,3.332186460494995,3.3322794437408447,9.298324584960938e-05
95,6,320,3.3162941932678223,3.314978837966919,-0.0013153553009033203
95,7,320,3.3423733711242676,3.342285633087158,-8.7738037109375e-05
95,8,320,3.06367826461792,3.0632588863372803,-0.00041937828063964844
95,9,320,3.272820234298706,3.2740049362182617,0.001184701919555664
95,10,320,3.4882094860076904,3.488800287246704,0.0005908012390136719
95,11,320,3.0869598388671875,3.088367223739624,0.0014073848724365234
95,12,320,3.3315787315368652,3.330911159515381,-0.000667572021484375
95,13,320,3.8159148693084717,3.8158998489379883,-1.5020370483398438e-05
95,14,320,3.6328206062316895,3.6330881118774414,0.0002675056457519531
95,15,320,3.5651907920837402,3.5655035972595215,0.00031280517578125
95,16,320,3.9118757247924805,3.9116897583007812,-0.00018596649169921875
95,17,320,3.5143396854400635,3.514723539352417,0.0003838539123535156
95,18,320,2.9091219902038574,2.9084510803222656,-0.0006709098815917969
95,19,320,2.5207278728485107,2.5192508697509766,-0.0014770030975341797
96,0,320,3.3925631046295166,3.393505811691284,0.0009427070617675781
96,1,320,3.5344126224517822,3.534855365753174,0.00044274330139160156
96,2,320,3.440383195877075,3.439260959625244,-0.0011222362518310547
96,3,320,2.9953973293304443,2.9947738647460938,-0.0006234645843505859
96,4,320,2.8365683555603027,2.8378984928131104,0.0013301372528076172
96,5,320,3.332186460494995,3.3334572315216064,0.0012707710266113281
96,6,320,3.3162941932678223,3.3159358501434326,-0.00035834312438964844
96,7,320,3.3423733711242676,3.3439719676971436,0.0015985965728759766
96,8,320,3.06367826461792,3.0639896392822266,0.0003113746643066406
96,9,320,3.272820234298706,3.2717254161834717,-0.001094818115234375
96,10,320,3.4882094860076904,3.489706039428711,0.0014965534210205078
96,11,320,3.0869598388671875,3.087611198425293,0.0006513595581054688
96,12,320,3.3315787315368652,3.3340609073638916,0.002482175827026367
96,13,320,3.8159148693084717,3.815499782562256,-0.0004150867462158203
96,14,320,3.6328206062316895,3.6322600841522217,-0.0005605220794677734
96,15,320,3.5651907920837402,3.565911054611206,0.0007202625274658203
96,16,320,3.9118757247924805,3.913426399230957,0.0015506744384765625
96,17,320,3.5143396854400635,3.514056444168091,-0.00028324127197265625
96,18,320,2.9091219902038574,2.9061710834503174,-0.002950906753540039
96,19,320,2.5207278728485107,2.5192203521728516,-0.0015075206756591797
97,0,320,3.3925631046295166,3.3935773372650146,0.0010142326354980469
97,1,320,3.5344126224517822,3.5332698822021484,-0.001142740249633789
97,2,320,3.440383195877075,3.4404404163360596,5.7220458984375e-05
97,3,320,2.9953973293304443,2.9956469535827637,0.00024962425231933594
97,4,320,2.8365683555603027,2.838057041168213,0.0014886856079101562
97,5,320,3.332186460494995,3.330820322036743,-0.0013661384582519531
97,6,320,3.3162941932678223,3.317084550857544,0.0007903575897216797
97,7,320,3.3423733711242676,3.3435633182525635,0.0011899471282958984
97,8,320,3.06367826461792,3.0635881423950195,-9.012222290039062e-05
97,9,320,3.272820234298706,3.2732279300689697,0.0004076957702636719
97,10,320,3.4882094860076904,3.4873878955841064,-0.0008215904235839844
97,11,320,3.0869598388671875,3.0875344276428223,0.0005745887756347656
97,12,320,3.3315787315368652,3.3303277492523193,-0.0012509822845458984
97,13,320,3.8159148693084717,3.813479423522949,-0.002435445785522461
97,14,320,3.6328206062316895,3.6339807510375977,0.0011601448059082031
97,15,320,3.5651907920837402,3.564835548400879,-0.0003552436828613281
97,16,320,3.9118757247924805,3.911591053009033,-0.0002846717834472656
97,17,320,3.5143396854400635,3.51589035987854,0.0015506744384765625
97,18,320,2.9091219902038574,2.9090702533721924,-5.173683166503906e-05
97,19,320,2.5207278728485107,2.5210509300231934,0.0003230571746826172
98,0,320,3.3925631046295166,3.392221689224243,-0.0003414154052734375
98,1,320,3.5344126224517822,3.5341029167175293,-0.0003097057342529297
98,2,320,3.440383195877075,3.439448595046997,-0.000934600830078125
98,3,320,2.9953973293304443,2.9965691566467285,0.0011718273162841797
98,4,320,2.8365683555603027,2.837475538253784,0.0009071826934814453
98,5,320,3.332186460494995,3.332490921020508,0.0003044605255126953
98,6,320,3.3162941932678223,3.317389726638794,0.0010955333709716797
98,7,320,3.3423733711242676,3.3453381061553955,0.0029647350311279297
98,8,320,3.06367826461792,3.063269853591919,-0.00040841102600097656
98,9,320,3.272820234298706,3.2724719047546387,-0.0003483295440673828
98,10,320,3.4882094860076904,3.487712860107422,-0.0004966259002685547
98,11,320,3.0869598388671875,3.0880653858184814,0.0011055469512939453
98,12,320,3.3315787315368652,3.3321571350097656,0.0005784034729003906
98,13,320,3.8159148693084717,3.815591335296631,-0.0003235340118408203
98,14,320,3.6328206062316895,3.6315131187438965,-0.0013074874877929688
98,15,320,3.5651907920837402,3.564568281173706,-0.0006225109100341797
98,16,320,3.9118757247924805,3.912832498550415,0.0009567737579345703
98,17,320,3.5143396854400635,3.5143988132476807,5.91278076171875e-05
98,18,320,2.9091219902038574,2.9099888801574707,0.0008668899536132812
98,19,320,2.5207278728485107,2.5199906826019287,-0.0007371902465820312
99,0,320,3.3925631046295166,3.3923699855804443,-0.00019311904907226562
99,1,320,3.5344126224517822,3.5354251861572266,0.001012563705444336
99,2,320,3.440383195877075,3.4404590129852295,7.581710815429688e-05
99,3,320,2.9953973293304443,2.9965827465057373,0.0011854171752929688
99,4,320,2.8365683555603027,2.8370091915130615,0.00044083595275878906
99,5,320,3.332186460494995,3.3342225551605225,0.0020360946655273438
99,6,320,3.3162941932678223,3.3173747062683105,0.0010805130004882812
99,7,320,3.3423733711242676,3.342085599899292,-0.00028777122497558594
99,8,320,3.06367826461792,3.0643815994262695,0.0007033348083496094
99,9,320,3.272820234298706,3.2726595401763916,-0.00016069412231445312
99,10,320,3.4882094860076904,3.4877774715423584,-0.00043201446533203125
99,11,320,3.0869598388671875,3.086188554763794,-0.0007712841033935547
99,12,320,3.3315787315368652,3.3320181369781494,0.0004394054412841797
99,13,320,3.8159148693084717,3.8151540756225586,-0.0007607936859130859
99,14,320,3.6328206062316895,3.632037878036499,-0.0007827281951904297
99,15,320,3.5651907920837402,3.5648393630981445,-0.0003514289855957031
99,16,320,3.9118757247924805,3.9138057231903076,0.0019299983978271484
99,17,320,3.5143396854400635,3.5149223804473877,0.0005826950073242188
99,18,320,2.9091219902038574,2.9096317291259766,0.0005097389221191406
99,19,320,2.5207278728485107,2.521150827407837,0.0004229545593261719
