chain,step,loss,grad_norm,dist_to_wstar
0,1,3.1166510581970215,0.9574649333953857,0.0
0,2,3.2162742614746094,1.2464499473571777,9.97708511352539
0,3,3.13297438621521,1.6050808429718018,14.090156555175781
0,4,3.083308219909668,1.9359227418899536,17.232959747314453
0,5,3.288449764251709,1.9075088500976562,19.87163543701172
0,6,3.1408700942993164,1.8085459470748901,22.185216903686523
0,7,3.1724436283111572,1.8032541275024414,24.266984939575195
0,8,3.128694534301758,2.1286513805389404,26.177358627319336
0,9,3.2531275749206543,2.2200911045074463,27.94651985168457
0,10,2.9926986694335938,2.507450580596924,29.599306106567383
0,11,3.2752156257629395,2.276017904281616,31.15774154663086
0,12,3.217833995819092,2.6124093532562256,32.63291549682617
0,13,3.24429988861084,1.8767095804214478,34.03629684448242
0,14,3.2385571002960205,2.088273048400879,35.37823486328125
0,15,3.19087553024292,2.236790418624878,36.66313552856445
0,16,3.286161422729492,2.44480299949646,37.89754867553711
0,17,3.216691493988037,2.33089542388916,39.085811614990234
0,18,3.1629269123077393,2.458976984024048,40.23334503173828
0,19,3.3615736961364746,2.223649740219116,41.34453201293945
0,20,3.40608286857605,2.280207872390747,42.41884994506836
0,21,3.268077850341797,2.1744024753570557,43.46113586425781
0,22,3.1509439945220947,2.035403251647949,44.472930908203125
0,23,3.3357253074645996,2.186079263687134,45.45764923095703
0,24,3.341524124145508,2.2501745223999023,46.41560363769531
0,25,3.292081117630005,2.430251359939575,47.347808837890625
0,26,3.335141658782959,2.363987922668457,48.25788116455078
0,27,3.3967983722686768,2.5821921825408936,49.14568328857422
0,28,3.157008647918701,2.203338623046875,50.0128059387207
0,29,3.295945167541504,2.0584378242492676,50.85999298095703
0,30,3.37524151802063,2.16424560546875,51.690242767333984
0,31,3.3108971118927,2.3341469764709473,52.50305938720703
0,32,3.478722095489502,2.197995662689209,53.298118591308594
0,33,3.3907628059387207,2.2447521686553955,54.07682800292969
0,34,3.301086902618408,2.1843769550323486,54.840763092041016
0,35,3.2809486389160156,2.663559913635254,55.58973693847656
0,36,3.3000290393829346,2.8820812702178955,56.32497024536133
0,37,3.2823240756988525,2.260464668273926,57.04685974121094
0,38,3.4250543117523193,2.16200852394104,57.75466537475586
0,39,3.3893799781799316,2.323070526123047,58.449222564697266
0,40,3.337660789489746,2.2961647510528564,59.134910583496094
0,41,3.270282030105591,2.2714896202087402,59.80808639526367
0,42,3.4465203285217285,2.6923952102661133,60.470367431640625
0,43,3.166400194168091,2.347381114959717,61.11930847167969
0,44,3.3609344959259033,2.539405107498169,61.75770568847656
0,45,3.4546892642974854,2.559385299682617,62.38718032836914
0,46,3.3181941509246826,2.251957893371582,63.005619049072266
0,47,3.3903303146362305,2.693220853805542,63.61581039428711
0,48,3.3704497814178467,2.3336493968963623,64.21833801269531
0,49,3.3051161766052246,2.4895505905151367,64.81116485595703
0,50,3.2879257202148438,2.3427248001098633,65.39459228515625
0,51,3.3292884826660156,2.4534616470336914,65.97115325927734
0,52,3.433295726776123,2.47542405128479,66.53765106201172
0,53,3.2782626152038574,2.363457202911377,67.09873962402344
0,54,3.332717180252075,2.167985677719116,67.65068054199219
0,55,3.482189178466797,2.306438446044922,68.19444274902344
0,56,3.426558494567871,2.3368496894836426,68.73167419433594
0,57,3.393725633621216,2.3350343704223633,69.26251983642578
0,58,3.30635142326355,2.272488832473755,69.78654479980469
0,59,3.371164560317993,2.4330389499664307,70.3045654296875
0,60,3.4470088481903076,2.4873485565185547,70.81277465820312
0,61,3.4688048362731934,2.5570149421691895,71.31441497802734
0,62,3.442817449569702,2.5436437129974365,71.81058502197266
0,63,3.4368903636932373,2.454132318496704,72.3010482788086
0,64,3.6663239002227783,2.604337692260742,72.78684997558594
0,65,3.2909646034240723,2.1826183795928955,73.26433563232422
0,66,3.3769261837005615,2.5025620460510254,73.7376480102539
0,67,3.362928867340088,2.360314130783081,74.20447540283203
0,68,3.5711300373077393,2.6036360263824463,74.666015625
0,69,3.48163104057312,2.5392467975616455,75.12139892578125
0,70,3.4889495372772217,2.703664779663086,75.57230377197266
0,71,3.384955883026123,2.3752148151397705,76.0193099975586
0,72,3.447031021118164,2.5006608963012695,76.46062469482422
0,73,3.3656890392303467,2.501801013946533,76.89680480957031
0,74,3.402268648147583,2.4751906394958496,77.32878875732422
0,75,3.406733989715576,2.4717624187469482,77.75593566894531
0,76,3.4695956707000732,2.7353782653808594,78.17762756347656
0,77,3.4563403129577637,2.557058095932007,78.59363555908203
0,78,3.383558750152588,2.6038758754730225,79.00482940673828
0,79,3.38157320022583,2.5750973224639893,79.4134292602539
0,80,3.478543758392334,2.8230550289154053,79.8188705444336
0,81,3.499725341796875,2.748068332672119,80.21794128417969
0,82,3.575180768966675,2.907710075378418,80.61370849609375
0,83,3.6108057498931885,2.7590432167053223,81.00569915771484
0,84,3.439077615737915,2.6431314945220947,81.3923568725586
0,85,3.5085537433624268,2.5082921981811523,81.7757568359375
0,86,3.4375672340393066,2.436093330383301,82.15621948242188
0,87,3.323425769805908,2.433995246887207,82.53092193603516
0,88,3.569568634033203,2.541872501373291,82.90210723876953
0,89,3.3807590007781982,2.6654245853424072,83.26957702636719
0,90,3.4139206409454346,2.2302677631378174,83.63443756103516
0,91,3.4537928104400635,2.3685290813446045,83.9944076538086
0,92,3.649232864379883,2.4088363647460938,84.35179138183594
0,93,3.3008854389190674,2.426013469696045,84.70423889160156
0,94,3.4346742630004883,2.617558717727661,85.0555419921875
0,95,3.557532548904419,2.5259270668029785,85.40352630615234
0,96,3.3518362045288086,2.398146629333496,85.74807739257812
0,97,3.5016632080078125,2.563185214996338,86.08828735351562
0,98,3.4217329025268555,2.4393935203552246,86.42525482177734
0,99,3.3895256519317627,2.3383610248565674,86.75857543945312
0,100,3.651876926422119,2.516005277633667,87.0902328491211
0,101,3.421372890472412,2.31982159614563,87.41937255859375
0,102,3.4740092754364014,2.4009454250335693,87.74332427978516
0,103,3.4980146884918213,2.432486057281494,88.06535339355469
0,104,3.5023000240325928,2.45281720161438,88.38521575927734
0,105,3.5339250564575195,2.394068956375122,88.7000961303711
0,106,3.4873242378234863,2.3663485050201416,89.01142883300781
0,107,3.4351511001586914,2.5333237648010254,89.3206787109375
0,108,3.470282793045044,2.750929832458496,89.6260986328125
0,109,3.6430907249450684,2.6707046031951904,89.93026733398438
0,110,3.476503849029541,2.597825765609741,90.23153686523438
0,111,3.59714412689209,2.5725181102752686,90.5312271118164
0,112,3.476874589920044,2.529451370239258,90.82771301269531
0,113,3.5802998542785645,2.4128456115722656,91.120361328125
0,114,3.4826231002807617,2.45540189743042,91.41106414794922
0,115,3.4230496883392334,2.3397576808929443,91.69966125488281
0,116,3.506624698638916,2.530036687850952,91.98741912841797
0,117,3.6565260887145996,2.569085121154785,92.27000427246094
0,118,3.631178855895996,2.570805549621582,92.55191040039062
0,119,3.4603826999664307,2.5958237648010254,92.8299331665039
0,120,3.4854376316070557,2.5703680515289307,93.10535430908203
0,121,3.412760019302368,2.7888171672821045,93.37805938720703
0,122,3.5740208625793457,2.553548812866211,93.6496353149414
0,123,3.525846481323242,2.5410690307617188,93.91960906982422
0,124,3.527919054031372,2.3700058460235596,94.18565368652344
0,125,3.6309432983398438,2.47772216796875,94.45128631591797
0,126,3.5545380115509033,2.347660541534424,94.71363830566406
0,127,3.454342842102051,2.6363942623138428,94.9721908569336
0,128,3.503387212753296,2.573904037475586,95.23023986816406
0,129,3.5565683841705322,2.4659390449523926,95.48714447021484
0,130,3.5775020122528076,2.5167031288146973,95.74243927001953
0,131,3.4885973930358887,2.3449809551239014,95.99495697021484
0,132,3.6225266456604004,2.4611215591430664,96.24440002441406
0,133,3.6107747554779053,2.4150476455688477,96.4921875
0,134,3.5446248054504395,2.4778988361358643,96.73825073242188
0,135,3.5341851711273193,2.4751036167144775,96.98338317871094
0,136,3.3421056270599365,2.2806060314178467,97.224853515625
0,137,3.4599413871765137,2.4758894443511963,97.46427917480469
0,138,3.495840072631836,2.591136932373047,97.70208740234375
0,139,3.579329490661621,2.540189266204834,97.93794250488281
0,140,3.5458221435546875,2.5599148273468018,98.1728286743164
0,141,3.6218481063842773,2.5589542388916016,98.40492248535156
0,142,3.530442714691162,2.5147831439971924,98.63603210449219
0,143,3.5275559425354004,2.395773410797119,98.86382293701172
0,144,3.443972587585449,2.4991984367370605,99.09265899658203
0,145,3.5014543533325195,2.4274864196777344,99.3173828125
0,146,3.5679259300231934,2.2961630821228027,99.54007720947266
0,147,3.4980318546295166,2.339940071105957,99.7620620727539
0,148,3.5293796062469482,2.4004011154174805,99.9825439453125
0,149,3.619415521621704,2.4157731533050537,100.2002182006836
0,150,3.652954339981079,2.478630781173706,100.41780853271484
0,151,3.570223569869995,2.340357780456543,100.63208770751953
0,152,3.6129202842712402,2.5625293254852295,100.84642028808594
0,153,3.5970516204833984,2.509366273880005,101.0574722290039
0,154,3.5316579341888428,2.940178394317627,101.26676177978516
0,155,3.499152421951294,2.3151023387908936,101.47611999511719
0,156,3.4849483966827393,2.393083095550537,101.68094635009766
0,157,3.5324597358703613,2.400779962539673,101.88512420654297
0,158,3.4903526306152344,2.32016921043396,102.08808135986328
0,159,3.391162633895874,2.160048007965088,102.28985595703125
0,160,3.5109963417053223,2.3155195713043213,102.490478515625
0,161,3.5586538314819336,2.3140640258789062,102.68782043457031
0,162,3.683659076690674,2.2383792400360107,102.8865737915039
0,163,3.3108999729156494,2.1080191135406494,103.08094024658203
0,164,3.535310983657837,2.282870292663574,103.27629852294922
0,165,3.5640709400177,2.38204288482666,103.46853637695312
0,166,3.628434181213379,2.4689791202545166,103.6609115600586
0,167,3.5873465538024902,2.3308932781219482,103.84919738769531
0,168,3.4953501224517822,2.335209846496582,104.03900909423828
0,169,3.516434907913208,2.3119096755981445,104.22712707519531
0,170,3.602936029434204,2.300166606903076,104.4133071899414
0,171,3.568571090698242,2.263400077819824,104.59854125976562
0,172,3.500272750854492,2.590120792388916,104.78263092041016
0,173,3.5764782428741455,2.377561330795288,104.96471405029297
0,174,3.5310239791870117,2.370098352432251,105.14611053466797
0,175,3.4630842208862305,2.1802988052368164,105.32454681396484
0,176,3.611281394958496,2.257997989654541,105.50189208984375
0,177,3.656575918197632,2.2467498779296875,105.6783676147461
0,178,3.4239110946655273,2.1345322132110596,105.85577392578125
0,179,3.616670608520508,2.181851863861084,106.0300521850586
0,180,3.5899267196655273,2.1790273189544678,106.20355224609375
0,181,3.289280414581299,2.0842201709747314,106.37605285644531
0,182,3.616577625274658,2.3642234802246094,106.54508972167969
0,183,3.549964427947998,2.2681543827056885,106.71380615234375
0,184,3.5086848735809326,2.415541887283325,106.88130187988281
0,185,3.5841708183288574,2.3905372619628906,107.04804992675781
0,186,3.6268463134765625,2.3651907444000244,107.21307373046875
0,187,3.447528600692749,2.145819664001465,107.37834930419922
0,188,3.505063772201538,2.2363789081573486,107.54244995117188
0,189,3.41814923286438,2.1906514167785645,107.70452117919922
0,190,3.6001200675964355,2.2361323833465576,107.86410522460938
0,191,3.6444380283355713,2.34513783454895,108.02513122558594
0,192,3.7432596683502197,2.2742347717285156,108.18307495117188
0,193,3.5669829845428467,2.2452518939971924,108.34061431884766
0,194,3.391061782836914,1.99463951587677,108.4974136352539
0,195,3.400975465774536,2.177692413330078,108.65342712402344
0,196,3.554335117340088,2.220200777053833,108.8068618774414
0,197,3.5618510246276855,2.2348477840423584,108.96035766601562
0,198,3.515183448791504,2.026496648788452,109.11176300048828
0,199,3.3593149185180664,2.211582899093628,109.26286315917969
0,200,3.6627566814422607,2.2671091556549072,109.41316223144531
0,201,3.473952054977417,2.135556936264038,109.5611801147461
0,202,3.503269910812378,2.1669511795043945,109.70968627929688
0,203,3.430717945098877,2.090900421142578,109.85638427734375
0,204,3.5621821880340576,2.2567737102508545,110.00215911865234
0,205,3.4385578632354736,2.156433343887329,110.14777374267578
0,206,3.530360698699951,2.218956470489502,110.29096984863281
0,207,3.647141218185425,2.3664536476135254,110.43489837646484
0,208,3.6289987564086914,2.452662229537964,110.5759506225586
0,209,3.585582733154297,2.2818901538848877,110.71650695800781
0,210,3.5153543949127197,2.247231960296631,110.85702514648438
0,211,3.535606861114502,2.2540462017059326,110.99563598632812
0,212,3.582613706588745,2.3746469020843506,111.13449096679688
0,213,3.510038375854492,2.4062490463256836,111.27029418945312
0,214,3.6260735988616943,2.4098823070526123,111.40717315673828
0,215,3.604524612426758,2.4553558826446533,111.54105377197266
0,216,3.470628023147583,2.2868895530700684,111.6758804321289
0,217,3.610569477081299,2.29516339302063,111.81070709228516
0,218,3.46061635017395,2.2844254970550537,111.94393920898438
0,219,3.519657850265503,2.150977611541748,112.07569885253906
0,220,3.621304750442505,2.237744092941284,112.20635223388672
0,221,3.559194803237915,2.251603841781616,112.33399963378906
0,222,3.6453769207000732,2.2275121212005615,112.4626235961914
0,223,3.47929048538208,2.172050714492798,112.59008026123047
0,224,3.5552237033843994,2.187884569168091,112.71699523925781
0,225,3.6111180782318115,2.1857335567474365,112.84256744384766
0,226,3.314220428466797,2.1155898571014404,112.96762084960938
0,227,3.407938241958618,2.0493037700653076,113.09272003173828
0,228,3.5908799171447754,2.2074155807495117,113.2174301147461
0,229,3.5810458660125732,2.3015823364257812,113.34154510498047
0,230,3.6528477668762207,2.1896557807922363,113.46419525146484
0,231,3.6954452991485596,2.2150216102600098,113.58438873291016
0,232,3.624238967895508,2.1018362045288086,113.70526885986328
0,233,3.5645225048065186,2.079235315322876,113.82453918457031
0,234,3.563516855239868,2.1461620330810547,113.94309997558594
0,235,3.3477861881256104,2.0563416481018066,114.06260681152344
0,236,3.6434426307678223,2.1274988651275635,114.18061065673828
0,237,3.5642523765563965,2.074964761734009,114.29810333251953
0,238,3.5099127292633057,1.9652272462844849,114.4131851196289
0,239,3.6119611263275146,1.9375041723251343,114.52824401855469
0,240,3.4449422359466553,2.0477967262268066,114.64225006103516
0,241,3.5695056915283203,2.2006492614746094,114.75605010986328
0,242,3.4865024089813232,2.1209957599639893,114.86954498291016
0,243,3.560544013977051,2.0890963077545166,114.98094177246094
0,244,3.557762384414673,2.0613253116607666,115.0920639038086
0,245,3.5403881072998047,2.078758478164673,115.20333862304688
0,246,3.5572123527526855,2.040684223175049,115.3132095336914
0,247,3.5537075996398926,2.0228545665740967,115.42152404785156
0,248,3.4748029708862305,2.098224401473999,115.52924346923828
0,249,3.5742223262786865,2.04606294631958,115.63643646240234
0,250,3.6452322006225586,2.0992250442504883,115.74288177490234
0,251,3.594926357269287,2.117368459701538,115.8503646850586
0,252,3.6746861934661865,2.125668525695801,115.95588684082031
0,253,3.6767241954803467,2.156597852706909,116.06092834472656
0,254,3.4716036319732666,1.9852559566497803,116.1646499633789
0,255,3.552905797958374,2.060988187789917,116.26866912841797
0,256,3.512110948562622,2.042330026626587,116.37029266357422
0,257,3.5377113819122314,2.069108009338379,116.47093963623047
0,258,3.465426206588745,2.2408013343811035,116.57266235351562
0,259,3.6263489723205566,2.065826416015625,116.67471313476562
0,260,3.7180821895599365,2.0975966453552246,116.77434539794922
0,261,3.534400224685669,1.8934165239334106,116.87389373779297
0,262,3.5858471393585205,1.8823693990707397,116.97352600097656
0,263,3.447364568710327,1.881961703300476,117.07007598876953
0,264,3.578665256500244,2.008885145187378,117.16948699951172
0,265,3.4736361503601074,1.9858969449996948,117.2644271850586
0,266,3.7269883155822754,2.0014376640319824,117.3610610961914
0,267,3.7061221599578857,1.9560078382492065,117.45561218261719
0,268,3.6386115550994873,1.9402130842208862,117.5517349243164
0,269,3.5012102127075195,1.931353211402893,117.64533233642578
0,270,3.547441005706787,1.8210817575454712,117.74069213867188
0,271,3.5231988430023193,1.9327030181884766,117.83448791503906
0,272,3.5817646980285645,1.808866024017334,117.92838287353516
0,273,3.4921228885650635,1.9684138298034668,118.02054595947266
0,274,3.514847755432129,1.9986666440963745,118.11357116699219
0,275,3.5741472244262695,2.0735249519348145,118.20391845703125
0,276,3.6280007362365723,1.9589228630065918,118.29415130615234
0,277,3.5841448307037354,2.068883180618286,118.38556671142578
0,278,3.5611870288848877,2.1221227645874023,118.4742202758789
0,279,3.606917381286621,2.10221004486084,118.56208038330078
0,280,3.5917227268218994,2.100067615509033,118.65045166015625
0,281,3.522489070892334,2.1978580951690674,118.7391586303711
0,282,3.4826502799987793,1.9579026699066162,118.82469177246094
0,283,3.656893253326416,2.091294050216675,118.91259765625
0,284,3.599479913711548,2.008763074874878,118.99935150146484
0,285,3.4549849033355713,1.8731343746185303,119.0865478515625
0,286,3.4182980060577393,1.9093950986862183,119.17064666748047
0,287,3.5589568614959717,1.909445881843567,119.25579071044922
0,288,3.68162202835083,2.118237257003784,119.3392333984375
0,289,3.5824010372161865,1.9615885019302368,119.42166900634766
0,290,3.7742645740509033,1.875012993812561,119.5064926147461
0,291,3.5894668102264404,1.9056026935577393,119.58876037597656
0,292,3.621677875518799,1.9312776327133179,119.6702651977539
0,293,3.496304512023926,1.8656665086746216,119.75040435791016
0,294,3.5908892154693604,1.9841328859329224,119.83177185058594
0,295,3.5823662281036377,1.878481388092041,119.91056060791016
0,296,3.4956283569335938,1.8502146005630493,119.990966796875
0,297,3.629950761795044,1.8755818605422974,120.07038879394531
0,298,3.6106722354888916,1.8260966539382935,120.14885711669922
0,299,3.64125919342041,1.944004774093628,120.22769165039062
0,300,3.5714547634124756,1.9072736501693726,120.30585479736328
0,301,3.4902665615081787,1.7631078958511353,120.38204193115234
0,302,3.6870193481445312,1.7563846111297607,120.45779418945312
0,303,3.6804821491241455,1.8563899993896484,120.53485870361328
0,304,3.6231467723846436,1.7843183279037476,120.61133575439453
0,305,3.614577054977417,1.825347661972046,120.68570709228516
0,306,3.5974814891815186,1.7683625221252441,120.7612075805664
0,307,3.578686475753784,1.8648794889450073,120.8368911743164
0,308,3.503131866455078,1.8051128387451172,120.90972137451172
0,309,3.5382425785064697,1.799250602722168,120.98304748535156
0,310,3.446824073791504,1.7370671033859253,121.05644226074219
0,311,3.5723912715911865,1.9541475772857666,121.12916564941406
0,312,3.667912721633911,1.781332015991211,121.20181274414062
0,313,3.5639991760253906,1.7889522314071655,121.27220153808594
0,314,3.736889123916626,1.8710683584213257,121.34353637695312
0,315,3.4955384731292725,1.7055091857910156,121.41383361816406
0,316,3.520597219467163,1.8630484342575073,121.4854965209961
0,317,3.6719233989715576,1.8396331071853638,121.5556869506836
0,318,3.5934770107269287,1.7477266788482666,121.62535095214844
0,319,3.474813938140869,1.703970193862915,121.69476318359375
0,320,3.56256365776062,1.6252552270889282,121.7648696899414
0,321,3.5447070598602295,1.5492136478424072,121.83301544189453
0,322,3.5520176887512207,1.6291897296905518,121.90101623535156
0,323,3.448927402496338,1.6518614292144775,121.96871948242188
0,324,3.3730709552764893,1.7018178701400757,122.0368423461914
0,325,3.5145297050476074,1.6428823471069336,122.10407257080078
0,326,3.5929174423217773,1.702020287513733,122.17000579833984
0,327,3.4632513523101807,1.6509528160095215,122.23641967773438
0,328,3.539804220199585,1.60885751247406,122.30223846435547
0,329,3.5017426013946533,1.7346453666687012,122.36760711669922
0,330,3.4552204608917236,1.6597718000411987,122.4309310913086
0,331,3.493218183517456,1.8111164569854736,122.4946060180664
0,332,3.5238196849823,1.7919570207595825,122.55736541748047
0,333,3.522564649581909,1.6465672254562378,122.61985778808594
0,334,3.573000431060791,1.6898741722106934,122.68213653564453
0,335,3.6379098892211914,1.8175665140151978,122.74385833740234
0,336,3.468196153640747,1.7631479501724243,122.80634307861328
0,337,3.540482521057129,1.8165332078933716,122.86821746826172
0,338,3.5004425048828125,1.693537950515747,122.92992401123047
0,339,3.5430126190185547,1.782149314880371,122.9912109375
0,340,3.571655511856079,1.6244438886642456,123.05150604248047
0,341,3.5747697353363037,1.6625851392745972,123.1125259399414
0,342,3.6334164142608643,1.6586588621139526,123.17140197753906
0,343,3.6409904956817627,1.6616863012313843,123.23152923583984
0,344,3.475395679473877,1.6232478618621826,123.28970336914062
0,345,3.5896191596984863,1.654717206954956,123.34707641601562
0,346,3.540757179260254,1.5812225341796875,123.40653991699219
0,347,3.423405885696411,1.6271954774856567,123.46686553955078
0,348,3.3860621452331543,1.5549944639205933,123.52447509765625
0,349,3.4454877376556396,1.6645723581314087,123.58174896240234
0,350,3.4450340270996094,1.5500339269638062,123.63833618164062
0,351,3.4427335262298584,1.5246539115905762,123.69639587402344
0,352,3.3915369510650635,1.6194642782211304,123.7522201538086
0,353,3.5065412521362305,1.55135977268219,123.80909729003906
0,354,3.5105817317962646,1.6798231601715088,123.86360168457031
0,355,3.420015573501587,1.6170681715011597,123.91766357421875
0,356,3.496126174926758,1.7385530471801758,123.97174835205078
0,357,3.4001619815826416,1.7476481199264526,124.02577209472656
0,358,3.695202589035034,1.650647759437561,124.08033752441406
0,359,3.4781603813171387,1.6269516944885254,124.13326263427734
0,360,3.449584484100342,1.6987940073013306,124.1866683959961
0,361,3.485276222229004,1.5492488145828247,124.23885345458984
0,362,3.6719119548797607,1.6547431945800781,124.29185485839844
0,363,3.411968469619751,1.6149908304214478,124.34552001953125
0,364,3.320199966430664,1.5529968738555908,124.3990478515625
0,365,3.4652020931243896,1.6839449405670166,124.45022583007812
0,366,3.6664793491363525,1.8541055917739868,124.50172424316406
0,367,3.5760648250579834,1.661097526550293,124.55487060546875
0,368,3.5158538818359375,1.6892505884170532,124.60684967041016
0,369,3.539588451385498,1.6749851703643799,124.65703582763672
0,370,3.6329100131988525,1.5980366468429565,124.70820617675781
0,371,3.4950449466705322,1.6268216371536255,124.7589340209961
0,372,3.3971810340881348,1.5609023571014404,124.80925750732422
0,373,3.5962347984313965,1.6564878225326538,124.86036682128906
0,374,3.5129027366638184,1.6667670011520386,124.908447265625
0,375,3.5056681632995605,1.6106504201889038,124.95890045166016
0,376,3.454190969467163,1.595393180847168,125.00875091552734
0,377,3.5392353534698486,1.727044939994812,125.05929565429688
0,378,3.5966944694519043,1.7538355588912964,125.10700988769531
0,379,3.5048317909240723,1.6788161993026733,125.15352630615234
0,380,3.5982210636138916,1.6289029121398926,125.20191192626953
0,381,3.5982606410980225,1.6198893785476685,125.2481918334961
0,382,3.5354225635528564,1.6625680923461914,125.29452514648438
0,383,3.409437894821167,1.6056444644927979,125.34153747558594
0,384,3.567610740661621,1.6270687580108643,125.38621520996094
0,385,3.6601943969726562,1.6468431949615479,125.43267822265625
0,386,3.3593156337738037,1.6035068035125732,125.47834777832031
0,387,3.504850387573242,1.6016291379928589,125.52359008789062
0,388,3.683664083480835,1.8224554061889648,125.56935119628906
0,389,3.4451801776885986,1.591017246246338,125.61493682861328
0,390,3.4284305572509766,1.614018201828003,125.66046142578125
0,391,3.5813450813293457,1.7128582000732422,125.70431518554688
0,392,3.551295280456543,1.5690181255340576,125.7477798461914
0,393,3.570136308670044,1.55254065990448,125.79187774658203
0,394,3.5345828533172607,1.5898154973983765,125.83492279052734
0,395,3.635066509246826,1.6143790483474731,125.87811279296875
0,396,3.5135295391082764,1.6233770847320557,125.92201232910156
0,397,3.567838668823242,1.5375093221664429,125.96668243408203
0,398,3.5137760639190674,1.565449595451355,126.01018524169922
0,399,3.533693313598633,1.5712393522262573,126.05152893066406
0,400,3.6304163932800293,1.5524637699127197,126.09343719482422
0,401,3.5518507957458496,1.6452579498291016,126.1359634399414
0,402,3.558725595474243,1.7239527702331543,126.17727661132812
0,403,3.5809671878814697,1.5798600912094116,126.21830749511719
0,404,3.644019842147827,1.695741891860962,126.2593002319336
0,405,3.445885181427002,1.582553505897522,126.30012512207031
0,406,3.5096795558929443,1.5786150693893433,126.3423843383789
0,407,3.5509865283966064,1.6226400136947632,126.38333129882812
0,408,3.751669406890869,1.745987892150879,126.42586517333984
0,409,3.5651867389678955,1.780353307723999,126.46544647216797
0,410,3.576162815093994,1.718250036239624,126.50563049316406
0,411,3.5181221961975098,1.634307622909546,126.54557037353516
0,412,3.535726308822632,1.7993046045303345,126.5843505859375
0,413,3.6389830112457275,1.678443193435669,126.62384033203125
0,414,3.4630846977233887,1.494950294494629,126.66277313232422
0,415,3.451392412185669,1.665223240852356,126.70189666748047
0,416,3.4937214851379395,1.6959444284439087,126.74061584472656
0,417,3.491334915161133,1.6621134281158447,126.77998352050781
0,418,3.506239652633667,1.583147406578064,126.81855773925781
0,419,3.5926554203033447,1.6507911682128906,126.85758972167969
0,420,3.5186946392059326,1.6208772659301758,126.89395141601562
0,421,3.687333583831787,1.6870194673538208,126.93204498291016
0,422,3.5336947441101074,1.6808894872665405,126.9693374633789
0,423,3.4746952056884766,1.6547009944915771,127.00495147705078
0,424,3.5636353492736816,1.6689951419830322,127.04218292236328
0,425,3.5242903232574463,1.6417909860610962,127.07850646972656
0,426,3.544862747192383,1.692111849784851,127.11444091796875
0,427,3.6470131874084473,1.6466032266616821,127.15182495117188
0,428,3.5785229206085205,1.6035151481628418,127.18934631347656
0,429,3.5349488258361816,1.6965670585632324,127.22474670410156
0,430,3.323796510696411,1.5524171590805054,127.25971984863281
0,431,3.4842641353607178,1.6024240255355835,127.29410552978516
0,432,3.543775796890259,1.579351544380188,127.32977294921875
0,433,3.6131999492645264,1.611543893814087,127.36431884765625
0,434,3.5313820838928223,1.5229278802871704,127.40003204345703
0,435,3.3982372283935547,1.6266810894012451,127.43461608886719
0,436,3.4143877029418945,1.676054835319519,127.47029876708984
0,437,3.6310160160064697,1.6455267667770386,127.50371551513672
0,438,3.502843141555786,1.5684903860092163,127.53693389892578
0,439,3.4746687412261963,1.5683815479278564,127.57080078125
0,440,3.5583975315093994,1.7489818334579468,127.60427856445312
0,441,3.6327455043792725,1.624582052230835,127.63836669921875
0,442,3.4904420375823975,1.5933154821395874,127.67158508300781
0,443,3.587625503540039,1.605865478515625,127.70375061035156
0,444,3.750441551208496,1.8084017038345337,127.73583984375
0,445,3.5424697399139404,1.6342865228652954,127.76941680908203
0,446,3.56357741355896,1.7176638841629028,127.80209350585938
0,447,3.500354290008545,1.6735351085662842,127.83478546142578
0,448,3.5926477909088135,1.643497109413147,127.86643981933594
0,449,3.4000065326690674,1.5581631660461426,127.89804077148438
0,450,3.4770402908325195,1.7604485750198364,127.93110656738281
0,451,3.6622138023376465,1.717854619026184,127.9620361328125
0,452,3.471954345703125,1.7286646366119385,127.99372100830078
0,453,3.5014021396636963,1.673304557800293,128.0243377685547
0,454,3.610379219055176,1.5301324129104614,128.0570068359375
0,455,3.5288162231445312,1.5825526714324951,128.0892791748047
0,456,3.4476473331451416,1.7087836265563965,128.1205596923828
0,457,3.53786039352417,1.5503102540969849,128.15187072753906
0,458,3.6342320442199707,1.5824419260025024,128.1830291748047
0,459,3.7213313579559326,1.669953465461731,128.21298217773438
0,460,3.6506764888763428,1.594801425933838,128.24436950683594
0,461,3.5147740840911865,1.5602110624313354,128.27487182617188
0,462,3.5830705165863037,1.5952576398849487,128.3044891357422
0,463,3.702338695526123,1.597522258758545,128.3345489501953
0,464,3.562540054321289,1.5194621086120605,128.36520385742188
0,465,3.4270477294921875,1.5981401205062866,128.39366149902344
0,466,3.551713466644287,1.5625475645065308,128.42306518554688
0,467,3.440920352935791,1.5333870649337769,128.45138549804688
0,468,3.4705841541290283,1.5025625228881836,128.47915649414062
0,469,3.6620705127716064,1.554633617401123,128.50772094726562
0,470,3.6148502826690674,1.568430781364441,128.5362548828125
0,471,3.480881452560425,1.5705300569534302,128.5641326904297
0,472,3.463677406311035,1.7118914127349854,128.59165954589844
0,473,3.680086612701416,1.690919041633606,128.6189727783203
0,474,3.3778321743011475,1.6961603164672852,128.64744567871094
0,475,3.5153756141662598,1.6930359601974487,128.67361450195312
0,476,3.5342764854431152,1.7097471952438354,128.7003936767578
0,477,3.589649200439453,1.6303669214248657,128.7268524169922
0,478,3.5419087409973145,1.7324917316436768,128.75296020507812
0,479,3.7315361499786377,1.7469457387924194,128.7792510986328
0,480,3.5910372734069824,1.8808554410934448,128.80572509765625
0,481,3.5002999305725098,1.7095504999160767,128.8328399658203
0,482,3.4976296424865723,1.791650414466858,128.86053466796875
0,483,3.495497941970825,1.6711268424987793,128.88726806640625
0,484,3.5126335620880127,1.9614582061767578,128.91400146484375
0,485,3.680055618286133,1.669098973274231,128.94105529785156
0,486,3.4710195064544678,1.5761762857437134,128.96788024902344
0,487,3.4783225059509277,1.7343124151229858,128.9935760498047
0,488,3.4503352642059326,1.6347551345825195,129.01808166503906
0,489,3.414998769760132,1.6876882314682007,129.0433807373047
0,490,3.458120584487915,1.6865234375,129.069091796875
0,491,3.659947633743286,1.5932316780090332,129.09474182128906
0,492,3.6376335620880127,1.6882150173187256,129.1201171875
0,493,3.4632458686828613,1.7025288343429565,129.14353942871094
0,494,3.4964959621429443,1.6196743249893188,129.1659698486328
0,495,3.6727235317230225,1.7623409032821655,129.18966674804688
0,496,3.6253042221069336,1.6414986848831177,129.21304321289062
0,497,3.511075258255005,1.8419631719589233,129.238037109375
0,498,3.6856400966644287,1.7437177896499634,129.26266479492188
0,499,3.6685965061187744,1.7772809267044067,129.28619384765625
0,500,3.4731035232543945,1.751583218574524,129.3089141845703
0,501,3.6447911262512207,1.8451439142227173,129.3319091796875
0,502,3.4801042079925537,1.6949254274368286,129.3555145263672
0,503,3.457012176513672,1.6515363454818726,129.37857055664062
0,504,3.7283215522766113,1.8023614883422852,129.40121459960938
0,505,3.5895771980285645,1.723070740699768,129.42173767089844
0,506,3.4386470317840576,1.6275516748428345,129.44415283203125
0,507,3.5152387619018555,1.6804554462432861,129.466552734375
0,508,3.650397777557373,1.6739708185195923,129.48875427246094
0,509,3.519824504852295,1.7294666767120361,129.50930786132812
0,510,3.648746967315674,1.7053074836730957,129.53146362304688
0,511,3.463555097579956,1.5744843482971191,129.5537567138672
0,512,3.501725912094116,1.6560075283050537,129.57623291015625
0,513,3.707641363143921,1.6849230527877808,129.59893798828125
0,514,3.6609134674072266,1.7668226957321167,129.62049865722656
0,515,3.6918773651123047,1.9380797147750854,129.6426239013672
0,516,3.7076759338378906,1.8063991069793701,129.66412353515625
0,517,3.637620210647583,1.8686240911483765,129.68467712402344
0,518,3.5030081272125244,1.7292914390563965,129.70541381835938
0,519,3.6037817001342773,1.6888484954833984,129.7271270751953
0,520,3.6596310138702393,1.7456295490264893,129.7469024658203
0,521,3.546940803527832,1.6898598670959473,129.76788330078125
0,522,3.5605735778808594,1.7002136707305908,129.7879638671875
0,523,3.5552186965942383,1.772018551826477,129.80789184570312
0,524,3.418092727661133,1.6599801778793335,129.8278350830078
0,525,3.464833974838257,1.770516276359558,129.84637451171875
0,526,3.650292158126831,1.7374699115753174,129.8673858642578
0,527,3.6540989875793457,1.6650246381759644,129.8877716064453
0,528,3.539562702178955,1.7537375688552856,129.90855407714844
0,529,3.522306203842163,1.6771184206008911,129.9290008544922
0,530,3.3979899883270264,1.8148581981658936,129.9485321044922
0,531,3.487964391708374,1.6808618307113647,129.9683074951172
0,532,3.5203449726104736,1.6458704471588135,129.98683166503906
0,533,3.437549114227295,1.853549599647522,130.006591796875
0,534,3.6576595306396484,1.682705283164978,130.02630615234375
0,535,3.66279935836792,1.762243628501892,130.0455322265625
0,536,3.6260807514190674,1.77875816822052,130.06431579589844
0,537,3.4961650371551514,1.7921266555786133,130.083984375
0,538,3.5318949222564697,1.6810475587844849,130.102294921875
0,539,3.5149197578430176,1.6195789575576782,130.1199493408203
0,540,3.583448886871338,1.713262677192688,130.13861083984375
0,541,3.645643472671509,1.8413186073303223,130.15725708007812
0,542,3.6255648136138916,1.7173349857330322,130.17681884765625
0,543,3.7478623390197754,1.6640076637268066,130.19491577148438
0,544,3.478170871734619,1.771073341369629,130.2132568359375
0,545,3.638212203979492,1.6341638565063477,130.23355102539062
0,546,3.604245185852051,1.7537931203842163,130.25192260742188
0,547,3.591066837310791,1.6442838907241821,130.26809692382812
0,548,3.6449005603790283,1.7655668258666992,130.28634643554688
0,549,3.5342140197753906,1.8079198598861694,130.30360412597656
0,550,3.5675647258758545,1.7661409378051758,130.3216552734375
0,551,3.548093557357788,1.615204930305481,130.3390655517578
0,552,3.4861979484558105,1.7899729013442993,130.3555145263672
0,553,3.6326792240142822,1.6778979301452637,130.3708038330078
0,554,3.534116506576538,1.8203765153884888,130.38824462890625
0,555,3.5774431228637695,1.7992609739303589,130.40623474121094
0,556,3.7795920372009277,1.7967873811721802,130.42501831054688
0,557,3.5117263793945312,1.7101231813430786,130.4428253173828
0,558,3.575289726257324,1.6704046726226807,130.45884704589844
0,559,3.481806516647339,1.7814387083053589,130.4742431640625
0,560,3.6341660022735596,1.595126986503601,130.4919891357422
0,561,3.5623576641082764,1.6873667240142822,130.5066375732422
0,562,3.6374075412750244,1.668453335762024,130.5240020751953
0,563,3.334883689880371,1.5553176403045654,130.53897094726562
0,564,3.539337635040283,1.6165482997894287,130.55540466308594
0,565,3.5566649436950684,1.67292320728302,130.57151794433594
0,566,3.466094493865967,1.6021400690078735,130.5870361328125
0,567,3.557396650314331,1.577683687210083,130.602783203125
0,568,3.6141088008880615,1.5451033115386963,130.61862182617188
0,569,3.583000659942627,1.6682329177856445,130.63418579101562
0,570,3.3563339710235596,1.5825207233428955,130.65025329589844
0,571,3.590508222579956,1.6645832061767578,130.6648712158203
0,572,3.5731868743896484,1.7050490379333496,130.6813507080078
0,573,3.6420998573303223,1.6768696308135986,130.69683837890625
0,574,3.731950283050537,1.655029296875,130.7102813720703
0,575,3.659858226776123,1.703377366065979,130.72531127929688
0,576,3.5808119773864746,1.748529076576233,130.73951721191406
0,577,3.599611282348633,1.7929563522338867,130.7542266845703
0,578,3.4945790767669678,1.6190272569656372,130.7709503173828
0,579,3.551222801208496,1.6589921712875366,130.78558349609375
0,580,3.5536227226257324,1.8932322263717651,130.80067443847656
0,581,3.3017525672912598,1.5659502744674683,130.81402587890625
0,582,3.57600474357605,1.694334626197815,130.82875061035156
0,583,3.54900860786438,1.6438263654708862,130.84381103515625
0,584,3.5491838455200195,1.7498351335525513,130.85736083984375
0,585,3.594101667404175,1.7847055196762085,130.87091064453125
0,586,3.74208402633667,1.6917059421539307,130.8848419189453
0,587,3.609436511993408,1.777652382850647,130.90037536621094
0,588,3.570366859436035,1.7435657978057861,130.91453552246094
0,589,3.534776210784912,1.68988835811615,130.9289093017578
0,590,3.6152775287628174,1.7786508798599243,130.94381713867188
0,591,3.505368709564209,1.750190258026123,130.95826721191406
0,592,3.560821056365967,1.7238181829452515,130.97445678710938
0,593,3.4602198600769043,1.6764768362045288,130.98681640625
0,594,3.539471387863159,1.8505349159240723,131.00067138671875
0,595,3.6090290546417236,1.7707257270812988,131.01406860351562
0,596,3.6881260871887207,1.7040904760360718,131.02626037597656
0,597,3.4508914947509766,1.6436907052993774,131.04071044921875
0,598,3.66994047164917,1.8209609985351562,131.0537872314453
0,599,3.6381144523620605,1.767884373664856,131.0677947998047
0,600,3.525789499282837,1.9101521968841553,131.0805206298828
0,601,3.5720126628875732,1.8462685346603394,131.0933837890625
0,602,3.428518772125244,1.751465916633606,131.10462951660156
0,603,3.4052793979644775,1.743891716003418,131.11776733398438
0,604,3.5358834266662598,1.700556755065918,131.1309051513672
0,605,3.5650980472564697,1.8532005548477173,131.14512634277344
0,606,3.566850185394287,1.7039250135421753,131.1582794189453
0,607,3.6553256511688232,1.7144824266433716,131.16995239257812
0,608,3.6085288524627686,1.6918959617614746,131.18287658691406
0,609,3.52121639251709,1.763459324836731,131.19375610351562
0,610,3.5298092365264893,1.6056808233261108,131.20437622070312
0,611,3.4022347927093506,1.7027355432510376,131.21693420410156
0,612,3.587613582611084,1.7152475118637085,131.2306365966797
0,613,3.4989781379699707,1.755548357963562,131.24224853515625
0,614,3.5674712657928467,1.6912139654159546,131.25555419921875
0,615,3.604069232940674,1.7437840700149536,131.26817321777344
0,616,3.4079480171203613,1.7346919775009155,131.28042602539062
0,617,3.6370978355407715,2.0378801822662354,131.29248046875
0,618,3.7205817699432373,1.8289427757263184,131.30490112304688
0,619,3.6273391246795654,1.842301368713379,131.3162078857422
0,620,3.545999765396118,1.9988152980804443,131.32716369628906
0,621,3.580036163330078,1.7232166528701782,131.33921813964844
0,622,3.583834171295166,1.7725510597229004,131.35223388671875
0,623,3.587116241455078,1.7562817335128784,131.36302185058594
0,624,3.503694534301758,1.7892426252365112,131.37484741210938
0,625,3.588042974472046,1.8388513326644897,131.38607788085938
0,626,3.5766568183898926,1.8010326623916626,131.3979949951172
0,627,3.586017370223999,1.8395057916641235,131.409423828125
0,628,3.414881944656372,1.7846664190292358,131.42152404785156
0,629,3.543928861618042,1.778698444366455,131.4334259033203
0,630,3.5577995777130127,1.7784614562988281,131.44549560546875
0,631,3.6488521099090576,1.764978051185608,131.4571075439453
0,632,3.4815175533294678,1.719068169593811,131.4680633544922
0,633,3.5094950199127197,1.9559502601623535,131.4791717529297
0,634,3.477865219116211,1.6910439729690552,131.4900360107422
0,635,3.64597225189209,1.8835351467132568,131.5008544921875
0,636,3.591789722442627,1.642056941986084,131.51333618164062
0,637,3.6544106006622314,1.6635241508483887,131.5245361328125
0,638,3.5802178382873535,1.7576755285263062,131.53533935546875
0,639,3.5531764030456543,1.7185018062591553,131.5458984375
0,640,3.6619009971618652,1.8724337816238403,131.5564422607422
0,641,3.6355676651000977,1.7052456140518188,131.56768798828125
0,642,3.6600496768951416,1.703246831893921,131.58045959472656
0,643,3.613737106323242,1.7579339742660522,131.59042358398438
0,644,3.5039966106414795,1.7482905387878418,131.6000213623047
0,645,3.5827221870422363,1.831063151359558,131.6114044189453
0,646,3.47291898727417,1.7814055681228638,131.62242126464844
0,647,3.5525062084198,1.875400424003601,131.63082885742188
0,648,3.5163071155548096,1.7180986404418945,131.64161682128906
0,649,3.57755970954895,1.788384199142456,131.6523895263672
0,650,3.6570334434509277,1.9055784940719604,131.66090393066406
0,651,3.5046682357788086,1.7146074771881104,131.6722869873047
0,652,3.4786293506622314,1.8109480142593384,131.68206787109375
0,653,3.563478946685791,1.9928401708602905,131.69178771972656
0,654,3.6075589656829834,1.8540740013122559,131.70098876953125
0,655,3.5447709560394287,1.9004524946212769,131.7111053466797
0,656,3.645267963409424,1.7957484722137451,131.72003173828125
0,657,3.393765926361084,2.067770481109619,131.72914123535156
0,658,3.756392002105713,1.8689119815826416,131.73873901367188
0,659,3.7381999492645264,2.0015528202056885,131.7494354248047
0,660,3.622781753540039,1.9682775735855103,131.7586212158203
0,661,3.4874327182769775,1.8860375881195068,131.76918029785156
0,662,3.5004844665527344,1.9797968864440918,131.78018188476562
0,663,3.7071547508239746,1.7236517667770386,131.79039001464844
0,664,3.462367296218872,1.7885856628417969,131.80023193359375
0,665,3.595810890197754,1.8067301511764526,131.80960083007812
0,666,3.5935540199279785,1.8705239295959473,131.81910705566406
0,667,3.680471897125244,1.8380846977233887,131.82823181152344
0,668,3.636779308319092,1.7019565105438232,131.8349609375
0,669,3.3739449977874756,1.7351266145706177,131.8450927734375
0,670,3.591184377670288,1.7684378623962402,131.85537719726562
0,671,3.5788938999176025,1.6792868375778198,131.8643798828125
0,672,3.706428289413452,1.6508972644805908,131.87301635742188
0,673,3.6433234214782715,1.6870684623718262,131.881591796875
0,674,3.732929229736328,1.6361256837844849,131.892578125
0,675,3.6894562244415283,1.6393465995788574,131.89942932128906
0,676,3.6107285022735596,1.5724430084228516,131.9075164794922
0,677,3.6044185161590576,1.6229345798492432,131.91575622558594
0,678,3.589357852935791,1.766148328781128,131.9247283935547
0,679,3.622642755508423,1.5784467458724976,131.93304443359375
0,680,3.491687059402466,1.5988962650299072,131.94317626953125
0,681,3.498500347137451,1.5943926572799683,131.95147705078125
0,682,3.7516262531280518,1.727596402168274,131.9587860107422
0,683,3.588768243789673,1.579923152923584,131.96792602539062
0,684,3.5317020416259766,1.7605804204940796,131.97511291503906
0,685,3.5818874835968018,1.5793923139572144,131.98367309570312
0,686,3.438467025756836,1.5266308784484863,131.9916534423828
0,687,3.63564395904541,1.632814645767212,131.99928283691406
0,688,3.5873637199401855,1.729880690574646,132.00868225097656
0,689,3.578291654586792,1.6171364784240723,132.0172576904297
0,690,3.549274206161499,1.6529566049575806,132.0267333984375
0,691,3.6714956760406494,1.565077781677246,132.03485107421875
0,692,3.5455753803253174,1.7318141460418701,132.0426788330078
0,693,3.665853500366211,1.670427918434143,132.051513671875
0,694,3.711894989013672,1.6421735286712646,132.05905151367188
0,695,3.5654423236846924,1.593125820159912,132.0675506591797
0,696,3.5085208415985107,1.590055227279663,132.07403564453125
0,697,3.6163313388824463,1.714241862297058,132.0829315185547
0,698,3.774146795272827,1.7596691846847534,132.09202575683594
0,699,3.6476056575775146,1.696763515472412,132.09890747070312
0,700,3.467120409011841,1.728134036064148,132.10629272460938
0,701,3.6124227046966553,1.8388535976409912,132.1148223876953
0,702,3.6014697551727295,1.7821167707443237,132.12179565429688
0,703,3.609957218170166,1.6369668245315552,132.1288604736328
0,704,3.700930118560791,1.6807079315185547,132.1376190185547
0,705,3.5050318241119385,1.5616730451583862,132.14492797851562
0,706,3.6683897972106934,1.6197437047958374,132.15380859375
0,707,3.5029778480529785,1.7391222715377808,132.16015625
0,708,3.6627228260040283,1.6900169849395752,132.1671142578125
0,709,3.561011552810669,1.6299210786819458,132.17520141601562
0,710,3.6126677989959717,1.6152476072311401,132.18080139160156
0,711,3.444322347640991,1.5113770961761475,132.18634033203125
0,712,3.37089204788208,1.5292410850524902,132.193115234375
0,713,3.597088575363159,1.6003025770187378,132.20069885253906
0,714,3.560912847518921,1.5711250305175781,132.20791625976562
0,715,3.54787015914917,1.5406473875045776,132.21339416503906
0,716,3.660919666290283,1.5852361917495728,132.22042846679688
0,717,3.4914960861206055,1.5618386268615723,132.22903442382812
0,718,3.5321433544158936,1.7460007667541504,132.23629760742188
0,719,3.6172094345092773,1.7252775430679321,132.2434844970703
0,720,3.4298818111419678,1.689161777496338,132.24981689453125
0,721,3.6096293926239014,1.6189335584640503,132.2552490234375
0,722,3.7086679935455322,1.63666832447052,132.26268005371094
0,723,3.434148073196411,1.5858474969863892,132.26927185058594
0,724,3.4975924491882324,1.5995641946792603,132.27760314941406
0,725,3.5023555755615234,1.6459386348724365,132.282958984375
0,726,3.516707181930542,1.4967467784881592,132.2902374267578
0,727,3.453619956970215,1.5077073574066162,132.2948455810547
0,728,3.4486398696899414,1.6328001022338867,132.30136108398438
0,729,3.598984479904175,1.5723613500595093,132.30758666992188
0,730,3.451847553253174,1.6296695470809937,132.31341552734375
0,731,3.507870674133301,1.4410135746002197,132.31983947753906
0,732,3.7147514820098877,1.6189138889312744,132.32762145996094
0,733,3.6449263095855713,1.5033111572265625,132.33441162109375
0,734,3.567095994949341,1.640114665031433,132.34019470214844
0,735,3.5230753421783447,1.5760035514831543,132.34568786621094
0,736,3.6490402221679688,1.5761525630950928,132.35191345214844
0,737,3.537862777709961,1.510825514793396,132.35818481445312
0,738,3.5384435653686523,1.585066556930542,132.36434936523438
0,739,3.5458052158355713,1.4871450662612915,132.3705596923828
0,740,3.6033828258514404,1.5566130876541138,132.37762451171875
0,741,3.3515138626098633,1.5102474689483643,132.38414001464844
0,742,3.548915147781372,1.545802116394043,132.3895721435547
0,743,3.559015989303589,1.6614419221878052,132.3954315185547
0,744,3.533066511154175,1.7687830924987793,132.401611328125
0,745,3.6219120025634766,1.5986089706420898,132.4080047607422
0,746,3.5467686653137207,1.7229630947113037,132.4138641357422
0,747,3.5249667167663574,1.6423965692520142,132.42010498046875
0,748,3.4626665115356445,1.6263710260391235,132.4270477294922
0,749,3.5282042026519775,1.6747175455093384,132.43182373046875
0,750,3.4860074520111084,1.7328537702560425,132.43728637695312
0,751,3.5660152435302734,1.6875475645065308,132.4425506591797
0,752,3.6056528091430664,1.7198050022125244,132.4473876953125
0,753,3.533928871154785,1.6541270017623901,132.45265197753906
0,754,3.457984209060669,1.6080724000930786,132.4594268798828
0,755,3.542727470397949,1.6973059177398682,132.4649658203125
0,756,3.6971967220306396,1.7105845212936401,132.47119140625
0,757,3.634817123413086,1.6830451488494873,132.475830078125
0,758,3.540972948074341,1.6651219129562378,132.48143005371094
0,759,3.580939769744873,1.6428271532058716,132.48654174804688
0,760,3.688375473022461,1.679674744606018,132.49093627929688
0,761,3.6103978157043457,1.74664306640625,132.49658203125
0,762,3.634268045425415,1.7406628131866455,132.50149536132812
0,763,3.5100653171539307,1.5798102617263794,132.5061798095703
0,764,3.702208995819092,1.6503658294677734,132.51174926757812
0,765,3.516284465789795,1.7277213335037231,132.51760864257812
0,766,3.5204739570617676,1.5877325534820557,132.5238494873047
0,767,3.611856460571289,1.5887351036071777,132.5290985107422
0,768,3.6239163875579834,1.6218987703323364,132.5338897705078
0,769,3.4293463230133057,1.5990643501281738,132.53826904296875
0,770,3.499722719192505,1.6922636032104492,132.54344177246094
0,771,3.4407904148101807,1.5659027099609375,132.5484161376953
0,772,3.560189962387085,1.680454134941101,132.55252075195312
0,773,3.542051315307617,1.621700406074524,132.55653381347656
0,774,3.406883955001831,1.5113017559051514,132.56155395507812
0,775,3.6123805046081543,1.5823631286621094,132.56619262695312
0,776,3.6504268646240234,1.619989275932312,132.57254028320312
0,777,3.563023328781128,1.8395161628723145,132.5771026611328
0,778,3.535468101501465,1.5490003824234009,132.58139038085938
0,779,3.5946404933929443,1.7379764318466187,132.5861358642578
0,780,3.56848406791687,1.7137058973312378,132.59222412109375
0,781,3.411587953567505,1.597083330154419,132.59515380859375
0,782,3.505514621734619,1.5839468240737915,132.5997772216797
0,783,3.5148022174835205,1.6403346061706543,132.60427856445312
0,784,3.679452657699585,1.6752310991287231,132.60873413085938
0,785,3.651987075805664,1.693141222000122,132.61456298828125
0,786,3.4989559650421143,1.6222811937332153,132.6175994873047
0,787,3.6738762855529785,1.6544920206069946,132.62203979492188
0,788,3.5138134956359863,1.6418046951293945,132.6268768310547
0,789,3.4808857440948486,1.6923542022705078,132.63067626953125
0,790,3.609013795852661,1.6236557960510254,132.6348114013672
0,791,3.6687729358673096,1.6850110292434692,132.639892578125
0,792,3.562110185623169,1.6338882446289062,132.64437866210938
0,793,3.6194205284118652,1.7647660970687866,132.6490020751953
0,794,3.6123859882354736,1.8578202724456787,132.65306091308594
0,795,3.6929819583892822,1.6430168151855469,132.6581268310547
0,796,3.608768939971924,1.685603141784668,132.66162109375
0,797,3.5998663902282715,1.863385558128357,132.6660614013672
0,798,3.6268422603607178,1.6768139600753784,132.66908264160156
0,799,3.476588010787964,1.8131260871887207,132.67359924316406
0,800,3.667776107788086,1.6841191053390503,132.67686462402344
0,801,3.559847831726074,1.8358047008514404,132.67970275878906
0,802,3.5969631671905518,1.794305443763733,132.68409729003906
0,803,3.5297813415527344,1.6431899070739746,132.6875
0,804,3.504121780395508,1.5579136610031128,132.69088745117188
0,805,3.4959514141082764,1.5365657806396484,132.69532775878906
0,806,3.629607915878296,1.694389820098877,132.69895935058594
0,807,3.536682367324829,1.5727369785308838,132.70323181152344
0,808,3.5344879627227783,1.704315423965454,132.7052764892578
0,809,3.7355282306671143,1.7328863143920898,132.70947265625
0,810,3.6397407054901123,1.6237012147903442,132.7140655517578
0,811,3.5483062267303467,1.581651210784912,132.71707153320312
0,812,3.454901933670044,1.6484026908874512,132.72012329101562
0,813,3.442379951477051,1.5207210779190063,132.7236785888672
0,814,3.4180638790130615,1.5651509761810303,132.72781372070312
0,815,3.5981268882751465,1.674714207649231,132.7320098876953
0,816,3.6535515785217285,1.5475949048995972,132.7368927001953
0,817,3.5935752391815186,1.4733068943023682,132.74130249023438
0,818,3.670138120651245,1.5181865692138672,132.7445831298828
0,819,3.483813524246216,1.5080182552337646,132.74832153320312
0,820,3.561324119567871,1.507714033126831,132.75180053710938
0,821,3.5086326599121094,1.4819482564926147,132.75637817382812
0,822,3.6340126991271973,1.4930708408355713,132.76148986816406
0,823,3.5481607913970947,1.5520591735839844,132.76490783691406
0,824,3.6241343021392822,1.6342573165893555,132.76739501953125
0,825,3.537994146347046,1.5254836082458496,132.77069091796875
0,826,3.5718131065368652,1.537402868270874,132.7745819091797
0,827,3.5256426334381104,1.4886611700057983,132.77984619140625
0,828,3.6817469596862793,1.6699817180633545,132.7832794189453
0,829,3.545335054397583,1.4993057250976562,132.7850799560547
0,830,3.6051411628723145,1.565834879875183,132.78994750976562
0,831,3.510185956954956,1.5809308290481567,132.793701171875
0,832,3.491058588027954,1.5695240497589111,132.79736328125
0,833,3.5105888843536377,1.5758198499679565,132.80067443847656
0,834,3.6050949096679688,1.59768807888031,132.80377197265625
0,835,3.4654386043548584,1.637468695640564,132.80755615234375
0,836,3.5381078720092773,1.4893234968185425,132.81045532226562
0,837,3.515871047973633,1.584710717201233,132.8126678466797
0,838,3.6209304332733154,1.6451447010040283,132.8165740966797
0,839,3.5339536666870117,1.5331279039382935,132.81991577148438
0,840,3.5888428688049316,1.6092610359191895,132.82241821289062
0,841,3.43491530418396,1.580396294593811,132.82516479492188
0,842,3.5478458404541016,1.6195344924926758,132.8279571533203
0,843,3.655872106552124,1.621894359588623,132.83058166503906
0,844,3.6006197929382324,1.623095989227295,132.8340301513672
0,845,3.697685480117798,1.6516350507736206,132.83790588378906
0,846,3.6686036586761475,1.5961450338363647,132.8410186767578
0,847,3.6167874336242676,1.582702875137329,132.84576416015625
0,848,3.714021921157837,1.5508853197097778,132.84815979003906
0,849,3.6131598949432373,1.6799218654632568,132.851318359375
0,850,3.598341941833496,1.768476128578186,132.85446166992188
0,851,3.558581829071045,1.5940046310424805,132.8571319580078
0,852,3.5766022205352783,1.6460480690002441,132.86065673828125
0,853,3.548259973526001,1.654889464378357,132.86447143554688
0,854,3.410566568374634,1.6607517004013062,132.86679077148438
0,855,3.6341867446899414,1.7355170249938965,132.87081909179688
0,856,3.5791237354278564,1.6357753276824951,132.87571716308594
0,857,3.528662919998169,1.606536626815796,132.88070678710938
0,858,3.6212806701660156,1.604410171508789,132.88531494140625
0,859,3.484952449798584,1.5096065998077393,132.8887481689453
0,860,3.5017547607421875,1.484343409538269,132.89132690429688
0,861,3.6853408813476562,1.5535328388214111,132.89547729492188
0,862,3.595430850982666,1.5657511949539185,132.89930725097656
0,863,3.5433576107025146,1.5200532674789429,132.90264892578125
0,864,3.654688596725464,1.5898407697677612,132.9059295654297
0,865,3.5073282718658447,1.5647592544555664,132.9088897705078
0,866,3.624325752258301,1.610530972480774,132.9118194580078
0,867,3.4809634685516357,1.5985890626907349,132.9154815673828
0,868,3.613827705383301,1.5212656259536743,132.91827392578125
0,869,3.5389087200164795,1.681084394454956,132.92054748535156
0,870,3.463327169418335,1.6903188228607178,132.9239501953125
0,871,3.5487101078033447,1.5698132514953613,132.92750549316406
0,872,3.588925838470459,1.5701225996017456,132.929443359375
0,873,3.4778640270233154,1.4779081344604492,132.93276977539062
0,874,3.4676997661590576,1.5938090085983276,132.93597412109375
0,875,3.329775333404541,1.587555170059204,132.93951416015625
0,876,3.5762674808502197,1.8549891710281372,132.94297790527344
0,877,3.581082344055176,1.8426202535629272,132.94647216796875
0,878,3.51517391204834,1.6621310710906982,132.94912719726562
0,879,3.5211992263793945,1.551347255706787,132.95252990722656
0,880,3.532034158706665,1.7419465780258179,132.955322265625
0,881,3.6149308681488037,1.733466386795044,132.95822143554688
0,882,3.5294244289398193,1.6888326406478882,132.95980834960938
0,883,3.569716215133667,1.6933684349060059,132.96217346191406
0,884,3.5993428230285645,1.7708625793457031,132.96591186523438
0,885,3.561033248901367,1.7160987854003906,132.96823120117188
0,886,3.56227970123291,1.733834981918335,132.96861267089844
0,887,3.679529905319214,1.6760104894638062,132.97254943847656
0,888,3.6896777153015137,2.106078863143921,132.97328186035156
0,889,3.6623764038085938,1.6863638162612915,132.97528076171875
0,890,3.576080083847046,1.6876370906829834,132.9762725830078
0,891,3.6474876403808594,1.7079620361328125,132.9791259765625
0,892,3.5353033542633057,1.7367304563522339,132.98277282714844
0,893,3.4542033672332764,1.5477350950241089,132.9846649169922
0,894,3.4720041751861572,1.6824630498886108,132.98814392089844
0,895,3.542941093444824,1.7482693195343018,132.99087524414062
0,896,3.3582139015197754,1.5761829614639282,132.9928741455078
0,897,3.7098309993743896,2.0711095333099365,132.993408203125
0,898,3.398902416229248,1.6857106685638428,132.9947967529297
0,899,3.5731911659240723,1.8311107158660889,132.9966583251953
0,900,3.560863494873047,1.7783383131027222,132.9986114501953
0,901,3.440870523452759,1.7030690908432007,133.00010681152344
0,902,3.6502840518951416,1.6307979822158813,133.0035400390625
0,903,3.43860125541687,1.686284065246582,133.0057830810547
0,904,3.6796302795410156,1.684792160987854,133.0070343017578
0,905,3.613642930984497,1.6332110166549683,133.0079803466797
0,906,3.4568424224853516,1.6260262727737427,133.01025390625
0,907,3.4032957553863525,1.6126304864883423,133.01280212402344
0,908,3.5521535873413086,1.6776081323623657,133.01605224609375
0,909,3.5794222354888916,1.601830005645752,133.01788330078125
0,910,3.5415046215057373,1.6861721277236938,133.02139282226562
0,911,3.6484718322753906,1.7055070400238037,133.02610778808594
0,912,3.517862558364868,1.4727880954742432,133.0287628173828
0,913,3.437911033630371,1.472504734992981,133.0305633544922
0,914,3.4572677612304688,1.5019245147705078,133.03221130371094
0,915,3.6115407943725586,1.6153203248977661,133.03216552734375
0,916,3.4525344371795654,1.6979604959487915,133.03372192382812
0,917,3.6120829582214355,1.6628077030181885,133.03721618652344
0,918,3.6067216396331787,1.6331361532211304,133.0406951904297
0,919,3.5772454738616943,1.593562126159668,133.0436248779297
0,920,3.578382968902588,1.6130770444869995,133.04617309570312
0,921,3.5913023948669434,1.5546602010726929,133.04830932617188
0,922,3.7560532093048096,1.659546971321106,133.05104064941406
0,923,3.6330366134643555,1.5175528526306152,133.05316162109375
0,924,3.561248779296875,1.6237804889678955,133.05502319335938
0,925,3.284850597381592,1.410176396369934,133.0584259033203
0,926,3.5678980350494385,1.4909236431121826,133.06227111816406
0,927,3.6411523818969727,1.5242127180099487,133.0640869140625
0,928,3.547628164291382,1.5577961206436157,133.06581115722656
0,929,3.5405454635620117,1.4705393314361572,133.06710815429688
0,930,3.6068265438079834,1.5075448751449585,133.06956481933594
0,931,3.5719029903411865,1.5111770629882812,133.07199096679688
0,932,3.5813815593719482,1.5099927186965942,133.0745086669922
0,933,3.608060121536255,1.5031548738479614,133.07720947265625
0,934,3.4799466133117676,1.3884222507476807,133.08030700683594
0,935,3.506702423095703,1.5425376892089844,133.08303833007812
0,936,3.674610137939453,1.482918620109558,133.08445739746094
0,937,3.6893022060394287,1.4244067668914795,133.08642578125
0,938,3.6359376907348633,1.5318812131881714,133.08880615234375
0,939,3.520599126815796,1.4651126861572266,133.0896759033203
0,940,3.5445024967193604,1.541514277458191,133.09034729003906
0,941,3.5892298221588135,1.4573267698287964,133.09280395507812
0,942,3.6347007751464844,1.4673640727996826,133.09420776367188
0,943,3.412086009979248,1.5128955841064453,133.0974884033203
0,944,3.5689117908477783,1.4534720182418823,133.10020446777344
0,945,3.5190000534057617,1.4787827730178833,133.1017303466797
0,946,3.3102688789367676,1.6989400386810303,133.10369873046875
0,947,3.5687458515167236,1.4509447813034058,133.1060333251953
0,948,3.577796697616577,1.7179862260818481,133.1077117919922
0,949,3.5971949100494385,1.641641616821289,133.10890197753906
0,950,3.558189630508423,1.5206847190856934,133.111572265625
0,951,3.4297094345092773,1.679852843284607,133.11277770996094
0,952,3.467663049697876,1.7241616249084473,133.1139373779297
0,953,3.670382499694824,1.600022554397583,133.11534118652344
0,954,3.564852476119995,1.5851781368255615,133.11740112304688
0,955,3.452164649963379,1.4988855123519897,133.11944580078125
0,956,3.5757672786712646,1.6233431100845337,133.1213836669922
0,957,3.721658706665039,1.644063949584961,133.12342834472656
0,958,3.5061087608337402,1.541153907775879,133.12535095214844
0,959,3.6212213039398193,1.6784725189208984,133.1275634765625
0,960,3.4338066577911377,1.5168777704238892,133.12918090820312
0,961,3.517326831817627,1.5506535768508911,133.13204956054688
0,962,3.4302818775177,1.7330455780029297,133.1343994140625
0,963,3.6681857109069824,1.5575604438781738,133.1366729736328
0,964,3.4606986045837402,1.5476447343826294,133.13873291015625
0,965,3.6671533584594727,1.5924475193023682,133.14236450195312
0,966,3.5881595611572266,1.5899227857589722,133.14418029785156
0,967,3.5175271034240723,1.569338083267212,133.14410400390625
0,968,3.4176294803619385,1.563303828239441,133.14578247070312
0,969,3.513493299484253,1.69918692111969,133.14808654785156
0,970,3.6913557052612305,1.6702067852020264,133.14797973632812
0,971,3.6357595920562744,1.653770089149475,133.149658203125
0,972,3.530940294265747,1.6730678081512451,133.15028381347656
0,973,3.580298900604248,1.5963751077651978,133.15176391601562
0,974,3.511333465576172,1.6511889696121216,133.152587890625
0,975,3.5782032012939453,1.6549075841903687,133.15365600585938
0,976,3.458461284637451,1.58771812915802,133.1559600830078
0,977,3.640585422515869,1.6101003885269165,133.15579223632812
0,978,3.464125871658325,1.5501139163970947,133.1565704345703
0,979,3.3622899055480957,1.508317470550537,133.15843200683594
0,980,3.545591115951538,1.6325068473815918,133.16004943847656
0,981,3.486466884613037,1.5488831996917725,133.16192626953125
0,982,3.549193859100342,1.551796555519104,133.16305541992188
0,983,3.4812302589416504,1.547716736793518,133.16510009765625
0,984,3.626891851425171,1.6028966903686523,133.16600036621094
0,985,3.6239054203033447,1.6928812265396118,133.16656494140625
0,986,3.5528018474578857,1.670536994934082,133.16761779785156
0,987,3.6217737197875977,1.8044675588607788,133.16909790039062
0,988,3.574477195739746,1.8688186407089233,133.1697540283203
0,989,3.7652816772460938,1.6267701387405396,133.1710968017578
0,990,3.783768892288208,1.6318390369415283,133.17222595214844
0,991,3.5514354705810547,1.653425693511963,133.1750030517578
0,992,3.539334774017334,1.6275967359542847,133.17608642578125
0,993,3.500056028366089,1.6939799785614014,133.1780548095703
0,994,3.5300517082214355,1.7132338285446167,133.1783447265625
0,995,3.5840904712677,1.8300302028656006,133.1802215576172
0,996,3.5132346153259277,1.7195401191711426,133.1817626953125
0,997,3.5404269695281982,1.6141784191131592,133.1843719482422
0,998,3.594501495361328,1.6888083219528198,133.18460083007812
0,999,3.466334342956543,1.7132787704467773,133.1859588623047
0,1000,3.5408315658569336,1.752049207687378,133.1865997314453
1,1,3.198063611984253,1.0411720275878906,0.0
1,2,3.087620735168457,1.3917162418365479,9.97701358795166
1,3,3.0517163276672363,1.227047085762024,14.091155052185059
1,4,3.076199531555176,1.6122545003890991,17.23299217224121
1,5,3.224505662918091,1.6910772323608398,19.870515823364258
1,6,3.24233341217041,1.8630881309509277,22.184202194213867
1,7,3.0121800899505615,1.6219509840011597,24.26862335205078
1,8,3.2649428844451904,1.880776047706604,26.176698684692383
1,9,3.24690842628479,1.9222520589828491,27.94575309753418
1,10,3.2329630851745605,1.9923328161239624,29.598594665527344
1,11,3.2634224891662598,1.8797963857650757,31.157920837402344
1,12,3.150460958480835,1.9867042303085327,32.631649017333984
1,13,3.2350478172302246,1.972234845161438,34.034339904785156
1,14,3.0350451469421387,1.8068764209747314,35.37450408935547
1,15,3.2302777767181396,2.139977216720581,36.65872573852539
1,16,3.2332117557525635,2.077974557876587,37.89350891113281
1,17,3.3771140575408936,2.1203629970550537,39.08268737792969
1,18,3.2348475456237793,2.11924147605896,40.231178283691406
1,19,3.2819859981536865,1.9005907773971558,41.341835021972656
1,20,3.1033215522766113,1.9138169288635254,42.4166374206543
1,21,3.1379590034484863,1.9003429412841797,43.4577522277832
1,22,3.341836452484131,1.950398564338684,44.468666076660156
1,23,3.329982042312622,1.923999547958374,45.4533805847168
1,24,3.0634713172912598,1.9741575717926025,46.411354064941406
1,25,3.091357707977295,1.9402190446853638,47.3447151184082
1,26,3.264998435974121,2.1102559566497803,48.25682067871094
1,27,3.3884944915771484,2.3663854598999023,49.145301818847656
1,28,3.331711530685425,2.2229509353637695,50.01118469238281
1,29,3.371927261352539,2.4017210006713867,50.85871124267578
1,30,3.1570420265197754,2.1669065952301025,51.6873779296875
1,31,3.330009937286377,2.4190776348114014,52.50067901611328
1,32,3.2856578826904297,2.262068748474121,53.29610824584961
1,33,3.3595547676086426,2.3421788215637207,54.07535171508789
1,34,3.2825088500976562,2.3814494609832764,54.838558197021484
1,35,3.464479684829712,2.7879037857055664,55.586631774902344
1,36,3.321509599685669,2.66235613822937,56.321693420410156
1,37,3.4670188426971436,2.4215545654296875,57.043701171875
1,38,3.326249361038208,2.2917609214782715,57.75258255004883
1,39,3.2153549194335938,2.1689772605895996,58.44900131225586
1,40,3.4051854610443115,2.3271851539611816,59.13245391845703
1,41,3.4137120246887207,2.290099859237671,59.80533218383789
1,42,3.460158348083496,2.3810489177703857,60.46488571166992
1,43,3.2870185375213623,2.3021371364593506,61.11455154418945
1,44,3.301041603088379,2.2208526134490967,61.75605392456055
1,45,3.542984962463379,2.7069742679595947,62.38534164428711
1,46,3.530133008956909,2.5285542011260986,63.00352096557617
1,47,3.327411651611328,2.6448333263397217,63.613800048828125
1,48,3.4781594276428223,2.894336462020874,64.21633911132812
1,49,3.5330703258514404,2.803837299346924,64.8090591430664
1,50,3.4102671146392822,2.911651611328125,65.39500427246094
1,51,3.466780424118042,2.5576679706573486,65.97021484375
1,52,3.354390859603882,2.61995005607605,66.53846740722656
1,53,3.490999937057495,2.4240407943725586,67.09854125976562
1,54,3.5626580715179443,2.632575273513794,67.65083312988281
1,55,3.415769100189209,2.284480571746826,68.19482421875
1,56,3.463756799697876,2.5210554599761963,68.732177734375
1,57,3.445765495300293,2.3119163513183594,69.26234436035156
1,58,3.4132790565490723,2.1863203048706055,69.78692626953125
1,59,3.412057399749756,2.5025739669799805,70.30364227294922
1,60,3.400235176086426,2.527392625808716,70.81185150146484
1,61,3.488867998123169,2.783743143081665,71.3147201538086
1,62,3.342607259750366,2.652519464492798,71.81201171875
1,63,3.4616260528564453,2.813835859298706,72.30200958251953
1,64,3.5169801712036133,2.56210994720459,72.78588104248047
1,65,3.442251443862915,2.3930935859680176,73.26399993896484
1,66,3.481936454772949,2.329578399658203,73.73699188232422
1,67,3.4071927070617676,2.3368043899536133,74.20531463623047
1,68,3.463390350341797,2.490778923034668,74.66805267333984
1,69,3.4538052082061768,2.419667959213257,75.12385559082031
1,70,3.5843966007232666,2.490027666091919,75.57477569580078
1,71,3.392488718032837,2.563537120819092,76.0198974609375
1,72,3.433849811553955,2.8456294536590576,76.45991516113281
1,73,3.5217299461364746,2.8544387817382812,76.89757537841797
1,74,3.6839520931243896,2.911227226257324,77.32881927490234
1,75,3.4403858184814453,2.478253126144409,77.75566864013672
1,76,3.3193106651306152,2.1464688777923584,78.178466796875
1,77,3.4102656841278076,2.3203189373016357,78.59427642822266
1,78,3.5721323490142822,2.4320292472839355,79.00498962402344
1,79,3.436777353286743,2.6431989669799805,79.41252136230469
1,80,3.5834765434265137,2.393033981323242,79.81587219238281
1,81,3.716935396194458,2.588650941848755,80.21331787109375
1,82,3.356170415878296,2.40427565574646,80.60957336425781
1,83,3.491353750228882,2.648078203201294,80.99910736083984
1,84,3.4240269660949707,2.6972835063934326,81.38611602783203
1,85,3.4670302867889404,2.3645167350769043,81.7708969116211
1,86,3.464155673980713,2.4484643936157227,82.14985656738281
1,87,3.414747953414917,2.746664047241211,82.52371215820312
1,88,3.427426815032959,2.5834598541259766,82.89508056640625
1,89,3.459782361984253,2.791409969329834,83.26222229003906
1,90,3.4617364406585693,2.403797149658203,83.62728881835938
1,91,3.3930530548095703,2.5475246906280518,83.98775482177734
1,92,3.4187352657318115,2.3641953468322754,84.34435272216797
1,93,3.403390884399414,2.4043467044830322,84.6966323852539
1,94,3.536008834838867,2.7425801753997803,85.0456314086914
1,95,3.5044281482696533,2.3043575286865234,85.3909912109375
1,96,3.4598233699798584,2.505495548248291,85.73589324951172
1,97,3.517881393432617,2.4007389545440674,86.07638549804688
1,98,3.299098491668701,2.354118585586548,86.41383361816406
1,99,3.360135555267334,2.4515082836151123,86.7466049194336
1,100,3.408853054046631,2.380695343017578,87.07572174072266
1,101,3.4556643962860107,2.663727283477783,87.40348052978516
1,102,3.551032543182373,2.4912827014923096,87.72797393798828
1,103,3.6007578372955322,2.748067617416382,88.05073547363281
1,104,3.420994997024536,2.5542478561401367,88.37074279785156
1,105,3.6328771114349365,2.683851957321167,88.68772888183594
1,106,3.4070589542388916,2.8050825595855713,88.99898529052734
1,107,3.4079179763793945,2.653745651245117,89.3084487915039
1,108,3.5066702365875244,2.503605842590332,89.61445617675781
1,109,3.577367067337036,2.669931173324585,89.9190444946289
1,110,3.5248608589172363,2.7041733264923096,90.220947265625
1,111,3.510525703430176,2.6507303714752197,90.51922607421875
1,112,3.532508373260498,2.531529426574707,90.81553649902344
1,113,3.5186192989349365,2.5789620876312256,91.1082992553711
1,114,3.5790231227874756,2.419198513031006,91.39765167236328
1,115,3.579777240753174,2.625159502029419,91.68614959716797
1,116,3.471165180206299,2.410339593887329,91.9703140258789
1,117,3.6135928630828857,2.692746639251709,92.2546157836914
1,118,3.3842155933380127,2.8354618549346924,92.53533935546875
1,119,3.528200387954712,2.6375110149383545,92.81411743164062
1,120,3.590792179107666,2.5501012802124023,93.09030151367188
1,121,3.5255367755889893,2.637082099914551,93.36378479003906
1,122,3.4182398319244385,2.624431848526001,93.63472747802734
1,123,3.5626869201660156,2.5588433742523193,93.90520477294922
1,124,3.613494634628296,2.8499767780303955,94.17376708984375
1,125,3.478670358657837,2.6348133087158203,94.43778228759766
1,126,3.509796619415283,2.7713968753814697,94.69986724853516
1,127,3.5767366886138916,2.8215532302856445,94.9609603881836
1,128,3.61950945854187,3.051936626434326,95.2198715209961
1,129,3.334120512008667,2.847691774368286,95.47624206542969
1,130,3.568925619125366,2.7110660076141357,95.73101806640625
1,131,3.586357831954956,2.4645628929138184,95.98281860351562
1,132,3.7462074756622314,2.610623359680176,96.23318481445312
1,133,3.4379165172576904,2.5600013732910156,96.48237609863281
1,134,3.583527088165283,2.6585967540740967,96.72847747802734
1,135,3.5767111778259277,2.4065334796905518,96.97140502929688
1,136,3.4880669116973877,2.425158977508545,97.21236419677734
1,137,3.440755605697632,2.4242570400238037,97.45189666748047
1,138,3.6812331676483154,2.5178046226501465,97.69152069091797
1,139,3.578249216079712,2.420886278152466,97.92859649658203
1,140,3.485387086868286,2.4434573650360107,98.16464233398438
1,141,3.4796085357666016,2.30480694770813,98.398193359375
1,142,3.523446559906006,2.323732376098633,98.62757110595703
1,143,3.6485931873321533,2.319063425064087,98.85680389404297
1,144,3.350064516067505,2.166388511657715,99.08509826660156
1,145,3.6079649925231934,2.3622817993164062,99.31036376953125
1,146,3.627674102783203,2.4107935428619385,99.53458404541016
1,147,3.47389554977417,2.2642464637756348,99.75654602050781
1,148,3.4614012241363525,2.4428699016571045,99.97785186767578
1,149,3.7641937732696533,2.64524507522583,100.19567108154297
1,150,3.489734172821045,2.305816173553467,100.4112319946289
1,151,3.6553375720977783,2.4240384101867676,100.6256103515625
1,152,3.576186418533325,2.31388783454895,100.83838653564453
1,153,3.5966362953186035,2.5544381141662598,101.04821014404297
1,154,3.566654920578003,2.4731059074401855,101.25825500488281
1,155,3.7135355472564697,2.4679713249206543,101.46493530273438
1,156,3.4181020259857178,2.33208966255188,101.67072296142578
1,157,3.508009910583496,2.3021953105926514,101.87594604492188
1,158,3.526770830154419,2.575089693069458,102.07933044433594
1,159,3.5248889923095703,2.409985303878784,102.28158569335938
1,160,3.602710008621216,2.2861320972442627,102.48186492919922
1,161,3.5944855213165283,2.3026819229125977,102.68083953857422
1,162,3.51847243309021,2.5760436058044434,102.87926483154297
1,163,3.663032054901123,2.432701587677002,103.07567596435547
1,164,3.595632553100586,2.3707141876220703,103.2716293334961
1,165,3.4830596446990967,2.3647799491882324,103.46444702148438
1,166,3.504504680633545,2.44398832321167,103.65557861328125
1,167,3.696769952774048,2.4550681114196777,103.84614562988281
1,168,3.4191408157348633,2.1427252292633057,104.03490447998047
1,169,3.4572157859802246,2.414187431335449,104.22357940673828
1,170,3.53597092628479,2.3103325366973877,104.40898895263672
1,171,3.6199467182159424,2.393110990524292,104.59284210205078
1,172,3.5322117805480957,2.5550498962402344,104.77739715576172
1,173,3.65710186958313,2.5361993312835693,104.9589614868164
1,174,3.510028839111328,2.3660199642181396,105.14064025878906
1,175,3.751534938812256,2.5905661582946777,105.32010650634766
1,176,3.573554039001465,2.3166446685791016,105.49746704101562
1,177,3.592193603515625,2.416701316833496,105.67465209960938
1,178,3.5578396320343018,2.3850631713867188,105.85023498535156
1,179,3.6126725673675537,2.6582138538360596,106.0235366821289
1,180,3.581062078475952,2.4007139205932617,106.1957015991211
1,181,3.566314458847046,2.3711087703704834,106.3685302734375
1,182,3.5460360050201416,2.4693868160247803,106.53807830810547
1,183,3.5028984546661377,2.3574318885803223,106.70756530761719
1,184,3.6018807888031006,2.461933135986328,106.87459564208984
1,185,3.7479982376098633,2.3389663696289062,107.0401840209961
1,186,3.676575183868408,2.391118049621582,107.2071762084961
1,187,3.5517640113830566,2.318488359451294,107.3706283569336
1,188,3.539322853088379,2.331266403198242,107.53480529785156
1,189,3.5257763862609863,2.3958377838134766,107.69501495361328
1,190,3.576382637023926,2.2817487716674805,107.85679626464844
1,191,3.6140754222869873,2.4086029529571533,108.01548767089844
1,192,3.578670024871826,2.2627854347229004,108.1748046875
1,193,3.4704513549804688,2.267756700515747,108.33240509033203
1,194,3.6018431186676025,2.306450366973877,108.48865509033203
1,195,3.661219358444214,2.313645124435425,108.64273834228516
1,196,3.434506893157959,2.132153034210205,108.79742431640625
1,197,3.4532525539398193,2.199725866317749,108.9516830444336
1,198,3.5754051208496094,2.219897747039795,109.10399627685547
1,199,3.5830023288726807,2.123915910720825,109.25364685058594
1,200,3.462815761566162,2.15614914894104,109.4051513671875
1,201,3.504103660583496,2.1289126873016357,109.55367279052734
1,202,3.542154312133789,2.094235897064209,109.7020263671875
1,203,3.4522335529327393,2.2208664417266846,109.84803009033203
1,204,3.646156072616577,2.1759085655212402,109.9959716796875
1,205,3.457632303237915,2.1507391929626465,110.14057159423828
1,206,3.437408924102783,2.1310653686523438,110.2852783203125
1,207,3.562753677368164,2.227731227874756,110.4293212890625
1,208,3.6917920112609863,2.2525036334991455,110.5705337524414
1,209,3.560208320617676,2.068328619003296,110.71114349365234
1,210,3.6424832344055176,2.351184844970703,110.85139465332031
1,211,3.6053433418273926,2.237522602081299,110.98918914794922
1,212,3.6062326431274414,2.2782158851623535,111.12722778320312
1,213,3.5622124671936035,2.1666817665100098,111.2640151977539
1,214,3.6321842670440674,2.3356611728668213,111.40139770507812
1,215,3.519805431365967,2.1982421875,111.53661346435547
1,216,3.5420570373535156,2.1441843509674072,111.66981506347656
1,217,3.7478556632995605,2.124390125274658,111.80290222167969
1,218,3.467388868331909,1.9498393535614014,111.93468475341797
1,219,3.487901449203491,2.025458335876465,112.06715393066406
1,220,3.646254062652588,2.308525800704956,112.19808197021484
1,221,3.654430389404297,2.1825485229492188,112.32823944091797
1,222,3.7106003761291504,2.1939735412597656,112.45734405517578
1,223,3.459583044052124,2.052957773208618,112.58505249023438
1,224,3.526472330093384,2.048689603805542,112.7128677368164
1,225,3.4691905975341797,2.008302688598633,112.84004974365234
1,226,3.58398699760437,2.048164129257202,112.96434783935547
1,227,3.5096795558929443,2.0601749420166016,113.08869171142578
1,228,3.4554855823516846,2.0082199573516846,113.21288299560547
1,229,3.487668037414551,2.115962028503418,113.33560180664062
1,230,3.471472978591919,1.8838139772415161,113.45760345458984
1,231,3.488783121109009,2.0098962783813477,113.57976531982422
1,232,3.36631178855896,1.8931635618209839,113.69835662841797
1,233,3.5175795555114746,1.847596287727356,113.81787109375
1,234,3.6283717155456543,1.916724681854248,113.93901824951172
1,235,3.4729366302490234,1.851251482963562,114.05843353271484
1,236,3.4114232063293457,1.8412261009216309,114.1763916015625
1,237,3.5726897716522217,1.9060640335083008,114.29375457763672
1,238,3.6339495182037354,1.8310569524765015,114.40790557861328
1,239,3.5610764026641846,2.0882866382598877,114.52318572998047
1,240,3.4587576389312744,1.9157642126083374,114.63853454589844
1,241,3.4809746742248535,1.7982324361801147,114.75155639648438
1,242,3.6319777965545654,1.9365270137786865,114.86570739746094
1,243,3.838564157485962,1.8803915977478027,114.97683715820312
1,244,3.4854931831359863,1.9695923328399658,115.08843231201172
1,245,3.4862418174743652,1.965559959411621,115.1998062133789
1,246,3.6738855838775635,2.039241313934326,115.30944061279297
1,247,3.4967539310455322,1.8848706483840942,115.4199447631836
1,248,3.4927632808685303,1.7984310388565063,115.52710723876953
1,249,3.481981039047241,1.9256112575531006,115.63542938232422
1,250,3.5142548084259033,1.913606882095337,115.74176025390625
1,251,3.47055983543396,1.8543097972869873,115.8485107421875
1,252,3.5653061866760254,2.0095813274383545,115.95491027832031
1,253,3.469181537628174,1.9477229118347168,116.06044006347656
1,254,3.4570021629333496,1.9471189975738525,116.16525268554688
1,255,3.6164257526397705,2.0219390392303467,116.26872253417969
1,256,3.478461265563965,1.9263644218444824,116.37254333496094
1,257,3.578716516494751,2.0171282291412354,116.4742202758789
1,258,3.574942111968994,1.9398183822631836,116.57536315917969
1,259,3.5322954654693604,2.0981667041778564,116.67451477050781
1,260,3.329767942428589,2.092914581298828,116.77377319335938
1,261,3.508533000946045,1.9293769598007202,116.87200164794922
1,262,3.535064935684204,1.891849160194397,116.97126007080078
1,263,3.518810749053955,1.788218379020691,117.06890869140625
1,264,3.529176950454712,1.9706552028656006,117.16614532470703
1,265,3.6419270038604736,1.9448152780532837,117.26426696777344
1,266,3.537034034729004,1.858763575553894,117.36115264892578
1,267,3.5385923385620117,1.9984983205795288,117.4570083618164
1,268,3.6172003746032715,1.88197660446167,117.55297088623047
1,269,3.543147087097168,2.0413575172424316,117.64807891845703
1,270,3.5768823623657227,2.049042224884033,117.7419204711914
1,271,3.5394413471221924,1.8897545337677002,117.83525085449219
1,272,3.508404493331909,2.054030179977417,117.92815399169922
1,273,3.6349003314971924,1.9504706859588623,118.02090454101562
1,274,3.5929527282714844,1.965572714805603,118.11349487304688
1,275,3.44357967376709,1.9325270652770996,118.20481872558594
1,276,3.5714311599731445,1.8304462432861328,118.29631042480469
1,277,3.6158342361450195,1.9039232730865479,118.38504028320312
1,278,3.4442949295043945,2.1348845958709717,118.4754409790039
1,279,3.610703945159912,1.9564030170440674,118.56571197509766
1,280,3.4912822246551514,1.9617122411727905,118.65401458740234
1,281,3.5475454330444336,1.9617975950241089,118.74150085449219
1,282,3.551086664199829,1.9190895557403564,118.82910919189453
1,283,3.4889352321624756,1.8842957019805908,118.91315460205078
1,284,3.613536834716797,1.893229603767395,119.00128173828125
1,285,3.6025009155273438,2.001225709915161,119.08675384521484
1,286,3.5349810123443604,1.9239295721054077,119.17176818847656
1,287,3.666618824005127,2.053415536880493,119.25652313232422
1,288,3.6487345695495605,2.073533773422241,119.34183502197266
1,289,3.5921363830566406,1.9589215517044067,119.42430114746094
1,290,3.437938690185547,1.9841521978378296,119.5068130493164
1,291,3.5902581214904785,1.9657071828842163,119.58830261230469
1,292,3.6973490715026855,2.0401933193206787,119.67210388183594
1,293,3.4830121994018555,1.876417875289917,119.75342559814453
1,294,3.5360076427459717,1.9302321672439575,119.83394622802734
1,295,3.5002999305725098,1.884237289428711,119.91419219970703
1,296,3.5450618267059326,1.978792428970337,119.99319458007812
1,297,3.701226234436035,1.9863088130950928,120.07304382324219
1,298,3.646925926208496,1.8937793970108032,120.15247344970703
1,299,3.4673407077789307,1.7812089920043945,120.23123168945312
1,300,3.631023645401001,2.0284676551818848,120.30843353271484
1,301,3.737387180328369,2.180915117263794,120.3846664428711
1,302,3.501389980316162,2.0093514919281006,120.46207427978516
1,303,3.6473777294158936,2.222261905670166,120.53771209716797
1,304,3.5027735233306885,1.9607785940170288,120.6143569946289
1,305,3.5508856773376465,1.973940134048462,120.68800354003906
1,306,3.5783538818359375,1.9520230293273926,120.76063537597656
1,307,3.5470221042633057,1.8543235063552856,120.83451843261719
1,308,3.4552011489868164,1.8878587484359741,120.90841674804688
1,309,3.6184873580932617,1.8783742189407349,120.98200988769531
1,310,3.590184211730957,1.8709945678710938,121.052734375
1,311,3.4718804359436035,1.8300220966339111,121.12548065185547
1,312,3.481534719467163,1.723937749862671,121.19827270507812
1,313,3.5009350776672363,1.842210054397583,121.26848602294922
1,314,3.56927227973938,1.8739855289459229,121.34190368652344
1,315,3.616041898727417,1.869544267654419,121.41312408447266
1,316,3.424257516860962,1.7466446161270142,121.48269653320312
1,317,3.684335947036743,1.8659093379974365,121.55181884765625
1,318,3.5154507160186768,1.6867560148239136,121.62113189697266
1,319,3.4968345165252686,1.8426438570022583,121.6900405883789
1,320,3.416837453842163,1.718237280845642,121.75942993164062
1,321,3.4522879123687744,1.6757770776748657,121.8282699584961
1,322,3.7041423320770264,1.9273064136505127,121.89753723144531
1,323,3.3883020877838135,1.6966421604156494,121.96578979492188
1,324,3.4670817852020264,1.7750576734542847,122.03324127197266
1,325,3.5789949893951416,1.768689751625061,122.09873962402344
1,326,3.4396069049835205,1.7131117582321167,122.16503143310547
1,327,3.544811487197876,1.7329961061477661,122.2306900024414
1,328,3.635648250579834,1.7503446340560913,122.29605102539062
1,329,3.5928680896759033,1.741225004196167,122.36056518554688
1,330,3.5572471618652344,2.0135624408721924,122.42493438720703
1,331,3.577512502670288,1.8496458530426025,122.48805236816406
1,332,3.5911309719085693,1.7841038703918457,122.55191802978516
1,333,3.5947647094726562,1.7112438678741455,122.61602020263672
1,334,3.4754159450531006,1.8624272346496582,122.67960357666016
1,335,3.5794339179992676,1.880448579788208,122.74388122558594
1,336,3.5221450328826904,1.7859314680099487,122.8038330078125
1,337,3.6250500679016113,1.8334362506866455,122.86495971679688
1,338,3.5576629638671875,1.7246273756027222,122.92790985107422
1,339,3.5111985206604004,1.7311265468597412,122.98834228515625
1,340,3.6473236083984375,1.8932617902755737,123.04853820800781
1,341,3.52121639251709,1.8081769943237305,123.10757446289062
1,342,3.6555020809173584,1.8544692993164062,123.16763305664062
1,343,3.462862491607666,1.8729759454727173,123.22582244873047
1,344,3.6759696006774902,1.9058438539505005,123.28397369384766
1,345,3.4631786346435547,1.6684819459915161,123.34365844726562
1,346,3.5402817726135254,1.6935855150222778,123.40198516845703
1,347,3.6411213874816895,1.7454438209533691,123.45917510986328
1,348,3.566932439804077,1.8418560028076172,123.5167465209961
1,349,3.5155656337738037,1.8581080436706543,123.57398223876953
1,350,3.4423904418945312,1.8561148643493652,123.63005065917969
1,351,3.48941707611084,1.7456310987472534,123.68836975097656
1,352,3.468766212463379,1.7496284246444702,123.74502563476562
1,353,3.5311625003814697,1.7903640270233154,123.80171966552734
1,354,3.677881956100464,1.748062252998352,123.85807037353516
1,355,3.5541810989379883,1.745200514793396,123.91344451904297
1,356,3.4432365894317627,1.6749464273452759,123.96949005126953
1,357,3.5801854133605957,1.7651599645614624,124.02474212646484
1,358,3.4958624839782715,1.9600588083267212,124.0797348022461
1,359,3.593616008758545,1.9293732643127441,124.13336944580078
1,360,3.478973865509033,1.7843228578567505,124.18643188476562
1,361,3.4644107818603516,1.8856350183486938,124.24060821533203
1,362,3.587851047515869,1.8028948307037354,124.2927017211914
1,363,3.49889874458313,1.7520273923873901,124.34516906738281
1,364,3.4831485748291016,1.7242696285247803,124.39727783203125
1,365,3.5706307888031006,1.8282692432403564,124.44943237304688
1,366,3.6294350624084473,1.792328119277954,124.50045013427734
1,367,3.5596675872802734,1.6774630546569824,124.55352020263672
1,368,3.5399599075317383,1.6964666843414307,124.60589599609375
1,369,3.595777750015259,1.7137717008590698,124.657470703125
1,370,3.457413911819458,1.6558043956756592,124.70783996582031
1,371,3.5990140438079834,1.6829228401184082,124.76057434082031
1,372,3.5538313388824463,1.9140809774398804,124.8121109008789
1,373,3.499436140060425,1.7080084085464478,124.86094665527344
1,374,3.5373432636260986,1.750762939453125,124.90999603271484
1,375,3.494906425476074,1.6545649766921997,124.95962524414062
1,376,3.534825086593628,1.729744553565979,125.00838470458984
1,377,3.4672775268554688,1.5901715755462646,125.05577087402344
1,378,3.387629747390747,1.6007201671600342,125.10328674316406
1,379,3.5910139083862305,1.6572935581207275,125.1502456665039
1,380,3.57008957862854,1.7007367610931396,125.1973876953125
1,381,3.678621530532837,1.7291287183761597,125.2443618774414
1,382,3.552821397781372,1.6552932262420654,125.29084777832031
1,383,3.5002565383911133,1.6240473985671997,125.33806610107422
1,384,3.542959690093994,1.705679178237915,125.38508605957031
1,385,3.5976109504699707,1.7548707723617554,125.43203735351562
1,386,3.646782398223877,1.777086853981018,125.4776840209961
1,387,3.5865519046783447,1.8049756288528442,125.52386474609375
1,388,3.4756743907928467,1.8752156496047974,125.56988525390625
1,389,3.640367269515991,1.988696813583374,125.61514282226562
1,390,3.469801664352417,1.7930500507354736,125.65957641601562
1,391,3.5753605365753174,1.810234546661377,125.70357513427734
1,392,3.5502476692199707,1.7006499767303467,125.74681854248047
1,393,3.648346185684204,1.976396918296814,125.79059600830078
1,394,3.5713682174682617,1.7682572603225708,125.8340835571289
1,395,3.554661750793457,1.8634902238845825,125.87718200683594
1,396,3.6079416275024414,1.6912914514541626,125.92266845703125
1,397,3.509429454803467,1.6701353788375854,125.9651870727539
1,398,3.62142014503479,1.7402799129486084,126.0079345703125
1,399,3.5443902015686035,1.7152867317199707,126.05122375488281
1,400,3.606515407562256,1.6152757406234741,126.0947036743164
1,401,3.568370819091797,1.6477023363113403,126.13753509521484
1,402,3.514878511428833,1.6407315731048584,126.18103790283203
1,403,3.60789155960083,1.7393778562545776,126.22357177734375
1,404,3.5659337043762207,1.9982926845550537,126.26446533203125
1,405,3.569284439086914,1.798585057258606,126.30567169189453
1,406,3.5818378925323486,1.7175102233886719,126.34722900390625
1,407,3.5667777061462402,1.7298076152801514,126.38799285888672
1,408,3.3740997314453125,1.5693565607070923,126.42874145507812
1,409,3.574941635131836,1.9282455444335938,126.4698257446289
1,410,3.545675754547119,1.8475171327590942,126.50891876220703
1,411,3.5085930824279785,1.6984939575195312,126.54835510253906
1,412,3.396313190460205,1.507616400718689,126.5879898071289
1,413,3.569356679916382,1.6344244480133057,126.62609100341797
1,414,3.4117491245269775,1.5249029397964478,126.66459655761719
1,415,3.4403703212738037,1.5216189622879028,126.70394134521484
1,416,3.4736804962158203,1.605641484260559,126.74278259277344
1,417,3.6425395011901855,1.6057484149932861,126.7817153930664
1,418,3.620835304260254,1.494585394859314,126.82095336914062
1,419,3.529932737350464,1.5604535341262817,126.85814666748047
1,420,3.4972853660583496,1.5627645254135132,126.89654541015625
1,421,3.436122179031372,1.5985066890716553,126.93468475341797
1,422,3.5123653411865234,1.5375347137451172,126.97149658203125
1,423,3.6662979125976562,1.6590559482574463,127.0069580078125
1,424,3.6034176349639893,1.5897526741027832,127.04436492919922
1,425,3.516833782196045,1.4886387586593628,127.08182525634766
1,426,3.5331180095672607,1.561977505683899,127.11729431152344
1,427,3.5693039894104004,1.5332077741622925,127.15483856201172
1,428,3.6764328479766846,1.619371771812439,127.19243621826172
1,429,3.55021595954895,1.5589346885681152,127.22838592529297
1,430,3.594513416290283,1.5920746326446533,127.26336669921875
1,431,3.5416619777679443,1.632811427116394,127.29810333251953
1,432,3.519209623336792,1.6668897867202759,127.33250427246094
1,433,3.6676995754241943,1.7939839363098145,127.36676025390625
1,434,3.5374386310577393,1.6407129764556885,127.40106201171875
1,435,3.609255075454712,1.6645203828811646,127.4357681274414
1,436,3.544947624206543,1.6621822118759155,127.46796417236328
1,437,3.71995210647583,1.7181288003921509,127.50289916992188
1,438,3.440044641494751,1.7108443975448608,127.53677368164062
1,439,3.5493016242980957,1.6148535013198853,127.57098388671875
1,440,3.5622951984405518,1.6919257640838623,127.60540771484375
1,441,3.529461145401001,1.6022318601608276,127.63955688476562
1,442,3.5875821113586426,1.6383963823318481,127.67255401611328
1,443,3.4541213512420654,1.6399677991867065,127.70545196533203
1,444,3.7104294300079346,2.008871078491211,127.7384262084961
1,445,3.555964946746826,1.765568733215332,127.77227020263672
1,446,3.4737958908081055,1.5631685256958008,127.80543518066406
1,447,3.39326810836792,1.571349859237671,127.83875274658203
1,448,3.6551406383514404,1.609309196472168,127.87069702148438
1,449,3.4131431579589844,1.5376691818237305,127.90210723876953
1,450,3.4722583293914795,1.530482292175293,127.93355560302734
1,451,3.4360129833221436,1.535427451133728,127.96537780761719
1,452,3.5323731899261475,1.72850501537323,127.99726104736328
1,453,3.6201388835906982,1.7950876951217651,128.02761840820312
1,454,3.6683437824249268,1.7125320434570312,128.0596160888672
1,455,3.5669310092926025,1.6753822565078735,128.09033203125
1,456,3.6066863536834717,1.6346648931503296,128.12020874023438
1,457,3.5755207538604736,1.6958065032958984,128.1505126953125
1,458,3.6802258491516113,1.6494336128234863,128.17953491210938
1,459,3.5582714080810547,1.5900461673736572,128.2090301513672
1,460,3.490821123123169,1.7549077272415161,128.2384490966797
1,461,3.527256727218628,1.700197458267212,128.26837158203125
1,462,3.638084650039673,1.7687475681304932,128.2982635498047
1,463,3.593339204788208,1.8663755655288696,128.32781982421875
1,464,3.540607213973999,1.750077247619629,128.35903930664062
1,465,3.615983724594116,1.6977978944778442,128.3880615234375
1,466,3.451702356338501,1.66057550907135,128.41708374023438
1,467,3.5925979614257812,1.7081005573272705,128.44569396972656
1,468,3.495502233505249,1.6071391105651855,128.47439575195312
1,469,3.4875848293304443,1.6327444314956665,128.50277709960938
1,470,3.6661791801452637,1.7773820161819458,128.530517578125
1,471,3.5304431915283203,1.6352170705795288,128.55752563476562
1,472,3.4759840965270996,1.7458221912384033,128.5861053466797
1,473,3.477741241455078,1.685654878616333,128.61302185058594
1,474,3.6130454540252686,1.827070713043213,128.64051818847656
1,475,3.551989793777466,1.6484339237213135,128.6682586669922
1,476,3.4459640979766846,1.77622652053833,128.69546508789062
1,477,3.685184955596924,1.8625937700271606,128.72091674804688
1,478,3.4471395015716553,1.8373135328292847,128.74740600585938
1,479,3.4997100830078125,1.750935435295105,128.7743682861328
1,480,3.448551893234253,1.593035340309143,128.80126953125
1,481,3.511887788772583,1.7939965724945068,128.82801818847656
1,482,3.6672048568725586,1.7026572227478027,128.85450744628906
1,483,3.651425361633301,1.742997646331787,128.88165283203125
1,484,3.503757953643799,1.6120662689208984,128.9097900390625
1,485,3.6665029525756836,1.7639448642730713,128.93421936035156
1,486,3.760915517807007,1.7610318660736084,128.95826721191406
1,487,3.65576434135437,1.5995312929153442,128.98297119140625
1,488,3.5212888717651367,1.6200971603393555,129.00917053222656
1,489,3.7115609645843506,1.663016438484192,129.0354766845703
1,490,3.626366376876831,1.7787680625915527,129.06173706054688
1,491,3.7812366485595703,1.6816611289978027,129.087646484375
1,492,3.4211573600769043,1.5184389352798462,129.11293029785156
1,493,3.489514112472534,1.6346378326416016,129.13772583007812
1,494,3.4149343967437744,1.7582775354385376,129.16107177734375
1,495,3.5459346771240234,1.6612001657485962,129.18580627441406
1,496,3.591320037841797,1.7927708625793457,129.2109832763672
1,497,3.5360071659088135,1.9063560962677002,129.23460388183594
1,498,3.5712876319885254,1.6672601699829102,129.25897216796875
1,499,3.648883104324341,1.8747599124908447,129.2814483642578
1,500,3.5564939975738525,1.6537643671035767,129.30490112304688
1,501,3.5584187507629395,1.7551072835922241,129.32725524902344
1,502,3.5658950805664062,1.7250932455062866,129.35061645507812
1,503,3.5409884452819824,1.628686785697937,129.3744659423828
1,504,3.5404655933380127,1.7400047779083252,129.3976287841797
1,505,3.6060595512390137,1.7553526163101196,129.42041015625
1,506,3.684000015258789,1.823349118232727,129.44480895996094
1,507,3.7670373916625977,1.9384307861328125,129.467041015625
1,508,3.5335958003997803,1.788314938545227,129.49093627929688
1,509,3.6054015159606934,1.7162730693817139,129.5137939453125
1,510,3.502312421798706,1.7227094173431396,129.5366668701172
1,511,3.623690605163574,1.845047116279602,129.55950927734375
1,512,3.5913124084472656,1.6924989223480225,129.58026123046875
1,513,3.6464297771453857,1.6328527927398682,129.60421752929688
1,514,3.49466609954834,1.6628137826919556,129.6255340576172
1,515,3.4759681224823,1.6750268936157227,129.64712524414062
1,516,3.5428996086120605,1.7670923471450806,129.66741943359375
1,517,3.3889238834381104,1.6531411409378052,129.68824768066406
1,518,3.554286241531372,1.7282136678695679,129.70811462402344
1,519,3.531277894973755,1.6922909021377563,129.729248046875
1,520,3.64900279045105,1.6608160734176636,129.75003051757812
1,521,3.5537209510803223,1.6661587953567505,129.770263671875
1,522,3.7362353801727295,2.1413791179656982,129.79139709472656
1,523,3.648472547531128,1.7587746381759644,129.81126403808594
1,524,3.489264965057373,1.7339820861816406,129.83067321777344
1,525,3.6030688285827637,1.8045248985290527,129.85232543945312
1,526,3.5549488067626953,1.7706406116485596,129.8717041015625
1,527,3.517453193664551,1.8677910566329956,129.89205932617188
1,528,3.5165860652923584,1.7671231031417847,129.91355895996094
1,529,3.520740270614624,1.7654635906219482,129.9332275390625
1,530,3.5800185203552246,1.8088421821594238,129.95326232910156
1,531,3.633918285369873,1.7203385829925537,129.97293090820312
1,532,3.6586220264434814,1.869951605796814,129.9925994873047
1,533,3.640685558319092,1.9086415767669678,130.01235961914062
1,534,3.4297566413879395,1.6433666944503784,130.0308074951172
1,535,3.6308724880218506,1.6923805475234985,130.04847717285156
1,536,3.5624842643737793,1.7447007894515991,130.0672149658203
1,537,3.5285210609436035,1.851244330406189,130.08721923828125
1,538,3.4913527965545654,1.7575035095214844,130.10543823242188
1,539,3.6227176189422607,1.6532728672027588,130.1228790283203
1,540,3.6838879585266113,1.6513547897338867,130.14166259765625
1,541,3.5975358486175537,1.7134299278259277,130.16104125976562
1,542,3.4404139518737793,1.5502148866653442,130.18064880371094
1,543,3.632432222366333,1.71656334400177,130.1991729736328
1,544,3.6014440059661865,1.6552631855010986,130.21768188476562
1,545,3.569059371948242,1.6955714225769043,130.23533630371094
1,546,3.4957878589630127,1.55942964553833,130.25257873535156
1,547,3.667900800704956,1.7242883443832397,130.26998901367188
1,548,3.472498655319214,1.7221678495407104,130.28697204589844
1,549,3.583556652069092,1.6475969552993774,130.30410766601562
1,550,3.5536842346191406,1.7255921363830566,130.3214569091797
1,551,3.526789426803589,1.6326760053634644,130.33949279785156
1,552,3.5542657375335693,1.8224091529846191,130.35806274414062
1,553,3.5984368324279785,1.8200080394744873,130.3747100830078
1,554,3.450493097305298,1.6210103034973145,130.39288330078125
1,555,3.4521443843841553,1.6617933511734009,130.4095458984375
1,556,3.6979141235351562,1.70924973487854,130.4266357421875
1,557,3.605266571044922,1.7542999982833862,130.4427032470703
1,558,3.5461602210998535,1.7158210277557373,130.46107482910156
1,559,3.678075075149536,1.750454068183899,130.47930908203125
1,560,3.6373672485351562,1.6350141763687134,130.4950408935547
1,561,3.7402894496917725,1.6337181329727173,130.51272583007812
1,562,3.4949028491973877,1.7368665933609009,130.52745056152344
1,563,3.650820255279541,1.7754801511764526,130.544189453125
1,564,3.666121244430542,1.8015377521514893,130.56005859375
1,565,3.5165610313415527,1.6398416757583618,130.5758819580078
1,566,3.630812883377075,1.8090566396713257,130.59326171875
1,567,3.4500839710235596,1.498943567276001,130.60887145996094
1,568,3.4332406520843506,1.6779437065124512,130.62344360351562
1,569,3.5644168853759766,1.8342177867889404,130.6395721435547
1,570,3.5485289096832275,1.6385043859481812,130.6548614501953
1,571,3.481818437576294,1.816507339477539,130.67080688476562
1,572,3.629060983657837,1.758751392364502,130.6861114501953
1,573,3.6005077362060547,1.6525853872299194,130.7000274658203
1,574,3.611884355545044,1.7301090955734253,130.7130126953125
1,575,3.6363155841827393,1.662000060081482,130.72848510742188
1,576,3.6143500804901123,1.7910414934158325,130.74075317382812
1,577,3.5849804878234863,1.797236442565918,130.75640869140625
1,578,3.5477445125579834,1.7151528596878052,130.77133178710938
1,579,3.5967838764190674,1.7070485353469849,130.78602600097656
1,580,3.6917707920074463,1.8146880865097046,130.7998504638672
1,581,3.604886770248413,1.7488936185836792,130.81558227539062
1,582,3.5420773029327393,1.671155571937561,130.830078125
1,583,3.5744919776916504,1.6729248762130737,130.8455810546875
1,584,3.56037974357605,1.5873117446899414,130.86053466796875
1,585,3.444671392440796,1.6032668352127075,130.8735809326172
1,586,3.528320550918579,1.7483714818954468,130.8858642578125
1,587,3.4491055011749268,1.7269976139068604,130.90162658691406
1,588,3.5928101539611816,1.6642862558364868,130.91636657714844
1,589,3.5839931964874268,1.7296638488769531,130.9312744140625
1,590,3.594092607498169,1.7235016822814941,130.94256591796875
1,591,3.608480215072632,1.6914832592010498,130.9567108154297
1,592,3.6343350410461426,1.7260247468948364,130.97193908691406
1,593,3.5631773471832275,2.106827735900879,130.98643493652344
1,594,3.5699198246002197,2.106548547744751,130.99974060058594
1,595,3.656269073486328,1.8889610767364502,131.01058959960938
1,596,3.6120121479034424,2.1107754707336426,131.02389526367188
1,597,3.5046348571777344,1.8523077964782715,131.0381622314453
1,598,3.5512442588806152,1.8030006885528564,131.05084228515625
1,599,3.488715648651123,1.9006564617156982,131.0648193359375
1,600,3.5077173709869385,1.9108349084854126,131.07774353027344
1,601,3.652614116668701,1.7825613021850586,131.0907745361328
1,602,3.4587466716766357,1.732650637626648,131.10418701171875
1,603,3.5958316326141357,1.6863822937011719,131.1175079345703
1,604,3.652794361114502,1.8140151500701904,131.13059997558594
1,605,3.5066003799438477,1.6257784366607666,131.14364624023438
1,606,3.6281819343566895,1.7374842166900635,131.15719604492188
1,607,3.587597608566284,1.768680453300476,131.1708526611328
1,608,3.4971659183502197,1.8631041049957275,131.18408203125
1,609,3.5847561359405518,1.6245324611663818,131.19700622558594
1,610,3.604151487350464,1.718874454498291,131.2093505859375
1,611,3.582934617996216,1.6339808702468872,131.2205810546875
1,612,3.5008533000946045,1.7135051488876343,131.23501586914062
1,613,3.509594678878784,1.6370031833648682,131.24594116210938
1,614,3.5718793869018555,1.7597241401672363,131.25946044921875
1,615,3.651573657989502,1.6885206699371338,131.2701873779297
1,616,3.6650784015655518,1.7086728811264038,131.2826690673828
1,617,3.592533588409424,1.6884911060333252,131.29359436035156
1,618,3.675304651260376,1.6616874933242798,131.3062744140625
1,619,3.6100821495056152,1.7231457233428955,131.3188018798828
1,620,3.595564365386963,1.9201548099517822,131.33309936523438
1,621,3.5026421546936035,1.7223137617111206,131.3458709716797
1,622,3.659904956817627,1.669549584388733,131.3589630126953
1,623,3.4348394870758057,1.5502015352249146,131.37144470214844
1,624,3.4911000728607178,1.6441872119903564,131.38336181640625
1,625,3.5319595336914062,1.6776643991470337,131.39541625976562
1,626,3.5662965774536133,1.7733961343765259,131.40725708007812
1,627,3.5870602130889893,1.8180274963378906,131.4191131591797
1,628,3.613264322280884,1.7269201278686523,131.4314727783203
1,629,3.3944544792175293,1.5903539657592773,131.442138671875
1,630,3.4340968132019043,1.7037646770477295,131.45504760742188
1,631,3.5835041999816895,1.7157102823257446,131.46620178222656
1,632,3.4906489849090576,1.4721380472183228,131.4772186279297
1,633,3.6152496337890625,1.691215991973877,131.4877166748047
1,634,3.561866521835327,1.6071432828903198,131.49801635742188
1,635,3.578293800354004,1.5129114389419556,131.50914001464844
1,636,3.594759225845337,1.6051535606384277,131.51852416992188
1,637,3.603516101837158,1.6389713287353516,131.52938842773438
1,638,3.4941446781158447,1.492152214050293,131.53807067871094
1,639,3.377903938293457,1.5001486539840698,131.54898071289062
1,640,3.6401429176330566,1.5385774374008179,131.55934143066406
1,641,3.6576128005981445,1.5966659784317017,131.56982421875
1,642,3.588575601577759,1.5345741510391235,131.57908630371094
1,643,3.6769800186157227,1.5989434719085693,131.58970642089844
1,644,3.6384949684143066,1.6230976581573486,131.59954833984375
1,645,3.6179704666137695,1.5198827981948853,131.6088409423828
1,646,3.640986680984497,1.695934534072876,131.6184539794922
1,647,3.667165994644165,1.7396728992462158,131.6297149658203
1,648,3.6789026260375977,1.4778603315353394,131.63917541503906
1,649,3.584195375442505,1.4754990339279175,131.65017700195312
1,650,3.5557570457458496,1.6123676300048828,131.65936279296875
1,651,3.5489490032196045,1.7870359420776367,131.6692657470703
1,652,3.712559223175049,1.5937377214431763,131.67913818359375
1,653,3.654794216156006,1.6404101848602295,131.68959045410156
1,654,3.6708648204803467,1.5824570655822754,131.69969177246094
1,655,3.591463804244995,1.5723754167556763,131.7078094482422
1,656,3.5390918254852295,1.6152441501617432,131.71697998046875
1,657,3.5016067028045654,1.7941690683364868,131.72596740722656
1,658,3.3898377418518066,1.6707819700241089,131.73593139648438
1,659,3.6470437049865723,1.7038129568099976,131.74505615234375
1,660,3.524982213973999,1.743593692779541,131.75575256347656
1,661,3.613049030303955,1.6286753416061401,131.76480102539062
1,662,3.6714468002319336,1.7579445838928223,131.77308654785156
1,663,3.5785486698150635,1.7023985385894775,131.7828369140625
1,664,3.4686946868896484,1.5869938135147095,131.79086303710938
1,665,3.5248985290527344,1.6509780883789062,131.80062866210938
1,666,3.69893479347229,1.9008641242980957,131.80946350097656
1,667,3.451939344406128,1.5810900926589966,131.81983947753906
1,668,3.6764485836029053,1.7327728271484375,131.82850646972656
1,669,3.628016233444214,1.6108261346817017,131.8375244140625
1,670,3.627396583557129,1.6427757740020752,131.8480224609375
1,671,3.641949415206909,1.649830937385559,131.85784912109375
1,672,3.533642053604126,1.669709324836731,131.86642456054688
1,673,3.5460617542266846,1.7441598176956177,131.87582397460938
1,674,3.43034291267395,1.6003845930099487,131.88232421875
1,675,3.5734753608703613,1.6600964069366455,131.8910369873047
1,676,3.4743950366973877,1.8097656965255737,131.89990234375
1,677,3.3837828636169434,1.677624225616455,131.90853881835938
1,678,3.5388851165771484,1.5650352239608765,131.9182586669922
1,679,3.4844963550567627,1.6383774280548096,131.9246826171875
1,680,3.542264938354492,1.7153739929199219,131.93479919433594
1,681,3.486819267272949,1.698699951171875,131.94198608398438
1,682,3.462013006210327,1.6536591053009033,131.9502410888672
1,683,3.4139938354492188,1.6839306354522705,131.96109008789062
1,684,3.5958478450775146,1.5681434869766235,131.96896362304688
1,685,3.5201985836029053,1.6526747941970825,131.9772186279297
1,686,3.635906934738159,1.6770201921463013,131.9846954345703
1,687,3.6370511054992676,1.6795597076416016,131.99351501464844
1,688,3.647141695022583,1.869320273399353,131.99957275390625
1,689,3.455230474472046,1.7757923603057861,132.00694274902344
1,690,3.6677463054656982,1.6341959238052368,132.0148162841797
1,691,3.4961860179901123,1.6418617963790894,132.02159118652344
1,692,3.4997029304504395,1.8044742345809937,132.0298614501953
1,693,3.628817319869995,1.6458576917648315,132.03807067871094
1,694,3.438107967376709,1.6685439348220825,132.04539489746094
1,695,3.6026532649993896,1.7182050943374634,132.053466796875
1,696,3.4677743911743164,1.6658893823623657,132.06068420410156
1,697,3.529374837875366,1.6196482181549072,132.07008361816406
1,698,3.71555495262146,2.0934340953826904,132.07669067382812
1,699,3.593339443206787,1.620789647102356,132.0836639404297
1,700,3.615719795227051,1.624038577079773,132.09078979492188
1,701,3.6491520404815674,1.5422999858856201,132.09918212890625
1,702,3.595104217529297,1.6993763446807861,132.10472106933594
1,703,3.57782244682312,1.6704167127609253,132.11082458496094
1,704,3.477532386779785,1.5927079916000366,132.1174774169922
1,705,3.57138991355896,1.5530589818954468,132.1245574951172
1,706,3.6665256023406982,1.6224077939987183,132.13185119628906
1,707,3.6952602863311768,1.5870577096939087,132.13880920410156
1,708,3.7368838787078857,1.8321325778961182,132.1456756591797
1,709,3.6010189056396484,1.7203638553619385,132.15158081054688
1,710,3.3967208862304688,1.9206640720367432,132.16085815429688
1,711,3.392979383468628,1.9851441383361816,132.1682586669922
1,712,3.6201539039611816,1.6207118034362793,132.17544555664062
1,713,3.496722459793091,1.6027332544326782,132.18373107910156
1,714,3.4785542488098145,1.6045242547988892,132.19175720214844
1,715,3.5682599544525146,1.6132625341415405,132.19796752929688
1,716,3.5974602699279785,1.593110203742981,132.20465087890625
1,717,3.6392006874084473,1.486579179763794,132.20993041992188
1,718,3.5233778953552246,1.574554204940796,132.2159423828125
1,719,3.8218581676483154,1.7642658948898315,132.2242431640625
1,720,3.5159010887145996,1.520232915878296,132.2314453125
1,721,3.565823554992676,1.5801737308502197,132.23695373535156
1,722,3.6268441677093506,1.653022050857544,132.24534606933594
1,723,3.525719165802002,1.4732725620269775,132.25254821777344
1,724,3.5465846061706543,1.6164941787719727,132.25900268554688
1,725,3.475501298904419,1.6044715642929077,132.26425170898438
1,726,3.531766891479492,1.4997092485427856,132.27145385742188
1,727,3.4935638904571533,2.0891153812408447,132.27853393554688
1,728,3.6298575401306152,1.5787990093231201,132.28639221191406
1,729,3.6540560722351074,1.4820023775100708,132.29232788085938
1,730,3.588287115097046,1.5991015434265137,132.2984619140625
1,731,3.4715235233306885,1.5393006801605225,132.3050994873047
1,732,3.502410650253296,1.6070197820663452,132.31149291992188
1,733,3.513869285583496,1.6410434246063232,132.31826782226562
1,734,3.678492784500122,1.5460009574890137,132.32403564453125
1,735,3.5761618614196777,1.6011637449264526,132.3312225341797
1,736,3.687525749206543,1.6457785367965698,132.33839416503906
1,737,3.5537898540496826,1.689904808998108,132.3441619873047
1,738,3.6121866703033447,1.5956339836120605,132.3495635986328
1,739,3.6768128871917725,1.6233012676239014,132.35621643066406
1,740,3.6352367401123047,1.5956531763076782,132.3609161376953
1,741,3.4212520122528076,1.5278898477554321,132.36866760253906
1,742,3.6400339603424072,1.7524033784866333,132.37718200683594
1,743,3.6097395420074463,1.8916666507720947,132.3831787109375
1,744,3.6728768348693848,1.6962357759475708,132.38804626464844
1,745,3.6318612098693848,1.6617132425308228,132.39427185058594
1,746,3.5722272396087646,1.7710291147232056,132.4002227783203
1,747,3.6726620197296143,1.6680960655212402,132.4053192138672
1,748,3.5312082767486572,1.5439423322677612,132.41070556640625
1,749,3.5977470874786377,1.5545800924301147,132.4141845703125
1,750,3.398195266723633,1.4766509532928467,132.42013549804688
1,751,3.543851137161255,1.7729110717773438,132.42568969726562
1,752,3.6153666973114014,1.5898499488830566,132.432373046875
1,753,3.524867534637451,1.5932363271713257,132.4362335205078
1,754,3.499565601348877,1.475828766822815,132.4407958984375
1,755,3.6606292724609375,1.4780179262161255,132.4470672607422
1,756,3.5272152423858643,1.469038724899292,132.45281982421875
1,757,3.8342065811157227,1.6676512956619263,132.45791625976562
1,758,3.6605570316314697,1.6482255458831787,132.4605712890625
1,759,3.5798089504241943,1.7268462181091309,132.4648895263672
1,760,3.655219316482544,1.6402844190597534,132.47254943847656
1,761,3.619933605194092,1.5089668035507202,132.4757080078125
1,762,3.605015277862549,1.5264320373535156,132.4803466796875
1,763,3.490891218185425,1.6443378925323486,132.48611450195312
1,764,3.4700963497161865,1.5124374628067017,132.49131774902344
1,765,3.5160703659057617,1.5858901739120483,132.49659729003906
1,766,3.6095266342163086,1.8421133756637573,132.50088500976562
1,767,3.467478036880493,1.5464880466461182,132.50502014160156
1,768,3.5146968364715576,1.638139009475708,132.50880432128906
1,769,3.522918701171875,1.5825409889221191,132.51242065429688
1,770,3.5082552433013916,1.6600395441055298,132.51617431640625
1,771,3.431096076965332,1.5816316604614258,132.52215576171875
1,772,3.52329421043396,1.4950639009475708,132.5266571044922
1,773,3.619357109069824,1.5151432752609253,132.53135681152344
1,774,3.599199056625366,1.7583656311035156,132.5365753173828
1,775,3.5934619903564453,1.6461189985275269,132.5417938232422
1,776,3.4808194637298584,1.8648772239685059,132.54653930664062
1,777,3.4892020225524902,1.575371265411377,132.55050659179688
1,778,3.5467019081115723,1.7048969268798828,132.5548858642578
1,779,3.5567140579223633,1.6908164024353027,132.55935668945312
1,780,3.61698055267334,1.5077766180038452,132.56405639648438
1,781,3.42547345161438,1.577134132385254,132.5681610107422
1,782,3.470512628555298,1.5049127340316772,132.57492065429688
1,783,3.4462623596191406,1.6504584550857544,132.5798797607422
1,784,3.5694973468780518,1.6550869941711426,132.58499145507812
1,785,3.675165891647339,1.650442361831665,132.58981323242188
1,786,3.5428109169006348,1.6394104957580566,132.5954132080078
1,787,3.43723726272583,1.6286633014678955,132.59954833984375
1,788,3.6332900524139404,1.6253968477249146,132.6047821044922
1,789,3.4733901023864746,1.520466923713684,132.6089630126953
1,790,3.5670838356018066,1.584913730621338,132.6148223876953
1,791,3.4990601539611816,1.5037165880203247,132.61911010742188
1,792,3.5393271446228027,1.576767921447754,132.62208557128906
1,793,3.5688610076904297,1.628743290901184,132.62759399414062
1,794,3.563898801803589,1.5793663263320923,132.63253784179688
1,795,3.602627992630005,1.701744794845581,132.63584899902344
1,796,3.5732297897338867,1.5758259296417236,132.63876342773438
1,797,3.649308443069458,1.7755274772644043,132.64317321777344
1,798,3.589484453201294,1.699151873588562,132.64691162109375
1,799,3.4609060287475586,1.6450384855270386,132.65174865722656
1,800,3.6294658184051514,1.6909736394882202,132.6564178466797
1,801,3.7035605907440186,1.6658167839050293,132.65992736816406
1,802,3.5362162590026855,1.6052833795547485,132.66552734375
1,803,3.634366989135742,1.6690263748168945,132.67025756835938
1,804,3.611910343170166,1.627218246459961,132.6752166748047
1,805,3.5152628421783447,1.7182203531265259,132.67996215820312
1,806,3.5552287101745605,1.846497893333435,132.68365478515625
1,807,3.5829927921295166,1.701206088066101,132.68753051757812
1,808,3.6982574462890625,1.6277693510055542,132.69229125976562
1,809,3.7347943782806396,1.7172030210494995,132.69552612304688
1,810,3.480769634246826,1.6369627714157104,132.6988525390625
1,811,3.5759434700012207,1.6271848678588867,132.70277404785156
1,812,3.487971067428589,1.6732679605484009,132.70846557617188
1,813,3.4970293045043945,1.6337660551071167,132.71250915527344
1,814,3.5218465328216553,1.5313862562179565,132.71676635742188
1,815,3.435445547103882,1.5799076557159424,132.71954345703125
1,816,3.562927722930908,1.5424277782440186,132.72329711914062
1,817,3.5181074142456055,1.6014530658721924,132.72703552246094
1,818,3.7459263801574707,1.7831367254257202,132.7322540283203
1,819,3.5738232135772705,1.5703603029251099,132.73614501953125
1,820,3.51870059967041,1.6031790971755981,132.73867797851562
1,821,3.585865020751953,1.638722538948059,132.74368286132812
1,822,3.733264207839966,1.9152134656906128,132.7471160888672
1,823,3.4942798614501953,1.6194300651550293,132.75091552734375
1,824,3.621852159500122,1.693877100944519,132.75462341308594
1,825,3.571239471435547,1.7540427446365356,132.75924682617188
1,826,3.6051807403564453,1.5703256130218506,132.763671875
1,827,3.5404560565948486,1.4829673767089844,132.76715087890625
1,828,3.5972375869750977,1.5834193229675293,132.7714080810547
1,829,3.7153730392456055,1.695878028869629,132.77548217773438
1,830,3.4298651218414307,1.541934609413147,132.77957153320312
1,831,3.636589288711548,1.5905181169509888,132.7821502685547
1,832,3.5362558364868164,1.7159384489059448,132.78646850585938
1,833,3.5997016429901123,1.5920134782791138,132.79129028320312
1,834,3.543989419937134,1.5484389066696167,132.79461669921875
1,835,3.5662949085235596,1.6128313541412354,132.80032348632812
1,836,3.6648881435394287,1.5500669479370117,132.80441284179688
1,837,3.687418222427368,1.5867313146591187,132.80816650390625
1,838,3.607733964920044,1.4955782890319824,132.8124237060547
1,839,3.5650978088378906,1.5959081649780273,132.8157196044922
1,840,3.5652644634246826,1.4629979133605957,132.81854248046875
1,841,3.531752586364746,1.5481327772140503,132.82220458984375
1,842,3.458608627319336,1.6036795377731323,132.82542419433594
1,843,3.511723756790161,1.5723766088485718,132.82847595214844
1,844,3.577542781829834,1.5965063571929932,132.83306884765625
1,845,3.5506789684295654,1.855167031288147,132.8363800048828
1,846,3.5952861309051514,1.554010033607483,132.8404083251953
1,847,3.6117329597473145,1.5044879913330078,132.84413146972656
1,848,3.5729565620422363,1.6044727563858032,132.84750366210938
1,849,3.607307195663452,1.6713283061981201,132.85147094726562
1,850,3.4836080074310303,1.694199562072754,132.85581970214844
1,851,3.5650501251220703,1.5486232042312622,132.85833740234375
1,852,3.4829506874084473,1.604400396347046,132.8616943359375
1,853,3.585524320602417,1.6738314628601074,132.86599731445312
1,854,3.640965700149536,1.685063362121582,132.86849975585938
1,855,3.575518846511841,1.6196818351745605,132.87222290039062
1,856,3.625178575515747,1.571103811264038,132.87539672851562
1,857,3.561553716659546,1.659343957901001,132.87924194335938
1,858,3.716481924057007,1.6672412157058716,132.88124084472656
1,859,3.5838510990142822,1.601124882698059,132.88442993164062
1,860,3.709364652633667,1.5799182653427124,132.88796997070312
1,861,3.518378496170044,1.613458514213562,132.89186096191406
1,862,3.530045986175537,1.6651266813278198,132.8944549560547
1,863,3.625455379486084,1.6903231143951416,132.89781188964844
1,864,3.603247880935669,1.7130229473114014,132.9002227783203
1,865,3.536592960357666,1.6962934732437134,132.90386962890625
1,866,3.46928071975708,1.6961365938186646,132.906005859375
1,867,3.446259021759033,1.7233721017837524,132.90843200683594
1,868,3.5415451526641846,1.6275362968444824,132.91006469726562
1,869,3.6136176586151123,1.7480367422103882,132.91319274902344
1,870,3.5428383350372314,1.6952431201934814,132.91555786132812
1,871,3.545250654220581,1.623265266418457,132.9160614013672
1,872,3.411407232284546,1.7022899389266968,132.91827392578125
1,873,3.6021652221679688,1.7135602235794067,132.92010498046875
1,874,3.429926872253418,1.6973836421966553,132.92129516601562
1,875,3.5253169536590576,1.6403673887252808,132.92425537109375
1,876,3.6623215675354004,1.7120018005371094,132.92799377441406
1,877,3.593712568283081,1.7357975244522095,132.9313507080078
1,878,3.443451166152954,1.7447675466537476,132.9326934814453
1,879,3.6132314205169678,1.7527261972427368,132.93438720703125
1,880,3.4963207244873047,1.6804492473602295,132.93809509277344
1,881,3.6183533668518066,1.7884706258773804,132.9394989013672
1,882,3.5327203273773193,1.7043546438217163,132.94381713867188
1,883,3.3739161491394043,1.6378289461135864,132.94659423828125
1,884,3.450073003768921,1.559751033782959,132.94955444335938
1,885,3.60113787651062,1.5565342903137207,132.95004272460938
1,886,3.63594388961792,1.5799307823181152,132.95298767089844
1,887,3.683023691177368,1.521771788597107,132.95590209960938
1,888,3.3751754760742188,1.5347884893417358,132.9586639404297
1,889,3.508629083633423,1.6065318584442139,132.96168518066406
1,890,3.6044235229492188,1.5621217489242554,132.96615600585938
1,891,3.438765287399292,1.5169497728347778,132.96954345703125
1,892,3.477863311767578,1.6115728616714478,132.97195434570312
1,893,3.5277602672576904,1.5723227262496948,132.97412109375
1,894,3.515349864959717,1.5035709142684937,132.97689819335938
1,895,3.5591516494750977,1.481628656387329,132.97879028320312
1,896,3.5710959434509277,1.5830135345458984,132.98110961914062
1,897,3.7195286750793457,1.5932917594909668,132.98480224609375
1,898,3.555321455001831,1.6766992807388306,132.98597717285156
1,899,3.3195018768310547,1.4681775569915771,132.9879913330078
1,900,3.453850269317627,1.599421739578247,132.98983764648438
1,901,3.6085097789764404,1.4505281448364258,132.99261474609375
1,902,3.570823907852173,1.5662883520126343,132.99557495117188
1,903,3.6332850456237793,1.5950993299484253,132.9971160888672
1,904,3.685378313064575,1.6052430868148804,132.9989776611328
1,905,3.5336005687713623,1.5605076551437378,133.0030059814453
1,906,3.6446754932403564,1.5924900770187378,133.00518798828125
1,907,3.612255573272705,1.5990101099014282,133.0083770751953
1,908,3.6782047748565674,1.548662543296814,133.0103759765625
1,909,3.501263380050659,1.48634934425354,133.0127716064453
1,910,3.5754618644714355,1.475549578666687,133.01417541503906
1,911,3.4849793910980225,1.5059646368026733,133.01806640625
1,912,3.467433452606201,1.5063453912734985,133.0193634033203
1,913,3.6736862659454346,1.8271048069000244,133.02232360839844
1,914,3.5054540634155273,1.497662901878357,133.0240020751953
1,915,3.6313915252685547,1.5492676496505737,133.02703857421875
1,916,3.6403794288635254,1.5298469066619873,133.03025817871094
1,917,3.573430061340332,1.6311780214309692,133.03138732910156
1,918,3.6048147678375244,1.7111072540283203,133.03245544433594
1,919,3.5333683490753174,1.6235625743865967,133.03421020507812
1,920,3.571315288543701,1.7487716674804688,133.0375518798828
1,921,3.62277889251709,1.71445631980896,133.03880310058594
1,922,3.692739248275757,1.7033675909042358,133.03944396972656
1,923,3.624563217163086,1.7136980295181274,133.04039001464844
1,924,3.5180928707122803,1.6450861692428589,133.04385375976562
1,925,3.688023567199707,1.5957005023956299,133.0457763671875
1,926,3.5325405597686768,1.6189717054367065,133.04832458496094
1,927,3.520183563232422,1.6186431646347046,133.04969787597656
1,928,3.558485746383667,1.5971156358718872,133.04989624023438
1,929,3.4289278984069824,1.5454498529434204,133.0527801513672
1,930,3.4956321716308594,1.4943019151687622,133.0532989501953
1,931,3.595845937728882,1.636096477508545,133.0549774169922
1,932,3.4632482528686523,1.6279901266098022,133.05618286132812
1,933,3.580287456512451,1.596825361251831,133.05735778808594
1,934,3.5137217044830322,1.5621287822723389,133.0587921142578
1,935,3.5861687660217285,1.6574243307113647,133.0604705810547
1,936,3.530426263809204,1.690796971321106,133.06272888183594
1,937,3.625598669052124,1.6569926738739014,133.06492614746094
1,938,3.5984950065612793,1.7805984020233154,133.0667266845703
1,939,3.5467374324798584,1.7510298490524292,133.06918334960938
1,940,3.441627025604248,1.632730484008789,133.0701446533203
1,941,3.5632028579711914,1.6495673656463623,133.07110595703125
1,942,3.531268358230591,1.6685841083526611,133.07406616210938
1,943,3.5032124519348145,1.718934178352356,133.07754516601562
1,944,3.5423624515533447,1.6972205638885498,133.0792999267578
1,945,3.5852291584014893,1.7370624542236328,133.08187866210938
1,946,3.428142786026001,1.7279514074325562,133.08401489257812
1,947,3.332118034362793,1.6219769716262817,133.0854034423828
1,948,3.606982707977295,1.6925538778305054,133.08746337890625
1,949,3.576003074645996,1.8232591152191162,133.08982849121094
1,950,3.590230703353882,1.715083122253418,133.09303283691406
1,951,3.5160107612609863,1.7287172079086304,133.09466552734375
1,952,3.5555007457733154,1.6454466581344604,133.0971221923828
1,953,3.564642906188965,1.646749496459961,133.09739685058594
1,954,3.4413182735443115,1.6074496507644653,133.09951782226562
1,955,3.3962759971618652,1.6624629497528076,133.1011199951172
1,956,3.5928120613098145,1.7702040672302246,133.10360717773438
1,957,3.4488704204559326,1.6926946640014648,133.10472106933594
1,958,3.538698673248291,1.6412405967712402,133.1052703857422
1,959,3.714132070541382,1.815842628479004,133.10720825195312
1,960,3.4898898601531982,1.598937749862671,133.11019897460938
1,961,3.3724377155303955,1.571881890296936,133.11123657226562
1,962,3.607382297515869,1.789905309677124,133.11135864257812
1,963,3.490351438522339,1.506097435951233,133.11279296875
1,964,3.6228280067443848,1.7377408742904663,133.11489868164062
1,965,3.5480167865753174,1.811179280281067,133.11651611328125
1,966,3.621931314468384,1.6270986795425415,133.1171417236328
1,967,3.5318214893341064,1.553330421447754,133.1183319091797
1,968,3.5841872692108154,1.5826877355575562,133.12001037597656
1,969,3.540153741836548,1.5967103242874146,133.12074279785156
1,970,3.5536446571350098,1.6128696203231812,133.12391662597656
1,971,3.6073410511016846,1.7373782396316528,133.12643432617188
1,972,3.553302049636841,1.4926859140396118,133.1278839111328
1,973,3.5188307762145996,1.7054194211959839,133.12908935546875
1,974,3.5339763164520264,1.5565180778503418,133.1300506591797
1,975,3.6289236545562744,1.6407157182693481,133.13328552246094
1,976,3.613887071609497,1.7312400341033936,133.1357879638672
1,977,3.5255706310272217,1.6554625034332275,133.1377410888672
1,978,3.6155588626861572,1.8040300607681274,133.13900756835938
1,979,3.5084733963012695,1.7600061893463135,133.13980102539062
1,980,3.4761545658111572,1.6238154172897339,133.1411895751953
1,981,3.4685513973236084,1.649997591972351,133.14279174804688
1,982,3.546205997467041,1.7448022365570068,133.14456176757812
1,983,3.671666145324707,1.6410118341445923,133.145751953125
1,984,3.562511444091797,1.6925594806671143,133.14654541015625
1,985,3.5914175510406494,1.4360897541046143,133.14834594726562
1,986,3.582669496536255,1.607262372970581,133.15101623535156
1,987,3.588024377822876,1.6388468742370605,133.15342712402344
1,988,3.607590436935425,1.5617108345031738,133.15371704101562
1,989,3.677812337875366,1.597408413887024,133.15594482421875
1,990,3.572279691696167,1.5661340951919556,133.15809631347656
1,991,3.4735684394836426,1.5448389053344727,133.15859985351562
1,992,3.4797229766845703,1.5504015684127808,133.15968322753906
1,993,3.525663375854492,1.5363210439682007,133.16053771972656
1,994,3.4437994956970215,1.571908950805664,133.16091918945312
1,995,3.615849733352661,1.6424658298492432,133.16246032714844
1,996,3.5032029151916504,1.4968016147613525,133.16412353515625
1,997,3.547602415084839,1.5981312990188599,133.1664276123047
1,998,3.5322463512420654,1.559311032295227,133.16807556152344
1,999,3.421560525894165,1.5322015285491943,133.1691436767578
1,1000,3.425891399383545,1.415977954864502,133.16970825195312
2,1,2.970015287399292,1.142695665359497,0.0
2,2,3.074108362197876,1.507436752319336,9.977890014648438
2,3,3.0174286365509033,1.3879646062850952,14.09032917022705
2,4,3.047367572784424,1.496772050857544,17.23387908935547
2,5,3.337620973587036,1.8154606819152832,19.87236213684082
2,6,3.1110610961914062,1.6500309705734253,22.187641143798828
2,7,3.2610087394714355,1.6971280574798584,24.272361755371094
2,8,3.330597162246704,1.5575717687606812,26.18153953552246
2,9,3.161728620529175,1.8545842170715332,27.94881248474121
2,10,3.201725482940674,1.8934590816497803,29.602577209472656
2,11,3.3880717754364014,2.508030414581299,31.160903930664062
2,12,3.2184083461761475,2.009730577468872,32.638004302978516
2,13,3.1215853691101074,1.9841151237487793,34.042240142822266
2,14,3.189951181411743,1.883892297744751,35.38320541381836
2,15,3.1754186153411865,1.7643272876739502,36.66799545288086
2,16,3.294221878051758,1.977426528930664,37.901885986328125
2,17,3.213062047958374,2.005734920501709,39.09109115600586
2,18,3.3544960021972656,2.0873842239379883,40.239097595214844
2,19,3.4184346199035645,2.251837730407715,41.347328186035156
2,20,3.33746075630188,2.5546493530273438,42.421958923339844
2,21,3.391842842102051,2.0173089504241943,43.46537399291992
2,22,3.326658248901367,2.093126058578491,44.477447509765625
2,23,3.376703977584839,2.178528070449829,45.462894439697266
2,24,3.112062931060791,2.0339434146881104,46.42088317871094
2,25,3.357164144515991,2.4258415699005127,47.355411529541016
2,26,3.3209502696990967,2.2275333404541016,48.264347076416016
2,27,3.388737916946411,2.6946866512298584,49.152198791503906
2,28,3.353705883026123,2.2726762294769287,50.02079391479492
2,29,3.165428400039673,2.4832398891448975,50.86864471435547
2,30,3.2828619480133057,2.250282049179077,51.69742965698242
2,31,3.260542392730713,2.3515286445617676,52.510257720947266
2,32,3.2151925563812256,2.5993754863739014,53.306556701660156
2,33,3.490563154220581,2.560184955596924,54.085723876953125
2,34,3.377134323120117,2.3363800048828125,54.84940719604492
2,35,3.25003719329834,2.1787779331207275,55.598854064941406
2,36,3.3453288078308105,2.267361640930176,56.33353805541992
2,37,3.399888277053833,2.352457284927368,57.05419158935547
2,38,3.179459571838379,2.827843189239502,57.76191329956055
2,39,3.2388789653778076,2.076321840286255,58.45732879638672
2,40,3.3479793071746826,2.2909793853759766,59.14080810546875
2,41,3.261061429977417,2.1689324378967285,59.814144134521484
2,42,3.2913646697998047,2.089472770690918,60.47442626953125
2,43,3.4487271308898926,2.2068183422088623,61.1246223449707
2,44,3.3766939640045166,2.219453811645508,61.763885498046875
2,45,3.2324600219726562,2.0710034370422363,62.394386291503906
2,46,3.292070150375366,2.0660784244537354,63.01234817504883
2,47,3.356386661529541,2.0035476684570312,63.622215270996094
2,48,3.3543975353240967,2.259706735610962,64.22362518310547
2,49,3.3610870838165283,2.209293842315674,64.81523895263672
2,50,3.3626840114593506,2.4497573375701904,65.39867401123047
2,51,3.4372940063476562,2.6272051334381104,65.97421264648438
2,52,3.343127727508545,2.3312933444976807,66.54387664794922
2,53,3.247744560241699,2.5861477851867676,67.10375213623047
2,54,3.4545133113861084,2.460232973098755,67.65514373779297
2,55,3.605957269668579,2.486229181289673,68.20014953613281
2,56,3.4340505599975586,2.53559947013855,68.73776245117188
2,57,3.346323251724243,2.6142749786376953,69.26805114746094
2,58,3.5346932411193848,2.461383819580078,69.79034423828125
2,59,3.3657402992248535,2.449828863143921,70.30671691894531
2,60,3.5926997661590576,2.67476487159729,70.81559753417969
2,61,3.544980049133301,2.767045259475708,71.31734466552734
2,62,3.421210527420044,2.3520350456237793,71.8129653930664
2,63,3.4571197032928467,2.4485557079315186,72.30288696289062
2,64,3.393825054168701,2.450688123703003,72.78743743896484
2,65,3.2908852100372314,2.410468339920044,73.26652526855469
2,66,3.4441540241241455,2.5794615745544434,73.73985290527344
2,67,3.3131701946258545,2.5683960914611816,74.20793914794922
2,68,3.52972674369812,2.7341856956481934,74.67044830322266
2,69,3.3833343982696533,2.5356593132019043,75.12728118896484
2,70,3.3584675788879395,2.5937283039093018,75.57830047607422
2,71,3.4934284687042236,2.6372294425964355,76.02381134033203
2,72,3.424704074859619,2.738058090209961,76.46562194824219
2,73,3.607178211212158,2.6983211040496826,76.901123046875
2,74,3.597579002380371,2.7017054557800293,77.33172607421875
2,75,3.5318429470062256,2.7171225547790527,77.75887298583984
2,76,3.555586576461792,2.5334324836730957,78.1813735961914
2,77,3.553820848464966,2.4569482803344727,78.59822845458984
2,78,3.440187454223633,2.765172243118286,79.01151275634766
2,79,3.5631678104400635,2.4935848712921143,79.4194564819336
2,80,3.401249885559082,2.5703670978546143,79.82286071777344
2,81,3.4553656578063965,2.6317288875579834,80.22186279296875
2,82,3.4170334339141846,2.457533836364746,80.61839294433594
2,83,3.366581678390503,2.5365242958068848,81.00975036621094
2,84,3.4017794132232666,2.431182384490967,81.39769744873047
2,85,3.474212884902954,2.3833978176116943,81.78099060058594
2,86,3.444762706756592,2.416821241378784,82.15995025634766
2,87,3.5473337173461914,2.5635287761688232,82.5345458984375
2,88,3.5052695274353027,2.508176565170288,82.90617370605469
2,89,3.483360767364502,2.6404833793640137,83.27355194091797
2,90,3.57259464263916,2.7500393390655518,83.63712310791016
2,91,3.511566400527954,2.530766725540161,83.9989242553711
2,92,3.553485155105591,2.5670742988586426,84.3560791015625
2,93,3.4852101802825928,2.335240602493286,84.70865631103516
2,94,3.344724178314209,2.2208309173583984,85.0581283569336
2,95,3.5913796424865723,2.527254104614258,85.4037094116211
2,96,3.4719300270080566,2.4156265258789062,85.74956512451172
2,97,3.4533472061157227,2.277467966079712,86.089111328125
2,98,3.3971314430236816,2.479869842529297,86.42692565917969
2,99,3.5808265209198,2.569775342941284,86.76081085205078
2,100,3.54121470451355,2.497617721557617,87.09245300292969
2,101,3.5175654888153076,2.494445323944092,87.41925811767578
2,102,3.4792442321777344,2.6554996967315674,87.74383544921875
2,103,3.5003983974456787,2.9486730098724365,88.06265258789062
2,104,3.4461123943328857,2.63442063331604,88.38252258300781
2,105,3.6521825790405273,2.829998016357422,88.69707489013672
2,106,3.4726908206939697,2.5555899143218994,89.0099868774414
2,107,3.5755817890167236,2.7792015075683594,89.31975555419922
2,108,3.534562826156616,2.7004833221435547,89.626953125
2,109,3.4844415187835693,2.681178331375122,89.92969512939453
2,110,3.472440719604492,2.575098752975464,90.23124694824219
2,111,3.5285885334014893,2.6927297115325928,90.52967834472656
2,112,3.4262773990631104,2.5670711994171143,90.82585906982422
2,113,3.5694024562835693,2.711540460586548,91.11944580078125
2,114,3.652339220046997,2.6334240436553955,91.40887451171875
2,115,3.564404249191284,2.552570104598999,91.69694519042969
2,116,3.583738088607788,2.6624531745910645,91.98365020751953
2,117,3.48102068901062,2.755622386932373,92.26691436767578
2,118,3.4719953536987305,2.524905204772949,92.54879760742188
2,119,3.5902621746063232,2.556847095489502,92.82868194580078
2,120,3.4874303340911865,2.613848924636841,93.1057357788086
2,121,3.6801812648773193,2.2771830558776855,93.38079071044922
2,122,3.5456604957580566,2.303037405014038,93.64923858642578
2,123,3.570441246032715,2.4123847484588623,93.91864013671875
2,124,3.625840425491333,2.538942337036133,94.1871337890625
2,125,3.58903431892395,2.5587422847747803,94.45255279541016
2,126,3.518453359603882,2.453014612197876,94.71430206298828
2,127,3.578835964202881,2.677121639251709,94.97539520263672
2,128,3.621638536453247,2.57873797416687,95.23219299316406
2,129,3.5145907402038574,2.5583934783935547,95.4885482788086
2,130,3.581977367401123,2.5940980911254883,95.74235534667969
2,131,3.617197036743164,2.5142135620117188,95.99402618408203
2,132,3.7404942512512207,2.60372257232666,96.24424743652344
2,133,3.477684259414673,2.29479718208313,96.4913101196289
2,134,3.4596564769744873,2.3816871643066406,96.73625946044922
2,135,3.5018742084503174,2.585170030593872,96.98223114013672
2,136,3.522308588027954,2.4759066104888916,97.2251968383789
2,137,3.5906646251678467,2.341935396194458,97.465576171875
2,138,3.5165700912475586,2.614964723587036,97.70358276367188
2,139,3.470073938369751,2.1311588287353516,97.94070434570312
2,140,3.6374597549438477,2.390953779220581,98.17430877685547
2,141,3.573488712310791,2.2760965824127197,98.40621185302734
2,142,3.4513988494873047,2.1795694828033447,98.63493347167969
2,143,3.5678391456604004,2.45127534866333,98.8644027709961
2,144,3.5601186752319336,2.3586959838867188,99.09149169921875
2,145,3.7076168060302734,2.4906833171844482,99.31758117675781
2,146,3.534364700317383,2.52687406539917,99.54014587402344
2,147,3.505018949508667,2.487305164337158,99.76142883300781
2,148,3.556684970855713,2.5055136680603027,99.98304748535156
2,149,3.472928524017334,2.3373138904571533,100.20025634765625
2,150,3.3686161041259766,2.1740200519561768,100.4170150756836
2,151,3.5177066326141357,2.2588093280792236,100.63076782226562
2,152,3.4450345039367676,2.239257574081421,100.84420776367188
2,153,3.6221094131469727,2.1252756118774414,101.05504608154297
2,154,3.2968297004699707,2.053981065750122,101.26362609863281
2,155,3.4106664657592773,2.0972914695739746,101.4713363647461
2,156,3.666203260421753,2.3006255626678467,101.67753601074219
2,157,3.456975221633911,2.2274351119995117,101.88138580322266
2,158,3.612825870513916,2.360607147216797,102.08427429199219
2,159,3.581523895263672,2.392935037612915,102.28638458251953
2,160,3.542353630065918,2.5573384761810303,102.48751068115234
2,161,3.656611919403076,2.3641891479492188,102.68668365478516
2,162,3.4497666358947754,2.0716843605041504,102.88363647460938
2,163,3.580960988998413,2.2971928119659424,103.08116149902344
2,164,3.656684398651123,2.4838061332702637,103.2762680053711
2,165,3.5422439575195312,2.2308614253997803,103.46951293945312
2,166,3.572293758392334,2.3223698139190674,103.6601333618164
2,167,3.664832592010498,2.5007660388946533,103.84978485107422
2,168,3.5508193969726562,2.2174594402313232,104.03749084472656
2,169,3.6058804988861084,2.369663953781128,104.22573852539062
2,170,3.4472696781158447,2.3273260593414307,104.41271209716797
2,171,3.598693370819092,2.261094570159912,104.59777069091797
2,172,3.4715960025787354,2.328561782836914,104.78121948242188
2,173,3.471644878387451,2.213479995727539,104.9636459350586
2,174,3.568183660507202,2.4469029903411865,105.14463806152344
2,175,3.5467946529388428,2.4307162761688232,105.32279968261719
2,176,3.381821632385254,2.29801869392395,105.49933624267578
2,177,3.576822280883789,2.2872047424316406,105.6763916015625
2,178,3.4589200019836426,2.208056688308716,105.85204315185547
2,179,3.5576014518737793,2.401806592941284,106.02550506591797
2,180,3.5156216621398926,2.382979154586792,106.1996078491211
2,181,3.482008695602417,2.457979202270508,106.36914825439453
2,182,3.587779998779297,2.650362491607666,106.53770446777344
2,183,3.703646659851074,2.5545358657836914,106.70569610595703
2,184,3.52921986579895,2.3152573108673096,106.87442779541016
2,185,3.4659297466278076,2.4617087841033936,107.04185485839844
2,186,3.2339839935302734,2.168274402618408,107.20800018310547
2,187,3.499534845352173,2.1171019077301025,107.37042999267578
2,188,3.5013790130615234,2.10239315032959,107.53577423095703
2,189,3.4308722019195557,1.9723490476608276,107.69744110107422
2,190,3.4909377098083496,2.188486099243164,107.85778045654297
2,191,3.6609914302825928,2.1916663646698,108.01570892333984
2,192,3.6034350395202637,2.1600894927978516,108.1764144897461
2,193,3.4286110401153564,2.1052629947662354,108.33258056640625
2,194,3.482889175415039,2.1480166912078857,108.48857879638672
2,195,3.5785341262817383,2.3339078426361084,108.64215087890625
2,196,3.668529748916626,2.3518972396850586,108.79534912109375
2,197,3.587000608444214,2.325932025909424,108.94883728027344
2,198,3.423743486404419,2.180655002593994,109.10184478759766
2,199,3.638101816177368,2.1774725914001465,109.2518081665039
2,200,3.560887098312378,2.278740882873535,109.40113830566406
2,201,3.539841651916504,2.2644426822662354,109.55084991455078
2,202,3.5500781536102295,2.4023053646087646,109.6982192993164
2,203,3.6366801261901855,2.3104779720306396,109.84521484375
2,204,3.6478354930877686,2.2547831535339355,109.99104309082031
2,205,3.493391990661621,2.117003917694092,110.13774871826172
2,206,3.6949827671051025,2.2879161834716797,110.28118133544922
2,207,3.5999343395233154,2.2142093181610107,110.42362976074219
2,208,3.5337932109832764,2.174598455429077,110.56590270996094
2,209,3.560912609100342,2.2588913440704346,110.706298828125
2,210,3.5827884674072266,2.2484190464019775,110.8465576171875
2,211,3.6019062995910645,2.265674352645874,110.98321533203125
2,212,3.5852675437927246,2.263551950454712,111.11983489990234
2,213,3.4755494594573975,2.1447043418884277,111.25589752197266
2,214,3.65635347366333,2.3029723167419434,111.39241027832031
2,215,3.5258145332336426,2.4591517448425293,111.52800750732422
2,216,3.572061061859131,2.313046455383301,111.66253662109375
2,217,3.314055919647217,2.1141180992126465,111.79642486572266
2,218,3.63779616355896,2.5744051933288574,111.92913055419922
2,219,3.6231849193573,2.1994552612304688,112.06043243408203
2,220,3.615095853805542,2.2106430530548096,112.19109344482422
2,221,3.531611204147339,2.169590473175049,112.3194351196289
2,222,3.5923216342926025,2.2244255542755127,112.44800567626953
2,223,3.557511568069458,2.580493211746216,112.57682037353516
2,224,3.590517044067383,2.1742987632751465,112.70386505126953
2,225,3.570103168487549,2.1632492542266846,112.82869720458984
2,226,3.6842052936553955,2.258535861968994,112.95516204833984
2,227,3.4159669876098633,2.0363621711730957,113.08012390136719
2,228,3.659882068634033,2.1730926036834717,113.20381927490234
2,229,3.579868793487549,2.139265298843384,113.32693481445312
2,230,3.553300142288208,2.406386375427246,113.44941711425781
2,231,3.6243491172790527,2.062587022781372,113.5704345703125
2,232,3.5846714973449707,2.088996648788452,113.69113159179688
2,233,3.6185543537139893,2.0301966667175293,113.8096694946289
2,234,3.350482702255249,1.9971590042114258,113.93019104003906
2,235,3.717319965362549,2.121143102645874,114.04721069335938
2,236,3.658520460128784,2.113539934158325,114.16432189941406
2,237,3.6333956718444824,2.2189791202545166,114.28182220458984
2,238,3.5810165405273438,2.0181756019592285,114.39682006835938
2,239,3.614999771118164,2.0376157760620117,114.51061248779297
2,240,3.5911691188812256,1.9336789846420288,114.62571716308594
2,241,3.4957211017608643,1.9851301908493042,114.73995971679688
2,242,3.4146130084991455,1.935479760169983,114.85301971435547
2,243,3.6739394664764404,2.0914976596832275,114.96588134765625
2,244,3.651137351989746,1.9635239839553833,115.07713317871094
2,245,3.537327766418457,2.000626564025879,115.1885986328125
2,246,3.7436747550964355,2.074395179748535,115.29963684082031
2,247,3.5085153579711914,1.9097546339035034,115.40870666503906
2,248,3.5005414485931396,1.9750901460647583,115.51710510253906
2,249,3.6426126956939697,2.2117772102355957,115.6252212524414
2,250,3.5023434162139893,1.8846986293792725,115.73123168945312
2,251,3.5809106826782227,1.9289288520812988,115.83750915527344
2,252,3.6747190952301025,2.1661739349365234,115.94224548339844
2,253,3.700556516647339,2.087939739227295,116.0459213256836
2,254,3.6161911487579346,2.113049030303955,116.14950561523438
2,255,3.6440420150756836,2.2053399085998535,116.25407409667969
2,256,3.5281996726989746,1.9732385873794556,116.35652923583984
2,257,3.584988594055176,2.134814739227295,116.45987701416016
2,258,3.5426645278930664,2.032727003097534,116.56172943115234
2,259,3.7169904708862305,2.106234550476074,116.66190338134766
2,260,3.597353935241699,1.9887919425964355,116.76189422607422
2,261,3.6294522285461426,2.0768301486968994,116.86238861083984
2,262,3.607318639755249,2.022278308868408,116.96015930175781
2,263,3.375047206878662,1.858624815940857,117.05860137939453
2,264,3.5987374782562256,2.4141719341278076,117.15513610839844
2,265,3.4689223766326904,1.9882054328918457,117.25418853759766
2,266,3.553956985473633,1.998842716217041,117.35033416748047
2,267,3.59169340133667,2.23071026802063,117.44515228271484
2,268,3.6691999435424805,1.9585094451904297,117.54061889648438
2,269,3.5856618881225586,1.9434736967086792,117.63675689697266
2,270,3.5884697437286377,2.0292532444000244,117.7318344116211
2,271,3.580775499343872,1.9107545614242554,117.82454681396484
2,272,3.581693410873413,1.9273844957351685,117.91658782958984
2,273,3.551659107208252,1.8354060649871826,118.0090560913086
2,274,3.690211534500122,1.9248013496398926,118.09970092773438
2,275,3.6950416564941406,2.0015413761138916,118.19189453125
2,276,3.651174545288086,1.957339882850647,118.28264617919922
2,277,3.5209946632385254,1.9820986986160278,118.3714370727539
2,278,3.6223621368408203,2.0068306922912598,118.4614486694336
2,279,3.6686763763427734,1.9474064111709595,118.55138397216797
2,280,3.4866411685943604,1.964864730834961,118.64002227783203
2,281,3.552957534790039,1.8977489471435547,118.72957611083984
2,282,3.527128219604492,1.8232649564743042,118.81729125976562
2,283,3.5205512046813965,2.0418925285339355,118.90095520019531
2,284,3.509554624557495,2.0238101482391357,118.98770141601562
2,285,3.6820363998413086,2.0616455078125,119.07444763183594
2,286,3.55424427986145,1.9698975086212158,119.16079711914062
2,287,3.5788674354553223,2.0136594772338867,119.24581146240234
2,288,3.7433087825775146,2.0361504554748535,119.32966613769531
2,289,3.5913047790527344,2.0022363662719727,119.41297912597656
2,290,3.6335155963897705,2.0720486640930176,119.49553680419922
2,291,3.564260482788086,1.9878935813903809,119.5776138305664
2,292,3.3618109226226807,1.799479603767395,119.65911102294922
2,293,3.5278680324554443,1.9642084836959839,119.74008178710938
2,294,3.4855148792266846,1.9237715005874634,119.82096862792969
2,295,3.65500545501709,1.934889793395996,119.90194702148438
2,296,3.5890750885009766,2.0986199378967285,119.9808349609375
2,297,3.5520401000976562,1.9735400676727295,120.06008911132812
2,298,3.5786056518554688,1.8564579486846924,120.1375732421875
2,299,3.630423069000244,1.9978382587432861,120.21630859375
2,300,3.5331122875213623,1.8657697439193726,120.29418182373047
2,301,3.4880313873291016,2.0007858276367188,120.37234497070312
2,302,3.583411455154419,1.9974870681762695,120.44868469238281
2,303,3.4441745281219482,1.8194602727890015,120.52713775634766
2,304,3.4504404067993164,1.8349692821502686,120.6029052734375
2,305,3.4961366653442383,1.831840991973877,120.67761993408203
2,306,3.5082297325134277,1.8296748399734497,120.75359344482422
2,307,3.572242021560669,1.7678462266921997,120.82675170898438
2,308,3.7208731174468994,2.1246449947357178,120.89977264404297
2,309,3.5395612716674805,1.8770493268966675,120.97368621826172
2,310,3.5046353340148926,1.8774484395980835,121.04728698730469
2,311,3.393068313598633,1.7746882438659668,121.1181640625
2,312,3.3481359481811523,1.8204704523086548,121.19033813476562
2,313,3.6409900188446045,1.8812096118927002,121.26329040527344
2,314,3.4013760089874268,1.8153823614120483,121.33342742919922
2,315,3.5011935234069824,1.8662972450256348,121.40216827392578
2,316,3.7456448078155518,2.153592348098755,121.47332000732422
2,317,3.533175230026245,1.8221513032913208,121.54259490966797
2,318,3.623958110809326,1.9350520372390747,121.60953521728516
2,319,3.5565919876098633,1.8843179941177368,121.67784881591797
2,320,3.6463797092437744,1.8438600301742554,121.7461166381836
2,321,3.636674642562866,1.8366138935089111,121.8130111694336
2,322,3.5143823623657227,1.7489768266677856,121.8807144165039
2,323,3.5726566314697266,1.7920863628387451,121.94939422607422
2,324,3.5125365257263184,1.7553629875183105,122.01712036132812
2,325,3.5645272731781006,1.8542290925979614,122.083984375
2,326,3.6296088695526123,1.8169642686843872,122.15013122558594
2,327,3.591817617416382,1.7436469793319702,122.21538543701172
2,328,3.6282143592834473,1.7995834350585938,122.28166198730469
2,329,3.5619916915893555,1.9438068866729736,122.34501647949219
2,330,3.69777250289917,1.8497247695922852,122.40950775146484
2,331,3.754531145095825,1.9061371088027954,122.47643280029297
2,332,3.5743157863616943,1.8898528814315796,122.5385513305664
2,333,3.4253671169281006,1.7859357595443726,122.60279846191406
2,334,3.512561082839966,1.8354476690292358,122.66510009765625
2,335,3.6318769454956055,1.9237476587295532,122.72721862792969
2,336,3.559022903442383,1.898772120475769,122.78936004638672
2,337,3.69630765914917,2.1350324153900146,122.85111236572266
2,338,3.547710657119751,1.8837158679962158,122.91075134277344
2,339,3.678466558456421,2.111780881881714,122.97261810302734
2,340,3.543830633163452,2.014176845550537,123.0334701538086
2,341,3.5670206546783447,2.1754112243652344,123.0927963256836
2,342,3.6013824939727783,1.9744846820831299,123.15469360351562
2,343,3.633469820022583,1.9167238473892212,123.21505737304688
2,344,3.54699444770813,1.8044332265853882,123.27482604980469
2,345,3.515500545501709,1.922833800315857,123.33409118652344
2,346,3.5606281757354736,1.8291003704071045,123.39373016357422
2,347,3.547034502029419,1.8503987789154053,123.45169067382812
2,348,3.5115342140197754,1.968082308769226,123.51030731201172
2,349,3.5490639209747314,1.9075734615325928,123.56808471679688
2,350,3.587233304977417,1.9034740924835205,123.62506866455078
2,351,3.7362024784088135,2.006662368774414,123.68293762207031
2,352,3.487569808959961,1.877589464187622,123.73924255371094
2,353,3.5423583984375,1.7663493156433105,123.79481506347656
2,354,3.4947659969329834,1.8644802570343018,123.84996795654297
2,355,3.56213116645813,2.0949547290802,123.90531921386719
2,356,3.541161298751831,1.8742001056671143,123.9610366821289
2,357,3.5515694618225098,1.8505840301513672,124.0167465209961
2,358,3.5313987731933594,1.7605239152908325,124.07200622558594
2,359,3.6473848819732666,1.8914049863815308,124.12532043457031
2,360,3.5367560386657715,1.9652928113937378,124.18006134033203
2,361,3.5754637718200684,1.9700546264648438,124.23395538330078
2,362,3.5810747146606445,1.782347321510315,124.28700256347656
2,363,3.6699814796447754,2.010392189025879,124.34005737304688
2,364,3.6010208129882812,1.7795454263687134,124.39253997802734
2,365,3.5891647338867188,1.9081822633743286,124.44271850585938
2,366,3.4744393825531006,1.828115463256836,124.49364471435547
2,367,3.6418330669403076,1.867921233177185,124.5452880859375
2,368,3.621703624725342,1.9041812419891357,124.59686279296875
2,369,3.5308732986450195,1.8999747037887573,124.64787292480469
2,370,3.618917942047119,1.8608506917953491,124.69916534423828
2,371,3.5666942596435547,1.9209749698638916,124.74917602539062
2,372,3.561264753341675,1.9213632345199585,124.8007583618164
2,373,3.5062193870544434,1.826996922492981,124.85026550292969
2,374,3.4965322017669678,1.689857840538025,124.89868927001953
2,375,3.5768866539001465,1.803399920463562,124.94713592529297
2,376,3.543572187423706,1.822920560836792,124.99518585205078
2,377,3.615602970123291,1.9522569179534912,125.04448699951172
2,378,3.5699493885040283,1.8025639057159424,125.09381866455078
2,379,3.6285879611968994,2.066307544708252,125.14338684082031
2,380,3.630537986755371,1.9015414714813232,125.19139862060547
2,381,3.5573878288269043,2.0713443756103516,125.23883056640625
2,382,3.631605625152588,1.8354567289352417,125.28645324707031
2,383,3.5417139530181885,1.7863819599151611,125.33418273925781
2,384,3.5698368549346924,1.834628939628601,125.37995910644531
2,385,3.5877249240875244,1.8410364389419556,125.42626190185547
2,386,3.795567750930786,1.929715871810913,125.47386932373047
2,387,3.5975019931793213,1.7911643981933594,125.51983642578125
2,388,3.638498544692993,1.9012784957885742,125.566162109375
2,389,3.611624240875244,1.7855812311172485,125.6130599975586
2,390,3.6260297298431396,1.762650966644287,125.65758514404297
2,391,3.7299916744232178,1.9022551774978638,125.7004623413086
2,392,3.3584108352661133,1.7602781057357788,125.74444580078125
2,393,3.7109105587005615,1.8314529657363892,125.7886734008789
2,394,3.571643114089966,1.8133834600448608,125.83321380615234
2,395,3.7269954681396484,1.8777368068695068,125.8760986328125
2,396,3.57426118850708,1.8151546716690063,125.91807556152344
2,397,3.478642702102661,1.7230383157730103,125.96150207519531
2,398,3.501540422439575,1.6695301532745361,126.00358581542969
2,399,3.651153802871704,1.8200352191925049,126.04539489746094
2,400,3.5330722332000732,1.813859462738037,126.0881576538086
2,401,3.614865303039551,1.8935655355453491,126.13106536865234
2,402,3.614611864089966,1.941670298576355,126.17263793945312
2,403,3.549727201461792,1.7995293140411377,126.21520233154297
2,404,3.565823554992676,1.754541277885437,126.25711822509766
2,405,3.6506714820861816,1.7393836975097656,126.29889678955078
2,406,3.591945171356201,1.6498544216156006,126.3403091430664
2,407,3.627955913543701,1.7126102447509766,126.3797836303711
2,408,3.555968761444092,1.793748140335083,126.4219741821289
2,409,3.6841630935668945,1.7377955913543701,126.46202087402344
2,410,3.640942335128784,1.6744645833969116,126.5019302368164
2,411,3.547595977783203,1.6087521314620972,126.54206848144531
2,412,3.475306987762451,1.5651556253433228,126.5816879272461
2,413,3.624271869659424,1.6909260749816895,126.62064361572266
2,414,3.5907130241394043,1.7567799091339111,126.6603775024414
2,415,3.531367063522339,1.6067787408828735,126.6991195678711
2,416,3.63588809967041,1.6662476062774658,126.73815155029297
2,417,3.613361358642578,1.7799744606018066,126.77621459960938
2,418,3.593515396118164,1.7741881608963013,126.81464385986328
2,419,3.6402060985565186,1.8410060405731201,126.85166931152344
2,420,3.508927583694458,1.756544589996338,126.88815307617188
2,421,3.6416728496551514,1.725907802581787,126.92540740966797
2,422,3.6599743366241455,1.725917100906372,126.96326446533203
2,423,3.422585964202881,1.6685057878494263,126.99871063232422
2,424,3.609884262084961,1.7253234386444092,127.03401184082031
2,425,3.6062381267547607,1.7175236940383911,127.07139587402344
2,426,3.5851047039031982,1.7220265865325928,127.10874938964844
2,427,3.488908052444458,1.6478246450424194,127.14529418945312
2,428,3.4669504165649414,1.5980403423309326,127.18099212646484
2,429,3.538468599319458,1.7240983247756958,127.21694946289062
2,430,3.5488429069519043,1.671596646308899,127.25177001953125
2,431,3.528416633605957,1.6566283702850342,127.28762817382812
2,432,3.5138113498687744,1.7081117630004883,127.32318115234375
2,433,3.649704694747925,1.5970964431762695,127.35694885253906
2,434,3.530407190322876,1.6998238563537598,127.39106750488281
2,435,3.5133485794067383,1.6185657978057861,127.42567443847656
2,436,3.622981309890747,1.7319984436035156,127.45932006835938
2,437,3.526845932006836,1.704026460647583,127.49380493164062
2,438,3.5382139682769775,1.7494621276855469,127.52824401855469
2,439,3.5683863162994385,1.6881567239761353,127.5611572265625
2,440,3.582671880722046,1.5776478052139282,127.59566497802734
2,441,3.650502920150757,1.6991416215896606,127.63079833984375
2,442,3.682785749435425,1.7116938829421997,127.66417694091797
2,443,3.605832576751709,1.6806213855743408,127.6965103149414
2,444,3.4555251598358154,1.7815601825714111,127.73046875
2,445,3.5057809352874756,1.8009929656982422,127.76264190673828
2,446,3.472310781478882,1.7622058391571045,127.7967758178711
2,447,3.47178316116333,1.6892054080963135,127.82969665527344
2,448,3.435500144958496,2.2989585399627686,127.861328125
2,449,3.6152477264404297,1.751591682434082,127.89228057861328
2,450,3.3817379474639893,1.6336714029312134,127.92355346679688
2,451,3.6728100776672363,1.7313638925552368,127.95464324951172
2,452,3.4984352588653564,1.72385573387146,127.98471069335938
2,453,3.705456495285034,1.734041690826416,128.01611328125
2,454,3.5879287719726562,1.7076423168182373,128.04727172851562
2,455,3.5966796875,1.7087509632110596,128.0802764892578
2,456,3.52370548248291,2.414297103881836,128.11029052734375
2,457,3.454627513885498,1.7464553117752075,128.14022827148438
2,458,3.5298380851745605,1.7119792699813843,128.1693878173828
2,459,3.6568102836608887,1.8175690174102783,128.19949340820312
2,460,3.666280746459961,1.8624616861343384,128.22845458984375
2,461,3.461170196533203,1.9093326330184937,128.25743103027344
2,462,3.510748863220215,1.9427317380905151,128.28604125976562
2,463,3.6893231868743896,1.9289219379425049,128.31472778320312
2,464,3.499142646789551,1.9583872556686401,128.34361267089844
2,465,3.573437452316284,1.8434693813323975,128.371826171875
2,466,3.453681230545044,1.7892776727676392,128.4008026123047
2,467,3.5197010040283203,1.7901155948638916,128.43051147460938
2,468,3.546506643295288,1.7491978406906128,128.45822143554688
2,469,3.6049342155456543,1.661275029182434,128.48565673828125
2,470,3.4772942066192627,2.3072636127471924,128.51332092285156
2,471,3.6542716026306152,1.7655771970748901,128.5412139892578
2,472,3.6471259593963623,1.7780174016952515,128.56980895996094
2,473,3.6901488304138184,1.748449444770813,128.5963592529297
2,474,3.686129570007324,1.7078230381011963,128.62416076660156
2,475,3.6203041076660156,1.7757822275161743,128.65272521972656
2,476,3.574465036392212,1.7576310634613037,128.68002319335938
2,477,3.5030605792999268,1.6116142272949219,128.7069549560547
2,478,3.463134527206421,1.7116498947143555,128.7336883544922
2,479,3.456991672515869,1.6725178956985474,128.76019287109375
2,480,3.5527520179748535,1.7090016603469849,128.78805541992188
2,481,3.610311985015869,1.698068618774414,128.81509399414062
2,482,3.3745713233947754,1.6012293100357056,128.84164428710938
2,483,3.6188061237335205,1.851624846458435,128.869140625
2,484,3.545926332473755,1.7399100065231323,128.89584350585938
2,485,3.6322085857391357,1.6886004209518433,128.92059326171875
2,486,3.5664730072021484,1.73946213722229,128.94749450683594
2,487,3.579349994659424,1.6911277770996094,128.972900390625
2,488,3.567023515701294,1.6952309608459473,128.9978485107422
2,489,3.7801671028137207,1.8249430656433105,129.0218505859375
2,490,3.544055700302124,1.904449224472046,129.0478515625
2,491,3.3937647342681885,1.7498180866241455,129.07305908203125
2,492,3.5210022926330566,1.6907851696014404,129.0972442626953
2,493,3.4275848865509033,1.8916912078857422,129.12252807617188
2,494,3.6603097915649414,1.8234779834747314,129.14605712890625
2,495,3.715942859649658,1.7552026510238647,129.16917419433594
2,496,3.6605193614959717,1.8305670022964478,129.19346618652344
2,497,3.705251932144165,1.6920933723449707,129.21640014648438
2,498,3.5977327823638916,1.632358193397522,129.24220275878906
2,499,3.3948442935943604,1.7847404479980469,129.26602172851562
2,500,3.446563720703125,1.6627601385116577,129.28929138183594
2,501,3.6951749324798584,1.916632890701294,129.3138885498047
2,502,3.527676820755005,1.9276748895645142,129.33763122558594
2,503,3.4807701110839844,1.6637625694274902,129.359619140625
2,504,3.6362242698669434,1.7167575359344482,129.38162231445312
2,505,3.4531497955322266,1.7258796691894531,129.4036407470703
2,506,3.6343116760253906,2.0883567333221436,129.42669677734375
2,507,3.5856857299804688,1.7473634481430054,129.44906616210938
2,508,3.5483407974243164,1.760883092880249,129.47323608398438
2,509,3.7086565494537354,1.666839599609375,129.49549865722656
2,510,3.55794358253479,1.5502835512161255,129.5182647705078
2,511,3.64693546295166,1.6227848529815674,129.54136657714844
2,512,3.4211320877075195,1.6118751764297485,129.56431579589844
2,513,3.7335996627807617,1.5139026641845703,129.58705139160156
2,514,3.613473892211914,1.9081276655197144,129.6081085205078
2,515,3.544771194458008,1.6952122449874878,129.62989807128906
2,516,3.522064447402954,1.5890963077545166,129.65097045898438
2,517,3.4680259227752686,1.7374541759490967,129.673583984375
2,518,3.4853334426879883,1.6751611232757568,129.6931915283203
2,519,3.6073694229125977,1.7121597528457642,129.71531677246094
2,520,3.616098642349243,1.6899454593658447,129.7344970703125
2,521,3.6380629539489746,1.7534244060516357,129.75555419921875
2,522,3.6678214073181152,1.9798474311828613,129.77833557128906
2,523,3.53741717338562,1.8933278322219849,129.79876708984375
2,524,3.5909388065338135,2.05292010307312,129.81796264648438
2,525,3.4680209159851074,1.8474222421646118,129.83953857421875
2,526,3.6312408447265625,1.8734382390975952,129.8584747314453
2,527,3.523578405380249,1.845691204071045,129.87950134277344
2,528,3.6115810871124268,1.9142621755599976,129.89926147460938
2,529,3.573063611984253,1.626615285873413,129.9189453125
2,530,3.613389730453491,1.8551561832427979,129.9390869140625
2,531,3.620601177215576,1.7473305463790894,129.9588165283203
2,532,3.578263998031616,1.7253776788711548,129.9777374267578
2,533,3.383300542831421,1.7444576025009155,129.9968719482422
2,534,3.5951268672943115,1.8603013753890991,130.01783752441406
2,535,3.4940431118011475,1.6880444288253784,130.03744506835938
2,536,3.6152474880218506,1.8327562808990479,130.0579833984375
2,537,3.483093023300171,1.6499351263046265,130.07748413085938
2,538,3.472560405731201,1.5996556282043457,130.09695434570312
2,539,3.5517823696136475,1.801424264907837,130.11627197265625
2,540,3.6248433589935303,1.8950796127319336,130.13568115234375
2,541,3.591688871383667,1.8109036684036255,130.15391540527344
2,542,3.630199670791626,1.7586082220077515,130.1722412109375
2,543,3.57204008102417,1.6604567766189575,130.19151306152344
2,544,3.682389497756958,1.870668888092041,130.2106475830078
2,545,3.5715179443359375,1.7262868881225586,130.2305145263672
2,546,3.5710301399230957,1.7754818201065063,130.24716186523438
2,547,3.6984472274780273,1.8885012865066528,130.2661590576172
2,548,3.6209523677825928,1.7377145290374756,130.2828369140625
2,549,3.477180004119873,1.713587999343872,130.30126953125
2,550,3.6213736534118652,1.7086408138275146,130.31900024414062
2,551,3.558418035507202,1.7458813190460205,130.33547973632812
2,552,3.6275947093963623,1.7311475276947021,130.35267639160156
2,553,3.522660732269287,1.6706807613372803,130.3699493408203
2,554,3.620091676712036,1.7294652462005615,130.38653564453125
2,555,3.632002830505371,1.8586500883102417,130.4021453857422
2,556,3.4762156009674072,1.825871229171753,130.42010498046875
2,557,3.5099284648895264,1.8161660432815552,130.437744140625
2,558,3.6804816722869873,2.00884747505188,130.45510864257812
2,559,3.500249147415161,1.811468482017517,130.472412109375
2,560,3.5805881023406982,1.8060424327850342,130.48658752441406
2,561,3.5484092235565186,1.7902191877365112,130.5042266845703
2,562,3.5264852046966553,1.791821837425232,130.5209197998047
2,563,3.4611449241638184,1.7093250751495361,130.53746032714844
2,564,3.565349817276001,1.7954901456832886,130.55374145507812
2,565,3.5806944370269775,1.7079929113388062,130.56964111328125
2,566,3.6415319442749023,1.6970806121826172,130.58665466308594
2,567,3.46282696723938,1.6777009963989258,130.6026611328125
2,568,3.6503350734710693,1.6660044193267822,130.61907958984375
2,569,3.7075061798095703,1.9393229484558105,130.63621520996094
2,570,3.5730602741241455,1.620535135269165,130.65109252929688
2,571,3.424837589263916,1.6603202819824219,130.6656494140625
2,572,3.5274412631988525,1.663520336151123,130.68199157714844
2,573,3.47344708442688,1.756723403930664,130.6977996826172
2,574,3.4964137077331543,1.6903616189956665,130.71380615234375
2,575,3.6131255626678467,1.7508327960968018,130.7303466796875
2,576,3.687659978866577,1.8126808404922485,130.74571228027344
2,577,3.4896769523620605,1.7192002534866333,130.76080322265625
2,578,3.582648992538452,1.767061471939087,130.77720642089844
2,579,3.581108570098877,1.8372201919555664,130.79165649414062
2,580,3.595083475112915,1.8328182697296143,130.8077850341797
2,581,3.560070514678955,1.8279815912246704,130.82041931152344
2,582,3.696174383163452,1.8222731351852417,130.83609008789062
2,583,3.5877206325531006,1.781355619430542,130.85031127929688
2,584,3.525247812271118,1.73020601272583,130.86305236816406
2,585,3.6673989295959473,1.804476022720337,130.8760223388672
2,586,3.5728628635406494,1.8218146562576294,130.89175415039062
2,587,3.6160449981689453,1.782260537147522,130.90599060058594
2,588,3.477919816970825,1.679220199584961,130.9199676513672
2,589,3.639986276626587,1.7245584726333618,130.93365478515625
2,590,3.7210195064544678,1.904590129852295,130.9475555419922
2,591,3.5535061359405518,1.8431352376937866,130.96066284179688
2,592,3.5264523029327393,1.723585844039917,130.97496032714844
2,593,3.4694671630859375,1.8716124296188354,130.98883056640625
2,594,3.667121171951294,1.8383760452270508,131.00128173828125
2,595,3.54400372505188,1.6833093166351318,131.0146026611328
2,596,3.4302875995635986,1.6737674474716187,131.0272216796875
2,597,3.6469433307647705,1.8141728639602661,131.0408172607422
2,598,3.7315497398376465,1.7146539688110352,131.05393981933594
2,599,3.52604079246521,1.7639331817626953,131.0668487548828
2,600,3.5061497688293457,1.7220814228057861,131.08038330078125
2,601,3.7224597930908203,1.9378169775009155,131.0944366455078
2,602,3.499518632888794,1.7122193574905396,131.10708618164062
2,603,3.5525295734405518,1.7137757539749146,131.1197967529297
2,604,3.761112928390503,1.8013497591018677,131.1324920654297
2,605,3.6965138912200928,1.818349838256836,131.1449737548828
2,606,3.53568959236145,1.6997936964035034,131.1576690673828
2,607,3.515479326248169,1.7645540237426758,131.1709442138672
2,608,3.5796825885772705,1.8902844190597534,131.18309020996094
2,609,3.507044792175293,1.8484662771224976,131.197021484375
2,610,3.712311267852783,1.6838618516921997,131.20877075195312
2,611,3.6641581058502197,1.7536811828613281,131.22097778320312
2,612,3.6376805305480957,1.6982014179229736,131.23355102539062
2,613,3.485830783843994,1.596840739250183,131.2463836669922
2,614,3.4972920417785645,1.7271277904510498,131.25799560546875
2,615,3.554023265838623,1.6453864574432373,131.2716522216797
2,616,3.5510029792785645,1.6330448389053345,131.28289794921875
2,617,3.509861946105957,1.6308772563934326,131.29481506347656
2,618,3.602160692214966,1.7029306888580322,131.3054656982422
2,619,3.5906219482421875,1.7038798332214355,131.31573486328125
2,620,3.7523412704467773,1.7132527828216553,131.3280792236328
2,621,3.683661699295044,1.8868249654769897,131.3397674560547
2,622,3.6326193809509277,1.8002407550811768,131.3516845703125
2,623,3.613337278366089,1.6202962398529053,131.3638458251953
2,624,3.493055582046509,1.756047248840332,131.3754119873047
2,625,3.662977457046509,1.734821081161499,131.38601684570312
2,626,3.6705195903778076,1.6319807767868042,131.39828491210938
2,627,3.543382406234741,1.619459629058838,131.41029357910156
2,628,3.574216365814209,1.652801513671875,131.42201232910156
2,629,3.5997087955474854,1.5880178213119507,131.43338012695312
2,630,3.565938949584961,1.6544311046600342,131.44334411621094
2,631,3.617764711380005,1.728241205215454,131.45457458496094
2,632,3.4383580684661865,1.6129165887832642,131.46604919433594
2,633,3.5283355712890625,1.6660480499267578,131.47714233398438
2,634,3.6666014194488525,1.6575042009353638,131.48854064941406
2,635,3.548358917236328,1.7099496126174927,131.49827575683594
2,636,3.5353965759277344,1.6862999200820923,131.51036071777344
2,637,3.717576503753662,1.8737778663635254,131.52012634277344
2,638,3.681727647781372,1.7855480909347534,131.53067016601562
2,639,3.4578616619110107,1.7421067953109741,131.54122924804688
2,640,3.484692335128784,1.6600689888000488,131.55258178710938
2,641,3.5827345848083496,1.9307494163513184,131.5625
2,642,3.640681743621826,1.7239147424697876,131.57318115234375
2,643,3.634507656097412,1.7148547172546387,131.58351135253906
2,644,3.540278911590576,1.8222758769989014,131.59483337402344
2,645,3.3910343647003174,1.6229556798934937,131.6051483154297
2,646,3.499636650085449,1.714061975479126,131.6150665283203
2,647,3.5548954010009766,1.6531521081924438,131.625732421875
2,648,3.6303091049194336,1.5882666110992432,131.6372528076172
2,649,3.6000046730041504,1.6453449726104736,131.64926147460938
2,650,3.6187455654144287,1.6683233976364136,131.657470703125
2,651,3.4931321144104004,1.611920714378357,131.66859436035156
2,652,3.5273797512054443,1.7062022686004639,131.67745971679688
2,653,3.568570613861084,1.7591066360473633,131.68463134765625
2,654,3.47029185295105,1.6499141454696655,131.69203186035156
2,655,3.502939462661743,1.6462600231170654,131.70220947265625
2,656,3.5996251106262207,1.8360859155654907,131.7122802734375
2,657,3.6054458618164062,1.6977035999298096,131.72247314453125
2,658,3.576719284057617,1.6912825107574463,131.73081970214844
2,659,3.487898111343384,1.8148592710494995,131.7430419921875
2,660,3.5343639850616455,1.7359074354171753,131.75323486328125
2,661,3.3831777572631836,1.6954914331436157,131.76202392578125
2,662,3.5322494506835938,1.5826950073242188,131.77244567871094
2,663,3.6247336864471436,1.7240248918533325,131.7810821533203
2,664,3.430042028427124,1.7352280616760254,131.78981018066406
2,665,3.520644187927246,1.807096242904663,131.79940795898438
2,666,3.5506677627563477,1.7767949104309082,131.8076934814453
2,667,3.7328567504882812,1.705925464630127,131.81808471679688
2,668,3.437735080718994,1.7596964836120605,131.82791137695312
2,669,3.656398057937622,1.814928650856018,131.8374786376953
2,670,3.420867443084717,1.7624150514602661,131.84544372558594
2,671,3.4531350135803223,1.7168266773223877,131.85513305664062
2,672,3.610006809234619,1.614095687866211,131.86370849609375
2,673,3.628441333770752,1.7228060960769653,131.871826171875
2,674,3.574772596359253,1.636023998260498,131.8794403076172
2,675,3.538597583770752,1.66110360622406,131.88743591308594
2,676,3.5583958625793457,1.7298872470855713,131.89585876464844
2,677,3.511153221130371,1.629491925239563,131.90284729003906
2,678,3.5704264640808105,1.6376458406448364,131.91183471679688
2,679,3.3694827556610107,1.6309725046157837,131.92066955566406
2,680,3.5344183444976807,1.682983160018921,131.92694091796875
2,681,3.4303689002990723,1.7001242637634277,131.934814453125
2,682,3.4669249057769775,1.644742488861084,131.9437713623047
2,683,3.5274226665496826,1.59872305393219,131.95187377929688
2,684,3.6288514137268066,1.6234989166259766,131.958740234375
2,685,3.6374826431274414,1.557807445526123,131.96559143066406
2,686,3.5307364463806152,1.6702760457992554,131.97219848632812
2,687,3.58361554145813,1.5558987855911255,131.98159790039062
2,688,3.6697025299072266,1.690587043762207,131.98956298828125
2,689,3.6845390796661377,1.6498024463653564,131.9972381591797
2,690,3.5672643184661865,1.7963976860046387,132.00454711914062
2,691,3.574803113937378,1.5935585498809814,132.01168823242188
2,692,3.614638566970825,1.6776574850082397,132.0196533203125
2,693,3.6518988609313965,1.7792208194732666,132.02816772460938
2,694,3.5946688652038574,1.706279993057251,132.03671264648438
2,695,3.638500928878784,1.6197192668914795,132.0430145263672
2,696,3.4795901775360107,1.669630765914917,132.05113220214844
2,697,3.452313184738159,1.7209746837615967,132.0598602294922
2,698,3.662013292312622,1.7382656335830688,132.0659637451172
2,699,3.5557243824005127,1.6593174934387207,132.07496643066406
2,700,3.524522066116333,1.6180590391159058,132.0825653076172
2,701,3.4862775802612305,1.6618187427520752,132.08909606933594
2,702,3.679555654525757,1.831426739692688,132.0971221923828
2,703,3.549525737762451,1.7037445306777954,132.10426330566406
2,704,3.582374095916748,1.5773588418960571,132.11082458496094
2,705,3.5559020042419434,1.6798080205917358,132.1171875
2,706,3.570798635482788,1.6951160430908203,132.1254425048828
2,707,3.395092725753784,1.8208411931991577,132.13206481933594
2,708,3.445084810256958,1.6618391275405884,132.13894653320312
2,709,3.6353847980499268,1.6853835582733154,132.14540100097656
2,710,3.5608675479888916,1.6298539638519287,132.15309143066406
2,711,3.4755659103393555,1.6090248823165894,132.1591796875
2,712,3.541428327560425,1.6108901500701904,132.16595458984375
2,713,3.527064323425293,1.6352465152740479,132.17205810546875
2,714,3.5314955711364746,1.689382553100586,132.17958068847656
2,715,3.651590347290039,1.7306764125823975,132.18701171875
2,716,3.5146360397338867,1.6405150890350342,132.19296264648438
2,717,3.4869186878204346,1.5679852962493896,132.20025634765625
2,718,3.5604796409606934,1.5491598844528198,132.20806884765625
2,719,3.6339941024780273,1.6419843435287476,132.21485900878906
2,720,3.6537272930145264,1.6648941040039062,132.2222900390625
2,721,3.7224655151367188,1.7006179094314575,132.22824096679688
2,722,3.3830268383026123,1.6153837442398071,132.23338317871094
2,723,3.478883981704712,1.6650136709213257,132.2406463623047
2,724,3.483795166015625,1.6660319566726685,132.2478790283203
2,725,3.6755166053771973,1.8657026290893555,132.25640869140625
2,726,3.552354097366333,1.8237580060958862,132.2633514404297
2,727,3.781954050064087,1.8759129047393799,132.2698211669922
2,728,3.5100245475769043,1.7111603021621704,132.27615356445312
2,729,3.5375864505767822,1.6995441913604736,132.28201293945312
2,730,3.65045428276062,1.6874337196350098,132.28749084472656
2,731,3.6333513259887695,1.7278269529342651,132.29364013671875
2,732,3.6850481033325195,1.8451807498931885,132.30145263671875
2,733,3.5364127159118652,1.8872758150100708,132.30819702148438
2,734,3.4871506690979004,1.735370397567749,132.31393432617188
2,735,3.606914758682251,1.808786153793335,132.32028198242188
2,736,3.5783705711364746,1.8887044191360474,132.3249053955078
2,737,3.596390724182129,1.749560832977295,132.33010864257812
2,738,3.696364641189575,1.9083251953125,132.3360595703125
2,739,3.463916063308716,1.5564684867858887,132.34283447265625
2,740,3.641364812850952,1.8183225393295288,132.35023498535156
2,741,3.6559793949127197,1.742749810218811,132.35728454589844
2,742,3.562746286392212,1.7843345403671265,132.36363220214844
2,743,3.6194005012512207,1.7982524633407593,132.3695831298828
2,744,3.597649335861206,1.7448065280914307,132.3748321533203
2,745,3.760620355606079,1.6768807172775269,132.37928771972656
2,746,3.5482351779937744,1.7227952480316162,132.38681030273438
2,747,3.605802297592163,1.836331844329834,132.39402770996094
2,748,3.4456355571746826,1.7000808715820312,132.40078735351562
2,749,3.76501727104187,1.7718535661697388,132.40744018554688
2,750,3.6960086822509766,1.8781834840774536,132.41236877441406
2,751,3.6343867778778076,1.853743314743042,132.4169158935547
2,752,3.568023204803467,1.7800060510635376,132.42298889160156
2,753,3.562237501144409,1.689789891242981,132.43008422851562
2,754,3.6662940979003906,1.8663597106933594,132.43655395507812
2,755,3.635481834411621,1.8949987888336182,132.4416046142578
2,756,3.5324835777282715,1.5549826622009277,132.44879150390625
2,757,3.41951060295105,1.6262531280517578,132.45327758789062
2,758,3.5844268798828125,1.635961651802063,132.45924377441406
2,759,3.4974873065948486,1.6467082500457764,132.46522521972656
2,760,3.3863155841827393,1.5518858432769775,132.4685821533203
2,761,3.3650059700012207,1.6201518774032593,132.47488403320312
2,762,3.539203643798828,1.7639366388320923,132.47845458984375
2,763,3.713634490966797,1.7681218385696411,132.48329162597656
2,764,3.585860013961792,1.762730598449707,132.4893341064453
2,765,3.5379788875579834,1.7318235635757446,132.49508666992188
2,766,3.601536989212036,2.024412155151367,132.5011749267578
2,767,3.7578394412994385,1.6740334033966064,132.5049285888672
2,768,3.656155824661255,1.7388938665390015,132.50927734375
2,769,3.647261619567871,1.8324600458145142,132.5131072998047
2,770,3.6387062072753906,1.735447645187378,132.51736450195312
2,771,3.6628198623657227,1.5473445653915405,132.52413940429688
2,772,3.523386001586914,1.615504503250122,132.52882385253906
2,773,3.4389748573303223,1.5117928981781006,132.53257751464844
2,774,3.5252816677093506,1.6296695470809937,132.53573608398438
2,775,3.6724119186401367,1.5301162004470825,132.54066467285156
2,776,3.5594723224639893,1.532309651374817,132.5434112548828
2,777,3.5923922061920166,1.6065385341644287,132.54835510253906
2,778,3.4705278873443604,1.5070949792861938,132.55392456054688
2,779,3.6002657413482666,1.8029263019561768,132.560546875
2,780,3.542102098464966,1.6450576782226562,132.56480407714844
2,781,3.568902015686035,1.5471675395965576,132.5707244873047
2,782,3.710916757583618,1.5963486433029175,132.57666015625
2,783,3.597954750061035,1.5678598880767822,132.5819854736328
2,784,3.6521403789520264,1.5396324396133423,132.58421325683594
2,785,3.5848357677459717,1.6520487070083618,132.5891571044922
2,786,3.7457168102264404,1.5189229249954224,132.5944366455078
2,787,3.540308952331543,1.4979618787765503,132.5998077392578
2,788,3.7219974994659424,1.7235957384109497,132.60546875
2,789,3.5930252075195312,1.6068544387817383,132.6090850830078
2,790,3.5143799781799316,1.7661093473434448,132.61392211914062
2,791,3.5409700870513916,1.6080302000045776,132.6182098388672
2,792,3.598734140396118,1.6707959175109863,132.6219940185547
2,793,3.554408550262451,1.750736951828003,132.6250762939453
2,794,3.6297967433929443,1.607193112373352,132.63040161132812
2,795,3.6734087467193604,1.6210458278656006,132.6369171142578
2,796,3.573775291442871,1.5138700008392334,132.6401824951172
2,797,3.547264814376831,1.6475613117218018,132.64517211914062
2,798,3.465498685836792,1.6061562299728394,132.65008544921875
2,799,3.5239415168762207,1.650578260421753,132.65554809570312
2,800,3.472884178161621,1.6121186017990112,132.65890502929688
2,801,3.6108717918395996,1.5343594551086426,132.66561889648438
2,802,3.5989646911621094,1.6388561725616455,132.67066955566406
2,803,3.5780715942382812,1.5760103464126587,132.67477416992188
2,804,3.4761154651641846,1.487104892730713,132.6781005859375
2,805,3.7237656116485596,1.7831138372421265,132.68190002441406
2,806,3.591513156890869,1.6713347434997559,132.6853790283203
2,807,3.5814456939697266,1.6990537643432617,132.6882781982422
2,808,3.678091049194336,1.6713545322418213,132.69461059570312
2,809,3.4322850704193115,1.700900912284851,132.69825744628906
2,810,3.597748279571533,1.7064155340194702,132.70216369628906
2,811,3.527941942214966,1.587341547012329,132.7064666748047
2,812,3.506751775741577,1.672005534172058,132.7108917236328
2,813,3.636796236038208,1.5956525802612305,132.71388244628906
2,814,3.6323294639587402,1.7166564464569092,132.7174530029297
2,815,3.590616226196289,1.678299903869629,132.72146606445312
2,816,3.6172289848327637,1.6844696998596191,132.72567749023438
2,817,3.5804479122161865,1.6634624004364014,132.732177734375
2,818,3.573784828186035,1.7653443813323975,132.73594665527344
2,819,3.621107578277588,1.6105785369873047,132.74085998535156
2,820,3.735139846801758,1.631256103515625,132.7434844970703
2,821,3.6004059314727783,1.559067964553833,132.74774169921875
2,822,3.614898920059204,1.531060814857483,132.75193786621094
2,823,3.570380449295044,1.557114601135254,132.7560577392578
2,824,3.5293869972229004,1.636217474937439,132.76016235351562
2,825,3.4601526260375977,1.577104091644287,132.76467895507812
2,826,3.5414369106292725,1.675408124923706,132.76942443847656
2,827,3.5893733501434326,1.6556165218353271,132.77288818359375
2,828,3.5804553031921387,1.761800765991211,132.77743530273438
2,829,3.500607967376709,1.5892651081085205,132.78121948242188
2,830,3.5913126468658447,1.532833456993103,132.78570556640625
2,831,3.5608561038970947,1.5836999416351318,132.78970336914062
2,832,3.523496389389038,1.56565260887146,132.79379272460938
2,833,3.551563024520874,1.6987358331680298,132.7979736328125
2,834,3.6599254608154297,1.539997935295105,132.8018035888672
2,835,3.383971929550171,1.7698392868041992,132.80453491210938
2,836,3.5204906463623047,1.5618826150894165,132.8090362548828
2,837,3.5294435024261475,1.6785808801651,132.8120574951172
2,838,3.622105121612549,1.642014741897583,132.8147430419922
2,839,3.4661548137664795,1.5649152994155884,132.81959533691406
2,840,3.6587109565734863,1.6587660312652588,132.8232879638672
2,841,3.495617389678955,1.630539894104004,132.8261260986328
2,842,3.5885488986968994,1.5420786142349243,132.83026123046875
2,843,3.6168012619018555,1.6103707551956177,132.83541870117188
2,844,3.658921241760254,1.6191906929016113,132.8394317626953
2,845,3.441218137741089,1.5646858215332031,132.84149169921875
2,846,3.502446174621582,1.6100969314575195,132.84385681152344
2,847,3.4410064220428467,1.7179330587387085,132.8459930419922
2,848,3.385545015335083,1.680841326713562,132.84840393066406
2,849,3.558781623840332,1.523025393486023,132.8505096435547
2,850,3.5590078830718994,1.6257996559143066,132.85179138183594
2,851,3.5439815521240234,1.6881520748138428,132.85533142089844
2,852,3.40329647064209,1.6303170919418335,132.8595733642578
2,853,3.5266945362091064,1.5369948148727417,132.86300659179688
2,854,3.6161985397338867,1.7802557945251465,132.86622619628906
2,855,3.6242928504943848,1.6159188747406006,132.8675079345703
2,856,3.6145949363708496,1.6323539018630981,132.870361328125
2,857,3.5873167514801025,1.5871318578720093,132.87496948242188
2,858,3.6248371601104736,1.773781418800354,132.87924194335938
2,859,3.642415761947632,1.6788064241409302,132.8814697265625
2,860,3.5436553955078125,1.6718599796295166,132.8838348388672
2,861,3.684363842010498,1.6356340646743774,132.88682556152344
2,862,3.653406858444214,1.6476410627365112,132.8892059326172
2,863,3.668895959854126,1.9494491815567017,132.89080810546875
2,864,3.482661724090576,1.553641438484192,132.89305114746094
2,865,3.6436960697174072,1.669132113456726,132.89698791503906
2,866,3.6629130840301514,1.5987440347671509,132.89913940429688
2,867,3.5623257160186768,1.58234441280365,132.90232849121094
2,868,3.622696876525879,1.7133907079696655,132.9039306640625
2,869,3.628059148788452,1.6867491006851196,132.9074249267578
2,870,3.5743534564971924,1.6121793985366821,132.90965270996094
2,871,3.4889702796936035,1.568056344985962,132.9119415283203
2,872,3.537022352218628,1.6313567161560059,132.9154815673828
2,873,3.6971585750579834,1.536316156387329,132.91787719726562
2,874,3.5419843196868896,1.6097605228424072,132.9202117919922
2,875,3.5511224269866943,1.6114170551300049,132.92247009277344
2,876,3.6053617000579834,1.7397114038467407,132.92408752441406
2,877,3.584524154663086,1.5386173725128174,132.92552185058594
2,878,3.5703911781311035,1.6135480403900146,132.9281768798828
2,879,3.4902584552764893,1.881532073020935,132.9315643310547
2,880,3.5278804302215576,1.8177918195724487,132.933349609375
2,881,3.6347713470458984,1.7592761516571045,132.93588256835938
2,882,3.543639659881592,1.655253529548645,132.93910217285156
2,883,3.596907138824463,1.6890363693237305,132.9422149658203
2,884,3.669786214828491,1.720913290977478,132.94552612304688
2,885,3.4889578819274902,1.7659921646118164,132.94918823242188
2,886,3.6928110122680664,1.7389718294143677,132.951416015625
2,887,3.753235340118408,1.6555094718933105,132.95440673828125
2,888,3.5601894855499268,1.746842861175537,132.95664978027344
2,889,3.6016716957092285,1.75727379322052,132.95909118652344
2,890,3.56124210357666,1.7386486530303955,132.9619598388672
2,891,3.4377570152282715,1.6761430501937866,132.96490478515625
2,892,3.5837130546569824,1.841012716293335,132.9668731689453
2,893,3.5335519313812256,1.6334279775619507,132.96934509277344
2,894,3.5740647315979004,1.6503487825393677,132.9724578857422
2,895,3.6398696899414062,1.8373969793319702,132.9749298095703
2,896,3.5967824459075928,1.814306616783142,132.9755401611328
2,897,3.593909978866577,1.7283753156661987,132.97889709472656
2,898,3.7137956619262695,1.7414499521255493,132.98089599609375
2,899,3.493530511856079,1.6706748008728027,132.9829559326172
2,900,3.632716417312622,1.6854342222213745,132.9856719970703
2,901,3.5726191997528076,1.7392051219940186,132.98934936523438
2,902,3.6142261028289795,1.9605108499526978,132.99070739746094
2,903,3.6151320934295654,1.7536600828170776,132.9936065673828
2,904,3.5950863361358643,1.7140480279922485,132.9957733154297
2,905,3.478203535079956,1.7016018629074097,132.99693298339844
2,906,3.567614793777466,1.843978762626648,133.0005340576172
2,907,3.6565282344818115,1.7303787469863892,133.0042724609375
2,908,3.700730323791504,1.7741307020187378,133.00765991210938
2,909,3.4934682846069336,1.6597925424575806,133.01063537597656
2,910,3.6248114109039307,1.8319098949432373,133.01348876953125
2,911,3.5624356269836426,1.6979403495788574,133.01602172851562
2,912,3.6246283054351807,1.7898744344711304,133.01907348632812
2,913,3.7092514038085938,1.8223193883895874,133.0212860107422
2,914,3.5445687770843506,1.7521816492080688,133.02308654785156
2,915,3.4121012687683105,1.826890468597412,133.02565002441406
2,916,3.5785505771636963,1.7162960767745972,133.02854919433594
2,917,3.5086424350738525,1.600554347038269,133.0321044921875
2,918,3.683457136154175,1.6960405111312866,133.0333251953125
2,919,3.6459784507751465,1.6606501340866089,133.0353240966797
2,920,3.642420530319214,1.665654182434082,133.0369415283203
2,921,3.5156095027923584,1.7474778890609741,133.0389404296875
2,922,3.731888771057129,1.7627389430999756,133.04080200195312
2,923,3.578319787979126,1.7302613258361816,133.0431671142578
2,924,3.4638900756835938,1.6251517534255981,133.04452514648438
2,925,3.4182662963867188,1.7453858852386475,133.0458526611328
2,926,3.6625349521636963,1.8515326976776123,133.0470733642578
2,927,3.629164218902588,1.7814998626708984,133.04769897460938
2,928,3.599076271057129,1.7113556861877441,133.0503387451172
2,929,3.487008571624756,1.6972383260726929,133.05287170410156
2,930,3.76560640335083,1.7057979106903076,133.0550079345703
2,931,3.541208267211914,1.861688494682312,133.05599975585938
2,932,3.730302095413208,1.8103699684143066,133.0574493408203
2,933,3.716888427734375,1.8172218799591064,133.0601348876953
2,934,3.684694290161133,1.8350725173950195,133.0626983642578
2,935,3.5918967723846436,1.988154649734497,133.06336975097656
2,936,3.4976186752319336,1.7062406539916992,133.0650634765625
2,937,3.5407793521881104,1.690586805343628,133.06642150878906
2,938,3.598660945892334,1.727219581604004,133.06849670410156
2,939,3.564114809036255,1.766755223274231,133.07044982910156
2,940,3.7428689002990723,1.7290527820587158,133.07337951660156
2,941,3.427360773086548,1.589845061302185,133.07669067382812
2,942,3.625558853149414,1.81926691532135,133.078369140625
2,943,3.4307031631469727,1.7285103797912598,133.08152770996094
2,944,3.600292682647705,1.646026372909546,133.0830841064453
2,945,3.4976367950439453,1.5999031066894531,133.0839080810547
2,946,3.459890604019165,1.495318055152893,133.0869598388672
2,947,3.4759345054626465,1.6343843936920166,133.08790588378906
2,948,3.6306798458099365,1.538740873336792,133.08828735351562
2,949,3.584105968475342,1.5392206907272339,133.0908660888672
2,950,3.6107163429260254,1.5595287084579468,133.0930938720703
2,951,3.5331575870513916,1.5377697944641113,133.09463500976562
2,952,3.6398327350616455,1.495729684829712,133.09837341308594
2,953,3.528312921524048,1.7156367301940918,133.09909057617188
2,954,3.4835739135742188,1.4615837335586548,133.10133361816406
2,955,3.555654525756836,1.5297188758850098,133.1018524169922
2,956,3.6623592376708984,1.6862585544586182,133.10379028320312
2,957,3.5855629444122314,1.5480694770812988,133.10467529296875
2,958,3.5226876735687256,1.5279806852340698,133.10504150390625
2,959,3.4876322746276855,1.496730923652649,133.10629272460938
2,960,3.5553228855133057,1.5736769437789917,133.10821533203125
2,961,3.545823812484741,1.4481083154678345,133.10997009277344
2,962,3.538800001144409,1.3765844106674194,133.11175537109375
2,963,3.4455037117004395,1.4031200408935547,133.11473083496094
2,964,3.4155526161193848,1.4194308519363403,133.11636352539062
2,965,3.5655405521392822,1.6062352657318115,133.11773681640625
2,966,3.705183267593384,1.628490686416626,133.1198272705078
2,967,3.7019307613372803,1.566948413848877,133.1202850341797
2,968,3.5444815158843994,1.5423702001571655,133.1195068359375
2,969,3.477360725402832,1.5297093391418457,133.1212615966797
2,970,3.642058849334717,1.5763757228851318,133.12249755859375
2,971,3.549018383026123,1.4680614471435547,133.12380981445312
2,972,3.57812762260437,1.5973312854766846,133.1259002685547
2,973,3.5896923542022705,1.543989658355713,133.1283416748047
2,974,3.535334348678589,1.5935142040252686,133.12937927246094
2,975,3.6391472816467285,1.565417766571045,133.13258361816406
2,976,3.615431547164917,1.5585119724273682,133.13514709472656
2,977,3.6042912006378174,1.50816810131073,133.13722229003906
2,978,3.6450142860412598,1.5398448705673218,133.13739013671875
2,979,3.576199769973755,1.5998514890670776,133.13888549804688
2,980,3.348602771759033,1.6256954669952393,133.1407470703125
2,981,3.6342408657073975,1.5989093780517578,133.14382934570312
2,982,3.4575963020324707,1.526234745979309,133.14588928222656
2,983,3.560758352279663,1.5734583139419556,133.148193359375
2,984,3.3675084114074707,1.5265898704528809,133.15011596679688
2,985,3.6309568881988525,1.4676004648208618,133.1510467529297
2,986,3.53471302986145,1.5358941555023193,133.15321350097656
2,987,3.6865367889404297,1.520850419998169,133.15478515625
2,988,3.579218626022339,1.544838547706604,133.15728759765625
2,989,3.57240629196167,1.573735237121582,133.15823364257812
2,990,3.6411361694335938,1.5134786367416382,133.1608123779297
2,991,3.457625389099121,1.4672225713729858,133.1618194580078
2,992,3.7132036685943604,1.5082032680511475,133.16261291503906
2,993,3.521300792694092,1.66839599609375,133.16329956054688
2,994,3.4536378383636475,1.5889166593551636,133.1640625
2,995,3.6067583560943604,1.5834500789642334,133.16497802734375
2,996,3.2652828693389893,1.5641887187957764,133.1668701171875
2,997,3.547292947769165,1.6389824151992798,133.16781616210938
2,998,3.34041428565979,1.6804490089416504,133.16964721679688
2,999,3.420853614807129,1.6416219472885132,133.17276000976562
2,1000,3.5624566078186035,1.9103575944900513,133.1743927001953
3,1,3.1496520042419434,0.9921751022338867,0.0
3,2,3.0670464038848877,1.1057450771331787,9.977755546569824
3,3,3.2077364921569824,1.369703769683838,14.090428352355957
3,4,3.1545164585113525,1.50421142578125,17.231334686279297
3,5,3.27970552444458,1.7778388261795044,19.870141983032227
3,6,3.2868947982788086,1.4792300462722778,22.184030532836914
3,7,3.092766761779785,1.597151279449463,24.267742156982422
3,8,3.2755448818206787,1.5346635580062866,26.175661087036133
3,9,3.1427178382873535,1.5366170406341553,27.944204330444336
3,10,3.114981174468994,1.7207242250442505,29.599462509155273
3,11,3.1086926460266113,1.851309061050415,31.15611457824707
3,12,3.1879935264587402,1.699021339416504,32.63200378417969
3,13,3.2675771713256836,2.014925956726074,34.03742218017578
3,14,3.28090500831604,2.243011474609375,35.37671661376953
3,15,3.3363819122314453,2.166550397872925,36.66191101074219
3,16,3.317568778991699,1.982163906097412,37.89712905883789
3,17,3.239439010620117,1.7692233324050903,39.086509704589844
3,18,3.2236297130584717,1.9041880369186401,40.232444763183594
3,19,3.2411551475524902,2.0061447620391846,41.342872619628906
3,20,3.3616926670074463,2.1385347843170166,42.41796875
3,21,3.3454556465148926,2.261540651321411,43.45985794067383
3,22,3.276005506515503,2.3071844577789307,44.47024154663086
3,23,3.3000082969665527,2.3436152935028076,45.45476150512695
3,24,3.2871005535125732,2.213289499282837,46.41419219970703
3,25,3.1273586750030518,2.001330852508545,47.34708786010742
3,26,3.378655433654785,2.388063430786133,48.256439208984375
3,27,3.15008282661438,1.8839654922485352,49.14554977416992
3,28,3.227470874786377,2.012784957885742,50.01183319091797
3,29,3.2699248790740967,2.053633689880371,50.86014175415039
3,30,3.290058135986328,2.3177905082702637,51.6896858215332
3,31,3.4152109622955322,2.28135347366333,52.50117874145508
3,32,3.3608219623565674,2.3443048000335693,53.29615020751953
3,33,3.343766927719116,2.4809279441833496,54.07481384277344
3,34,3.328862428665161,2.2715728282928467,54.83853530883789
3,35,3.290569305419922,2.241546154022217,55.5865364074707
3,36,3.301551580429077,2.272801399230957,56.32221984863281
3,37,3.3836669921875,2.2298195362091064,57.04390335083008
3,38,3.324902057647705,2.2143850326538086,57.75248718261719
3,39,3.2677557468414307,2.114349842071533,58.44697952270508
3,40,3.380167007446289,2.5378568172454834,59.131649017333984
3,41,3.322420835494995,2.4963343143463135,59.80363082885742
3,42,3.166898012161255,2.4581968784332275,60.464542388916016
3,43,3.450910806655884,2.6256661415100098,61.11406326293945
3,44,3.300368547439575,2.5792477130889893,61.75482940673828
3,45,3.4509825706481934,2.3865561485290527,62.38471221923828
3,46,3.3259389400482178,2.496870279312134,63.00318908691406
3,47,3.4187378883361816,2.174006223678589,63.612083435058594
3,48,3.3831114768981934,2.323554277420044,64.21404266357422
3,49,3.467559337615967,2.509351968765259,64.80584716796875
3,50,3.4317548274993896,2.1987860202789307,65.3908920288086
3,51,3.5348360538482666,2.291255474090576,65.96642303466797
3,52,3.35737943649292,2.2066922187805176,66.53519439697266
3,53,3.555724620819092,2.391512155532837,67.09434509277344
3,54,3.433715343475342,2.2519781589508057,67.64534759521484
3,55,3.497467041015625,2.240955352783203,68.18925476074219
3,56,3.346146821975708,2.1943507194519043,68.72612762451172
3,57,3.4683187007904053,2.254647970199585,69.25621032714844
3,58,3.371572494506836,2.3226239681243896,69.77912139892578
3,59,3.4725277423858643,2.5505287647247314,70.29576873779297
3,60,3.433624744415283,2.6916911602020264,70.8053970336914
3,61,3.5023739337921143,2.389540910720825,71.30821228027344
3,62,3.3881354331970215,2.3859782218933105,71.80347442626953
3,63,3.5335707664489746,2.453345775604248,72.29316711425781
3,64,3.385420083999634,2.3512048721313477,72.77886962890625
3,65,3.509119987487793,2.623944044113159,73.25652313232422
3,66,3.462512254714966,2.3846352100372314,73.7310791015625
3,67,3.385526657104492,2.5310111045837402,74.19893646240234
3,68,3.357663869857788,2.770022392272949,74.66064453125
3,69,3.5898923873901367,2.401536703109741,75.11758422851562
3,70,3.371074676513672,2.4010820388793945,75.56846618652344
3,71,3.344027280807495,2.109550714492798,76.01480102539062
3,72,3.5002946853637695,2.3286213874816895,76.45576477050781
3,73,3.4606659412384033,2.6461760997772217,76.89134216308594
3,74,3.40666127204895,2.475459098815918,77.32247924804688
3,75,3.4008421897888184,2.554105281829834,77.7476806640625
3,76,3.3510568141937256,2.4883060455322266,78.17011260986328
3,77,3.5137946605682373,2.5744118690490723,78.58858489990234
3,78,3.4325575828552246,2.3441038131713867,79.00093841552734
3,79,3.5843255519866943,2.3446269035339355,79.40827941894531
3,80,3.5795512199401855,2.557467222213745,79.81224822998047
3,81,3.3966500759124756,2.4157023429870605,80.21045684814453
3,82,3.28092360496521,2.327303171157837,80.60808563232422
3,83,3.4688680171966553,2.351046562194824,80.99909973144531
3,84,3.473250150680542,2.2599117755889893,81.38652038574219
3,85,3.5569052696228027,2.5775303840637207,81.76947021484375
3,86,3.472507953643799,2.575310230255127,82.1499252319336
3,87,3.5104691982269287,2.492692708969116,82.52520751953125
3,88,3.5215461254119873,2.4669911861419678,82.89893341064453
3,89,3.5533063411712646,2.498617649078369,83.2677001953125
3,90,3.5510213375091553,2.5081100463867188,83.63064575195312
3,91,3.4658522605895996,2.26184344291687,83.99032592773438
3,92,3.4349112510681152,2.2469351291656494,84.347412109375
3,93,3.498929262161255,2.2941341400146484,84.70149993896484
3,94,3.543520450592041,2.2470571994781494,85.05105590820312
3,95,3.3967838287353516,2.2051749229431152,85.39949798583984
3,96,3.4011006355285645,2.169006109237671,85.74492645263672
3,97,3.38706111907959,2.2397546768188477,86.0850601196289
3,98,3.496406316757202,2.2046685218811035,86.42195892333984
3,99,3.5091750621795654,2.262117862701416,86.75496673583984
3,100,3.5189368724823,2.344369888305664,87.08500671386719
3,101,3.5522656440734863,2.2628040313720703,87.41327667236328
3,102,3.4254534244537354,2.2078640460968018,87.73834991455078
3,103,3.5476467609405518,2.3733537197113037,88.05905151367188
3,104,3.399104356765747,2.30879545211792,88.37730407714844
3,105,3.5608537197113037,2.358052968978882,88.69268035888672
3,106,3.510340452194214,2.179762363433838,89.00489807128906
3,107,3.3706717491149902,2.169947862625122,89.3141098022461
3,108,3.482720136642456,2.349473714828491,89.62166595458984
3,109,3.3940062522888184,2.2608892917633057,89.9261245727539
3,110,3.594592332839966,2.1788675785064697,90.22810363769531
3,111,3.4646077156066895,2.2945685386657715,90.5265121459961
3,112,3.648402690887451,2.360471248626709,90.82212829589844
3,113,3.5178706645965576,2.3806188106536865,91.11650848388672
3,114,3.432426929473877,2.4085896015167236,91.40682220458984
3,115,3.497520923614502,2.2309892177581787,91.69436645507812
3,116,3.5022130012512207,2.343796730041504,91.9802474975586
3,117,3.20823073387146,2.0378949642181396,92.26333618164062
3,118,3.2775535583496094,2.3191933631896973,92.544189453125
3,119,3.5627732276916504,2.3466150760650635,92.8227767944336
3,120,3.5435240268707275,2.2960870265960693,93.09881591796875
3,121,3.581955909729004,2.4497463703155518,93.37482452392578
3,122,3.484111785888672,2.4255006313323975,93.64559936523438
3,123,3.741021156311035,2.725254535675049,93.91537475585938
3,124,3.6202847957611084,2.519779682159424,94.18171691894531
3,125,3.466646432876587,2.2340049743652344,94.4472427368164
3,126,3.5193958282470703,2.5137946605682373,94.70877838134766
3,127,3.61553692817688,2.568690299987793,94.96862030029297
3,128,3.584920883178711,2.5942413806915283,95.22765350341797
3,129,3.6273860931396484,2.8283579349517822,95.48290252685547
3,130,3.5602314472198486,2.410968780517578,95.73627471923828
3,131,3.531052350997925,2.448073625564575,95.9886474609375
3,132,3.4675774574279785,2.51727294921875,96.23805236816406
3,133,3.608243942260742,2.6198372840881348,96.4866943359375
3,134,3.6146085262298584,2.7473347187042236,96.73252868652344
3,135,3.509124994277954,2.3937671184539795,96.97712707519531
3,136,3.527329444885254,2.472158193588257,97.21886444091797
3,137,3.5248007774353027,2.5909829139709473,97.45865631103516
3,138,3.4571311473846436,2.4048502445220947,97.69625091552734
3,139,3.5514769554138184,2.2967123985290527,97.93336486816406
3,140,3.4428813457489014,2.5059032440185547,98.1676025390625
3,141,3.6407980918884277,2.4389030933380127,98.40031433105469
3,142,3.6816062927246094,2.5256481170654297,98.63174438476562
3,143,3.5848584175109863,2.4216623306274414,98.85968780517578
3,144,3.4635403156280518,2.474240779876709,99.08391571044922
3,145,3.531588554382324,2.299104928970337,99.31000518798828
3,146,3.4343299865722656,2.131767511367798,99.53404998779297
3,147,3.3888607025146484,2.113309621810913,99.75672912597656
3,148,3.367858648300171,2.139101982116699,99.97637176513672
3,149,3.6110455989837646,2.2572710514068604,100.19200134277344
3,150,3.67769455909729,2.274493932723999,100.4090576171875
3,151,3.5957391262054443,2.1844680309295654,100.62442779541016
3,152,3.53548264503479,2.2533183097839355,100.83721923828125
3,153,3.421107292175293,1.9892888069152832,101.04823303222656
3,154,3.4866127967834473,2.089556932449341,101.25861358642578
3,155,3.5950262546539307,2.0053939819335938,101.466064453125
3,156,3.5558078289031982,2.1494994163513184,101.67308807373047
3,157,3.6101441383361816,2.217899799346924,101.8775634765625
3,158,3.5671167373657227,2.274735689163208,102.08132934570312
3,159,3.4955055713653564,2.1369400024414062,102.28461456298828
3,160,3.2875561714172363,2.124778985977173,102.4849624633789
3,161,3.5926454067230225,2.171381711959839,102.68474578857422
3,162,3.477231740951538,2.309145450592041,102.88201141357422
3,163,3.533989429473877,2.2056541442871094,103.07769775390625
3,164,3.447012424468994,2.2178993225097656,103.27159118652344
3,165,3.549027442932129,2.1907315254211426,103.4664306640625
3,166,3.5140092372894287,2.171534299850464,103.65895080566406
3,167,3.588541030883789,2.332521438598633,103.84866333007812
3,168,3.378312826156616,2.0198841094970703,104.03655242919922
3,169,3.6959187984466553,2.2021353244781494,104.22286987304688
3,170,3.488473653793335,2.243727922439575,104.40834045410156
3,171,3.498126268386841,2.350398540496826,104.5941390991211
3,172,3.540698289871216,2.230013847351074,104.77873992919922
3,173,3.4995298385620117,2.1284842491149902,104.96101379394531
3,174,3.5892996788024902,2.443206310272217,105.1410903930664
3,175,3.4967904090881348,2.2372491359710693,105.32132720947266
3,176,3.6298882961273193,2.342938184738159,105.4995346069336
3,177,3.6226823329925537,2.4277172088623047,105.67559051513672
3,178,3.5418312549591064,2.235002040863037,105.85132598876953
3,179,3.6289525032043457,2.253859043121338,106.02610778808594
3,180,3.5676348209381104,2.2755982875823975,106.19915008544922
3,181,3.710292100906372,2.3356494903564453,106.36958312988281
3,182,3.5778613090515137,2.3074095249176025,106.53926849365234
3,183,3.5416955947875977,2.558443307876587,106.7071762084961
3,184,3.5571112632751465,2.2012875080108643,106.87448120117188
3,185,3.418264865875244,2.1514289379119873,107.03980255126953
3,186,3.436361074447632,2.184682607650757,107.2055892944336
3,187,3.5438320636749268,2.2463796138763428,107.37145233154297
3,188,3.6100621223449707,2.3660049438476562,107.5341567993164
3,189,3.5419464111328125,2.322427988052368,107.69771575927734
3,190,3.3443124294281006,2.0337271690368652,107.85897827148438
3,191,3.5171422958374023,2.2012109756469727,108.01896667480469
3,192,3.6880810260772705,2.326369285583496,108.1773910522461
3,193,3.597655773162842,2.141446352005005,108.33413696289062
3,194,3.5244643688201904,2.170072078704834,108.48991394042969
3,195,3.5426926612854004,2.2115020751953125,108.64488220214844
3,196,3.5859122276306152,2.2896878719329834,108.79961395263672
3,197,3.5732030868530273,2.1993141174316406,108.95368957519531
3,198,3.5420138835906982,2.260058641433716,109.10380554199219
3,199,3.4513721466064453,2.005948781967163,109.25459289550781
3,200,3.628288984298706,2.1972599029541016,109.40343475341797
3,201,3.4764883518218994,2.177263021469116,109.55179595947266
3,202,3.6515913009643555,2.287485122680664,109.69942474365234
3,203,3.6146152019500732,2.1869454383850098,109.84659576416016
3,204,3.5808286666870117,2.071790933609009,109.99192810058594
3,205,3.4649219512939453,1.958444595336914,110.13771057128906
3,206,3.671069860458374,2.2790911197662354,110.28022003173828
3,207,3.4929158687591553,2.0109477043151855,110.42267608642578
3,208,3.436168909072876,2.0379347801208496,110.5644760131836
3,209,3.6990089416503906,2.069687604904175,110.70486450195312
3,210,3.5592105388641357,2.083836793899536,110.84504699707031
3,211,3.5139341354370117,1.9395631551742554,110.98495483398438
3,212,3.6092982292175293,2.022993803024292,111.123291015625
3,213,3.5994713306427,2.073779582977295,111.2601318359375
3,214,3.5202178955078125,2.0548787117004395,111.39493560791016
3,215,3.5584428310394287,1.993423581123352,111.53141021728516
3,216,3.489042282104492,2.092780351638794,111.66729736328125
3,217,3.480825901031494,2.051335096359253,111.80134582519531
3,218,3.5232503414154053,2.0287928581237793,111.93317413330078
3,219,3.5595462322235107,2.112978935241699,112.06488800048828
3,220,3.2586281299591064,1.8908687829971313,112.19435119628906
3,221,3.54826283454895,1.8237638473510742,112.32440948486328
3,222,3.4845826625823975,1.8699367046356201,112.45447540283203
3,223,3.4927289485931396,1.9728679656982422,112.58199310302734
3,224,3.352785110473633,2.1397345066070557,112.70974731445312
3,225,3.523895740509033,2.1233174800872803,112.83700561523438
3,226,3.535764455795288,2.025653600692749,112.96194458007812
3,227,3.583890438079834,2.0016376972198486,113.08776092529297
3,228,3.5342981815338135,2.0511815547943115,113.21212768554688
3,229,3.5169641971588135,2.166857957839966,113.33563232421875
3,230,3.6328091621398926,1.9427145719528198,113.45677947998047
3,231,3.5311596393585205,1.9459257125854492,113.57743072509766
3,232,3.600724935531616,2.041501522064209,113.6988754272461
3,233,3.554603099822998,2.0310893058776855,113.81842803955078
3,234,3.4777235984802246,2.006542444229126,113.93690490722656
3,235,3.621567726135254,2.1014575958251953,114.05406951904297
3,236,3.6374802589416504,1.8825982809066772,114.17173767089844
3,237,3.611593008041382,1.9263800382614136,114.28888702392578
3,238,3.5519490242004395,1.9303224086761475,114.40444946289062
3,239,3.4428584575653076,2.218719244003296,114.51909637451172
3,240,3.623533248901367,2.3231072425842285,114.63388061523438
3,241,3.5730414390563965,1.9345667362213135,114.7470703125
3,242,3.4490017890930176,2.04551100730896,114.85899353027344
3,243,3.448927640914917,2.0034894943237305,114.97250366210938
3,244,3.4457998275756836,2.1977646350860596,115.08363342285156
3,245,3.6640355587005615,2.2253687381744385,115.1948471069336
3,246,3.57971453666687,2.115875005722046,115.30403137207031
3,247,3.6553475856781006,2.1807217597961426,115.41520690917969
3,248,3.4488842487335205,2.042147397994995,115.52178955078125
3,249,3.468592643737793,1.9940989017486572,115.63002014160156
3,250,3.7282121181488037,2.098820209503174,115.73726654052734
3,251,3.4645283222198486,2.1930787563323975,115.8428726196289
3,252,3.4032444953918457,2.086089611053467,115.9489974975586
3,253,3.4856207370758057,2.058455228805542,116.05310821533203
3,254,3.4280903339385986,2.156010150909424,116.15694427490234
3,255,3.618237257003784,2.227825403213501,116.2608642578125
3,256,3.45786190032959,2.291156053543091,116.36370849609375
3,257,3.6752634048461914,2.1547069549560547,116.46514892578125
3,258,3.659097909927368,2.175954818725586,116.5664291381836
3,259,3.58847975730896,2.0782275199890137,116.66587829589844
3,260,3.5284225940704346,1.9804317951202393,116.76712036132812
3,261,3.517390251159668,1.9770339727401733,116.86593627929688
3,262,3.568317413330078,1.9570746421813965,116.96556091308594
3,263,3.5428383350372314,2.036846160888672,117.06554412841797
3,264,3.707872152328491,2.2280757427215576,117.16350555419922
3,265,3.548680067062378,2.1206488609313965,117.26087951660156
3,266,3.5273046493530273,2.0506820678710938,117.35661315917969
3,267,3.570617914199829,2.270937919616699,117.45254516601562
3,268,3.620131731033325,2.1420834064483643,117.54777526855469
3,269,3.522526979446411,1.9575276374816895,117.64144134521484
3,270,3.5657684803009033,1.929038166999817,117.73534393310547
3,271,3.468726873397827,2.1426315307617188,117.82855224609375
3,272,3.608201742172241,2.0503134727478027,117.92169952392578
3,273,3.514012575149536,1.8917163610458374,118.01469421386719
3,274,3.453878879547119,2.02614426612854,118.10555267333984
3,275,3.5640981197357178,1.9800798892974854,118.19779968261719
3,276,3.5390777587890625,1.8652093410491943,118.28868103027344
3,277,3.485394239425659,2.0057241916656494,118.37798309326172
3,278,3.4763450622558594,1.9517332315444946,118.4666748046875
3,279,3.381793260574341,1.7760201692581177,118.5560302734375
3,280,3.6067962646484375,1.9629746675491333,118.6449203491211
3,281,3.4209537506103516,1.8209656476974487,118.73329162597656
3,282,3.489344835281372,1.7987465858459473,118.81868743896484
3,283,3.6133768558502197,1.91303551197052,118.90526580810547
3,284,3.493946075439453,1.8659491539001465,118.9912109375
3,285,3.5947670936584473,2.006660223007202,119.07758331298828
3,286,3.3430216312408447,1.86239492893219,119.16219329833984
3,287,3.559739351272583,1.9303920269012451,119.2453842163086
3,288,3.4471421241760254,1.7850935459136963,119.3284683227539
3,289,3.3551642894744873,1.828391671180725,119.41097259521484
3,290,3.6375882625579834,1.9215739965438843,119.494384765625
3,291,3.376983165740967,1.8881640434265137,119.5774154663086
3,292,3.4445440769195557,1.853642225265503,119.66038513183594
3,293,3.649355411529541,1.9370537996292114,119.74275970458984
3,294,3.4894542694091797,1.9802485704421997,119.82320404052734
3,295,3.6460978984832764,2.4079091548919678,119.9049072265625
3,296,3.44901180267334,1.963263988494873,119.98503875732422
3,297,3.5216569900512695,1.849269151687622,120.06429290771484
3,298,3.507080554962158,1.877973198890686,120.14214324951172
3,299,3.6942343711853027,2.088315486907959,120.22081756591797
3,300,3.551499128341675,1.8351835012435913,120.29804992675781
3,301,3.4844391345977783,1.9262824058532715,120.37509155273438
3,302,3.5595602989196777,1.8959333896636963,120.45085144042969
3,303,3.5087015628814697,1.8082739114761353,120.5279312133789
3,304,3.536695718765259,1.9734547138214111,120.60393524169922
3,305,3.4796910285949707,1.8835506439208984,120.67947387695312
3,306,3.4679975509643555,1.8760854005813599,120.75384521484375
3,307,3.493042230606079,1.830793023109436,120.82882690429688
3,308,3.473545551300049,2.0339417457580566,120.9044189453125
3,309,3.5885589122772217,1.820999264717102,120.9793930053711
3,310,3.6078083515167236,1.9187004566192627,121.0517349243164
3,311,3.712395191192627,1.9140996932983398,121.12386322021484
3,312,3.5215535163879395,1.8376309871673584,121.19596099853516
3,313,3.463620185852051,1.8497345447540283,121.26966857910156
3,314,3.6012260913848877,1.9047178030014038,121.34200286865234
3,315,3.530216693878174,1.8002218008041382,121.41300201416016
3,316,3.570493459701538,1.8349556922912598,121.48224639892578
3,317,3.440638780593872,1.7079538106918335,121.55280303955078
3,318,3.6530871391296387,1.8398503065109253,121.6210708618164
3,319,3.587310791015625,1.9406473636627197,121.69051361083984
3,320,3.5672333240509033,1.980438232421875,121.75967407226562
3,321,3.7617971897125244,1.8987252712249756,121.827392578125
3,322,3.533107042312622,1.785217046737671,121.89608764648438
3,323,3.543468713760376,1.775368094444275,121.9627456665039
3,324,3.5136044025421143,1.7195743322372437,122.03047943115234
3,325,3.5724964141845703,1.8718229532241821,122.09748077392578
3,326,3.523719072341919,1.858617901802063,122.16361999511719
3,327,3.464898109436035,1.8200184106826782,122.22959899902344
3,328,3.630878448486328,1.8350785970687866,122.29641723632812
3,329,3.4971673488616943,1.7484275102615356,122.36076354980469
3,330,3.6445260047912598,1.895087480545044,122.42604064941406
3,331,3.582024335861206,1.9612653255462646,122.49007415771484
3,332,3.566347122192383,1.7315226793289185,122.55472564697266
3,333,3.5663182735443115,1.8288235664367676,122.61885070800781
3,334,3.624472141265869,1.854843258857727,122.68130493164062
3,335,3.6477084159851074,1.8992481231689453,122.7435531616211
3,336,3.5908851623535156,1.7922030687332153,122.80757904052734
3,337,3.6754884719848633,1.9249069690704346,122.87096405029297
3,338,3.4607415199279785,1.7603495121002197,122.93183898925781
3,339,3.4967260360717773,1.817198395729065,122.99266052246094
3,340,3.4520843029022217,1.8104544878005981,123.05399322509766
3,341,3.4581241607666016,1.7975232601165771,123.11497497558594
3,342,3.5136494636535645,1.985895037651062,123.17542266845703
3,343,3.524893283843994,1.8838157653808594,123.2357406616211
3,344,3.3238027095794678,1.8078336715698242,123.29551696777344
3,345,3.56634259223938,1.869978666305542,123.35338592529297
3,346,3.666666269302368,2.0033533573150635,123.41065979003906
3,347,3.605008125305176,1.9760327339172363,123.46764373779297
3,348,3.4497063159942627,1.9490660429000854,123.5271224975586
3,349,3.5233936309814453,2.0438156127929688,123.58373260498047
3,350,3.5655126571655273,1.9669731855392456,123.64018249511719
3,351,3.579878807067871,2.1029882431030273,123.69771575927734
3,352,3.6535263061523438,2.1236653327941895,123.75529479980469
3,353,3.5396251678466797,1.9737752676010132,123.81233978271484
3,354,3.680302858352661,2.0012285709381104,123.86770629882812
3,355,3.4974849224090576,1.9781428575515747,123.9230728149414
3,356,3.506969451904297,1.8476873636245728,123.97834014892578
3,357,3.5724868774414062,1.8951747417449951,124.03443145751953
3,358,3.6051671504974365,2.03136944770813,124.08869171142578
3,359,3.6238021850585938,1.9514738321304321,124.1443862915039
3,360,3.593548536300659,1.935823917388916,124.1990737915039
3,361,3.5456643104553223,1.9046285152435303,124.2538070678711
3,362,3.4558892250061035,1.9256205558776855,124.30838775634766
3,363,3.4878134727478027,1.811842679977417,124.36074829101562
3,364,3.5132930278778076,1.9007744789123535,124.41254425048828
3,365,3.686293601989746,2.0123937129974365,124.46483612060547
3,366,3.494629383087158,1.934682011604309,124.51559448242188
3,367,3.529411554336548,1.8094573020935059,124.56776428222656
3,368,3.5880396366119385,1.8043702840805054,124.6179428100586
3,369,3.520071268081665,1.70565927028656,124.66874694824219
3,370,3.6266391277313232,1.8579782247543335,124.71880340576172
3,371,3.471407413482666,1.836843490600586,124.77024841308594
3,372,3.318946123123169,1.6483596563339233,124.82029724121094
3,373,3.7017388343811035,1.9225690364837646,124.86813354492188
3,374,3.3950119018554688,1.860155701637268,124.91703033447266
3,375,3.610069513320923,1.895010232925415,124.96771240234375
3,376,3.51680850982666,1.7578283548355103,125.0158462524414
3,377,3.676823616027832,1.888733148574829,125.06363677978516
3,378,3.610217332839966,1.8943315744400024,125.11251831054688
3,379,3.672098398208618,1.8853398561477661,125.1596450805664
3,380,3.4670181274414062,1.749725103378296,125.20757293701172
3,381,3.5321807861328125,1.8010586500167847,125.25651550292969
3,382,3.564800977706909,1.9883517026901245,125.30339050292969
3,383,3.5519251823425293,1.9124785661697388,125.3487777709961
3,384,3.371537208557129,1.7182044982910156,125.39556884765625
3,385,3.5450360774993896,1.814527153968811,125.4432601928711
3,386,3.4686355590820312,1.8693828582763672,125.48934173583984
3,387,3.6265978813171387,1.8986626863479614,125.53450012207031
3,388,3.475332736968994,1.691619634628296,125.58081817626953
3,389,3.550320625305176,1.8793758153915405,125.6260986328125
3,390,3.532393455505371,1.7899563312530518,125.67079162597656
3,391,3.7031877040863037,1.8550019264221191,125.71417999267578
3,392,3.6099259853363037,1.7239402532577515,125.75785064697266
3,393,3.666151523590088,1.8183480501174927,125.80259704589844
3,394,3.4812254905700684,1.861185908317566,125.84683990478516
3,395,3.521265745162964,1.8141510486602783,125.89079284667969
3,396,3.5207414627075195,1.769044280052185,125.93388366699219
3,397,3.599283456802368,1.7742369174957275,125.97806549072266
3,398,3.4334981441497803,1.7187001705169678,126.02119445800781
3,399,3.5230255126953125,1.829004168510437,126.06307983398438
3,400,3.5824224948883057,1.8373256921768188,126.10549926757812
3,401,3.5578625202178955,1.7998147010803223,126.14763641357422
3,402,3.5335090160369873,1.848578691482544,126.19038391113281
3,403,3.475926160812378,1.7764427661895752,126.23115539550781
3,404,3.576880931854248,1.709019422531128,126.27350616455078
3,405,3.4565489292144775,1.6884208917617798,126.31419372558594
3,406,3.678891897201538,1.7637829780578613,126.35416412353516
3,407,3.589592456817627,1.7225804328918457,126.39351654052734
3,408,3.4932045936584473,1.7836347818374634,126.43434143066406
3,409,3.4816253185272217,1.760080337524414,126.47534942626953
3,410,3.703950881958008,1.8472143411636353,126.51448059082031
3,411,3.6353580951690674,1.7198543548583984,126.5528335571289
3,412,3.2854013442993164,1.5525813102722168,126.59195709228516
3,413,3.4788060188293457,1.712605595588684,126.63189697265625
3,414,3.499500036239624,1.684967279434204,126.67149353027344
3,415,3.6803836822509766,1.7844468355178833,126.71038055419922
3,416,3.5477123260498047,1.7328464984893799,126.7497787475586
3,417,3.5534892082214355,1.77178156375885,126.78849792480469
3,418,3.6140546798706055,1.7372877597808838,126.82678985595703
3,419,3.6269192695617676,1.6612125635147095,126.86373901367188
3,420,3.433225631713867,1.7082278728485107,126.90116882324219
3,421,3.541914701461792,1.7006916999816895,126.93785095214844
3,422,3.5932211875915527,1.6340091228485107,126.97471618652344
3,423,3.515986204147339,1.6926355361938477,127.01057434082031
3,424,3.634049415588379,1.7076926231384277,127.04753112792969
3,425,3.561042547225952,1.7191213369369507,127.08375549316406
3,426,3.5216424465179443,1.5982738733291626,127.12055969238281
3,427,3.4843785762786865,1.697938323020935,127.15658569335938
3,428,3.543532609939575,1.7195664644241333,127.1934585571289
3,429,3.456183433532715,1.7945566177368164,127.22952270507812
3,430,3.4586408138275146,1.6688158512115479,127.26303100585938
3,431,3.5445563793182373,1.7818673849105835,127.29893493652344
3,432,3.6442081928253174,1.7613592147827148,127.33230590820312
3,433,3.6161739826202393,1.6216866970062256,127.36730194091797
3,434,3.509753704071045,1.6021878719329834,127.40072631835938
3,435,3.653956413269043,1.73985755443573,127.43441009521484
3,436,3.6482088565826416,1.866132140159607,127.46733093261719
3,437,3.5168628692626953,1.6294833421707153,127.5011215209961
3,438,3.4603328704833984,1.6822340488433838,127.53392791748047
3,439,3.633714199066162,1.6160029172897339,127.56758880615234
3,440,3.6449391841888428,1.530327558517456,127.60118865966797
3,441,3.6663033962249756,1.7889339923858643,127.63375854492188
3,442,3.6346323490142822,1.712785005569458,127.66729736328125
3,443,3.5516316890716553,1.6673864126205444,127.70024871826172
3,444,3.5324745178222656,1.714005947113037,127.73306274414062
3,445,3.6009228229522705,1.579591155052185,127.76519012451172
3,446,3.519223928451538,1.5767972469329834,127.79706573486328
3,447,3.606499671936035,1.5827347040176392,127.82914733886719
3,448,3.6471493244171143,1.725285291671753,127.85956573486328
3,449,3.638350248336792,1.6262080669403076,127.89119720458984
3,450,3.3846347332000732,1.552936315536499,127.92143249511719
3,451,3.626767158508301,1.5973619222640991,127.95201873779297
3,452,3.4947707653045654,1.586313009262085,127.98444366455078
3,453,3.5628373622894287,1.604361653327942,128.0160675048828
3,454,3.652683973312378,1.5808364152908325,128.04823303222656
3,455,3.3948633670806885,1.6532213687896729,128.08006286621094
3,456,3.539822578430176,1.5873600244522095,128.109130859375
3,457,3.519566774368286,1.5149335861206055,128.13877868652344
3,458,3.4435577392578125,1.564211368560791,128.16845703125
3,459,3.5174825191497803,1.52213716506958,128.1981201171875
3,460,3.3833112716674805,1.5284781455993652,128.22879028320312
3,461,3.392641544342041,1.5704858303070068,128.25717163085938
3,462,3.526115655899048,1.6028528213500977,128.2864532470703
3,463,3.69138765335083,1.738675832748413,128.315673828125
3,464,3.5947823524475098,1.5971704721450806,128.3448486328125
3,465,3.450618267059326,1.5940492153167725,128.37301635742188
3,466,3.481095552444458,1.719368577003479,128.4015655517578
3,467,3.6470298767089844,1.6605554819107056,128.430419921875
3,468,3.466853380203247,1.5794544219970703,128.45814514160156
3,469,3.57277250289917,1.6716108322143555,128.48773193359375
3,470,3.5736684799194336,1.6141566038131714,128.51605224609375
3,471,3.703869581222534,1.6972929239273071,128.5441436767578
3,472,3.534108877182007,1.6711127758026123,128.57151794433594
3,473,3.5218727588653564,1.6383222341537476,128.59996032714844
3,474,3.5703327655792236,1.509605050086975,128.6278076171875
3,475,3.5178136825561523,1.6096655130386353,128.65606689453125
3,476,3.6240234375,1.6945114135742188,128.6835174560547
3,477,3.5880560874938965,1.6091557741165161,128.71058654785156
3,478,3.676227569580078,1.647593379020691,128.73800659179688
3,479,3.4815025329589844,1.6093087196350098,128.76449584960938
3,480,3.711345672607422,1.5950183868408203,128.7910919189453
3,481,3.398487091064453,1.532899260520935,128.8177032470703
3,482,3.5536320209503174,1.5828698873519897,128.84280395507812
3,483,3.5957298278808594,1.7142503261566162,128.86851501464844
3,484,3.688279628753662,1.5951433181762695,128.89614868164062
3,485,3.500211238861084,1.8419806957244873,128.9230194091797
3,486,3.4839680194854736,1.638385534286499,128.94894409179688
3,487,3.5688843727111816,1.5436475276947021,128.97503662109375
3,488,3.684072732925415,1.7200850248336792,129.00177001953125
3,489,3.4611446857452393,1.5385831594467163,129.02804565429688
3,490,3.591733694076538,1.5659047365188599,129.0527801513672
3,491,3.4799389839172363,1.6324564218521118,129.0773162841797
3,492,3.6443467140197754,1.7351570129394531,129.10165405273438
3,493,3.6009609699249268,1.571292519569397,129.12538146972656
3,494,3.4338583946228027,1.5483494997024536,129.1488800048828
3,495,3.6746528148651123,1.6775503158569336,129.1732635498047
3,496,3.370082378387451,1.6818702220916748,129.1966552734375
3,497,3.502678155899048,1.525601863861084,129.21957397460938
3,498,3.6284878253936768,1.6723624467849731,129.2418212890625
3,499,3.634951114654541,1.6028939485549927,129.2662811279297
3,500,3.574754238128662,1.5385689735412598,129.2900390625
3,501,3.715620279312134,1.622689127922058,129.31451416015625
3,502,3.6145546436309814,1.5785349607467651,129.33750915527344
3,503,3.678469181060791,1.7246432304382324,129.35995483398438
3,504,3.546379327774048,1.799444556236267,129.38360595703125
3,505,3.3256278038024902,1.708939552307129,129.4057159423828
3,506,3.518683910369873,1.5980740785598755,129.42893981933594
3,507,3.6690900325775146,1.7270439863204956,129.44927978515625
3,508,3.517655372619629,1.6640634536743164,129.47274780273438
3,509,3.5543289184570312,1.6285605430603027,129.49485778808594
3,510,3.6421806812286377,1.7905824184417725,129.51663208007812
3,511,3.4760844707489014,1.7447420358657837,129.53854370117188
3,512,3.546919822692871,1.712571382522583,129.56065368652344
3,513,3.4939064979553223,1.6409105062484741,129.5821990966797
3,514,3.5341694355010986,1.6483633518218994,129.60414123535156
3,515,3.689969778060913,1.6543829441070557,129.62599182128906
3,516,3.5504744052886963,1.573245644569397,129.6484375
3,517,3.5349948406219482,1.5136055946350098,129.67225646972656
3,518,3.576953411102295,1.5208230018615723,129.69224548339844
3,519,3.49526047706604,1.5206222534179688,129.71336364746094
3,520,3.4253756999969482,1.5459392070770264,129.73414611816406
3,521,3.662681818008423,1.6847935914993286,129.75650024414062
3,522,3.6172561645507812,1.7071614265441895,129.7777557373047
3,523,3.3490474224090576,1.5888484716415405,129.79998779296875
3,524,3.5254018306732178,1.7067335844039917,129.82205200195312
3,525,3.4864323139190674,1.5742875337600708,129.841796875
3,526,3.6048061847686768,1.6245646476745605,129.86126708984375
3,527,3.4707729816436768,1.6204665899276733,129.88031005859375
3,528,3.662442445755005,1.7946176528930664,129.90003967285156
3,529,3.4543728828430176,1.5260123014450073,129.91885375976562
3,530,3.4753541946411133,1.5084209442138672,129.9381103515625
3,531,3.535982370376587,1.816315770149231,129.9589385986328
3,532,3.611882448196411,1.6204341650009155,129.97918701171875
3,533,3.470595598220825,1.6973942518234253,129.9984893798828
3,534,3.4807515144348145,1.6851391792297363,130.0185089111328
3,535,3.5191612243652344,1.6174932718276978,130.03860473632812
3,536,3.5858495235443115,1.655654788017273,130.057861328125
3,537,3.578943967819214,1.671080231666565,130.0765380859375
3,538,3.6954729557037354,1.6430567502975464,130.09609985351562
3,539,3.4764511585235596,1.5876299142837524,130.1149444580078
3,540,3.5627810955047607,1.6251417398452759,130.13296508789062
3,541,3.5896544456481934,1.623323917388916,130.15098571777344
3,542,3.6203675270080566,1.5439411401748657,130.17027282714844
3,543,3.522031545639038,1.6172219514846802,130.18853759765625
3,544,3.4216179847717285,1.711807131767273,130.20838928222656
3,545,3.492601156234741,1.6233861446380615,130.22743225097656
3,546,3.4850051403045654,1.7053261995315552,130.24465942382812
3,547,3.5397582054138184,1.7046408653259277,130.2642822265625
3,548,3.4385573863983154,1.6251300573349,130.28187561035156
3,549,3.6026055812835693,1.7427654266357422,130.29954528808594
3,550,3.522690773010254,1.62134850025177,130.3172607421875
3,551,3.557978391647339,1.6047033071517944,130.335205078125
3,552,3.4545159339904785,1.5404261350631714,130.3534393310547
3,553,3.5624475479125977,1.6690376996994019,130.37033081054688
3,554,3.685454845428467,1.6893233060836792,130.38705444335938
3,555,3.3730380535125732,1.5566736459732056,130.40318298339844
3,556,3.510056257247925,1.6629148721694946,130.4210968017578
3,557,3.4229824542999268,1.6367961168289185,130.43907165527344
3,558,3.481694459915161,1.6698516607284546,130.45631408691406
3,559,3.387010097503662,1.600301742553711,130.47341918945312
3,560,3.536712884902954,1.5833714008331299,130.4893798828125
3,561,3.556734323501587,1.6733022928237915,130.50608825683594
3,562,3.664114475250244,1.649599552154541,130.52232360839844
3,563,3.5601086616516113,1.6094462871551514,130.53958129882812
3,564,3.5043628215789795,1.67984139919281,130.5572509765625
3,565,3.619138717651367,1.6330677270889282,130.57321166992188
3,566,3.4649546146392822,1.6411700248718262,130.5891876220703
3,567,3.5224857330322266,1.5942606925964355,130.6039276123047
3,568,3.5355911254882812,1.5504153966903687,130.62051391601562
3,569,3.6253721714019775,1.6574631929397583,130.63699340820312
3,570,3.508270740509033,1.7351198196411133,130.65182495117188
3,571,3.5000252723693848,1.6496758460998535,130.6685028076172
3,572,3.5792229175567627,1.5438686609268188,130.6852264404297
3,573,3.456094264984131,1.6752681732177734,130.70150756835938
3,574,3.5644478797912598,1.5939760208129883,130.71702575683594
3,575,3.59812068939209,1.6648879051208496,130.7318115234375
3,576,3.3355259895324707,1.5208958387374878,130.7460174560547
3,577,3.6963980197906494,1.6253491640090942,130.7616729736328
3,578,3.5731513500213623,1.6703072786331177,130.7754669189453
3,579,3.665738821029663,1.6015417575836182,130.7897186279297
3,580,3.3450968265533447,1.6077581644058228,130.80467224121094
3,581,3.6916253566741943,1.6867504119873047,130.81979370117188
3,582,3.562857151031494,1.7637420892715454,130.83514404296875
3,583,3.77854061126709,1.7276508808135986,130.84771728515625
3,584,3.6537861824035645,1.6171151399612427,130.86163330078125
3,585,3.3868842124938965,1.5912678241729736,130.876953125
3,586,3.6431264877319336,1.7166783809661865,130.8908233642578
3,587,3.6077213287353516,1.7378644943237305,130.90589904785156
3,588,3.561690092086792,1.8658771514892578,130.92051696777344
3,589,3.513093948364258,1.6376709938049316,130.93458557128906
3,590,3.494229555130005,1.7408561706542969,130.94947814941406
3,591,3.5258219242095947,1.68816077709198,130.96348571777344
3,592,3.4239501953125,1.531552791595459,130.97702026367188
3,593,3.4451801776885986,1.7273404598236084,130.9900360107422
3,594,3.5459420680999756,1.5681662559509277,131.0028533935547
3,595,3.4988090991973877,1.698684811592102,131.01637268066406
3,596,3.7956695556640625,1.9225622415542603,131.02935791015625
3,597,3.4554367065429688,1.748118281364441,131.04441833496094
3,598,3.4760172367095947,1.7271780967712402,131.0574951171875
3,599,3.5893361568450928,1.734590768814087,131.07012939453125
3,600,3.66575026512146,1.7294254302978516,131.08462524414062
3,601,3.5401694774627686,1.7312672138214111,131.09786987304688
3,602,3.5395255088806152,1.7401472330093384,131.10919189453125
3,603,3.4803876876831055,1.7197442054748535,131.1223907470703
3,604,3.4394888877868652,1.6624213457107544,131.13528442382812
3,605,3.566193103790283,1.7232047319412231,131.14915466308594
3,606,3.6146128177642822,1.671848177909851,131.1616973876953
3,607,3.6401877403259277,1.6534453630447388,131.17428588867188
3,608,3.4984841346740723,1.6989340782165527,131.18862915039062
3,609,3.6307685375213623,1.7664231061935425,131.20236206054688
3,610,3.4814884662628174,1.7773417234420776,131.21458435058594
3,611,3.613837242126465,1.7132623195648193,131.2266082763672
3,612,3.5446958541870117,1.7566972970962524,131.24037170410156
3,613,3.5148849487304688,1.7726706266403198,131.2520751953125
3,614,3.5236973762512207,1.7384817600250244,131.2651824951172
3,615,3.5346720218658447,1.7414382696151733,131.2779998779297
3,616,3.4439680576324463,1.7739049196243286,131.2909393310547
3,617,3.646320343017578,1.8214080333709717,131.3034210205078
3,618,3.577141761779785,1.793330192565918,131.31500244140625
3,619,3.5430665016174316,1.731881022453308,131.3272247314453
3,620,3.4996447563171387,1.7385162115097046,131.33767700195312
3,621,3.6450846195220947,1.7909233570098877,131.34979248046875
3,622,3.4978747367858887,1.8600013256072998,131.36148071289062
3,623,3.577934980392456,1.7085330486297607,131.37448120117188
3,624,3.5217843055725098,1.8052040338516235,131.38519287109375
3,625,3.495251178741455,1.6792129278182983,131.39593505859375
3,626,3.623225688934326,1.6832072734832764,131.4084930419922
3,627,3.620225191116333,1.802399754524231,131.4198455810547
3,628,3.6391663551330566,1.7323108911514282,131.4329376220703
3,629,3.5655994415283203,1.6605665683746338,131.44561767578125
3,630,3.6033432483673096,1.6760729551315308,131.45513916015625
3,631,3.571678400039673,1.6633285284042358,131.4651336669922
3,632,3.506234884262085,1.6856309175491333,131.47581481933594
3,633,3.583559036254883,1.6315841674804688,131.48602294921875
3,634,3.4827136993408203,1.615558385848999,131.4972686767578
3,635,3.437513828277588,1.7186638116836548,131.50839233398438
3,636,3.5819740295410156,1.709067702293396,131.51913452148438
3,637,3.632378578186035,1.8533329963684082,131.5301513671875
3,638,3.633355140686035,1.6556854248046875,131.5413818359375
3,639,3.6106324195861816,1.544098138809204,131.5518798828125
3,640,3.6118547916412354,1.6606465578079224,131.56231689453125
3,641,3.693263292312622,1.805853247642517,131.57318115234375
3,642,3.481990098953247,1.8536062240600586,131.5828399658203
3,643,3.4667131900787354,1.97053062915802,131.59242248535156
3,644,3.5234451293945312,1.7374496459960938,131.60240173339844
3,645,3.6631572246551514,1.7864949703216553,131.6132049560547
3,646,3.522944688796997,1.764709234237671,131.6238250732422
3,647,3.515005350112915,1.7542113065719604,131.63279724121094
3,648,3.660876989364624,1.8864375352859497,131.6434783935547
3,649,3.4960944652557373,1.7280662059783936,131.6527862548828
3,650,3.655986785888672,1.764512538909912,131.66282653808594
3,651,3.677079916000366,1.8779387474060059,131.67364501953125
3,652,3.4592907428741455,1.725142240524292,131.68374633789062
3,653,3.669316053390503,1.8474173545837402,131.69349670410156
3,654,3.5514893531799316,1.7406316995620728,131.7039794921875
3,655,3.713465452194214,1.8399076461791992,131.71241760253906
3,656,3.463014841079712,2.0973682403564453,131.72267150878906
3,657,3.59334659576416,1.8578317165374756,131.73219299316406
3,658,3.5593183040618896,1.8162630796432495,131.742431640625
3,659,3.621685266494751,1.8498754501342773,131.751708984375
3,660,3.7149088382720947,1.8846138715744019,131.76341247558594
3,661,3.6216280460357666,1.8040192127227783,131.7711944580078
3,662,3.5664236545562744,1.9713448286056519,131.78021240234375
3,663,3.5362966060638428,1.874059796333313,131.78982543945312
3,664,3.5560343265533447,1.7647895812988281,131.79959106445312
3,665,3.636090040206909,1.7329754829406738,131.80958557128906
3,666,3.5335729122161865,1.6970232725143433,131.8168182373047
3,667,3.6385161876678467,1.796216368675232,131.82542419433594
3,668,3.561882734298706,2.010469675064087,131.83480834960938
3,669,3.6489152908325195,1.8011986017227173,131.84498596191406
3,670,3.681389331817627,1.7416476011276245,131.85304260253906
3,671,3.6174402236938477,1.7442108392715454,131.8607635498047
3,672,3.5512218475341797,1.7853158712387085,131.8704071044922
3,673,3.4563443660736084,1.7617874145507812,131.87770080566406
3,674,3.5588343143463135,1.724441647529602,131.88623046875
3,675,3.5698740482330322,1.7214380502700806,131.8943634033203
3,676,3.5293776988983154,1.6527512073516846,131.9030303955078
3,677,3.553424119949341,1.7322852611541748,131.91224670410156
3,678,3.580662965774536,1.7080568075180054,131.92034912109375
3,679,3.4539291858673096,1.7018826007843018,131.9278106689453
3,680,3.428280830383301,1.6631531715393066,131.93594360351562
3,681,3.475695848464966,1.6201893091201782,131.94447326660156
3,682,3.484302282333374,1.5832669734954834,131.95213317871094
3,683,3.578110456466675,1.7128477096557617,131.95977783203125
3,684,3.541112184524536,1.9214738607406616,131.96719360351562
3,685,3.526029348373413,1.7852659225463867,131.97360229492188
3,686,3.7258405685424805,1.765687108039856,131.98211669921875
3,687,3.5361342430114746,1.6823358535766602,131.99136352539062
3,688,3.647426128387451,1.865350604057312,131.99794006347656
3,689,3.545530319213867,1.8374857902526855,132.00375366210938
3,690,3.6633942127227783,1.9082584381103516,132.01097106933594
3,691,3.6497304439544678,1.7919294834136963,132.0193634033203
3,692,3.4520015716552734,1.9032937288284302,132.027587890625
3,693,3.581486225128174,1.7689448595046997,132.03492736816406
3,694,3.648516893386841,1.7702802419662476,132.043212890625
3,695,3.3857831954956055,1.704063057899475,132.0503387451172
3,696,3.563474655151367,1.7363135814666748,132.05859375
3,697,3.5457563400268555,1.683778166770935,132.06558227539062
3,698,3.6057326793670654,1.7697983980178833,132.0738067626953
3,699,3.516037702560425,1.631689190864563,132.08303833007812
3,700,3.661999464035034,1.7051661014556885,132.0902862548828
3,701,3.552034378051758,1.5457160472869873,132.09788513183594
3,702,3.5239152908325195,1.6249990463256836,132.1069793701172
3,703,3.4388339519500732,1.56108558177948,132.1156005859375
3,704,3.416321039199829,1.641056776046753,132.12252807617188
3,705,3.482908248901367,1.727952480316162,132.1301727294922
3,706,3.546071767807007,1.6954351663589478,132.1368865966797
3,707,3.430203437805176,1.757746934890747,132.14471435546875
3,708,3.593729019165039,1.7741663455963135,132.152587890625
3,709,3.616755962371826,1.8588011264801025,132.15994262695312
3,710,3.625436305999756,1.8219597339630127,132.16729736328125
3,711,3.466782569885254,1.7091258764266968,132.1737518310547
3,712,3.5570132732391357,1.7618532180786133,132.18064880371094
3,713,3.492788314819336,1.7049336433410645,132.1865997314453
3,714,3.680450916290283,1.7873785495758057,132.19207763671875
3,715,3.532261848449707,1.80262291431427,132.199462890625
3,716,3.6886560916900635,1.972220778465271,132.20631408691406
3,717,3.707589626312256,1.8335120677947998,132.21290588378906
3,718,3.469748020172119,1.7088924646377563,132.22012329101562
3,719,3.6268064975738525,1.8163152933120728,132.22789001464844
3,720,3.588146924972534,1.7540524005889893,132.2346649169922
3,721,3.5875837802886963,1.8692857027053833,132.24107360839844
3,722,3.427400827407837,1.69013512134552,132.24740600585938
3,723,3.6123147010803223,1.9651352167129517,132.2537078857422
3,724,3.528650999069214,1.6662418842315674,132.25979614257812
3,725,3.553637981414795,1.779087781906128,132.26669311523438
3,726,3.5784082412719727,1.8964067697525024,132.27243041992188
3,727,3.4694550037384033,1.9947059154510498,132.27896118164062
3,728,3.549804210662842,1.7569576501846313,132.2866668701172
3,729,3.63562273979187,1.7893015146255493,132.2937469482422
3,730,3.5965158939361572,1.7789456844329834,132.30020141601562
3,731,3.6128642559051514,1.8187896013259888,132.30438232421875
3,732,3.4710299968719482,1.9771708250045776,132.31056213378906
3,733,3.668098211288452,1.9078084230422974,132.31822204589844
3,734,3.6904296875,2.045560836791992,132.323486328125
3,735,3.565762758255005,1.6851227283477783,132.32855224609375
3,736,3.6221067905426025,1.7715033292770386,132.33425903320312
3,737,3.5865566730499268,1.6979799270629883,132.3389129638672
3,738,3.6227922439575195,1.7496942281723022,132.34584045410156
3,739,3.5215985774993896,1.6966395378112793,132.35098266601562
3,740,3.5520129203796387,1.8281652927398682,132.3572540283203
3,741,3.49267578125,1.64732027053833,132.36412048339844
3,742,3.5169873237609863,1.7214778661727905,132.37025451660156
3,743,3.3808934688568115,1.5336322784423828,132.37730407714844
3,744,3.595557451248169,1.5717445611953735,132.3848419189453
3,745,3.416285514831543,1.5053668022155762,132.39102172851562
3,746,3.5705771446228027,1.6981738805770874,132.39700317382812
3,747,3.489319086074829,2.024156093597412,132.40406799316406
3,748,3.671833038330078,1.6671440601348877,132.4093780517578
3,749,3.3954668045043945,1.9061545133590698,132.4141845703125
3,750,3.7652313709259033,1.8544739484786987,132.4188995361328
3,751,3.562023162841797,1.7490824460983276,132.42324829101562
3,752,3.529480457305908,1.924802541732788,132.42869567871094
3,753,3.4896111488342285,1.8637677431106567,132.43359375
3,754,3.476809024810791,1.7420942783355713,132.4391632080078
3,755,3.4843907356262207,1.5191200971603394,132.4450225830078
3,756,3.663454294204712,1.8585630655288696,132.45164489746094
3,757,3.5289509296417236,1.9238762855529785,132.45762634277344
3,758,3.4626529216766357,1.9352021217346191,132.4613800048828
3,759,3.4626877307891846,1.711380958557129,132.46693420410156
3,760,3.579165458679199,1.719266414642334,132.47230529785156
3,761,3.4181814193725586,1.6029610633850098,132.47808837890625
3,762,3.6051645278930664,1.6432400941848755,132.4841766357422
3,763,3.5804784297943115,1.6158510446548462,132.4910125732422
3,764,3.6176984310150146,1.623585820198059,132.4970245361328
3,765,3.5514698028564453,1.6252399682998657,132.50328063964844
3,766,3.4986252784729004,1.6136099100112915,132.51007080078125
3,767,3.6492536067962646,1.5286132097244263,132.51487731933594
3,768,3.618368625640869,1.6604669094085693,132.52096557617188
3,769,3.583306312561035,1.8059831857681274,132.52578735351562
3,770,3.526707172393799,1.716949462890625,132.5306396484375
3,771,3.6012537479400635,1.6774842739105225,132.53541564941406
3,772,3.4646875858306885,1.7141897678375244,132.54037475585938
3,773,3.6010026931762695,1.7449760437011719,132.545166015625
3,774,3.520299196243286,1.6650876998901367,132.5487823486328
3,775,3.5848639011383057,1.6162999868392944,132.5540771484375
3,776,3.60730242729187,1.6974912881851196,132.5590057373047
3,777,3.4095065593719482,1.5986989736557007,132.56253051757812
3,778,3.5990474224090576,1.6074714660644531,132.56640625
3,779,3.6030797958374023,1.7696592807769775,132.5705108642578
3,780,3.3896775245666504,1.5716800689697266,132.5748291015625
3,781,3.4165947437286377,1.595018982887268,132.5804443359375
3,782,3.581946611404419,1.5629075765609741,132.58602905273438
3,783,3.498166799545288,1.5763856172561646,132.5921173095703
3,784,3.586592197418213,1.6944375038146973,132.59764099121094
3,785,3.5969815254211426,1.6774026155471802,132.60177612304688
3,786,3.666297435760498,1.5392544269561768,132.60585021972656
3,787,3.4768128395080566,1.5774555206298828,132.61233520507812
3,788,3.5819694995880127,1.7506533861160278,132.61758422851562
3,789,3.444166421890259,1.4797841310501099,132.62196350097656
3,790,3.5717599391937256,1.6957772970199585,132.62730407714844
3,791,3.580308437347412,1.5366321802139282,132.63002014160156
3,792,3.546189785003662,1.6867705583572388,132.63507080078125
3,793,3.5852394104003906,1.6967189311981201,132.6399688720703
3,794,3.5186960697174072,1.620637059211731,132.6450958251953
3,795,3.5258870124816895,1.6756502389907837,132.6488494873047
3,796,3.6264209747314453,1.5725884437561035,132.65309143066406
3,797,3.6431915760040283,1.5801786184310913,132.65675354003906
3,798,3.5680110454559326,1.5859379768371582,132.66038513183594
3,799,3.4714910984039307,1.7693935632705688,132.66485595703125
3,800,3.4457178115844727,1.6668732166290283,132.66917419433594
3,801,3.5828187465667725,1.6468214988708496,132.6736297607422
3,802,3.4257936477661133,1.746187448501587,132.67721557617188
3,803,3.6300294399261475,1.621376872062683,132.68099975585938
3,804,3.613429307937622,1.7298815250396729,132.6856231689453
3,805,3.5599677562713623,1.6539628505706787,132.68853759765625
3,806,3.5275189876556396,1.6436104774475098,132.69271850585938
3,807,3.496943235397339,1.6195276975631714,132.6975555419922
3,808,3.586454391479492,1.675128698348999,132.70155334472656
3,809,3.594207286834717,1.5693304538726807,132.70498657226562
3,810,3.625197649002075,1.5885432958602905,132.70802307128906
3,811,3.5805959701538086,1.537361979484558,132.71139526367188
3,812,3.507760524749756,1.5593098402023315,132.71360778808594
3,813,3.4177324771881104,1.56361985206604,132.7169952392578
3,814,3.527270555496216,1.4993301630020142,132.72035217285156
3,815,3.4672908782958984,1.6137866973876953,132.7252655029297
3,816,3.499965190887451,1.556182622909546,132.7290802001953
3,817,3.427527666091919,1.6812801361083984,132.73277282714844
3,818,3.618786334991455,1.779834270477295,132.73765563964844
3,819,3.5600743293762207,1.6657593250274658,132.7415771484375
3,820,3.522226333618164,1.6459232568740845,132.7451171875
3,821,3.2835938930511475,1.5437175035476685,132.74867248535156
3,822,3.5811469554901123,1.819370985031128,132.75198364257812
3,823,3.489469528198242,1.6695486307144165,132.75576782226562
3,824,3.661160469055176,1.6955207586288452,132.75881958007812
3,825,3.65557599067688,1.7183051109313965,132.7628936767578
3,826,3.6433615684509277,1.7170337438583374,132.76547241210938
3,827,3.5573530197143555,1.6999938488006592,132.76856994628906
3,828,3.5894017219543457,1.7685903310775757,132.77081298828125
3,829,3.668895721435547,1.9127427339553833,132.77572631835938
3,830,3.450768232345581,1.7834879159927368,132.77908325195312
3,831,3.4942376613616943,1.7053176164627075,132.78269958496094
3,832,3.626295566558838,1.7278436422348022,132.78648376464844
3,833,3.56623911857605,1.7929346561431885,132.78973388671875
3,834,3.479144811630249,1.8225291967391968,132.79296875
3,835,3.5146021842956543,1.7686866521835327,132.79739379882812
3,836,3.63141131401062,1.8704278469085693,132.80189514160156
3,837,3.6432642936706543,1.7505426406860352,132.80433654785156
3,838,3.4199624061584473,1.74555504322052,132.8069305419922
3,839,3.5860328674316406,1.7282968759536743,132.80990600585938
3,840,3.470595121383667,1.7571039199829102,132.814697265625
3,841,3.6267759799957275,1.6363190412521362,132.81690979003906
3,842,3.4663925170898438,1.680891990661621,132.82034301757812
3,843,3.570122718811035,1.6824681758880615,132.82379150390625
3,844,3.7332284450531006,1.7037327289581299,132.82643127441406
3,845,3.4819135665893555,1.510935664176941,132.83065795898438
3,846,3.630049467086792,1.6931458711624146,132.83352661132812
3,847,3.3961665630340576,1.642926573753357,132.83726501464844
3,848,3.450779914855957,1.576116919517517,132.84103393554688
3,849,3.538405179977417,1.5853095054626465,132.8445281982422
3,850,3.741279363632202,1.6939458847045898,132.8485870361328
3,851,3.6796369552612305,1.7118207216262817,132.85289001464844
3,852,3.633521318435669,1.5975511074066162,132.8560333251953
3,853,3.5615622997283936,1.6242719888687134,132.85939025878906
3,854,3.6449203491210938,1.6944665908813477,132.86395263671875
3,855,3.597930908203125,1.646541953086853,132.8661651611328
3,856,3.5633132457733154,1.7417346239089966,132.869384765625
3,857,3.6297342777252197,1.7026150226593018,132.87159729003906
3,858,3.597108840942383,1.6661479473114014,132.87493896484375
3,859,3.463660717010498,1.6657217741012573,132.8779296875
3,860,3.4030251502990723,1.6136834621429443,132.8805694580078
3,861,3.597684860229492,1.720141887664795,132.88282775878906
3,862,3.5490288734436035,1.6713645458221436,132.88467407226562
3,863,3.578902244567871,1.7525370121002197,132.88697814941406
3,864,3.567396402359009,1.691432237625122,132.8918914794922
3,865,3.4271066188812256,1.6204304695129395,132.8948516845703
3,866,3.6018989086151123,1.6684849262237549,132.8997802734375
3,867,3.5925893783569336,1.8153339624404907,132.9023895263672
3,868,3.5838546752929688,1.617272138595581,132.9045867919922
3,869,3.46622371673584,1.7190511226654053,132.90615844726562
3,870,3.642681360244751,1.862981915473938,132.9095001220703
3,871,3.4255363941192627,1.7066841125488281,132.91278076171875
3,872,3.6288509368896484,1.694390892982483,132.914306640625
3,873,3.5553760528564453,1.54641592502594,132.9176788330078
3,874,3.556103229522705,1.6539487838745117,132.9207305908203
3,875,3.5787713527679443,1.5724375247955322,132.92367553710938
3,876,3.5061728954315186,1.552011251449585,132.92620849609375
3,877,3.640336036682129,1.6891050338745117,132.92820739746094
3,878,3.5513856410980225,1.5765819549560547,132.93154907226562
3,879,3.440596342086792,1.5199661254882812,132.9357147216797
3,880,3.633988857269287,1.582529902458191,132.9380340576172
3,881,3.614777088165283,1.5595600605010986,132.94041442871094
3,882,3.64806866645813,1.9182019233703613,132.9417724609375
3,883,3.4863181114196777,1.5409327745437622,132.9442138671875
3,884,3.6086575984954834,1.6303155422210693,132.94862365722656
3,885,3.474149227142334,1.5921038389205933,132.9493408203125
3,886,3.4921748638153076,1.5984164476394653,132.9503631591797
3,887,3.427427053451538,1.6441051959991455,132.9525146484375
3,888,3.4418718814849854,1.7104766368865967,132.953369140625
3,889,3.5487520694732666,1.7527005672454834,132.95449829101562
3,890,3.5790724754333496,1.6165376901626587,132.95721435546875
3,891,3.542978048324585,1.7360973358154297,132.95909118652344
3,892,3.5348498821258545,1.5171736478805542,132.9612579345703
3,893,3.5243093967437744,1.6792232990264893,132.96295166015625
3,894,3.48128342628479,1.5356992483139038,132.9656524658203
3,895,3.548211097717285,1.5921154022216797,132.9688720703125
3,896,3.554326295852661,1.8524398803710938,132.9722442626953
3,897,3.582690954208374,1.690266728401184,132.9739990234375
3,898,3.5144567489624023,1.6056783199310303,132.97764587402344
3,899,3.4660024642944336,1.4897011518478394,132.97958374023438
3,900,3.557976007461548,1.5720994472503662,132.98255920410156
3,901,3.517066717147827,1.6471720933914185,132.983642578125
3,902,3.5290277004241943,1.6552907228469849,132.98666381835938
3,903,3.4511187076568604,1.6672698259353638,132.9888916015625
3,904,3.694037914276123,1.7279763221740723,132.99232482910156
3,905,3.507157802581787,1.6377794742584229,132.9949188232422
3,906,3.404764175415039,1.6535425186157227,132.99559020996094
3,907,3.577361583709717,1.6565415859222412,132.99766540527344
3,908,3.6482467651367188,1.920207142829895,133.0003204345703
3,909,3.6672492027282715,1.5631767511367798,133.00424194335938
3,910,3.5767765045166016,1.5802489519119263,133.00645446777344
3,911,3.5982308387756348,1.754697322845459,133.0092010498047
3,912,3.4834184646606445,1.5889809131622314,133.01138305664062
3,913,3.515383243560791,1.5669138431549072,133.01431274414062
3,914,3.49320650100708,1.5653735399246216,133.0162353515625
3,915,3.6689095497131348,1.6054810285568237,133.01724243164062
3,916,3.558584213256836,1.6840544939041138,133.02047729492188
3,917,3.5376524925231934,1.7366397380828857,133.02182006835938
3,918,3.6512703895568848,1.7482718229293823,133.0251007080078
3,919,3.6063177585601807,1.6437612771987915,133.0293426513672
3,920,3.589055061340332,1.747055172920227,133.03030395507812
3,921,3.581207036972046,1.7012158632278442,133.0337677001953
3,922,3.5227925777435303,1.6737781763076782,133.03697204589844
3,923,3.6212785243988037,1.771405577659607,133.0373992919922
3,924,3.77026629447937,1.6912176609039307,133.0386505126953
3,925,3.495445966720581,1.737100601196289,133.04104614257812
3,926,3.5257136821746826,1.695001244544983,133.04351806640625
3,927,3.5727572441101074,1.7794207334518433,133.045166015625
3,928,3.5527076721191406,1.84019935131073,133.044921875
3,929,3.52691388130188,1.7472314834594727,133.0471954345703
3,930,3.577815055847168,1.664987564086914,133.04852294921875
3,931,3.642155885696411,1.6722749471664429,133.05068969726562
3,932,3.4717395305633545,1.6796934604644775,133.05328369140625
3,933,3.562235116958618,1.5757968425750732,133.05653381347656
3,934,3.4676454067230225,1.5407044887542725,133.05894470214844
3,935,3.514315366744995,1.5223382711410522,133.0602264404297
3,936,3.6248903274536133,1.6190012693405151,133.0619659423828
3,937,3.600278615951538,1.7287439107894897,133.0644073486328
3,938,3.517456293106079,1.7443567514419556,133.06619262695312
3,939,3.6084132194519043,1.7915010452270508,133.06802368164062
3,940,3.4923815727233887,1.6143863201141357,133.06982421875
3,941,3.5007758140563965,1.8463292121887207,133.07162475585938
3,942,3.387655258178711,1.5963648557662964,133.07237243652344
3,943,3.4832942485809326,1.5891531705856323,133.07489013671875
3,944,3.598676919937134,1.5972203016281128,133.077880859375
3,945,3.4556596279144287,1.6862252950668335,133.07806396484375
3,946,3.7512331008911133,1.7579845190048218,133.07948303222656
3,947,3.322422742843628,1.5753191709518433,133.08193969726562
3,948,3.6294069290161133,1.697066307067871,133.08457946777344
3,949,3.4844682216644287,1.7776247262954712,133.0869140625
3,950,3.5597779750823975,1.7021331787109375,133.08944702148438
3,951,3.625762939453125,1.7943873405456543,133.0902557373047
3,952,3.5115363597869873,1.7893311977386475,133.09092712402344
3,953,3.4300925731658936,1.6560649871826172,133.09107971191406
3,954,3.538733720779419,1.537208080291748,133.09115600585938
3,955,3.240915060043335,1.6273090839385986,133.09365844726562
3,956,3.606682777404785,1.6493271589279175,133.09573364257812
3,957,3.532499074935913,1.7524083852767944,133.09683227539062
3,958,3.5561623573303223,1.5847806930541992,133.09828186035156
3,959,3.583198070526123,1.5824339389801025,133.10076904296875
3,960,3.6103832721710205,1.7445502281188965,133.10400390625
3,961,3.38619327545166,1.5616811513900757,133.1057891845703
3,962,3.5849225521087646,1.7459908723831177,133.10733032226562
3,963,3.7099390029907227,1.802524209022522,133.11007690429688
3,964,3.6470770835876465,1.8608512878417969,133.11221313476562
3,965,3.63371205329895,1.593511939048767,133.11331176757812
3,966,3.6301329135894775,1.7374494075775146,133.11366271972656
3,967,3.4784741401672363,1.7597328424453735,133.11488342285156
3,968,3.429624319076538,1.5944887399673462,133.1167449951172
3,969,3.476640462875366,1.749538540840149,133.11753845214844
3,970,3.5697543621063232,1.639317274093628,133.11892700195312
3,971,3.5662896633148193,1.5641543865203857,133.1201629638672
3,972,3.5819079875946045,1.7020845413208008,133.12100219726562
3,973,3.532632827758789,1.6867139339447021,133.12374877929688
3,974,3.6456944942474365,1.704413652420044,133.12525939941406
3,975,3.4508068561553955,1.5520039796829224,133.1262969970703
3,976,3.6305792331695557,1.7927004098892212,133.12692260742188
3,977,3.7035863399505615,1.6844655275344849,133.12974548339844
3,978,3.548393726348877,1.6817899942398071,133.13121032714844
3,979,3.508422374725342,1.6155540943145752,133.13284301757812
3,980,3.653886318206787,1.70694899559021,133.1369171142578
3,981,3.5792667865753174,1.6684629917144775,133.13783264160156
3,982,3.6773269176483154,1.818261981010437,133.13809204101562
3,983,3.5976521968841553,1.7553064823150635,133.1387939453125
3,984,3.4454634189605713,1.559564232826233,133.1402587890625
3,985,3.5822155475616455,1.79353666305542,133.1411590576172
3,986,3.4444925785064697,1.7492222785949707,133.14260864257812
3,987,3.640454053878784,1.7723498344421387,133.14585876464844
3,988,3.711017370223999,1.7586045265197754,133.1490020751953
3,989,3.5564944744110107,1.7624167203903198,133.15023803710938
3,990,3.4377195835113525,1.6134098768234253,133.15103149414062
3,991,3.585206985473633,1.74305260181427,133.1530303955078
3,992,3.497842788696289,1.7223936319351196,133.1553192138672
3,993,3.5495898723602295,1.7920805215835571,133.156982421875
3,994,3.5361695289611816,1.8283675909042358,133.15927124023438
3,995,3.4912214279174805,2.0478570461273193,133.16017150878906
3,996,3.564497470855713,1.7165935039520264,133.1613006591797
3,997,3.60270619392395,1.6772806644439697,133.16404724121094
3,998,3.5321366786956787,1.8410691022872925,133.1654815673828
3,999,3.663262367248535,1.999987006187439,133.1671142578125
3,1000,3.3840737342834473,1.7352643013000488,133.16854858398438
