subset,query,n_removed,baseline_loss,filtered_loss,loss_change
0,0,80,3.436306953430176,3.4370203018188477,0.000713348388671875
0,1,80,3.5646183490753174,3.5658111572265625,0.0011928081512451172
0,2,80,3.464973211288452,3.46494722366333,-2.5987625122070312e-05
0,3,80,3.033883571624756,3.0359878540039062,0.0021042823791503906
0,4,80,2.868223190307617,2.8691561222076416,0.0009329319000244141
0,5,80,3.413604736328125,3.4143640995025635,0.0007593631744384766
0,6,80,3.3630788326263428,3.364572048187256,0.001493215560913086
0,7,80,3.3646602630615234,3.3647360801696777,7.581710815429688e-05
0,8,80,3.102139949798584,3.10249400138855,0.0003540515899658203
0,9,80,3.300018072128296,3.3012373447418213,0.0012192726135253906
0,10,80,3.5178091526031494,3.5186429023742676,0.0008337497711181641
0,11,80,3.2561490535736084,3.2585933208465576,0.0024442672729492188
0,12,80,3.4145240783691406,3.414947509765625,0.000423431396484375
0,13,80,3.880303144454956,3.8816161155700684,0.0013129711151123047
0,14,80,3.653571128845215,3.6549196243286133,0.0013484954833984375
0,15,80,3.5718157291412354,3.572014331817627,0.00019860267639160156
0,16,80,3.970200777053833,3.9700965881347656,-0.00010418891906738281
0,17,80,3.716688632965088,3.718270778656006,0.0015821456909179688
0,18,80,2.9036476612091064,2.9038398265838623,0.00019216537475585938
0,19,80,2.512798547744751,2.5141358375549316,0.001337289810180664
1,0,80,3.436306953430176,3.437105894088745,0.0007989406585693359
1,1,80,3.5646183490753174,3.5660932064056396,0.0014748573303222656
1,2,80,3.464973211288452,3.4659423828125,0.0009691715240478516
1,3,80,3.033883571624756,3.033543586730957,-0.0003399848937988281
1,4,80,2.868223190307617,2.8682374954223633,1.430511474609375e-05
1,5,80,3.413604736328125,3.4137916564941406,0.000186920166015625
1,6,80,3.3630788326263428,3.364532470703125,0.0014536380767822266
1,7,80,3.3646602630615234,3.3654556274414062,0.0007953643798828125
1,8,80,3.102139949798584,3.101686716079712,-0.0004532337188720703
1,9,80,3.300018072128296,3.300006151199341,-1.1920928955078125e-05
1,10,80,3.5178091526031494,3.5181381702423096,0.00032901763916015625
1,11,80,3.2561490535736084,3.2566215991973877,0.0004725456237792969
1,12,80,3.4145240783691406,3.414527177810669,3.0994415283203125e-06
1,13,80,3.880303144454956,3.8799917697906494,-0.0003113746643066406
1,14,80,3.653571128845215,3.653048515319824,-0.000522613525390625
1,15,80,3.5718157291412354,3.5719878673553467,0.00017213821411132812
1,16,80,3.970200777053833,3.968982696533203,-0.0012180805206298828
1,17,80,3.716688632965088,3.7166082859039307,-8.034706115722656e-05
1,18,80,2.9036476612091064,2.90513277053833,0.0014851093292236328
1,19,80,2.512798547744751,2.5126824378967285,-0.00011610984802246094
2,0,80,3.436306953430176,3.4361367225646973,-0.00017023086547851562
2,1,80,3.5646183490753174,3.5652170181274414,0.0005986690521240234
2,2,80,3.464973211288452,3.4648447036743164,-0.0001285076141357422
2,3,80,3.033883571624756,3.036123275756836,0.002239704132080078
2,4,80,2.868223190307617,2.8685121536254883,0.00028896331787109375
2,5,80,3.413604736328125,3.4128823280334473,-0.0007224082946777344
2,6,80,3.3630788326263428,3.3635501861572266,0.00047135353088378906
2,7,80,3.3646602630615234,3.366067409515381,0.0014071464538574219
2,8,80,3.102139949798584,3.102238655090332,9.870529174804688e-05
2,9,80,3.300018072128296,3.3006343841552734,0.0006163120269775391
2,10,80,3.5178091526031494,3.5175135135650635,-0.0002956390380859375
2,11,80,3.2561490535736084,3.2564992904663086,0.0003502368927001953
2,12,80,3.4145240783691406,3.4144372940063477,-8.678436279296875e-05
2,13,80,3.880303144454956,3.8800559043884277,-0.0002472400665283203
2,14,80,3.653571128845215,3.6538941860198975,0.0003230571746826172
2,15,80,3.5718157291412354,3.572638988494873,0.0008232593536376953
2,16,80,3.970200777053833,3.969794273376465,-0.00040650367736816406
2,17,80,3.716688632965088,3.721527099609375,0.004838466644287109
2,18,80,2.9036476612091064,2.903956413269043,0.00030875205993652344
2,19,80,2.512798547744751,2.5125019550323486,-0.00029659271240234375
3,0,80,3.436306953430176,3.4370086193084717,0.0007016658782958984
3,1,80,3.5646183490753174,3.566166400909424,0.0015480518341064453
3,2,80,3.464973211288452,3.4638569355010986,-0.0011162757873535156
3,3,80,3.033883571624756,3.033557891845703,-0.0003256797790527344
3,4,80,2.868223190307617,2.8681931495666504,-3.0040740966796875e-05
3,5,80,3.413604736328125,3.412611722946167,-0.0009930133819580078
3,6,80,3.3630788326263428,3.3628058433532715,-0.00027298927307128906
3,7,80,3.3646602630615234,3.3641042709350586,-0.0005559921264648438
3,8,80,3.102139949798584,3.1015515327453613,-0.0005884170532226562
3,9,80,3.300018072128296,3.299539089202881,-0.00047898292541503906
3,10,80,3.5178091526031494,3.516731023788452,-0.0010781288146972656
3,11,80,3.2561490535736084,3.2564399242401123,0.00029087066650390625
3,12,80,3.4145240783691406,3.41402268409729,-0.0005013942718505859
3,13,80,3.880303144454956,3.879467248916626,-0.0008358955383300781
3,14,80,3.653571128845215,3.6539509296417236,0.00037980079650878906
3,15,80,3.5718157291412354,3.5714306831359863,-0.00038504600524902344
3,16,80,3.970200777053833,3.9701216220855713,-7.915496826171875e-05
3,17,80,3.716688632965088,3.717525005340576,0.0008363723754882812
3,18,80,2.9036476612091064,2.9039599895477295,0.0003123283386230469
3,19,80,2.512798547744751,2.512296438217163,-0.0005021095275878906
4,0,80,3.436306953430176,3.43611478805542,-0.00019216537475585938
4,1,80,3.5646183490753174,3.566012144088745,0.0013937950134277344
4,2,80,3.464973211288452,3.4648516178131104,-0.00012159347534179688
4,3,80,3.033883571624756,3.034179925918579,0.0002963542938232422
4,4,80,2.868223190307617,2.8696863651275635,0.001463174819946289
4,5,80,3.413604736328125,3.4134521484375,-0.000152587890625
4,6,80,3.3630788326263428,3.3625378608703613,-0.0005409717559814453
4,7,80,3.3646602630615234,3.364959955215454,0.00029969215393066406
4,8,80,3.102139949798584,3.101580858230591,-0.0005590915679931641
4,9,80,3.300018072128296,3.3000757694244385,5.7697296142578125e-05
4,10,80,3.5178091526031494,3.5180952548980713,0.000286102294921875
4,11,80,3.2561490535736084,3.2577590942382812,0.0016100406646728516
4,12,80,3.4145240783691406,3.4148688316345215,0.0003447532653808594
4,13,80,3.880303144454956,3.8805668354034424,0.0002636909484863281
4,14,80,3.653571128845215,3.6544175148010254,0.0008463859558105469
4,15,80,3.5718157291412354,3.5733375549316406,0.0015218257904052734
4,16,80,3.970200777053833,3.97163724899292,0.001436471939086914
4,17,80,3.716688632965088,3.7161288261413574,-0.0005598068237304688
4,18,80,2.9036476612091064,2.9028172492980957,-0.0008304119110107422
4,19,80,2.512798547744751,2.512892246246338,9.369850158691406e-05
5,0,80,3.436306953430176,3.435868978500366,-0.0004379749298095703
5,1,80,3.5646183490753174,3.5645227432250977,-9.560585021972656e-05
5,2,80,3.464973211288452,3.4647562503814697,-0.00021696090698242188
5,3,80,3.033883571624756,3.0330393314361572,-0.0008442401885986328
5,4,80,2.868223190307617,2.868072748184204,-0.00015044212341308594
5,5,80,3.413604736328125,3.4134230613708496,-0.00018167495727539062
5,6,80,3.3630788326263428,3.3632400035858154,0.00016117095947265625
5,7,80,3.3646602630615234,3.363267660140991,-0.0013926029205322266
5,8,80,3.102139949798584,3.103375196456909,0.0012352466583251953
5,9,80,3.300018072128296,3.3000779151916504,5.984306335449219e-05
5,10,80,3.5178091526031494,3.5168285369873047,-0.0009806156158447266
5,11,80,3.2561490535736084,3.255843162536621,-0.0003058910369873047
5,12,80,3.4145240783691406,3.4142684936523438,-0.000255584716796875
5,13,80,3.880303144454956,3.880624294281006,0.0003211498260498047
5,14,80,3.653571128845215,3.6539382934570312,0.00036716461181640625
5,15,80,3.5718157291412354,3.57174015045166,-7.557868957519531e-05
5,16,80,3.970200777053833,3.9707231521606445,0.0005223751068115234
5,17,80,3.716688632965088,3.716653823852539,-3.4809112548828125e-05
5,18,80,2.9036476612091064,2.9032561779022217,-0.0003914833068847656
5,19,80,2.512798547744751,2.512643814086914,-0.00015473365783691406
6,0,80,3.436306953430176,3.4344799518585205,-0.0018270015716552734
6,1,80,3.5646183490753174,3.5648438930511475,0.00022554397583007812
6,2,80,3.464973211288452,3.4648499488830566,-0.0001232624053955078
6,3,80,3.033883571624756,3.036421775817871,0.0025382041931152344
6,4,80,2.868223190307617,2.8684585094451904,0.0002353191375732422
6,5,80,3.413604736328125,3.415771484375,0.002166748046875
6,6,80,3.3630788326263428,3.3641488552093506,0.0010700225830078125
6,7,80,3.3646602630615234,3.363888740539551,-0.0007715225219726562
6,8,80,3.102139949798584,3.1014413833618164,-0.0006985664367675781
6,9,80,3.300018072128296,3.3008251190185547,0.0008070468902587891
6,10,80,3.5178091526031494,3.518568277359009,0.000759124755859375
6,11,80,3.2561490535736084,3.255481719970703,-0.0006673336029052734
6,12,80,3.4145240783691406,3.4147768020629883,0.00025272369384765625
6,13,80,3.880303144454956,3.8797075748443604,-0.0005955696105957031
6,14,80,3.653571128845215,3.653834342956543,0.000263214111328125
6,15,80,3.5718157291412354,3.5714077949523926,-0.00040793418884277344
6,16,80,3.970200777053833,3.97087025642395,0.0006694793701171875
6,17,80,3.716688632965088,3.717665910720825,0.0009772777557373047
6,18,80,2.9036476612091064,2.9038000106811523,0.00015234947204589844
6,19,80,2.512798547744751,2.512242078781128,-0.0005564689636230469
7,0,80,3.436306953430176,3.435206413269043,-0.0011005401611328125
7,1,80,3.5646183490753174,3.5636706352233887,-0.0009477138519287109
7,2,80,3.464973211288452,3.4646406173706055,-0.0003325939178466797
7,3,80,3.033883571624756,3.033869504928589,-1.4066696166992188e-05
7,4,80,2.868223190307617,2.8689486980438232,0.0007255077362060547
7,5,80,3.413604736328125,3.413649797439575,4.506111145019531e-05
7,6,80,3.3630788326263428,3.363813638687134,0.0007348060607910156
7,7,80,3.3646602630615234,3.3639843463897705,-0.0006759166717529297
7,8,80,3.102139949798584,3.10162091255188,-0.0005190372467041016
7,9,80,3.300018072128296,3.299154758453369,-0.0008633136749267578
7,10,80,3.5178091526031494,3.5180749893188477,0.0002658367156982422
7,11,80,3.2561490535736084,3.2555017471313477,-0.0006473064422607422
7,12,80,3.4145240783691406,3.4144866466522217,-3.743171691894531e-05
7,13,80,3.880303144454956,3.8812410831451416,0.0009379386901855469
7,14,80,3.653571128845215,3.655545949935913,0.001974821090698242
7,15,80,3.5718157291412354,3.5718066692352295,-9.059906005859375e-06
7,16,80,3.970200777053833,3.9696898460388184,-0.0005109310150146484
7,17,80,3.716688632965088,3.7183923721313477,0.0017037391662597656
7,18,80,2.9036476612091064,2.9032280445098877,-0.00041961669921875
7,19,80,2.512798547744751,2.5142180919647217,0.0014195442199707031
8,0,80,3.436306953430176,3.436624526977539,0.00031757354736328125
8,1,80,3.5646183490753174,3.5645668506622314,-5.14984130859375e-05
8,2,80,3.464973211288452,3.46518874168396,0.0002155303955078125
8,3,80,3.033883571624756,3.0326356887817383,-0.0012478828430175781
8,4,80,2.868223190307617,2.868010997772217,-0.00021219253540039062
8,5,80,3.413604736328125,3.4125161170959473,-0.0010886192321777344
8,6,80,3.3630788326263428,3.3617255687713623,-0.0013532638549804688
8,7,80,3.3646602630615234,3.364158868789673,-0.0005013942718505859
8,8,80,3.102139949798584,3.1019644737243652,-0.00017547607421875
8,9,80,3.300018072128296,3.3009517192840576,0.0009336471557617188
8,10,80,3.5178091526031494,3.516752004623413,-0.0010571479797363281
8,11,80,3.2561490535736084,3.256889820098877,0.0007407665252685547
8,12,80,3.4145240783691406,3.4148011207580566,0.0002770423889160156
8,13,80,3.880303144454956,3.880110025405884,-0.00019311904907226562
8,14,80,3.653571128845215,3.6527769565582275,-0.0007941722869873047
8,15,80,3.5718157291412354,3.5722906589508057,0.0004749298095703125
8,16,80,3.970200777053833,3.9697346687316895,-0.0004661083221435547
8,17,80,3.716688632965088,3.716726064682007,3.743171691894531e-05
8,18,80,2.9036476612091064,2.9031753540039062,-0.0004723072052001953
8,19,80,2.512798547744751,2.5112297534942627,-0.0015687942504882812
9,0,80,3.436306953430176,3.436420440673828,0.00011348724365234375
9,1,80,3.5646183490753174,3.565516948699951,0.0008985996246337891
9,2,80,3.464973211288452,3.465176820755005,0.00020360946655273438
9,3,80,3.033883571624756,3.0337488651275635,-0.0001347064971923828
9,4,80,2.868223190307617,2.8682961463928223,7.295608520507812e-05
9,5,80,3.413604736328125,3.4132823944091797,-0.0003223419189453125
9,6,80,3.3630788326263428,3.3636722564697266,0.0005934238433837891
9,7,80,3.3646602630615234,3.3642544746398926,-0.0004057884216308594
9,8,80,3.102139949798584,3.101674795150757,-0.00046515464782714844
9,9,80,3.300018072128296,3.299567461013794,-0.0004506111145019531
9,10,80,3.5178091526031494,3.5161774158477783,-0.0016317367553710938
9,11,80,3.2561490535736084,3.2548069953918457,-0.0013420581817626953
9,12,80,3.4145240783691406,3.415148973464966,0.0006248950958251953
9,13,80,3.880303144454956,3.881389856338501,0.0010867118835449219
9,14,80,3.653571128845215,3.6539831161499023,0.0004119873046875
9,15,80,3.5718157291412354,3.572486639022827,0.0006709098815917969
9,16,80,3.970200777053833,3.9708399772644043,0.0006392002105712891
9,17,80,3.716688632965088,3.7186012268066406,0.0019125938415527344
9,18,80,2.9036476612091064,2.9036221504211426,-2.5510787963867188e-05
9,19,80,2.512798547744751,2.51235294342041,-0.0004456043243408203
10,0,80,3.436306953430176,3.4376652240753174,0.0013582706451416016
10,1,80,3.5646183490753174,3.563739776611328,-0.0008785724639892578
10,2,80,3.464973211288452,3.4655048847198486,0.0005316734313964844
10,3,80,3.033883571624756,3.034693479537964,0.0008099079132080078
10,4,80,2.868223190307617,2.868788003921509,0.0005648136138916016
10,5,80,3.413604736328125,3.4131696224212646,-0.00043511390686035156
10,6,80,3.3630788326263428,3.361848831176758,-0.001230001449584961
10,7,80,3.3646602630615234,3.363859176635742,-0.00080108642578125
10,8,80,3.102139949798584,3.1010985374450684,-0.001041412353515625
10,9,80,3.300018072128296,3.3005645275115967,0.0005464553833007812
10,10,80,3.5178091526031494,3.5205352306365967,0.0027260780334472656
10,11,80,3.2561490535736084,3.2553274631500244,-0.0008215904235839844
10,12,80,3.4145240783691406,3.413447856903076,-0.0010762214660644531
10,13,80,3.880303144454956,3.8802103996276855,-9.274482727050781e-05
10,14,80,3.653571128845215,3.6534512042999268,-0.00011992454528808594
10,15,80,3.5718157291412354,3.5723867416381836,0.0005710124969482422
10,16,80,3.970200777053833,3.9714579582214355,0.001257181167602539
10,17,80,3.716688632965088,3.7166061401367188,-8.249282836914062e-05
10,18,80,2.9036476612091064,2.9031996726989746,-0.00044798851013183594
10,19,80,2.512798547744751,2.513073205947876,0.000274658203125
11,0,80,3.436306953430176,3.435579299926758,-0.0007276535034179688
11,1,80,3.5646183490753174,3.5646376609802246,1.9311904907226562e-05
11,2,80,3.464973211288452,3.464341402053833,-0.0006318092346191406
11,3,80,3.033883571624756,3.033921241760254,3.7670135498046875e-05
11,4,80,2.868223190307617,2.868302583694458,7.939338684082031e-05
11,5,80,3.413604736328125,3.413546562194824,-5.817413330078125e-05
11,6,80,3.3630788326263428,3.3627123832702637,-0.00036644935607910156
11,7,80,3.3646602630615234,3.3642213344573975,-0.00043892860412597656
11,8,80,3.102139949798584,3.1021692752838135,2.9325485229492188e-05
11,9,80,3.300018072128296,3.3007638454437256,0.0007457733154296875
11,10,80,3.5178091526031494,3.518315315246582,0.0005061626434326172
11,11,80,3.2561490535736084,3.2563648223876953,0.00021576881408691406
11,12,80,3.4145240783691406,3.415809154510498,0.0012850761413574219
11,13,80,3.880303144454956,3.88033390045166,3.075599670410156e-05
11,14,80,3.653571128845215,3.653841733932495,0.00027060508728027344
11,15,80,3.5718157291412354,3.572319746017456,0.0005040168762207031
11,16,80,3.970200777053833,3.969841480255127,-0.0003592967987060547
11,17,80,3.716688632965088,3.7151412963867188,-0.0015473365783691406
11,18,80,2.9036476612091064,2.903318405151367,-0.0003292560577392578
11,19,80,2.512798547744751,2.512787103652954,-1.1444091796875e-05
12,0,80,3.436306953430176,3.434842586517334,-0.0014643669128417969
12,1,80,3.5646183490753174,3.5645644664764404,-5.3882598876953125e-05
12,2,80,3.464973211288452,3.4674594402313232,0.0024862289428710938
12,3,80,3.033883571624756,3.0332837104797363,-0.0005998611450195312
12,4,80,2.868223190307617,2.8694612979888916,0.001238107681274414
12,5,80,3.413604736328125,3.4127821922302246,-0.0008225440979003906
12,6,80,3.3630788326263428,3.363487958908081,0.00040912628173828125
12,7,80,3.3646602630615234,3.364555835723877,-0.00010442733764648438
12,8,80,3.102139949798584,3.1017723083496094,-0.0003676414489746094
12,9,80,3.300018072128296,3.300365924835205,0.0003478527069091797
12,10,80,3.5178091526031494,3.5182576179504395,0.00044846534729003906
12,11,80,3.2561490535736084,3.2567808628082275,0.0006318092346191406
12,12,80,3.4145240783691406,3.4139130115509033,-0.0006110668182373047
12,13,80,3.880303144454956,3.88063645362854,0.0003333091735839844
12,14,80,3.653571128845215,3.65362811088562,5.698204040527344e-05
12,15,80,3.5718157291412354,3.57138729095459,-0.0004284381866455078
12,16,80,3.970200777053833,3.9702112674713135,1.049041748046875e-05
12,17,80,3.716688632965088,3.7159438133239746,-0.0007448196411132812
12,18,80,2.9036476612091064,2.9039368629455566,0.0002892017364501953
12,19,80,2.512798547744751,2.5127780437469482,-2.0503997802734375e-05
13,0,80,3.436306953430176,3.436880350112915,0.0005733966827392578
13,1,80,3.5646183490753174,3.5638303756713867,-0.0007879734039306641
13,2,80,3.464973211288452,3.4649770259857178,3.814697265625e-06
13,3,80,3.033883571624756,3.0345301628112793,0.0006465911865234375
13,4,80,2.868223190307617,2.8681719303131104,-5.125999450683594e-05
13,5,80,3.413604736328125,3.4160943031311035,0.0024895668029785156
13,6,80,3.3630788326263428,3.3637306690216064,0.0006518363952636719
13,7,80,3.3646602630615234,3.365142822265625,0.0004825592041015625
13,8,80,3.102139949798584,3.102795362472534,0.0006554126739501953
13,9,80,3.300018072128296,3.301006317138672,0.0009882450103759766
13,10,80,3.5178091526031494,3.518263816833496,0.0004546642303466797
13,11,80,3.2561490535736084,3.2564539909362793,0.00030493736267089844
13,12,80,3.4145240783691406,3.414259910583496,-0.00026416778564453125
13,13,80,3.880303144454956,3.880549669265747,0.0002465248107910156
13,14,80,3.653571128845215,3.6532015800476074,-0.0003695487976074219
13,15,80,3.5718157291412354,3.5717968940734863,-1.8835067749023438e-05
13,16,80,3.970200777053833,3.9702370166778564,3.62396240234375e-05
13,17,80,3.716688632965088,3.7156260013580322,-0.001062631607055664
13,18,80,2.9036476612091064,2.9031717777252197,-0.00047588348388671875
13,19,80,2.512798547744751,2.5132904052734375,0.0004918575286865234
14,0,80,3.436306953430176,3.4370791912078857,0.0007722377777099609
14,1,80,3.5646183490753174,3.5662989616394043,0.001680612564086914
14,2,80,3.464973211288452,3.4642696380615234,-0.0007035732269287109
14,3,80,3.033883571624756,3.0336263179779053,-0.00025725364685058594
14,4,80,2.868223190307617,2.867302894592285,-0.0009202957153320312
14,5,80,3.413604736328125,3.413743734359741,0.00013899803161621094
14,6,80,3.3630788326263428,3.3628973960876465,-0.00018143653869628906
14,7,80,3.3646602630615234,3.3652756214141846,0.0006153583526611328
14,8,80,3.102139949798584,3.1017749309539795,-0.0003650188446044922
14,9,80,3.300018072128296,3.2987728118896484,-0.001245260238647461
14,10,80,3.5178091526031494,3.517664909362793,-0.0001442432403564453
14,11,80,3.2561490535736084,3.2556588649749756,-0.0004901885986328125
14,12,80,3.4145240783691406,3.414823055267334,0.0002989768981933594
14,13,80,3.880303144454956,3.879791736602783,-0.0005114078521728516
14,14,80,3.653571128845215,3.653803586959839,0.00023245811462402344
14,15,80,3.5718157291412354,3.5717051029205322,-0.000110626220703125
14,16,80,3.970200777053833,3.9700934886932373,-0.00010728836059570312
14,17,80,3.716688632965088,3.7153103351593018,-0.0013782978057861328
14,18,80,2.9036476612091064,2.904099464416504,0.00045180320739746094
14,19,80,2.512798547744751,2.5129573345184326,0.00015878677368164062
15,0,80,3.436306953430176,3.4385998249053955,0.0022928714752197266
15,1,80,3.5646183490753174,3.5652005672454834,0.0005822181701660156
15,2,80,3.464973211288452,3.46555495262146,0.0005817413330078125
15,3,80,3.033883571624756,3.0329253673553467,-0.0009582042694091797
15,4,80,2.868223190307617,2.8679757118225098,-0.0002474784851074219
15,5,80,3.413604736328125,3.4134931564331055,-0.00011157989501953125
15,6,80,3.3630788326263428,3.3629226684570312,-0.00015616416931152344
15,7,80,3.3646602630615234,3.365736484527588,0.0010762214660644531
15,8,80,3.102139949798584,3.1031548976898193,0.0010149478912353516
15,9,80,3.300018072128296,3.2997827529907227,-0.0002353191375732422
15,10,80,3.5178091526031494,3.5168447494506836,-0.0009644031524658203
15,11,80,3.2561490535736084,3.2574362754821777,0.001287221908569336
15,12,80,3.4145240783691406,3.415335178375244,0.0008111000061035156
15,13,80,3.880303144454956,3.882486581802368,0.0021834373474121094
15,14,80,3.653571128845215,3.653738498687744,0.00016736984252929688
15,15,80,3.5718157291412354,3.571903705596924,8.797645568847656e-05
15,16,80,3.970200777053833,3.9710307121276855,0.0008299350738525391
15,17,80,3.716688632965088,3.7210285663604736,0.004339933395385742
15,18,80,2.9036476612091064,2.904315710067749,0.0006680488586425781
15,19,80,2.512798547744751,2.513319969177246,0.0005214214324951172
16,0,80,3.436306953430176,3.436628818511963,0.0003218650817871094
16,1,80,3.5646183490753174,3.5667614936828613,0.0021431446075439453
16,2,80,3.464973211288452,3.465179204940796,0.00020599365234375
16,3,80,3.033883571624756,3.032656669616699,-0.0012269020080566406
16,4,80,2.868223190307617,2.866344451904297,-0.0018787384033203125
16,5,80,3.413604736328125,3.4147980213165283,0.0011932849884033203
16,6,80,3.3630788326263428,3.3625359535217285,-0.0005428791046142578
16,7,80,3.3646602630615234,3.3651375770568848,0.0004773139953613281
16,8,80,3.102139949798584,3.1006920337677,-0.001447916030883789
16,9,80,3.300018072128296,3.2996795177459717,-0.00033855438232421875
16,10,80,3.5178091526031494,3.517880439758301,7.128715515136719e-05
16,11,80,3.2561490535736084,3.2566332817077637,0.00048422813415527344
16,12,80,3.4145240783691406,3.4144203662872314,-0.00010371208190917969
16,13,80,3.880303144454956,3.8797929286956787,-0.0005102157592773438
16,14,80,3.653571128845215,3.6542575359344482,0.0006864070892333984
16,15,80,3.5718157291412354,3.571242332458496,-0.0005733966827392578
16,16,80,3.970200777053833,3.9717540740966797,0.0015532970428466797
16,17,80,3.716688632965088,3.7161943912506104,-0.0004942417144775391
16,18,80,2.9036476612091064,2.9039599895477295,0.0003123283386230469
16,19,80,2.512798547744751,2.5134105682373047,0.0006120204925537109
17,0,80,3.436306953430176,3.4378774166107178,0.0015704631805419922
17,1,80,3.5646183490753174,3.566007614135742,0.0013892650604248047
17,2,80,3.464973211288452,3.4659647941589355,0.0009915828704833984
17,3,80,3.033883571624756,3.033540964126587,-0.0003426074981689453
17,4,80,2.868223190307617,2.867496967315674,-0.0007262229919433594
17,5,80,3.413604736328125,3.414356231689453,0.000751495361328125
17,6,80,3.3630788326263428,3.361477851867676,-0.0016009807586669922
17,7,80,3.3646602630615234,3.362287998199463,-0.002372264862060547
17,8,80,3.102139949798584,3.1014325618743896,-0.0007073879241943359
17,9,80,3.300018072128296,3.3009414672851562,0.0009233951568603516
17,10,80,3.5178091526031494,3.5172603130340576,-0.0005488395690917969
17,11,80,3.2561490535736084,3.2559332847595215,-0.00021576881408691406
17,12,80,3.4145240783691406,3.413808584213257,-0.0007154941558837891
17,13,80,3.880303144454956,3.879650592803955,-0.0006525516510009766
17,14,80,3.653571128845215,3.654303550720215,0.000732421875
17,15,80,3.5718157291412354,3.571380376815796,-0.0004353523254394531
17,16,80,3.970200777053833,3.9704034328460693,0.00020265579223632812
17,17,80,3.716688632965088,3.7167768478393555,8.821487426757812e-05
17,18,80,2.9036476612091064,2.904284954071045,0.0006372928619384766
17,19,80,2.512798547744751,2.514085292816162,0.0012867450714111328
18,0,80,3.436306953430176,3.4353115558624268,-0.0009953975677490234
18,1,80,3.5646183490753174,3.563283681869507,-0.0013346672058105469
18,2,80,3.464973211288452,3.4649980068206787,2.47955322265625e-05
18,3,80,3.033883571624756,3.035939931869507,0.0020563602447509766
18,4,80,2.868223190307617,2.868082046508789,-0.000141143798828125
18,5,80,3.413604736328125,3.414984941482544,0.0013802051544189453
18,6,80,3.3630788326263428,3.364713191986084,0.001634359359741211
18,7,80,3.3646602630615234,3.3661489486694336,0.0014886856079101562
18,8,80,3.102139949798584,3.1032819747924805,0.0011420249938964844
18,9,80,3.300018072128296,3.300985097885132,0.0009670257568359375
18,10,80,3.5178091526031494,3.5186007022857666,0.0007915496826171875
18,11,80,3.2561490535736084,3.255527973175049,-0.0006210803985595703
18,12,80,3.4145240783691406,3.415693998336792,0.0011699199676513672
18,13,80,3.880303144454956,3.8811585903167725,0.0008554458618164062
18,14,80,3.653571128845215,3.652830123901367,-0.0007410049438476562
18,15,80,3.5718157291412354,3.5725057125091553,0.0006899833679199219
18,16,80,3.970200777053833,3.9699442386627197,-0.00025653839111328125
18,17,80,3.716688632965088,3.7155921459198,-0.001096487045288086
18,18,80,2.9036476612091064,2.9040582180023193,0.0004105567932128906
18,19,80,2.512798547744751,2.5120346546173096,-0.0007638931274414062
19,0,80,3.436306953430176,3.437838315963745,0.001531362533569336
19,1,80,3.5646183490753174,3.5673742294311523,0.002755880355834961
19,2,80,3.464973211288452,3.465502977371216,0.0005297660827636719
19,3,80,3.033883571624756,3.0347585678100586,0.0008749961853027344
19,4,80,2.868223190307617,2.86902117729187,0.0007979869842529297
19,5,80,3.413604736328125,3.413602590560913,-2.1457672119140625e-06
19,6,80,3.3630788326263428,3.3618381023406982,-0.0012407302856445312
19,7,80,3.3646602630615234,3.3641862869262695,-0.00047397613525390625
19,8,80,3.102139949798584,3.10119366645813,-0.0009462833404541016
19,9,80,3.300018072128296,3.2987778186798096,-0.0012402534484863281
19,10,80,3.5178091526031494,3.5179035663604736,9.441375732421875e-05
19,11,80,3.2561490535736084,3.2556798458099365,-0.000469207763671875
19,12,80,3.4145240783691406,3.415919303894043,0.0013952255249023438
19,13,80,3.880303144454956,3.879739999771118,-0.0005631446838378906
19,14,80,3.653571128845215,3.6554746627807617,0.001903533935546875
19,15,80,3.5718157291412354,3.5717413425445557,-7.43865966796875e-05
19,16,80,3.970200777053833,3.9704391956329346,0.0002384185791015625
19,17,80,3.716688632965088,3.7179911136627197,0.001302480697631836
19,18,80,2.9036476612091064,2.904125213623047,0.0004775524139404297
19,19,80,2.512798547744751,2.5125112533569336,-0.0002872943878173828
20,0,80,3.436306953430176,3.4366214275360107,0.00031447410583496094
20,1,80,3.5646183490753174,3.564845561981201,0.00022721290588378906
20,2,80,3.464973211288452,3.466449022293091,0.0014758110046386719
20,3,80,3.033883571624756,3.0341899394989014,0.0003063678741455078
20,4,80,2.868223190307617,2.868169069290161,-5.412101745605469e-05
20,5,80,3.413604736328125,3.4147086143493652,0.0011038780212402344
20,6,80,3.3630788326263428,3.3624119758605957,-0.0006668567657470703
20,7,80,3.3646602630615234,3.3652117252349854,0.0005514621734619141
20,8,80,3.102139949798584,3.103198766708374,0.001058816909790039
20,9,80,3.300018072128296,3.3008289337158203,0.0008108615875244141
20,10,80,3.5178091526031494,3.51932430267334,0.0015151500701904297
20,11,80,3.2561490535736084,3.256261110305786,0.00011205673217773438
20,12,80,3.4145240783691406,3.414299964904785,-0.00022411346435546875
20,13,80,3.880303144454956,3.879730224609375,-0.0005729198455810547
20,14,80,3.653571128845215,3.651872396469116,-0.0016987323760986328
20,15,80,3.5718157291412354,3.5711724758148193,-0.0006432533264160156
20,16,80,3.970200777053833,3.9698171615600586,-0.00038361549377441406
20,17,80,3.716688632965088,3.714587450027466,-0.0021011829376220703
20,18,80,2.9036476612091064,2.903944730758667,0.0002970695495605469
20,19,80,2.512798547744751,2.515180826187134,0.0023822784423828125
21,0,80,3.436306953430176,3.4371895790100098,0.0008826255798339844
21,1,80,3.5646183490753174,3.5637950897216797,-0.0008232593536376953
21,2,80,3.464973211288452,3.4637649059295654,-0.0012083053588867188
21,3,80,3.033883571624756,3.033169984817505,-0.0007135868072509766
21,4,80,2.868223190307617,2.8678925037384033,-0.0003306865692138672
21,5,80,3.413604736328125,3.413818597793579,0.00021386146545410156
21,6,80,3.3630788326263428,3.3630969524383545,1.811981201171875e-05
21,7,80,3.3646602630615234,3.364297389984131,-0.0003628730773925781
21,8,80,3.102139949798584,3.1023752689361572,0.0002353191375732422
21,9,80,3.300018072128296,3.3009464740753174,0.0009284019470214844
21,10,80,3.5178091526031494,3.5168521404266357,-0.0009570121765136719
21,11,80,3.2561490535736084,3.2561769485473633,2.7894973754882812e-05
21,12,80,3.4145240783691406,3.41534686088562,0.0008227825164794922
21,13,80,3.880303144454956,3.8807504177093506,0.00044727325439453125
21,14,80,3.653571128845215,3.6523802280426025,-0.0011909008026123047
21,15,80,3.5718157291412354,3.5717833042144775,-3.24249267578125e-05
21,16,80,3.970200777053833,3.970120429992676,-8.034706115722656e-05
21,17,80,3.716688632965088,3.716146230697632,-0.0005424022674560547
21,18,80,2.9036476612091064,2.902897357940674,-0.0007503032684326172
21,19,80,2.512798547744751,2.513225555419922,0.00042700767517089844
22,0,80,3.436306953430176,3.4360129833221436,-0.00029397010803222656
22,1,80,3.5646183490753174,3.563929557800293,-0.0006887912750244141
22,2,80,3.464973211288452,3.4646921157836914,-0.0002810955047607422
22,3,80,3.033883571624756,3.032209873199463,-0.0016736984252929688
22,4,80,2.868223190307617,2.869105339050293,0.0008821487426757812
22,5,80,3.413604736328125,3.4140217304229736,0.0004169940948486328
22,6,80,3.3630788326263428,3.362898826599121,-0.0001800060272216797
22,7,80,3.3646602630615234,3.3646445274353027,-1.5735626220703125e-05
22,8,80,3.102139949798584,3.101893424987793,-0.0002465248107910156
22,9,80,3.300018072128296,3.299285650253296,-0.000732421875
22,10,80,3.5178091526031494,3.5185139179229736,0.0007047653198242188
22,11,80,3.2561490535736084,3.256221294403076,7.224082946777344e-05
22,12,80,3.4145240783691406,3.415452718734741,0.0009286403656005859
22,13,80,3.880303144454956,3.880981206893921,0.0006780624389648438
22,14,80,3.653571128845215,3.653333902359009,-0.0002372264862060547
22,15,80,3.5718157291412354,3.572876453399658,0.0010607242584228516
22,16,80,3.970200777053833,3.972033739089966,0.0018329620361328125
22,17,80,3.716688632965088,3.7194747924804688,0.0027861595153808594
22,18,80,2.9036476612091064,2.9038889408111572,0.00024127960205078125
22,19,80,2.512798547744751,2.512523651123047,-0.00027489662170410156
23,0,80,3.436306953430176,3.436506748199463,0.00019979476928710938
23,1,80,3.5646183490753174,3.5660386085510254,0.0014202594757080078
23,2,80,3.464973211288452,3.4636995792388916,-0.0012736320495605469
23,3,80,3.033883571624756,3.0344247817993164,0.0005412101745605469
23,4,80,2.868223190307617,2.8686635494232178,0.00044035911560058594
23,5,80,3.413604736328125,3.412787914276123,-0.0008168220520019531
23,6,80,3.3630788326263428,3.362372875213623,-0.0007059574127197266
23,7,80,3.3646602630615234,3.363795518875122,-0.0008647441864013672
23,8,80,3.102139949798584,3.102872371673584,0.000732421875
23,9,80,3.300018072128296,3.299865484237671,-0.000152587890625
23,10,80,3.5178091526031494,3.51784348487854,3.4332275390625e-05
23,11,80,3.2561490535736084,3.2561774253845215,2.8371810913085938e-05
23,12,80,3.4145240783691406,3.414700508117676,0.00017642974853515625
23,13,80,3.880303144454956,3.8784656524658203,-0.0018374919891357422
23,14,80,3.653571128845215,3.65434193611145,0.0007708072662353516
23,15,80,3.5718157291412354,3.5717356204986572,-8.0108642578125e-05
23,16,80,3.970200777053833,3.970924139022827,0.0007233619689941406
23,17,80,3.716688632965088,3.721397638320923,0.004709005355834961
23,18,80,2.9036476612091064,2.902182102203369,-0.0014655590057373047
23,19,80,2.512798547744751,2.5126030445098877,-0.00019550323486328125
24,0,80,3.436306953430176,3.4372360706329346,0.0009291172027587891
24,1,80,3.5646183490753174,3.564668893814087,5.054473876953125e-05
24,2,80,3.464973211288452,3.4645767211914062,-0.00039649009704589844
24,3,80,3.033883571624756,3.0315439701080322,-0.002339601516723633
24,4,80,2.868223190307617,2.8689932823181152,0.0007700920104980469
24,5,80,3.413604736328125,3.4126763343811035,-0.0009284019470214844
24,6,80,3.3630788326263428,3.3624517917633057,-0.0006270408630371094
24,7,80,3.3646602630615234,3.363640069961548,-0.001020193099975586
24,8,80,3.102139949798584,3.1015586853027344,-0.0005812644958496094
24,9,80,3.300018072128296,3.3001928329467773,0.0001747608184814453
24,10,80,3.5178091526031494,3.517091989517212,-0.0007171630859375
24,11,80,3.2561490535736084,3.256122350692749,-2.6702880859375e-05
24,12,80,3.4145240783691406,3.4161901473999023,0.0016660690307617188
24,13,80,3.880303144454956,3.880290985107422,-1.2159347534179688e-05
24,14,80,3.653571128845215,3.6538102626800537,0.0002391338348388672
24,15,80,3.5718157291412354,3.5715925693511963,-0.0002231597900390625
24,16,80,3.970200777053833,3.970677614212036,0.000476837158203125
24,17,80,3.716688632965088,3.7162182331085205,-0.0004703998565673828
24,18,80,2.9036476612091064,2.903357982635498,-0.00028967857360839844
24,19,80,2.512798547744751,2.5136032104492188,0.0008046627044677734
25,0,80,3.436306953430176,3.436605930328369,0.0002989768981933594
25,1,80,3.5646183490753174,3.565701484680176,0.0010831356048583984
25,2,80,3.464973211288452,3.465251922607422,0.00027871131896972656
25,3,80,3.033883571624756,3.033174514770508,-0.0007090568542480469
25,4,80,2.868223190307617,2.868427276611328,0.0002040863037109375
25,5,80,3.413604736328125,3.4145634174346924,0.0009586811065673828
25,6,80,3.3630788326263428,3.36482310295105,0.0017442703247070312
25,7,80,3.3646602630615234,3.364361524581909,-0.0002987384796142578
25,8,80,3.102139949798584,3.10215163230896,1.1682510375976562e-05
25,9,80,3.300018072128296,3.3007516860961914,0.0007336139678955078
25,10,80,3.5178091526031494,3.517646551132202,-0.00016260147094726562
25,11,80,3.2561490535736084,3.2570788860321045,0.0009298324584960938
25,12,80,3.4145240783691406,3.414398431777954,-0.00012564659118652344
25,13,80,3.880303144454956,3.8795952796936035,-0.0007078647613525391
25,14,80,3.653571128845215,3.6547935009002686,0.001222372055053711
25,15,80,3.5718157291412354,3.572929859161377,0.0011141300201416016
25,16,80,3.970200777053833,3.971006155014038,0.0008053779602050781
25,17,80,3.716688632965088,3.7149999141693115,-0.0016887187957763672
25,18,80,2.9036476612091064,2.903193950653076,-0.00045371055603027344
25,19,80,2.512798547744751,2.5125298500061035,-0.00026869773864746094
26,0,80,3.436306953430176,3.4364466667175293,0.00013971328735351562
26,1,80,3.5646183490753174,3.564770221710205,0.0001518726348876953
26,2,80,3.464973211288452,3.464745283126831,-0.00022792816162109375
26,3,80,3.033883571624756,3.0341405868530273,0.0002570152282714844
26,4,80,2.868223190307617,2.868102550506592,-0.00012063980102539062
26,5,80,3.413604736328125,3.413848876953125,0.000244140625
26,6,80,3.3630788326263428,3.363356590270996,0.0002777576446533203
26,7,80,3.3646602630615234,3.3645823001861572,-7.796287536621094e-05
26,8,80,3.102139949798584,3.1026453971862793,0.0005054473876953125
26,9,80,3.300018072128296,3.301400661468506,0.001382589340209961
26,10,80,3.5178091526031494,3.5194027423858643,0.0015935897827148438
26,11,80,3.2561490535736084,3.255415678024292,-0.0007333755493164062
26,12,80,3.4145240783691406,3.415456533432007,0.0009324550628662109
26,13,80,3.880303144454956,3.880084991455078,-0.0002181529998779297
26,14,80,3.653571128845215,3.653045654296875,-0.0005254745483398438
26,15,80,3.5718157291412354,3.572563648223877,0.0007479190826416016
26,16,80,3.970200777053833,3.970672845840454,0.00047206878662109375
26,17,80,3.716688632965088,3.715651750564575,-0.0010368824005126953
26,18,80,2.9036476612091064,2.9031941890716553,-0.0004534721374511719
26,19,80,2.512798547744751,2.512861967086792,6.341934204101562e-05
27,0,80,3.436306953430176,3.436113119125366,-0.0001938343048095703
27,1,80,3.5646183490753174,3.5646214485168457,3.0994415283203125e-06
27,2,80,3.464973211288452,3.4647417068481445,-0.0002315044403076172
27,3,80,3.033883571624756,3.034567356109619,0.0006837844848632812
27,4,80,2.868223190307617,2.8689780235290527,0.0007548332214355469
27,5,80,3.413604736328125,3.414891481399536,0.0012867450714111328
27,6,80,3.3630788326263428,3.363966941833496,0.0008881092071533203
27,7,80,3.3646602630615234,3.3652520179748535,0.0005917549133300781
27,8,80,3.102139949798584,3.1028709411621094,0.0007309913635253906
27,9,80,3.300018072128296,3.3005099296569824,0.0004918575286865234
27,10,80,3.5178091526031494,3.5175769329071045,-0.00023221969604492188
27,11,80,3.2561490535736084,3.25557017326355,-0.0005788803100585938
27,12,80,3.4145240783691406,3.4154646396636963,0.0009405612945556641
27,13,80,3.880303144454956,3.8805031776428223,0.00020003318786621094
27,14,80,3.653571128845215,3.6537420749664307,0.0001709461212158203
27,15,80,3.5718157291412354,3.570335865020752,-0.0014798641204833984
27,16,80,3.970200777053833,3.969223976135254,-0.0009768009185791016
27,17,80,3.716688632965088,3.7156295776367188,-0.0010590553283691406
27,18,80,2.9036476612091064,2.904710292816162,0.001062631607055664
27,19,80,2.512798547744751,2.513150691986084,0.0003521442413330078
28,0,80,3.436306953430176,3.436208724975586,-9.822845458984375e-05
28,1,80,3.5646183490753174,3.5657191276550293,0.001100778579711914
28,2,80,3.464973211288452,3.4650797843933105,0.00010657310485839844
28,3,80,3.033883571624756,3.0341849327087402,0.000301361083984375
28,4,80,2.868223190307617,2.869197130203247,0.0009739398956298828
28,5,80,3.413604736328125,3.4142560958862305,0.0006513595581054688
28,6,80,3.3630788326263428,3.364330768585205,0.0012519359588623047
28,7,80,3.3646602630615234,3.365548849105835,0.0008885860443115234
28,8,80,3.102139949798584,3.103578567504883,0.0014386177062988281
28,9,80,3.300018072128296,3.3010971546173096,0.0010790824890136719
28,10,80,3.5178091526031494,3.519516706466675,0.0017075538635253906
28,11,80,3.2561490535736084,3.2547836303710938,-0.0013654232025146484
28,12,80,3.4145240783691406,3.4146437644958496,0.00011968612670898438
28,13,80,3.880303144454956,3.8808345794677734,0.0005314350128173828
28,14,80,3.653571128845215,3.6536576747894287,8.654594421386719e-05
28,15,80,3.5718157291412354,3.573014497756958,0.0011987686157226562
28,16,80,3.970200777053833,3.9703001976013184,9.942054748535156e-05
28,17,80,3.716688632965088,3.716714859008789,2.6226043701171875e-05
28,18,80,2.9036476612091064,2.9025468826293945,-0.001100778579711914
28,19,80,2.512798547744751,2.512882947921753,8.440017700195312e-05
29,0,80,3.436306953430176,3.4362640380859375,-4.291534423828125e-05
29,1,80,3.5646183490753174,3.5632681846618652,-0.0013501644134521484
29,2,80,3.464973211288452,3.4640052318573,-0.0009679794311523438
29,3,80,3.033883571624756,3.033642292022705,-0.00024127960205078125
29,4,80,2.868223190307617,2.867791175842285,-0.00043201446533203125
29,5,80,3.413604736328125,3.4134531021118164,-0.00015163421630859375
29,6,80,3.3630788326263428,3.362394094467163,-0.0006847381591796875
29,7,80,3.3646602630615234,3.3650906085968018,0.0004303455352783203
29,8,80,3.102139949798584,3.1015849113464355,-0.0005550384521484375
29,9,80,3.300018072128296,3.299232006072998,-0.0007860660552978516
29,10,80,3.5178091526031494,3.5176453590393066,-0.00016379356384277344
29,11,80,3.2561490535736084,3.25628924369812,0.00014019012451171875
29,12,80,3.4145240783691406,3.416058301925659,0.0015342235565185547
29,13,80,3.880303144454956,3.8795580863952637,-0.0007450580596923828
29,14,80,3.653571128845215,3.653512954711914,-5.817413330078125e-05
29,15,80,3.5718157291412354,3.5712196826934814,-0.0005960464477539062
29,16,80,3.970200777053833,3.9713120460510254,0.0011112689971923828
29,17,80,3.716688632965088,3.7186243534088135,0.001935720443725586
29,18,80,2.9036476612091064,2.902390718460083,-0.0012569427490234375
29,19,80,2.512798547744751,2.5132107734680176,0.00041222572326660156
30,0,80,3.436306953430176,3.4373209476470947,0.0010139942169189453
30,1,80,3.5646183490753174,3.5658135414123535,0.0011951923370361328
30,2,80,3.464973211288452,3.4634549617767334,-0.00151824951171875
30,3,80,3.033883571624756,3.035670757293701,0.0017871856689453125
30,4,80,2.868223190307617,2.867799997329712,-0.00042319297790527344
30,5,80,3.413604736328125,3.4126057624816895,-0.0009989738464355469
30,6,80,3.3630788326263428,3.362335205078125,-0.0007436275482177734
30,7,80,3.3646602630615234,3.364078998565674,-0.0005812644958496094
30,8,80,3.102139949798584,3.1011648178100586,-0.0009751319885253906
30,9,80,3.300018072128296,3.2999391555786133,-7.891654968261719e-05
30,10,80,3.5178091526031494,3.518230676651001,0.0004215240478515625
30,11,80,3.2561490535736084,3.256870746612549,0.0007216930389404297
30,12,80,3.4145240783691406,3.415250778198242,0.0007266998291015625
30,13,80,3.880303144454956,3.8798322677612305,-0.00047087669372558594
30,14,80,3.653571128845215,3.65382719039917,0.0002560615539550781
30,15,80,3.5718157291412354,3.5711212158203125,-0.0006945133209228516
30,16,80,3.970200777053833,3.969785451889038,-0.0004153251647949219
30,17,80,3.716688632965088,3.7162604331970215,-0.00042819976806640625
30,18,80,2.9036476612091064,2.9022955894470215,-0.001352071762084961
30,19,80,2.512798547744751,2.5127313137054443,-6.723403930664062e-05
31,0,80,3.436306953430176,3.4349236488342285,-0.0013833045959472656
31,1,80,3.5646183490753174,3.564136266708374,-0.0004820823669433594
31,2,80,3.464973211288452,3.4646151065826416,-0.0003581047058105469
31,3,80,3.033883571624756,3.034533977508545,0.0006504058837890625
31,4,80,2.868223190307617,2.8681583404541016,-6.4849853515625e-05
31,5,80,3.413604736328125,3.4150915145874023,0.0014867782592773438
31,6,80,3.3630788326263428,3.3635690212249756,0.0004901885986328125
31,7,80,3.3646602630615234,3.365705728530884,0.0010454654693603516
31,8,80,3.102139949798584,3.1035871505737305,0.0014472007751464844
31,9,80,3.300018072128296,3.301379442214966,0.0013613700866699219
31,10,80,3.5178091526031494,3.518420457839966,0.0006113052368164062
31,11,80,3.2561490535736084,3.2546274662017822,-0.0015215873718261719
31,12,80,3.4145240783691406,3.414769172668457,0.00024509429931640625
31,13,80,3.880303144454956,3.8808422088623047,0.0005390644073486328
31,14,80,3.653571128845215,3.654649019241333,0.001077890396118164
31,15,80,3.5718157291412354,3.5713768005371094,-0.00043892860412597656
31,16,80,3.970200777053833,3.970773220062256,0.0005724430084228516
31,17,80,3.716688632965088,3.717066764831543,0.0003781318664550781
31,18,80,2.9036476612091064,2.9033520221710205,-0.0002956390380859375
31,19,80,2.512798547744751,2.5117266178131104,-0.001071929931640625
32,0,80,3.436306953430176,3.4360764026641846,-0.00023055076599121094
32,1,80,3.5646183490753174,3.5645382404327393,-8.0108642578125e-05
32,2,80,3.464973211288452,3.464059591293335,-0.0009136199951171875
32,3,80,3.033883571624756,3.033872127532959,-1.1444091796875e-05
32,4,80,2.868223190307617,2.8668298721313477,-0.0013933181762695312
32,5,80,3.413604736328125,3.4128317832946777,-0.0007729530334472656
32,6,80,3.3630788326263428,3.3625025749206543,-0.0005762577056884766
32,7,80,3.3646602630615234,3.363560914993286,-0.0010993480682373047
32,8,80,3.102139949798584,3.1003665924072266,-0.0017733573913574219
32,9,80,3.300018072128296,3.3001062870025635,8.821487426757812e-05
32,10,80,3.5178091526031494,3.517613649368286,-0.00019550323486328125
32,11,80,3.2561490535736084,3.255018949508667,-0.0011301040649414062
32,12,80,3.4145240783691406,3.414949417114258,0.0004253387451171875
32,13,80,3.880303144454956,3.880274772644043,-2.8371810913085938e-05
32,14,80,3.653571128845215,3.654993772506714,0.0014226436614990234
32,15,80,3.5718157291412354,3.571768045425415,-4.76837158203125e-05
32,16,80,3.970200777053833,3.9702675342559814,6.67572021484375e-05
32,17,80,3.716688632965088,3.715394973754883,-0.0012936592102050781
32,18,80,2.9036476612091064,2.9015893936157227,-0.002058267593383789
32,19,80,2.512798547744751,2.5124142169952393,-0.00038433074951171875
33,0,80,3.436306953430176,3.4369075298309326,0.0006005764007568359
33,1,80,3.5646183490753174,3.563868761062622,-0.0007495880126953125
33,2,80,3.464973211288452,3.4656941890716553,0.000720977783203125
33,3,80,3.033883571624756,3.034285068511963,0.00040149688720703125
33,4,80,2.868223190307617,2.868274211883545,5.1021575927734375e-05
33,5,80,3.413604736328125,3.4125051498413086,-0.0010995864868164062
33,6,80,3.3630788326263428,3.362093687057495,-0.0009851455688476562
33,7,80,3.3646602630615234,3.3649556636810303,0.00029540061950683594
33,8,80,3.102139949798584,3.1018614768981934,-0.000278472900390625
33,9,80,3.300018072128296,3.299375295639038,-0.0006427764892578125
33,10,80,3.5178091526031494,3.5184426307678223,0.0006334781646728516
33,11,80,3.2561490535736084,3.2541286945343018,-0.0020203590393066406
33,12,80,3.4145240783691406,3.415454387664795,0.0009303092956542969
33,13,80,3.880303144454956,3.8792834281921387,-0.0010197162628173828
33,14,80,3.653571128845215,3.654174566268921,0.0006034374237060547
33,15,80,3.5718157291412354,3.571655511856079,-0.00016021728515625
33,16,80,3.970200777053833,3.969778537750244,-0.0004222393035888672
33,17,80,3.716688632965088,3.7152698040008545,-0.0014188289642333984
33,18,80,2.9036476612091064,2.9030027389526367,-0.0006449222564697266
33,19,80,2.512798547744751,2.5118398666381836,-0.0009586811065673828
34,0,80,3.436306953430176,3.4362568855285645,-5.0067901611328125e-05
34,1,80,3.5646183490753174,3.564882516860962,0.00026416778564453125
34,2,80,3.464973211288452,3.4653091430664062,0.00033593177795410156
34,3,80,3.033883571624756,3.0332679748535156,-0.0006155967712402344
34,4,80,2.868223190307617,2.867492198944092,-0.0007309913635253906
34,5,80,3.413604736328125,3.413097858428955,-0.0005068778991699219
34,6,80,3.3630788326263428,3.3633296489715576,0.00025081634521484375
34,7,80,3.3646602630615234,3.3642759323120117,-0.00038433074951171875
34,8,80,3.102139949798584,3.1019785404205322,-0.0001614093780517578
34,9,80,3.300018072128296,3.299750804901123,-0.00026726722717285156
34,10,80,3.5178091526031494,3.517404079437256,-0.0004050731658935547
34,11,80,3.2561490535736084,3.2556962966918945,-0.0004527568817138672
34,12,80,3.4145240783691406,3.4138331413269043,-0.0006909370422363281
34,13,80,3.880303144454956,3.8804638385772705,0.00016069412231445312
34,14,80,3.653571128845215,3.6542537212371826,0.0006825923919677734
34,15,80,3.5718157291412354,3.5729165077209473,0.001100778579711914
34,16,80,3.970200777053833,3.969773054122925,-0.0004277229309082031
34,17,80,3.716688632965088,3.7174158096313477,0.0007271766662597656
34,18,80,2.9036476612091064,2.904404401779175,0.0007567405700683594
34,19,80,2.512798547744751,2.513701915740967,0.0009033679962158203
35,0,80,3.436306953430176,3.437004327774048,0.0006973743438720703
35,1,80,3.5646183490753174,3.564769744873047,0.0001513957977294922
35,2,80,3.464973211288452,3.4638497829437256,-0.0011234283447265625
35,3,80,3.033883571624756,3.0350241661071777,0.001140594482421875
35,4,80,2.868223190307617,2.8676254749298096,-0.0005977153778076172
35,5,80,3.413604736328125,3.413283586502075,-0.0003211498260498047
35,6,80,3.3630788326263428,3.3616487979888916,-0.0014300346374511719
35,7,80,3.3646602630615234,3.3645098209381104,-0.00015044212341308594
35,8,80,3.102139949798584,3.1027355194091797,0.0005955696105957031
35,9,80,3.300018072128296,3.2995660305023193,-0.0004520416259765625
35,10,80,3.5178091526031494,3.5176758766174316,-0.00013327598571777344
35,11,80,3.2561490535736084,3.2577807903289795,0.0016317367553710938
35,12,80,3.4145240783691406,3.414095640182495,-0.0004284381866455078
35,13,80,3.880303144454956,3.880824565887451,0.0005214214324951172
35,14,80,3.653571128845215,3.654850482940674,0.0012793540954589844
35,15,80,3.5718157291412354,3.5719356536865234,0.00011992454528808594
35,16,80,3.970200777053833,3.971540927886963,0.0013401508331298828
35,17,80,3.716688632965088,3.715675115585327,-0.0010135173797607422
35,18,80,2.9036476612091064,2.904454231262207,0.0008065700531005859
35,19,80,2.512798547744751,2.5122861862182617,-0.0005123615264892578
36,0,80,3.436306953430176,3.4378340244293213,0.0015270709991455078
36,1,80,3.5646183490753174,3.5636982917785645,-0.0009200572967529297
36,2,80,3.464973211288452,3.4656920433044434,0.0007188320159912109
36,3,80,3.033883571624756,3.033694267272949,-0.00018930435180664062
36,4,80,2.868223190307617,2.8678574562072754,-0.0003657341003417969
36,5,80,3.413604736328125,3.4137840270996094,0.000179290771484375
36,6,80,3.3630788326263428,3.3632729053497314,0.00019407272338867188
36,7,80,3.3646602630615234,3.365110158920288,0.00044989585876464844
36,8,80,3.102139949798584,3.101688861846924,-0.00045108795166015625
36,9,80,3.300018072128296,3.3003203868865967,0.00030231475830078125
36,10,80,3.5178091526031494,3.5176072120666504,-0.00020194053649902344
36,11,80,3.2561490535736084,3.2559049129486084,-0.000244140625
36,12,80,3.4145240783691406,3.415785312652588,0.0012612342834472656
36,13,80,3.880303144454956,3.880105972290039,-0.0001971721649169922
36,14,80,3.653571128845215,3.652858257293701,-0.0007128715515136719
36,15,80,3.5718157291412354,3.571453332901001,-0.000362396240234375
36,16,80,3.970200777053833,3.9703269004821777,0.00012612342834472656
36,17,80,3.716688632965088,3.716146469116211,-0.0005421638488769531
36,18,80,2.9036476612091064,2.9030089378356934,-0.0006387233734130859
36,19,80,2.512798547744751,2.5125908851623535,-0.00020766258239746094
37,0,80,3.436306953430176,3.435560941696167,-0.0007460117340087891
37,1,80,3.5646183490753174,3.5630784034729004,-0.0015399456024169922
37,2,80,3.464973211288452,3.464844226837158,-0.0001289844512939453
37,3,80,3.033883571624756,3.0345332622528076,0.0006496906280517578
37,4,80,2.868223190307617,2.8678886890411377,-0.0003345012664794922
37,5,80,3.413604736328125,3.4138290882110596,0.0002243518829345703
37,6,80,3.3630788326263428,3.3638789653778076,0.0008001327514648438
37,7,80,3.3646602630615234,3.3628616333007812,-0.0017986297607421875
37,8,80,3.102139949798584,3.101956844329834,-0.00018310546875
37,9,80,3.300018072128296,3.300640821456909,0.0006227493286132812
37,10,80,3.5178091526031494,3.5180482864379883,0.0002391338348388672
37,11,80,3.2561490535736084,3.2556700706481934,-0.00047898292541503906
37,12,80,3.4145240783691406,3.4129791259765625,-0.001544952392578125
37,13,80,3.880303144454956,3.8802340030670166,-6.914138793945312e-05
37,14,80,3.653571128845215,3.6534109115600586,-0.00016021728515625
37,15,80,3.5718157291412354,3.5720770359039307,0.0002613067626953125
37,16,80,3.970200777053833,3.970249652862549,4.887580871582031e-05
37,17,80,3.716688632965088,3.719248056411743,0.0025594234466552734
37,18,80,2.9036476612091064,2.904287099838257,0.0006394386291503906
37,19,80,2.512798547744751,2.5138795375823975,0.0010809898376464844
38,0,80,3.436306953430176,3.435844898223877,-0.0004620552062988281
38,1,80,3.5646183490753174,3.563730478286743,-0.0008878707885742188
38,2,80,3.464973211288452,3.465127468109131,0.00015425682067871094
38,3,80,3.033883571624756,3.035496234893799,0.0016126632690429688
38,4,80,2.868223190307617,2.868082284927368,-0.00014090538024902344
38,5,80,3.413604736328125,3.4142024517059326,0.0005977153778076172
38,6,80,3.3630788326263428,3.3644306659698486,0.0013518333435058594
38,7,80,3.3646602630615234,3.3670146465301514,0.0023543834686279297
38,8,80,3.102139949798584,3.103407382965088,0.0012674331665039062
38,9,80,3.300018072128296,3.3021411895751953,0.002123117446899414
38,10,80,3.5178091526031494,3.519768714904785,0.001959562301635742
38,11,80,3.2561490535736084,3.2555997371673584,-0.00054931640625
38,12,80,3.4145240783691406,3.4138576984405518,-0.0006663799285888672
38,13,80,3.880303144454956,3.879420280456543,-0.0008828639984130859
38,14,80,3.653571128845215,3.652946710586548,-0.0006244182586669922
38,15,80,3.5718157291412354,3.5718801021575928,6.437301635742188e-05
38,16,80,3.970200777053833,3.970982551574707,0.0007817745208740234
38,17,80,3.716688632965088,3.7156453132629395,-0.0010433197021484375
38,18,80,2.9036476612091064,2.906585931777954,0.0029382705688476562
38,19,80,2.512798547744751,2.5152769088745117,0.002478361129760742
39,0,80,3.436306953430176,3.4362246990203857,-8.225440979003906e-05
39,1,80,3.5646183490753174,3.564270257949829,-0.00034809112548828125
39,2,80,3.464973211288452,3.4667038917541504,0.0017306804656982422
39,3,80,3.033883571624756,3.03299880027771,-0.0008847713470458984
39,4,80,2.868223190307617,2.8677098751068115,-0.0005133152008056641
39,5,80,3.413604736328125,3.413003921508789,-0.0006008148193359375
39,6,80,3.3630788326263428,3.3645718097686768,0.0014929771423339844
39,7,80,3.3646602630615234,3.3665366172790527,0.0018763542175292969
39,8,80,3.102139949798584,3.1020755767822266,-6.437301635742188e-05
39,9,80,3.300018072128296,3.301071882247925,0.0010538101196289062
39,10,80,3.5178091526031494,3.5190114974975586,0.0012023448944091797
39,11,80,3.2561490535736084,3.255843162536621,-0.0003058910369873047
39,12,80,3.4145240783691406,3.4141414165496826,-0.0003826618194580078
39,13,80,3.880303144454956,3.8809967041015625,0.0006935596466064453
39,14,80,3.653571128845215,3.653503179550171,-6.794929504394531e-05
39,15,80,3.5718157291412354,3.5717732906341553,-4.2438507080078125e-05
39,16,80,3.970200777053833,3.971234083175659,0.0010333061218261719
39,17,80,3.716688632965088,3.720278263092041,0.003589630126953125
39,18,80,2.9036476612091064,2.9028053283691406,-0.0008423328399658203
39,19,80,2.512798547744751,2.511350631713867,-0.001447916030883789
40,0,80,3.436306953430176,3.434901714324951,-0.0014052391052246094
40,1,80,3.5646183490753174,3.563154697418213,-0.0014636516571044922
40,2,80,3.464973211288452,3.4650521278381348,7.891654968261719e-05
40,3,80,3.033883571624756,3.0345139503479004,0.0006303787231445312
40,4,80,2.868223190307617,2.86824107170105,1.7881393432617188e-05
40,5,80,3.413604736328125,3.413888454437256,0.0002837181091308594
40,6,80,3.3630788326263428,3.362837791442871,-0.0002410411834716797
40,7,80,3.3646602630615234,3.366209030151367,0.00154876708984375
40,8,80,3.102139949798584,3.102350950241089,0.0002110004425048828
40,9,80,3.300018072128296,3.3002982139587402,0.00028014183044433594
40,10,80,3.5178091526031494,3.5176515579223633,-0.0001575946807861328
40,11,80,3.2561490535736084,3.2563581466674805,0.0002090930938720703
40,12,80,3.4145240783691406,3.413227081298828,-0.0012969970703125
40,13,80,3.880303144454956,3.8786427974700928,-0.0016603469848632812
40,14,80,3.653571128845215,3.652036666870117,-0.0015344619750976562
40,15,80,3.5718157291412354,3.5719406604766846,0.00012493133544921875
40,16,80,3.970200777053833,3.9714319705963135,0.0012311935424804688
40,17,80,3.716688632965088,3.7149596214294434,-0.0017290115356445312
40,18,80,2.9036476612091064,2.9036388397216797,-8.821487426757812e-06
40,19,80,2.512798547744751,2.5115063190460205,-0.0012922286987304688
41,0,80,3.436306953430176,3.4358887672424316,-0.0004181861877441406
41,1,80,3.5646183490753174,3.564290761947632,-0.0003275871276855469
41,2,80,3.464973211288452,3.4654078483581543,0.00043463706970214844
41,3,80,3.033883571624756,3.033177614212036,-0.0007059574127197266
41,4,80,2.868223190307617,2.869356870651245,0.0011336803436279297
41,5,80,3.413604736328125,3.4144434928894043,0.0008387565612792969
41,6,80,3.3630788326263428,3.364784002304077,0.001705169677734375
41,7,80,3.3646602630615234,3.364668607711792,8.344650268554688e-06
41,8,80,3.102139949798584,3.1009409427642822,-0.0011990070343017578
41,9,80,3.300018072128296,3.3002634048461914,0.0002453327178955078
41,10,80,3.5178091526031494,3.5176615715026855,-0.0001475811004638672
41,11,80,3.2561490535736084,3.255899429321289,-0.00024962425231933594
41,12,80,3.4145240783691406,3.41569447517395,0.0011703968048095703
41,13,80,3.880303144454956,3.881448745727539,0.0011456012725830078
41,14,80,3.653571128845215,3.6539409160614014,0.00036978721618652344
41,15,80,3.5718157291412354,3.5720670223236084,0.0002512931823730469
41,16,80,3.970200777053833,3.969247817993164,-0.0009529590606689453
41,17,80,3.716688632965088,3.7168450355529785,0.000156402587890625
41,18,80,2.9036476612091064,2.9037046432495117,5.698204040527344e-05
41,19,80,2.512798547744751,2.5129237174987793,0.0001251697540283203
42,0,80,3.436306953430176,3.4366886615753174,0.00038170814514160156
42,1,80,3.5646183490753174,3.565216064453125,0.0005977153778076172
42,2,80,3.464973211288452,3.4652137756347656,0.00024056434631347656
42,3,80,3.033883571624756,3.0342602729797363,0.00037670135498046875
42,4,80,2.868223190307617,2.867497682571411,-0.0007255077362060547
42,5,80,3.413604736328125,3.413959503173828,0.000354766845703125
42,6,80,3.3630788326263428,3.3638553619384766,0.0007765293121337891
42,7,80,3.3646602630615234,3.3651413917541504,0.0004811286926269531
42,8,80,3.102139949798584,3.101454496383667,-0.0006854534149169922
42,9,80,3.300018072128296,3.299436092376709,-0.0005819797515869141
42,10,80,3.5178091526031494,3.5179781913757324,0.0001690387725830078
42,11,80,3.2561490535736084,3.256523609161377,0.0003745555877685547
42,12,80,3.4145240783691406,3.414564371109009,4.029273986816406e-05
42,13,80,3.880303144454956,3.8794469833374023,-0.0008561611175537109
42,14,80,3.653571128845215,3.654848575592041,0.0012774467468261719
42,15,80,3.5718157291412354,3.5712838172912598,-0.0005319118499755859
42,16,80,3.970200777053833,3.9697811603546143,-0.00041961669921875
42,17,80,3.716688632965088,3.7170403003692627,0.0003516674041748047
42,18,80,2.9036476612091064,2.903944253921509,0.00029659271240234375
42,19,80,2.512798547744751,2.5127787590026855,-1.9788742065429688e-05
43,0,80,3.436306953430176,3.435054302215576,-0.0012526512145996094
43,1,80,3.5646183490753174,3.5632431507110596,-0.0013751983642578125
43,2,80,3.464973211288452,3.464942216873169,-3.0994415283203125e-05
43,3,80,3.033883571624756,3.031942129135132,-0.0019414424896240234
43,4,80,2.868223190307617,2.867685317993164,-0.000537872314453125
43,5,80,3.413604736328125,3.412430763244629,-0.0011739730834960938
43,6,80,3.3630788326263428,3.3624331951141357,-0.0006456375122070312
43,7,80,3.3646602630615234,3.3635146617889404,-0.0011456012725830078
43,8,80,3.102139949798584,3.1020455360412598,-9.441375732421875e-05
43,9,80,3.300018072128296,3.2999603748321533,-5.7697296142578125e-05
43,10,80,3.5178091526031494,3.517853260040283,4.410743713378906e-05
43,11,80,3.2561490535736084,3.255476474761963,-0.0006725788116455078
43,12,80,3.4145240783691406,3.4163782596588135,0.0018541812896728516
43,13,80,3.880303144454956,3.8798582553863525,-0.0004448890686035156
43,14,80,3.653571128845215,3.6546130180358887,0.0010418891906738281
43,15,80,3.5718157291412354,3.5715649127960205,-0.00025081634521484375
43,16,80,3.970200777053833,3.9707863330841064,0.0005855560302734375
43,17,80,3.716688632965088,3.716179132461548,-0.0005095005035400391
43,18,80,2.9036476612091064,2.9033641815185547,-0.0002834796905517578
43,19,80,2.512798547744751,2.5112922191619873,-0.0015063285827636719
44,0,80,3.436306953430176,3.4370782375335693,0.0007712841033935547
44,1,80,3.5646183490753174,3.5650269985198975,0.0004086494445800781
44,2,80,3.464973211288452,3.4650187492370605,4.553794860839844e-05
44,3,80,3.033883571624756,3.033841133117676,-4.2438507080078125e-05
44,4,80,2.868223190307617,2.8682501316070557,2.6941299438476562e-05
44,5,80,3.413604736328125,3.414097785949707,0.0004930496215820312
44,6,80,3.3630788326263428,3.362396478652954,-0.0006823539733886719
44,7,80,3.3646602630615234,3.364121198654175,-0.0005390644073486328
44,8,80,3.102139949798584,3.102266550064087,0.0001266002655029297
44,9,80,3.300018072128296,3.2986855506896973,-0.0013325214385986328
44,10,80,3.5178091526031494,3.517732858657837,-7.62939453125e-05
44,11,80,3.2561490535736084,3.255993366241455,-0.0001556873321533203
44,12,80,3.4145240783691406,3.415919303894043,0.0013952255249023438
44,13,80,3.880303144454956,3.883312940597534,0.003009796142578125
44,14,80,3.653571128845215,3.653207778930664,-0.00036334991455078125
44,15,80,3.5718157291412354,3.5717575550079346,-5.817413330078125e-05
44,16,80,3.970200777053833,3.9707982540130615,0.0005974769592285156
44,17,80,3.716688632965088,3.7161409854888916,-0.0005476474761962891
44,18,80,2.9036476612091064,2.9022676944732666,-0.0013799667358398438
44,19,80,2.512798547744751,2.5123233795166016,-0.00047516822814941406
45,0,80,3.436306953430176,3.436427116394043,0.0001201629638671875
45,1,80,3.5646183490753174,3.5654079914093018,0.000789642333984375
45,2,80,3.464973211288452,3.4654109477996826,0.00043773651123046875
45,3,80,3.033883571624756,3.032794713973999,-0.001088857650756836
45,4,80,2.868223190307617,2.8688466548919678,0.0006234645843505859
45,5,80,3.413604736328125,3.4127197265625,-0.000885009765625
45,6,80,3.3630788326263428,3.362149477005005,-0.0009293556213378906
45,7,80,3.3646602630615234,3.364238977432251,-0.00042128562927246094
45,8,80,3.102139949798584,3.101100444793701,-0.0010395050048828125
45,9,80,3.300018072128296,3.2997655868530273,-0.0002524852752685547
45,10,80,3.5178091526031494,3.5165958404541016,-0.0012133121490478516
45,11,80,3.2561490535736084,3.255073308944702,-0.00107574462890625
45,12,80,3.4145240783691406,3.41595196723938,0.0014278888702392578
45,13,80,3.880303144454956,3.880910873413086,0.0006077289581298828
45,14,80,3.653571128845215,3.6530332565307617,-0.000537872314453125
45,15,80,3.5718157291412354,3.5720534324645996,0.0002377033233642578
45,16,80,3.970200777053833,3.970911979675293,0.0007112026214599609
45,17,80,3.716688632965088,3.7180979251861572,0.001409292221069336
45,18,80,2.9036476612091064,2.9029881954193115,-0.0006594657897949219
45,19,80,2.512798547744751,2.5128207206726074,2.2172927856445312e-05
46,0,80,3.436306953430176,3.436058282852173,-0.0002486705780029297
46,1,80,3.5646183490753174,3.564553737640381,-6.461143493652344e-05
46,2,80,3.464973211288452,3.4651734828948975,0.0002002716064453125
46,3,80,3.033883571624756,3.03369140625,-0.00019216537475585938
46,4,80,2.868223190307617,2.8677327632904053,-0.0004904270172119141
46,5,80,3.413604736328125,3.4145097732543945,0.0009050369262695312
46,6,80,3.3630788326263428,3.364203453063965,0.0011246204376220703
46,7,80,3.3646602630615234,3.365997791290283,0.0013375282287597656
46,8,80,3.102139949798584,3.103060722351074,0.0009207725524902344
46,9,80,3.300018072128296,3.3008506298065186,0.0008325576782226562
46,10,80,3.5178091526031494,3.5165162086486816,-0.0012929439544677734
46,11,80,3.2561490535736084,3.2555789947509766,-0.0005700588226318359
46,12,80,3.4145240783691406,3.4147281646728516,0.0002040863037109375
46,13,80,3.880303144454956,3.8801028728485107,-0.0002002716064453125
46,14,80,3.653571128845215,3.653437376022339,-0.00013375282287597656
46,15,80,3.5718157291412354,3.5725526809692383,0.0007369518280029297
46,16,80,3.970200777053833,3.9708142280578613,0.0006134510040283203
46,17,80,3.716688632965088,3.7160885334014893,-0.0006000995635986328
46,18,80,2.9036476612091064,2.9039463996887207,0.0002987384796142578
46,19,80,2.512798547744751,2.5119311809539795,-0.0008673667907714844
47,0,80,3.436306953430176,3.436208486557007,-9.846687316894531e-05
47,1,80,3.5646183490753174,3.5641138553619385,-0.0005044937133789062
47,2,80,3.464973211288452,3.4660556316375732,0.0010824203491210938
47,3,80,3.033883571624756,3.0337233543395996,-0.00016021728515625
47,4,80,2.868223190307617,2.868070363998413,-0.00015282630920410156
47,5,80,3.413604736328125,3.412012815475464,-0.0015919208526611328
47,6,80,3.3630788326263428,3.361412763595581,-0.0016660690307617188
47,7,80,3.3646602630615234,3.364079475402832,-0.0005807876586914062
47,8,80,3.102139949798584,3.1014089584350586,-0.0007309913635253906
47,9,80,3.300018072128296,3.299339532852173,-0.0006785392761230469
47,10,80,3.5178091526031494,3.5168068408966064,-0.0010023117065429688
47,11,80,3.2561490535736084,3.2558531761169434,-0.00029587745666503906
47,12,80,3.4145240783691406,3.4150545597076416,0.0005304813385009766
47,13,80,3.880303144454956,3.879088878631592,-0.0012142658233642578
47,14,80,3.653571128845215,3.654048442840576,0.0004773139953613281
47,15,80,3.5718157291412354,3.571532726287842,-0.0002830028533935547
47,16,80,3.970200777053833,3.9707369804382324,0.0005362033843994141
47,17,80,3.716688632965088,3.717027425765991,0.0003387928009033203
47,18,80,2.9036476612091064,2.9035017490386963,-0.00014591217041015625
47,19,80,2.512798547744751,2.513071298599243,0.0002727508544921875
48,0,80,3.436306953430176,3.434723377227783,-0.0015835762023925781
48,1,80,3.5646183490753174,3.564119338989258,-0.0004990100860595703
48,2,80,3.464973211288452,3.4649219512939453,-5.125999450683594e-05
48,3,80,3.033883571624756,3.0338847637176514,1.1920928955078125e-06
48,4,80,2.868223190307617,2.867844343185425,-0.0003788471221923828
48,5,80,3.413604736328125,3.4144363403320312,0.00083160400390625
48,6,80,3.3630788326263428,3.362955093383789,-0.00012373924255371094
48,7,80,3.3646602630615234,3.3636205196380615,-0.001039743423461914
48,8,80,3.102139949798584,3.1018357276916504,-0.00030422210693359375
48,9,80,3.300018072128296,3.3012921810150146,0.00127410888671875
48,10,80,3.5178091526031494,3.51684832572937,-0.0009608268737792969
48,11,80,3.2561490535736084,3.25468373298645,-0.0014653205871582031
48,12,80,3.4145240783691406,3.4154255390167236,0.0009014606475830078
48,13,80,3.880303144454956,3.879584312438965,-0.0007188320159912109
48,14,80,3.653571128845215,3.6532514095306396,-0.0003197193145751953
48,15,80,3.5718157291412354,3.571859121322632,4.3392181396484375e-05
48,16,80,3.970200777053833,3.970712900161743,0.0005121231079101562
48,17,80,3.716688632965088,3.7175211906433105,0.0008325576782226562
48,18,80,2.9036476612091064,2.9037179946899414,7.033348083496094e-05
48,19,80,2.512798547744751,2.5123684406280518,-0.00043010711669921875
49,0,80,3.436306953430176,3.437239170074463,0.0009322166442871094
49,1,80,3.5646183490753174,3.565412759780884,0.0007944107055664062
49,2,80,3.464973211288452,3.463273048400879,-0.0017001628875732422
49,3,80,3.033883571624756,3.0321664810180664,-0.0017170906066894531
49,4,80,2.868223190307617,2.8691813945770264,0.0009582042694091797
49,5,80,3.413604736328125,3.413935661315918,0.00033092498779296875
49,6,80,3.3630788326263428,3.362605333328247,-0.0004734992980957031
49,7,80,3.3646602630615234,3.365898847579956,0.0012385845184326172
49,8,80,3.102139949798584,3.1031177043914795,0.0009777545928955078
49,9,80,3.300018072128296,3.300524950027466,0.0005068778991699219
49,10,80,3.5178091526031494,3.5166494846343994,-0.00115966796875
49,11,80,3.2561490535736084,3.257863998413086,0.001714944839477539
49,12,80,3.4145240783691406,3.41534686088562,0.0008227825164794922
49,13,80,3.880303144454956,3.8819704055786133,0.0016672611236572266
49,14,80,3.653571128845215,3.6538774967193604,0.0003063678741455078
49,15,80,3.5718157291412354,3.5712766647338867,-0.0005390644073486328
49,16,80,3.970200777053833,3.970302104949951,0.00010132789611816406
49,17,80,3.716688632965088,3.720309019088745,0.0036203861236572266
49,18,80,2.9036476612091064,2.9028563499450684,-0.0007913112640380859
49,19,80,2.512798547744751,2.5120606422424316,-0.0007379055023193359
50,0,80,3.436306953430176,3.4362428188323975,-6.413459777832031e-05
50,1,80,3.5646183490753174,3.5647225379943848,0.00010418891906738281
50,2,80,3.464973211288452,3.4648239612579346,-0.00014925003051757812
50,3,80,3.033883571624756,3.033724069595337,-0.0001595020294189453
50,4,80,2.868223190307617,2.868293046951294,6.985664367675781e-05
50,5,80,3.413604736328125,3.4116742610931396,-0.0019304752349853516
50,6,80,3.3630788326263428,3.363945245742798,0.0008664131164550781
50,7,80,3.3646602630615234,3.365107774734497,0.0004475116729736328
50,8,80,3.102139949798584,3.1032326221466064,0.001092672348022461
50,9,80,3.300018072128296,3.2995667457580566,-0.0004513263702392578
50,10,80,3.5178091526031494,3.517244577407837,-0.0005645751953125
50,11,80,3.2561490535736084,3.257131576538086,0.000982522964477539
50,12,80,3.4145240783691406,3.4153521060943604,0.0008280277252197266
50,13,80,3.880303144454956,3.882460832595825,0.0021576881408691406
50,14,80,3.653571128845215,3.6550657749176025,0.0014946460723876953
50,15,80,3.5718157291412354,3.5725269317626953,0.0007112026214599609
50,16,80,3.970200777053833,3.969529867172241,-0.0006709098815917969
50,17,80,3.716688632965088,3.7161073684692383,-0.0005812644958496094
50,18,80,2.9036476612091064,2.9032773971557617,-0.00037026405334472656
50,19,80,2.512798547744751,2.5120718479156494,-0.0007266998291015625
51,0,80,3.436306953430176,3.4363160133361816,9.059906005859375e-06
51,1,80,3.5646183490753174,3.564753532409668,0.00013518333435058594
51,2,80,3.464973211288452,3.4650039672851562,3.075599670410156e-05
51,3,80,3.033883571624756,3.0341098308563232,0.0002262592315673828
51,4,80,2.868223190307617,2.867856025695801,-0.00036716461181640625
51,5,80,3.413604736328125,3.413809299468994,0.00020456314086914062
51,6,80,3.3630788326263428,3.3649556636810303,0.0018768310546875
51,7,80,3.3646602630615234,3.3647804260253906,0.0001201629638671875
51,8,80,3.102139949798584,3.103510856628418,0.0013709068298339844
51,9,80,3.300018072128296,3.3004302978515625,0.00041222572326660156
51,10,80,3.5178091526031494,3.5182337760925293,0.0004246234893798828
51,11,80,3.2561490535736084,3.2571518421173096,0.0010027885437011719
51,12,80,3.4145240783691406,3.4155731201171875,0.001049041748046875
51,13,80,3.880303144454956,3.880159616470337,-0.00014352798461914062
51,14,80,3.653571128845215,3.653977394104004,0.0004062652587890625
51,15,80,3.5718157291412354,3.5716497898101807,-0.0001659393310546875
51,16,80,3.970200777053833,3.9708359241485596,0.0006351470947265625
51,17,80,3.716688632965088,3.716076374053955,-0.0006122589111328125
51,18,80,2.9036476612091064,2.9033284187316895,-0.0003192424774169922
51,19,80,2.512798547744751,2.513307571411133,0.0005090236663818359
52,0,80,3.436306953430176,3.435570478439331,-0.0007364749908447266
52,1,80,3.5646183490753174,3.564610719680786,-7.62939453125e-06
52,2,80,3.464973211288452,3.4657373428344727,0.0007641315460205078
52,3,80,3.033883571624756,3.0305566787719727,-0.003326892852783203
52,4,80,2.868223190307617,2.867563009262085,-0.0006601810455322266
52,5,80,3.413604736328125,3.4128577709198,-0.0007469654083251953
52,6,80,3.3630788326263428,3.3625144958496094,-0.0005643367767333984
52,7,80,3.3646602630615234,3.3644392490386963,-0.00022101402282714844
52,8,80,3.102139949798584,3.1014697551727295,-0.0006701946258544922
52,9,80,3.300018072128296,3.299675464630127,-0.0003426074981689453
52,10,80,3.5178091526031494,3.518080711364746,0.0002715587615966797
52,11,80,3.2561490535736084,3.254627227783203,-0.0015218257904052734
52,12,80,3.4145240783691406,3.414163589477539,-0.0003604888916015625
52,13,80,3.880303144454956,3.8796803951263428,-0.0006227493286132812
52,14,80,3.653571128845215,3.6539077758789062,0.00033664703369140625
52,15,80,3.5718157291412354,3.573219060897827,0.0014033317565917969
52,16,80,3.970200777053833,3.970447540283203,0.0002467632293701172
52,17,80,3.716688632965088,3.7217800617218018,0.005091428756713867
52,18,80,2.9036476612091064,2.903693675994873,4.601478576660156e-05
52,19,80,2.512798547744751,2.5125138759613037,-0.0002846717834472656
53,0,80,3.436306953430176,3.437680721282959,0.0013737678527832031
53,1,80,3.5646183490753174,3.5661463737487793,0.001528024673461914
53,2,80,3.464973211288452,3.4654815196990967,0.0005083084106445312
53,3,80,3.033883571624756,3.0332016944885254,-0.0006818771362304688
53,4,80,2.868223190307617,2.868401288986206,0.0001780986785888672
53,5,80,3.413604736328125,3.4137003421783447,9.560585021972656e-05
53,6,80,3.3630788326263428,3.362252950668335,-0.0008258819580078125
53,7,80,3.3646602630615234,3.366541862487793,0.0018815994262695312
53,8,80,3.102139949798584,3.102497100830078,0.0003571510314941406
53,9,80,3.300018072128296,3.2997260093688965,-0.00029206275939941406
53,10,80,3.5178091526031494,3.5179226398468018,0.00011348724365234375
53,11,80,3.2561490535736084,3.2567787170410156,0.0006296634674072266
53,12,80,3.4145240783691406,3.4145877361297607,6.365776062011719e-05
53,13,80,3.880303144454956,3.880551815032959,0.0002486705780029297
53,14,80,3.653571128845215,3.655195713043213,0.0016245841979980469
53,15,80,3.5718157291412354,3.572727680206299,0.0009119510650634766
53,16,80,3.970200777053833,3.9695746898651123,-0.0006260871887207031
53,17,80,3.716688632965088,3.7176005840301514,0.0009119510650634766
53,18,80,2.9036476612091064,2.902894973754883,-0.0007526874542236328
53,19,80,2.512798547744751,2.512660026550293,-0.0001385211944580078
54,0,80,3.436306953430176,3.4350335597991943,-0.0012733936309814453
54,1,80,3.5646183490753174,3.56394624710083,-0.0006721019744873047
54,2,80,3.464973211288452,3.465371608734131,0.00039839744567871094
54,3,80,3.033883571624756,3.032179594039917,-0.0017039775848388672
54,4,80,2.868223190307617,2.867222785949707,-0.0010004043579101562
54,5,80,3.413604736328125,3.413306951522827,-0.00029778480529785156
54,6,80,3.3630788326263428,3.3630709648132324,-7.867813110351562e-06
54,7,80,3.3646602630615234,3.3656537532806396,0.000993490219116211
54,8,80,3.102139949798584,3.1012091636657715,-0.0009307861328125
54,9,80,3.300018072128296,3.3000073432922363,-1.0728836059570312e-05
54,10,80,3.5178091526031494,3.51765513420105,-0.00015401840209960938
54,11,80,3.2561490535736084,3.256263017654419,0.00011396408081054688
54,12,80,3.4145240783691406,3.4149439334869385,0.00041985511779785156
54,13,80,3.880303144454956,3.8791568279266357,-0.0011463165283203125
54,14,80,3.653571128845215,3.6546196937561035,0.0010485649108886719
54,15,80,3.5718157291412354,3.573338508605957,0.0015227794647216797
54,16,80,3.970200777053833,3.9688515663146973,-0.0013492107391357422
54,17,80,3.716688632965088,3.716219425201416,-0.000469207763671875
54,18,80,2.9036476612091064,2.907393217086792,0.003745555877685547
54,19,80,2.512798547744751,2.5157628059387207,0.0029642581939697266
55,0,80,3.436306953430176,3.4361727237701416,-0.0001342296600341797
55,1,80,3.5646183490753174,3.5654945373535156,0.0008761882781982422
55,2,80,3.464973211288452,3.465217351913452,0.000244140625
55,3,80,3.033883571624756,3.0325140953063965,-0.001369476318359375
55,4,80,2.868223190307617,2.8681108951568604,-0.00011229515075683594
55,5,80,3.413604736328125,3.4125537872314453,-0.0010509490966796875
55,6,80,3.3630788326263428,3.3634138107299805,0.0003349781036376953
55,7,80,3.3646602630615234,3.365142822265625,0.0004825592041015625
55,8,80,3.102139949798584,3.10099720954895,-0.001142740249633789
55,9,80,3.300018072128296,3.299748659133911,-0.0002694129943847656
55,10,80,3.5178091526031494,3.5183939933776855,0.0005848407745361328
55,11,80,3.2561490535736084,3.256354570388794,0.00020551681518554688
55,12,80,3.4145240783691406,3.414175510406494,-0.0003485679626464844
55,13,80,3.880303144454956,3.880218744277954,-8.440017700195312e-05
55,14,80,3.653571128845215,3.655707597732544,0.0021364688873291016
55,15,80,3.5718157291412354,3.5717415809631348,-7.414817810058594e-05
55,16,80,3.970200777053833,3.9705429077148438,0.0003421306610107422
55,17,80,3.716688632965088,3.715934991836548,-0.0007536411285400391
55,18,80,2.9036476612091064,2.905045509338379,0.001397848129272461
55,19,80,2.512798547744751,2.513089418411255,0.00029087066650390625
56,0,80,3.436306953430176,3.4381656646728516,0.0018587112426757812
56,1,80,3.5646183490753174,3.565019130706787,0.00040078163146972656
56,2,80,3.464973211288452,3.4644923210144043,-0.00048089027404785156
56,3,80,3.033883571624756,3.034583330154419,0.0006997585296630859
56,4,80,2.868223190307617,2.868849992752075,0.0006268024444580078
56,5,80,3.413604736328125,3.416445732116699,0.0028409957885742188
56,6,80,3.3630788326263428,3.3649935722351074,0.0019147396087646484
56,7,80,3.3646602630615234,3.3666021823883057,0.0019419193267822266
56,8,80,3.102139949798584,3.1037378311157227,0.0015978813171386719
56,9,80,3.300018072128296,3.3008155822753906,0.0007975101470947266
56,10,80,3.5178091526031494,3.517195463180542,-0.0006136894226074219
56,11,80,3.2561490535736084,3.2552199363708496,-0.0009291172027587891
56,12,80,3.4145240783691406,3.4145538806915283,2.9802322387695312e-05
56,13,80,3.880303144454956,3.8806490898132324,0.0003459453582763672
56,14,80,3.653571128845215,3.653338670730591,-0.00023245811462402344
56,15,80,3.5718157291412354,3.570920705795288,-0.0008950233459472656
56,16,80,3.970200777053833,3.969881772994995,-0.0003190040588378906
56,17,80,3.716688632965088,3.7166810035705566,-7.62939453125e-06
56,18,80,2.9036476612091064,2.9051191806793213,0.0014715194702148438
56,19,80,2.512798547744751,2.512298107147217,-0.0005004405975341797
57,0,80,3.436306953430176,3.435978889465332,-0.00032806396484375
57,1,80,3.5646183490753174,3.563647508621216,-0.0009708404541015625
57,2,80,3.464973211288452,3.4656822681427,0.0007090568542480469
57,3,80,3.033883571624756,3.035491943359375,0.0016083717346191406
57,4,80,2.868223190307617,2.868729591369629,0.0005064010620117188
57,5,80,3.413604736328125,3.413909435272217,0.0003046989440917969
57,6,80,3.3630788326263428,3.3636186122894287,0.0005397796630859375
57,7,80,3.3646602630615234,3.3653972148895264,0.0007369518280029297
57,8,80,3.102139949798584,3.1028473377227783,0.0007073879241943359
57,9,80,3.300018072128296,3.3017635345458984,0.001745462417602539
57,10,80,3.5178091526031494,3.5174973011016846,-0.00031185150146484375
57,11,80,3.2561490535736084,3.2553224563598633,-0.0008265972137451172
57,12,80,3.4145240783691406,3.414501428604126,-2.2649765014648438e-05
57,13,80,3.880303144454956,3.8799359798431396,-0.00036716461181640625
57,14,80,3.653571128845215,3.65336012840271,-0.0002110004425048828
57,15,80,3.5718157291412354,3.570735454559326,-0.0010802745819091797
57,16,80,3.970200777053833,3.9707562923431396,0.0005555152893066406
57,17,80,3.716688632965088,3.7168807983398438,0.00019216537475585938
57,18,80,2.9036476612091064,2.902679443359375,-0.0009682178497314453
57,19,80,2.512798547744751,2.511970281600952,-0.0008282661437988281
58,0,80,3.436306953430176,3.43656587600708,0.0002589225769042969
58,1,80,3.5646183490753174,3.564405679702759,-0.00021266937255859375
58,2,80,3.464973211288452,3.464033365249634,-0.0009398460388183594
58,3,80,3.033883571624756,3.034482479095459,0.000598907470703125
58,4,80,2.868223190307617,2.867490768432617,-0.000732421875
58,5,80,3.413604736328125,3.4140520095825195,0.00044727325439453125
58,6,80,3.3630788326263428,3.363025426864624,-5.340576171875e-05
58,7,80,3.3646602630615234,3.364884614944458,0.0002243518829345703
58,8,80,3.102139949798584,3.102379560470581,0.0002396106719970703
58,9,80,3.300018072128296,3.3001933097839355,0.00017523765563964844
58,10,80,3.5178091526031494,3.519526243209839,0.0017170906066894531
58,11,80,3.2561490535736084,3.258561849594116,0.0024127960205078125
58,12,80,3.4145240783691406,3.4145634174346924,3.933906555175781e-05
58,13,80,3.880303144454956,3.882042407989502,0.0017392635345458984
58,14,80,3.653571128845215,3.653974771499634,0.0004036426544189453
58,15,80,3.5718157291412354,3.5716772079467773,-0.0001385211944580078
58,16,80,3.970200777053833,3.9700710773468018,-0.00012969970703125
58,17,80,3.716688632965088,3.7166953086853027,6.67572021484375e-06
58,18,80,2.9036476612091064,2.903602361679077,-4.5299530029296875e-05
58,19,80,2.512798547744751,2.5119354724884033,-0.0008630752563476562
59,0,80,3.436306953430176,3.4388463497161865,0.002539396286010742
59,1,80,3.5646183490753174,3.5658583641052246,0.0012400150299072266
59,2,80,3.464973211288452,3.465298652648926,0.0003254413604736328
59,3,80,3.033883571624756,3.0341100692749023,0.00022649765014648438
59,4,80,2.868223190307617,2.8683831691741943,0.00015997886657714844
59,5,80,3.413604736328125,3.4137213230133057,0.00011658668518066406
59,6,80,3.3630788326263428,3.3624093532562256,-0.0006694793701171875
59,7,80,3.3646602630615234,3.363921642303467,-0.0007386207580566406
59,8,80,3.102139949798584,3.101365804672241,-0.0007741451263427734
59,9,80,3.300018072128296,3.299657106399536,-0.0003609657287597656
59,10,80,3.5178091526031494,3.5177996158599854,-9.5367431640625e-06
59,11,80,3.2561490535736084,3.256161689758301,1.2636184692382812e-05
59,12,80,3.4145240783691406,3.415544271469116,0.001020193099975586
59,13,80,3.880303144454956,3.880967378616333,0.0006642341613769531
59,14,80,3.653571128845215,3.6544201374053955,0.0008490085601806641
59,15,80,3.5718157291412354,3.5716552734375,-0.00016045570373535156
59,16,80,3.970200777053833,3.970397472381592,0.00019669532775878906
59,17,80,3.716688632965088,3.7170512676239014,0.00036263465881347656
59,18,80,2.9036476612091064,2.9038050174713135,0.00015735626220703125
59,19,80,2.512798547744751,2.512631416320801,-0.0001671314239501953
60,0,80,3.436306953430176,3.4364140033721924,0.00010704994201660156
60,1,80,3.5646183490753174,3.5649497509002686,0.0003314018249511719
60,2,80,3.464973211288452,3.4645426273345947,-0.0004305839538574219
60,3,80,3.033883571624756,3.035581111907959,0.001697540283203125
60,4,80,2.868223190307617,2.868478536605835,0.00025534629821777344
60,5,80,3.413604736328125,3.4149415493011475,0.001336812973022461
60,6,80,3.3630788326263428,3.36364483833313,0.0005660057067871094
60,7,80,3.3646602630615234,3.3640666007995605,-0.0005936622619628906
60,8,80,3.102139949798584,3.102539539337158,0.00039958953857421875
60,9,80,3.300018072128296,3.300100564956665,8.249282836914062e-05
60,10,80,3.5178091526031494,3.517702341079712,-0.0001068115234375
60,11,80,3.2561490535736084,3.255760431289673,-0.0003886222839355469
60,12,80,3.4145240783691406,3.4152421951293945,0.0007181167602539062
60,13,80,3.880303144454956,3.88210129737854,0.0017981529235839844
60,14,80,3.653571128845215,3.653585910797119,1.4781951904296875e-05
60,15,80,3.5718157291412354,3.5718369483947754,2.1219253540039062e-05
60,16,80,3.970200777053833,3.9703867435455322,0.00018596649169921875
60,17,80,3.716688632965088,3.71988844871521,0.0031998157501220703
60,18,80,2.9036476612091064,2.9029369354248047,-0.0007107257843017578
60,19,80,2.512798547744751,2.5119454860687256,-0.0008530616760253906
61,0,80,3.436306953430176,3.436171054840088,-0.00013589859008789062
61,1,80,3.5646183490753174,3.5639283657073975,-0.0006899833679199219
61,2,80,3.464973211288452,3.464865207672119,-0.00010800361633300781
61,3,80,3.033883571624756,3.0349209308624268,0.0010373592376708984
61,4,80,2.868223190307617,2.868486166000366,0.00026297569274902344
61,5,80,3.413604736328125,3.413766860961914,0.0001621246337890625
61,6,80,3.3630788326263428,3.362107992172241,-0.0009708404541015625
61,7,80,3.3646602630615234,3.36611008644104,0.0014498233795166016
61,8,80,3.102139949798584,3.1008265018463135,-0.0013134479522705078
61,9,80,3.300018072128296,3.300264835357666,0.0002467632293701172
61,10,80,3.5178091526031494,3.5165624618530273,-0.0012466907501220703
61,11,80,3.2561490535736084,3.2555735111236572,-0.0005755424499511719
61,12,80,3.4145240783691406,3.4148073196411133,0.00028324127197265625
61,13,80,3.880303144454956,3.8792755603790283,-0.0010275840759277344
61,14,80,3.653571128845215,3.654064178466797,0.0004930496215820312
61,15,80,3.5718157291412354,3.572482109069824,0.0006663799285888672
61,16,80,3.970200777053833,3.9702906608581543,8.988380432128906e-05
61,17,80,3.716688632965088,3.714401960372925,-0.002286672592163086
61,18,80,2.9036476612091064,2.9041342735290527,0.00048661231994628906
61,19,80,2.512798547744751,2.512418031692505,-0.00038051605224609375
62,0,80,3.436306953430176,3.4380767345428467,0.0017697811126708984
62,1,80,3.5646183490753174,3.565817356109619,0.0011990070343017578
62,2,80,3.464973211288452,3.46682071685791,0.0018475055694580078
62,3,80,3.033883571624756,3.0341577529907227,0.0002741813659667969
62,4,80,2.868223190307617,2.868999481201172,0.0007762908935546875
62,5,80,3.413604736328125,3.414296865463257,0.0006921291351318359
62,6,80,3.3630788326263428,3.363736152648926,0.0006573200225830078
62,7,80,3.3646602630615234,3.365407705307007,0.0007474422454833984
62,8,80,3.102139949798584,3.1029913425445557,0.0008513927459716797
62,9,80,3.300018072128296,3.299992799758911,-2.5272369384765625e-05
62,10,80,3.5178091526031494,3.51766037940979,-0.000148773193359375
62,11,80,3.2561490535736084,3.2583000659942627,0.002151012420654297
62,12,80,3.4145240783691406,3.4139246940612793,-0.0005993843078613281
62,13,80,3.880303144454956,3.8815431594848633,0.0012400150299072266
62,14,80,3.653571128845215,3.653508424758911,-6.270408630371094e-05
62,15,80,3.5718157291412354,3.5710248947143555,-0.0007908344268798828
62,16,80,3.970200777053833,3.9704747200012207,0.0002739429473876953
62,17,80,3.716688632965088,3.7174198627471924,0.0007312297821044922
62,18,80,2.9036476612091064,2.9038610458374023,0.00021338462829589844
62,19,80,2.512798547744751,2.512981653213501,0.00018310546875
63,0,80,3.436306953430176,3.4370875358581543,0.0007805824279785156
63,1,80,3.5646183490753174,3.564038038253784,-0.0005803108215332031
63,2,80,3.464973211288452,3.4653711318969727,0.0003979206085205078
63,3,80,3.033883571624756,3.034680128097534,0.0007965564727783203
63,4,80,2.868223190307617,2.8678760528564453,-0.000347137451171875
63,5,80,3.413604736328125,3.413227081298828,-0.000377655029296875
63,6,80,3.3630788326263428,3.363151788711548,7.295608520507812e-05
63,7,80,3.3646602630615234,3.3661410808563232,0.0014808177947998047
63,8,80,3.102139949798584,3.102928876876831,0.0007889270782470703
63,9,80,3.300018072128296,3.3004727363586426,0.0004546642303466797
63,10,80,3.5178091526031494,3.5192813873291016,0.0014722347259521484
63,11,80,3.2561490535736084,3.2568225860595703,0.0006735324859619141
63,12,80,3.4145240783691406,3.4152355194091797,0.0007114410400390625
63,13,80,3.880303144454956,3.8792803287506104,-0.0010228157043457031
63,14,80,3.653571128845215,3.6536567211151123,8.559226989746094e-05
63,15,80,3.5718157291412354,3.5711286067962646,-0.0006871223449707031
63,16,80,3.970200777053833,3.9700660705566406,-0.0001347064971923828
63,17,80,3.716688632965088,3.7149696350097656,-0.0017189979553222656
63,18,80,2.9036476612091064,2.9021105766296387,-0.0015370845794677734
63,19,80,2.512798547744751,2.512479543685913,-0.0003190040588378906
64,0,80,3.436306953430176,3.435891628265381,-0.0004153251647949219
64,1,80,3.5646183490753174,3.564608097076416,-1.0251998901367188e-05
64,2,80,3.464973211288452,3.465954303741455,0.0009810924530029297
64,3,80,3.033883571624756,3.032891273498535,-0.0009922981262207031
64,4,80,2.868223190307617,2.8681294918060303,-9.369850158691406e-05
64,5,80,3.413604736328125,3.4118053913116455,-0.0017993450164794922
64,6,80,3.3630788326263428,3.3622183799743652,-0.0008604526519775391
64,7,80,3.3646602630615234,3.364503860473633,-0.000156402587890625
64,8,80,3.102139949798584,3.101637125015259,-0.0005028247833251953
64,9,80,3.300018072128296,3.3004908561706543,0.00047278404235839844
64,10,80,3.5178091526031494,3.5168089866638184,-0.0010001659393310547
64,11,80,3.2561490535736084,3.2543787956237793,-0.0017702579498291016
64,12,80,3.4145240783691406,3.4142770767211914,-0.00024700164794921875
64,13,80,3.880303144454956,3.879981517791748,-0.0003216266632080078
64,14,80,3.653571128845215,3.6541926860809326,0.0006215572357177734
64,15,80,3.5718157291412354,3.5718555450439453,3.981590270996094e-05
64,16,80,3.970200777053833,3.9700474739074707,-0.0001533031463623047
64,17,80,3.716688632965088,3.7243406772613525,0.0076520442962646484
64,18,80,2.9036476612091064,2.9049384593963623,0.0012907981872558594
64,19,80,2.512798547744751,2.5119810104370117,-0.0008175373077392578
65,0,80,3.436306953430176,3.4361460208892822,-0.0001609325408935547
65,1,80,3.5646183490753174,3.565812826156616,0.0011944770812988281
65,2,80,3.464973211288452,3.466313362121582,0.0013401508331298828
65,3,80,3.033883571624756,3.0327444076538086,-0.0011391639709472656
65,4,80,2.868223190307617,2.8690786361694336,0.0008554458618164062
65,5,80,3.413604736328125,3.414503574371338,0.0008988380432128906
65,6,80,3.3630788326263428,3.3628923892974854,-0.00018644332885742188
65,7,80,3.3646602630615234,3.3680810928344727,0.0034208297729492188
65,8,80,3.102139949798584,3.1023662090301514,0.0002262592315673828
65,9,80,3.300018072128296,3.3007757663726807,0.0007576942443847656
65,10,80,3.5178091526031494,3.516545295715332,-0.0012638568878173828
65,11,80,3.2561490535736084,3.256099224090576,-4.982948303222656e-05
65,12,80,3.4145240783691406,3.4161534309387207,0.0016293525695800781
65,13,80,3.880303144454956,3.880376100540161,7.295608520507812e-05
65,14,80,3.653571128845215,3.653158664703369,-0.0004124641418457031
65,15,80,3.5718157291412354,3.572248697280884,0.0004329681396484375
65,16,80,3.970200777053833,3.96994686126709,-0.00025391578674316406
65,17,80,3.716688632965088,3.716548204421997,-0.0001404285430908203
65,18,80,2.9036476612091064,2.9034583568573,-0.00018930435180664062
65,19,80,2.512798547744751,2.5125324726104736,-0.00026607513427734375
66,0,80,3.436306953430176,3.4364359378814697,0.0001289844512939453
66,1,80,3.5646183490753174,3.564657688140869,3.933906555175781e-05
66,2,80,3.464973211288452,3.4645462036132812,-0.00042700767517089844
66,3,80,3.033883571624756,3.0303292274475098,-0.0035543441772460938
66,4,80,2.868223190307617,2.8681416511535645,-8.153915405273438e-05
66,5,80,3.413604736328125,3.413560628890991,-4.410743713378906e-05
66,6,80,3.3630788326263428,3.364668130874634,0.0015892982482910156
66,7,80,3.3646602630615234,3.3649139404296875,0.0002536773681640625
66,8,80,3.102139949798584,3.102391481399536,0.00025153160095214844
66,9,80,3.300018072128296,3.3003876209259033,0.0003695487976074219
66,10,80,3.5178091526031494,3.5163676738739014,-0.0014414787292480469
66,11,80,3.2561490535736084,3.256307363510132,0.0001583099365234375
66,12,80,3.4145240783691406,3.4144482612609863,-7.581710815429688e-05
66,13,80,3.880303144454956,3.8809337615966797,0.0006306171417236328
66,14,80,3.653571128845215,3.6535284519195557,-4.267692565917969e-05
66,15,80,3.5718157291412354,3.5716230869293213,-0.0001926422119140625
66,16,80,3.970200777053833,3.970505714416504,0.00030493736267089844
66,17,80,3.716688632965088,3.7197647094726562,0.0030760765075683594
66,18,80,2.9036476612091064,2.903963565826416,0.0003159046173095703
66,19,80,2.512798547744751,2.5120506286621094,-0.0007479190826416016
67,0,80,3.436306953430176,3.437390089035034,0.0010831356048583984
67,1,80,3.5646183490753174,3.5648341178894043,0.00021576881408691406
67,2,80,3.464973211288452,3.4651167392730713,0.00014352798461914062
67,3,80,3.033883571624756,3.035397529602051,0.0015139579772949219
67,4,80,2.868223190307617,2.8691189289093018,0.0008957386016845703
67,5,80,3.413604736328125,3.41296124458313,-0.0006434917449951172
67,6,80,3.3630788326263428,3.363135576248169,5.6743621826171875e-05
67,7,80,3.3646602630615234,3.365077495574951,0.0004172325134277344
67,8,80,3.102139949798584,3.102499485015869,0.00035953521728515625
67,9,80,3.300018072128296,3.298680543899536,-0.0013375282287597656
67,10,80,3.5178091526031494,3.518831968307495,0.0010228157043457031
67,11,80,3.2561490535736084,3.255481481552124,-0.000667572021484375
67,12,80,3.4145240783691406,3.414238452911377,-0.0002856254577636719
67,13,80,3.880303144454956,3.8799490928649902,-0.0003540515899658203
67,14,80,3.653571128845215,3.65375018119812,0.00017905235290527344
67,15,80,3.5718157291412354,3.5722296237945557,0.0004138946533203125
67,16,80,3.970200777053833,3.96933913230896,-0.0008616447448730469
67,17,80,3.716688632965088,3.7164254188537598,-0.000263214111328125
67,18,80,2.9036476612091064,2.9045753479003906,0.0009276866912841797
67,19,80,2.512798547744751,2.512951135635376,0.000152587890625
68,0,80,3.436306953430176,3.4359772205352783,-0.00032973289489746094
68,1,80,3.5646183490753174,3.5635712146759033,-0.0010471343994140625
68,2,80,3.464973211288452,3.464742422103882,-0.0002307891845703125
68,3,80,3.033883571624756,3.034285545349121,0.0004019737243652344
68,4,80,2.868223190307617,2.8685073852539062,0.0002841949462890625
68,5,80,3.413604736328125,3.4132168292999268,-0.0003879070281982422
68,6,80,3.3630788326263428,3.362647771835327,-0.000431060791015625
68,7,80,3.3646602630615234,3.3639509677886963,-0.0007092952728271484
68,8,80,3.102139949798584,3.104038715362549,0.0018987655639648438
68,9,80,3.300018072128296,3.300359010696411,0.0003409385681152344
68,10,80,3.5178091526031494,3.5186972618103027,0.0008881092071533203
68,11,80,3.2561490535736084,3.2564499378204346,0.0003008842468261719
68,12,80,3.4145240783691406,3.4151313304901123,0.0006072521209716797
68,13,80,3.880303144454956,3.8810062408447266,0.0007030963897705078
68,14,80,3.653571128845215,3.6532740592956543,-0.0002970695495605469
68,15,80,3.5718157291412354,3.571469306945801,-0.0003464221954345703
68,16,80,3.970200777053833,3.9710230827331543,0.0008223056793212891
68,17,80,3.716688632965088,3.716460943222046,-0.0002276897430419922
68,18,80,2.9036476612091064,2.9032890796661377,-0.00035858154296875
68,19,80,2.512798547744751,2.512145519256592,-0.0006530284881591797
69,0,80,3.436306953430176,3.4368033409118652,0.0004963874816894531
69,1,80,3.5646183490753174,3.565115213394165,0.0004968643188476562
69,2,80,3.464973211288452,3.4644558429718018,-0.0005173683166503906
69,3,80,3.033883571624756,3.0342507362365723,0.00036716461181640625
69,4,80,2.868223190307617,2.868687152862549,0.0004639625549316406
69,5,80,3.413604736328125,3.415127754211426,0.0015230178833007812
69,6,80,3.3630788326263428,3.3625876903533936,-0.0004911422729492188
69,7,80,3.3646602630615234,3.3642189502716064,-0.0004413127899169922
69,8,80,3.102139949798584,3.1023480892181396,0.00020813941955566406
69,9,80,3.300018072128296,3.3006997108459473,0.0006816387176513672
69,10,80,3.5178091526031494,3.518545150756836,0.0007359981536865234
69,11,80,3.2561490535736084,3.255307197570801,-0.0008418560028076172
69,12,80,3.4145240783691406,3.4152188301086426,0.0006947517395019531
69,13,80,3.880303144454956,3.8803725242614746,6.937980651855469e-05
69,14,80,3.653571128845215,3.652813196182251,-0.0007579326629638672
69,15,80,3.5718157291412354,3.5724029541015625,0.0005872249603271484
69,16,80,3.970200777053833,3.970365285873413,0.00016450881958007812
69,17,80,3.716688632965088,3.724153518676758,0.007464885711669922
69,18,80,2.9036476612091064,2.903318405151367,-0.0003292560577392578
69,19,80,2.512798547744751,2.5118563175201416,-0.000942230224609375
70,0,80,3.436306953430176,3.4354381561279297,-0.0008687973022460938
70,1,80,3.5646183490753174,3.563474655151367,-0.0011436939239501953
70,2,80,3.464973211288452,3.4651291370391846,0.00015592575073242188
70,3,80,3.033883571624756,3.035588264465332,0.0017046928405761719
70,4,80,2.868223190307617,2.8695807456970215,0.0013575553894042969
70,5,80,3.413604736328125,3.4142210483551025,0.0006163120269775391
70,6,80,3.3630788326263428,3.3628687858581543,-0.00021004676818847656
70,7,80,3.3646602630615234,3.3645174503326416,-0.00014281272888183594
70,8,80,3.102139949798584,3.102320432662964,0.0001804828643798828
70,9,80,3.300018072128296,3.299015522003174,-0.0010025501251220703
70,10,80,3.5178091526031494,3.517666816711426,-0.0001423358917236328
70,11,80,3.2561490535736084,3.256483316421509,0.0003342628479003906
70,12,80,3.4145240783691406,3.414862632751465,0.00033855438232421875
70,13,80,3.880303144454956,3.8801305294036865,-0.00017261505126953125
70,14,80,3.653571128845215,3.6540255546569824,0.0004544258117675781
70,15,80,3.5718157291412354,3.572087287902832,0.0002715587615966797
70,16,80,3.970200777053833,3.969595193862915,-0.0006055831909179688
70,17,80,3.716688632965088,3.7164487838745117,-0.00023984909057617188
70,18,80,2.9036476612091064,2.9040160179138184,0.00036835670471191406
70,19,80,2.512798547744751,2.511951208114624,-0.0008473396301269531
71,0,80,3.436306953430176,3.437565326690674,0.0012583732604980469
71,1,80,3.5646183490753174,3.5652809143066406,0.0006625652313232422
71,2,80,3.464973211288452,3.4649925231933594,1.9311904907226562e-05
71,3,80,3.033883571624756,3.034411668777466,0.0005280971527099609
71,4,80,2.868223190307617,2.8687474727630615,0.0005242824554443359
71,5,80,3.413604736328125,3.4140141010284424,0.0004093647003173828
71,6,80,3.3630788326263428,3.363084316253662,5.4836273193359375e-06
71,7,80,3.3646602630615234,3.363797664642334,-0.0008625984191894531
71,8,80,3.102139949798584,3.1039113998413086,0.0017714500427246094
71,9,80,3.300018072128296,3.2990782260894775,-0.0009398460388183594
71,10,80,3.5178091526031494,3.516861915588379,-0.0009472370147705078
71,11,80,3.2561490535736084,3.2563838958740234,0.00023484230041503906
71,12,80,3.4145240783691406,3.414595603942871,7.152557373046875e-05
71,13,80,3.880303144454956,3.8800570964813232,-0.0002460479736328125
71,14,80,3.653571128845215,3.6533219814300537,-0.0002491474151611328
71,15,80,3.5718157291412354,3.573437452316284,0.0016217231750488281
71,16,80,3.970200777053833,3.9698731899261475,-0.0003275871276855469
71,17,80,3.716688632965088,3.7172253131866455,0.0005366802215576172
71,18,80,2.9036476612091064,2.9028756618499756,-0.0007719993591308594
71,19,80,2.512798547744751,2.512345314025879,-0.0004532337188720703
72,0,80,3.436306953430176,3.436204195022583,-0.00010275840759277344
72,1,80,3.5646183490753174,3.563689947128296,-0.0009284019470214844
72,2,80,3.464973211288452,3.466695785522461,0.001722574234008789
72,3,80,3.033883571624756,3.032672643661499,-0.001210927963256836
72,4,80,2.868223190307617,2.867650270462036,-0.0005729198455810547
72,5,80,3.413604736328125,3.4137401580810547,0.0001354217529296875
72,6,80,3.3630788326263428,3.3627560138702393,-0.0003228187561035156
72,7,80,3.3646602630615234,3.3634395599365234,-0.001220703125
72,8,80,3.102139949798584,3.1008870601654053,-0.001252889633178711
72,9,80,3.300018072128296,3.30067777633667,0.0006597042083740234
72,10,80,3.5178091526031494,3.517934799194336,0.00012564659118652344
72,11,80,3.2561490535736084,3.25881028175354,0.0026612281799316406
72,12,80,3.4145240783691406,3.4147565364837646,0.00023245811462402344
72,13,80,3.880303144454956,3.880197048187256,-0.00010609626770019531
72,14,80,3.653571128845215,3.6537089347839355,0.00013780593872070312
72,15,80,3.5718157291412354,3.5722570419311523,0.0004413127899169922
72,16,80,3.970200777053833,3.970557689666748,0.00035691261291503906
72,17,80,3.716688632965088,3.716010570526123,-0.0006780624389648438
72,18,80,2.9036476612091064,2.9050521850585938,0.0014045238494873047
72,19,80,2.512798547744751,2.5155413150787354,0.002742767333984375
73,0,80,3.436306953430176,3.4375016689300537,0.0011947154998779297
73,1,80,3.5646183490753174,3.565638780593872,0.0010204315185546875
73,2,80,3.464973211288452,3.465158224105835,0.0001850128173828125
73,3,80,3.033883571624756,3.0331459045410156,-0.0007376670837402344
73,4,80,2.868223190307617,2.870108127593994,0.0018849372863769531
73,5,80,3.413604736328125,3.4145824909210205,0.0009777545928955078
73,6,80,3.3630788326263428,3.3633296489715576,0.00025081634521484375
73,7,80,3.3646602630615234,3.3644330501556396,-0.00022721290588378906
73,8,80,3.102139949798584,3.102667808532715,0.0005278587341308594
73,9,80,3.300018072128296,3.3004226684570312,0.00040459632873535156
73,10,80,3.5178091526031494,3.518078565597534,0.0002694129943847656
73,11,80,3.2561490535736084,3.2557599544525146,-0.00038909912109375
73,12,80,3.4145240783691406,3.415125846862793,0.0006017684936523438
73,13,80,3.880303144454956,3.880849599838257,0.0005464553833007812
73,14,80,3.653571128845215,3.6536355018615723,6.437301635742188e-05
73,15,80,3.5718157291412354,3.571636915206909,-0.00017881393432617188
73,16,80,3.970200777053833,3.9692208766937256,-0.0009799003601074219
73,17,80,3.716688632965088,3.716886043548584,0.00019741058349609375
73,18,80,2.9036476612091064,2.903610944747925,-3.6716461181640625e-05
73,19,80,2.512798547744751,2.514265775680542,0.0014672279357910156
74,0,80,3.436306953430176,3.437380313873291,0.0010733604431152344
74,1,80,3.5646183490753174,3.564103364944458,-0.000514984130859375
74,2,80,3.464973211288452,3.4639971256256104,-0.0009760856628417969
74,3,80,3.033883571624756,3.0335190296173096,-0.00036454200744628906
74,4,80,2.868223190307617,2.8673789501190186,-0.0008442401885986328
74,5,80,3.413604736328125,3.4132680892944336,-0.00033664703369140625
74,6,80,3.3630788326263428,3.3642895221710205,0.0012106895446777344
74,7,80,3.3646602630615234,3.364311695098877,-0.0003485679626464844
74,8,80,3.102139949798584,3.102768659591675,0.0006287097930908203
74,9,80,3.300018072128296,3.29990816116333,-0.00010991096496582031
74,10,80,3.5178091526031494,3.5177037715911865,-0.00010538101196289062
74,11,80,3.2561490535736084,3.255730628967285,-0.0004184246063232422
74,12,80,3.4145240783691406,3.414830207824707,0.00030612945556640625
74,13,80,3.880303144454956,3.8792600631713867,-0.001043081283569336
74,14,80,3.653571128845215,3.654118299484253,0.0005471706390380859
74,15,80,3.5718157291412354,3.5719797611236572,0.000164031982421875
74,16,80,3.970200777053833,3.9708240032196045,0.0006232261657714844
74,17,80,3.716688632965088,3.7162301540374756,-0.0004584789276123047
74,18,80,2.9036476612091064,2.904035806655884,0.00038814544677734375
74,19,80,2.512798547744751,2.512944459915161,0.00014591217041015625
75,0,80,3.436306953430176,3.4362356662750244,-7.128715515136719e-05
75,1,80,3.5646183490753174,3.5640323162078857,-0.0005860328674316406
75,2,80,3.464973211288452,3.464860200881958,-0.00011301040649414062
75,3,80,3.033883571624756,3.0348336696624756,0.0009500980377197266
75,4,80,2.868223190307617,2.867865800857544,-0.0003573894500732422
75,5,80,3.413604736328125,3.4134068489074707,-0.00019788742065429688
75,6,80,3.3630788326263428,3.3630173206329346,-6.151199340820312e-05
75,7,80,3.3646602630615234,3.3640265464782715,-0.0006337165832519531
75,8,80,3.102139949798584,3.1016855239868164,-0.0004544258117675781
75,9,80,3.300018072128296,3.2994906902313232,-0.0005273818969726562
75,10,80,3.5178091526031494,3.517871856689453,6.270408630371094e-05
75,11,80,3.2561490535736084,3.255690097808838,-0.0004589557647705078
75,12,80,3.4145240783691406,3.415769338607788,0.001245260238647461
75,13,80,3.880303144454956,3.880922317504883,0.0006191730499267578
75,14,80,3.653571128845215,3.6543824672698975,0.0008113384246826172
75,15,80,3.5718157291412354,3.571253776550293,-0.0005619525909423828
75,16,80,3.970200777053833,3.96838641166687,-0.0018143653869628906
75,17,80,3.716688632965088,3.715860366821289,-0.0008282661437988281
75,18,80,2.9036476612091064,2.9038400650024414,0.00019240379333496094
75,19,80,2.512798547744751,2.5106101036071777,-0.002188444137573242
76,0,80,3.436306953430176,3.4355626106262207,-0.0007443428039550781
76,1,80,3.5646183490753174,3.564666748046875,4.839897155761719e-05
76,2,80,3.464973211288452,3.465501070022583,0.0005278587341308594
76,3,80,3.033883571624756,3.0345709323883057,0.0006873607635498047
76,4,80,2.868223190307617,2.8674323558807373,-0.0007908344268798828
76,5,80,3.413604736328125,3.4155473709106445,0.0019426345825195312
76,6,80,3.3630788326263428,3.3636281490325928,0.00054931640625
76,7,80,3.3646602630615234,3.365628480911255,0.0009682178497314453
76,8,80,3.102139949798584,3.1032235622406006,0.0010836124420166016
76,9,80,3.300018072128296,3.2999067306518555,-0.00011134147644042969
76,10,80,3.5178091526031494,3.5186607837677,0.0008516311645507812
76,11,80,3.2561490535736084,3.255359649658203,-0.0007894039154052734
76,12,80,3.4145240783691406,3.415127992630005,0.0006039142608642578
76,13,80,3.880303144454956,3.8804030418395996,9.989738464355469e-05
76,14,80,3.653571128845215,3.653069019317627,-0.0005021095275878906
76,15,80,3.5718157291412354,3.571563959121704,-0.00025177001953125
76,16,80,3.970200777053833,3.9693493843078613,-0.0008513927459716797
76,17,80,3.716688632965088,3.7157084941864014,-0.0009801387786865234
76,18,80,2.9036476612091064,2.9026741981506348,-0.0009734630584716797
76,19,80,2.512798547744751,2.512338399887085,-0.0004601478576660156
77,0,80,3.436306953430176,3.4356045722961426,-0.0007023811340332031
77,1,80,3.5646183490753174,3.5641074180603027,-0.0005109310150146484
77,2,80,3.464973211288452,3.465498685836792,0.0005254745483398438
77,3,80,3.033883571624756,3.0342345237731934,0.0003509521484375
77,4,80,2.868223190307617,2.8677594661712646,-0.00046372413635253906
77,5,80,3.413604736328125,3.4140427112579346,0.0004379749298095703
77,6,80,3.3630788326263428,3.3618838787078857,-0.0011949539184570312
77,7,80,3.3646602630615234,3.364436149597168,-0.00022411346435546875
77,8,80,3.102139949798584,3.102217674255371,7.772445678710938e-05
77,9,80,3.300018072128296,3.299801826477051,-0.0002162456512451172
77,10,80,3.5178091526031494,3.517892837524414,8.368492126464844e-05
77,11,80,3.2561490535736084,3.255075216293335,-0.0010738372802734375
77,12,80,3.4145240783691406,3.414398670196533,-0.00012540817260742188
77,13,80,3.880303144454956,3.8796939849853516,-0.0006091594696044922
77,14,80,3.653571128845215,3.652397632598877,-0.0011734962463378906
77,15,80,3.5718157291412354,3.5714497566223145,-0.00036597251892089844
77,16,80,3.970200777053833,3.9707512855529785,0.0005505084991455078
77,17,80,3.716688632965088,3.715012788772583,-0.0016758441925048828
77,18,80,2.9036476612091064,2.9029464721679688,-0.0007011890411376953
77,19,80,2.512798547744751,2.514021873474121,0.0012233257293701172
78,0,80,3.436306953430176,3.4363181591033936,1.1205673217773438e-05
78,1,80,3.5646183490753174,3.564197301864624,-0.0004210472106933594
78,2,80,3.464973211288452,3.4641079902648926,-0.0008652210235595703
78,3,80,3.033883571624756,3.0340309143066406,0.00014734268188476562
78,4,80,2.868223190307617,2.868098258972168,-0.00012493133544921875
78,5,80,3.413604736328125,3.4131999015808105,-0.0004048347473144531
78,6,80,3.3630788326263428,3.3617498874664307,-0.0013289451599121094
78,7,80,3.3646602630615234,3.363992214202881,-0.0006680488586425781
78,8,80,3.102139949798584,3.101331949234009,-0.0008080005645751953
78,9,80,3.300018072128296,3.3014447689056396,0.00142669677734375
78,10,80,3.5178091526031494,3.518350124359131,0.0005409717559814453
78,11,80,3.2561490535736084,3.2541654109954834,-0.001983642578125
78,12,80,3.4145240783691406,3.4152252674102783,0.0007011890411376953
78,13,80,3.880303144454956,3.881091356277466,0.0007882118225097656
78,14,80,3.653571128845215,3.6533055305480957,-0.0002655982971191406
78,15,80,3.5718157291412354,3.571945905685425,0.00013017654418945312
78,16,80,3.970200777053833,3.9707183837890625,0.0005176067352294922
78,17,80,3.716688632965088,3.7153732776641846,-0.0013153553009033203
78,18,80,2.9036476612091064,2.905837297439575,0.00218963623046875
78,19,80,2.512798547744751,2.512716054916382,-8.249282836914062e-05
79,0,80,3.436306953430176,3.4357922077178955,-0.0005147457122802734
79,1,80,3.5646183490753174,3.5648069381713867,0.00018858909606933594
79,2,80,3.464973211288452,3.4650869369506836,0.00011372566223144531
79,3,80,3.033883571624756,3.033129930496216,-0.0007536411285400391
79,4,80,2.868223190307617,2.8682265281677246,3.337860107421875e-06
79,5,80,3.413604736328125,3.414656639099121,0.0010519027709960938
79,6,80,3.3630788326263428,3.363301992416382,0.0002231597900390625
79,7,80,3.3646602630615234,3.364474296569824,-0.00018596649169921875
79,8,80,3.102139949798584,3.103384017944336,0.0012440681457519531
79,9,80,3.300018072128296,3.3013126850128174,0.0012946128845214844
79,10,80,3.5178091526031494,3.5187761783599854,0.0009670257568359375
79,11,80,3.2561490535736084,3.256326675415039,0.00017762184143066406
79,12,80,3.4145240783691406,3.4143049716949463,-0.00021910667419433594
79,13,80,3.880303144454956,3.879830837249756,-0.0004723072052001953
79,14,80,3.653571128845215,3.6535356044769287,-3.552436828613281e-05
79,15,80,3.5718157291412354,3.5723252296447754,0.0005095005035400391
79,16,80,3.970200777053833,3.970108985900879,-9.179115295410156e-05
79,17,80,3.716688632965088,3.7194385528564453,0.002749919891357422
79,18,80,2.9036476612091064,2.9083893299102783,0.004741668701171875
79,19,80,2.512798547744751,2.514631509780884,0.0018329620361328125
80,0,80,3.436306953430176,3.437234878540039,0.0009279251098632812
80,1,80,3.5646183490753174,3.564223289489746,-0.00039505958557128906
80,2,80,3.464973211288452,3.4656426906585693,0.0006694793701171875
80,3,80,3.033883571624756,3.0345447063446045,0.0006611347198486328
80,4,80,2.868223190307617,2.868229627609253,6.4373016357421875e-06
80,5,80,3.413604736328125,3.413271188735962,-0.00033354759216308594
80,6,80,3.3630788326263428,3.3639230728149414,0.0008442401885986328
80,7,80,3.3646602630615234,3.364422559738159,-0.0002377033233642578
80,8,80,3.102139949798584,3.1020023822784424,-0.00013756752014160156
80,9,80,3.300018072128296,3.2995359897613525,-0.0004820823669433594
80,10,80,3.5178091526031494,3.518556833267212,0.0007476806640625
80,11,80,3.2561490535736084,3.2560830116271973,-6.604194641113281e-05
80,12,80,3.4145240783691406,3.4150123596191406,0.00048828125
80,13,80,3.880303144454956,3.880420684814453,0.00011754035949707031
80,14,80,3.653571128845215,3.6540510654449463,0.0004799365997314453
80,15,80,3.5718157291412354,3.5724055767059326,0.0005898475646972656
80,16,80,3.970200777053833,3.969228744506836,-0.0009720325469970703
80,17,80,3.716688632965088,3.7194199562072754,0.0027313232421875
80,18,80,2.9036476612091064,2.903533935546875,-0.00011372566223144531
80,19,80,2.512798547744751,2.511889696121216,-0.0009088516235351562
81,0,80,3.436306953430176,3.437251329421997,0.0009443759918212891
81,1,80,3.5646183490753174,3.5631277561187744,-0.0014905929565429688
81,2,80,3.464973211288452,3.4652695655822754,0.0002963542938232422
81,3,80,3.033883571624756,3.0352745056152344,0.0013909339904785156
81,4,80,2.868223190307617,2.8685190677642822,0.00029587745666503906
81,5,80,3.413604736328125,3.4146571159362793,0.0010523796081542969
81,6,80,3.3630788326263428,3.3638291358947754,0.0007503032684326172
81,7,80,3.3646602630615234,3.365204334259033,0.0005440711975097656
81,8,80,3.102139949798584,3.100889205932617,-0.0012507438659667969
81,9,80,3.300018072128296,3.30092453956604,0.0009064674377441406
81,10,80,3.5178091526031494,3.5186359882354736,0.0008268356323242188
81,11,80,3.2561490535736084,3.2563061714172363,0.0001571178436279297
81,12,80,3.4145240783691406,3.414978504180908,0.0004544258117675781
81,13,80,3.880303144454956,3.880319595336914,1.6450881958007812e-05
81,14,80,3.653571128845215,3.6537370681762695,0.0001659393310546875
81,15,80,3.5718157291412354,3.570371627807617,-0.001444101333618164
81,16,80,3.970200777053833,3.9700753688812256,-0.00012540817260742188
81,17,80,3.716688632965088,3.7164700031280518,-0.0002186298370361328
81,18,80,2.9036476612091064,2.904270648956299,0.0006229877471923828
81,19,80,2.512798547744751,2.5123820304870605,-0.0004165172576904297
82,0,80,3.436306953430176,3.43514084815979,-0.0011661052703857422
82,1,80,3.5646183490753174,3.565819263458252,0.0012009143829345703
82,2,80,3.464973211288452,3.4640908241271973,-0.0008823871612548828
82,3,80,3.033883571624756,3.032820463180542,-0.0010631084442138672
82,4,80,2.868223190307617,2.8677539825439453,-0.000469207763671875
82,5,80,3.413604736328125,3.4138309955596924,0.0002262592315673828
82,6,80,3.3630788326263428,3.3637471199035645,0.0006682872772216797
82,7,80,3.3646602630615234,3.3645083904266357,-0.0001518726348876953
82,8,80,3.102139949798584,3.1022865772247314,0.00014662742614746094
82,9,80,3.300018072128296,3.3012731075286865,0.001255035400390625
82,10,80,3.5178091526031494,3.5189857482910156,0.001176595687866211
82,11,80,3.2561490535736084,3.25565767288208,-0.0004913806915283203
82,12,80,3.4145240783691406,3.41435170173645,-0.0001723766326904297
82,13,80,3.880303144454956,3.880692481994629,0.00038933753967285156
82,14,80,3.653571128845215,3.652879238128662,-0.0006918907165527344
82,15,80,3.5718157291412354,3.572369337081909,0.0005536079406738281
82,16,80,3.970200777053833,3.970823287963867,0.0006225109100341797
82,17,80,3.716688632965088,3.7190680503845215,0.0023794174194335938
82,18,80,2.9036476612091064,2.908114433288574,0.0044667720794677734
82,19,80,2.512798547744751,2.51566743850708,0.0028688907623291016
83,0,80,3.436306953430176,3.4357616901397705,-0.0005452632904052734
83,1,80,3.5646183490753174,3.565824270248413,0.0012059211730957031
83,2,80,3.464973211288452,3.465243339538574,0.0002701282501220703
83,3,80,3.033883571624756,3.032613515853882,-0.0012700557708740234
83,4,80,2.868223190307617,2.868461847305298,0.00023865699768066406
83,5,80,3.413604736328125,3.413078546524048,-0.0005261898040771484
83,6,80,3.3630788326263428,3.3631558418273926,7.700920104980469e-05
83,7,80,3.3646602630615234,3.364325761795044,-0.0003345012664794922
83,8,80,3.102139949798584,3.1017086505889893,-0.00043129920959472656
83,9,80,3.300018072128296,3.2998459339141846,-0.00017213821411132812
83,10,80,3.5178091526031494,3.5181524753570557,0.00034332275390625
83,11,80,3.2561490535736084,3.255446672439575,-0.0007023811340332031
83,12,80,3.4145240783691406,3.413881540298462,-0.0006425380706787109
83,13,80,3.880303144454956,3.8818933963775635,0.0015902519226074219
83,14,80,3.653571128845215,3.6549599170684814,0.0013887882232666016
83,15,80,3.5718157291412354,3.5707263946533203,-0.001089334487915039
83,16,80,3.970200777053833,3.9700891971588135,-0.00011157989501953125
83,17,80,3.716688632965088,3.7169597148895264,0.00027108192443847656
83,18,80,2.9036476612091064,2.9028048515319824,-0.0008428096771240234
83,19,80,2.512798547744751,2.5115549564361572,-0.00124359130859375
84,0,80,3.436306953430176,3.4359142780303955,-0.00039267539978027344
84,1,80,3.5646183490753174,3.563812255859375,-0.0008060932159423828
84,2,80,3.464973211288452,3.465651035308838,0.0006778240203857422
84,3,80,3.033883571624756,3.0328829288482666,-0.0010006427764892578
84,4,80,2.868223190307617,2.867849349975586,-0.00037384033203125
84,5,80,3.413604736328125,3.4126784801483154,-0.0009262561798095703
84,6,80,3.3630788326263428,3.363896131515503,0.0008172988891601562
84,7,80,3.3646602630615234,3.364638090133667,-2.2172927856445312e-05
84,8,80,3.102139949798584,3.102128744125366,-1.1205673217773438e-05
84,9,80,3.300018072128296,3.299633026123047,-0.00038504600524902344
84,10,80,3.5178091526031494,3.5168814659118652,-0.0009276866912841797
84,11,80,3.2561490535736084,3.2571520805358887,0.0010030269622802734
84,12,80,3.4145240783691406,3.4134459495544434,-0.0010781288146972656
84,13,80,3.880303144454956,3.879451274871826,-0.0008518695831298828
84,14,80,3.653571128845215,3.6538593769073486,0.00028824806213378906
84,15,80,3.5718157291412354,3.5704586505889893,-0.0013570785522460938
84,16,80,3.970200777053833,3.969149351119995,-0.0010514259338378906
84,17,80,3.716688632965088,3.718529462814331,0.001840829849243164
84,18,80,2.9036476612091064,2.9028427600860596,-0.000804901123046875
84,19,80,2.512798547744751,2.5130796432495117,0.0002810955047607422
85,0,80,3.436306953430176,3.4374067783355713,0.0010998249053955078
85,1,80,3.5646183490753174,3.5636494159698486,-0.00096893310546875
85,2,80,3.464973211288452,3.465339183807373,0.00036597251892089844
85,3,80,3.033883571624756,3.0327653884887695,-0.0011181831359863281
85,4,80,2.868223190307617,2.869133234024048,0.0009100437164306641
85,5,80,3.413604736328125,3.4144279956817627,0.0008232593536376953
85,6,80,3.3630788326263428,3.3635482788085938,0.00046944618225097656
85,7,80,3.3646602630615234,3.3631842136383057,-0.0014760494232177734
85,8,80,3.102139949798584,3.102294921875,0.00015497207641601562
85,9,80,3.300018072128296,3.3002610206604004,0.0002429485321044922
85,10,80,3.5178091526031494,3.5174057483673096,-0.00040340423583984375
85,11,80,3.2561490535736084,3.256133556365967,-1.5497207641601562e-05
85,12,80,3.4145240783691406,3.4145936965942383,6.961822509765625e-05
85,13,80,3.880303144454956,3.879511594772339,-0.0007915496826171875
85,14,80,3.653571128845215,3.654738664627075,0.0011675357818603516
85,15,80,3.5718157291412354,3.5732882022857666,0.00147247314453125
85,16,80,3.970200777053833,3.97064471244812,0.0004439353942871094
85,17,80,3.716688632965088,3.7166409492492676,-4.76837158203125e-05
85,18,80,2.9036476612091064,2.903223752975464,-0.0004239082336425781
85,19,80,2.512798547744751,2.511343479156494,-0.001455068588256836
86,0,80,3.436306953430176,3.437305450439453,0.0009984970092773438
86,1,80,3.5646183490753174,3.565309524536133,0.0006911754608154297
86,2,80,3.464973211288452,3.4655306339263916,0.0005574226379394531
86,3,80,3.033883571624756,3.032463788986206,-0.0014197826385498047
86,4,80,2.868223190307617,2.8689768314361572,0.0007536411285400391
86,5,80,3.413604736328125,3.4144256114959717,0.0008208751678466797
86,6,80,3.3630788326263428,3.362638473510742,-0.00044035911560058594
86,7,80,3.3646602630615234,3.364109992980957,-0.0005502700805664062
86,8,80,3.102139949798584,3.1009981632232666,-0.0011417865753173828
86,9,80,3.300018072128296,3.299746513366699,-0.0002715587615966797
86,10,80,3.5178091526031494,3.516669511795044,-0.0011396408081054688
86,11,80,3.2561490535736084,3.256624460220337,0.0004754066467285156
86,12,80,3.4145240783691406,3.414322853088379,-0.00020122528076171875
86,13,80,3.880303144454956,3.879075050354004,-0.0012280941009521484
86,14,80,3.653571128845215,3.65291166305542,-0.0006594657897949219
86,15,80,3.5718157291412354,3.570847988128662,-0.0009677410125732422
86,16,80,3.970200777053833,3.9699349403381348,-0.0002658367156982422
86,17,80,3.716688632965088,3.715492010116577,-0.0011966228485107422
86,18,80,2.9036476612091064,2.903737783432007,9.012222290039062e-05
86,19,80,2.512798547744751,2.5129523277282715,0.0001537799835205078
87,0,80,3.436306953430176,3.4368417263031006,0.0005347728729248047
87,1,80,3.5646183490753174,3.5655624866485596,0.0009441375732421875
87,2,80,3.464973211288452,3.465414524078369,0.0004413127899169922
87,3,80,3.033883571624756,3.0335118770599365,-0.00037169456481933594
87,4,80,2.868223190307617,2.868717670440674,0.0004944801330566406
87,5,80,3.413604736328125,3.4150891304016113,0.0014843940734863281
87,6,80,3.3630788326263428,3.3629655838012695,-0.00011324882507324219
87,7,80,3.3646602630615234,3.365020275115967,0.0003600120544433594
87,8,80,3.102139949798584,3.1022675037384033,0.00012755393981933594
87,9,80,3.300018072128296,3.2998921871185303,-0.000125885009765625
87,10,80,3.5178091526031494,3.518301248550415,0.000492095947265625
87,11,80,3.2561490535736084,3.2575879096984863,0.0014388561248779297
87,12,80,3.4145240783691406,3.4149694442749023,0.00044536590576171875
87,13,80,3.880303144454956,3.8803775310516357,7.43865966796875e-05
87,14,80,3.653571128845215,3.6529533863067627,-0.0006177425384521484
87,15,80,3.5718157291412354,3.5718882083892822,7.2479248046875e-05
87,16,80,3.970200777053833,3.969722032546997,-0.0004787445068359375
87,17,80,3.716688632965088,3.7220892906188965,0.005400657653808594
87,18,80,2.9036476612091064,2.9037303924560547,8.273124694824219e-05
87,19,80,2.512798547744751,2.513580322265625,0.0007817745208740234
88,0,80,3.436306953430176,3.4361298084259033,-0.00017714500427246094
88,1,80,3.5646183490753174,3.564608573913574,-9.775161743164062e-06
88,2,80,3.464973211288452,3.4651999473571777,0.00022673606872558594
88,3,80,3.033883571624756,3.0341408252716064,0.00025725364685058594
88,4,80,2.868223190307617,2.868577480316162,0.0003542900085449219
88,5,80,3.413604736328125,3.4142463207244873,0.0006415843963623047
88,6,80,3.3630788326263428,3.3631317615509033,5.2928924560546875e-05
88,7,80,3.3646602630615234,3.3640973567962646,-0.0005629062652587891
88,8,80,3.102139949798584,3.101870059967041,-0.00026988983154296875
88,9,80,3.300018072128296,3.300046682357788,2.86102294921875e-05
88,10,80,3.5178091526031494,3.5180468559265137,0.0002377033233642578
88,11,80,3.2561490535736084,3.256326675415039,0.00017762184143066406
88,12,80,3.4145240783691406,3.4145827293395996,5.8650970458984375e-05
88,13,80,3.880303144454956,3.880380153656006,7.700920104980469e-05
88,14,80,3.653571128845215,3.654205322265625,0.0006341934204101562
88,15,80,3.5718157291412354,3.5723705291748047,0.0005548000335693359
88,16,80,3.970200777053833,3.968904733657837,-0.0012960433959960938
88,17,80,3.716688632965088,3.715895175933838,-0.00079345703125
88,18,80,2.9036476612091064,2.9042577743530273,0.0006101131439208984
88,19,80,2.512798547744751,2.5118536949157715,-0.0009448528289794922
89,0,80,3.436306953430176,3.437069892883301,0.000762939453125
89,1,80,3.5646183490753174,3.565286874771118,0.0006685256958007812
89,2,80,3.464973211288452,3.466355562210083,0.0013823509216308594
89,3,80,3.033883571624756,3.0331473350524902,-0.000736236572265625
89,4,80,2.868223190307617,2.868011713027954,-0.00021147727966308594
89,5,80,3.413604736328125,3.413736581802368,0.00013184547424316406
89,6,80,3.3630788326263428,3.364064931869507,0.0009860992431640625
89,7,80,3.3646602630615234,3.364572286605835,-8.797645568847656e-05
89,8,80,3.102139949798584,3.1036384105682373,0.0014984607696533203
89,9,80,3.300018072128296,3.300548553466797,0.0005304813385009766
89,10,80,3.5178091526031494,3.518045425415039,0.00023627281188964844
89,11,80,3.2561490535736084,3.2561795711517334,3.0517578125e-05
89,12,80,3.4145240783691406,3.4143118858337402,-0.00021219253540039062
89,13,80,3.880303144454956,3.8815560340881348,0.001252889633178711
89,14,80,3.653571128845215,3.6547179222106934,0.0011467933654785156
89,15,80,3.5718157291412354,3.5718092918395996,-6.4373016357421875e-06
89,16,80,3.970200777053833,3.9708011150360107,0.0006003379821777344
89,17,80,3.716688632965088,3.716968059539795,0.00027942657470703125
89,18,80,2.9036476612091064,2.9037516117095947,0.00010395050048828125
89,19,80,2.512798547744751,2.512988567352295,0.0001900196075439453
90,0,80,3.436306953430176,3.435950517654419,-0.00035643577575683594
90,1,80,3.5646183490753174,3.5633819103240967,-0.0012364387512207031
90,2,80,3.464973211288452,3.464722156524658,-0.0002510547637939453
90,3,80,3.033883571624756,3.0320699214935303,-0.001813650131225586
90,4,80,2.868223190307617,2.8678250312805176,-0.0003981590270996094
90,5,80,3.413604736328125,3.4123494625091553,-0.0012552738189697266
90,6,80,3.3630788326263428,3.3623571395874023,-0.0007216930389404297
90,7,80,3.3646602630615234,3.3649868965148926,0.0003266334533691406
90,8,80,3.102139949798584,3.101057291030884,-0.0010826587677001953
90,9,80,3.300018072128296,3.299729585647583,-0.0002884864807128906
90,10,80,3.5178091526031494,3.518228530883789,0.00041937828063964844
90,11,80,3.2561490535736084,3.254699945449829,-0.0014491081237792969
90,12,80,3.4145240783691406,3.414238691329956,-0.0002853870391845703
90,13,80,3.880303144454956,3.881467819213867,0.0011646747589111328
90,14,80,3.653571128845215,3.6532514095306396,-0.0003197193145751953
90,15,80,3.5718157291412354,3.57092547416687,-0.0008902549743652344
90,16,80,3.970200777053833,3.9703238010406494,0.00012302398681640625
90,17,80,3.716688632965088,3.716434955596924,-0.0002536773681640625
90,18,80,2.9036476612091064,2.903425455093384,-0.00022220611572265625
90,19,80,2.512798547744751,2.5132477283477783,0.00044918060302734375
91,0,80,3.436306953430176,3.4357335567474365,-0.0005733966827392578
91,1,80,3.5646183490753174,3.5646002292633057,-1.811981201171875e-05
91,2,80,3.464973211288452,3.4658455848693848,0.0008723735809326172
91,3,80,3.033883571624756,3.033674955368042,-0.0002086162567138672
91,4,80,2.868223190307617,2.867990732192993,-0.00023245811462402344
91,5,80,3.413604736328125,3.4139270782470703,0.0003223419189453125
91,6,80,3.3630788326263428,3.3635306358337402,0.00045180320739746094
91,7,80,3.3646602630615234,3.362805128097534,-0.0018551349639892578
91,8,80,3.102139949798584,3.1015005111694336,-0.0006394386291503906
91,9,80,3.300018072128296,3.3014373779296875,0.0014193058013916016
91,10,80,3.5178091526031494,3.5172181129455566,-0.0005910396575927734
91,11,80,3.2561490535736084,3.2564966678619385,0.0003476142883300781
91,12,80,3.4145240783691406,3.4144768714904785,-4.7206878662109375e-05
91,13,80,3.880303144454956,3.882375717163086,0.002072572708129883
91,14,80,3.653571128845215,3.654770851135254,0.0011997222900390625
91,15,80,3.5718157291412354,3.57082462310791,-0.0009911060333251953
91,16,80,3.970200777053833,3.970115900039673,-8.487701416015625e-05
91,17,80,3.716688632965088,3.7170164585113525,0.00032782554626464844
91,18,80,2.9036476612091064,2.903019905090332,-0.0006277561187744141
91,19,80,2.512798547744751,2.5117313861846924,-0.0010671615600585938
92,0,80,3.436306953430176,3.4362030029296875,-0.00010395050048828125
92,1,80,3.5646183490753174,3.5647876262664795,0.00016927719116210938
92,2,80,3.464973211288452,3.4661195278167725,0.0011463165283203125
92,3,80,3.033883571624756,3.03466796875,0.0007843971252441406
92,4,80,2.868223190307617,2.868929862976074,0.0007066726684570312
92,5,80,3.413604736328125,3.414534091949463,0.0009293556213378906
92,6,80,3.3630788326263428,3.3645806312561035,0.0015017986297607422
92,7,80,3.3646602630615234,3.367669105529785,0.0030088424682617188
92,8,80,3.102139949798584,3.1022419929504395,0.00010204315185546875
92,9,80,3.300018072128296,3.3005857467651367,0.0005676746368408203
92,10,80,3.5178091526031494,3.5193629264831543,0.0015537738800048828
92,11,80,3.2561490535736084,3.2557525634765625,-0.00039649009704589844
92,12,80,3.4145240783691406,3.4146416187286377,0.00011754035949707031
92,13,80,3.880303144454956,3.881091356277466,0.0007882118225097656
92,14,80,3.653571128845215,3.6526288986206055,-0.000942230224609375
92,15,80,3.5718157291412354,3.573627233505249,0.0018115043640136719
92,16,80,3.970200777053833,3.971212387084961,0.0010116100311279297
92,17,80,3.716688632965088,3.7189455032348633,0.0022568702697753906
92,18,80,2.9036476612091064,2.9038572311401367,0.00020956993103027344
92,19,80,2.512798547744751,2.5127451419830322,-5.340576171875e-05
93,0,80,3.436306953430176,3.4368531703948975,0.0005462169647216797
93,1,80,3.5646183490753174,3.5639901161193848,-0.0006282329559326172
93,2,80,3.464973211288452,3.4646224975585938,-0.00035071372985839844
93,3,80,3.033883571624756,3.0342514514923096,0.00036787986755371094
93,4,80,2.868223190307617,2.868689775466919,0.0004665851593017578
93,5,80,3.413604736328125,3.412853717803955,-0.0007510185241699219
93,6,80,3.3630788326263428,3.3642845153808594,0.0012056827545166016
93,7,80,3.3646602630615234,3.3644638061523438,-0.0001964569091796875
93,8,80,3.102139949798584,3.102428436279297,0.0002884864807128906
93,9,80,3.300018072128296,3.2992842197418213,-0.0007338523864746094
93,10,80,3.5178091526031494,3.517503261566162,-0.0003058910369873047
93,11,80,3.2561490535736084,3.257718324661255,0.0015692710876464844
93,12,80,3.4145240783691406,3.4147331714630127,0.0002090930938720703
93,13,80,3.880303144454956,3.8803517818450928,4.863739013671875e-05
93,14,80,3.653571128845215,3.6527607440948486,-0.0008103847503662109
93,15,80,3.5718157291412354,3.5707719326019287,-0.0010437965393066406
93,16,80,3.970200777053833,3.970973253250122,0.0007724761962890625
93,17,80,3.716688632965088,3.7160136699676514,-0.0006749629974365234
93,18,80,2.9036476612091064,2.9031710624694824,-0.00047659873962402344
93,19,80,2.512798547744751,2.5134806632995605,0.0006821155548095703
94,0,80,3.436306953430176,3.4367730617523193,0.0004661083221435547
94,1,80,3.5646183490753174,3.5661065578460693,0.0014882087707519531
94,2,80,3.464973211288452,3.4647233486175537,-0.0002498626708984375
94,3,80,3.033883571624756,3.0336813926696777,-0.000202178955078125
94,4,80,2.868223190307617,2.86816143989563,-6.175041198730469e-05
94,5,80,3.413604736328125,3.4151806831359863,0.0015759468078613281
94,6,80,3.3630788326263428,3.3639132976531982,0.0008344650268554688
94,7,80,3.3646602630615234,3.364218235015869,-0.0004420280456542969
94,8,80,3.102139949798584,3.102938413619995,0.0007984638214111328
94,9,80,3.300018072128296,3.301929235458374,0.001911163330078125
94,10,80,3.5178091526031494,3.5190651416778564,0.0012559890747070312
94,11,80,3.2561490535736084,3.2554092407226562,-0.0007398128509521484
94,12,80,3.4145240783691406,3.413693428039551,-0.0008306503295898438
94,13,80,3.880303144454956,3.8791894912719727,-0.0011136531829833984
94,14,80,3.653571128845215,3.6535704135894775,-7.152557373046875e-07
94,15,80,3.5718157291412354,3.5723416805267334,0.0005259513854980469
94,16,80,3.970200777053833,3.9707260131835938,0.0005252361297607422
94,17,80,3.716688632965088,3.7159581184387207,-0.0007305145263671875
94,18,80,2.9036476612091064,2.904158115386963,0.0005104541778564453
94,19,80,2.512798547744751,2.5126495361328125,-0.00014901161193847656
95,0,80,3.436306953430176,3.436288356781006,-1.8596649169921875e-05
95,1,80,3.5646183490753174,3.563905715942383,-0.0007126331329345703
95,2,80,3.464973211288452,3.4648830890655518,-9.012222290039062e-05
95,3,80,3.033883571624756,3.0335092544555664,-0.0003743171691894531
95,4,80,2.868223190307617,2.8693244457244873,0.0011012554168701172
95,5,80,3.413604736328125,3.4157772064208984,0.0021724700927734375
95,6,80,3.3630788326263428,3.364318370819092,0.0012395381927490234
95,7,80,3.3646602630615234,3.365118980407715,0.00045871734619140625
95,8,80,3.102139949798584,3.1023969650268555,0.0002570152282714844
95,9,80,3.300018072128296,3.3001675605773926,0.0001494884490966797
95,10,80,3.5178091526031494,3.518699884414673,0.0008907318115234375
95,11,80,3.2561490535736084,3.2556304931640625,-0.0005185604095458984
95,12,80,3.4145240783691406,3.4142186641693115,-0.00030541419982910156
95,13,80,3.880303144454956,3.880500316619873,0.0001971721649169922
95,14,80,3.653571128845215,3.652472496032715,-0.0010986328125
95,15,80,3.5718157291412354,3.5719263553619385,0.000110626220703125
95,16,80,3.970200777053833,3.9703471660614014,0.00014638900756835938
95,17,80,3.716688632965088,3.7159810066223145,-0.0007076263427734375
95,18,80,2.9036476612091064,2.9040791988372803,0.0004315376281738281
95,19,80,2.512798547744751,2.5129239559173584,0.00012540817260742188
96,0,80,3.436306953430176,3.4357378482818604,-0.0005691051483154297
96,1,80,3.5646183490753174,3.564373016357422,-0.0002453327178955078
96,2,80,3.464973211288452,3.463209867477417,-0.0017633438110351562
96,3,80,3.033883571624756,3.035452365875244,0.0015687942504882812
96,4,80,2.868223190307617,2.8692967891693115,0.001073598861694336
96,5,80,3.413604736328125,3.414226531982422,0.000621795654296875
96,6,80,3.3630788326263428,3.3637030124664307,0.0006241798400878906
96,7,80,3.3646602630615234,3.3649237155914307,0.00026345252990722656
96,8,80,3.102139949798584,3.1017050743103027,-0.00043487548828125
96,9,80,3.300018072128296,3.301105499267578,0.0010874271392822266
96,10,80,3.5178091526031494,3.5181972980499268,0.00038814544677734375
96,11,80,3.2561490535736084,3.260552167892456,0.004403114318847656
96,12,80,3.4145240783691406,3.4147074222564697,0.00018334388732910156
96,13,80,3.880303144454956,3.8800008296966553,-0.00030231475830078125
96,14,80,3.653571128845215,3.6548991203308105,0.0013279914855957031
96,15,80,3.5718157291412354,3.572063684463501,0.000247955322265625
96,16,80,3.970200777053833,3.9695825576782227,-0.0006182193756103516
96,17,80,3.716688632965088,3.7171547412872314,0.0004661083221435547
96,18,80,2.9036476612091064,2.9030404090881348,-0.0006072521209716797
96,19,80,2.512798547744751,2.514103412628174,0.0013048648834228516
97,0,80,3.436306953430176,3.43700909614563,0.0007021427154541016
97,1,80,3.5646183490753174,3.5650975704193115,0.0004792213439941406
97,2,80,3.464973211288452,3.465550661087036,0.0005774497985839844
97,3,80,3.033883571624756,3.032531499862671,-0.001352071762084961
97,4,80,2.868223190307617,2.8696541786193848,0.0014309883117675781
97,5,80,3.413604736328125,3.4141058921813965,0.0005011558532714844
97,6,80,3.3630788326263428,3.3642208576202393,0.0011420249938964844
97,7,80,3.3646602630615234,3.3652782440185547,0.00061798095703125
97,8,80,3.102139949798584,3.102619171142578,0.0004792213439941406
97,9,80,3.300018072128296,3.3006184101104736,0.0006003379821777344
97,10,80,3.5178091526031494,3.5175514221191406,-0.00025773048400878906
97,11,80,3.2561490535736084,3.2557618618011475,-0.0003871917724609375
97,12,80,3.4145240783691406,3.4152414798736572,0.0007174015045166016
97,13,80,3.880303144454956,3.8810226917266846,0.0007195472717285156
97,14,80,3.653571128845215,3.653937816619873,0.0003666877746582031
97,15,80,3.5718157291412354,3.573166608810425,0.0013508796691894531
97,16,80,3.970200777053833,3.969822645187378,-0.0003781318664550781
97,17,80,3.716688632965088,3.7185726165771484,0.0018839836120605469
97,18,80,2.9036476612091064,2.9039292335510254,0.0002815723419189453
97,19,80,2.512798547744751,2.512188196182251,-0.0006103515625
98,0,80,3.436306953430176,3.4352760314941406,-0.0010309219360351562
98,1,80,3.5646183490753174,3.5641181468963623,-0.0005002021789550781
98,2,80,3.464973211288452,3.4636456966400146,-0.0013275146484375
98,3,80,3.033883571624756,3.032708168029785,-0.0011754035949707031
98,4,80,2.868223190307617,2.8682525157928467,2.9325485229492188e-05
98,5,80,3.413604736328125,3.4134883880615234,-0.0001163482666015625
98,6,80,3.3630788326263428,3.3647401332855225,0.0016613006591796875
98,7,80,3.3646602630615234,3.365415096282959,0.0007548332214355469
98,8,80,3.102139949798584,3.102543830871582,0.0004038810729980469
98,9,80,3.300018072128296,3.301044464111328,0.0010263919830322266
98,10,80,3.5178091526031494,3.518812417984009,0.001003265380859375
98,11,80,3.2561490535736084,3.2544748783111572,-0.0016741752624511719
98,12,80,3.4145240783691406,3.4146554470062256,0.00013136863708496094
98,13,80,3.880303144454956,3.879241943359375,-0.0010612010955810547
98,14,80,3.653571128845215,3.654470682144165,0.0008995532989501953
98,15,80,3.5718157291412354,3.572129487991333,0.00031375885009765625
98,16,80,3.970200777053833,3.970045566558838,-0.0001552104949951172
98,17,80,3.716688632965088,3.714517593383789,-0.002171039581298828
98,18,80,2.9036476612091064,2.90461802482605,0.0009703636169433594
98,19,80,2.512798547744751,2.5127670764923096,-3.147125244140625e-05
99,0,80,3.436306953430176,3.436213254928589,-9.369850158691406e-05
99,1,80,3.5646183490753174,3.5644688606262207,-0.0001494884490966797
99,2,80,3.464973211288452,3.4656169414520264,0.0006437301635742188
99,3,80,3.033883571624756,3.0348803997039795,0.0009968280792236328
99,4,80,2.868223190307617,2.868443250656128,0.0002200603485107422
99,5,80,3.413604736328125,3.4143640995025635,0.0007593631744384766
99,6,80,3.3630788326263428,3.3623287677764893,-0.0007500648498535156
99,7,80,3.3646602630615234,3.3667032718658447,0.002043008804321289
99,8,80,3.102139949798584,3.103158712387085,0.0010187625885009766
99,9,80,3.300018072128296,3.3001699447631836,0.0001518726348876953
99,10,80,3.5178091526031494,3.5165390968322754,-0.0012700557708740234
99,11,80,3.2561490535736084,3.254927158355713,-0.0012218952178955078
99,12,80,3.4145240783691406,3.414433479309082,-9.059906005859375e-05
99,13,80,3.880303144454956,3.8795909881591797,-0.0007121562957763672
99,14,80,3.653571128845215,3.653458833694458,-0.00011229515075683594
99,15,80,3.5718157291412354,3.5721285343170166,0.00031280517578125
99,16,80,3.970200777053833,3.9694154262542725,-0.0007853507995605469
99,17,80,3.716688632965088,3.7166099548339844,-7.867813110351562e-05
99,18,80,2.9036476612091064,2.9031808376312256,-0.0004668235778808594
99,19,80,2.512798547744751,2.5145692825317383,0.0017707347869873047
