chain,step,loss,grad_norm,dist_to_wstar
0,1,1607.8739013671875,687.9913330078125,0.0
0,2,1525.1123046875,736.92578125,1.115472435951233
0,3,1654.5074462890625,706.9971313476562,1.5775338411331177
0,4,1546.2880859375,798.1912231445312,1.9321019649505615
0,5,1590.5264892578125,666.9247436523438,2.231055498123169
0,6,1712.289306640625,775.8165283203125,2.494288206100464
0,7,1627.732666015625,643.7890014648438,2.7321488857269287
0,8,1575.760498046875,685.6669921875,2.9513373374938965
0,9,1640.915771484375,684.9473876953125,3.155186653137207
0,10,1617.828125,694.6263427734375,3.3464393615722656
0,11,1625.442626953125,679.8131103515625,3.5275280475616455
0,12,1656.222412109375,669.6041259765625,3.6996710300445557
0,13,1625.9610595703125,672.04931640625,3.8641304969787598
0,14,1619.5419921875,657.7770385742188,4.022043704986572
0,15,1518.63916015625,762.8900146484375,4.173890113830566
0,16,1530.976318359375,705.3201904296875,4.320387363433838
0,17,1633.300537109375,802.9535522460938,4.462010383605957
0,18,1614.8046875,718.6002807617188,4.599353313446045
0,19,1621.768798828125,690.9542236328125,4.732896327972412
0,20,1522.9287109375,1135.530029296875,4.862573623657227
0,21,1637.9884033203125,681.1707153320312,4.988914489746094
0,22,1552.9459228515625,644.563720703125,5.1120805740356445
0,23,1591.19921875,604.0825805664062,5.232451438903809
0,24,1725.09765625,746.7275390625,5.350055694580078
0,25,1558.240966796875,642.4622802734375,5.464999198913574
0,26,1629.59814453125,664.4236450195312,5.577674388885498
0,27,1591.719482421875,779.3622436523438,5.68806266784668
0,28,1679.429443359375,790.4378662109375,5.7963433265686035
0,29,1562.524169921875,642.9805297851562,5.902585029602051
0,30,1630.815185546875,710.18310546875,6.00712776184082
0,31,1599.2037353515625,687.1748657226562,6.109906196594238
0,32,1573.229248046875,742.3287963867188,6.210877418518066
0,33,1498.306396484375,616.5354614257812,6.3101983070373535
0,34,1536.95703125,678.0350952148438,6.408043384552002
0,35,1525.5938720703125,711.9686279296875,6.504382133483887
0,36,1578.935791015625,686.4881591796875,6.599355220794678
0,37,1645.622802734375,716.0594482421875,6.692989826202393
0,38,1593.1441650390625,663.0604248046875,6.785215377807617
0,39,1588.31787109375,670.7561645507812,6.8761091232299805
0,40,1577.60205078125,686.8871459960938,6.96616792678833
0,41,1564.440185546875,743.2815551757812,7.054987907409668
0,42,1590.08203125,815.7020874023438,7.142731189727783
0,43,1691.068115234375,770.8234252929688,7.229123115539551
0,44,1542.448486328125,673.4595947265625,7.314479351043701
0,45,1611.6685791015625,631.9320678710938,7.398976802825928
0,46,1574.31396484375,702.765625,7.482375144958496
0,47,1546.35888671875,684.9808349609375,7.564984321594238
0,48,1661.6064453125,676.010009765625,7.646875381469727
0,49,1582.591064453125,732.6765747070312,7.727806568145752
0,50,1548.218017578125,654.4747924804688,7.8078107833862305
0,51,1653.223876953125,702.797607421875,7.887178421020508
0,52,1555.941650390625,649.376708984375,7.965543270111084
0,53,1593.28125,682.7955322265625,8.043418884277344
0,54,1708.60546875,657.8713989257812,8.120393753051758
0,55,1602.398193359375,674.5621948242188,8.196576118469238
0,56,1574.469970703125,812.4862060546875,8.272139549255371
0,57,1539.7960205078125,654.6879272460938,8.34710693359375
0,58,1637.745361328125,698.5296020507812,8.42141342163086
0,59,1494.975341796875,697.5208740234375,8.495173454284668
0,60,1611.79736328125,734.2173461914062,8.567937850952148
0,61,1563.788330078125,713.3330688476562,8.64007568359375
0,62,1548.77099609375,694.234130859375,8.711711883544922
0,63,1452.6766357421875,708.2861328125,8.782811164855957
0,64,1701.167724609375,820.527587890625,8.853489875793457
0,65,1559.1883544921875,655.4138793945312,8.923334121704102
0,66,1685.119384765625,700.842529296875,8.992812156677246
0,67,1497.6104736328125,723.8630981445312,9.061661720275879
0,68,1641.94091796875,704.7626342773438,9.13003158569336
0,69,1647.2623291015625,668.353515625,9.197792053222656
0,70,1713.1864013671875,683.2515258789062,9.265149116516113
0,71,1572.8203125,704.7853393554688,9.332155227661133
0,72,1557.4320068359375,639.6898193359375,9.398618698120117
0,73,1440.6827392578125,735.3660888671875,9.464598655700684
0,74,1486.43115234375,669.996337890625,9.530183792114258
0,75,1503.814697265625,639.4616088867188,9.595335006713867
0,76,1687.359619140625,650.4326171875,9.659968376159668
0,77,1625.530517578125,686.113037109375,9.724040031433105
0,78,1616.6121826171875,668.3850708007812,9.787660598754883
0,79,1571.11865234375,707.2845458984375,9.851078033447266
0,80,1583.1654052734375,669.260498046875,9.914213180541992
0,81,1554.8837890625,664.1011352539062,9.976717948913574
0,82,1606.00634765625,720.0993041992188,10.038936614990234
0,83,1557.0816650390625,668.4607543945312,10.100812911987305
0,84,1664.2333984375,756.5109252929688,10.162178039550781
0,85,1706.12646484375,691.8977661132812,10.223244667053223
0,86,1611.0841064453125,666.9596557617188,10.284062385559082
0,87,1621.421875,636.5882568359375,10.344300270080566
0,88,1580.7650146484375,740.50634765625,10.404243469238281
0,89,1573.6649169921875,651.2010498046875,10.46382999420166
0,90,1595.745849609375,757.5862426757812,10.523198127746582
0,91,1595.2880859375,662.4212646484375,10.582086563110352
0,92,1695.5750732421875,647.9493408203125,10.640753746032715
0,93,1634.251953125,802.5169677734375,10.698935508728027
0,94,1652.4290771484375,661.5863037109375,10.75705623626709
0,95,1596.274169921875,689.56982421875,10.814879417419434
0,96,1604.4888916015625,732.0173950195312,10.87239933013916
0,97,1589.821533203125,630.6024169921875,10.929476737976074
0,98,1533.9715576171875,671.0565795898438,10.986260414123535
0,99,1524.4833984375,699.2437744140625,11.04270076751709
0,100,1478.500732421875,718.33447265625,11.099019050598145
0,101,1682.482666015625,711.1273803710938,11.155132293701172
0,102,1432.503662109375,820.8303833007812,11.210708618164062
0,103,1563.93408203125,696.718994140625,11.266118049621582
0,104,1542.48583984375,677.4678344726562,11.32136344909668
0,105,1639.1689453125,695.7130737304688,11.376103401184082
0,106,1574.283935546875,657.9583740234375,11.430501937866211
0,107,1633.5335693359375,652.0674438476562,11.484743118286133
0,108,1605.864501953125,862.9480590820312,11.538606643676758
0,109,1593.7733154296875,675.1611328125,11.592369079589844
0,110,1639.8065185546875,794.6417236328125,11.645861625671387
0,111,1684.2275390625,687.3436889648438,11.699240684509277
0,112,1626.169677734375,864.5909423828125,11.752315521240234
0,113,1624.7867431640625,670.6621704101562,11.805015563964844
0,114,1581.26513671875,860.3322143554688,11.85755729675293
0,115,1672.791259765625,676.4453735351562,11.90989875793457
0,116,1555.695556640625,697.79833984375,11.962211608886719
0,117,1610.0830078125,714.9866943359375,12.014013290405273
0,118,1615.403564453125,669.0696411132812,12.065770149230957
0,119,1678.9530029296875,728.2930908203125,12.11715316772461
0,120,1669.849365234375,662.2158203125,12.168292045593262
0,121,1693.390380859375,762.1245727539062,12.219182014465332
0,122,1674.4197998046875,758.0233764648438,12.269963264465332
0,123,1676.0645751953125,684.2595825195312,12.320648193359375
0,124,1625.741455078125,682.22900390625,12.370932579040527
0,125,1500.37890625,747.0027465820312,12.421199798583984
0,126,1603.7236328125,661.5620727539062,12.471158981323242
0,127,1622.811279296875,682.3094482421875,12.520730018615723
0,128,1644.8720703125,738.6025390625,12.570286750793457
0,129,1610.1455078125,691.1236572265625,12.619769096374512
0,130,1549.3623046875,634.8511962890625,12.669113159179688
0,131,1679.1243896484375,788.9856567382812,12.718179702758789
0,132,1543.942626953125,665.2061767578125,12.766942024230957
0,133,1642.857177734375,764.3157348632812,12.815550804138184
0,134,1550.5721435546875,655.6404418945312,12.864029884338379
0,135,1598.5484619140625,686.4638061523438,12.912444114685059
0,136,1697.24853515625,663.90380859375,12.960503578186035
0,137,1606.3408203125,643.6511840820312,13.00837516784668
0,138,1651.5596923828125,644.347412109375,13.056070327758789
0,139,1583.6322021484375,693.5703735351562,13.10361099243164
0,140,1552.833984375,732.8008422851562,13.151082992553711
0,141,1621.991943359375,677.6847534179688,13.198267936706543
0,142,1611.624267578125,677.4105834960938,13.245391845703125
0,143,1556.223388671875,748.8582153320312,13.292179107666016
0,144,1604.3101806640625,638.0999145507812,13.339105606079102
0,145,1508.8450927734375,677.9417114257812,13.385624885559082
0,146,1652.7591552734375,653.2498779296875,13.431954383850098
0,147,1675.4107666015625,681.1246948242188,13.478248596191406
0,148,1641.097900390625,817.1609497070312,13.524402618408203
0,149,1609.371826171875,704.6148681640625,13.570273399353027
0,150,1623.403076171875,715.466552734375,13.61617660522461
0,151,1687.319091796875,803.8154907226562,13.661734580993652
0,152,1596.591552734375,673.4577026367188,13.707340240478516
0,153,1701.49853515625,722.0892944335938,13.752591133117676
0,154,1591.4422607421875,698.0172729492188,13.797694206237793
0,155,1531.1986083984375,761.1243286132812,13.8428316116333
0,156,1565.250244140625,671.3226318359375,13.887504577636719
0,157,1698.6732177734375,697.6967163085938,13.932130813598633
0,158,1628.376953125,727.9932861328125,13.976644515991211
0,159,1587.84326171875,851.7757568359375,14.021026611328125
0,160,1663.2476806640625,706.210693359375,14.065340995788574
0,161,1614.27978515625,699.9833984375,14.109325408935547
0,162,1564.393798828125,658.188232421875,14.153463363647461
0,163,1554.17578125,779.2676391601562,14.197165489196777
0,164,1529.894775390625,663.4718627929688,14.240997314453125
0,165,1649.0364990234375,771.5453491210938,14.2844877243042
0,166,1723.2662353515625,777.8989868164062,14.328048706054688
0,167,1618.3914794921875,688.22021484375,14.37117862701416
0,168,1583.1474609375,704.074462890625,14.414523124694824
0,169,1702.67724609375,701.7239990234375,14.45766544342041
0,170,1605.1859130859375,739.3547973632812,14.500617027282715
0,171,1727.006591796875,719.467041015625,14.543532371520996
0,172,1606.3138427734375,658.948974609375,14.586338996887207
0,173,1673.4801025390625,685.6194458007812,14.628934860229492
0,174,1613.4036865234375,704.9149780273438,14.671486854553223
0,175,1529.2821044921875,688.7128295898438,14.713732719421387
0,176,1652.1724853515625,745.2393188476562,14.755867958068848
0,177,1610.8475341796875,672.5816650390625,14.797914505004883
0,178,1567.54248046875,687.5104370117188,14.840097427368164
0,179,1507.095703125,911.9367065429688,14.881962776184082
0,180,1583.5322265625,708.98681640625,14.923748016357422
0,181,1501.068603515625,693.16064453125,14.965447425842285
0,182,1567.4033203125,720.1144409179688,15.00680923461914
0,183,1623.35302734375,681.2362670898438,15.048133850097656
0,184,1527.0545654296875,732.4896850585938,15.089353561401367
0,185,1683.476806640625,693.2376708984375,15.130521774291992
0,186,1640.2423095703125,719.622314453125,15.17149829864502
0,187,1570.295166015625,692.8394165039062,15.212552070617676
0,188,1664.2269287109375,740.152587890625,15.253464698791504
0,189,1583.75341796875,713.7588500976562,15.294177055358887
0,190,1537.232421875,713.5702514648438,15.334636688232422
0,191,1697.1990966796875,700.1270141601562,15.375283241271973
0,192,1565.185302734375,695.2774658203125,15.415611267089844
0,193,1534.926025390625,714.598388671875,15.455900192260742
0,194,1527.82373046875,773.323486328125,15.49612045288086
0,195,1662.10888671875,691.8008422851562,15.536283493041992
0,196,1620.52099609375,678.5750732421875,15.576179504394531
0,197,1556.04150390625,679.8012084960938,15.61608600616455
0,198,1639.22021484375,686.8551635742188,15.655789375305176
0,199,1473.415771484375,663.1709594726562,15.695510864257812
0,200,1653.749267578125,748.6637573242188,15.735152244567871
0,201,1657.8193359375,668.6519165039062,15.774513244628906
0,202,1651.2587890625,672.2035522460938,15.813959121704102
0,203,1637.5076904296875,735.58447265625,15.853199005126953
0,204,1692.262451171875,656.3934326171875,15.89237117767334
0,205,1657.56005859375,714.923583984375,15.931534767150879
0,206,1533.694091796875,679.0214233398438,15.97046947479248
0,207,1552.97021484375,662.4039306640625,16.009458541870117
0,208,1622.5213623046875,693.1385498046875,16.048185348510742
0,209,1686.645263671875,727.1707763671875,16.086875915527344
0,210,1641.44189453125,735.6790161132812,16.125534057617188
0,211,1681.840087890625,677.8778076171875,16.164020538330078
0,212,1622.728271484375,697.26904296875,16.202526092529297
0,213,1646.902099609375,717.8333740234375,16.2407283782959
0,214,1622.08349609375,690.27294921875,16.279037475585938
0,215,1668.2506103515625,703.7750244140625,16.317045211791992
0,216,1641.1231689453125,717.1591186523438,16.355133056640625
0,217,1581.021240234375,728.6121215820312,16.393278121948242
0,218,1645.9052734375,627.94140625,16.431224822998047
0,219,1602.859375,670.98583984375,16.469038009643555
0,220,1698.8043212890625,688.017333984375,16.5067195892334
0,221,1617.1097412109375,656.6481323242188,16.54410171508789
0,222,1633.63525390625,638.45849609375,16.58163833618164
0,223,1716.8751220703125,759.2806396484375,16.619043350219727
0,224,1597.1328125,654.4757690429688,16.656396865844727
0,225,1686.8331298828125,701.4931030273438,16.69358253479004
0,226,1610.79833984375,668.2012939453125,16.730714797973633
0,227,1626.4892578125,706.81201171875,16.76787567138672
0,228,1592.357421875,703.112548828125,16.805030822753906
0,229,1610.289306640625,703.3106079101562,16.842119216918945
0,230,1598.6212158203125,712.7755737304688,16.879039764404297
0,231,1639.6942138671875,690.08984375,16.91574478149414
0,232,1613.69677734375,751.609375,16.952457427978516
0,233,1628.5382080078125,697.1019287109375,16.989044189453125
0,234,1614.9112548828125,698.6478881835938,17.025531768798828
0,235,1599.4443359375,710.5257568359375,17.062150955200195
0,236,1480.35693359375,644.646484375,17.098669052124023
0,237,1664.8515625,703.3165893554688,17.135114669799805
0,238,1601.34033203125,713.8360595703125,17.1712703704834
0,239,1519.609375,678.18505859375,17.20743179321289
0,240,1483.73291015625,715.3033447265625,17.243480682373047
0,241,1474.2384033203125,695.326171875,17.279523849487305
0,242,1685.87353515625,675.1381225585938,17.31557273864746
0,243,1577.5751953125,744.7783203125,17.351348876953125
0,244,1643.709716796875,637.8618774414062,17.387102127075195
0,245,1617.998779296875,699.3336181640625,17.42290687561035
0,246,1691.6290283203125,827.531494140625,17.45854377746582
0,247,1553.764892578125,651.8021850585938,17.494020462036133
0,248,1592.54248046875,652.3060913085938,17.529428482055664
0,249,1682.0018310546875,655.1741943359375,17.564800262451172
0,250,1507.2130126953125,667.15087890625,17.60008430480957
0,251,1700.08984375,677.706298828125,17.635526657104492
0,252,1634.40478515625,669.2489013671875,17.67074203491211
0,253,1648.7540283203125,713.13671875,17.705900192260742
0,254,1527.0484619140625,667.0125732421875,17.740936279296875
0,255,1647.370849609375,666.0200805664062,17.77596092224121
0,256,1589.3734130859375,619.9536743164062,17.810766220092773
0,257,1679.030029296875,647.8490600585938,17.84544563293457
0,258,1477.1912841796875,768.1248168945312,17.880268096923828
0,259,1621.208251953125,702.4719848632812,17.915115356445312
0,260,1583.3670654296875,683.888427734375,17.949752807617188
0,261,1575.48193359375,682.3583984375,17.98436164855957
0,262,1561.502685546875,649.6047973632812,18.01897621154785
0,263,1628.020751953125,734.0303955078125,18.053258895874023
0,264,1663.33056640625,777.8218994140625,18.08782196044922
0,265,1614.242919921875,711.2996826171875,18.121912002563477
0,266,1700.27978515625,671.3450317382812,18.15618133544922
0,267,1540.9637451171875,674.9987182617188,18.190237045288086
0,268,1605.19287109375,697.0513305664062,18.224472045898438
0,269,1574.587890625,652.1482543945312,18.2584228515625
0,270,1500.532958984375,640.6318969726562,18.292564392089844
0,271,1667.7708740234375,659.0782470703125,18.32650375366211
0,272,1641.5927734375,675.8163452148438,18.36050033569336
0,273,1742.91162109375,671.4461059570312,18.394296646118164
0,274,1706.95947265625,713.1049194335938,18.42820167541504
0,275,1730.93310546875,688.7068481445312,18.461849212646484
0,276,1555.1322021484375,684.2498168945312,18.49546241760254
0,277,1604.34228515625,665.08056640625,18.529232025146484
0,278,1665.1552734375,668.9144897460938,18.56268310546875
0,279,1781.7120361328125,738.2417602539062,18.596097946166992
0,280,1694.337158203125,725.7340087890625,18.629526138305664
0,281,1479.26806640625,648.6629028320312,18.66297149658203
0,282,1648.1080322265625,686.2146606445312,18.696104049682617
0,283,1571.34521484375,814.115234375,18.7294979095459
0,284,1659.89404296875,682.8163452148438,18.762775421142578
0,285,1546.81640625,695.3594970703125,18.79605484008789
0,286,1518.371337890625,732.449462890625,18.829017639160156
0,287,1564.9715576171875,643.3021240234375,18.862083435058594
0,288,1557.8642578125,653.4061279296875,18.894981384277344
0,289,1570.421142578125,655.7378540039062,18.92774772644043
0,290,1600.172607421875,866.0535888671875,18.96080780029297
0,291,1537.865478515625,679.9921264648438,18.993553161621094
0,292,1576.203125,646.0726928710938,19.0262393951416
0,293,1634.5,675.7555541992188,19.05877685546875
0,294,1632.9443359375,781.8699340820312,19.0914306640625
0,295,1535.15380859375,626.1824951171875,19.123807907104492
0,296,1642.1947021484375,685.3988037109375,19.15638542175293
0,297,1597.101318359375,651.1360473632812,19.188846588134766
0,298,1704.311767578125,687.1290893554688,19.22118377685547
0,299,1586.010009765625,670.6655883789062,19.25352668762207
0,300,1639.2144775390625,681.586181640625,19.28580093383789
0,301,1566.871337890625,737.7212524414062,19.317935943603516
0,302,1703.658447265625,718.3688354492188,19.349960327148438
0,303,1603.464599609375,715.4508056640625,19.38218116760254
0,304,1699.3778076171875,662.457275390625,19.4143123626709
0,305,1615.926025390625,623.4922485351562,19.44618797302246
0,306,1620.07763671875,715.921875,19.478158950805664
0,307,1621.2408447265625,691.10595703125,19.51020050048828
0,308,1642.7596435546875,684.84619140625,19.54187774658203
0,309,1636.361572265625,759.4409790039062,19.573646545410156
0,310,1618.493896484375,664.4132080078125,19.605403900146484
0,311,1545.47802734375,698.4732055664062,19.637046813964844
0,312,1592.6602783203125,623.330322265625,19.668704986572266
0,313,1601.3028564453125,684.8046875,19.70014190673828
0,314,1557.622802734375,645.7177124023438,19.731691360473633
0,315,1583.650634765625,654.9879760742188,19.76310157775879
0,316,1626.1864013671875,679.1353149414062,19.79463768005371
0,317,1604.126953125,699.5667724609375,19.825984954833984
0,318,1569.981201171875,695.1646118164062,19.857297897338867
0,319,1636.54150390625,779.8098754882812,19.888586044311523
0,320,1535.19921875,800.6163940429688,19.920026779174805
0,321,1474.002197265625,599.4000244140625,19.951221466064453
0,322,1577.537109375,658.7586669921875,19.982421875
0,323,1595.015625,698.8369750976562,20.013534545898438
0,324,1640.566650390625,734.2919921875,20.044679641723633
0,325,1622.61962890625,773.6116943359375,20.075733184814453
0,326,1622.0721435546875,733.8439331054688,20.106674194335938
0,327,1692.54833984375,707.0161743164062,20.13763427734375
0,328,1564.8292236328125,644.2487182617188,20.168529510498047
0,329,1533.6009521484375,657.7821655273438,20.19942855834961
0,330,1618.326171875,649.6471557617188,20.23004722595215
0,331,1497.27294921875,662.7791748046875,20.260709762573242
0,332,1645.2630615234375,718.714111328125,20.29128646850586
0,333,1629.06689453125,703.3468017578125,20.321788787841797
0,334,1633.345458984375,716.866943359375,20.352272033691406
0,335,1590.927978515625,650.4619140625,20.382686614990234
0,336,1654.9755859375,662.9013671875,20.413204193115234
0,337,1582.0633544921875,744.4793090820312,20.4436092376709
0,338,1621.829833984375,670.6382446289062,20.473983764648438
0,339,1579.46630859375,673.4492797851562,20.504291534423828
0,340,1613.538818359375,640.6967163085938,20.534509658813477
0,341,1607.5970458984375,662.0902099609375,20.564849853515625
0,342,1594.2498779296875,640.9408569335938,20.594913482666016
0,343,1582.5791015625,761.75390625,20.625112533569336
0,344,1652.944091796875,685.1636962890625,20.655136108398438
0,345,1631.000732421875,677.3482666015625,20.685081481933594
0,346,1659.3955078125,690.6403198242188,20.7152099609375
0,347,1597.449951171875,638.8649291992188,20.745393753051758
0,348,1652.517822265625,723.9600830078125,20.775253295898438
0,349,1585.54296875,680.329833984375,20.805112838745117
0,350,1561.104736328125,678.80517578125,20.834884643554688
0,351,1583.8558349609375,666.9329223632812,20.864822387695312
0,352,1664.720703125,675.2017822265625,20.894514083862305
0,353,1605.83740234375,668.724853515625,20.924362182617188
0,354,1669.541015625,675.7440795898438,20.95395278930664
0,355,1532.303466796875,760.4267578125,20.983449935913086
0,356,1528.8785400390625,640.7406616210938,21.012916564941406
0,357,1512.024658203125,598.829833984375,21.04237937927246
0,358,1571.610107421875,642.5681762695312,21.071928024291992
0,359,1574.70361328125,649.919189453125,21.101274490356445
0,360,1571.9814453125,654.7579956054688,21.130666732788086
0,361,1697.186767578125,693.5454711914062,21.159893035888672
0,362,1528.0198974609375,719.1968383789062,21.189191818237305
0,363,1603.82275390625,626.5609741210938,21.218608856201172
0,364,1616.718994140625,692.2144775390625,21.247957229614258
0,365,1717.3070068359375,702.6923828125,21.277082443237305
0,366,1564.7724609375,705.0128784179688,21.30620002746582
0,367,1690.808837890625,760.3952026367188,21.33548927307129
0,368,1600.8138427734375,670.6130981445312,21.364648818969727
0,369,1614.2347412109375,633.3045654296875,21.393617630004883
0,370,1594.771240234375,664.41064453125,21.42270851135254
0,371,1476.001708984375,735.9938354492188,21.451702117919922
0,372,1637.2431640625,663.1688232421875,21.480716705322266
0,373,1677.024658203125,671.843505859375,21.509769439697266
0,374,1566.9151611328125,637.0028076171875,21.538433074951172
0,375,1644.932373046875,646.5396118164062,21.567386627197266
0,376,1647.76953125,637.4094848632812,21.5963077545166
0,377,1436.734130859375,668.725341796875,21.62528419494629
0,378,1638.176025390625,653.5723266601562,21.654029846191406
0,379,1646.837890625,659.3112182617188,21.682559967041016
0,380,1600.174072265625,724.1570434570312,21.711286544799805
0,381,1675.955322265625,658.951904296875,21.739765167236328
0,382,1633.046630859375,642.003662109375,21.76824188232422
0,383,1646.6412353515625,622.903076171875,21.796815872192383
0,384,1533.413818359375,686.11767578125,21.825103759765625
0,385,1641.539306640625,703.5586547851562,21.853538513183594
0,386,1754.7559814453125,744.2201538085938,21.88195037841797
0,387,1526.02587890625,685.9165649414062,21.91022300720215
0,388,1612.9737548828125,679.7850341796875,21.938631057739258
0,389,1637.4423828125,700.5445556640625,21.966938018798828
0,390,1537.6165771484375,622.140869140625,21.995281219482422
0,391,1655.3388671875,660.650146484375,22.023462295532227
0,392,1564.736328125,728.9718627929688,22.051532745361328
0,393,1626.2911376953125,638.607177734375,22.07965850830078
0,394,1656.10986328125,705.5007934570312,22.107690811157227
0,395,1627.421630859375,680.9638061523438,22.13579559326172
0,396,1579.3170166015625,669.5009765625,22.163936614990234
0,397,1598.769287109375,681.7108154296875,22.192102432250977
0,398,1663.9715576171875,697.1559448242188,22.22014045715332
0,399,1589.3271484375,753.5369262695312,22.247961044311523
0,400,1529.5419921875,673.7694702148438,22.27584457397461
0,401,1593.79638671875,689.332275390625,22.303813934326172
0,402,1640.822021484375,675.2869873046875,22.33159637451172
0,403,1583.2835693359375,665.7964477539062,22.359357833862305
0,404,1635.15185546875,691.049072265625,22.38709831237793
0,405,1673.608154296875,686.2291259765625,22.4148006439209
0,406,1617.913330078125,735.3255004882812,22.4426212310791
0,407,1483.102783203125,666.4169311523438,22.470317840576172
0,408,1619.8126220703125,672.759521484375,22.498212814331055
0,409,1591.987548828125,671.02099609375,22.525726318359375
0,410,1531.851806640625,644.7479248046875,22.55327796936035
0,411,1548.1749267578125,700.8465576171875,22.58086585998535
0,412,1674.708251953125,744.8648681640625,22.60828971862793
0,413,1510.960205078125,730.3631591796875,22.635780334472656
0,414,1574.332275390625,731.7261962890625,22.6632080078125
0,415,1554.1201171875,671.8250732421875,22.690631866455078
0,416,1644.49462890625,695.5613403320312,22.718048095703125
0,417,1629.8712158203125,682.4879760742188,22.74551010131836
0,418,1649.5950927734375,672.2777099609375,22.772846221923828
0,419,1643.664306640625,689.3247680664062,22.80023765563965
0,420,1608.9130859375,695.1675415039062,22.82740020751953
0,421,1598.56005859375,701.9038696289062,22.85468292236328
0,422,1596.53076171875,723.3056640625,22.88191032409668
0,423,1520.8677978515625,664.7615356445312,22.90886878967285
0,424,1611.910400390625,660.896728515625,22.936023712158203
0,425,1591.2740478515625,650.645751953125,22.963056564331055
0,426,1630.1119384765625,671.0075073242188,22.99008560180664
0,427,1654.673095703125,663.3256225585938,23.01725196838379
0,428,1623.1728515625,683.429931640625,23.044401168823242
0,429,1678.3369140625,669.6813354492188,23.071332931518555
0,430,1619.2625732421875,732.0404052734375,23.09825325012207
0,431,1588.315673828125,663.6715698242188,23.12508201599121
0,432,1582.1800537109375,659.2012939453125,23.151960372924805
0,433,1614.111083984375,703.8976440429688,23.178756713867188
0,434,1653.3236083984375,665.3075561523438,23.205673217773438
0,435,1620.552490234375,687.3316650390625,23.232465744018555
0,436,1504.19287109375,631.5355224609375,23.259340286254883
0,437,1596.283935546875,642.4620971679688,23.2860050201416
0,438,1565.86083984375,670.0606079101562,23.31267547607422
0,439,1660.41455078125,704.7015380859375,23.339359283447266
0,440,1647.85107421875,658.6005249023438,23.365947723388672
0,441,1528.9434814453125,687.7006225585938,23.39260482788086
0,442,1675.6998291015625,673.8906860351562,23.419174194335938
0,443,1671.4915771484375,724.2814331054688,23.445585250854492
0,444,1644.445068359375,647.0143432617188,23.472013473510742
0,445,1666.14306640625,682.0541381835938,23.498491287231445
0,446,1672.395751953125,647.5426635742188,23.524959564208984
0,447,1689.060546875,711.9104614257812,23.551429748535156
0,448,1496.0572509765625,648.5206298828125,23.577760696411133
0,449,1650.2413330078125,654.40869140625,23.604116439819336
0,450,1544.0850830078125,729.9342651367188,23.630626678466797
0,451,1532.703857421875,623.4813842773438,23.656816482543945
0,452,1636.623779296875,685.041259765625,23.68312644958496
0,453,1726.6806640625,664.4421997070312,23.70941162109375
0,454,1614.98193359375,663.4846801757812,23.735809326171875
0,455,1592.78759765625,636.6430053710938,23.762182235717773
0,456,1654.119384765625,750.3667602539062,23.78839111328125
0,457,1646.42822265625,689.7693481445312,23.814653396606445
0,458,1566.503662109375,631.1036987304688,23.840890884399414
0,459,1649.55615234375,646.8076171875,23.8669376373291
0,460,1637.7891845703125,704.0181274414062,23.893157958984375
0,461,1557.91162109375,627.0133666992188,23.9193172454834
0,462,1669.350830078125,685.466064453125,23.94533920288086
0,463,1533.095947265625,715.2449340820312,23.971389770507812
0,464,1645.9345703125,767.6766357421875,23.997465133666992
0,465,1717.056640625,650.5072021484375,24.02324104309082
0,466,1524.732421875,599.1372680664062,24.049179077148438
0,467,1701.70068359375,642.6211547851562,24.074989318847656
0,468,1618.82666015625,734.0247192382812,24.100793838500977
0,469,1599.7308349609375,747.5609741210938,24.12659454345703
0,470,1688.1563720703125,634.7318725585938,24.152355194091797
0,471,1707.0341796875,683.1550903320312,24.17806625366211
0,472,1664.39990234375,685.9904174804688,24.203760147094727
0,473,1595.4078369140625,678.1967163085938,24.229427337646484
0,474,1581.65087890625,679.3465576171875,24.255149841308594
0,475,1652.155029296875,663.7669677734375,24.28066635131836
0,476,1593.80224609375,723.987548828125,24.306177139282227
0,477,1607.453857421875,637.9213256835938,24.33159637451172
0,478,1536.267578125,682.6189575195312,24.35704803466797
0,479,1615.2752685546875,660.42138671875,24.38251304626465
0,480,1647.0462646484375,641.414306640625,24.40800666809082
0,481,1647.400390625,683.3323974609375,24.433570861816406
0,482,1647.922607421875,626.33251953125,24.459131240844727
0,483,1664.373779296875,668.1588134765625,24.484580993652344
0,484,1619.30517578125,632.4176635742188,24.510009765625
0,485,1497.131591796875,1179.260009765625,24.53541374206543
0,486,1750.360595703125,695.2952880859375,24.56087303161621
0,487,1658.4195556640625,685.4241333007812,24.58622932434082
0,488,1679.353515625,630.5697021484375,24.61139678955078
0,489,1605.6162109375,702.6861572265625,24.63667106628418
0,490,1649.7667236328125,662.106201171875,24.662031173706055
0,491,1667.91259765625,656.6382446289062,24.687347412109375
0,492,1641.771240234375,688.3047485351562,24.712617874145508
0,493,1603.8104248046875,693.0062866210938,24.73766326904297
0,494,1552.09033203125,698.179931640625,24.7625789642334
0,495,1460.864501953125,678.29541015625,24.787660598754883
0,496,1578.3577880859375,697.6312255859375,24.812637329101562
0,497,1677.1748046875,710.777587890625,24.837818145751953
0,498,1636.940673828125,641.5171508789062,24.862937927246094
0,499,1661.73486328125,619.7183227539062,24.88793182373047
0,500,1517.401123046875,784.862060546875,24.91282081604004
0,501,1645.3607177734375,629.6832275390625,24.937692642211914
0,502,1620.0501708984375,695.2824096679688,24.962696075439453
0,503,1646.989501953125,656.38525390625,24.98754119873047
0,504,1607.34375,681.4877319335938,25.01235580444336
0,505,1708.7281494140625,728.0487060546875,25.036977767944336
0,506,1680.36865234375,690.2421875,25.061710357666016
0,507,1628.4822998046875,691.924072265625,25.086469650268555
0,508,1614.5703125,679.9944458007812,25.111167907714844
0,509,1540.407470703125,683.6347045898438,25.135717391967773
0,510,1566.777099609375,656.4395141601562,25.160432815551758
0,511,1604.22607421875,684.5529174804688,25.18514060974121
0,512,1591.9501953125,647.6499633789062,25.20981788635254
0,513,1587.036376953125,682.8439331054688,25.234512329101562
0,514,1545.9967041015625,670.2281494140625,25.25908088684082
0,515,1720.1298828125,672.677490234375,25.28376579284668
0,516,1598.42822265625,911.6448974609375,25.308366775512695
0,517,1658.9857177734375,666.331298828125,25.332748413085938
0,518,1643.698974609375,675.7228393554688,25.357227325439453
0,519,1596.7713623046875,650.62841796875,25.38179588317871
0,520,1630.844482421875,612.891357421875,25.406145095825195
0,521,1584.281494140625,699.8174438476562,25.43062973022461
0,522,1656.775390625,651.0140380859375,25.45502281188965
0,523,1672.02490234375,653.2681274414062,25.479406356811523
0,524,1651.416015625,637.0916137695312,25.50370979309082
0,525,1602.4892578125,669.5371704101562,25.52786636352539
0,526,1684.0439453125,659.800537109375,25.5522403717041
0,527,1658.500732421875,666.3449096679688,25.576536178588867
0,528,1592.431396484375,757.3897705078125,25.600921630859375
0,529,1585.3154296875,659.0693969726562,25.625267028808594
0,530,1539.9583740234375,654.7532958984375,25.64948272705078
0,531,1581.731201171875,661.1310424804688,25.673677444458008
0,532,1621.0047607421875,670.0653686523438,25.69775390625
0,533,1488.8660888671875,662.9786376953125,25.721994400024414
0,534,1456.986572265625,639.6587524414062,25.746137619018555
0,535,1625.59130859375,650.7055053710938,25.7702579498291
0,536,1702.9627685546875,671.5013427734375,25.79433822631836
0,537,1548.616455078125,632.9449462890625,25.818513870239258
0,538,1697.6624755859375,683.281494140625,25.84245491027832
0,539,1635.5615234375,656.9667358398438,25.86634635925293
0,540,1687.1429443359375,683.7727661132812,25.89041519165039
0,541,1609.9403076171875,657.7820434570312,25.914379119873047
0,542,1623.9918212890625,670.0405883789062,25.938364028930664
0,543,1595.8232421875,648.5888671875,25.962289810180664
0,544,1652.28125,670.1134643554688,25.986238479614258
0,545,1666.6688232421875,714.3250122070312,26.0103759765625
0,546,1605.2042236328125,643.0501708984375,26.034263610839844
0,547,1611.902587890625,703.330810546875,26.057907104492188
0,548,1653.6396484375,684.5468139648438,26.081798553466797
0,549,1678.00732421875,690.8897094726562,26.105619430541992
0,550,1619.057861328125,705.247314453125,26.12947654724121
0,551,1572.04736328125,762.810546875,26.15330696105957
0,552,1565.8333740234375,647.5457763671875,26.176979064941406
0,553,1553.13671875,682.4963989257812,26.200410842895508
0,554,1544.739990234375,703.7486572265625,26.22411346435547
0,555,1601.4951171875,662.9382934570312,26.247785568237305
0,556,1718.4908447265625,736.6038818359375,26.271621704101562
0,557,1628.126220703125,711.182861328125,26.295372009277344
0,558,1702.15283203125,690.70556640625,26.318803787231445
0,559,1711.933349609375,738.3956298828125,26.342300415039062
0,560,1645.322265625,694.48046875,26.366073608398438
0,561,1637.364013671875,688.7484130859375,26.389495849609375
0,562,1625.49609375,681.6046752929688,26.413103103637695
0,563,1642.526611328125,715.0988159179688,26.43646812438965
0,564,1502.7593994140625,862.7559204101562,26.459930419921875
0,565,1656.343017578125,670.83544921875,26.48332977294922
0,566,1491.235595703125,850.9592895507812,26.506725311279297
0,567,1608.783447265625,647.420654296875,26.530120849609375
0,568,1582.6763916015625,643.51953125,26.553558349609375
0,569,1583.841552734375,674.65966796875,26.576950073242188
0,570,1632.513916015625,652.1739501953125,26.600358963012695
0,571,1611.255615234375,620.9063110351562,26.62358283996582
0,572,1516.587646484375,680.0759887695312,26.647090911865234
0,573,1489.416748046875,687.24951171875,26.670406341552734
0,574,1653.8555908203125,628.3496704101562,26.69351577758789
0,575,1778.227783203125,654.6730346679688,26.71677017211914
0,576,1597.7462158203125,619.814697265625,26.739824295043945
0,577,1714.609375,670.4807739257812,26.762996673583984
0,578,1592.027587890625,624.9309692382812,26.786375045776367
0,579,1640.61279296875,622.2918090820312,26.80952262878418
0,580,1614.5574951171875,660.3057861328125,26.832761764526367
0,581,1589.683349609375,665.8775634765625,26.855745315551758
0,582,1691.821044921875,619.962646484375,26.87883949279785
0,583,1536.2891845703125,636.75390625,26.90196418762207
0,584,1677.1390380859375,674.29052734375,26.924829483032227
0,585,1629.3668212890625,629.662109375,26.9477481842041
0,586,1694.876220703125,721.2537231445312,26.970726013183594
0,587,1656.1002197265625,638.955322265625,26.993886947631836
0,588,1661.7440185546875,672.7546997070312,27.01680564880371
0,589,1527.853759765625,610.590087890625,27.039756774902344
0,590,1570.777099609375,629.47509765625,27.06285858154297
0,591,1629.2266845703125,631.8714599609375,27.085853576660156
0,592,1618.804931640625,620.6340942382812,27.109031677246094
0,593,1657.31201171875,710.6671142578125,27.13176155090332
0,594,1603.1986083984375,674.7308959960938,27.15476417541504
0,595,1557.7757568359375,695.3535766601562,27.177631378173828
0,596,1654.09619140625,632.6232299804688,27.20035171508789
0,597,1609.0789794921875,633.0148315429688,27.223249435424805
0,598,1767.1171875,694.408935546875,27.245988845825195
0,599,1588.4677734375,632.41943359375,27.26883888244629
0,600,1683.337158203125,620.4525756835938,27.29157066345215
0,601,1675.3192138671875,646.9671020507812,27.314306259155273
0,602,1615.965576171875,640.647705078125,27.336870193481445
0,603,1612.1300048828125,684.1881713867188,27.359554290771484
0,604,1614.848388671875,681.9100341796875,27.382198333740234
0,605,1618.572265625,669.0127563476562,27.404964447021484
0,606,1615.37646484375,647.7919311523438,27.427579879760742
0,607,1650.9368896484375,669.3963012695312,27.45014190673828
0,608,1636.056640625,649.118896484375,27.472700119018555
0,609,1563.475830078125,648.5922241210938,27.495126724243164
0,610,1673.9967041015625,684.43212890625,27.517580032348633
0,611,1520.70166015625,645.60546875,27.54009246826172
0,612,1581.015869140625,701.39306640625,27.56278419494629
0,613,1576.63330078125,635.4727172851562,27.585283279418945
0,614,1593.985595703125,690.0537719726562,27.60786247253418
0,615,1607.4193115234375,655.9395141601562,27.63041114807129
0,616,1637.71923828125,725.329833984375,27.65296173095703
0,617,1584.5716552734375,634.4492797851562,27.675546646118164
0,618,1543.46337890625,620.239990234375,27.698087692260742
0,619,1595.01025390625,695.5567626953125,27.720548629760742
0,620,1543.1021728515625,607.8386840820312,27.74284553527832
0,621,1628.829833984375,652.5960693359375,27.765220642089844
0,622,1491.0657958984375,627.0853271484375,27.78767967224121
0,623,1552.7528076171875,630.8416137695312,27.809907913208008
0,624,1668.586181640625,606.3790893554688,27.832170486450195
0,625,1570.404541015625,650.0791015625,27.85449981689453
0,626,1623.95068359375,641.6492309570312,27.876893997192383
0,627,1588.6824951171875,688.739013671875,27.899194717407227
0,628,1707.4364013671875,657.590087890625,27.92152214050293
0,629,1683.2978515625,642.7965087890625,27.943784713745117
0,630,1467.7283935546875,716.3259887695312,27.966073989868164
0,631,1668.259033203125,824.0682373046875,27.988285064697266
0,632,1604.123046875,690.515869140625,28.010377883911133
0,633,1607.4200439453125,644.4172973632812,28.032470703125
0,634,1701.51416015625,663.8802490234375,28.05457878112793
0,635,1586.8192138671875,690.3326416015625,28.076644897460938
0,636,1541.810302734375,694.7777099609375,28.098968505859375
0,637,1649.5167236328125,678.5447387695312,28.121139526367188
0,638,1616.77490234375,608.5,28.143234252929688
0,639,1524.0765380859375,650.2672729492188,28.165281295776367
0,640,1605.637939453125,649.778564453125,28.18735122680664
0,641,1630.60205078125,649.1129760742188,28.20948600769043
0,642,1605.455810546875,598.320556640625,28.231739044189453
0,643,1607.0533447265625,685.719482421875,28.253639221191406
0,644,1651.477294921875,639.1549682617188,28.27549171447754
0,645,1595.3970947265625,610.3267822265625,28.297563552856445
0,646,1650.5701904296875,657.5667724609375,28.319578170776367
0,647,1635.293212890625,687.268798828125,28.34137535095215
0,648,1605.19921875,703.581787109375,28.36335563659668
0,649,1710.9466552734375,652.8732299804688,28.38536262512207
0,650,1623.251708984375,658.8095703125,28.40709114074707
0,651,1609.797607421875,615.2127075195312,28.42900848388672
0,652,1635.56494140625,647.010986328125,28.45089340209961
0,653,1542.8702392578125,621.4296264648438,28.47267723083496
0,654,1487.7620849609375,649.515380859375,28.494436264038086
0,655,1550.7451171875,623.4540405273438,28.5163631439209
0,656,1658.596923828125,644.0892944335938,28.538068771362305
0,657,1686.668701171875,638.9830322265625,28.559797286987305
0,658,1632.6292724609375,684.302490234375,28.58150291442871
0,659,1612.730224609375,637.2831420898438,28.603290557861328
0,660,1558.84814453125,635.887939453125,28.624862670898438
0,661,1563.3399658203125,669.3160400390625,28.646635055541992
0,662,1698.1253662109375,686.1459350585938,28.668426513671875
0,663,1573.533203125,762.7025146484375,28.690160751342773
0,664,1627.718994140625,709.1925659179688,28.7117977142334
0,665,1641.547607421875,641.2592163085938,28.7333984375
0,666,1559.3858642578125,668.04638671875,28.755029678344727
0,667,1632.9080810546875,642.5089721679688,28.776708602905273
0,668,1640.3369140625,632.6175537109375,28.797992706298828
0,669,1662.558349609375,665.7000122070312,28.81965446472168
0,670,1762.393798828125,674.9064331054688,28.841276168823242
0,671,1672.78564453125,656.1383666992188,28.862817764282227
0,672,1675.044189453125,648.6740112304688,28.884408950805664
0,673,1674.84228515625,687.6724853515625,28.905921936035156
0,674,1680.2783203125,653.59619140625,28.927570343017578
0,675,1640.882080078125,715.3728637695312,28.948862075805664
0,676,1642.951416015625,636.0341186523438,28.97017478942871
0,677,1649.80859375,724.1661376953125,28.991497039794922
0,678,1678.608642578125,686.8012084960938,29.012962341308594
0,679,1615.714599609375,641.2192993164062,29.034311294555664
0,680,1629.6724853515625,646.3222045898438,29.055810928344727
0,681,1489.9532470703125,631.785400390625,29.077177047729492
0,682,1590.979248046875,649.4866333007812,29.098480224609375
0,683,1525.44384765625,615.2743530273438,29.119909286499023
0,684,1651.3333740234375,623.73291015625,29.141281127929688
0,685,1480.2373046875,599.4169921875,29.162580490112305
0,686,1545.6787109375,636.2864379882812,29.183794021606445
0,687,1540.031005859375,610.5888061523438,29.2050724029541
0,688,1678.5621337890625,625.91259765625,29.22650146484375
0,689,1659.8125,614.1204833984375,29.247819900512695
0,690,1607.9954833984375,642.281005859375,29.269147872924805
0,691,1596.392333984375,699.9072265625,29.2904052734375
0,692,1596.2828369140625,627.3492431640625,29.31161117553711
0,693,1668.5673828125,677.9708862304688,29.33292579650879
0,694,1587.4666748046875,721.5755004882812,29.354066848754883
0,695,1576.148681640625,621.0755004882812,29.375303268432617
0,696,1610.685791015625,600.90283203125,29.396242141723633
0,697,1561.430908203125,654.6202392578125,29.41754913330078
0,698,1609.34326171875,605.6861572265625,29.43879508972168
0,699,1506.8897705078125,671.2955932617188,29.459821701049805
0,700,1650.978515625,646.973876953125,29.480979919433594
0,701,1576.18115234375,629.404052734375,29.50212860107422
0,702,1492.412353515625,660.8645629882812,29.523113250732422
0,703,1470.2501220703125,631.801513671875,29.544130325317383
0,704,1543.02197265625,612.4844970703125,29.56528663635254
0,705,1649.157470703125,609.3515625,29.586185455322266
0,706,1630.141845703125,687.4028930664062,29.607349395751953
0,707,1604.6590576171875,659.8067626953125,29.628217697143555
0,708,1534.766845703125,607.6303100585938,29.64912986755371
0,709,1393.354736328125,660.0066528320312,29.670120239257812
0,710,1578.2340087890625,649.3512573242188,29.690853118896484
0,711,1563.87548828125,633.8038940429688,29.711637496948242
0,712,1685.138671875,681.2600708007812,29.732608795166016
0,713,1618.184326171875,641.9048461914062,29.7535457611084
0,714,1598.353515625,673.6862182617188,29.774404525756836
0,715,1575.6754150390625,652.3911743164062,29.79512596130371
0,716,1627.1329345703125,666.1588134765625,29.815872192382812
0,717,1609.844482421875,688.4120483398438,29.836917877197266
0,718,1599.23681640625,606.99609375,29.857816696166992
0,719,1640.419677734375,648.0723876953125,29.87864112854004
0,720,1574.84521484375,628.5697021484375,29.899417877197266
0,721,1680.136962890625,621.4388427734375,29.920026779174805
0,722,1604.869140625,652.8414916992188,29.94080924987793
0,723,1618.2431640625,679.8372802734375,29.961570739746094
0,724,1750.904541015625,700.5730590820312,29.98247528076172
0,725,1642.888916015625,629.1874389648438,30.0030517578125
0,726,1570.5615234375,683.0734252929688,30.0238037109375
0,727,1558.27197265625,639.21337890625,30.044309616088867
0,728,1694.1058349609375,666.7337646484375,30.064966201782227
0,729,1555.2113037109375,650.3119506835938,30.085622787475586
0,730,1682.6485595703125,673.3234252929688,30.10626792907715
0,731,1581.325927734375,613.476318359375,30.12679672241211
0,732,1610.7294921875,685.2294921875,30.147598266601562
0,733,1465.9853515625,664.0283813476562,30.168197631835938
0,734,1595.740234375,660.9605712890625,30.188739776611328
0,735,1584.83447265625,654.4081420898438,30.2093448638916
0,736,1685.385986328125,628.7921752929688,30.22994041442871
0,737,1636.521728515625,667.5620727539062,30.250381469726562
0,738,1728.10107421875,608.8353881835938,30.270885467529297
0,739,1581.03173828125,658.8767700195312,30.291301727294922
0,740,1528.05615234375,574.9066772460938,30.3118896484375
0,741,1612.878662109375,692.6552124023438,30.332372665405273
0,742,1609.16796875,626.3981323242188,30.352739334106445
0,743,1688.720947265625,713.8858642578125,30.37320327758789
0,744,1634.5849609375,631.0380859375,30.393638610839844
0,745,1657.267333984375,688.2326049804688,30.41411018371582
0,746,1586.406494140625,752.714599609375,30.43456268310547
0,747,1555.6641845703125,665.736572265625,30.455005645751953
0,748,1628.9267578125,647.0855712890625,30.475521087646484
0,749,1595.5400390625,626.3936157226562,30.49578857421875
0,750,1743.61572265625,651.572509765625,30.51609992980957
0,751,1573.897216796875,628.2648315429688,30.536346435546875
0,752,1718.227294921875,635.1669311523438,30.55662727355957
0,753,1519.1435546875,663.8573608398438,30.576913833618164
0,754,1617.598876953125,698.416748046875,30.597326278686523
0,755,1543.4434814453125,643.68505859375,30.617603302001953
0,756,1644.61669921875,620.1320190429688,30.637903213500977
0,757,1639.298828125,678.0455322265625,30.65806007385254
0,758,1546.8331298828125,716.4456176757812,30.678340911865234
0,759,1517.197021484375,631.6629028320312,30.69867515563965
0,760,1627.1455078125,648.7383422851562,30.718759536743164
0,761,1547.49365234375,649.2772216796875,30.738981246948242
0,762,1525.580810546875,644.3937377929688,30.759258270263672
0,763,1627.845458984375,647.5228271484375,30.77939224243164
0,764,1668.722900390625,736.9756469726562,30.79962921142578
0,765,1531.710693359375,650.2625732421875,30.819814682006836
0,766,1656.084228515625,606.3429565429688,30.840124130249023
0,767,1628.0687255859375,637.4955444335938,30.860219955444336
0,768,1541.964599609375,712.8270874023438,30.880292892456055
0,769,1575.070068359375,673.9638061523438,30.900327682495117
0,770,1646.2337646484375,633.5997314453125,30.920475006103516
0,771,1599.9320068359375,639.6535034179688,30.940570831298828
0,772,1658.6102294921875,683.5531005859375,30.96054458618164
0,773,1655.4427490234375,709.7308959960938,30.980487823486328
0,774,1645.3238525390625,654.7716674804688,31.00045394897461
0,775,1610.024658203125,672.9317016601562,31.020395278930664
0,776,1689.149658203125,686.076416015625,31.040559768676758
0,777,1700.454345703125,671.4002075195312,31.060571670532227
0,778,1586.3153076171875,627.9063110351562,31.08045768737793
0,779,1676.6341552734375,626.2041625976562,31.100440979003906
0,780,1639.0853271484375,623.60400390625,31.120452880859375
0,781,1687.298828125,640.7139282226562,31.140213012695312
0,782,1559.22607421875,609.211669921875,31.160293579101562
0,783,1575.29443359375,642.296630859375,31.180070877075195
0,784,1570.9503173828125,615.760498046875,31.19997215270996
0,785,1639.8837890625,613.8733520507812,31.220008850097656
0,786,1590.911865234375,630.9573364257812,31.239770889282227
0,787,1626.120849609375,688.9669189453125,31.259687423706055
0,788,1562.5572509765625,637.702880859375,31.27958106994629
0,789,1597.7530517578125,626.5367431640625,31.299428939819336
0,790,1611.1123046875,621.2933349609375,31.319293975830078
0,791,1590.542724609375,641.4679565429688,31.339160919189453
0,792,1695.2060546875,696.7131958007812,31.359024047851562
0,793,1710.9111328125,617.8241577148438,31.378807067871094
0,794,1670.954345703125,616.8777465820312,31.398544311523438
0,795,1747.63818359375,668.7241821289062,31.418367385864258
0,796,1657.645751953125,660.3528442382812,31.438047409057617
0,797,1659.3037109375,765.7225952148438,31.457870483398438
0,798,1543.96142578125,656.74365234375,31.477460861206055
0,799,1559.906005859375,651.5103149414062,31.497121810913086
0,800,1645.0966796875,616.7307739257812,31.51680564880371
0,801,1602.1011962890625,625.4828491210938,31.536418914794922
0,802,1532.9488525390625,594.2864379882812,31.55609130859375
0,803,1676.814208984375,662.8901977539062,31.57571792602539
0,804,1630.335205078125,731.1896362304688,31.595327377319336
0,805,1465.8697509765625,612.2474975585938,31.614965438842773
0,806,1626.8564453125,650.9625854492188,31.634550094604492
0,807,1499.8702392578125,671.5001831054688,31.6540584564209
0,808,1563.842529296875,609.8381958007812,31.673564910888672
0,809,1600.56982421875,618.7033081054688,31.693157196044922
0,810,1581.2425537109375,635.9091796875,31.712778091430664
0,811,1638.64501953125,584.43994140625,31.732177734375
0,812,1616.41943359375,703.83251953125,31.751680374145508
0,813,1545.3756103515625,669.9465942382812,31.771135330200195
0,814,1676.255126953125,612.4252319335938,31.790725708007812
0,815,1646.90625,646.7977905273438,31.81035041809082
0,816,1609.6953125,643.88525390625,31.8299560546875
0,817,1656.4930419921875,662.3379516601562,31.84949493408203
0,818,1572.6739501953125,620.3707275390625,31.868864059448242
0,819,1574.0128173828125,623.1683959960938,31.88828468322754
0,820,1602.64404296875,703.112060546875,31.907577514648438
0,821,1637.263427734375,676.1331176757812,31.927133560180664
0,822,1676.79248046875,645.4950561523438,31.94668197631836
0,823,1602.478515625,667.32666015625,31.966108322143555
0,824,1598.763671875,733.4755249023438,31.985363006591797
0,825,1644.3055419921875,711.0132446289062,32.004695892333984
0,826,1605.636962890625,621.8301391601562,32.02406692504883
0,827,1703.4105224609375,670.356201171875,32.04351043701172
0,828,1531.9007568359375,609.7474975585938,32.062828063964844
0,829,1639.9892578125,664.3546142578125,32.08193588256836
0,830,1601.9010009765625,617.8634033203125,32.10143280029297
0,831,1703.771240234375,757.9940795898438,32.120750427246094
0,832,1706.5849609375,634.26416015625,32.13998031616211
0,833,1629.8150634765625,655.849853515625,32.159202575683594
0,834,1562.974853515625,637.1804809570312,32.178443908691406
0,835,1643.874755859375,615.7763671875,32.19770812988281
0,836,1601.8841552734375,644.24658203125,32.21693801879883
0,837,1592.9459228515625,629.4910278320312,32.23603057861328
0,838,1650.918212890625,691.776123046875,32.25533676147461
0,839,1545.140869140625,618.4423217773438,32.274497985839844
0,840,1641.221923828125,599.5557250976562,32.29365539550781
0,841,1546.0760498046875,615.2926025390625,32.31277847290039
0,842,1628.839111328125,640.4022216796875,32.33192825317383
0,843,1642.1669921875,765.144287109375,32.35106658935547
0,844,1751.776123046875,650.08251953125,32.370216369628906
0,845,1602.365966796875,640.9722290039062,32.3893928527832
0,846,1647.7034912109375,632.2210083007812,32.4085807800293
0,847,1540.614013671875,819.525634765625,32.42782974243164
0,848,1613.532470703125,641.6336669921875,32.446937561035156
0,849,1595.426513671875,603.3798828125,32.46611785888672
0,850,1598.363525390625,612.6942138671875,32.485145568847656
0,851,1703.7611083984375,652.5547485351562,32.50425338745117
0,852,1647.609619140625,630.2308959960938,32.5234375
0,853,1662.292236328125,619.5637817382812,32.5424919128418
0,854,1626.794189453125,679.8812255859375,32.56163024902344
0,855,1585.962890625,678.9755249023438,32.580684661865234
0,856,1575.1822509765625,658.7005615234375,32.59988784790039
0,857,1583.35986328125,657.154296875,32.61909103393555
0,858,1562.758056640625,640.9799194335938,32.63827133178711
0,859,1622.05322265625,632.353515625,32.65727233886719
0,860,1704.7275390625,652.7679443359375,32.67622375488281
0,861,1656.393798828125,619.0927124023438,32.69539260864258
0,862,1602.990478515625,762.2957763671875,32.71443557739258
0,863,1543.324951171875,629.4646606445312,32.733375549316406
0,864,1570.6759033203125,622.2213134765625,32.75233840942383
0,865,1630.837890625,677.7678833007812,32.771244049072266
0,866,1647.089111328125,635.2025756835938,32.79026794433594
0,867,1572.268798828125,700.3248291015625,32.80925369262695
0,868,1758.4742431640625,657.6542358398438,32.82809066772461
0,869,1483.2442626953125,622.8597412109375,32.84698486328125
0,870,1660.87158203125,633.37353515625,32.86582946777344
0,871,1721.945068359375,673.197265625,32.884803771972656
0,872,1653.0953369140625,618.2213134765625,32.903648376464844
0,873,1510.2476806640625,586.5763549804688,32.922508239746094
0,874,1654.275390625,612.560302734375,32.941436767578125
0,875,1579.984375,620.5657958984375,32.960365295410156
0,876,1513.57080078125,694.1405029296875,32.979129791259766
0,877,1568.9642333984375,656.965087890625,32.99809265136719
0,878,1677.955322265625,637.4132080078125,33.016876220703125
0,879,1639.884521484375,652.0985107421875,33.03575134277344
0,880,1611.457763671875,616.1207275390625,33.05449295043945
0,881,1659.6220703125,632.0533447265625,33.073211669921875
0,882,1607.7646484375,656.3441162109375,33.09185028076172
0,883,1613.38720703125,586.6499633789062,33.11049270629883
0,884,1722.6788330078125,629.8118286132812,33.1292724609375
0,885,1450.131103515625,619.7208862304688,33.14799499511719
0,886,1674.8856201171875,704.43310546875,33.16642761230469
0,887,1605.611328125,631.7791137695312,33.185176849365234
0,888,1657.413330078125,653.7510375976562,33.20375061035156
0,889,1593.794921875,624.4432983398438,33.22248840332031
0,890,1652.5826416015625,635.0592041015625,33.24095916748047
0,891,1579.668701171875,658.4887084960938,33.25968551635742
0,892,1590.0645751953125,613.1369018554688,33.27839660644531
0,893,1455.804931640625,700.1553344726562,33.297019958496094
0,894,1673.2672119140625,628.9254150390625,33.31565475463867
0,895,1633.6917724609375,684.4498291015625,33.33422088623047
0,896,1596.421630859375,638.2783203125,33.352745056152344
0,897,1683.2547607421875,595.7733154296875,33.3712158203125
0,898,1660.959716796875,626.22216796875,33.38962173461914
0,899,1667.652587890625,616.4344482421875,33.40819549560547
0,900,1696.45068359375,639.6056518554688,33.426734924316406
0,901,1649.69384765625,615.1882934570312,33.44517517089844
0,902,1601.40380859375,617.263427734375,33.46372985839844
0,903,1637.34814453125,612.77294921875,33.48225402832031
0,904,1586.1239013671875,613.1240234375,33.500755310058594
0,905,1551.7412109375,612.9489135742188,33.5191764831543
0,906,1600.416015625,663.4631958007812,33.537696838378906
0,907,1703.69970703125,640.7239990234375,33.556053161621094
0,908,1551.854248046875,608.5220336914062,33.574668884277344
0,909,1675.692626953125,716.4456176757812,33.59298324584961
0,910,1611.8345947265625,622.7177734375,33.61152648925781
0,911,1586.36669921875,600.0989990234375,33.630157470703125
0,912,1753.18505859375,661.6109008789062,33.648624420166016
0,913,1620.8922119140625,606.2769165039062,33.66708755493164
0,914,1605.3876953125,605.3370971679688,33.685489654541016
0,915,1634.06201171875,691.9992065429688,33.703731536865234
0,916,1617.63330078125,611.0335083007812,33.722076416015625
0,917,1553.439208984375,589.3862915039062,33.74055099487305
0,918,1518.86181640625,621.5137329101562,33.75907516479492
0,919,1605.619384765625,637.9490356445312,33.77754592895508
0,920,1693.5615234375,689.3363037109375,33.795928955078125
0,921,1548.091552734375,687.9566650390625,33.814231872558594
0,922,1562.0146484375,686.5623168945312,33.83265686035156
0,923,1626.243896484375,619.529052734375,33.85099411010742
0,924,1597.847412109375,624.7951049804688,33.869224548339844
0,925,1604.44091796875,573.6511840820312,33.88759994506836
0,926,1484.46826171875,621.8216552734375,33.90603256225586
0,927,1645.28125,619.9913330078125,33.92427062988281
0,928,1687.15478515625,641.3524780273438,33.94248962402344
0,929,1652.0126953125,738.3411865234375,33.960636138916016
0,930,1634.083740234375,586.2783203125,33.978904724121094
0,931,1565.6844482421875,609.648193359375,33.99730682373047
0,932,1672.624267578125,644.5233154296875,34.0155029296875
0,933,1643.835205078125,606.5519409179688,34.0338134765625
0,934,1584.7626953125,650.2696533203125,34.052066802978516
0,935,1603.1033935546875,642.8363647460938,34.07035446166992
0,936,1639.312744140625,641.5859985351562,34.0885124206543
0,937,1720.44091796875,650.3632202148438,34.10673522949219
0,938,1597.7786865234375,576.770263671875,34.124977111816406
0,939,1552.63134765625,644.2879028320312,34.143070220947266
0,940,1560.07373046875,683.2848510742188,34.16122055053711
0,941,1582.094970703125,592.85009765625,34.17949676513672
0,942,1623.1063232421875,644.865966796875,34.197574615478516
0,943,1610.053955078125,578.6021728515625,34.21584701538086
0,944,1528.8916015625,619.83740234375,34.23406982421875
0,945,1718.7862548828125,622.5909423828125,34.252197265625
0,946,1608.8798828125,587.3753051757812,34.27037811279297
0,947,1597.599365234375,666.6884155273438,34.28852844238281
0,948,1573.5338134765625,624.6871337890625,34.30662155151367
0,949,1569.915283203125,693.3513793945312,34.32478332519531
0,950,1581.5543212890625,726.9200439453125,34.3428955078125
0,951,1597.8017578125,667.3766479492188,34.36095428466797
0,952,1622.97998046875,631.6775512695312,34.37900924682617
0,953,1603.144287109375,623.9539794921875,34.39701461791992
0,954,1673.133056640625,652.3323974609375,34.41508865356445
0,955,1428.2679443359375,687.0361938476562,34.4330940246582
0,956,1597.1162109375,639.81982421875,34.45109939575195
0,957,1613.687255859375,618.438720703125,34.46923828125
0,958,1502.332275390625,680.3676147460938,34.48727035522461
0,959,1681.757568359375,668.4671020507812,34.50529098510742
0,960,1642.2596435546875,627.6372680664062,34.52330017089844
0,961,1628.581787109375,624.890380859375,34.54137420654297
0,962,1621.6829833984375,616.2219848632812,34.55944061279297
0,963,1566.645263671875,668.3015747070312,34.577301025390625
0,964,1602.9278564453125,628.6595458984375,34.59535598754883
0,965,1683.5272216796875,647.9058837890625,34.613426208496094
0,966,1672.9327392578125,614.3408813476562,34.63145065307617
0,967,1509.8031005859375,645.974609375,34.64913558959961
0,968,1610.9942626953125,612.9923095703125,34.66697311401367
0,969,1672.265380859375,659.4140014648438,34.684967041015625
0,970,1669.892578125,624.7544555664062,34.702693939208984
0,971,1636.87841796875,655.0952758789062,34.72050094604492
0,972,1716.6754150390625,600.1541748046875,34.73830032348633
0,973,1733.137451171875,627.0609741210938,34.75623321533203
0,974,1616.640380859375,669.0735473632812,34.7740364074707
0,975,1572.846923828125,596.0902709960938,34.79181671142578
0,976,1691.496826171875,612.121337890625,34.809627532958984
0,977,1690.776611328125,633.9348754882812,34.82728576660156
0,978,1662.10791015625,716.930419921875,34.84504699707031
0,979,1559.1640625,623.611328125,34.86293029785156
0,980,1705.7628173828125,644.9942626953125,34.8807373046875
0,981,1590.469482421875,670.3635864257812,34.8985481262207
0,982,1733.5421142578125,647.686767578125,34.91633224487305
0,983,1719.8919677734375,657.147705078125,34.93417739868164
0,984,1614.4541015625,628.3117065429688,34.951839447021484
0,985,1599.9541015625,610.781982421875,34.9694709777832
0,986,1629.9833984375,646.0833129882812,34.98725128173828
0,987,1483.305908203125,698.2656860351562,35.00503158569336
0,988,1663.828857421875,657.5545654296875,35.022586822509766
0,989,1658.117919921875,617.29443359375,35.040260314941406
0,990,1632.22509765625,718.3759765625,35.05793380737305
0,991,1580.442626953125,615.972412109375,35.07575607299805
0,992,1619.737548828125,635.6934204101562,35.09339904785156
0,993,1637.5196533203125,586.7642211914062,35.11130905151367
0,994,1701.25927734375,600.3369140625,35.12883758544922
0,995,1572.41015625,636.73876953125,35.146453857421875
0,996,1552.476318359375,590.3663330078125,35.16401672363281
0,997,1591.509521484375,617.5494995117188,35.181846618652344
0,998,1691.080078125,663.26904296875,35.19948196411133
0,999,1653.0421142578125,590.1681518554688,35.217063903808594
0,1000,1579.71728515625,600.329833984375,35.23456954956055
1,1,1725.953857421875,700.9933471679688,0.0
1,2,1563.72998046875,707.7269287109375,1.115464448928833
1,3,1550.025146484375,714.0892944335938,1.5776455402374268
1,4,1561.3858642578125,662.2411499023438,1.932105541229248
1,5,1586.2900390625,640.2455444335938,2.2309296131134033
1,6,1612.907958984375,688.7774047851562,2.494173288345337
1,7,1623.8048095703125,665.32421875,2.732330322265625
1,8,1661.45361328125,687.1541137695312,2.951262950897217
1,9,1611.823974609375,643.5133666992188,3.155100107192993
1,10,1640.9307861328125,777.5552978515625,3.3463587760925293
1,11,1632.21435546875,683.19580078125,3.5275473594665527
1,12,1550.163818359375,690.304443359375,3.699528217315674
1,13,1632.9962158203125,702.2354736328125,3.8639097213745117
1,14,1544.67333984375,695.2734985351562,4.021624565124512
1,15,1684.3751220703125,667.2583618164062,4.173396110534668
1,16,1616.075439453125,677.9414672851562,4.319937229156494
1,17,1585.564697265625,684.6671752929688,4.461662292480469
1,18,1654.37890625,671.7321166992188,4.5991129875183105
1,19,1555.4931640625,805.2982177734375,4.732594966888428
1,20,1553.4400634765625,657.5438842773438,4.8623223304748535
1,21,1580.010498046875,675.5239868164062,4.988529682159424
1,22,1580.72265625,667.3330078125,5.111597537994385
1,23,1653.4346923828125,649.767578125,5.231963634490967
1,24,1517.9437255859375,714.0744018554688,5.349568843841553
1,25,1663.850830078125,674.9482421875,5.464634895324707
1,26,1568.797607421875,676.1427612304688,5.577533721923828
1,27,1571.86474609375,734.8776245117188,5.6880011558532715
1,28,1528.31982421875,689.5652465820312,5.796138763427734
1,29,1574.8692626953125,732.531982421875,5.902419567108154
1,30,1653.1844482421875,715.4371948242188,6.006785869598389
1,31,1668.35498046875,690.8601684570312,6.109614372253418
1,32,1590.5927734375,736.5320434570312,6.210629463195801
1,33,1646.963623046875,692.7747802734375,6.310009956359863
1,34,1568.539306640625,641.3028564453125,6.407773494720459
1,35,1540.0931396484375,723.6629638671875,6.504013538360596
1,36,1574.938720703125,716.083984375,6.598964691162109
1,37,1524.5772705078125,748.244873046875,6.692617416381836
1,38,1656.360107421875,752.589111328125,6.784960746765137
1,39,1606.17578125,758.3097534179688,6.876069068908691
1,40,1545.1065673828125,620.9931640625,6.965873718261719
1,41,1602.92919921875,703.7540283203125,7.054650783538818
1,42,1608.8355712890625,714.765869140625,7.142089366912842
1,43,1572.1417236328125,646.57763671875,7.228566646575928
1,44,1607.984619140625,694.5784301757812,7.314264297485352
1,45,1544.252197265625,639.3680419921875,7.398736000061035
1,46,1633.0272216796875,689.591064453125,7.482108116149902
1,47,1548.3897705078125,693.865478515625,7.564731597900391
1,48,1494.95703125,706.9845581054688,7.64661979675293
1,49,1644.2261962890625,669.982177734375,7.727540016174316
1,50,1541.859619140625,634.8297119140625,7.807823657989502
1,51,1726.140869140625,648.2169189453125,7.887040138244629
1,52,1529.9166259765625,839.892822265625,7.965592861175537
1,53,1620.12548828125,647.5145874023438,8.043360710144043
1,54,1670.33837890625,675.5419311523438,8.120372772216797
1,55,1481.2236328125,637.9008178710938,8.196577072143555
1,56,1642.3798828125,738.11865234375,8.272153854370117
1,57,1550.4908447265625,747.7236328125,8.347050666809082
1,58,1630.6968994140625,660.4100952148438,8.421424865722656
1,59,1593.506103515625,692.8524780273438,8.495034217834473
1,60,1554.724853515625,747.1358642578125,8.567804336547852
1,61,1545.507568359375,775.5389404296875,8.640079498291016
1,62,1619.4957275390625,720.9278564453125,8.711837768554688
1,63,1601.330322265625,702.3684692382812,8.782881736755371
1,64,1640.0999755859375,664.3543090820312,8.853348731994629
1,65,1642.4835205078125,731.4594116210938,8.923269271850586
1,66,1619.2529296875,675.0908203125,8.992704391479492
1,67,1580.80126953125,682.4556274414062,9.061724662780762
1,68,1694.6109619140625,664.1798095703125,9.13021183013916
1,69,1790.42578125,739.913330078125,9.198028564453125
1,70,1665.7958984375,730.7600708007812,9.265376091003418
1,71,1657.118896484375,698.9359130859375,9.332182884216309
1,72,1596.4501953125,721.0640869140625,9.398494720458984
1,73,1727.5743408203125,726.3802490234375,9.464632987976074
1,74,1706.607177734375,687.9260864257812,9.53014087677002
1,75,1554.101806640625,832.6117553710938,9.595261573791504
1,76,1633.2239990234375,689.6812133789062,9.660014152526855
1,77,1633.28515625,711.6841430664062,9.724068641662598
1,78,1606.49658203125,723.674072265625,9.787640571594238
1,79,1552.7568359375,685.40380859375,9.850933074951172
1,80,1655.0966796875,687.1007080078125,9.913843154907227
1,81,1622.1971435546875,674.3695068359375,9.976165771484375
1,82,1604.690673828125,682.0009155273438,10.038443565368652
1,83,1621.6875,731.9334716796875,10.100038528442383
1,84,1610.9228515625,668.4402465820312,10.161423683166504
1,85,1634.8125,703.83740234375,10.222643852233887
1,86,1655.2606201171875,780.8395385742188,10.283292770385742
1,87,1569.0546875,667.4655151367188,10.343438148498535
1,88,1614.161376953125,700.2141723632812,10.403383255004883
1,89,1687.4390869140625,709.6973876953125,10.462937355041504
1,90,1626.201171875,646.7635498046875,10.522314071655273
1,91,1577.039794921875,635.250732421875,10.581233978271484
1,92,1622.7764892578125,760.2923583984375,10.639808654785156
1,93,1512.87060546875,725.3803100585938,10.697969436645508
1,94,1609.16015625,790.0736694335938,10.755830764770508
1,95,1608.233642578125,666.8665771484375,10.813333511352539
1,96,1497.711181640625,735.6402587890625,10.870866775512695
1,97,1721.005859375,667.1459350585938,10.927967071533203
1,98,1488.0123291015625,674.5177001953125,10.984798431396484
1,99,1580.6533203125,719.5065307617188,11.04117202758789
1,100,1541.76806640625,684.0433959960938,11.09720516204834
1,101,1517.42724609375,735.5697631835938,11.1531400680542
1,102,1667.3135986328125,742.005126953125,11.20878791809082
1,103,1631.61181640625,744.8795166015625,11.264296531677246
1,104,1515.13818359375,826.9130249023438,11.31955623626709
1,105,1630.599365234375,659.3770751953125,11.37452507019043
1,106,1591.6590576171875,662.6858520507812,11.428912162780762
1,107,1558.1142578125,663.8309326171875,11.483149528503418
1,108,1649.9407958984375,715.500244140625,11.53705883026123
1,109,1553.978759765625,695.0408325195312,11.590876579284668
1,110,1737.1356201171875,670.0857543945312,11.644448280334473
1,111,1625.2799072265625,753.1648559570312,11.69766616821289
1,112,1616.3966064453125,653.70654296875,11.750722885131836
1,113,1535.6334228515625,679.7611694335938,11.803424835205078
1,114,1662.425537109375,704.1279907226562,11.855810165405273
1,115,1611.637451171875,735.50634765625,11.908137321472168
1,116,1630.999267578125,709.3389892578125,11.960049629211426
1,117,1613.591064453125,770.61328125,12.012032508850098
1,118,1533.2236328125,728.3973999023438,12.063657760620117
1,119,1552.4779052734375,777.8372802734375,12.115108489990234
1,120,1643.048095703125,699.4541015625,12.166318893432617
1,121,1612.220947265625,714.5576782226562,12.21728229522705
1,122,1612.653076171875,679.4013061523438,12.268001556396484
1,123,1638.79443359375,726.7203369140625,12.318716049194336
1,124,1637.539306640625,727.60400390625,12.36925983428955
1,125,1563.010986328125,689.3076171875,12.419343948364258
1,126,1475.223388671875,715.6875,12.46925163269043
1,127,1670.963134765625,660.4921264648438,12.51912784576416
1,128,1674.392578125,688.4902954101562,12.568788528442383
1,129,1685.065185546875,712.9420166015625,12.618212699890137
1,130,1583.114013671875,656.0411376953125,12.667489051818848
1,131,1562.6029052734375,701.7669677734375,12.716475486755371
1,132,1645.9237060546875,696.94482421875,12.765329360961914
1,133,1659.1671142578125,653.5172119140625,12.814109802246094
1,134,1619.1630859375,734.1234741210938,12.862585067749023
1,135,1641.128662109375,664.8285522460938,12.910759925842285
1,136,1746.0506591796875,694.7547607421875,12.958748817443848
1,137,1684.55126953125,693.1248168945312,13.006611824035645
1,138,1569.9305419921875,688.4415893554688,13.054502487182617
1,139,1742.41943359375,725.2311401367188,13.10215950012207
1,140,1692.92236328125,699.7513427734375,13.14975643157959
1,141,1558.62060546875,696.666259765625,13.197112083435059
1,142,1582.27880859375,640.7513427734375,13.244043350219727
1,143,1644.896240234375,628.4928588867188,13.291000366210938
1,144,1540.71044921875,672.810546875,13.337874412536621
1,145,1629.252197265625,765.5982055664062,13.384450912475586
1,146,1604.997802734375,759.4285888671875,13.430953025817871
1,147,1636.004638671875,706.7350463867188,13.47725772857666
1,148,1584.7625732421875,733.26953125,13.523480415344238
1,149,1618.009033203125,699.74072265625,13.569358825683594
1,150,1562.145263671875,665.8696899414062,13.615035057067871
1,151,1593.16845703125,697.08447265625,13.660600662231445
1,152,1643.5118408203125,739.7377319335938,13.706005096435547
1,153,1536.93603515625,641.1976318359375,13.751131057739258
1,154,1563.9525146484375,663.342041015625,13.796302795410156
1,155,1599.547607421875,748.8787231445312,13.84113883972168
1,156,1540.18359375,681.3253784179688,13.88591194152832
1,157,1617.404052734375,707.6235961914062,13.930619239807129
1,158,1638.386474609375,702.68701171875,13.975142478942871
1,159,1505.3558349609375,761.8785400390625,14.019596099853516
1,160,1646.056884765625,652.0342407226562,14.06387710571289
1,161,1638.27001953125,704.687744140625,14.10802936553955
1,162,1584.18310546875,668.2012329101562,14.152144432067871
1,163,1689.6004638671875,698.8908081054688,14.196052551269531
1,164,1573.085205078125,714.2741088867188,14.23996639251709
1,165,1631.5916748046875,736.2059326171875,14.283563613891602
1,166,1724.965576171875,643.4092407226562,14.326979637145996
1,167,1622.7691650390625,738.8805541992188,14.37035083770752
1,168,1574.12548828125,711.8728637695312,14.413552284240723
1,169,1630.114990234375,772.8757934570312,14.456796646118164
1,170,1641.3701171875,758.239501953125,14.499677658081055
1,171,1562.55419921875,703.4761352539062,14.54240608215332
1,172,1563.5029296875,751.700927734375,14.585246086120605
1,173,1609.390380859375,656.0089111328125,14.627781867980957
1,174,1687.2728271484375,712.9669799804688,14.670351028442383
1,175,1547.2119140625,699.2622680664062,14.71269416809082
1,176,1682.141845703125,679.462890625,14.754842758178711
1,177,1526.0400390625,671.3277587890625,14.797024726867676
1,178,1591.914794921875,693.6373291015625,14.83901596069336
1,179,1555.6904296875,680.3829345703125,14.880789756774902
1,180,1662.1055908203125,765.8180541992188,14.922432899475098
1,181,1498.58056640625,685.19873046875,14.964190483093262
1,182,1613.7884521484375,660.3803100585938,15.005587577819824
1,183,1641.337646484375,734.482177734375,15.047017097473145
1,184,1684.08837890625,701.7733154296875,15.08818244934082
1,185,1617.44140625,671.1576538085938,15.129168510437012
1,186,1550.20947265625,642.1435546875,15.170343399047852
1,187,1651.9171142578125,768.757080078125,15.211189270019531
1,188,1665.762939453125,813.6426391601562,15.252120018005371
1,189,1629.0367431640625,683.4171752929688,15.292608261108398
1,190,1640.4549560546875,718.25390625,15.333300590515137
1,191,1681.831298828125,717.7989501953125,15.37370491027832
1,192,1570.0201416015625,670.8885498046875,15.414175987243652
1,193,1621.9534912109375,710.586669921875,15.454473495483398
1,194,1621.10009765625,662.4281005859375,15.494624137878418
1,195,1621.523681640625,712.5537109375,15.534557342529297
1,196,1530.548583984375,662.9549560546875,15.57457160949707
1,197,1459.693603515625,713.3255004882812,15.614563941955566
1,198,1725.14990234375,692.08349609375,15.654342651367188
1,199,1598.234130859375,699.5723876953125,15.693840026855469
1,200,1544.59326171875,640.2757568359375,15.733586311340332
1,201,1590.397216796875,698.1748046875,15.773009300231934
1,202,1586.47802734375,663.7840576171875,15.812440872192383
1,203,1566.05810546875,727.7018432617188,15.851617813110352
1,204,1487.511962890625,755.8319091796875,15.891036987304688
1,205,1632.4610595703125,659.5382080078125,15.930092811584473
1,206,1617.623046875,783.6200561523438,15.96917724609375
1,207,1481.89453125,681.0934448242188,16.008228302001953
1,208,1567.7880859375,685.9926147460938,16.046947479248047
1,209,1659.2197265625,678.4710693359375,16.08563804626465
1,210,1575.0230712890625,643.4822387695312,16.124284744262695
1,211,1674.355224609375,689.6739501953125,16.162681579589844
1,212,1616.806884765625,738.7605590820312,16.201107025146484
1,213,1544.975830078125,667.0865478515625,16.239402770996094
1,214,1558.70361328125,674.8939208984375,16.27778434753418
1,215,1608.791259765625,660.9519653320312,16.31595802307129
1,216,1643.822021484375,769.869384765625,16.353910446166992
1,217,1801.990478515625,723.1895141601562,16.39185905456543
1,218,1661.77392578125,661.4917602539062,16.42966651916504
1,219,1586.877685546875,698.7184448242188,16.467599868774414
1,220,1569.738525390625,653.3117065429688,16.505334854125977
1,221,1618.8837890625,697.1465454101562,16.54298973083496
1,222,1579.281982421875,684.149658203125,16.580528259277344
1,223,1630.65283203125,746.4146118164062,16.617935180664062
1,224,1623.240234375,640.0582885742188,16.65538215637207
1,225,1581.8284912109375,806.4027099609375,16.692733764648438
1,226,1577.2513427734375,689.2446899414062,16.729793548583984
1,227,1593.46728515625,679.4595947265625,16.766897201538086
1,228,1538.6953125,664.3761596679688,16.80397605895996
1,229,1652.7413330078125,683.9446411132812,16.840896606445312
1,230,1643.210693359375,681.1829223632812,16.87776756286621
1,231,1654.52978515625,650.8265380859375,16.914615631103516
1,232,1711.66943359375,658.0106201171875,16.95111656188965
1,233,1605.030517578125,649.64453125,16.987716674804688
1,234,1588.606689453125,654.4022216796875,17.024524688720703
1,235,1620.9658203125,670.936767578125,17.06114959716797
1,236,1617.348388671875,647.6939697265625,17.097618103027344
1,237,1629.9759521484375,655.264892578125,17.134044647216797
1,238,1594.1962890625,672.765380859375,17.170120239257812
1,239,1630.41162109375,664.0377197265625,17.20631980895996
1,240,1497.50830078125,775.6610717773438,17.242515563964844
1,241,1655.7689208984375,711.9902954101562,17.278465270996094
1,242,1597.75244140625,680.4329223632812,17.314552307128906
1,243,1519.39111328125,701.7606811523438,17.35029411315918
1,244,1699.055908203125,655.3134765625,17.38614845275879
1,245,1584.86962890625,710.445556640625,17.421924591064453
1,246,1671.47705078125,714.9761352539062,17.45758056640625
1,247,1598.7755126953125,670.8255615234375,17.493350982666016
1,248,1595.85302734375,656.0844116210938,17.528738021850586
1,249,1642.282470703125,632.420654296875,17.564260482788086
1,250,1461.746826171875,630.5540161132812,17.599559783935547
1,251,1621.975830078125,717.5127563476562,17.634910583496094
1,252,1679.9222412109375,664.8690795898438,17.67023468017578
1,253,1585.654296875,683.5922241210938,17.70548439025879
1,254,1637.0618896484375,710.873046875,17.74057960510254
1,255,1664.387451171875,637.7144775390625,17.77560043334961
1,256,1602.103515625,807.7362060546875,17.8106632232666
1,257,1681.01318359375,701.1680908203125,17.845491409301758
1,258,1628.818359375,691.282958984375,17.880239486694336
1,259,1588.444091796875,732.5785522460938,17.914793014526367
1,260,1703.1708984375,679.5891723632812,17.94937515258789
1,261,1654.23876953125,675.1759643554688,17.983808517456055
1,262,1618.0732421875,705.9044799804688,18.01837730407715
1,263,1547.0267333984375,673.4495239257812,18.052762985229492
1,264,1603.26318359375,728.678466796875,18.087099075317383
1,265,1590.869140625,643.1522827148438,18.121578216552734
1,266,1570.966796875,754.6891479492188,18.155900955200195
1,267,1565.77734375,652.585693359375,18.190080642700195
1,268,1667.4478759765625,684.216552734375,18.224306106567383
1,269,1549.5048828125,698.6333618164062,18.258438110351562
1,270,1638.814697265625,670.3858032226562,18.29242515563965
1,271,1656.2637939453125,688.5782470703125,18.32634735107422
1,272,1590.763916015625,773.6675415039062,18.360248565673828
1,273,1639.39013671875,763.0214233398438,18.39411735534668
1,274,1676.721923828125,672.3899536132812,18.4279842376709
1,275,1658.958984375,698.2033081054688,18.461727142333984
1,276,1542.347412109375,664.8563842773438,18.495498657226562
1,277,1572.59912109375,742.8884887695312,18.52894401550293
1,278,1611.718994140625,662.213623046875,18.56257438659668
1,279,1486.926025390625,647.3195190429688,18.59617805480957
1,280,1660.636474609375,684.4821166992188,18.629552841186523
1,281,1528.497802734375,638.6241455078125,18.662883758544922
1,282,1701.239990234375,681.4427490234375,18.696189880371094
1,283,1670.001220703125,677.4038696289062,18.729137420654297
1,284,1630.891357421875,632.2349853515625,18.762557983398438
1,285,1709.776611328125,671.5333251953125,18.795654296875
1,286,1598.2774658203125,674.7931518554688,18.828723907470703
1,287,1635.410888671875,656.0304565429688,18.86176109313965
1,288,1663.375,656.6298217773438,18.894832611083984
1,289,1569.572265625,690.2733154296875,18.927597045898438
1,290,1612.796142578125,672.4138793945312,18.96035385131836
1,291,1636.93798828125,689.2948608398438,18.993059158325195
1,292,1645.7080078125,678.2496948242188,19.026023864746094
1,293,1608.1650390625,739.4117431640625,19.05870246887207
1,294,1544.677001953125,684.1842041015625,19.09125328063965
1,295,1635.213134765625,688.332275390625,19.12381362915039
1,296,1550.5474853515625,686.5565185546875,19.15624237060547
1,297,1592.1160888671875,641.5249633789062,19.18878173828125
1,298,1646.362060546875,683.0376586914062,19.221248626708984
1,299,1552.6104736328125,667.6226196289062,19.253625869750977
1,300,1660.0546875,745.9321899414062,19.285818099975586
1,301,1623.44677734375,709.3685913085938,19.31794548034668
1,302,1686.085693359375,678.4940185546875,19.350173950195312
1,303,1631.128662109375,660.0811767578125,19.382164001464844
1,304,1689.6463623046875,746.7804565429688,19.414287567138672
1,305,1636.5013427734375,677.0086059570312,19.446094512939453
1,306,1660.892822265625,695.9961547851562,19.47783660888672
1,307,1697.46435546875,699.3557739257812,19.509672164916992
1,308,1630.0904541015625,746.6637573242188,19.54148292541504
1,309,1691.925048828125,742.8026123046875,19.5732479095459
1,310,1642.23779296875,839.1497802734375,19.604692459106445
1,311,1529.7972412109375,725.5531616210938,19.636409759521484
1,312,1697.97998046875,656.5878295898438,19.66811180114746
1,313,1518.92333984375,643.2494506835938,19.699552536010742
1,314,1577.2080078125,682.9896240234375,19.73129653930664
1,315,1712.5501708984375,690.3250122070312,19.762828826904297
1,316,1550.0960693359375,665.1060791015625,19.79415512084961
1,317,1650.20166015625,721.5208740234375,19.82547378540039
1,318,1573.531494140625,665.6755981445312,19.8568172454834
1,319,1662.378662109375,704.0258178710938,19.888093948364258
1,320,1644.565673828125,680.790283203125,19.91935157775879
1,321,1667.734619140625,761.6278076171875,19.950565338134766
1,322,1613.3505859375,675.2245483398438,19.981882095336914
1,323,1546.168212890625,801.6615600585938,20.013084411621094
1,324,1596.7757568359375,665.8464965820312,20.044172286987305
1,325,1626.741455078125,759.2052001953125,20.075061798095703
1,326,1669.19873046875,666.0196533203125,20.106006622314453
1,327,1574.3326416015625,650.385009765625,20.1368465423584
1,328,1635.7691650390625,698.4546508789062,20.16767120361328
1,329,1550.436279296875,651.271728515625,20.19841194152832
1,330,1631.235107421875,642.6781005859375,20.229154586791992
1,331,1627.705078125,740.6846313476562,20.25977897644043
1,332,1538.2899169921875,777.4874877929688,20.290395736694336
1,333,1665.85693359375,708.5537109375,20.321096420288086
1,334,1541.3662109375,740.5660400390625,20.351736068725586
1,335,1668.230712890625,655.4501342773438,20.3824520111084
1,336,1707.07861328125,705.1638793945312,20.41265106201172
1,337,1504.807373046875,798.5236206054688,20.443021774291992
1,338,1593.323486328125,663.1595458984375,20.473548889160156
1,339,1671.7471923828125,725.3182983398438,20.503814697265625
1,340,1649.07861328125,632.163330078125,20.534021377563477
1,341,1648.074951171875,687.6322021484375,20.564102172851562
1,342,1627.302490234375,696.464599609375,20.594308853149414
1,343,1552.378662109375,687.6968994140625,20.624298095703125
1,344,1556.2265625,654.0946655273438,20.654329299926758
1,345,1681.1390380859375,726.2398681640625,20.684444427490234
1,346,1629.820068359375,675.7116088867188,20.71443748474121
1,347,1588.493896484375,704.099365234375,20.744232177734375
1,348,1611.090576171875,646.3626708984375,20.774152755737305
1,349,1581.74267578125,677.36669921875,20.80401611328125
1,350,1467.34619140625,710.5130615234375,20.833709716796875
1,351,1613.984375,655.2722778320312,20.863697052001953
1,352,1546.3043212890625,673.0182495117188,20.89348030090332
1,353,1601.83251953125,643.2122192382812,20.92327880859375
1,354,1595.750732421875,647.429931640625,20.95301628112793
1,355,1658.1259765625,641.6510620117188,20.982641220092773
1,356,1594.399169921875,690.5130615234375,21.01235008239746
1,357,1665.194091796875,690.95458984375,21.041919708251953
1,358,1569.642822265625,663.0760498046875,21.07147216796875
1,359,1594.011474609375,681.4075927734375,21.100889205932617
1,360,1641.8038330078125,654.0785522460938,21.1302490234375
1,361,1629.762451171875,678.2075805664062,21.159690856933594
1,362,1682.8795166015625,649.81640625,21.188940048217773
1,363,1655.176513671875,684.9283447265625,21.218236923217773
1,364,1582.27392578125,688.3062133789062,21.247421264648438
1,365,1673.185791015625,673.8067016601562,21.276662826538086
1,366,1580.346435546875,639.5115356445312,21.305763244628906
1,367,1620.439453125,632.9559326171875,21.335084915161133
1,368,1680.96142578125,714.2171020507812,21.364309310913086
1,369,1585.7174072265625,679.880126953125,21.3934383392334
1,370,1578.58740234375,806.12744140625,21.422433853149414
1,371,1650.85400390625,738.050048828125,21.45172119140625
1,372,1536.80078125,757.724609375,21.480796813964844
1,373,1615.5673828125,686.854736328125,21.509613037109375
1,374,1656.2542724609375,675.9593505859375,21.538414001464844
1,375,1549.72412109375,765.2329711914062,21.567293167114258
1,376,1753.9805908203125,685.4270629882812,21.596065521240234
1,377,1601.4805908203125,699.1829223632812,21.624677658081055
1,378,1723.5509033203125,757.2662963867188,21.65336036682129
1,379,1683.46240234375,683.0890502929688,21.68190574645996
1,380,1760.1845703125,699.6983032226562,21.710494995117188
1,381,1598.399658203125,713.8917846679688,21.739032745361328
1,382,1582.530517578125,682.9829711914062,21.76752471923828
1,383,1629.477294921875,698.9434814453125,21.79608154296875
1,384,1526.294189453125,701.3941040039062,21.82460594177246
1,385,1687.6749267578125,661.4472045898438,21.853172302246094
1,386,1457.18994140625,650.4888305664062,21.881553649902344
1,387,1524.820068359375,685.9943237304688,21.909982681274414
1,388,1676.8468017578125,643.17431640625,21.93831443786621
1,389,1633.6768798828125,719.8109741210938,21.966644287109375
1,390,1558.7567138671875,628.1277465820312,21.994924545288086
1,391,1664.314697265625,648.5728759765625,22.02305793762207
1,392,1586.7125244140625,721.5496215820312,22.051145553588867
1,393,1611.9312744140625,819.74609375,22.07925796508789
1,394,1538.418212890625,649.7091674804688,22.107332229614258
1,395,1619.542724609375,662.7948608398438,22.135345458984375
1,396,1681.098876953125,728.4146118164062,22.1635684967041
1,397,1686.165283203125,656.7283325195312,22.191570281982422
1,398,1615.689208984375,701.3204956054688,22.21955680847168
1,399,1586.817626953125,688.3259887695312,22.24757957458496
1,400,1599.52685546875,638.0296630859375,22.27560043334961
1,401,1627.78466796875,712.5679931640625,22.303569793701172
1,402,1506.409423828125,761.0151977539062,22.331619262695312
1,403,1672.876220703125,664.07958984375,22.359535217285156
1,404,1653.286376953125,661.2976684570312,22.387208938598633
1,405,1554.45947265625,677.523193359375,22.414953231811523
1,406,1477.7559814453125,676.6475830078125,22.442764282226562
1,407,1610.815185546875,657.697021484375,22.470443725585938
1,408,1549.7464599609375,761.6216430664062,22.498090744018555
1,409,1582.150634765625,625.8153686523438,22.525794982910156
1,410,1650.79345703125,699.4217529296875,22.55326271057129
1,411,1651.26318359375,700.58984375,22.58077621459961
1,412,1631.8212890625,712.4091796875,22.60834312438965
1,413,1604.2767333984375,680.4411010742188,22.635717391967773
1,414,1550.361328125,655.27734375,22.66306495666504
1,415,1661.253173828125,667.022705078125,22.690509796142578
1,416,1615.254150390625,651.90966796875,22.71794319152832
1,417,1520.0150146484375,620.443603515625,22.745384216308594
1,418,1489.185791015625,666.33740234375,22.772815704345703
1,419,1557.9697265625,713.01220703125,22.80000114440918
1,420,1583.9476318359375,709.7723999023438,22.82730484008789
1,421,1584.1221923828125,800.1991577148438,22.85454750061035
1,422,1599.687255859375,745.0205688476562,22.881677627563477
1,423,1600.236328125,682.6434936523438,22.908674240112305
1,424,1569.7069091796875,638.5335693359375,22.93585777282715
1,425,1641.357177734375,642.389892578125,22.963056564331055
1,426,1717.0784912109375,696.4893188476562,22.990070343017578
1,427,1695.587890625,741.7545776367188,23.017311096191406
1,428,1520.9935302734375,689.1722412109375,23.044437408447266
1,429,1555.431640625,667.3012084960938,23.071455001831055
1,430,1635.342529296875,669.2129516601562,23.09832191467285
1,431,1634.49609375,655.6851196289062,23.12509536743164
1,432,1661.56884765625,679.093017578125,23.151891708374023
1,433,1560.967529296875,664.16650390625,23.178678512573242
1,434,1731.1024169921875,726.4913330078125,23.205440521240234
1,435,1666.9014892578125,698.7138061523438,23.2321834564209
1,436,1676.440673828125,671.8570556640625,23.258710861206055
1,437,1722.187255859375,716.3106079101562,23.28544807434082
1,438,1631.1629638671875,649.570556640625,23.312131881713867
1,439,1679.9296875,690.72412109375,23.338850021362305
1,440,1582.8426513671875,628.4862670898438,23.365524291992188
1,441,1619.575927734375,672.3591918945312,23.392187118530273
1,442,1567.52587890625,645.1494140625,23.418773651123047
1,443,1732.497314453125,641.9130249023438,23.44528579711914
1,444,1560.292236328125,655.9303588867188,23.471805572509766
1,445,1678.163818359375,706.5341186523438,23.49838638305664
1,446,1593.27880859375,645.302001953125,23.524934768676758
1,447,1656.56640625,642.6783447265625,23.551467895507812
1,448,1636.615966796875,712.9768676757812,23.577796936035156
1,449,1518.3953857421875,648.9461669921875,23.60408592224121
1,450,1621.189453125,751.8551635742188,23.630441665649414
1,451,1581.518310546875,685.73974609375,23.656702041625977
1,452,1646.77099609375,637.2900390625,23.68303108215332
1,453,1597.760498046875,641.1849365234375,23.709150314331055
1,454,1578.216796875,740.8681030273438,23.735401153564453
1,455,1582.232421875,699.1497192382812,23.761581420898438
1,456,1628.203369140625,693.8624877929688,23.78765869140625
1,457,1692.736328125,693.0289916992188,23.813758850097656
1,458,1600.378662109375,662.2444458007812,23.839719772338867
1,459,1564.147216796875,659.0585327148438,23.865699768066406
1,460,1565.4036865234375,708.8430786132812,23.891637802124023
1,461,1621.8323974609375,658.3740844726562,23.91765022277832
1,462,1709.5771484375,730.28564453125,23.943635940551758
1,463,1550.161865234375,692.3133544921875,23.96955680847168
1,464,1635.9830322265625,704.0585327148438,23.995729446411133
1,465,1644.9132080078125,659.703369140625,24.02165412902832
1,466,1648.9130859375,740.435546875,24.047534942626953
1,467,1498.320068359375,672.9563598632812,24.07335662841797
1,468,1544.0064697265625,639.7988891601562,24.099239349365234
1,469,1650.09130859375,683.7981567382812,24.12510108947754
1,470,1630.125244140625,710.9111938476562,24.150802612304688
1,471,1591.199462890625,638.1187744140625,24.176424026489258
1,472,1513.5126953125,650.62646484375,24.20220184326172
1,473,1603.822265625,618.0308837890625,24.2277889251709
1,474,1509.2677001953125,639.3381958007812,24.253427505493164
1,475,1633.873046875,647.1502685546875,24.279123306274414
1,476,1576.871337890625,658.1161499023438,24.304729461669922
1,477,1584.154296875,635.9373168945312,24.3300838470459
1,478,1668.7139892578125,667.4937744140625,24.355619430541992
1,479,1677.5908203125,676.60888671875,24.381139755249023
1,480,1616.11083984375,626.5980834960938,24.406654357910156
1,481,1620.5213623046875,658.7967529296875,24.43212127685547
1,482,1533.1177978515625,637.0486450195312,24.457592010498047
1,483,1625.41845703125,663.5237426757812,24.483104705810547
1,484,1479.76806640625,730.9837646484375,24.508726119995117
1,485,1581.564208984375,654.8427734375,24.533946990966797
1,486,1626.491455078125,671.0708618164062,24.559118270874023
1,487,1629.1612548828125,638.1571044921875,24.584304809570312
1,488,1665.21630859375,680.7125244140625,24.6096134185791
1,489,1733.5850830078125,631.659423828125,24.634990692138672
1,490,1633.519775390625,688.0634765625,24.660350799560547
1,491,1682.5140380859375,696.0548706054688,24.68564224243164
1,492,1592.973388671875,685.3512573242188,24.710926055908203
1,493,1601.456787109375,745.6936645507812,24.736116409301758
1,494,1580.926513671875,692.5700073242188,24.761093139648438
1,495,1661.80517578125,670.277587890625,24.786209106445312
1,496,1704.996826171875,662.1859130859375,24.811452865600586
1,497,1564.084228515625,639.1808471679688,24.836519241333008
1,498,1584.88525390625,650.4097290039062,24.861587524414062
1,499,1610.916748046875,668.7420043945312,24.886381149291992
1,500,1622.1771240234375,667.2550659179688,24.91136360168457
1,501,1601.2454833984375,629.4520263671875,24.936214447021484
1,502,1679.5732421875,635.6559448242188,24.961103439331055
1,503,1541.03271484375,653.4981079101562,24.9860897064209
1,504,1605.1787109375,670.301025390625,25.010913848876953
1,505,1547.27001953125,814.97119140625,25.03567886352539
1,506,1630.04833984375,695.195068359375,25.060684204101562
1,507,1574.243896484375,659.5131225585938,25.085424423217773
1,508,1554.6712646484375,766.8348999023438,25.11030387878418
1,509,1682.1923828125,727.0420532226562,25.135112762451172
1,510,1613.709228515625,707.1450805664062,25.159868240356445
1,511,1572.109375,660.1507568359375,25.184572219848633
1,512,1589.5689697265625,904.248779296875,25.209123611450195
1,513,1536.719482421875,736.7991333007812,25.233945846557617
1,514,1631.6119384765625,713.0364379882812,25.25847053527832
1,515,1525.9407958984375,674.80712890625,25.283008575439453
1,516,1645.281982421875,723.1912231445312,25.30751609802246
1,517,1655.734375,683.2815551757812,25.332029342651367
1,518,1656.702392578125,647.8947143554688,25.35645866394043
1,519,1585.66552734375,657.5043334960938,25.380891799926758
1,520,1621.695068359375,678.3810424804688,25.40530014038086
1,521,1599.686279296875,629.2863159179688,25.429712295532227
1,522,1649.7532958984375,630.12890625,25.45417594909668
1,523,1668.4290771484375,676.4083862304688,25.47850227355957
1,524,1596.509521484375,637.3150024414062,25.50279998779297
1,525,1582.62841796875,671.0159912109375,25.527252197265625
1,526,1572.846923828125,676.9647827148438,25.5515079498291
1,527,1629.4810791015625,641.3817749023438,25.575902938842773
1,528,1661.8779296875,641.5524291992188,25.600278854370117
1,529,1675.98388671875,695.5411376953125,25.624488830566406
1,530,1601.2412109375,706.85302734375,25.64873504638672
1,531,1592.4814453125,659.49267578125,25.672887802124023
1,532,1585.003173828125,670.7191772460938,25.697147369384766
1,533,1646.0621337890625,644.319580078125,25.72137451171875
1,534,1559.093994140625,670.0509033203125,25.745441436767578
1,535,1512.5068359375,650.2088623046875,25.769319534301758
1,536,1635.0865478515625,652.825927734375,25.793350219726562
1,537,1629.078857421875,633.6212768554688,25.81755256652832
1,538,1582.942626953125,683.0577392578125,25.84151268005371
1,539,1655.511474609375,668.156982421875,25.86537742614746
1,540,1761.108642578125,701.126220703125,25.8893985748291
1,541,1606.347900390625,647.7500610351562,25.913503646850586
1,542,1624.1070556640625,668.7545776367188,25.9376277923584
1,543,1706.650634765625,667.2664184570312,25.961631774902344
1,544,1565.9989013671875,837.4424438476562,25.98558807373047
1,545,1655.900634765625,624.8480834960938,26.009424209594727
1,546,1660.26171875,669.0549926757812,26.033212661743164
1,547,1590.372802734375,656.1799926757812,26.05707550048828
1,548,1655.25634765625,720.9276123046875,26.08087730407715
1,549,1585.08349609375,681.6773681640625,26.104581832885742
1,550,1705.54638671875,678.9241333007812,26.128299713134766
1,551,1600.40576171875,656.286865234375,26.152090072631836
1,552,1541.2332763671875,642.408203125,26.175979614257812
1,553,1629.070068359375,640.4177856445312,26.19964027404785
1,554,1596.340576171875,763.2303466796875,26.22348403930664
1,555,1682.971923828125,703.98193359375,26.24715805053711
1,556,1644.1884765625,619.6859130859375,26.270814895629883
1,557,1509.31494140625,639.0653076171875,26.294414520263672
1,558,1507.71142578125,638.3456420898438,26.318193435668945
1,559,1604.1275634765625,619.116455078125,26.341934204101562
1,560,1589.336181640625,679.465576171875,26.36551284790039
1,561,1568.030029296875,627.0054321289062,26.38921356201172
1,562,1546.726806640625,745.321044921875,26.412546157836914
1,563,1689.893310546875,718.0350952148438,26.436071395874023
1,564,1496.5595703125,731.1142578125,26.459468841552734
1,565,1652.8466796875,671.6160888671875,26.482929229736328
1,566,1595.776611328125,630.5744018554688,26.506454467773438
1,567,1542.860595703125,662.9547729492188,26.52981948852539
1,568,1676.1939697265625,671.7723999023438,26.552968978881836
1,569,1617.0888671875,863.5602416992188,26.57634735107422
1,570,1576.001708984375,652.291015625,26.599689483642578
1,571,1560.8636474609375,743.744873046875,26.623050689697266
1,572,1623.7069091796875,666.5497436523438,26.64634132385254
1,573,1577.232666015625,728.4547729492188,26.669437408447266
1,574,1615.0693359375,650.2901000976562,26.692548751831055
1,575,1606.860107421875,644.089599609375,26.715839385986328
1,576,1670.486083984375,661.5816650390625,26.738739013671875
1,577,1644.7066650390625,670.5205078125,26.761999130249023
1,578,1615.4560546875,679.9144897460938,26.785205841064453
1,579,1636.8028564453125,632.2100219726562,26.808372497558594
1,580,1676.7579345703125,635.8521118164062,26.83138656616211
1,581,1640.242431640625,652.1912841796875,26.85458755493164
1,582,1599.824951171875,674.4951782226562,26.877702713012695
1,583,1549.320556640625,639.1987915039062,26.90091896057129
1,584,1577.4736328125,665.983154296875,26.92408561706543
1,585,1657.1778564453125,632.7047729492188,26.947006225585938
1,586,1656.4697265625,654.357666015625,26.969938278198242
1,587,1576.32958984375,684.598876953125,26.993093490600586
1,588,1594.520751953125,657.1368408203125,27.016122817993164
1,589,1720.0491943359375,661.962890625,27.039213180541992
1,590,1704.8087158203125,644.7554321289062,27.06179428100586
1,591,1578.432373046875,668.3694458007812,27.084741592407227
1,592,1645.8642578125,620.6449584960938,27.107826232910156
1,593,1528.23974609375,672.8474731445312,27.1308650970459
1,594,1633.74072265625,687.15625,27.153697967529297
1,595,1660.7991943359375,652.4627685546875,27.176252365112305
1,596,1656.56689453125,655.1142578125,27.19911766052246
1,597,1767.799560546875,656.0076293945312,27.22201919555664
1,598,1638.190185546875,759.9331665039062,27.244739532470703
1,599,1473.1328125,643.6385498046875,27.267663955688477
1,600,1708.087646484375,650.9366455078125,27.290428161621094
1,601,1609.223388671875,683.8594970703125,27.313152313232422
1,602,1623.25,636.8912963867188,27.335954666137695
1,603,1720.6282958984375,659.6449584960938,27.3586483001709
1,604,1660.55078125,696.6168212890625,27.381380081176758
1,605,1673.8739013671875,647.8276977539062,27.40407371520996
1,606,1650.2393798828125,626.2646484375,27.426820755004883
1,607,1605.5008544921875,634.7883911132812,27.44965362548828
1,608,1468.38916015625,623.150146484375,27.472312927246094
1,609,1554.06396484375,656.6497802734375,27.494884490966797
1,610,1561.5408935546875,615.2706298828125,27.517475128173828
1,611,1553.9495849609375,676.5384521484375,27.5399227142334
1,612,1583.191650390625,664.6070556640625,27.562654495239258
1,613,1565.46044921875,652.86376953125,27.585044860839844
1,614,1450.220703125,609.7007446289062,27.607667922973633
1,615,1550.7347412109375,688.969482421875,27.630096435546875
1,616,1713.839599609375,702.7487182617188,27.652587890625
1,617,1604.7550048828125,643.6757202148438,27.674867630004883
1,618,1594.034912109375,704.11474609375,27.697364807128906
1,619,1616.7763671875,598.7246704101562,27.71979331970215
1,620,1546.322021484375,668.7847290039062,27.742414474487305
1,621,1601.444091796875,666.28369140625,27.764902114868164
1,622,1535.0928955078125,619.7894287109375,27.7873477935791
1,623,1576.811279296875,659.057373046875,27.809722900390625
1,624,1601.2506103515625,776.4558715820312,27.832073211669922
1,625,1632.674560546875,651.3043823242188,27.854507446289062
1,626,1610.537109375,609.0161743164062,27.8768253326416
1,627,1689.092529296875,654.7418212890625,27.89911651611328
1,628,1591.30224609375,666.8297729492188,27.921436309814453
1,629,1631.16552734375,668.6937866210938,27.943632125854492
1,630,1653.32080078125,624.3428344726562,27.966026306152344
1,631,1589.601806640625,711.3035278320312,27.98819351196289
1,632,1621.916015625,644.3704833984375,28.01042366027832
1,633,1589.11279296875,663.2681274414062,28.03249740600586
1,634,1590.612060546875,638.7342529296875,28.054637908935547
1,635,1598.624755859375,661.8038940429688,28.07686996459961
1,636,1512.2371826171875,590.6222534179688,28.098787307739258
1,637,1591.455322265625,649.5506591796875,28.12088966369629
1,638,1621.8260498046875,622.9769287109375,28.142826080322266
1,639,1577.632568359375,693.9638671875,28.164865493774414
1,640,1565.924560546875,630.0264892578125,28.18692970275879
1,641,1655.51318359375,637.6458740234375,28.209035873413086
1,642,1631.291748046875,693.8079833984375,28.23099136352539
1,643,1561.622802734375,633.4353637695312,28.25297737121582
1,644,1500.44140625,982.79736328125,28.274948120117188
1,645,1664.404052734375,700.5050048828125,28.296762466430664
1,646,1578.6572265625,611.1907348632812,28.31858253479004
1,647,1611.821044921875,647.703125,28.340557098388672
1,648,1664.556640625,635.419921875,28.36244773864746
1,649,1509.329833984375,679.8612060546875,28.384428024291992
1,650,1631.66748046875,633.4288330078125,28.406251907348633
1,651,1626.9013671875,656.0051879882812,28.428117752075195
1,652,1577.968994140625,644.0069580078125,28.449914932250977
1,653,1600.61474609375,631.4666748046875,28.471694946289062
1,654,1600.8193359375,680.3348999023438,28.493438720703125
1,655,1619.750732421875,648.12646484375,28.515106201171875
1,656,1663.073486328125,671.8114013671875,28.53683853149414
1,657,1652.2708740234375,661.68017578125,28.558555603027344
1,658,1619.8077392578125,608.186279296875,28.580224990844727
1,659,1638.28369140625,691.9664916992188,28.601911544799805
1,660,1479.1578369140625,653.9347534179688,28.623762130737305
1,661,1502.2537841796875,611.0331420898438,28.64537239074707
1,662,1628.3189697265625,656.8135375976562,28.666969299316406
1,663,1609.77978515625,638.7630004882812,28.68863868713379
1,664,1627.581787109375,659.6683349609375,28.710115432739258
1,665,1618.643310546875,676.9822998046875,28.731836318969727
1,666,1568.739013671875,666.8150634765625,28.753461837768555
1,667,1645.9407958984375,690.0324096679688,28.775142669677734
1,668,1663.7332763671875,737.1021118164062,28.796648025512695
1,669,1568.2039794921875,641.112060546875,28.81815528869629
1,670,1630.9217529296875,613.32177734375,28.839920043945312
1,671,1549.0634765625,727.929443359375,28.861595153808594
1,672,1627.2303466796875,631.818603515625,28.883127212524414
1,673,1511.877197265625,593.86328125,28.904695510864258
1,674,1635.185791015625,627.0072631835938,28.925901412963867
1,675,1645.7366943359375,746.3216552734375,28.9473934173584
1,676,1642.950439453125,629.30419921875,28.968875885009766
1,677,1651.1533203125,690.3261108398438,28.990276336669922
1,678,1721.87548828125,630.3157348632812,29.011741638183594
1,679,1647.609375,724.8824462890625,29.03293800354004
1,680,1618.1090087890625,617.7443237304688,29.054527282714844
1,681,1537.5098876953125,717.9481201171875,29.075841903686523
1,682,1600.2733154296875,721.2229614257812,29.097166061401367
1,683,1658.117431640625,694.6469116210938,29.118900299072266
1,684,1588.3421630859375,643.2880249023438,29.140174865722656
1,685,1643.569091796875,635.310302734375,29.16143035888672
1,686,1552.10546875,650.0362548828125,29.182647705078125
1,687,1631.77685546875,620.1389770507812,29.204010009765625
1,688,1587.223876953125,656.4911499023438,29.22507095336914
1,689,1654.7808837890625,685.6312866210938,29.246261596679688
1,690,1652.85595703125,624.8605346679688,29.26749610900879
1,691,1589.18310546875,638.81884765625,29.288597106933594
1,692,1552.566650390625,625.7528076171875,29.309839248657227
1,693,1640.205810546875,636.5390014648438,29.331144332885742
1,694,1685.8900146484375,654.6298217773438,29.352249145507812
1,695,1587.544189453125,733.7474365234375,29.37337303161621
1,696,1584.1241455078125,640.7145385742188,29.394500732421875
1,697,1676.6800537109375,678.8378295898438,29.415687561035156
1,698,1682.367431640625,750.5947875976562,29.436691284179688
1,699,1643.3321533203125,791.12060546875,29.45768928527832
1,700,1703.140869140625,628.0276489257812,29.47869873046875
1,701,1545.8564453125,655.28076171875,29.499835968017578
1,702,1580.702880859375,601.4089965820312,29.520662307739258
1,703,1731.80029296875,668.8408813476562,29.541540145874023
1,704,1647.066162109375,681.389404296875,29.562463760375977
1,705,1601.7509765625,642.826904296875,29.58339500427246
1,706,1653.0638427734375,661.75146484375,29.604408264160156
1,707,1566.9417724609375,633.5994873046875,29.625343322753906
1,708,1674.17529296875,605.2830200195312,29.646364212036133
1,709,1613.693603515625,636.40625,29.667097091674805
1,710,1668.31201171875,665.1478271484375,29.688268661499023
1,711,1613.496826171875,646.44921875,29.70908546447754
1,712,1617.7813720703125,612.1580810546875,29.729976654052734
1,713,1646.512451171875,621.3948974609375,29.751049041748047
1,714,1544.589599609375,646.0,29.772056579589844
1,715,1567.9739990234375,608.9449462890625,29.792898178100586
1,716,1631.6981201171875,656.3071899414062,29.81365394592285
1,717,1588.8262939453125,677.3209228515625,29.834308624267578
1,718,1584.6627197265625,611.6876220703125,29.85502052307129
1,719,1680.1341552734375,696.4434204101562,29.875999450683594
1,720,1655.0650634765625,625.5950317382812,29.896814346313477
1,721,1530.07763671875,650.9329833984375,29.91740608215332
1,722,1628.269775390625,623.90087890625,29.93839454650879
1,723,1646.003173828125,623.0252075195312,29.959148406982422
1,724,1606.8485107421875,622.1713256835938,29.97985076904297
1,725,1579.5538330078125,617.2009887695312,30.000307083129883
1,726,1651.9130859375,615.46142578125,30.02111053466797
1,727,1617.382080078125,703.4400634765625,30.041889190673828
1,728,1596.5421142578125,656.70361328125,30.062664031982422
1,729,1699.651611328125,616.6159057617188,30.083295822143555
1,730,1496.509765625,571.5592651367188,30.103946685791016
1,731,1616.4359130859375,665.8968505859375,30.124582290649414
1,732,1602.9720458984375,647.5245361328125,30.145174026489258
1,733,1548.342529296875,675.900146484375,30.165857315063477
1,734,1569.314208984375,672.7959594726562,30.186399459838867
1,735,1543.836181640625,700.8513793945312,30.207122802734375
1,736,1623.626953125,675.09326171875,30.227794647216797
1,737,1585.5391845703125,654.724853515625,30.248313903808594
1,738,1608.0400390625,720.02880859375,30.268699645996094
1,739,1563.881103515625,635.518798828125,30.289215087890625
1,740,1679.8087158203125,645.2017822265625,30.309635162353516
1,741,1674.0140380859375,627.7822875976562,30.330318450927734
1,742,1637.1995849609375,627.1580810546875,30.3509464263916
1,743,1605.2938232421875,654.171630859375,30.371379852294922
1,744,1695.710693359375,651.1530151367188,30.391754150390625
1,745,1636.7218017578125,696.052734375,30.41217613220215
1,746,1599.736328125,611.7756958007812,30.43254852294922
1,747,1651.216552734375,685.3760375976562,30.452943801879883
1,748,1606.05078125,666.5659790039062,30.473329544067383
1,749,1614.29248046875,678.58056640625,30.49342918395996
1,750,1640.87158203125,647.1104736328125,30.513925552368164
1,751,1691.564697265625,654.0996704101562,30.53424835205078
1,752,1619.784423828125,744.2341918945312,30.554611206054688
1,753,1627.252685546875,671.2191772460938,30.574739456176758
1,754,1611.785400390625,593.0828857421875,30.594987869262695
1,755,1624.39013671875,653.6644287109375,30.615324020385742
1,756,1610.3377685546875,621.6287231445312,30.635650634765625
1,757,1652.1776123046875,611.0010986328125,30.655899047851562
1,758,1639.20361328125,789.109375,30.67584800720215
1,759,1692.7093505859375,693.2254028320312,30.695951461791992
1,760,1566.9598388671875,611.9462280273438,30.71635627746582
1,761,1579.197265625,660.614013671875,30.736385345458984
1,762,1626.678466796875,603.6795654296875,30.756511688232422
1,763,1651.664306640625,670.6301879882812,30.77664566040039
1,764,1662.061279296875,646.1652221679688,30.796724319458008
1,765,1610.423828125,597.3416748046875,30.816919326782227
1,766,1494.030029296875,637.24072265625,30.836984634399414
1,767,1643.9940185546875,672.0443725585938,30.85701560974121
1,768,1591.4146728515625,621.7274169921875,30.876991271972656
1,769,1618.36376953125,699.0962524414062,30.89694595336914
1,770,1688.285400390625,666.1505737304688,30.9168643951416
1,771,1670.0250244140625,641.0106201171875,30.937074661254883
1,772,1629.481201171875,678.31103515625,30.95707130432129
1,773,1548.271728515625,637.5779418945312,30.977128982543945
1,774,1527.2222900390625,647.7567749023438,30.997081756591797
1,775,1570.0146484375,632.0527954101562,31.017101287841797
1,776,1602.024169921875,623.868408203125,31.037105560302734
1,777,1597.957275390625,665.62158203125,31.056989669799805
1,778,1629.55712890625,626.6857299804688,31.0769100189209
1,779,1687.2373046875,635.696044921875,31.096757888793945
1,780,1582.96875,583.1707153320312,31.116718292236328
1,781,1666.00830078125,613.0738525390625,31.13665008544922
1,782,1561.80517578125,599.14306640625,31.15666389465332
1,783,1703.3382568359375,642.3362426757812,31.176631927490234
1,784,1611.974365234375,603.5484619140625,31.19659996032715
1,785,1502.834716796875,655.30859375,31.216489791870117
1,786,1624.723388671875,612.05517578125,31.236530303955078
1,787,1639.4959716796875,809.3700561523438,31.25640869140625
1,788,1622.6650390625,616.6541748046875,31.27626609802246
1,789,1744.1016845703125,682.4946899414062,31.296066284179688
1,790,1540.838623046875,620.3890380859375,31.31603240966797
1,791,1592.739013671875,630.6687622070312,31.335796356201172
1,792,1680.1204833984375,611.4990844726562,31.35535430908203
1,793,1615.156005859375,672.9342651367188,31.375242233276367
1,794,1645.994873046875,632.438720703125,31.394996643066406
1,795,1540.72265625,737.348876953125,31.414691925048828
1,796,1599.89306640625,692.170654296875,31.434345245361328
1,797,1600.9395751953125,640.2999267578125,31.454086303710938
1,798,1554.67822265625,648.3650512695312,31.47368049621582
1,799,1561.919189453125,662.5389404296875,31.493499755859375
1,800,1683.510498046875,655.5266723632812,31.51325798034668
1,801,1617.6173095703125,623.57861328125,31.53290557861328
1,802,1614.390869140625,636.758056640625,31.552776336669922
1,803,1568.453125,617.5075073242188,31.572399139404297
1,804,1576.9736328125,603.1693115234375,31.59215545654297
1,805,1578.95849609375,658.9410400390625,31.61174774169922
1,806,1572.5517578125,645.4684448242188,31.631309509277344
1,807,1607.197509765625,612.671142578125,31.65096092224121
1,808,1675.7041015625,660.9077758789062,31.670656204223633
1,809,1718.0531005859375,633.1344604492188,31.690216064453125
1,810,1655.4364013671875,599.6101684570312,31.709739685058594
1,811,1645.454833984375,683.770263671875,31.72934341430664
1,812,1555.284423828125,633.3280639648438,31.749114990234375
1,813,1629.86865234375,626.6613159179688,31.768714904785156
1,814,1557.2978515625,647.7163696289062,31.78825569152832
1,815,1641.2530517578125,623.7401733398438,31.80771255493164
1,816,1634.7867431640625,641.2407836914062,31.827129364013672
1,817,1675.1021728515625,612.4102783203125,31.846628189086914
1,818,1647.754150390625,620.468505859375,31.866321563720703
1,819,1511.4688720703125,596.90234375,31.885881423950195
1,820,1684.186279296875,657.18505859375,31.90521240234375
1,821,1657.66748046875,618.5030517578125,31.924707412719727
1,822,1502.26416015625,602.419921875,31.944095611572266
1,823,1588.1658935546875,650.3065795898438,31.96355628967285
1,824,1661.456298828125,729.6082763671875,31.98301124572754
1,825,1648.129150390625,693.7671508789062,32.0025749206543
1,826,1514.139404296875,688.3189697265625,32.02199935913086
1,827,1632.2542724609375,668.4140014648438,32.04115295410156
1,828,1578.545166015625,638.6688232421875,32.060585021972656
1,829,1559.028076171875,645.6554565429688,32.0799674987793
1,830,1587.987060546875,681.9553833007812,32.09934997558594
1,831,1645.673095703125,637.85546875,32.11857986450195
1,832,1588.17138671875,648.6841430664062,32.13792419433594
1,833,1597.8291015625,683.6951904296875,32.15733337402344
1,834,1454.331298828125,626.597412109375,32.17658233642578
1,835,1627.636962890625,624.9437255859375,32.19600296020508
1,836,1565.6519775390625,652.74267578125,32.215328216552734
1,837,1713.696533203125,676.964111328125,32.234554290771484
1,838,1713.932373046875,673.5264282226562,32.25385284423828
1,839,1657.68359375,656.641357421875,32.27308654785156
1,840,1637.4482421875,634.8763427734375,32.29225158691406
1,841,1496.50439453125,622.1071166992188,32.311553955078125
1,842,1612.6043701171875,586.148193359375,32.3306999206543
1,843,1552.646240234375,735.7153930664062,32.349849700927734
1,844,1600.4945068359375,628.5531616210938,32.369171142578125
1,845,1666.57275390625,615.544189453125,32.38822555541992
1,846,1684.374267578125,644.8509521484375,32.40740966796875
1,847,1617.099853515625,750.5457153320312,32.426612854003906
1,848,1659.6636962890625,651.91015625,32.44576644897461
1,849,1621.93212890625,615.2722778320312,32.464881896972656
1,850,1597.8154296875,678.01123046875,32.48402786254883
1,851,1539.2939453125,700.1860961914062,32.50300216674805
1,852,1520.566162109375,760.6381225585938,32.52208709716797
1,853,1719.15185546875,681.0703735351562,32.541378021240234
1,854,1679.08056640625,643.83154296875,32.56032943725586
1,855,1581.353515625,617.7369384765625,32.579402923583984
1,856,1614.974609375,654.6753540039062,32.598445892333984
1,857,1602.406494140625,634.7166748046875,32.6175422668457
1,858,1701.39697265625,638.298828125,32.63649368286133
1,859,1663.427001953125,697.2957153320312,32.65553283691406
1,860,1644.4090576171875,601.1617431640625,32.67452621459961
1,861,1649.7620849609375,625.4210815429688,32.6937370300293
1,862,1713.0001220703125,628.7081909179688,32.71281433105469
1,863,1573.9815673828125,588.2369995117188,32.731781005859375
1,864,1578.79052734375,622.4557495117188,32.75060272216797
1,865,1621.3143310546875,650.9281005859375,32.769622802734375
1,866,1657.1556396484375,812.4663696289062,32.78858947753906
1,867,1664.727294921875,652.0521240234375,32.80747985839844
1,868,1559.2666015625,665.1674194335938,32.82628631591797
1,869,1649.49951171875,654.573974609375,32.845176696777344
1,870,1571.740966796875,645.242431640625,32.86395263671875
1,871,1632.7611083984375,596.398681640625,32.88262176513672
1,872,1684.974853515625,800.670166015625,32.9013671875
1,873,1655.4635009765625,621.0941162109375,32.92011260986328
1,874,1615.545654296875,670.0706787109375,32.938880920410156
1,875,1624.490478515625,634.87109375,32.95758056640625
1,876,1695.1083984375,646.5078125,32.97660446166992
1,877,1633.737060546875,673.0094604492188,32.9954719543457
1,878,1663.870849609375,643.8653564453125,33.014183044433594
1,879,1604.267333984375,614.7772216796875,33.032867431640625
1,880,1674.6966552734375,689.9766845703125,33.051734924316406
1,881,1571.01611328125,626.706787109375,33.07041549682617
1,882,1554.172119140625,607.3535766601562,33.08927917480469
1,883,1612.112548828125,618.4908447265625,33.1080207824707
1,884,1522.27294921875,579.0537719726562,33.12676239013672
1,885,1598.1024169921875,591.03173828125,33.14524459838867
1,886,1633.735107421875,682.0604248046875,33.16411590576172
1,887,1580.18603515625,592.9882202148438,33.18290710449219
1,888,1553.532470703125,637.1134643554688,33.201560974121094
1,889,1582.967041015625,661.65283203125,33.22023391723633
1,890,1641.415771484375,591.84375,33.23908996582031
1,891,1515.8515625,657.0370483398438,33.25783157348633
1,892,1495.10009765625,595.3211059570312,33.27641677856445
1,893,1675.655517578125,631.7421264648438,33.29518127441406
1,894,1603.6514892578125,633.103515625,33.313751220703125
1,895,1663.2857666015625,615.0732421875,33.33241271972656
1,896,1587.18310546875,610.4660034179688,33.35105895996094
1,897,1546.4329833984375,628.6553955078125,33.36978530883789
1,898,1642.808349609375,624.8380126953125,33.38827133178711
1,899,1692.841552734375,627.7544555664062,33.40679931640625
1,900,1638.79052734375,673.373046875,33.42536926269531
1,901,1669.746337890625,614.8282470703125,33.4439582824707
1,902,1626.0906982421875,642.9374389648438,33.4626579284668
1,903,1554.9263916015625,620.67919921875,33.48112869262695
1,904,1546.70068359375,635.1337890625,33.4996337890625
1,905,1499.2216796875,623.0645141601562,33.51833724975586
1,906,1683.6505126953125,631.1355590820312,33.536842346191406
1,907,1571.9544677734375,621.9541015625,33.555519104003906
1,908,1596.9326171875,611.4414672851562,33.57403564453125
1,909,1674.4384765625,640.1763916015625,33.5925407409668
1,910,1671.49169921875,608.54296875,33.61099624633789
1,911,1681.6802978515625,603.6394653320312,33.629573822021484
1,912,1739.21923828125,636.4837646484375,33.64800262451172
1,913,1671.8798828125,642.1439208984375,33.6665153503418
1,914,1545.862060546875,604.2424926757812,33.68490982055664
1,915,1598.5430908203125,626.8870239257812,33.70347595214844
1,916,1498.099365234375,614.965576171875,33.72182846069336
1,917,1579.129638671875,592.978759765625,33.740081787109375
1,918,1563.096923828125,606.1663818359375,33.75844955444336
1,919,1625.2156982421875,650.8876342773438,33.77681350708008
1,920,1697.86572265625,641.43359375,33.795310974121094
1,921,1580.942138671875,632.0990600585938,33.81355667114258
1,922,1660.6402587890625,589.3343505859375,33.83173370361328
1,923,1648.774658203125,684.9710083007812,33.84992980957031
1,924,1533.233642578125,646.7247314453125,33.868370056152344
1,925,1518.640380859375,605.9988403320312,33.88668441772461
1,926,1527.03857421875,732.0523071289062,33.90511703491211
1,927,1625.7996826171875,681.9198608398438,33.923377990722656
1,928,1641.60107421875,585.5012817382812,33.94149398803711
1,929,1680.261962890625,630.2103271484375,33.959808349609375
1,930,1603.1875,658.4264526367188,33.97808837890625
1,931,1574.094970703125,664.8219604492188,33.99629211425781
1,932,1646.14501953125,660.3192749023438,34.014530181884766
1,933,1620.6671142578125,644.208740234375,34.03278350830078
1,934,1646.74658203125,607.9329833984375,34.050880432128906
1,935,1624.388916015625,652.3759765625,34.068992614746094
1,936,1574.910400390625,602.5488891601562,34.08720779418945
1,937,1593.555419921875,688.3261108398438,34.10537338256836
1,938,1709.44384765625,604.703125,34.12350082397461
1,939,1607.27978515625,728.0156860351562,34.1417121887207
1,940,1590.106201171875,630.3831787109375,34.159828186035156
1,941,1587.2105712890625,614.0242309570312,34.178043365478516
1,942,1606.514892578125,619.5855712890625,34.19633102416992
1,943,1623.4210205078125,604.5662841796875,34.21470260620117
1,944,1591.617431640625,612.38427734375,34.232791900634766
1,945,1611.34130859375,616.9859619140625,34.250831604003906
1,946,1694.4986572265625,602.203125,34.26898956298828
1,947,1634.64111328125,614.2907104492188,34.28700256347656
1,948,1547.7626953125,723.247314453125,34.30512619018555
1,949,1551.26904296875,656.3903198242188,34.32329559326172
1,950,1552.3031005859375,684.518310546875,34.341400146484375
1,951,1558.4140625,640.6104125976562,34.35943603515625
1,952,1708.03564453125,602.4205322265625,34.377559661865234
1,953,1626.95849609375,675.5513916015625,34.39554977416992
1,954,1775.2969970703125,636.8723754882812,34.41358947753906
1,955,1651.26611328125,624.8771362304688,34.431617736816406
1,956,1581.99951171875,627.3475952148438,34.44976043701172
1,957,1562.607421875,638.1597900390625,34.46771240234375
1,958,1626.8759765625,638.976806640625,34.485626220703125
1,959,1539.91357421875,605.0279541015625,34.50364303588867
1,960,1590.278076171875,645.2074584960938,34.52168655395508
1,961,1642.5899658203125,607.3287353515625,34.53961944580078
1,962,1682.5966796875,615.766357421875,34.55742645263672
1,963,1650.6920166015625,623.9838256835938,34.57522201538086
1,964,1708.470458984375,667.1671142578125,34.59322738647461
1,965,1426.78857421875,601.6074829101562,34.61112594604492
1,966,1624.784423828125,639.7061767578125,34.62894821166992
1,967,1595.2978515625,668.2745361328125,34.64680099487305
1,968,1608.08203125,619.0614624023438,34.66469955444336
1,969,1656.2626953125,654.037109375,34.68247604370117
1,970,1595.3272705078125,617.369873046875,34.700538635253906
1,971,1649.669189453125,611.1641845703125,34.71853256225586
1,972,1535.666015625,621.9780883789062,34.73638153076172
1,973,1708.3546142578125,693.487060546875,34.75429916381836
1,974,1620.5159912109375,649.5721435546875,34.77211380004883
1,975,1647.935546875,602.6862182617188,34.790016174316406
1,976,1526.51611328125,617.2920532226562,34.807926177978516
1,977,1602.39208984375,618.6370239257812,34.825828552246094
1,978,1628.5177001953125,600.319580078125,34.843605041503906
1,979,1680.119384765625,648.77294921875,34.86146545410156
1,980,1598.819091796875,640.4866333007812,34.87928009033203
1,981,1728.6748046875,683.1673583984375,34.89695739746094
1,982,1605.340087890625,644.7868041992188,34.91475296020508
1,983,1594.4359130859375,583.7574462890625,34.93244934082031
1,984,1623.836669921875,622.1605224609375,34.95024490356445
1,985,1744.64013671875,703.8856811523438,34.96794509887695
1,986,1669.234130859375,641.509765625,34.98586654663086
1,987,1491.401611328125,651.2410278320312,35.003662109375
1,988,1528.8724365234375,699.3180541992188,35.02127456665039
1,989,1677.2529296875,643.4850463867188,35.03900146484375
1,990,1652.785888671875,668.4052124023438,35.05672073364258
1,991,1604.96826171875,596.2319946289062,35.07424545288086
1,992,1603.790771484375,591.7755737304688,35.09180450439453
1,993,1540.216552734375,597.1951293945312,35.109432220458984
1,994,1614.2633056640625,607.7150268554688,35.12691116333008
1,995,1563.3280029296875,689.1441040039062,35.144527435302734
1,996,1593.5504150390625,651.760986328125,35.162288665771484
1,997,1612.9453125,591.9450073242188,35.179866790771484
1,998,1634.828857421875,707.9774780273438,35.197509765625
1,999,1704.093994140625,628.0028686523438,35.21510696411133
1,1000,1614.349853515625,590.2160034179688,35.232608795166016
2,1,1584.7496337890625,777.8833618164062,0.0
2,2,1622.077392578125,690.730224609375,1.1155627965927124
2,3,1645.154052734375,830.9212036132812,1.577553629875183
2,4,1564.0458984375,628.974365234375,1.9322047233581543
2,5,1581.2314453125,691.8790283203125,2.2311370372772217
2,6,1434.6005859375,620.5562133789062,2.494558811187744
2,7,1615.1298828125,678.3857421875,2.732750654220581
2,8,1564.948974609375,762.54150390625,2.9518074989318848
2,9,1525.2098388671875,712.9393310546875,3.155447244644165
2,10,1613.267333984375,692.6157836914062,3.346809148788452
2,11,1548.842041015625,648.5553588867188,3.5278866291046143
2,12,1550.042724609375,691.408935546875,3.700246572494507
2,13,1656.769287109375,697.99072265625,3.8648040294647217
2,14,1663.7449951171875,752.7789916992188,4.022611618041992
2,15,1703.0997314453125,711.1162719726562,4.174448490142822
2,16,1635.06982421875,638.4003295898438,4.3208909034729
2,17,1560.0987548828125,698.87890625,4.462622165679932
2,18,1664.927734375,657.7755126953125,4.6000213623046875
2,19,1571.312255859375,647.2609252929688,4.7332377433776855
2,20,1583.918212890625,696.9533081054688,4.862944602966309
2,21,1611.14794921875,695.9589233398438,4.9894118309021
2,22,1670.053466796875,670.6204833984375,5.112614154815674
2,23,1671.940185546875,662.9465942382812,5.233065128326416
2,24,1670.6884765625,681.3238525390625,5.350673675537109
2,25,1609.3258056640625,693.9863891601562,5.465874195098877
2,26,1539.662841796875,683.8112182617188,5.578423500061035
2,27,1738.0245361328125,729.4069213867188,5.688821315765381
2,28,1645.13232421875,692.3268432617188,5.797266483306885
2,29,1660.801513671875,756.727783203125,5.903589725494385
2,30,1605.689208984375,795.7443237304688,6.007970809936523
2,31,1632.013427734375,690.1533813476562,6.110746383666992
2,32,1571.000244140625,649.772216796875,6.211857318878174
2,33,1588.054443359375,749.5016479492188,6.311233997344971
2,34,1652.499267578125,724.0008544921875,6.409050941467285
2,35,1563.1279296875,648.1856689453125,6.5054473876953125
2,36,1545.295166015625,834.3071899414062,6.600361347198486
2,37,1671.0125732421875,631.4820556640625,6.693869113922119
2,38,1639.7313232421875,694.180908203125,6.786088466644287
2,39,1553.01611328125,786.5222778320312,6.877083778381348
2,40,1632.9991455078125,705.0546875,6.966893196105957
2,41,1669.7247314453125,645.674560546875,7.055727481842041
2,42,1606.3006591796875,699.3643798828125,7.14324951171875
2,43,1554.1583251953125,702.9268188476562,7.229787349700928
2,44,1630.902587890625,648.65087890625,7.315241813659668
2,45,1577.9520263671875,683.6276245117188,7.399857044219971
2,46,1618.829345703125,663.8905639648438,7.4832024574279785
2,47,1582.521728515625,657.527099609375,7.565773963928223
2,48,1672.576416015625,650.9209594726562,7.647537708282471
2,49,1610.3760986328125,699.08740234375,7.728335857391357
2,50,1551.10888671875,660.786376953125,7.808350086212158
2,51,1559.3330078125,665.1556396484375,7.887602806091309
2,52,1584.235595703125,662.19873046875,7.966318130493164
2,53,1659.6253662109375,688.1250610351562,8.04406452178955
2,54,1631.687255859375,709.6830444335938,8.120978355407715
2,55,1615.487060546875,713.1915893554688,8.197294235229492
2,56,1661.830078125,662.0028076171875,8.272892951965332
2,57,1563.7542724609375,665.09130859375,8.347793579101562
2,58,1570.239990234375,711.135986328125,8.421926498413086
2,59,1556.3466796875,750.5303344726562,8.495491981506348
2,60,1666.083740234375,726.2499389648438,8.568334579467773
2,61,1628.756103515625,726.384521484375,8.640494346618652
2,62,1596.319580078125,672.1128540039062,8.712065696716309
2,63,1647.3717041015625,765.6298828125,8.783096313476562
2,64,1557.72998046875,683.4878540039062,8.85362720489502
2,65,1639.447021484375,664.2724609375,8.923641204833984
2,66,1609.4727783203125,667.4688720703125,8.993119239807129
2,67,1564.9736328125,658.5706176757812,9.062111854553223
2,68,1569.436279296875,703.7015991210938,9.13059139251709
2,69,1583.813720703125,708.6143798828125,9.198521614074707
2,70,1604.082275390625,708.5341186523438,9.26589298248291
2,71,1590.641845703125,684.1190795898438,9.332734107971191
2,72,1609.90966796875,661.7657470703125,9.399250984191895
2,73,1659.0897216796875,668.1246948242188,9.465166091918945
2,74,1596.92919921875,732.6659545898438,9.530622482299805
2,75,1580.7330322265625,691.5668334960938,9.59577751159668
2,76,1515.984130859375,664.2990112304688,9.660490036010742
2,77,1570.705322265625,692.7286987304688,9.72465705871582
2,78,1625.99169921875,718.4683837890625,9.788503646850586
2,79,1765.2506103515625,721.2210083007812,9.851839065551758
2,80,1635.343505859375,682.8427124023438,9.914752960205078
2,81,1626.1322021484375,684.0535888671875,9.977254867553711
2,82,1523.423583984375,660.4635620117188,10.039559364318848
2,83,1549.160400390625,686.6541137695312,10.101358413696289
2,84,1673.66064453125,703.7914428710938,10.162858009338379
2,85,1567.681884765625,749.8720703125,10.223906517028809
2,86,1724.2391357421875,780.4829711914062,10.284557342529297
2,87,1650.708251953125,670.4781494140625,10.344789505004883
2,88,1620.171630859375,777.093505859375,10.404757499694824
2,89,1572.627197265625,647.713623046875,10.464329719543457
2,90,1540.251220703125,743.8824462890625,10.523560523986816
2,91,1611.5799560546875,754.3145751953125,10.58263874053955
2,92,1597.26513671875,692.0367431640625,10.641276359558105
2,93,1486.0885009765625,628.2102661132812,10.699471473693848
2,94,1637.833740234375,682.1593017578125,10.757384300231934
2,95,1539.49658203125,722.1884765625,10.814943313598633
2,96,1558.1019287109375,674.7947387695312,10.872586250305176
2,97,1576.838623046875,704.6343383789062,10.929614067077637
2,98,1623.550537109375,643.2224731445312,10.986495018005371
2,99,1740.35693359375,752.0296020507812,11.04301643371582
2,100,1663.200927734375,682.7586669921875,11.099325180053711
2,101,1602.295166015625,703.1414794921875,11.15516471862793
2,102,1599.4781494140625,776.3662719726562,11.21081256866455
2,103,1622.6585693359375,678.59765625,11.265884399414062
2,104,1638.73583984375,752.5157470703125,11.321122169494629
2,105,1554.786865234375,728.4175415039062,11.375822067260742
2,106,1603.95458984375,648.2055053710938,11.430410385131836
2,107,1584.626220703125,672.3467407226562,11.484688758850098
2,108,1589.886474609375,684.0311889648438,11.538738250732422
2,109,1608.35205078125,712.7357177734375,11.592358589172363
2,110,1510.334228515625,639.3021850585938,11.645877838134766
2,111,1620.17236328125,711.5611572265625,11.699109077453613
2,112,1608.843017578125,640.44287109375,11.752157211303711
2,113,1566.68994140625,701.0780639648438,11.804966926574707
2,114,1519.3828125,703.4227294921875,11.857369422912598
2,115,1584.697998046875,644.94921875,11.90966796875
2,116,1650.251220703125,715.3246459960938,11.961856842041016
2,117,1572.88330078125,676.9126586914062,12.013711929321289
2,118,1476.552978515625,679.2451171875,12.065464973449707
2,119,1539.0379638671875,695.8203125,12.117064476013184
2,120,1681.76904296875,741.7364501953125,12.168370246887207
2,121,1599.09033203125,748.5665283203125,12.219526290893555
2,122,1639.9892578125,685.9055786132812,12.269986152648926
2,123,1587.779541015625,676.5890502929688,12.320611953735352
2,124,1697.7945556640625,625.6646118164062,12.371166229248047
2,125,1658.2158203125,638.0361938476562,12.421399116516113
2,126,1669.571044921875,684.4889526367188,12.471283912658691
2,127,1574.392822265625,715.99853515625,12.521125793457031
2,128,1729.8408203125,663.732177734375,12.570545196533203
2,129,1550.2684326171875,739.4680786132812,12.619970321655273
2,130,1594.228759765625,710.6033935546875,12.669148445129395
2,131,1561.0302734375,662.6719970703125,12.718125343322754
2,132,1590.6229248046875,808.2498779296875,12.766984939575195
2,133,1587.972900390625,709.8341064453125,12.815547943115234
2,134,1623.6490478515625,683.3606567382812,12.86390209197998
2,135,1627.3077392578125,738.6925659179688,12.91242790222168
2,136,1543.973388671875,746.4168701171875,12.960649490356445
2,137,1635.9609375,686.6417846679688,13.008596420288086
2,138,1606.367431640625,663.6854858398438,13.056324005126953
2,139,1627.26611328125,672.3088989257812,13.104013442993164
2,140,1547.447265625,687.6551513671875,13.151334762573242
2,141,1590.655029296875,742.1849365234375,13.198485374450684
2,142,1598.029052734375,686.751953125,13.245341300964355
2,143,1652.9913330078125,753.8141479492188,13.292299270629883
2,144,1716.531494140625,756.0806274414062,13.33906078338623
2,145,1599.2901611328125,654.6602783203125,13.385743141174316
2,146,1675.9027099609375,704.9590454101562,13.432079315185547
2,147,1610.528564453125,806.9625854492188,13.478259086608887
2,148,1589.45361328125,693.5457763671875,13.524555206298828
2,149,1633.416259765625,679.0328979492188,13.57037353515625
2,150,1498.474853515625,662.7073974609375,13.61618709564209
2,151,1579.240966796875,662.6607055664062,13.661689758300781
2,152,1502.68359375,696.9500122070312,13.707179069519043
2,153,1574.405029296875,680.10595703125,13.752424240112305
2,154,1551.4354248046875,690.36767578125,13.797444343566895
2,155,1636.073486328125,735.3336181640625,13.84239387512207
2,156,1656.020263671875,697.2574462890625,13.887214660644531
2,157,1630.646728515625,737.2613525390625,13.93178939819336
2,158,1622.993896484375,635.3070068359375,13.976277351379395
2,159,1515.128662109375,741.4226684570312,14.020726203918457
2,160,1675.67626953125,693.4260864257812,14.065091133117676
2,161,1567.79052734375,690.0695190429688,14.109274864196777
2,162,1532.92041015625,644.8824462890625,14.153217315673828
2,163,1581.0062255859375,656.138916015625,14.197273254394531
2,164,1604.36328125,706.2769165039062,14.241074562072754
2,165,1535.8544921875,624.5621337890625,14.284719467163086
2,166,1651.7354736328125,664.4133911132812,14.328059196472168
2,167,1557.27490234375,701.402099609375,14.371345520019531
2,168,1512.504150390625,676.958740234375,14.414448738098145
2,169,1516.94140625,677.420654296875,14.457632064819336
2,170,1551.0577392578125,671.681884765625,14.500683784484863
2,171,1621.0372314453125,678.03369140625,14.543567657470703
2,172,1653.2685546875,680.3850708007812,14.586288452148438
2,173,1583.52099609375,679.7871704101562,14.628911972045898
2,174,1626.6734619140625,694.2876586914062,14.671408653259277
2,175,1644.323486328125,711.6106567382812,14.713593482971191
2,176,1573.316162109375,681.6382446289062,14.755636215209961
2,177,1653.8643798828125,695.7113037109375,14.79775333404541
2,178,1577.232177734375,664.4371337890625,14.83975887298584
2,179,1509.043701171875,678.9514770507812,14.881539344787598
2,180,1645.0399169921875,647.1163330078125,14.923412322998047
2,181,1649.842529296875,743.4307861328125,14.964800834655762
2,182,1602.1246337890625,629.388427734375,15.006072044372559
2,183,1550.38916015625,724.3222045898438,15.047310829162598
2,184,1580.727783203125,711.2307739257812,15.088653564453125
2,185,1668.839599609375,680.3216552734375,15.129894256591797
2,186,1628.1478271484375,668.7918701171875,15.170979499816895
2,187,1637.356201171875,690.2156372070312,15.211713790893555
2,188,1500.8297119140625,695.087646484375,15.252786636352539
2,189,1619.968017578125,692.8926391601562,15.293439865112305
2,190,1603.2158203125,683.8936767578125,15.33397102355957
2,191,1697.6357421875,714.4448852539062,15.374248504638672
2,192,1646.092529296875,673.7684326171875,15.414895057678223
2,193,1599.513671875,645.1559448242188,15.455024719238281
2,194,1583.62548828125,681.3646850585938,15.495182991027832
2,195,1519.337890625,789.7620849609375,15.535053253173828
2,196,1561.1923828125,665.9661254882812,15.574911117553711
2,197,1550.507080078125,678.5855102539062,15.614838600158691
2,198,1454.485107421875,728.8646240234375,15.654704093933105
2,199,1605.1611328125,705.0143432617188,15.69424819946289
2,200,1601.14697265625,686.42138671875,15.73376750946045
2,201,1626.9111328125,641.857177734375,15.773313522338867
2,202,1586.8388671875,659.26416015625,15.81259536743164
2,203,1523.0787353515625,732.8486938476562,15.851873397827148
2,204,1562.706298828125,714.7398681640625,15.891077995300293
2,205,1641.715087890625,768.1213989257812,15.930359840393066
2,206,1566.322509765625,687.0243530273438,15.969298362731934
2,207,1571.5181884765625,687.2779541015625,16.008132934570312
2,208,1571.6993408203125,723.142578125,16.046968460083008
2,209,1561.474365234375,699.726318359375,16.08561134338379
2,210,1565.3695068359375,635.3283081054688,16.124265670776367
2,211,1561.127685546875,638.1537475585938,16.16252899169922
2,212,1682.95361328125,688.3925170898438,16.200796127319336
2,213,1626.046142578125,683.5736694335938,16.2390079498291
2,214,1608.20947265625,746.15185546875,16.277273178100586
2,215,1549.628662109375,666.396240234375,16.315492630004883
2,216,1530.385009765625,684.1572265625,16.35358428955078
2,217,1507.310791015625,635.6337280273438,16.391599655151367
2,218,1637.1197509765625,721.6466674804688,16.429492950439453
2,219,1567.9044189453125,680.8941650390625,16.46727180480957
2,220,1680.8538818359375,713.1465454101562,16.5049991607666
2,221,1656.82861328125,729.1248168945312,16.54245376586914
2,222,1551.950927734375,685.87548828125,16.57993507385254
2,223,1578.4501953125,634.9330444335938,16.617496490478516
2,224,1668.8203125,678.7911987304688,16.654848098754883
2,225,1492.85693359375,736.6712036132812,16.691938400268555
2,226,1437.85791015625,678.8051147460938,16.72926139831543
2,227,1629.5184326171875,737.2377319335938,16.76641273498535
2,228,1645.32470703125,835.7653198242188,16.80345344543457
2,229,1598.1865234375,700.753662109375,16.840404510498047
2,230,1642.644775390625,712.57666015625,16.87730598449707
2,231,1674.259033203125,695.8865966796875,16.91405487060547
2,232,1554.823486328125,718.6500244140625,16.950777053833008
2,233,1661.26806640625,806.9853515625,16.987272262573242
2,234,1578.453125,767.2146606445312,17.02400016784668
2,235,1552.370849609375,714.7265625,17.060352325439453
2,236,1659.703857421875,711.0223388671875,17.09671401977539
2,237,1605.293701171875,670.1954956054688,17.133134841918945
2,238,1701.7742919921875,714.5761108398438,17.1693115234375
2,239,1592.825439453125,693.6400756835938,17.20533561706543
2,240,1518.376953125,761.187255859375,17.241477966308594
2,241,1621.073486328125,716.1881713867188,17.277576446533203
2,242,1620.449462890625,652.1630859375,17.313539505004883
2,243,1611.40625,714.8966674804688,17.34949493408203
2,244,1610.3734130859375,695.0114135742188,17.38524627685547
2,245,1633.701416015625,694.2132568359375,17.421066284179688
2,246,1655.9052734375,687.2596435546875,17.456844329833984
2,247,1578.908447265625,749.5966186523438,17.492431640625
2,248,1619.05224609375,664.8895263671875,17.527952194213867
2,249,1614.43505859375,734.4575805664062,17.56342315673828
2,250,1654.1983642578125,687.11767578125,17.598669052124023
2,251,1563.374755859375,630.6876220703125,17.633949279785156
2,252,1514.729736328125,781.49658203125,17.669078826904297
2,253,1688.1282958984375,720.9673461914062,17.70406723022461
2,254,1537.6751708984375,877.2191772460938,17.73906707763672
2,255,1652.6282958984375,672.503173828125,17.774169921875
2,256,1602.031494140625,632.5907592773438,17.80905532836914
2,257,1580.04150390625,681.0335693359375,17.844026565551758
2,258,1729.18896484375,720.5564575195312,17.878847122192383
2,259,1561.425537109375,653.0818481445312,17.91347885131836
2,260,1460.68798828125,643.1915283203125,17.9481258392334
2,261,1620.2281494140625,667.0902709960938,17.982812881469727
2,262,1629.341552734375,707.8818359375,18.017183303833008
2,263,1645.06982421875,740.058837890625,18.051654815673828
2,264,1627.96630859375,773.2680053710938,18.085887908935547
2,265,1591.8807373046875,671.870361328125,18.120393753051758
2,266,1685.2366943359375,691.5902709960938,18.15463638305664
2,267,1625.5311279296875,693.8124389648438,18.18874740600586
2,268,1656.8642578125,673.902587890625,18.222915649414062
2,269,1703.842041015625,762.9237060546875,18.257144927978516
2,270,1637.320068359375,641.4554443359375,18.291278839111328
2,271,1656.7646484375,685.1173095703125,18.325153350830078
2,272,1458.966552734375,633.25439453125,18.35895347595215
2,273,1675.177490234375,674.4310302734375,18.392812728881836
2,274,1684.887939453125,693.9921264648438,18.426441192626953
2,275,1526.39501953125,669.2998657226562,18.460256576538086
2,276,1621.1356201171875,640.6378173828125,18.493879318237305
2,277,1575.580810546875,648.3477783203125,18.527313232421875
2,278,1585.8359375,856.042236328125,18.560914993286133
2,279,1621.3953857421875,692.645751953125,18.59450912475586
2,280,1617.3541259765625,670.3767700195312,18.62793731689453
2,281,1723.77587890625,695.458251953125,18.661439895629883
2,282,1633.669189453125,744.35302734375,18.694772720336914
2,283,1653.2281494140625,738.7050170898438,18.727699279785156
2,284,1622.9088134765625,668.898681640625,18.760948181152344
2,285,1609.5626220703125,721.729248046875,18.7941951751709
2,286,1629.806884765625,686.0856323242188,18.82733917236328
2,287,1683.022705078125,734.71728515625,18.860370635986328
2,288,1625.44384765625,663.7130126953125,18.893329620361328
2,289,1610.969970703125,686.8770751953125,18.926176071166992
2,290,1609.9732666015625,715.5652465820312,18.958959579467773
2,291,1597.116943359375,709.2508544921875,18.991708755493164
2,292,1572.521728515625,762.1004028320312,19.02435874938965
2,293,1589.232666015625,677.568603515625,19.05695152282715
2,294,1601.94482421875,641.228759765625,19.08953285217285
2,295,1569.581787109375,673.323486328125,19.12215232849121
2,296,1528.90185546875,706.0070190429688,19.15450096130371
2,297,1668.3529052734375,701.9033813476562,19.186918258666992
2,298,1667.205322265625,687.7346801757812,19.219120025634766
2,299,1575.952880859375,662.0162963867188,19.25151252746582
2,300,1604.092529296875,780.0941162109375,19.283798217773438
2,301,1603.195068359375,678.2266235351562,19.316131591796875
2,302,1533.931396484375,677.9397583007812,19.348247528076172
2,303,1606.515869140625,690.6734619140625,19.380535125732422
2,304,1535.7177734375,710.544189453125,19.412574768066406
2,305,1690.01611328125,727.243408203125,19.44448471069336
2,306,1490.674072265625,689.1151733398438,19.476512908935547
2,307,1560.277587890625,739.573486328125,19.508237838745117
2,308,1587.84375,649.9910278320312,19.539955139160156
2,309,1696.9775390625,740.7638549804688,19.571781158447266
2,310,1589.311767578125,717.3218383789062,19.6035213470459
2,311,1608.50439453125,673.4295654296875,19.6350040435791
2,312,1552.583251953125,619.092529296875,19.66665267944336
2,313,1585.274169921875,701.9367065429688,19.698389053344727
2,314,1631.93994140625,640.8404541015625,19.72978401184082
2,315,1543.2640380859375,671.6901245117188,19.761043548583984
2,316,1494.73095703125,676.8695678710938,19.792526245117188
2,317,1679.665771484375,678.0391235351562,19.82380485534668
2,318,1706.7489013671875,697.3865966796875,19.854841232299805
2,319,1548.914794921875,702.0408935546875,19.88603401184082
2,320,1570.83056640625,778.8914184570312,19.917171478271484
2,321,1663.3973388671875,676.0808715820312,19.948190689086914
2,322,1614.4268798828125,684.6990966796875,19.979278564453125
2,323,1617.1068115234375,702.5211791992188,20.01048469543457
2,324,1622.2252197265625,676.933349609375,20.041582107543945
2,325,1664.3878173828125,696.9856567382812,20.07256317138672
2,326,1584.521484375,747.7992553710938,20.10350799560547
2,327,1601.228271484375,653.5718994140625,20.13434410095215
2,328,1722.982421875,686.73486328125,20.165231704711914
2,329,1595.0596923828125,726.6307373046875,20.19588279724121
2,330,1702.940673828125,647.639404296875,20.226634979248047
2,331,1592.41796875,758.2974243164062,20.257564544677734
2,332,1625.806884765625,645.620361328125,20.28798484802246
2,333,1562.3446044921875,641.0723266601562,20.318655014038086
2,334,1638.9451904296875,678.417236328125,20.34914207458496
2,335,1593.717041015625,661.7421875,20.37958335876465
2,336,1629.494873046875,657.15673828125,20.40998077392578
2,337,1562.64599609375,650.107421875,20.440372467041016
2,338,1482.24365234375,675.7024536132812,20.470579147338867
2,339,1699.587890625,645.3804931640625,20.500991821289062
2,340,1571.116943359375,672.3067016601562,20.531280517578125
2,341,1624.927490234375,685.6489868164062,20.561368942260742
2,342,1595.584716796875,698.9293212890625,20.591793060302734
2,343,1535.3052978515625,639.184326171875,20.621994018554688
2,344,1596.382568359375,682.3264770507812,20.652225494384766
2,345,1591.20458984375,656.802734375,20.682342529296875
2,346,1614.2958984375,722.4965209960938,20.712486267089844
2,347,1585.2396240234375,662.0496826171875,20.742380142211914
2,348,1500.153076171875,665.5418701171875,20.77237319946289
2,349,1692.9140625,654.3029174804688,20.80229377746582
2,350,1624.730712890625,669.460693359375,20.83211898803711
2,351,1612.61669921875,689.6597290039062,20.86202049255371
2,352,1649.009521484375,694.2236328125,20.89177131652832
2,353,1689.33935546875,671.3112182617188,20.921422958374023
2,354,1657.0706787109375,694.3651123046875,20.951061248779297
2,355,1571.235595703125,686.5758056640625,20.98067283630371
2,356,1632.99853515625,663.8753662109375,21.010324478149414
2,357,1540.7391357421875,612.54541015625,21.039958953857422
2,358,1619.3349609375,650.9784545898438,21.069515228271484
2,359,1640.8212890625,688.0096435546875,21.0988826751709
2,360,1576.7001953125,695.0467529296875,21.128446578979492
2,361,1551.8074951171875,666.4434204101562,21.157913208007812
2,362,1546.865966796875,703.6671752929688,21.18723487854004
2,363,1578.083984375,638.7957153320312,21.216571807861328
2,364,1575.908447265625,673.134521484375,21.245763778686523
2,365,1564.8892822265625,638.1051635742188,21.274812698364258
2,366,1521.2708740234375,645.1947631835938,21.30390167236328
2,367,1556.4755859375,694.2606811523438,21.333051681518555
2,368,1578.139892578125,704.9657592773438,21.362186431884766
2,369,1676.926513671875,662.676513671875,21.39126968383789
2,370,1596.34765625,790.4739990234375,21.420366287231445
2,371,1683.779541015625,714.8583374023438,21.449323654174805
2,372,1585.7138671875,673.9912109375,21.47846031188965
2,373,1584.8934326171875,666.9462280273438,21.507366180419922
2,374,1517.761474609375,696.1844482421875,21.536128997802734
2,375,1675.997314453125,678.58642578125,21.564931869506836
2,376,1580.1116943359375,662.0572509765625,21.593660354614258
2,377,1670.63671875,671.7428588867188,21.622507095336914
2,378,1545.4549560546875,1034.5662841796875,21.651321411132812
2,379,1600.7314453125,659.3192749023438,21.680164337158203
2,380,1603.8560791015625,658.1390380859375,21.70880699157715
2,381,1591.694580078125,645.4605712890625,21.737361907958984
2,382,1586.50439453125,681.4791870117188,21.76598358154297
2,383,1632.986572265625,676.1104736328125,21.794652938842773
2,384,1558.4693603515625,736.9974365234375,21.82306480407715
2,385,1525.6761474609375,650.445068359375,21.851511001586914
2,386,1659.108642578125,625.69970703125,21.88009262084961
2,387,1611.0975341796875,668.4458618164062,21.908544540405273
2,388,1512.588134765625,679.9695434570312,21.936962127685547
2,389,1557.4400634765625,688.7142333984375,21.965478897094727
2,390,1577.66845703125,661.75439453125,21.99369239807129
2,391,1687.943115234375,702.91650390625,22.021718978881836
2,392,1599.8109130859375,697.6246337890625,22.04983139038086
2,393,1498.384765625,703.7249145507812,22.07798957824707
2,394,1621.0626220703125,729.5243530273438,22.10622215270996
2,395,1565.058837890625,674.7520141601562,22.134185791015625
2,396,1608.50439453125,634.4576416015625,22.16206932067871
2,397,1639.7335205078125,731.7911987304688,22.190065383911133
2,398,1632.969970703125,683.646240234375,22.21797752380371
2,399,1572.100341796875,660.51171875,22.245811462402344
2,400,1567.86181640625,678.2933959960938,22.27376937866211
2,401,1630.666015625,636.53369140625,22.301719665527344
2,402,1599.9365234375,681.5906982421875,22.329496383666992
2,403,1605.43603515625,676.9978637695312,22.357410430908203
2,404,1612.5772705078125,657.413818359375,22.38521385192871
2,405,1723.7001953125,692.7520141601562,22.413005828857422
2,406,1581.5740966796875,697.4154663085938,22.440744400024414
2,407,1539.192626953125,655.7612915039062,22.46832275390625
2,408,1818.100830078125,710.172607421875,22.496118545532227
2,409,1613.6475830078125,655.0266723632812,22.523656845092773
2,410,1597.4381103515625,748.7970581054688,22.551189422607422
2,411,1598.225341796875,629.3622436523438,22.578710556030273
2,412,1555.666015625,676.214599609375,22.606266021728516
2,413,1558.5498046875,664.3643188476562,22.633684158325195
2,414,1614.0540771484375,684.7361450195312,22.66117286682129
2,415,1625.2144775390625,665.573974609375,22.688573837280273
2,416,1657.469482421875,702.0730590820312,22.716035842895508
2,417,1651.614990234375,702.0361328125,22.743309020996094
2,418,1583.710205078125,683.6099853515625,22.770702362060547
2,419,1524.52734375,647.5462036132812,22.79786491394043
2,420,1607.52734375,643.833251953125,22.824975967407227
2,421,1547.766845703125,705.9710083007812,22.85211944580078
2,422,1534.651123046875,719.904052734375,22.879364013671875
2,423,1608.5726318359375,642.9959106445312,22.90636444091797
2,424,1632.003662109375,689.3135375976562,22.933277130126953
2,425,1609.032958984375,649.5465087890625,22.96048927307129
2,426,1649.921142578125,688.183837890625,22.987648010253906
2,427,1577.3505859375,666.429443359375,23.014720916748047
2,428,1551.816650390625,665.010986328125,23.041635513305664
2,429,1597.1552734375,645.227294921875,23.068613052368164
2,430,1586.7889404296875,649.97900390625,23.095447540283203
2,431,1649.0108642578125,706.7032470703125,23.122413635253906
2,432,1638.07470703125,661.3409423828125,23.149349212646484
2,433,1567.2198486328125,639.8264770507812,23.176054000854492
2,434,1613.76025390625,760.9453125,23.202754974365234
2,435,1590.2711181640625,686.578857421875,23.229557037353516
2,436,1533.1219482421875,717.2078857421875,23.2562313079834
2,437,1564.14404296875,670.0049438476562,23.282941818237305
2,438,1686.55615234375,651.1038208007812,23.309663772583008
2,439,1619.8707275390625,622.7200927734375,23.33626365661621
2,440,1738.8251953125,696.0919189453125,23.362985610961914
2,441,1610.957275390625,636.5406494140625,23.38978385925293
2,442,1674.4376220703125,666.4127197265625,23.416385650634766
2,443,1726.671875,674.7698364257812,23.442827224731445
2,444,1666.0587158203125,663.2406005859375,23.469465255737305
2,445,1617.462646484375,661.3751220703125,23.49588394165039
2,446,1593.07275390625,651.8204345703125,23.52247428894043
2,447,1682.0780029296875,679.09033203125,23.548952102661133
2,448,1595.2086181640625,707.4202880859375,23.57526397705078
2,449,1501.2896728515625,679.974365234375,23.601490020751953
2,450,1634.514404296875,709.1361694335938,23.627748489379883
2,451,1651.463134765625,680.6618041992188,23.653963088989258
2,452,1633.23291015625,637.8209228515625,23.68008804321289
2,453,1678.0633544921875,643.788330078125,23.706363677978516
2,454,1529.9739990234375,728.5043334960938,23.732582092285156
2,455,1631.68359375,725.1663208007812,23.759010314941406
2,456,1634.572265625,702.2033081054688,23.785078048706055
2,457,1518.288818359375,697.7215576171875,23.81114959716797
2,458,1671.9891357421875,700.4437255859375,23.837085723876953
2,459,1659.8369140625,660.6178588867188,23.863157272338867
2,460,1717.248779296875,709.2703857421875,23.889080047607422
2,461,1582.65869140625,745.0184326171875,23.915056228637695
2,462,1592.6494140625,677.810302734375,23.940916061401367
2,463,1567.261474609375,609.8515014648438,23.96680450439453
2,464,1642.459228515625,645.97021484375,23.992700576782227
2,465,1638.85302734375,665.2500610351562,24.018447875976562
2,466,1653.760986328125,709.2678833007812,24.044336318969727
2,467,1655.7186279296875,616.328857421875,24.070261001586914
2,468,1661.2769775390625,689.0178833007812,24.095991134643555
2,469,1641.065185546875,657.2203369140625,24.1217098236084
2,470,1611.411376953125,714.54638671875,24.147382736206055
2,471,1408.3115234375,886.029052734375,24.173057556152344
2,472,1660.948974609375,790.152587890625,24.198875427246094
2,473,1640.102294921875,669.9467163085938,24.22439956665039
2,474,1596.707763671875,653.6989135742188,24.250009536743164
2,475,1566.633056640625,634.5758666992188,24.275794982910156
2,476,1688.4957275390625,675.1104125976562,24.301429748535156
2,477,1567.944091796875,774.226806640625,24.326980590820312
2,478,1537.6400146484375,647.2273559570312,24.3524169921875
2,479,1638.225341796875,680.7278442382812,24.377899169921875
2,480,1663.1839599609375,667.1167602539062,24.403526306152344
2,481,1630.02587890625,653.0383911132812,24.42903709411621
2,482,1589.3492431640625,643.1055908203125,24.454483032226562
2,483,1716.449462890625,693.044921875,24.480039596557617
2,484,1617.057373046875,691.6634521484375,24.505529403686523
2,485,1548.08544921875,647.41796875,24.530797958374023
2,486,1529.9613037109375,613.1817016601562,24.55621337890625
2,487,1430.9598388671875,642.3004150390625,24.58159637451172
2,488,1591.5789794921875,660.0088500976562,24.606855392456055
2,489,1700.340576171875,651.0225830078125,24.631940841674805
2,490,1538.5986328125,683.1297607421875,24.657299041748047
2,491,1627.51318359375,636.5661010742188,24.682479858398438
2,492,1642.80712890625,642.271728515625,24.70760154724121
2,493,1611.5263671875,666.8416748046875,24.73274803161621
2,494,1647.964111328125,696.6026000976562,24.757810592651367
2,495,1576.455078125,626.1304931640625,24.782777786254883
2,496,1638.3341064453125,710.7652587890625,24.807836532592773
2,497,1655.4044189453125,647.7880249023438,24.832809448242188
2,498,1567.7991943359375,727.0369262695312,24.85807228088379
2,499,1624.343017578125,683.1422729492188,24.883010864257812
2,500,1558.34130859375,753.958740234375,24.907901763916016
2,501,1667.271240234375,677.8829345703125,24.932907104492188
2,502,1643.627197265625,668.725341796875,24.95783042907715
2,503,1583.51123046875,703.7106323242188,24.982646942138672
2,504,1620.4925537109375,650.89892578125,25.007396697998047
2,505,1563.57470703125,736.3228759765625,25.032121658325195
2,506,1683.80712890625,666.7354736328125,25.057004928588867
2,507,1670.778564453125,649.1036376953125,25.081707000732422
2,508,1595.91748046875,653.3104858398438,25.10659408569336
2,509,1623.488525390625,667.0579833984375,25.13124656677246
2,510,1648.3275146484375,626.8417358398438,25.1560001373291
2,511,1663.075439453125,724.2631225585938,25.18084716796875
2,512,1614.69384765625,661.7037353515625,25.205669403076172
2,513,1723.126708984375,686.2909545898438,25.230365753173828
2,514,1614.481201171875,732.3296508789062,25.25489044189453
2,515,1638.4755859375,615.8994140625,25.279497146606445
2,516,1598.6495361328125,700.9339599609375,25.30404281616211
2,517,1590.780517578125,701.6964111328125,25.328733444213867
2,518,1632.885009765625,637.0457153320312,25.35310173034668
2,519,1560.61669921875,622.9015502929688,25.37767791748047
2,520,1617.953857421875,656.79150390625,25.4019718170166
2,521,1535.829345703125,680.5632934570312,25.426454544067383
2,522,1667.08740234375,661.498291015625,25.45107650756836
2,523,1608.529296875,724.9779663085938,25.47545623779297
2,524,1621.8863525390625,713.8400268554688,25.4996395111084
2,525,1612.991455078125,800.7147827148438,25.524051666259766
2,526,1469.3505859375,661.5818481445312,25.548215866088867
2,527,1626.494384765625,752.2695922851562,25.572614669799805
2,528,1612.24365234375,654.7919311523438,25.596925735473633
2,529,1659.65673828125,647.8971557617188,25.621112823486328
2,530,1673.1400146484375,643.6236572265625,25.64536476135254
2,531,1584.731689453125,635.1555786132812,25.669580459594727
2,532,1628.75048828125,649.1239013671875,25.69361686706543
2,533,1703.162841796875,802.3554077148438,25.717731475830078
2,534,1648.04638671875,716.3399047851562,25.742067337036133
2,535,1637.62451171875,694.4696655273438,25.766250610351562
2,536,1616.63427734375,655.4779663085938,25.790483474731445
2,537,1674.685546875,728.0481567382812,25.814603805541992
2,538,1589.136962890625,658.6295776367188,25.83879852294922
2,539,1610.06298828125,641.8176879882812,25.86289405822754
2,540,1614.7769775390625,654.0559692382812,25.887004852294922
2,541,1551.78857421875,684.5955200195312,25.910898208618164
2,542,1610.923583984375,656.2522583007812,25.934791564941406
2,543,1611.91455078125,633.38525390625,25.958847045898438
2,544,1661.387451171875,667.5702514648438,25.98280143737793
2,545,1665.040771484375,672.565673828125,26.006881713867188
2,546,1639.9010009765625,645.331787109375,26.030712127685547
2,547,1676.7646484375,665.3771362304688,26.0546932220459
2,548,1543.54443359375,649.0608520507812,26.078323364257812
2,549,1627.577392578125,656.3807983398438,26.102182388305664
2,550,1565.275146484375,700.9600219726562,26.126014709472656
2,551,1635.976806640625,648.097412109375,26.149635314941406
2,552,1645.89111328125,658.4573974609375,26.17337989807129
2,553,1542.894775390625,697.7847290039062,26.197141647338867
2,554,1607.54052734375,693.526611328125,26.220746994018555
2,555,1603.525634765625,687.1221313476562,26.244274139404297
2,556,1615.4920654296875,702.0357666015625,26.268022537231445
2,557,1648.7801513671875,690.7021484375,26.29172706604004
2,558,1583.143310546875,658.4909057617188,26.31541633605957
2,559,1554.93798828125,757.4109497070312,26.339017868041992
2,560,1664.469482421875,654.6981201171875,26.36235237121582
2,561,1586.1588134765625,643.1815795898438,26.386022567749023
2,562,1613.899169921875,685.7401123046875,26.409578323364258
2,563,1685.0128173828125,676.1353759765625,26.43316078186035
2,564,1540.9976806640625,685.3304443359375,26.456626892089844
2,565,1608.1646728515625,662.4779052734375,26.48006820678711
2,566,1640.1793212890625,693.7870483398438,26.503620147705078
2,567,1696.750732421875,639.7566528320312,26.527019500732422
2,568,1553.2230224609375,860.3258666992188,26.55048179626465
2,569,1569.685791015625,641.071044921875,26.573991775512695
2,570,1600.81201171875,620.4362182617188,26.597312927246094
2,571,1675.214599609375,655.2545166015625,26.62049102783203
2,572,1534.3466796875,672.3616943359375,26.64390754699707
2,573,1574.49658203125,672.9151611328125,26.66719627380371
2,574,1695.153076171875,659.0242309570312,26.690641403198242
2,575,1641.590576171875,628.4016723632812,26.714017868041992
2,576,1529.3631591796875,674.053466796875,26.737272262573242
2,577,1644.5552978515625,673.0448608398438,26.760454177856445
2,578,1649.036376953125,658.1848754882812,26.783761978149414
2,579,1679.9036865234375,695.2662353515625,26.80682945251465
2,580,1673.586181640625,653.987060546875,26.830097198486328
2,581,1674.299072265625,682.9354858398438,26.85297203063965
2,582,1598.5635986328125,654.880126953125,26.87618637084961
2,583,1659.892578125,618.2060546875,26.89926528930664
2,584,1624.896240234375,670.86083984375,26.922197341918945
2,585,1596.3544921875,680.0242309570312,26.94510841369629
2,586,1547.4322509765625,636.7122802734375,26.96824836730957
2,587,1590.0577392578125,671.4923706054688,26.991300582885742
2,588,1557.370361328125,650.0992431640625,27.014249801635742
2,589,1627.04931640625,615.7573852539062,27.037158966064453
2,590,1619.197021484375,717.5142822265625,27.06015968322754
2,591,1731.614501953125,730.84765625,27.083045959472656
2,592,1688.1617431640625,641.1582641601562,27.10597801208496
2,593,1565.67333984375,644.0451049804688,27.12891960144043
2,594,1606.722900390625,624.3241577148438,27.151615142822266
2,595,1607.5673828125,710.7305908203125,27.17438316345215
2,596,1657.408935546875,667.2056884765625,27.197189331054688
2,597,1569.248046875,749.3717041015625,27.220006942749023
2,598,1679.88623046875,739.3703002929688,27.242828369140625
2,599,1680.78466796875,705.6543579101562,27.26556396484375
2,600,1580.1082763671875,654.6067504882812,27.288331985473633
2,601,1577.453369140625,745.3201293945312,27.31114959716797
2,602,1654.2490234375,699.1502075195312,27.33373260498047
2,603,1628.8388671875,677.9139404296875,27.356365203857422
2,604,1721.8895263671875,636.4426879882812,27.37899398803711
2,605,1600.4669189453125,677.7471313476562,27.40164566040039
2,606,1536.674072265625,654.2218017578125,27.424297332763672
2,607,1563.980712890625,633.6312255859375,27.44695281982422
2,608,1575.9075927734375,665.89892578125,27.469568252563477
2,609,1604.6533203125,642.1297607421875,27.49239730834961
2,610,1618.025146484375,655.7195434570312,27.514957427978516
2,611,1659.974609375,694.0343017578125,27.537561416625977
2,612,1577.983642578125,625.6588134765625,27.56009864807129
2,613,1617.189453125,610.3215942382812,27.582683563232422
2,614,1542.722412109375,642.2952880859375,27.605194091796875
2,615,1608.068603515625,669.896240234375,27.627912521362305
2,616,1640.4990234375,680.8154907226562,27.6502628326416
2,617,1560.35205078125,647.4561767578125,27.672807693481445
2,618,1566.916748046875,707.7129516601562,27.695091247558594
2,619,1657.0494384765625,748.7922973632812,27.717336654663086
2,620,1683.555419921875,627.8680419921875,27.739727020263672
2,621,1548.208251953125,661.609130859375,27.76213264465332
2,622,1628.5589599609375,630.952880859375,27.78453254699707
2,623,1627.786376953125,631.576416015625,27.806896209716797
2,624,1616.2691650390625,614.1488647460938,27.82920265197754
2,625,1616.675537109375,732.6591186523438,27.851484298706055
2,626,1651.718994140625,672.3817749023438,27.87375831604004
2,627,1646.66748046875,654.6395874023438,27.896066665649414
2,628,1629.813232421875,667.8711547851562,27.918392181396484
2,629,1600.0634765625,615.2393188476562,27.940614700317383
2,630,1696.44287109375,776.9598388671875,27.96268081665039
2,631,1664.8343505859375,620.7560424804688,27.98495101928711
2,632,1688.6334228515625,688.7278442382812,28.007177352905273
2,633,1622.0740966796875,735.7846069335938,28.029342651367188
2,634,1540.803466796875,675.84033203125,28.051551818847656
2,635,1641.8819580078125,594.841796875,28.07347869873047
2,636,1531.296875,649.1419067382812,28.095705032348633
2,637,1636.494873046875,709.40283203125,28.11774253845215
2,638,1647.5352783203125,688.77880859375,28.139890670776367
2,639,1494.37841796875,670.5227661132812,28.16191291809082
2,640,1724.69482421875,694.0352172851562,28.184080123901367
2,641,1695.1011962890625,662.074951171875,28.206031799316406
2,642,1652.186279296875,630.0682983398438,28.22807502746582
2,643,1517.851318359375,631.5910034179688,28.250070571899414
2,644,1670.5048828125,704.8406372070312,28.272180557250977
2,645,1639.13525390625,717.2545166015625,28.294157028198242
2,646,1638.188720703125,704.1217041015625,28.316003799438477
2,647,1544.1329345703125,636.2239379882812,28.33794593811035
2,648,1743.297607421875,693.0060424804688,28.359952926635742
2,649,1708.826416015625,697.9531860351562,28.382057189941406
2,650,1672.0845947265625,781.8525390625,28.403656005859375
2,651,1684.158935546875,668.5975341796875,28.42560577392578
2,652,1657.5380859375,632.4907836914062,28.44723892211914
2,653,1601.1666259765625,654.9738159179688,28.46875762939453
2,654,1764.90478515625,666.3753051757812,28.490278244018555
2,655,1563.9281005859375,643.4147338867188,28.51211166381836
2,656,1643.207275390625,677.6178588867188,28.53389549255371
2,657,1626.5411376953125,700.8528442382812,28.55571174621582
2,658,1583.8011474609375,642.9849243164062,28.577362060546875
2,659,1572.5770263671875,650.245361328125,28.599475860595703
2,660,1764.3505859375,652.4829711914062,28.62130355834961
2,661,1679.4539794921875,667.0374145507812,28.64299964904785
2,662,1656.598876953125,660.5718383789062,28.664709091186523
2,663,1609.95703125,650.8645629882812,28.686315536499023
2,664,1575.7890625,733.9623413085938,28.707918167114258
2,665,1656.23876953125,751.9305419921875,28.729534149169922
2,666,1652.998046875,656.8308715820312,28.751081466674805
2,667,1658.898681640625,601.9428100585938,28.77287483215332
2,668,1593.71923828125,666.5553588867188,28.794513702392578
2,669,1693.11669921875,666.5252685546875,28.816164016723633
2,670,1623.470703125,734.2435913085938,28.837604522705078
2,671,1570.916259765625,641.3612670898438,28.85926055908203
2,672,1626.025634765625,615.35400390625,28.88076400756836
2,673,1609.1617431640625,661.7572021484375,28.902252197265625
2,674,1543.385986328125,722.5343017578125,28.923612594604492
2,675,1640.774169921875,649.8916015625,28.944957733154297
2,676,1518.6217041015625,666.131103515625,28.966386795043945
2,677,1695.832275390625,691.6091918945312,28.987682342529297
2,678,1638.5992431640625,665.6687622070312,29.00914764404297
2,679,1546.81689453125,671.2669677734375,29.030609130859375
2,680,1581.635498046875,661.7326049804688,29.05181884765625
2,681,1636.0546875,624.8097534179688,29.073177337646484
2,682,1609.7861328125,684.0518188476562,29.094581604003906
2,683,1587.2154541015625,617.5125122070312,29.115921020507812
2,684,1670.8441162109375,654.4691772460938,29.137048721313477
2,685,1614.45703125,642.3292846679688,29.15818977355957
2,686,1650.361083984375,633.22900390625,29.179336547851562
2,687,1598.609375,661.5700073242188,29.20076560974121
2,688,1623.5020751953125,639.40380859375,29.221986770629883
2,689,1571.869140625,656.2531127929688,29.24314308166504
2,690,1616.8800048828125,624.915771484375,29.264286041259766
2,691,1680.901611328125,651.4625854492188,29.28550910949707
2,692,1665.263671875,858.3998413085938,29.30670166015625
2,693,1670.193115234375,689.1071166992188,29.327882766723633
2,694,1468.4892578125,633.7788696289062,29.34911346435547
2,695,1550.609619140625,635.0117797851562,29.370149612426758
2,696,1692.855712890625,703.5506591796875,29.39136505126953
2,697,1648.820068359375,640.6614990234375,29.412580490112305
2,698,1656.7442626953125,674.1441040039062,29.43352508544922
2,699,1656.0750732421875,721.2833251953125,29.454757690429688
2,700,1599.5439453125,681.43359375,29.475868225097656
2,701,1559.561767578125,644.9224853515625,29.4969425201416
2,702,1595.698974609375,709.4241333007812,29.518070220947266
2,703,1545.07958984375,668.979248046875,29.539121627807617
2,704,1564.029296875,669.9844970703125,29.560033798217773
2,705,1612.155517578125,643.6803588867188,29.580915451049805
2,706,1522.30419921875,697.7474365234375,29.601978302001953
2,707,1603.041748046875,622.7368774414062,29.62295913696289
2,708,1738.924560546875,682.0518188476562,29.643840789794922
2,709,1518.703125,679.1769409179688,29.66463851928711
2,710,1584.84521484375,665.5430297851562,29.685606002807617
2,711,1639.3701171875,683.5226440429688,29.706336975097656
2,712,1576.857421875,691.97119140625,29.727251052856445
2,713,1584.890625,626.5025634765625,29.7480525970459
2,714,1546.9410400390625,686.1808471679688,29.76897621154785
2,715,1633.703125,772.6737060546875,29.78986167907715
2,716,1531.981689453125,660.4000854492188,29.810516357421875
2,717,1599.6429443359375,642.680908203125,29.831298828125
2,718,1499.27392578125,645.9658203125,29.852134704589844
2,719,1435.377197265625,667.5362548828125,29.873010635375977
2,720,1683.990966796875,674.7532348632812,29.89383888244629
2,721,1601.99609375,737.3624877929688,29.91453742980957
2,722,1587.1619873046875,670.0497436523438,29.935184478759766
2,723,1671.48095703125,616.92333984375,29.955974578857422
2,724,1693.273681640625,657.84423828125,29.9766902923584
2,725,1590.03857421875,643.3177490234375,29.997655868530273
2,726,1715.88720703125,655.5872802734375,30.018295288085938
2,727,1588.8702392578125,660.368896484375,30.038848876953125
2,728,1594.552734375,629.7407836914062,30.059499740600586
2,729,1606.8212890625,648.8626098632812,30.080032348632812
2,730,1592.6817626953125,650.2374267578125,30.100528717041016
2,731,1639.302978515625,637.326171875,30.121076583862305
2,732,1616.79638671875,631.1062622070312,30.141773223876953
2,733,1522.98095703125,619.9285278320312,30.162431716918945
2,734,1770.416259765625,674.7911987304688,30.182981491088867
2,735,1763.42431640625,650.8907470703125,30.203575134277344
2,736,1539.433349609375,650.2393798828125,30.223878860473633
2,737,1574.0380859375,623.745849609375,30.24428367614746
2,738,1679.8502197265625,642.9486083984375,30.26468276977539
2,739,1684.416015625,633.5797729492188,30.285188674926758
2,740,1516.523681640625,638.7596435546875,30.305828094482422
2,741,1648.68798828125,662.3091430664062,30.326475143432617
2,742,1656.0927734375,650.5800170898438,30.34696388244629
2,743,1609.1007080078125,754.6983032226562,30.367427825927734
2,744,1586.802001953125,650.5543823242188,30.38782501220703
2,745,1658.020751953125,690.1314697265625,30.408050537109375
2,746,1597.721435546875,655.0441284179688,30.42863655090332
2,747,1627.2508544921875,606.1157836914062,30.449087142944336
2,748,1617.9742431640625,706.734130859375,30.469593048095703
2,749,1580.8525390625,627.8986206054688,30.49005699157715
2,750,1706.5157470703125,638.3340454101562,30.510377883911133
2,751,1608.765869140625,659.1309814453125,30.530519485473633
2,752,1518.167724609375,607.5310668945312,30.550762176513672
2,753,1647.322265625,652.9185180664062,30.571203231811523
2,754,1654.55810546875,816.0647583007812,30.591632843017578
2,755,1637.543701171875,668.3860473632812,30.611902236938477
2,756,1677.77392578125,640.3953247070312,30.63234519958496
2,757,1544.16064453125,678.4600830078125,30.65242576599121
2,758,1566.3079833984375,630.6017456054688,30.672748565673828
2,759,1662.63671875,665.2515869140625,30.693098068237305
2,760,1679.9373779296875,678.2702026367188,30.713153839111328
2,761,1627.8533935546875,646.186767578125,30.73343276977539
2,762,1673.2469482421875,667.1806030273438,30.75341033935547
2,763,1584.86376953125,705.4645385742188,30.773496627807617
2,764,1654.364501953125,702.4856567382812,30.79363441467285
2,765,1608.5679931640625,621.7368774414062,30.813852310180664
2,766,1606.2828369140625,720.2185668945312,30.834075927734375
2,767,1649.8846435546875,690.4004516601562,30.85405158996582
2,768,1597.3338623046875,709.295654296875,30.874114990234375
2,769,1665.4669189453125,637.9741821289062,30.894084930419922
2,770,1629.10546875,672.779052734375,30.91399383544922
2,771,1626.985595703125,619.0977783203125,30.934255599975586
2,772,1578.8778076171875,631.771728515625,30.954296112060547
2,773,1579.5322265625,651.7802124023438,30.974262237548828
2,774,1610.0196533203125,651.1062622070312,30.994041442871094
2,775,1676.397216796875,703.3609619140625,31.014123916625977
2,776,1679.56298828125,688.343505859375,31.0339412689209
2,777,1602.8043212890625,633.5134887695312,31.0538272857666
2,778,1659.2352294921875,708.9885864257812,31.073808670043945
2,779,1742.4937744140625,695.64111328125,31.093965530395508
2,780,1638.50146484375,675.4155883789062,31.113847732543945
2,781,1641.060302734375,674.312255859375,31.133914947509766
2,782,1517.0943603515625,617.9247436523438,31.154054641723633
2,783,1582.7110595703125,665.4054565429688,31.174028396606445
2,784,1669.394775390625,635.0598754882812,31.193708419799805
2,785,1581.81884765625,658.9512329101562,31.21364402770996
2,786,1582.5159912109375,1006.9542846679688,31.233524322509766
2,787,1626.7550048828125,665.0042724609375,31.25341796875
2,788,1669.101318359375,680.6912841796875,31.273433685302734
2,789,1596.527587890625,698.9219970703125,31.293317794799805
2,790,1638.936279296875,685.7437133789062,31.313154220581055
2,791,1663.651123046875,599.6355590820312,31.33298110961914
2,792,1683.07958984375,672.4589233398438,31.352731704711914
2,793,1678.0614013671875,697.8977661132812,31.37250518798828
2,794,1621.861328125,672.26123046875,31.39236068725586
2,795,1629.463623046875,614.6678466796875,31.412343978881836
2,796,1642.825927734375,654.1546630859375,31.432079315185547
2,797,1692.0416259765625,698.4210205078125,31.45182991027832
2,798,1580.838623046875,942.1876831054688,31.471574783325195
2,799,1553.7215576171875,629.17529296875,31.491418838500977
2,800,1645.044189453125,665.8568725585938,31.511014938354492
2,801,1538.26953125,742.8665161132812,31.530948638916016
2,802,1595.7786865234375,722.6019897460938,31.55074691772461
2,803,1662.36767578125,635.810546875,31.570520401000977
2,804,1578.587890625,600.403076171875,31.59014129638672
2,805,1576.348388671875,704.6572265625,31.6097469329834
2,806,1672.3397216796875,687.1204833984375,31.62929344177246
2,807,1573.9903564453125,634.6250610351562,31.648786544799805
2,808,1724.42138671875,644.2492065429688,31.668697357177734
2,809,1690.82470703125,631.5842895507812,31.688190460205078
2,810,1541.0028076171875,648.9369506835938,31.707733154296875
2,811,1604.8675537109375,629.9070434570312,31.727386474609375
2,812,1543.215576171875,595.71630859375,31.74690055847168
2,813,1527.4913330078125,592.6681518554688,31.766359329223633
2,814,1589.9599609375,647.2163696289062,31.785892486572266
2,815,1605.2518310546875,628.8359985351562,31.80546760559082
2,816,1648.1375732421875,617.9036865234375,31.824949264526367
2,817,1742.0228271484375,626.7029418945312,31.844663619995117
2,818,1644.29296875,634.6454467773438,31.86420249938965
2,819,1552.29248046875,629.6616821289062,31.88376808166504
2,820,1697.6854248046875,681.2062377929688,31.9030818939209
2,821,1596.499267578125,656.2041015625,31.92255210876465
2,822,1611.993408203125,624.2593383789062,31.94207763671875
2,823,1598.1925048828125,649.9327392578125,31.961471557617188
2,824,1663.471435546875,668.631103515625,31.98090171813965
2,825,1715.736083984375,666.1062622070312,32.00041198730469
2,826,1686.387451171875,653.8046264648438,32.01985549926758
2,827,1702.8155517578125,694.6881103515625,32.03911590576172
2,828,1700.6636962890625,661.1554565429688,32.05852127075195
2,829,1653.0748291015625,622.8872680664062,32.077903747558594
2,830,1491.733154296875,614.5341186523438,32.097286224365234
2,831,1599.5052490234375,632.4160766601562,32.11666488647461
2,832,1713.44384765625,616.387939453125,32.13600540161133
2,833,1671.7586669921875,647.572998046875,32.15526580810547
2,834,1566.032470703125,665.6375732421875,32.17465591430664
2,835,1478.2430419921875,589.72998046875,32.193824768066406
2,836,1561.700927734375,747.9745483398438,32.21318435668945
2,837,1542.26611328125,631.4740600585938,32.23236846923828
2,838,1713.98779296875,646.7793579101562,32.25163269042969
2,839,1511.951171875,667.7501220703125,32.271080017089844
2,840,1746.1856689453125,649.0902099609375,32.29034423828125
2,841,1642.28515625,664.4705200195312,32.309444427490234
2,842,1638.3870849609375,626.3178100585938,32.32866668701172
2,843,1610.17333984375,628.1988525390625,32.348052978515625
2,844,1602.4071044921875,611.8011474609375,32.36728286743164
2,845,1591.5611572265625,607.8220825195312,32.386329650878906
2,846,1638.142822265625,681.08056640625,32.40536117553711
2,847,1708.6448974609375,638.7730712890625,32.424354553222656
2,848,1617.27294921875,597.8930053710938,32.44341278076172
2,849,1621.8052978515625,638.3593139648438,32.4625358581543
2,850,1560.8974609375,648.6652221679688,32.48151779174805
2,851,1625.9881591796875,664.451171875,32.50068664550781
2,852,1597.613037109375,641.7323608398438,32.519805908203125
2,853,1576.03173828125,668.983154296875,32.538875579833984
2,854,1592.693603515625,688.4319458007812,32.557952880859375
2,855,1652.394775390625,657.6536865234375,32.576927185058594
2,856,1718.417236328125,611.8974609375,32.596012115478516
2,857,1653.9912109375,680.0844116210938,32.6152458190918
2,858,1688.86767578125,659.1283569335938,32.63436508178711
2,859,1642.0447998046875,638.31396484375,32.65333938598633
2,860,1539.778564453125,634.7921142578125,32.67235565185547
2,861,1556.4833984375,614.735595703125,32.691287994384766
2,862,1565.7257080078125,825.4927368164062,32.71017074584961
2,863,1547.09619140625,611.8916625976562,32.72906494140625
2,864,1544.4024658203125,617.7811279296875,32.74795913696289
2,865,1556.267822265625,642.0106811523438,32.76694869995117
2,866,1561.8544921875,643.3771362304688,32.785831451416016
2,867,1594.8134765625,629.9356689453125,32.80479431152344
2,868,1629.885986328125,590.4409790039062,32.823551177978516
2,869,1735.918701171875,644.0543212890625,32.84252166748047
2,870,1635.727294921875,614.1253051757812,32.86134338378906
2,871,1538.111572265625,647.0429077148438,32.880191802978516
2,872,1664.730224609375,649.2451171875,32.899051666259766
2,873,1624.9825439453125,653.1314086914062,32.91781997680664
2,874,1524.650146484375,627.8582153320312,32.93665313720703
2,875,1538.1866455078125,592.1435546875,32.95545959472656
2,876,1613.303466796875,683.2987670898438,32.974178314208984
2,877,1561.6259765625,629.445556640625,32.99287796020508
2,878,1619.156982421875,634.6017456054688,33.01168441772461
2,879,1687.3355712890625,659.7163696289062,33.030555725097656
2,880,1584.436279296875,643.9500122070312,33.049163818359375
2,881,1714.759521484375,602.7711791992188,33.067813873291016
2,882,1627.466552734375,633.5515747070312,33.086639404296875
2,883,1509.17578125,751.3031616210938,33.105499267578125
2,884,1637.038818359375,618.418701171875,33.12430191040039
2,885,1671.64453125,654.7880859375,33.1429443359375
2,886,1528.286865234375,614.4564819335938,33.161537170410156
2,887,1588.564453125,644.914306640625,33.180294036865234
2,888,1560.57568359375,596.1171875,33.19890594482422
2,889,1599.382080078125,629.728759765625,33.21763229370117
2,890,1652.05908203125,634.1079711914062,33.23630142211914
2,891,1678.278076171875,682.006591796875,33.254940032958984
2,892,1578.2447509765625,635.4047241210938,33.27350997924805
2,893,1729.3079833984375,712.8513793945312,33.292076110839844
2,894,1598.679443359375,620.9198608398438,33.31077194213867
2,895,1513.169677734375,860.4421997070312,33.32944107055664
2,896,1629.13671875,769.6282958984375,33.34788131713867
2,897,1615.7886962890625,647.9803466796875,33.36652374267578
2,898,1716.9837646484375,631.526611328125,33.385047912597656
2,899,1683.4384765625,642.8167114257812,33.40352249145508
2,900,1679.8614501953125,663.8159790039062,33.42207336425781
2,901,1623.38037109375,664.1923828125,33.44078826904297
2,902,1588.0697021484375,619.0172119140625,33.459266662597656
2,903,1587.219482421875,674.1168823242188,33.47786331176758
2,904,1582.2401123046875,641.9141845703125,33.496341705322266
2,905,1649.2359619140625,643.3366088867188,33.51482009887695
2,906,1467.583984375,618.4913940429688,33.533424377441406
2,907,1554.127197265625,727.9070434570312,33.55216598510742
2,908,1643.718505859375,608.8765258789062,33.57075881958008
2,909,1603.786865234375,597.6177368164062,33.58928298950195
2,910,1620.29052734375,667.1055297851562,33.607810974121094
2,911,1645.0340576171875,640.7025146484375,33.626277923583984
2,912,1672.6474609375,604.4906005859375,33.64476776123047
2,913,1525.3988037109375,663.4029541015625,33.66320037841797
2,914,1572.4176025390625,613.82568359375,33.681480407714844
2,915,1658.3958740234375,653.045166015625,33.69993591308594
2,916,1699.352294921875,658.7176513671875,33.71846389770508
2,917,1640.5703125,646.161865234375,33.7369384765625
2,918,1514.427001953125,626.3522338867188,33.75519943237305
2,919,1576.15380859375,667.638427734375,33.77352523803711
2,920,1647.31494140625,633.3659057617188,33.79178237915039
2,921,1635.7142333984375,650.7725830078125,33.81005859375
2,922,1636.19970703125,655.9081420898438,33.82840347290039
2,923,1746.59228515625,671.8169555664062,33.84670639038086
2,924,1624.992919921875,650.344482421875,33.86500549316406
2,925,1503.1669921875,645.1856079101562,33.88325500488281
2,926,1766.10302734375,640.8206787109375,33.90146255493164
2,927,1473.76220703125,672.4762573242188,33.91963577270508
2,928,1680.122802734375,667.3291625976562,33.938011169433594
2,929,1593.3619384765625,657.450927734375,33.956260681152344
2,930,1601.141845703125,655.5941772460938,33.97452163696289
2,931,1600.17041015625,611.1788940429688,33.99264907836914
2,932,1595.19287109375,629.6531372070312,34.010986328125
2,933,1636.770751953125,665.979248046875,34.02915573120117
2,934,1746.5867919921875,662.6557006835938,34.0473747253418
2,935,1689.6783447265625,625.7764282226562,34.06536865234375
2,936,1686.9141845703125,689.358642578125,34.083560943603516
2,937,1607.17431640625,620.029541015625,34.10173797607422
2,938,1577.2646484375,606.3753051757812,34.119964599609375
2,939,1507.3016357421875,584.3983764648438,34.13816452026367
2,940,1665.0313720703125,631.80712890625,34.15644836425781
2,941,1548.4324951171875,625.5281982421875,34.174739837646484
2,942,1623.515625,757.8196411132812,34.192752838134766
2,943,1627.5318603515625,627.7598266601562,34.21104049682617
2,944,1597.7574462890625,648.0186157226562,34.22909927368164
2,945,1526.789794921875,795.1062622070312,34.24714279174805
2,946,1684.3773193359375,962.790771484375,34.26543045043945
2,947,1597.5584716796875,623.247314453125,34.28349685668945
2,948,1569.714599609375,614.6207275390625,34.30155563354492
2,949,1639.8612060546875,616.1643676757812,34.31974792480469
2,950,1769.179931640625,660.6859741210938,34.33783721923828
2,951,1662.38525390625,646.7966918945312,34.35588455200195
2,952,1578.826171875,596.0370483398438,34.374019622802734
2,953,1582.1766357421875,627.5110473632812,34.39195251464844
2,954,1623.44482421875,652.3877563476562,34.41012191772461
2,955,1668.2196044921875,649.5139770507812,34.428070068359375
2,956,1669.502685546875,719.5650024414062,34.4461784362793
2,957,1680.01513671875,630.5846557617188,34.46426010131836
2,958,1717.2412109375,604.0075073242188,34.4820556640625
2,959,1760.934326171875,656.8471069335938,34.49997329711914
2,960,1673.214599609375,644.6934814453125,34.51789474487305
2,961,1597.359619140625,617.292236328125,34.53582763671875
2,962,1548.81689453125,585.1500244140625,34.55385208129883
2,963,1517.333740234375,622.7566528320312,34.57187271118164
2,964,1566.1822509765625,588.8890991210938,34.589805603027344
2,965,1700.4642333984375,613.5869750976562,34.60771942138672
2,966,1648.0107421875,625.3553466796875,34.6256217956543
2,967,1652.611083984375,636.1649780273438,34.643455505371094
2,968,1505.605224609375,637.3326416015625,34.66111373901367
2,969,1618.1160888671875,607.1062622070312,34.679073333740234
2,970,1676.6700439453125,638.5254516601562,34.69691848754883
2,971,1655.87744140625,590.0804443359375,34.714813232421875
2,972,1631.572509765625,616.1227416992188,34.73274612426758
2,973,1574.7315673828125,664.2113037109375,34.750732421875
2,974,1583.951904296875,684.8304443359375,34.76850128173828
2,975,1698.75390625,621.7472534179688,34.78643798828125
2,976,1519.984619140625,588.3126831054688,34.804420471191406
2,977,1652.05908203125,648.1658325195312,34.82229232788086
2,978,1654.717529296875,623.2736206054688,34.83991622924805
2,979,1646.289306640625,647.2775268554688,34.857749938964844
2,980,1510.212646484375,602.83837890625,34.87551498413086
2,981,1666.7880859375,591.3384399414062,34.89341354370117
2,982,1621.7763671875,600.2421264648438,34.911277770996094
2,983,1681.56689453125,635.9905395507812,34.929100036621094
2,984,1628.474853515625,633.05029296875,34.94691467285156
2,985,1640.666259765625,651.1473388671875,34.96459197998047
2,986,1576.052490234375,627.6176147460938,34.98241424560547
2,987,1677.973876953125,636.9093627929688,35.000099182128906
2,988,1770.0482177734375,646.0498657226562,35.017822265625
2,989,1608.515625,635.90380859375,35.035518646240234
2,990,1672.6689453125,640.3217163085938,35.05342102050781
2,991,1606.8726806640625,655.1556396484375,35.071109771728516
2,992,1785.9742431640625,700.5321655273438,35.08869552612305
2,993,1668.0723876953125,642.1395874023438,35.10626983642578
2,994,1646.0621337890625,648.4927368164062,35.12376022338867
2,995,1537.7034912109375,617.8381958007812,35.141361236572266
2,996,1567.61669921875,646.6881713867188,35.159019470214844
2,997,1614.46826171875,621.6074829101562,35.176605224609375
2,998,1645.6461181640625,622.3221435546875,35.19437026977539
2,999,1627.2073974609375,601.1654052734375,35.21223068237305
2,1000,1631.423828125,638.2271118164062,35.229793548583984
3,1,1651.27490234375,687.66943359375,0.0
3,2,1654.534912109375,740.1404418945312,1.1155474185943604
3,3,1713.8966064453125,653.4494018554688,1.5775644779205322
3,4,1657.0380859375,693.827880859375,1.931920051574707
3,5,1667.6646728515625,704.3749389648438,2.2308876514434814
3,6,1620.05908203125,746.6017456054688,2.494154214859009
3,7,1691.7021484375,667.0697631835938,2.7322323322296143
3,8,1701.384521484375,704.2686157226562,2.9511466026306152
3,9,1641.85791015625,697.2930297851562,3.154925584793091
3,10,1552.4515380859375,768.179931640625,3.346452474594116
3,11,1581.6104736328125,707.33837890625,3.5273425579071045
3,12,1567.242431640625,656.630859375,3.6995644569396973
3,13,1694.442626953125,674.3974609375,3.8642499446868896
3,14,1592.9930419921875,669.095458984375,4.0218706130981445
3,15,1613.625244140625,750.5736083984375,4.173748016357422
3,16,1688.237060546875,713.7926635742188,4.32033634185791
3,17,1696.237548828125,700.3578491210938,4.462084770202637
3,18,1584.7230224609375,665.1981201171875,4.599250793457031
3,19,1680.728271484375,775.4721069335938,4.732707500457764
3,20,1543.1435546875,684.4932250976562,4.862471103668213
3,21,1619.5797119140625,666.1687622070312,4.988764762878418
3,22,1647.61572265625,747.1029663085938,5.11177396774292
3,23,1622.56787109375,746.76416015625,5.232119083404541
3,24,1620.457275390625,683.0532836914062,5.349884033203125
3,25,1658.216064453125,736.9505004882812,5.464900493621826
3,26,1600.3448486328125,656.38818359375,5.577495574951172
3,27,1604.145751953125,751.937744140625,5.68803596496582
3,28,1579.5577392578125,808.4345703125,5.796215057373047
3,29,1637.4251708984375,653.1857299804688,5.902583122253418
3,30,1713.5244140625,670.7627563476562,6.007047176361084
3,31,1621.179443359375,702.4535522460938,6.10967493057251
3,32,1644.1573486328125,847.4708862304688,6.210636138916016
3,33,1687.941650390625,695.5084228515625,6.309953689575195
3,34,1611.845703125,679.6991577148438,6.407773494720459
3,35,1677.9603271484375,686.2870483398438,6.504003524780273
3,36,1535.030029296875,707.0487060546875,6.599027633666992
3,37,1530.222412109375,670.8185424804688,6.692646503448486
3,38,1518.375732421875,637.4288940429688,6.784964084625244
3,39,1548.912841796875,748.5949096679688,6.8758544921875
3,40,1637.567138671875,703.6723022460938,6.965802192687988
3,41,1530.7877197265625,705.2955322265625,7.054485321044922
3,42,1584.3255615234375,679.7628173828125,7.142075061798096
3,43,1679.5001220703125,732.2326049804688,7.2285356521606445
3,44,1590.316650390625,706.5634155273438,7.314157009124756
3,45,1608.1212158203125,744.4229736328125,7.398695468902588
3,46,1552.452392578125,696.3321533203125,7.482100009918213
3,47,1582.69287109375,699.2179565429688,7.564566612243652
3,48,1503.638427734375,640.08447265625,7.646386623382568
3,49,1638.69677734375,702.19091796875,7.72719669342041
3,50,1536.5546875,777.049560546875,7.807382583618164
3,51,1488.9180908203125,633.0145263671875,7.886636734008789
3,52,1601.943603515625,630.6000366210938,7.965243816375732
3,53,1614.8388671875,657.674560546875,8.042895317077637
3,54,1590.4547119140625,773.1969604492188,8.119762420654297
3,55,1527.8736572265625,651.4290771484375,8.195953369140625
3,56,1642.574462890625,704.0054321289062,8.271476745605469
3,57,1651.8240966796875,643.5897827148438,8.346358299255371
3,58,1657.74462890625,666.515869140625,8.420549392700195
3,59,1627.558349609375,767.6566162109375,8.494156837463379
3,60,1538.140869140625,659.8883056640625,8.56707763671875
3,61,1548.97705078125,768.4522094726562,8.639347076416016
3,62,1618.51220703125,664.3701782226562,8.71087646484375
3,63,1569.416259765625,669.5240478515625,8.781883239746094
3,64,1592.6043701171875,660.49169921875,8.852548599243164
3,65,1642.0225830078125,671.7936401367188,8.9224214553833
3,66,1604.36669921875,673.7492065429688,8.992036819458008
3,67,1609.5528564453125,626.2623291015625,9.061002731323242
3,68,1610.1444091796875,667.8311157226562,9.129374504089355
3,69,1572.841064453125,669.0362548828125,9.197312355041504
3,70,1617.4632568359375,715.7013549804688,9.264663696289062
3,71,1597.99462890625,650.2982788085938,9.331591606140137
3,72,1593.662353515625,723.809326171875,9.398019790649414
3,73,1518.0958251953125,724.8897705078125,9.463939666748047
3,74,1706.898681640625,714.7081298828125,9.529443740844727
3,75,1535.3023681640625,667.5316772460938,9.594371795654297
3,76,1629.3060302734375,672.6415405273438,9.659078598022461
3,77,1652.27197265625,748.98486328125,9.723427772521973
3,78,1553.9656982421875,660.5758666992188,9.787165641784668
3,79,1688.060546875,710.5685424804688,9.850431442260742
3,80,1657.173095703125,700.198486328125,9.913413047790527
3,81,1593.2794189453125,645.7708740234375,9.975821495056152
3,82,1533.7930908203125,685.1375732421875,10.038235664367676
3,83,1601.8885498046875,683.2060546875,10.099997520446777
3,84,1622.31201171875,712.8401489257812,10.161443710327148
3,85,1589.360107421875,675.866455078125,10.222455024719238
3,86,1668.3465576171875,663.3592529296875,10.283276557922363
3,87,1574.64599609375,676.1875610351562,10.343585968017578
3,88,1561.1966552734375,693.5844116210938,10.403796195983887
3,89,1597.873046875,717.466064453125,10.463510513305664
3,90,1651.6739501953125,731.9262084960938,10.522664070129395
3,91,1658.7318115234375,675.3466186523438,10.58151626586914
3,92,1692.99169921875,665.3405151367188,10.640137672424316
3,93,1674.183837890625,775.5841674804688,10.698488235473633
3,94,1617.3262939453125,631.390869140625,10.756415367126465
3,95,1608.5174560546875,716.4227905273438,10.81428050994873
3,96,1652.1290283203125,666.5921020507812,10.871886253356934
3,97,1543.8768310546875,690.4155883789062,10.92896842956543
3,98,1532.9345703125,652.787109375,10.985739707946777
3,99,1614.375732421875,669.91064453125,11.042152404785156
3,100,1622.949951171875,725.6573486328125,11.098297119140625
3,101,1559.64990234375,732.9592895507812,11.154290199279785
3,102,1625.203857421875,725.278564453125,11.209997177124023
3,103,1677.770751953125,727.2386474609375,11.265275001525879
3,104,1561.5609130859375,670.18359375,11.320347785949707
3,105,1547.323974609375,656.8521728515625,11.375139236450195
3,106,1649.52490234375,781.034912109375,11.42963981628418
3,107,1616.231201171875,699.132080078125,11.483872413635254
3,108,1632.841064453125,888.4796142578125,11.537958145141602
3,109,1603.92333984375,763.3289184570312,11.591767311096191
3,110,1613.1805419921875,859.0235595703125,11.64534854888916
3,111,1640.0211181640625,700.5729370117188,11.69857120513916
3,112,1519.8011474609375,688.0388793945312,11.751547813415527
3,113,1736.0574951171875,708.8895263671875,11.804439544677734
3,114,1537.367431640625,683.0291748046875,11.856927871704102
3,115,1682.737548828125,660.2737426757812,11.909164428710938
3,116,1541.88330078125,730.7197265625,11.961270332336426
3,117,1562.727783203125,608.669189453125,12.013113021850586
3,118,1584.1767578125,727.9949951171875,12.064746856689453
3,119,1619.830322265625,692.4415283203125,12.116186141967773
3,120,1688.931640625,699.9845581054688,12.16738510131836
3,121,1614.405517578125,636.1089477539062,12.218624114990234
3,122,1504.544189453125,654.9367065429688,12.269342422485352
3,123,1661.44580078125,773.3729858398438,12.319968223571777
3,124,1518.870361328125,785.896240234375,12.370277404785156
3,125,1543.8790283203125,678.4685668945312,12.420552253723145
3,126,1675.3770751953125,655.583251953125,12.470404624938965
3,127,1633.77197265625,637.4120483398438,12.520108222961426
3,128,1629.071533203125,717.665771484375,12.569792747497559
3,129,1676.2744140625,730.39990234375,12.619085311889648
3,130,1605.492919921875,721.3128051757812,12.668198585510254
3,131,1598.4764404296875,724.8865356445312,12.717240333557129
3,132,1688.013427734375,742.114013671875,12.765997886657715
3,133,1603.602294921875,704.9212036132812,12.814703941345215
3,134,1594.88330078125,715.3515014648438,12.86316204071045
3,135,1681.0528564453125,691.255615234375,12.911508560180664
3,136,1675.9208984375,677.0184936523438,12.959583282470703
3,137,1562.888671875,667.493896484375,13.007506370544434
3,138,1552.2669677734375,742.2955932617188,13.055183410644531
3,139,1634.449951171875,677.1654663085938,13.102862358093262
3,140,1690.7166748046875,719.5547485351562,13.150272369384766
3,141,1728.8814697265625,796.7464599609375,13.19752311706543
3,142,1688.718017578125,652.16943359375,13.244670867919922
3,143,1632.87353515625,670.3436889648438,13.291478157043457
3,144,1754.058837890625,682.3118286132812,13.337924003601074
3,145,1589.02392578125,715.38427734375,13.384600639343262
3,146,1652.198486328125,697.7350463867188,13.431082725524902
3,147,1555.351806640625,717.8504638671875,13.477442741394043
3,148,1645.56494140625,665.3488159179688,13.52348518371582
3,149,1582.804931640625,670.594970703125,13.569129943847656
3,150,1646.4482421875,673.9217529296875,13.614941596984863
3,151,1599.7882080078125,683.1446533203125,13.660614967346191
3,152,1624.4803466796875,655.0509033203125,13.706026077270508
3,153,1539.679931640625,655.2567138671875,13.751276969909668
3,154,1611.5548095703125,660.8963623046875,13.796486854553223
3,155,1720.553466796875,690.9649658203125,13.841439247131348
3,156,1463.59619140625,672.3416137695312,13.88634204864502
3,157,1630.0675048828125,659.7243041992188,13.931007385253906
3,158,1558.652099609375,732.4899291992188,13.975595474243164
3,159,1681.2742919921875,688.4749145507812,14.020176887512207
3,160,1656.98876953125,707.0965576171875,14.06446361541748
3,161,1626.835693359375,673.6310424804688,14.108709335327148
3,162,1549.592529296875,628.6488037109375,14.152688980102539
3,163,1667.31689453125,690.8637084960938,14.19653034210205
3,164,1610.0662841796875,686.6450805664062,14.240216255187988
3,165,1598.9599609375,648.814208984375,14.284029006958008
3,166,1557.665283203125,669.8779296875,14.327601432800293
3,167,1585.2244873046875,676.2833251953125,14.370880126953125
3,168,1566.6629638671875,669.0491333007812,14.413979530334473
3,169,1624.031494140625,667.7269897460938,14.45693588256836
3,170,1612.274658203125,664.9345703125,14.499853134155273
3,171,1600.856201171875,690.1831665039062,14.5427885055542
3,172,1561.3345947265625,657.1641235351562,14.585620880126953
3,173,1546.944580078125,722.6836547851562,14.628252983093262
3,174,1633.7467041015625,693.022705078125,14.670658111572266
3,175,1606.678955078125,728.6693115234375,14.713126182556152
3,176,1531.0294189453125,682.2815551757812,14.75534725189209
3,177,1637.680419921875,653.4356689453125,14.797386169433594
3,178,1572.4990234375,748.0714111328125,14.839410781860352
3,179,1571.6993408203125,691.2388916015625,14.881330490112305
3,180,1574.4918212890625,831.3120727539062,14.92306900024414
3,181,1625.656494140625,684.4909057617188,14.964542388916016
3,182,1619.96435546875,685.5697631835938,15.005939483642578
3,183,1636.0830078125,688.3126831054688,15.047181129455566
3,184,1557.1229248046875,687.2373046875,15.088364601135254
3,185,1628.68994140625,676.9321899414062,15.129342079162598
3,186,1620.179443359375,673.5499267578125,15.170415878295898
3,187,1605.292236328125,730.6072998046875,15.211504936218262
3,188,1613.8231201171875,759.099853515625,15.252286911010742
3,189,1641.248046875,723.6775512695312,15.29316234588623
3,190,1588.4427490234375,673.5615234375,15.333815574645996
3,191,1572.6845703125,666.804443359375,15.374346733093262
3,192,1606.8204345703125,661.5122680664062,15.414708137512207
3,193,1498.75634765625,684.8799438476562,15.454887390136719
3,194,1669.1796875,697.1752319335938,15.494990348815918
3,195,1527.082763671875,633.9906005859375,15.535036087036133
3,196,1568.400146484375,685.564697265625,15.575060844421387
3,197,1602.487060546875,789.2614135742188,15.615002632141113
3,198,1559.486572265625,654.1557006835938,15.654535293579102
3,199,1623.5189208984375,626.7579345703125,15.694171905517578
3,200,1487.627685546875,667.0670776367188,15.733582496643066
3,201,1544.464111328125,648.87548828125,15.773014068603516
3,202,1559.2862548828125,680.0110473632812,15.812372207641602
3,203,1568.06298828125,663.9246826171875,15.851664543151855
3,204,1660.60888671875,663.817138671875,15.890798568725586
3,205,1553.885009765625,750.8170776367188,15.929962158203125
3,206,1606.26513671875,668.4092407226562,15.968799591064453
3,207,1564.9931640625,665.4227294921875,16.007638931274414
3,208,1619.9224853515625,663.660888671875,16.04641342163086
3,209,1591.0526123046875,699.5873413085938,16.085044860839844
3,210,1671.50146484375,668.7456665039062,16.123695373535156
3,211,1687.1513671875,643.5848388671875,16.16231346130371
3,212,1596.2474365234375,671.8944091796875,16.200742721557617
3,213,1608.4781494140625,690.9491577148438,16.23903465270996
3,214,1600.8623046875,791.4783935546875,16.277137756347656
3,215,1566.23828125,681.3372192382812,16.315441131591797
3,216,1604.027099609375,714.3839111328125,16.353673934936523
3,217,1653.5223388671875,697.8726806640625,16.391740798950195
3,218,1598.8702392578125,672.3980712890625,16.4295597076416
3,219,1615.453369140625,664.0115356445312,16.46738052368164
3,220,1693.237060546875,709.561767578125,16.504913330078125
3,221,1606.309326171875,700.0042724609375,16.542591094970703
3,222,1621.28173828125,682.6461181640625,16.58024024963379
3,223,1573.39306640625,771.2596435546875,16.617631912231445
3,224,1563.158935546875,694.8115234375,16.65510368347168
3,225,1673.737548828125,689.7739868164062,16.6925048828125
3,226,1589.35986328125,702.7958374023438,16.729646682739258
3,227,1617.262939453125,755.3497314453125,16.766916275024414
3,228,1698.725341796875,728.3433837890625,16.804018020629883
3,229,1590.131591796875,754.826171875,16.84105682373047
3,230,1658.210205078125,711.9503173828125,16.877803802490234
3,231,1710.514404296875,729.3331909179688,16.914491653442383
3,232,1588.94287109375,662.4254150390625,16.951311111450195
3,233,1574.69970703125,746.0795288085938,16.987945556640625
3,234,1679.55322265625,715.769287109375,17.02444076538086
3,235,1551.8157958984375,746.6798095703125,17.060806274414062
3,236,1588.87646484375,657.78271484375,17.097227096557617
3,237,1555.018798828125,688.2479858398438,17.133621215820312
3,238,1615.6806640625,731.0216064453125,17.169816970825195
3,239,1577.3123779296875,754.338134765625,17.20597267150879
3,240,1619.6092529296875,640.9050903320312,17.24210548400879
3,241,1745.1473388671875,705.9198608398438,17.278066635131836
3,242,1642.48046875,666.7162475585938,17.313934326171875
3,243,1636.027587890625,739.4117431640625,17.349939346313477
3,244,1690.45361328125,665.6309204101562,17.385719299316406
3,245,1615.481689453125,668.0449829101562,17.421524047851562
3,246,1653.254638671875,670.1903686523438,17.457109451293945
3,247,1681.1474609375,687.0738525390625,17.49287986755371
3,248,1593.2548828125,638.6941528320312,17.528188705444336
3,249,1607.811279296875,650.7992553710938,17.563663482666016
3,250,1597.5185546875,674.527099609375,17.599023818969727
3,251,1659.355712890625,673.4656982421875,17.63422966003418
3,252,1614.027587890625,678.6856079101562,17.669492721557617
3,253,1687.045166015625,694.7813110351562,17.704574584960938
3,254,1506.2093505859375,685.1747436523438,17.7396183013916
3,255,1581.7911376953125,749.6791381835938,17.77466583251953
3,256,1620.6846923828125,670.93115234375,17.80956268310547
3,257,1610.031494140625,758.4924926757812,17.844341278076172
3,258,1645.29931640625,650.2144165039062,17.87913703918457
3,259,1593.2177734375,666.4979858398438,17.91373062133789
3,260,1539.20556640625,709.476318359375,17.948503494262695
3,261,1602.04833984375,639.0357666015625,17.982994079589844
3,262,1581.114501953125,685.5191040039062,18.017597198486328
3,263,1684.169189453125,752.82470703125,18.05219078063965
3,264,1643.4876708984375,654.0961303710938,18.086589813232422
3,265,1549.494873046875,698.0958251953125,18.120967864990234
3,266,1637.90185546875,692.0032348632812,18.155187606811523
3,267,1647.600830078125,677.9755249023438,18.189376831054688
3,268,1615.2601318359375,672.7398681640625,18.22353744506836
3,269,1640.936767578125,714.7854614257812,18.257509231567383
3,270,1519.14208984375,745.9940795898438,18.291526794433594
3,271,1580.993408203125,658.86572265625,18.325454711914062
3,272,1663.445556640625,674.049560546875,18.35934829711914
3,273,1580.806884765625,629.008056640625,18.39325714111328
3,274,1670.51220703125,714.7294311523438,18.42695426940918
3,275,1620.58447265625,681.6422119140625,18.46079444885254
3,276,1643.0728759765625,670.0059204101562,18.4945068359375
3,277,1684.529296875,739.4484252929688,18.527986526489258
3,278,1595.3177490234375,715.4268188476562,18.561410903930664
3,279,1634.185791015625,698.4584350585938,18.594911575317383
3,280,1511.17724609375,650.215087890625,18.62833023071289
3,281,1622.102783203125,669.5088500976562,18.66175651550293
3,282,1600.1826171875,657.7744750976562,18.69483757019043
3,283,1654.863525390625,730.3994750976562,18.72806739807129
3,284,1695.250244140625,667.9110717773438,18.76120948791504
3,285,1594.0921630859375,649.2431640625,18.794403076171875
3,286,1705.6358642578125,699.1790771484375,18.827367782592773
3,287,1638.52001953125,686.3699340820312,18.860219955444336
3,288,1705.978759765625,677.21826171875,18.892990112304688
3,289,1568.3826904296875,672.1685791015625,18.925739288330078
3,290,1654.40869140625,707.3665771484375,18.958595275878906
3,291,1556.3565673828125,652.7946166992188,18.991432189941406
3,292,1568.2900390625,650.1719970703125,19.02430534362793
3,293,1643.3321533203125,636.9815063476562,19.05706214904785
3,294,1634.9647216796875,751.1983032226562,19.089635848999023
3,295,1663.7001953125,707.012451171875,19.122337341308594
3,296,1558.07421875,704.9234008789062,19.15488052368164
3,297,1586.4091796875,671.7216186523438,19.18730926513672
3,298,1582.8392333984375,714.0791625976562,19.219602584838867
3,299,1650.011474609375,715.5225830078125,19.25187873840332
3,300,1625.366455078125,716.2859497070312,19.284067153930664
3,301,1657.216064453125,667.2882690429688,19.31623649597168
3,302,1631.3935546875,660.8929443359375,19.34829330444336
3,303,1631.533935546875,685.01708984375,19.3804874420166
3,304,1640.061767578125,685.8330688476562,19.41257667541504
3,305,1535.53125,778.7908325195312,19.44455337524414
3,306,1646.92138671875,678.0286865234375,19.476451873779297
3,307,1612.5057373046875,676.3413696289062,19.508380889892578
3,308,1593.513916015625,697.5091552734375,19.54041290283203
3,309,1543.2373046875,657.6809692382812,19.572336196899414
3,310,1604.6845703125,624.9313354492188,19.60399055480957
3,311,1485.8934326171875,634.4088745117188,19.635587692260742
3,312,1511.160888671875,684.4196166992188,19.66720962524414
3,313,1653.077880859375,695.2319946289062,19.698972702026367
3,314,1608.4525146484375,664.0625610351562,19.73056983947754
3,315,1673.668212890625,681.0806274414062,19.76207160949707
3,316,1762.279296875,730.1099243164062,19.79340362548828
3,317,1663.210205078125,734.2738037109375,19.82479476928711
3,318,1654.4136962890625,704.4176635742188,19.856042861938477
3,319,1549.2037353515625,665.8021850585938,19.887353897094727
3,320,1555.6024169921875,656.1135864257812,19.91864013671875
3,321,1591.38916015625,705.2415161132812,19.949769973754883
3,322,1535.1734619140625,693.7617797851562,19.98101043701172
3,323,1476.905517578125,645.306884765625,20.012006759643555
3,324,1607.59912109375,642.3543090820312,20.043115615844727
3,325,1619.4815673828125,684.3370971679688,20.074132919311523
3,326,1637.586181640625,637.04248046875,20.105037689208984
3,327,1626.5225830078125,672.3833618164062,20.135934829711914
3,328,1594.884765625,691.3076171875,20.166919708251953
3,329,1686.5703125,692.420654296875,20.19767189025879
3,330,1597.46142578125,803.40283203125,20.228458404541016
3,331,1676.59814453125,668.4629516601562,20.259170532226562
3,332,1489.543701171875,891.7874755859375,20.2899169921875
3,333,1660.194580078125,673.8616333007812,20.320566177368164
3,334,1657.026123046875,672.8509521484375,20.35104751586914
3,335,1612.220458984375,689.9403076171875,20.381563186645508
3,336,1701.2637939453125,666.9017944335938,20.412250518798828
3,337,1643.5869140625,706.2567749023438,20.442819595336914
3,338,1566.0810546875,649.3924560546875,20.473148345947266
3,339,1667.562744140625,701.6692504882812,20.503421783447266
3,340,1568.10546875,698.7771606445312,20.533748626708984
3,341,1686.482177734375,671.7149047851562,20.564075469970703
3,342,1625.263671875,668.2752075195312,20.594310760498047
3,343,1649.378662109375,667.1306762695312,20.624509811401367
3,344,1569.705078125,663.7597045898438,20.654644012451172
3,345,1652.734375,674.6737670898438,20.68456268310547
3,346,1735.944580078125,731.1185302734375,20.714458465576172
3,347,1603.263916015625,724.7490844726562,20.744291305541992
3,348,1594.783203125,684.1897583007812,20.774383544921875
3,349,1620.2880859375,728.56787109375,20.80417823791504
3,350,1593.389404296875,802.012939453125,20.833919525146484
3,351,1553.273681640625,734.785400390625,20.863853454589844
3,352,1596.5380859375,662.4923095703125,20.893733978271484
3,353,1610.8468017578125,675.85400390625,20.92353057861328
3,354,1614.5263671875,689.7598266601562,20.953161239624023
3,355,1538.241943359375,657.4198608398438,20.9827938079834
3,356,1692.2034912109375,667.3598022460938,21.012365341186523
3,357,1618.191162109375,692.2902221679688,21.042037963867188
3,358,1664.26171875,748.4384765625,21.07152557373047
3,359,1631.366455078125,705.556884765625,21.101163864135742
3,360,1535.9075927734375,675.26123046875,21.130666732788086
3,361,1631.1324462890625,661.7688598632812,21.160226821899414
3,362,1608.788330078125,708.7056274414062,21.189706802368164
3,363,1639.241455078125,719.7705688476562,21.218969345092773
3,364,1643.204345703125,676.8422241210938,21.248165130615234
3,365,1537.4862060546875,729.1323852539062,21.277467727661133
3,366,1592.5443115234375,597.6219482421875,21.306543350219727
3,367,1497.746337890625,688.9894409179688,21.335771560668945
3,368,1579.19677734375,784.1338500976562,21.364826202392578
3,369,1682.6219482421875,685.3949584960938,21.39386749267578
3,370,1583.7181396484375,647.6846313476562,21.42283821105957
3,371,1728.0203857421875,644.7083740234375,21.451942443847656
3,372,1532.60498046875,708.0982666015625,21.480911254882812
3,373,1601.5517578125,700.2542114257812,21.5096435546875
3,374,1706.0655517578125,648.2672729492188,21.538448333740234
3,375,1665.052001953125,736.9083862304688,21.567434310913086
3,376,1620.1578369140625,650.2205200195312,21.596193313598633
3,377,1596.2470703125,699.6246948242188,21.62482261657715
3,378,1574.671630859375,689.7108764648438,21.653627395629883
3,379,1641.8721923828125,698.5974731445312,21.682207107543945
3,380,1611.9300537109375,698.2820434570312,21.71084976196289
3,381,1523.4686279296875,656.869384765625,21.73959732055664
3,382,1530.2689208984375,803.1654663085938,21.768150329589844
3,383,1634.08447265625,685.5682373046875,21.79646873474121
3,384,1543.828857421875,654.3937377929688,21.825016021728516
3,385,1706.7255859375,683.5140380859375,21.85361099243164
3,386,1742.425048828125,681.0188598632812,21.882064819335938
3,387,1595.603759765625,649.4872436523438,21.910400390625
3,388,1736.726806640625,785.648681640625,21.938879013061523
3,389,1617.692138671875,826.0496826171875,21.967105865478516
3,390,1608.4501953125,676.5213012695312,21.995363235473633
3,391,1613.3343505859375,780.4598999023438,22.023540496826172
3,392,1610.22021484375,706.3401489257812,22.051658630371094
3,393,1654.3062744140625,724.8162841796875,22.079885482788086
3,394,1621.460205078125,672.8313598632812,22.10807228088379
3,395,1612.41796875,669.4590454101562,22.136192321777344
3,396,1623.029052734375,679.464111328125,22.164257049560547
3,397,1654.9110107421875,707.5,22.192424774169922
3,398,1541.0406494140625,778.9993286132812,22.220455169677734
3,399,1706.038330078125,716.2256469726562,22.248367309570312
3,400,1606.3486328125,668.0128784179688,22.27631187438965
3,401,1649.0067138671875,670.722900390625,22.304244995117188
3,402,1687.65771484375,717.78173828125,22.332197189331055
3,403,1618.263916015625,685.2515869140625,22.359939575195312
3,404,1693.3524169921875,683.472900390625,22.3878173828125
3,405,1636.0372314453125,643.9822387695312,22.41551971435547
3,406,1630.4208984375,675.5578002929688,22.443113327026367
3,407,1604.113525390625,685.3049926757812,22.470661163330078
3,408,1674.037109375,686.8650512695312,22.498342514038086
3,409,1526.453125,649.211669921875,22.526063919067383
3,410,1671.0108642578125,687.1699829101562,22.55355453491211
3,411,1628.808837890625,701.3851318359375,22.58092498779297
3,412,1589.45458984375,619.5171508789062,22.60833740234375
3,413,1646.650390625,658.7677612304688,22.635862350463867
3,414,1674.703369140625,701.0703125,22.6633358001709
3,415,1672.745361328125,672.9616088867188,22.69074058532715
3,416,1616.7474365234375,704.9213256835938,22.71815299987793
3,417,1608.76220703125,734.06640625,22.74558448791504
3,418,1563.659912109375,651.7271728515625,22.772842407226562
3,419,1632.712158203125,692.0851440429688,22.800081253051758
3,420,1573.888916015625,637.7675170898438,22.827301025390625
3,421,1626.046875,650.7636108398438,22.85441017150879
3,422,1631.0135498046875,723.98583984375,22.881568908691406
3,423,1585.533447265625,707.547119140625,22.908540725708008
3,424,1669.8260498046875,640.7728881835938,22.935686111450195
3,425,1516.443603515625,677.8356323242188,22.9627628326416
3,426,1621.522216796875,683.5183715820312,22.98985481262207
3,427,1618.089599609375,641.4061889648438,23.016876220703125
3,428,1645.889404296875,675.4373168945312,23.0439510345459
3,429,1566.4708251953125,660.465087890625,23.07090187072754
3,430,1625.619384765625,677.062744140625,23.097627639770508
3,431,1681.230224609375,710.7612915039062,23.124629974365234
3,432,1571.760009765625,689.2034912109375,23.15134620666504
3,433,1571.5560302734375,662.7620239257812,23.178180694580078
3,434,1512.999267578125,621.3399658203125,23.204843521118164
3,435,1588.4814453125,636.73046875,23.231515884399414
3,436,1651.2713623046875,663.703125,23.258031845092773
3,437,1624.045654296875,685.2603759765625,23.284700393676758
3,438,1573.8499755859375,628.4078369140625,23.311254501342773
3,439,1614.1304931640625,721.681640625,23.337907791137695
3,440,1658.69140625,671.6149291992188,23.364566802978516
3,441,1609.0709228515625,648.8550415039062,23.39105796813965
3,442,1567.241943359375,724.283203125,23.417675018310547
3,443,1446.79931640625,658.3818969726562,23.44418716430664
3,444,1700.4031982421875,665.4810180664062,23.47069549560547
3,445,1591.63525390625,675.0418701171875,23.497074127197266
3,446,1548.0184326171875,705.7962036132812,23.523427963256836
3,447,1567.434326171875,652.657958984375,23.5498046875
3,448,1702.7138671875,771.9417724609375,23.576047897338867
3,449,1595.6153564453125,747.6182861328125,23.6024227142334
3,450,1663.391357421875,677.626708984375,23.628639221191406
3,451,1512.403076171875,676.2184448242188,23.654796600341797
3,452,1650.9117431640625,682.69921875,23.681123733520508
3,453,1539.056396484375,660.296875,23.70742416381836
3,454,1633.9635009765625,699.3853759765625,23.73373031616211
3,455,1588.3897705078125,669.6549682617188,23.75998878479004
3,456,1541.4393310546875,620.3036499023438,23.785991668701172
3,457,1776.927734375,709.077392578125,23.812068939208984
3,458,1619.969970703125,658.5208129882812,23.83808708190918
3,459,1607.913818359375,646.7042236328125,23.864105224609375
3,460,1584.470458984375,645.111572265625,23.890174865722656
3,461,1598.0855712890625,623.847412109375,23.916015625
3,462,1577.6875,697.1134033203125,23.94196319580078
3,463,1577.7255859375,660.6432495117188,23.967878341674805
3,464,1637.7105712890625,659.4531860351562,23.99380111694336
3,465,1601.2857666015625,663.3535766601562,24.019634246826172
3,466,1623.1446533203125,699.4873046875,24.04545783996582
3,467,1684.062744140625,775.3865966796875,24.071338653564453
3,468,1614.3685302734375,692.7449340820312,24.097095489501953
3,469,1641.312255859375,712.4563598632812,24.12299919128418
3,470,1639.5225830078125,666.3433837890625,24.148773193359375
3,471,1634.317626953125,686.4065551757812,24.17451286315918
3,472,1590.970947265625,683.3154296875,24.200136184692383
3,473,1611.7762451171875,665.5801391601562,24.225914001464844
3,474,1609.77978515625,697.7089233398438,24.251541137695312
3,475,1607.418701171875,622.7536010742188,24.277240753173828
3,476,1701.5928955078125,707.5926513671875,24.302837371826172
3,477,1597.3388671875,893.2608032226562,24.328466415405273
3,478,1516.874267578125,635.2686767578125,24.354032516479492
3,479,1626.3570556640625,658.6126098632812,24.379562377929688
3,480,1552.451171875,653.4485473632812,24.404998779296875
3,481,1555.06298828125,627.5270385742188,24.430435180664062
3,482,1619.102783203125,684.848388671875,24.45572853088379
3,483,1589.442138671875,657.6898803710938,24.481027603149414
3,484,1682.44775390625,624.7899169921875,24.506607055664062
3,485,1643.72021484375,670.8318481445312,24.532072067260742
3,486,1656.827392578125,722.4447021484375,24.55746841430664
3,487,1555.1456298828125,622.6953125,24.582767486572266
3,488,1599.093994140625,692.1217041015625,24.60816764831543
3,489,1482.2607421875,623.4347534179688,24.63347816467285
3,490,1631.49609375,721.2615356445312,24.65864372253418
3,491,1604.58935546875,692.8690795898438,24.68379020690918
3,492,1766.281494140625,670.7408447265625,24.70892333984375
3,493,1592.042724609375,677.2515869140625,24.734046936035156
3,494,1426.18359375,674.0317993164062,24.75912094116211
3,495,1604.4324951171875,693.6321411132812,24.784263610839844
3,496,1603.25,722.4395751953125,24.809276580810547
3,497,1594.06494140625,710.26416015625,24.834209442138672
3,498,1511.390380859375,644.0780639648438,24.8590030670166
3,499,1692.383056640625,731.5120849609375,24.884057998657227
3,500,1570.31103515625,790.3983764648438,24.908992767333984
3,501,1638.4267578125,738.05859375,24.93403434753418
3,502,1662.848876953125,669.0873413085938,24.95892906188965
3,503,1652.5244140625,761.4609985351562,24.98368263244629
3,504,1529.2958984375,630.1912841796875,25.008569717407227
3,505,1667.74169921875,791.3628540039062,25.03331184387207
3,506,1664.1480712890625,672.0121459960938,25.058076858520508
3,507,1631.8203125,610.2188110351562,25.08255386352539
3,508,1625.813720703125,669.3554077148438,25.107425689697266
3,509,1666.888671875,666.3902587890625,25.132165908813477
3,510,1685.568115234375,658.9491577148438,25.156831741333008
3,511,1604.7464599609375,741.5872802734375,25.181407928466797
3,512,1605.116455078125,637.2913818359375,25.206125259399414
3,513,1638.33056640625,674.5193481445312,25.230697631835938
3,514,1640.65234375,688.2069091796875,25.255281448364258
3,515,1528.683349609375,645.7590942382812,25.27989959716797
3,516,1663.7310791015625,653.5311889648438,25.30446434020996
3,517,1787.9547119140625,712.7031860351562,25.329227447509766
3,518,1574.611328125,646.1095581054688,25.353628158569336
3,519,1491.644287109375,723.2615356445312,25.37813377380371
3,520,1622.321044921875,684.1229858398438,25.402603149414062
3,521,1607.349365234375,687.1807250976562,25.42719078063965
3,522,1611.929931640625,607.570068359375,25.4516544342041
3,523,1695.67919921875,685.9367065429688,25.476261138916016
3,524,1648.8587646484375,621.6494140625,25.500795364379883
3,525,1660.0269775390625,602.445068359375,25.525117874145508
3,526,1602.290283203125,704.1423950195312,25.549348831176758
3,527,1637.1468505859375,634.8576049804688,25.57355308532715
3,528,1692.83349609375,675.034912109375,25.597820281982422
3,529,1582.767333984375,819.0363159179688,25.62197494506836
3,530,1597.3951416015625,718.3339233398438,25.646162033081055
3,531,1668.7393798828125,711.4093017578125,25.67047119140625
3,532,1619.0078125,677.0825805664062,25.69469451904297
3,533,1593.9356689453125,683.6798706054688,25.718887329101562
3,534,1547.9632568359375,646.2027587890625,25.743099212646484
3,535,1625.92724609375,616.0625,25.767335891723633
3,536,1514.22802734375,683.3975830078125,25.791427612304688
3,537,1645.19580078125,647.5780029296875,25.81548309326172
3,538,1654.90185546875,630.63427734375,25.83962059020996
3,539,1696.890869140625,678.62109375,25.863672256469727
3,540,1667.268798828125,737.0894165039062,25.887632369995117
3,541,1539.03466796875,687.315185546875,25.911624908447266
3,542,1645.92041015625,620.4302368164062,25.93565559387207
3,543,1655.150634765625,651.4979858398438,25.959514617919922
3,544,1560.171142578125,761.705810546875,25.98357582092285
3,545,1481.0155029296875,655.4554443359375,26.007505416870117
3,546,1600.1826171875,724.1942138671875,26.031314849853516
3,547,1669.654296875,720.3365478515625,26.055316925048828
3,548,1590.9007568359375,750.0424194335938,26.0790958404541
3,549,1599.2864990234375,722.048828125,26.10284423828125
3,550,1570.44189453125,669.1348876953125,26.126644134521484
3,551,1505.87109375,635.7005004882812,26.150482177734375
3,552,1622.23876953125,694.8314208984375,26.17430305480957
3,553,1584.571044921875,678.2357177734375,26.19794273376465
3,554,1701.7474365234375,621.6305541992188,26.221595764160156
3,555,1643.6268310546875,679.5088500976562,26.24517250061035
3,556,1507.86181640625,647.50634765625,26.268901824951172
3,557,1620.0228271484375,658.570068359375,26.292667388916016
3,558,1583.654052734375,658.8380737304688,26.316370010375977
3,559,1580.682373046875,739.8798828125,26.340015411376953
3,560,1553.579345703125,665.5599975585938,26.363561630249023
3,561,1570.89794921875,670.9827270507812,26.387062072753906
3,562,1615.8145751953125,644.8731689453125,26.410568237304688
3,563,1559.6668701171875,731.4663696289062,26.434192657470703
3,564,1629.59619140625,644.7568969726562,26.457796096801758
3,565,1631.82958984375,756.255859375,26.48115348815918
3,566,1536.3857421875,649.294921875,26.504621505737305
3,567,1667.2423095703125,667.9505004882812,26.527883529663086
3,568,1536.6865234375,639.0651245117188,26.551380157470703
3,569,1661.532470703125,645.159912109375,26.57478141784668
3,570,1651.5924072265625,662.6448974609375,26.598054885864258
3,571,1634.4256591796875,625.9593505859375,26.621416091918945
3,572,1568.25537109375,629.447021484375,26.644861221313477
3,573,1617.888916015625,678.9512329101562,26.668277740478516
3,574,1677.65625,641.9843139648438,26.6915340423584
3,575,1694.9127197265625,651.3720703125,26.71479034423828
3,576,1482.22412109375,615.1690063476562,26.737890243530273
3,577,1686.4525146484375,637.1183471679688,26.761192321777344
3,578,1646.710205078125,663.098388671875,26.78426742553711
3,579,1643.5810546875,623.5964965820312,26.807415008544922
3,580,1557.7689208984375,663.8545532226562,26.830610275268555
3,581,1498.1024169921875,622.6050415039062,26.853734970092773
3,582,1627.18408203125,713.2421264648438,26.876955032348633
3,583,1597.084228515625,737.8509521484375,26.89984703063965
3,584,1632.647705078125,757.3558349609375,26.92275619506836
3,585,1579.54248046875,642.5883178710938,26.94585609436035
3,586,1455.6795654296875,609.1442260742188,26.968971252441406
3,587,1631.92333984375,641.8088989257812,26.992128372192383
3,588,1631.14306640625,604.77783203125,27.015167236328125
3,589,1601.031005859375,684.6976928710938,27.038137435913086
3,590,1530.370849609375,705.90478515625,27.061241149902344
3,591,1680.29345703125,623.9811401367188,27.08422088623047
3,592,1584.7939453125,644.3642578125,27.107078552246094
3,593,1532.9979248046875,653.2266845703125,27.130048751831055
3,594,1694.2991943359375,683.859619140625,27.15284538269043
3,595,1623.241455078125,663.7374267578125,27.175752639770508
3,596,1549.179931640625,619.614013671875,27.19853401184082
3,597,1712.3994140625,667.8905639648438,27.22146224975586
3,598,1660.589111328125,651.6895751953125,27.244159698486328
3,599,1509.33251953125,595.7587890625,27.266807556152344
3,600,1590.31494140625,774.7778930664062,27.28965950012207
3,601,1649.2274169921875,648.790771484375,27.31236457824707
3,602,1638.9249267578125,674.0415649414062,27.334897994995117
3,603,1525.796142578125,835.2864990234375,27.357540130615234
3,604,1559.634033203125,685.484619140625,27.380170822143555
3,605,1625.72900390625,677.8655395507812,27.40301513671875
3,606,1601.12060546875,650.7041625976562,27.425617218017578
3,607,1540.953369140625,614.6400146484375,27.448280334472656
3,608,1664.377197265625,761.4474487304688,27.470972061157227
3,609,1693.5509033203125,684.9417114257812,27.4936580657959
3,610,1659.5107421875,702.7390747070312,27.516185760498047
3,611,1630.38330078125,604.3627319335938,27.538671493530273
3,612,1654.7357177734375,667.0772705078125,27.561342239379883
3,613,1482.459716796875,595.668212890625,27.583784103393555
3,614,1573.983154296875,683.8709106445312,27.60636329650879
3,615,1640.8009033203125,646.5075073242188,27.62897491455078
3,616,1603.9736328125,640.6160278320312,27.651548385620117
3,617,1562.9656982421875,805.2324829101562,27.674013137817383
3,618,1671.73388671875,831.1957397460938,27.696413040161133
3,619,1636.2130126953125,670.0259399414062,27.718860626220703
3,620,1606.08349609375,727.9948120117188,27.74118995666504
3,621,1575.1141357421875,690.0965576171875,27.763582229614258
3,622,1714.86767578125,696.2992553710938,27.785993576049805
3,623,1738.5675048828125,644.937255859375,27.808530807495117
3,624,1639.81201171875,665.3892822265625,27.830791473388672
3,625,1521.945556640625,617.569091796875,27.852985382080078
3,626,1667.82958984375,651.4678955078125,27.87541961669922
3,627,1623.583984375,668.176025390625,27.897701263427734
3,628,1565.802001953125,660.4764404296875,27.920194625854492
3,629,1596.869384765625,662.5313110351562,27.942607879638672
3,630,1689.596923828125,674.3860473632812,27.964672088623047
3,631,1664.6083984375,721.0987548828125,27.9868106842041
3,632,1573.57861328125,646.2626342773438,28.008869171142578
3,633,1719.605712890625,673.50830078125,28.030933380126953
3,634,1609.098388671875,688.0006103515625,28.053142547607422
3,635,1687.61083984375,657.0989379882812,28.07523536682129
3,636,1580.995849609375,648.7872924804688,28.09735107421875
3,637,1541.519775390625,625.4598999023438,28.1193904876709
3,638,1577.98828125,870.2052612304688,28.141530990600586
3,639,1607.873779296875,662.72265625,28.163589477539062
3,640,1597.9697265625,627.0365600585938,28.185684204101562
3,641,1556.8199462890625,702.5210571289062,28.207820892333984
3,642,1633.064697265625,682.8068237304688,28.22976303100586
3,643,1642.91943359375,632.3731079101562,28.25168800354004
3,644,1579.833984375,621.7553100585938,28.27361488342285
3,645,1595.84765625,657.0233764648438,28.295621871948242
3,646,1597.664794921875,685.1384887695312,28.317615509033203
3,647,1640.587158203125,638.0248413085938,28.339412689208984
3,648,1620.162841796875,636.164306640625,28.36138153076172
3,649,1732.947509765625,670.9612426757812,28.38326072692871
3,650,1572.414306640625,647.2167358398438,28.405176162719727
3,651,1583.54296875,744.0289916992188,28.427169799804688
3,652,1570.93994140625,680.282470703125,28.448997497558594
3,653,1605.9344482421875,666.2303466796875,28.470787048339844
3,654,1529.33056640625,745.2208862304688,28.492694854736328
3,655,1610.61181640625,583.3087768554688,28.51446533203125
3,656,1685.27734375,646.9396362304688,28.53636360168457
3,657,1653.3526611328125,624.9616088867188,28.558130264282227
3,658,1589.1502685546875,652.3033447265625,28.57996368408203
3,659,1602.939453125,661.2109375,28.601619720458984
3,660,1706.35791015625,628.8296508789062,28.623567581176758
3,661,1637.166015625,706.6106567382812,28.645139694213867
3,662,1715.8240966796875,659.6795654296875,28.666732788085938
3,663,1453.4765625,628.597900390625,28.68842315673828
3,664,1661.4273681640625,665.9464111328125,28.710086822509766
3,665,1649.90185546875,692.568603515625,28.73179054260254
3,666,1599.52978515625,652.1389770507812,28.75324821472168
3,667,1594.793701171875,685.1226806640625,28.774858474731445
3,668,1593.1243896484375,628.1094970703125,28.79650115966797
3,669,1623.47119140625,702.3320922851562,28.818180084228516
3,670,1588.29736328125,651.395263671875,28.83955192565918
3,671,1573.687255859375,681.7496337890625,28.860858917236328
3,672,1471.023681640625,682.63037109375,28.88248634338379
3,673,1651.28076171875,620.6953125,28.903825759887695
3,674,1595.6773681640625,631.1250610351562,28.925270080566406
3,675,1600.807861328125,607.3397216796875,28.946653366088867
3,676,1566.711669921875,611.6243286132812,28.968036651611328
3,677,1604.1171875,630.5748291015625,28.989547729492188
3,678,1590.1304931640625,634.448974609375,29.01092529296875
3,679,1653.23291015625,656.6751098632812,29.03223419189453
3,680,1649.64794921875,621.2631225585938,29.053565979003906
3,681,1578.943603515625,766.4237670898438,29.075002670288086
3,682,1602.90380859375,583.8536376953125,29.09630012512207
3,683,1583.11474609375,664.9152221679688,29.11758041381836
3,684,1604.51806640625,723.2306518554688,29.138853073120117
3,685,1682.957275390625,649.9419555664062,29.159969329833984
3,686,1621.337890625,646.8128051757812,29.181241989135742
3,687,1523.170166015625,660.190673828125,29.202577590942383
3,688,1593.0340576171875,666.2000122070312,29.223644256591797
3,689,1510.954833984375,705.5869140625,29.244670867919922
3,690,1478.7052001953125,661.132568359375,29.265766143798828
3,691,1630.0091552734375,623.2943115234375,29.28708839416504
3,692,1603.3525390625,636.959228515625,29.30831527709961
3,693,1628.422119140625,648.01513671875,29.329469680786133
3,694,1743.2271728515625,622.80615234375,29.35065460205078
3,695,1615.94677734375,684.9144287109375,29.3716983795166
3,696,1573.73828125,655.0455322265625,29.392854690551758
3,697,1599.3690185546875,669.3118896484375,29.4139347076416
3,698,1492.9298095703125,609.5867919921875,29.435077667236328
3,699,1615.617431640625,662.703857421875,29.456256866455078
3,700,1656.9000244140625,657.7188110351562,29.47734260559082
3,701,1643.1038818359375,608.447998046875,29.49843978881836
3,702,1754.101806640625,638.7122192382812,29.51963233947754
3,703,1750.3563232421875,656.7266845703125,29.540803909301758
3,704,1654.290283203125,651.8968505859375,29.56174087524414
3,705,1628.421875,667.708251953125,29.582735061645508
3,706,1542.20068359375,633.6731567382812,29.603723526000977
3,707,1594.395263671875,658.0484008789062,29.624771118164062
3,708,1661.580322265625,660.9638061523438,29.64581298828125
3,709,1616.08447265625,621.2847290039062,29.666826248168945
3,710,1683.416015625,659.165771484375,29.68779182434082
3,711,1542.23486328125,620.9725341796875,29.708589553833008
3,712,1699.50537109375,664.5714111328125,29.72953987121582
3,713,1582.36279296875,629.0004272460938,29.750316619873047
3,714,1658.21435546875,690.3731689453125,29.770978927612305
3,715,1621.9798583984375,726.2908935546875,29.791812896728516
3,716,1626.053466796875,652.3690795898438,29.81269073486328
3,717,1459.8778076171875,634.6616821289062,29.83350944519043
3,718,1633.47216796875,625.4351196289062,29.854291915893555
3,719,1658.1292724609375,616.4524536132812,29.875123977661133
3,720,1738.305908203125,653.9409790039062,29.895938873291016
3,721,1632.13525390625,643.945068359375,29.916711807250977
3,722,1576.519287109375,613.1273803710938,29.937406539916992
3,723,1605.9931640625,640.4916381835938,29.95816421508789
3,724,1685.969482421875,664.6961669921875,29.978879928588867
3,725,1675.46435546875,635.6173706054688,29.999547958374023
3,726,1579.8134765625,652.5907592773438,30.020145416259766
3,727,1461.322509765625,608.0654296875,30.040874481201172
3,728,1592.9295654296875,657.2132568359375,30.061626434326172
3,729,1582.5357666015625,694.2461547851562,30.08228874206543
3,730,1663.697265625,647.8213500976562,30.10291862487793
3,731,1563.984130859375,614.270751953125,30.12326431274414
3,732,1660.5076904296875,644.4617919921875,30.143888473510742
3,733,1612.468505859375,654.98486328125,30.164581298828125
3,734,1654.48583984375,616.539794921875,30.185152053833008
3,735,1602.32275390625,657.6211547851562,30.205562591552734
3,736,1544.4266357421875,669.2861938476562,30.226083755493164
3,737,1677.794921875,660.9471435546875,30.246488571166992
3,738,1644.499755859375,618.4749755859375,30.267093658447266
3,739,1495.421875,631.0466918945312,30.287487030029297
3,740,1656.87646484375,712.9502563476562,30.30795669555664
3,741,1613.0196533203125,710.150390625,30.32852554321289
3,742,1596.127685546875,649.8759155273438,30.348953247070312
3,743,1623.2198486328125,637.9317626953125,30.36955451965332
3,744,1600.18359375,645.185546875,30.390148162841797
3,745,1609.8651123046875,639.6112060546875,30.41057777404785
3,746,1644.541259765625,619.1220092773438,30.43105697631836
3,747,1541.015380859375,684.9942016601562,30.451705932617188
3,748,1523.7822265625,620.9259643554688,30.471996307373047
3,749,1575.0361328125,658.0376586914062,30.492223739624023
3,750,1551.65869140625,663.167724609375,30.51251220703125
3,751,1657.909912109375,666.83642578125,30.532764434814453
3,752,1704.33740234375,657.6995239257812,30.553068161010742
3,753,1573.328857421875,638.7433471679688,30.573265075683594
3,754,1663.265380859375,660.7102661132812,30.593530654907227
3,755,1615.827880859375,642.361328125,30.613861083984375
3,756,1673.1435546875,812.6270141601562,30.63417625427246
3,757,1569.54345703125,599.8706665039062,30.65447235107422
3,758,1614.9617919921875,674.7279663085938,30.67454719543457
3,759,1532.839111328125,670.5827026367188,30.694799423217773
3,760,1518.28369140625,600.0283203125,30.714975357055664
3,761,1591.6746826171875,633.3792724609375,30.73518180847168
3,762,1727.374267578125,655.1746215820312,30.75545883178711
3,763,1613.0601806640625,639.4066772460938,30.77582550048828
3,764,1620.67236328125,714.5639038085938,30.796092987060547
3,765,1605.7999267578125,639.9586791992188,30.816368103027344
3,766,1614.5072021484375,602.3342895507812,30.836612701416016
3,767,1571.281982421875,627.36376953125,30.856767654418945
3,768,1548.1075439453125,659.4302368164062,30.877016067504883
3,769,1707.4661865234375,679.759033203125,30.896968841552734
3,770,1625.78466796875,614.2593994140625,30.917057037353516
3,771,1595.461181640625,623.1937255859375,30.93710708618164
3,772,1686.7218017578125,631.0332641601562,30.95718002319336
3,773,1598.0185546875,602.9586791992188,30.977252960205078
3,774,1595.620849609375,635.7271728515625,30.997220993041992
3,775,1638.0220947265625,626.5120239257812,31.017215728759766
3,776,1620.037109375,609.5803833007812,31.037195205688477
3,777,1702.83544921875,667.0394897460938,31.057069778442383
3,778,1659.8931884765625,723.9161376953125,31.076904296875
3,779,1720.4388427734375,648.4208984375,31.09676170349121
3,780,1626.32666015625,658.6306762695312,31.116670608520508
3,781,1646.951171875,633.609619140625,31.13669204711914
3,782,1584.672119140625,627.7161865234375,31.156646728515625
3,783,1600.8116455078125,687.271484375,31.17671775817871
3,784,1630.4888916015625,675.5140380859375,31.196714401245117
3,785,1489.4608154296875,621.3951416015625,31.216642379760742
3,786,1573.008544921875,645.3529052734375,31.236377716064453
3,787,1595.9986572265625,695.5628051757812,31.256383895874023
3,788,1665.9722900390625,693.2770385742188,31.27629852294922
3,789,1686.510498046875,622.7271728515625,31.296125411987305
3,790,1634.1832275390625,639.7420654296875,31.316116333007812
3,791,1628.5048828125,618.7315063476562,31.33565902709961
3,792,1689.1473388671875,695.2650146484375,31.355567932128906
3,793,1675.88525390625,648.9638061523438,31.375415802001953
3,794,1654.162353515625,660.3196411132812,31.39521598815918
3,795,1617.195556640625,679.2774658203125,31.415019989013672
3,796,1649.2059326171875,762.6781616210938,31.434757232666016
3,797,1572.895751953125,662.5999755859375,31.454368591308594
3,798,1591.584228515625,659.8334350585938,31.473979949951172
3,799,1608.083251953125,615.8767700195312,31.493728637695312
3,800,1667.060791015625,617.4205932617188,31.513456344604492
3,801,1561.2471923828125,632.7791137695312,31.533262252807617
3,802,1705.662109375,628.81640625,31.552915573120117
3,803,1641.54833984375,673.180908203125,31.572521209716797
3,804,1631.312255859375,701.2590942382812,31.592206954956055
3,805,1641.6151123046875,656.4094848632812,31.611740112304688
3,806,1608.932861328125,683.5811767578125,31.63133430480957
3,807,1662.025146484375,659.08935546875,31.651023864746094
3,808,1508.8233642578125,636.625732421875,31.670738220214844
3,809,1563.93115234375,633.487060546875,31.69015884399414
3,810,1614.970947265625,669.9857788085938,31.70964813232422
3,811,1640.3499755859375,632.03857421875,31.729185104370117
3,812,1621.634521484375,610.9376220703125,31.748634338378906
3,813,1659.226806640625,707.8790283203125,31.76819610595703
3,814,1627.9373779296875,632.74267578125,31.787784576416016
3,815,1536.412109375,754.13818359375,31.8073787689209
3,816,1593.683837890625,656.10986328125,31.826915740966797
3,817,1623.7427978515625,640.1686401367188,31.846323013305664
3,818,1666.6739501953125,619.7732543945312,31.865947723388672
3,819,1630.826416015625,651.5323486328125,31.885318756103516
3,820,1579.5794677734375,656.3693237304688,31.904773712158203
3,821,1667.63720703125,674.1674194335938,31.924192428588867
3,822,1637.363037109375,656.349609375,31.943626403808594
3,823,1664.969482421875,619.3063354492188,31.962953567504883
3,824,1591.57080078125,629.4843139648438,31.982318878173828
3,825,1461.9619140625,666.2765502929688,32.001747131347656
3,826,1686.841552734375,636.522216796875,32.02102279663086
3,827,1712.9310302734375,705.9097290039062,32.040283203125
3,828,1735.9892578125,658.0193481445312,32.059532165527344
3,829,1576.8702392578125,676.0059204101562,32.07902145385742
3,830,1588.5771484375,637.3687133789062,32.09843826293945
3,831,1626.4677734375,661.9667358398438,32.117740631103516
3,832,1635.296630859375,663.8671264648438,32.13710403442383
3,833,1551.2144775390625,664.4903564453125,32.15647506713867
3,834,1627.6748046875,660.5359497070312,32.17572784423828
3,835,1702.3895263671875,661.6771240234375,32.19512176513672
3,836,1774.2454833984375,661.30810546875,32.214447021484375
3,837,1664.10498046875,670.5948486328125,32.23373794555664
3,838,1573.6087646484375,657.0225219726562,32.25286865234375
3,839,1624.160888671875,652.8515625,32.27208709716797
3,840,1638.147705078125,674.3997192382812,32.291446685791016
3,841,1660.962158203125,628.9832763671875,32.310543060302734
3,842,1715.265869140625,640.6256713867188,32.329708099365234
3,843,1558.4931640625,693.1625366210938,32.349029541015625
3,844,1528.096435546875,662.3018188476562,32.368125915527344
3,845,1603.2158203125,630.4360961914062,32.3873405456543
3,846,1612.637451171875,670.2072143554688,32.4064826965332
3,847,1650.0213623046875,612.48974609375,32.42569351196289
3,848,1616.6318359375,633.880615234375,32.444923400878906
3,849,1597.3037109375,643.9203491210938,32.46401596069336
3,850,1683.80029296875,669.9096069335938,32.48331832885742
3,851,1603.001220703125,636.8636474609375,32.50237274169922
3,852,1602.3394775390625,638.2269897460938,32.52153778076172
3,853,1579.0028076171875,613.3867797851562,32.54069137573242
3,854,1539.755126953125,710.5258178710938,32.559837341308594
3,855,1699.3858642578125,697.642578125,32.57883834838867
3,856,1681.1241455078125,636.4080810546875,32.5977897644043
3,857,1582.787109375,690.4505004882812,32.61672592163086
3,858,1586.33154296875,725.3905639648438,32.63584518432617
3,859,1603.57958984375,614.6249389648438,32.6548957824707
3,860,1472.434814453125,657.0142211914062,32.67390823364258
3,861,1603.188720703125,744.1395263671875,32.69281005859375
3,862,1594.517822265625,643.9136962890625,32.71171188354492
3,863,1605.62841796875,643.7144165039062,32.730506896972656
3,864,1628.95751953125,616.1619262695312,32.749664306640625
3,865,1660.55712890625,646.1287841796875,32.7686767578125
3,866,1592.3212890625,648.5195922851562,32.78784942626953
3,867,1545.3162841796875,681.4747924804688,32.806758880615234
3,868,1619.650146484375,607.4044189453125,32.82566833496094
3,869,1807.7593994140625,651.4666748046875,32.84444046020508
3,870,1738.1905517578125,697.8826293945312,32.86341857910156
3,871,1571.92626953125,591.7490234375,32.882362365722656
3,872,1609.519287109375,605.8206787109375,32.901039123535156
3,873,1558.9698486328125,631.5170288085938,32.9199104309082
3,874,1623.850341796875,686.0476684570312,32.9388313293457
3,875,1498.7032470703125,761.3177490234375,32.95768737792969
3,876,1636.7080078125,620.5921630859375,32.97661590576172
3,877,1625.81201171875,625.9445190429688,32.99544906616211
3,878,1667.263427734375,652.387451171875,33.01424789428711
3,879,1429.154052734375,544.875,33.03308868408203
3,880,1576.8563232421875,597.493896484375,33.05181884765625
3,881,1617.478271484375,601.6299438476562,33.070533752441406
3,882,1518.1678466796875,637.4917602539062,33.08919906616211
3,883,1507.7900390625,583.3001098632812,33.10799789428711
3,884,1537.479248046875,603.4724731445312,33.126800537109375
3,885,1573.5595703125,753.3232421875,33.145294189453125
3,886,1651.860107421875,629.8287963867188,33.163909912109375
3,887,1569.39892578125,638.9087524414062,33.18254852294922
3,888,1560.065185546875,652.5823974609375,33.20112228393555
3,889,1610.359130859375,649.7340087890625,33.21965026855469
3,890,1490.2301025390625,598.3729858398438,33.23837661743164
3,891,1581.666259765625,639.92041015625,33.257057189941406
3,892,1505.7572021484375,688.01318359375,33.275733947753906
3,893,1591.460693359375,599.3452758789062,33.294342041015625
3,894,1580.7022705078125,618.7860717773438,33.31294250488281
3,895,1521.927734375,690.5835571289062,33.331642150878906
3,896,1538.6568603515625,668.851318359375,33.35042190551758
3,897,1612.0975341796875,649.4922485351562,33.36893081665039
3,898,1596.1614990234375,612.9697875976562,33.38771057128906
3,899,1570.547607421875,612.1235961914062,33.40618896484375
3,900,1713.67041015625,700.6939086914062,33.42469787597656
3,901,1559.905517578125,668.4658203125,33.443111419677734
3,902,1593.368896484375,676.96533203125,33.461692810058594
3,903,1605.43896484375,637.375244140625,33.48031234741211
3,904,1702.436279296875,647.8886108398438,33.498939514160156
3,905,1682.02734375,642.5228271484375,33.51754379272461
3,906,1555.536376953125,624.912841796875,33.535884857177734
3,907,1549.52978515625,607.861083984375,33.55432891845703
3,908,1617.399658203125,633.037841796875,33.57292556762695
3,909,1613.12744140625,659.7517700195312,33.59148406982422
3,910,1564.646728515625,616.4492797851562,33.60990524291992
3,911,1567.7841796875,725.682861328125,33.62850570678711
3,912,1634.2655029296875,619.4793701171875,33.64692306518555
3,913,1584.89501953125,642.6356811523438,33.665428161621094
3,914,1569.373046875,598.086669921875,33.68384552001953
3,915,1570.42822265625,652.208984375,33.70204544067383
3,916,1690.67236328125,653.9644775390625,33.72050476074219
3,917,1674.0810546875,649.2366943359375,33.738807678222656
3,918,1617.195068359375,626.0214233398438,33.75727462768555
3,919,1737.530517578125,654.607421875,33.775821685791016
3,920,1594.5721435546875,588.22216796875,33.79413604736328
3,921,1613.051025390625,625.63671875,33.81266784667969
3,922,1613.255859375,638.7586059570312,33.8311653137207
3,923,1614.613037109375,631.6697998046875,33.84926986694336
3,924,1560.779541015625,659.5487060546875,33.86761474609375
3,925,1570.9423828125,593.4153442382812,33.88582992553711
3,926,1569.02685546875,667.8935546875,33.9041862487793
3,927,1580.4267578125,607.8272705078125,33.9224853515625
3,928,1613.190673828125,674.8756713867188,33.94054412841797
3,929,1487.1953125,577.9049682617188,33.95882034301758
3,930,1490.871337890625,646.6593017578125,33.977012634277344
3,931,1676.72705078125,636.6331787109375,33.99536895751953
3,932,1627.818603515625,613.489990234375,34.01364517211914
3,933,1663.0347900390625,642.9109497070312,34.03193664550781
3,934,1621.7919921875,641.9963989257812,34.050209045410156
3,935,1639.494873046875,604.0038452148438,34.068321228027344
3,936,1521.4710693359375,606.9747924804688,34.08659744262695
3,937,1575.419921875,651.845458984375,34.104820251464844
3,938,1523.8560791015625,584.5123291015625,34.1229133605957
3,939,1574.24658203125,591.9553833007812,34.14109802246094
3,940,1653.5341796875,614.1758422851562,34.1592903137207
3,941,1623.566650390625,642.6220703125,34.177452087402344
3,942,1564.36572265625,666.6041259765625,34.19551086425781
3,943,1565.7303466796875,658.0284423828125,34.21369552612305
3,944,1484.279541015625,615.393310546875,34.23194885253906
3,945,1569.612548828125,604.4332275390625,34.24980163574219
3,946,1605.1568603515625,624.03955078125,34.26784896850586
3,947,1563.3458251953125,595.6725463867188,34.286006927490234
3,948,1535.891357421875,612.54638671875,34.304134368896484
3,949,1671.630615234375,609.978515625,34.32233428955078
3,950,1629.99853515625,618.6275024414062,34.34034729003906
3,951,1646.415771484375,597.0667114257812,34.35822677612305
3,952,1665.3818359375,652.2019653320312,34.37610626220703
3,953,1661.66552734375,639.5316772460938,34.393890380859375
3,954,1588.0194091796875,621.4476318359375,34.41173553466797
3,955,1693.9937744140625,675.1118774414062,34.42975616455078
3,956,1732.9952392578125,620.9183349609375,34.44773864746094
3,957,1649.7628173828125,625.8124389648438,34.46577835083008
3,958,1679.756103515625,630.5416870117188,34.48372268676758
3,959,1607.302490234375,750.367431640625,34.501792907714844
3,960,1678.2373046875,688.9258422851562,34.51996612548828
3,961,1665.038330078125,646.8659057617188,34.53792953491211
3,962,1614.726806640625,649.5037841796875,34.555816650390625
3,963,1646.603515625,606.7529907226562,34.57389831542969
3,964,1621.8797607421875,707.4663696289062,34.59187316894531
3,965,1610.5517578125,662.842529296875,34.609718322753906
3,966,1642.44677734375,595.2742919921875,34.627559661865234
3,967,1633.84033203125,652.1655883789062,34.64531326293945
3,968,1648.9420166015625,618.9317626953125,34.66320037841797
3,969,1607.7547607421875,612.9677734375,34.68095397949219
3,970,1614.0435791015625,650.6004028320312,34.6987190246582
3,971,1718.974609375,631.2879638671875,34.71650695800781
3,972,1601.39111328125,607.7925415039062,34.73422622680664
3,973,1621.197998046875,646.2191772460938,34.752079010009766
3,974,1607.48486328125,671.6759033203125,34.76995086669922
3,975,1629.58984375,618.8709716796875,34.7877082824707
3,976,1673.52685546875,623.3106079101562,34.80544662475586
3,977,1595.20263671875,606.6818237304688,34.8233528137207
3,978,1658.515380859375,629.31201171875,34.84113311767578
3,979,1483.6888427734375,564.509765625,34.858882904052734
3,980,1511.335205078125,772.768798828125,34.877037048339844
3,981,1583.2392578125,661.7779541015625,34.89488983154297
3,982,1633.5279541015625,639.3338012695312,34.91261672973633
3,983,1634.5517578125,694.9730224609375,34.93035888671875
3,984,1649.01123046875,634.203857421875,34.9481315612793
3,985,1629.177001953125,647.52197265625,34.9658088684082
3,986,1574.494384765625,654.572021484375,34.98356246948242
3,987,1703.684814453125,636.6268310546875,35.001434326171875
3,988,1545.29248046875,712.0553588867188,35.0192756652832
3,989,1626.732666015625,622.0838623046875,35.03694152832031
3,990,1528.749267578125,652.4619750976562,35.05453872680664
3,991,1639.4937744140625,653.8311157226562,35.07229995727539
3,992,1659.8642578125,669.5162963867188,35.090065002441406
3,993,1628.2852783203125,631.3771362304688,35.10770797729492
3,994,1615.1123046875,615.3467407226562,35.12537384033203
3,995,1632.8294677734375,604.2359008789062,35.14292526245117
3,996,1633.35791015625,648.8383178710938,35.16048812866211
3,997,1662.369140625,682.04833984375,35.178157806396484
3,998,1668.8782958984375,630.8224487304688,35.195735931396484
3,999,1623.275146484375,656.678955078125,35.21333694458008
3,1000,1577.448974609375,574.89990234375,35.23088073730469
