subset,query,n_removed,baseline_loss,filtered_loss,loss_change
0,0,160,3.4003193378448486,3.3996779918670654,-0.0006413459777832031
0,1,160,3.5231082439422607,3.523346185684204,0.00023794174194335938
0,2,160,3.4456706047058105,3.446234703063965,0.0005640983581542969
0,3,160,2.9898805618286133,2.990993022918701,0.0011124610900878906
0,4,160,2.8286845684051514,2.8269715309143066,-0.0017130374908447266
0,5,160,3.330876111984253,3.33223032951355,0.001354217529296875
0,6,160,3.3186895847320557,3.317075729370117,-0.0016138553619384766
0,7,160,3.3405227661132812,3.3394551277160645,-0.0010676383972167969
0,8,160,3.0452816486358643,3.0453805923461914,9.894371032714844e-05
0,9,160,3.2668845653533936,3.2676193714141846,0.0007348060607910156
0,10,160,3.485581874847412,3.485443592071533,-0.00013828277587890625
0,11,160,3.124760150909424,3.126659631729126,0.0018994808197021484
0,12,160,3.3395965099334717,3.338901996612549,-0.0006945133209228516
0,13,160,3.8052568435668945,3.803762912750244,-0.0014939308166503906
0,14,160,3.629495143890381,3.6319754123687744,0.0024802684783935547
0,15,160,3.553333282470703,3.5531036853790283,-0.0002295970916748047
0,16,160,3.919603109359741,3.9200856685638428,0.0004825592041015625
0,17,160,3.5866575241088867,3.5879855155944824,0.0013279914855957031
0,18,160,2.901536226272583,2.9013493061065674,-0.000186920166015625
0,19,160,2.509138345718384,2.5079007148742676,-0.001237630844116211
1,0,160,3.4003193378448486,3.400951623916626,0.0006322860717773438
1,1,160,3.5231082439422607,3.524587392807007,0.0014791488647460938
1,2,160,3.4456706047058105,3.447115421295166,0.0014448165893554688
1,3,160,2.9898805618286133,2.989328622817993,-0.0005519390106201172
1,4,160,2.8286845684051514,2.8276360034942627,-0.0010485649108886719
1,5,160,3.330876111984253,3.3324649333953857,0.0015888214111328125
1,6,160,3.3186895847320557,3.317335605621338,-0.0013539791107177734
1,7,160,3.3405227661132812,3.3397138118743896,-0.0008089542388916016
1,8,160,3.0452816486358643,3.044790029525757,-0.0004916191101074219
1,9,160,3.2668845653533936,3.2672390937805176,0.00035452842712402344
1,10,160,3.485581874847412,3.4865782260894775,0.0009963512420654297
1,11,160,3.124760150909424,3.126706838607788,0.0019466876983642578
1,12,160,3.3395965099334717,3.3449294567108154,0.00533294677734375
1,13,160,3.8052568435668945,3.8039939403533936,-0.0012629032135009766
1,14,160,3.629495143890381,3.6326205730438232,0.003125429153442383
1,15,160,3.553333282470703,3.5533134937286377,-1.9788742065429688e-05
1,16,160,3.919603109359741,3.920619487762451,0.001016378402709961
1,17,160,3.5866575241088867,3.5835342407226562,-0.0031232833862304688
1,18,160,2.901536226272583,2.9018282890319824,0.00029206275939941406
1,19,160,2.509138345718384,2.507153034210205,-0.001985311508178711
2,0,160,3.4003193378448486,3.4001071453094482,-0.00021219253540039062
2,1,160,3.5231082439422607,3.5224411487579346,-0.0006670951843261719
2,2,160,3.4456706047058105,3.4469563961029053,0.0012857913970947266
2,3,160,2.9898805618286133,2.989708185195923,-0.0001723766326904297
2,4,160,2.8286845684051514,2.8275015354156494,-0.0011830329895019531
2,5,160,3.330876111984253,3.330429792404175,-0.000446319580078125
2,6,160,3.3186895847320557,3.317960500717163,-0.0007290840148925781
2,7,160,3.3405227661132812,3.3394157886505127,-0.0011069774627685547
2,8,160,3.0452816486358643,3.0451748371124268,-0.0001068115234375
2,9,160,3.2668845653533936,3.2668941020965576,9.5367431640625e-06
2,10,160,3.485581874847412,3.484973192214966,-0.0006086826324462891
2,11,160,3.124760150909424,3.128851890563965,0.004091739654541016
2,12,160,3.3395965099334717,3.339608669281006,1.2159347534179688e-05
2,13,160,3.8052568435668945,3.803927421569824,-0.0013294219970703125
2,14,160,3.629495143890381,3.632993221282959,0.003498077392578125
2,15,160,3.553333282470703,3.5539166927337646,0.0005834102630615234
2,16,160,3.919603109359741,3.9207375049591064,0.0011343955993652344
2,17,160,3.5866575241088867,3.588172435760498,0.0015149116516113281
2,18,160,2.901536226272583,2.901885986328125,0.0003497600555419922
2,19,160,2.509138345718384,2.5076961517333984,-0.0014421939849853516
3,0,160,3.4003193378448486,3.398723840713501,-0.0015954971313476562
3,1,160,3.5231082439422607,3.524346351623535,0.001238107681274414
3,2,160,3.4456706047058105,3.448049306869507,0.002378702163696289
3,3,160,2.9898805618286133,2.9900567531585693,0.0001761913299560547
3,4,160,2.8286845684051514,2.8282387256622314,-0.0004458427429199219
3,5,160,3.330876111984253,3.330300807952881,-0.0005753040313720703
3,6,160,3.3186895847320557,3.317111015319824,-0.0015785694122314453
3,7,160,3.3405227661132812,3.3399033546447754,-0.0006194114685058594
3,8,160,3.0452816486358643,3.0449905395507812,-0.0002911090850830078
3,9,160,3.2668845653533936,3.2663414478302,-0.0005431175231933594
3,10,160,3.485581874847412,3.485051155090332,-0.0005307197570800781
3,11,160,3.124760150909424,3.1257214546203613,0.0009613037109375
3,12,160,3.3395965099334717,3.3391311168670654,-0.00046539306640625
3,13,160,3.8052568435668945,3.8039519786834717,-0.0013048648834228516
3,14,160,3.629495143890381,3.6337006092071533,0.004205465316772461
3,15,160,3.553333282470703,3.554452657699585,0.001119375228881836
3,16,160,3.919603109359741,3.9202444553375244,0.0006413459777832031
3,17,160,3.5866575241088867,3.583799123764038,-0.002858400344848633
3,18,160,2.901536226272583,2.9019460678100586,0.00040984153747558594
3,19,160,2.509138345718384,2.5069942474365234,-0.0021440982818603516
4,0,160,3.4003193378448486,3.4005980491638184,0.00027871131896972656
4,1,160,3.5231082439422607,3.522091865539551,-0.001016378402709961
4,2,160,3.4456706047058105,3.4459431171417236,0.00027251243591308594
4,3,160,2.9898805618286133,2.9902472496032715,0.0003666877746582031
4,4,160,2.8286845684051514,2.8266305923461914,-0.002053976058959961
4,5,160,3.330876111984253,3.331216335296631,0.0003402233123779297
4,6,160,3.3186895847320557,3.3171653747558594,-0.001524209976196289
4,7,160,3.3405227661132812,3.3396048545837402,-0.0009179115295410156
4,8,160,3.0452816486358643,3.043987274169922,-0.0012943744659423828
4,9,160,3.2668845653533936,3.267007350921631,0.0001227855682373047
4,10,160,3.485581874847412,3.486618995666504,0.0010371208190917969
4,11,160,3.124760150909424,3.126753330230713,0.0019931793212890625
4,12,160,3.3395965099334717,3.345829963684082,0.0062334537506103516
4,13,160,3.8052568435668945,3.803286075592041,-0.0019707679748535156
4,14,160,3.629495143890381,3.631859540939331,0.0023643970489501953
4,15,160,3.553333282470703,3.554426670074463,0.0010933876037597656
4,16,160,3.919603109359741,3.919111728668213,-0.0004913806915283203
4,17,160,3.5866575241088867,3.5844171047210693,-0.002240419387817383
4,18,160,2.901536226272583,2.900355815887451,-0.001180410385131836
4,19,160,2.509138345718384,2.5072319507598877,-0.0019063949584960938
5,0,160,3.4003193378448486,3.4011342525482178,0.0008149147033691406
5,1,160,3.5231082439422607,3.5241587162017822,0.0010504722595214844
5,2,160,3.4456706047058105,3.4452126026153564,-0.00045800209045410156
5,3,160,2.9898805618286133,2.987873077392578,-0.0020074844360351562
5,4,160,2.8286845684051514,2.8286619186401367,-2.2649765014648438e-05
5,5,160,3.330876111984253,3.329533100128174,-0.0013430118560791016
5,6,160,3.3186895847320557,3.317218065261841,-0.0014715194702148438
5,7,160,3.3405227661132812,3.339944362640381,-0.0005784034729003906
5,8,160,3.0452816486358643,3.0450055599212646,-0.0002760887145996094
5,9,160,3.2668845653533936,3.266907215118408,2.2649765014648438e-05
5,10,160,3.485581874847412,3.4858734607696533,0.00029158592224121094
5,11,160,3.124760150909424,3.126471996307373,0.0017118453979492188
5,12,160,3.3395965099334717,3.3382248878479004,-0.001371622085571289
5,13,160,3.8052568435668945,3.8036460876464844,-0.0016107559204101562
5,14,160,3.629495143890381,3.6325082778930664,0.003013134002685547
5,15,160,3.553333282470703,3.555745840072632,0.002412557601928711
5,16,160,3.919603109359741,3.9201011657714844,0.0004980564117431641
5,17,160,3.5866575241088867,3.5837111473083496,-0.0029463768005371094
5,18,160,2.901536226272583,2.901353597640991,-0.00018262863159179688
5,19,160,2.509138345718384,2.5084428787231445,-0.0006954669952392578
6,0,160,3.4003193378448486,3.3994133472442627,-0.0009059906005859375
6,1,160,3.5231082439422607,3.524038076400757,0.0009298324584960938
6,2,160,3.4456706047058105,3.4453237056732178,-0.00034689903259277344
6,3,160,2.9898805618286133,2.990067958831787,0.00018739700317382812
6,4,160,2.8286845684051514,2.8274130821228027,-0.0012714862823486328
6,5,160,3.330876111984253,3.3290059566497803,-0.0018701553344726562
6,6,160,3.3186895847320557,3.3156144618988037,-0.003075122833251953
6,7,160,3.3405227661132812,3.3391194343566895,-0.0014033317565917969
6,8,160,3.0452816486358643,3.0446972846984863,-0.0005843639373779297
6,9,160,3.2668845653533936,3.264521598815918,-0.002362966537475586
6,10,160,3.485581874847412,3.4848151206970215,-0.000766754150390625
6,11,160,3.124760150909424,3.124840021133423,7.987022399902344e-05
6,12,160,3.3395965099334717,3.3392961025238037,-0.00030040740966796875
6,13,160,3.8052568435668945,3.802870035171509,-0.002386808395385742
6,14,160,3.629495143890381,3.63383412361145,0.004338979721069336
6,15,160,3.553333282470703,3.5539393424987793,0.0006060600280761719
6,16,160,3.919603109359741,3.9195661544799805,-3.695487976074219e-05
6,17,160,3.5866575241088867,3.5859129428863525,-0.0007445812225341797
6,18,160,2.901536226272583,2.9002342224121094,-0.0013020038604736328
6,19,160,2.509138345718384,2.5071096420288086,-0.0020287036895751953
7,0,160,3.4003193378448486,3.400434732437134,0.00011539459228515625
7,1,160,3.5231082439422607,3.524294376373291,0.0011861324310302734
7,2,160,3.4456706047058105,3.445969343185425,0.0002987384796142578
7,3,160,2.9898805618286133,2.990043878555298,0.0001633167266845703
7,4,160,2.8286845684051514,2.8281779289245605,-0.0005066394805908203
7,5,160,3.330876111984253,3.33004093170166,-0.0008351802825927734
7,6,160,3.3186895847320557,3.3179943561553955,-0.0006952285766601562
7,7,160,3.3405227661132812,3.339744806289673,-0.0007779598236083984
7,8,160,3.0452816486358643,3.0447909832000732,-0.0004906654357910156
7,9,160,3.2668845653533936,3.266523599624634,-0.0003609657287597656
7,10,160,3.485581874847412,3.4863836765289307,0.0008018016815185547
7,11,160,3.124760150909424,3.126220703125,0.0014605522155761719
7,12,160,3.3395965099334717,3.3395566940307617,-3.981590270996094e-05
7,13,160,3.8052568435668945,3.8031532764434814,-0.002103567123413086
7,14,160,3.629495143890381,3.63218355178833,0.0026884078979492188
7,15,160,3.553333282470703,3.555723190307617,0.0023899078369140625
7,16,160,3.919603109359741,3.920407295227051,0.0008041858673095703
7,17,160,3.5866575241088867,3.5847809314727783,-0.0018765926361083984
7,18,160,2.901536226272583,2.900911808013916,-0.0006244182586669922
7,19,160,2.509138345718384,2.5086216926574707,-0.0005166530609130859
8,0,160,3.4003193378448486,3.3991425037384033,-0.0011768341064453125
8,1,160,3.5231082439422607,3.5218896865844727,-0.001218557357788086
8,2,160,3.4456706047058105,3.445380926132202,-0.00028967857360839844
8,3,160,2.9898805618286133,2.9913151264190674,0.0014345645904541016
8,4,160,2.8286845684051514,2.8281259536743164,-0.0005586147308349609
8,5,160,3.330876111984253,3.330500364303589,-0.0003757476806640625
8,6,160,3.3186895847320557,3.3172266483306885,-0.0014629364013671875
8,7,160,3.3405227661132812,3.339088201522827,-0.0014345645904541016
8,8,160,3.0452816486358643,3.043789863586426,-0.0014917850494384766
8,9,160,3.2668845653533936,3.2660837173461914,-0.0008008480072021484
8,10,160,3.485581874847412,3.48539400100708,-0.00018787384033203125
8,11,160,3.124760150909424,3.1289079189300537,0.004147768020629883
8,12,160,3.3395965099334717,3.3384854793548584,-0.0011110305786132812
8,13,160,3.8052568435668945,3.80208420753479,-0.003172636032104492
8,14,160,3.629495143890381,3.6324667930603027,0.002971649169921875
8,15,160,3.553333282470703,3.5547780990600586,0.0014448165893554688
8,16,160,3.919603109359741,3.919429302215576,-0.00017380714416503906
8,17,160,3.5866575241088867,3.5916459560394287,0.004988431930541992
8,18,160,2.901536226272583,2.899332284927368,-0.0022039413452148438
8,19,160,2.509138345718384,2.5091819763183594,4.363059997558594e-05
9,0,160,3.4003193378448486,3.3998656272888184,-0.00045371055603027344
9,1,160,3.5231082439422607,3.5226032733917236,-0.0005049705505371094
9,2,160,3.4456706047058105,3.4470860958099365,0.0014154911041259766
9,3,160,2.9898805618286133,2.989091396331787,-0.0007891654968261719
9,4,160,2.8286845684051514,2.826706886291504,-0.001977682113647461
9,5,160,3.330876111984253,3.3297321796417236,-0.0011439323425292969
9,6,160,3.3186895847320557,3.3157918453216553,-0.0028977394104003906
9,7,160,3.3405227661132812,3.338966131210327,-0.0015566349029541016
9,8,160,3.0452816486358643,3.0442569255828857,-0.0010247230529785156
9,9,160,3.2668845653533936,3.2680647373199463,0.0011801719665527344
9,10,160,3.485581874847412,3.486060857772827,0.00047898292541503906
9,11,160,3.124760150909424,3.1264801025390625,0.0017199516296386719
9,12,160,3.3395965099334717,3.3387978076934814,-0.0007987022399902344
9,13,160,3.8052568435668945,3.803891658782959,-0.0013651847839355469
9,14,160,3.629495143890381,3.631920337677002,0.0024251937866210938
9,15,160,3.553333282470703,3.5536439418792725,0.00031065940856933594
9,16,160,3.919603109359741,3.920135498046875,0.0005323886871337891
9,17,160,3.5866575241088867,3.5844881534576416,-0.002169370651245117
9,18,160,2.901536226272583,2.9010891914367676,-0.0004470348358154297
9,19,160,2.509138345718384,2.5070583820343018,-0.0020799636840820312
10,0,160,3.4003193378448486,3.401219129562378,0.0008997917175292969
10,1,160,3.5231082439422607,3.523833990097046,0.0007257461547851562
10,2,160,3.4456706047058105,3.44602632522583,0.00035572052001953125
10,3,160,2.9898805618286133,2.9918718338012695,0.00199127197265625
10,4,160,2.8286845684051514,2.8282482624053955,-0.0004363059997558594
10,5,160,3.330876111984253,3.3307266235351562,-0.0001494884490966797
10,6,160,3.3186895847320557,3.3154728412628174,-0.0032167434692382812
10,7,160,3.3405227661132812,3.3398208618164062,-0.000701904296875
10,8,160,3.0452816486358643,3.045104742050171,-0.00017690658569335938
10,9,160,3.2668845653533936,3.2686359882354736,0.0017514228820800781
10,10,160,3.485581874847412,3.4856786727905273,9.679794311523438e-05
10,11,160,3.124760150909424,3.1262826919555664,0.0015225410461425781
10,12,160,3.3395965099334717,3.3388960361480713,-0.0007004737854003906
10,13,160,3.8052568435668945,3.802520275115967,-0.0027365684509277344
10,14,160,3.629495143890381,3.6316187381744385,0.002123594284057617
10,15,160,3.553333282470703,3.555053234100342,0.0017199516296386719
10,16,160,3.919603109359741,3.91991925239563,0.0003161430358886719
10,17,160,3.5866575241088867,3.583742141723633,-0.0029153823852539062
10,18,160,2.901536226272583,2.9014687538146973,-6.747245788574219e-05
10,19,160,2.509138345718384,2.5089690685272217,-0.00016927719116210938
11,0,160,3.4003193378448486,3.4004814624786377,0.0001621246337890625
11,1,160,3.5231082439422607,3.523909091949463,0.0008008480072021484
11,2,160,3.4456706047058105,3.447319746017456,0.0016491413116455078
11,3,160,2.9898805618286133,2.989959239959717,7.867813110351562e-05
11,4,160,2.8286845684051514,2.8282172679901123,-0.0004673004150390625
11,5,160,3.330876111984253,3.3306682109832764,-0.0002079010009765625
11,6,160,3.3186895847320557,3.3179430961608887,-0.0007464885711669922
11,7,160,3.3405227661132812,3.338292121887207,-0.0022306442260742188
11,8,160,3.0452816486358643,3.046163320541382,0.0008816719055175781
11,9,160,3.2668845653533936,3.2659173011779785,-0.0009672641754150391
11,10,160,3.485581874847412,3.4869675636291504,0.0013856887817382812
11,11,160,3.124760150909424,3.126891613006592,0.0021314620971679688
11,12,160,3.3395965099334717,3.3382771015167236,-0.0013194084167480469
11,13,160,3.8052568435668945,3.805516481399536,0.00025963783264160156
11,14,160,3.629495143890381,3.6320443153381348,0.0025491714477539062
11,15,160,3.553333282470703,3.5533905029296875,5.7220458984375e-05
11,16,160,3.919603109359741,3.9198849201202393,0.0002818107604980469
11,17,160,3.5866575241088867,3.5849132537841797,-0.0017442703247070312
11,18,160,2.901536226272583,2.9006824493408203,-0.0008537769317626953
11,19,160,2.509138345718384,2.507636547088623,-0.0015017986297607422
12,0,160,3.4003193378448486,3.39927077293396,-0.0010485649108886719
12,1,160,3.5231082439422607,3.5241763591766357,0.001068115234375
12,2,160,3.4456706047058105,3.444706916809082,-0.0009636878967285156
12,3,160,2.9898805618286133,2.989666700363159,-0.00021386146545410156
12,4,160,2.8286845684051514,2.826641082763672,-0.002043485641479492
12,5,160,3.330876111984253,3.332620859146118,0.0017447471618652344
12,6,160,3.3186895847320557,3.317202091217041,-0.0014874935150146484
12,7,160,3.3405227661132812,3.3397915363311768,-0.0007312297821044922
12,8,160,3.0452816486358643,3.04567551612854,0.00039386749267578125
12,9,160,3.2668845653533936,3.2667064666748047,-0.0001780986785888672
12,10,160,3.485581874847412,3.4862565994262695,0.0006747245788574219
12,11,160,3.124760150909424,3.127058267593384,0.002298116683959961
12,12,160,3.3395965099334717,3.3401753902435303,0.0005788803100585938
12,13,160,3.8052568435668945,3.804004430770874,-0.0012524127960205078
12,14,160,3.629495143890381,3.6322147846221924,0.0027196407318115234
12,15,160,3.553333282470703,3.5550906658172607,0.0017573833465576172
12,16,160,3.919603109359741,3.9216301441192627,0.0020270347595214844
12,17,160,3.5866575241088867,3.5840537548065186,-0.002603769302368164
12,18,160,2.901536226272583,2.901536226272583,0.0
12,19,160,2.509138345718384,2.508816957473755,-0.00032138824462890625
13,0,160,3.4003193378448486,3.3997974395751953,-0.0005218982696533203
13,1,160,3.5231082439422607,3.523984432220459,0.0008761882781982422
13,2,160,3.4456706047058105,3.44549298286438,-0.00017762184143066406
13,3,160,2.9898805618286133,2.989344835281372,-0.0005357265472412109
13,4,160,2.8286845684051514,2.827169418334961,-0.0015151500701904297
13,5,160,3.330876111984253,3.3296802043914795,-0.0011959075927734375
13,6,160,3.3186895847320557,3.317934989929199,-0.0007545948028564453
13,7,160,3.3405227661132812,3.3401689529418945,-0.00035381317138671875
13,8,160,3.0452816486358643,3.0429837703704834,-0.0022978782653808594
13,9,160,3.2668845653533936,3.265570878982544,-0.0013136863708496094
13,10,160,3.485581874847412,3.4841976165771484,-0.0013842582702636719
13,11,160,3.124760150909424,3.127080202102661,0.0023200511932373047
13,12,160,3.3395965099334717,3.3394312858581543,-0.0001652240753173828
13,13,160,3.8052568435668945,3.8030505180358887,-0.0022063255310058594
13,14,160,3.629495143890381,3.630453109741211,0.0009579658508300781
13,15,160,3.553333282470703,3.5534071922302246,7.390975952148438e-05
13,16,160,3.919603109359741,3.9201767444610596,0.0005736351013183594
13,17,160,3.5866575241088867,3.5903711318969727,0.0037136077880859375
13,18,160,2.901536226272583,2.9005887508392334,-0.0009474754333496094
13,19,160,2.509138345718384,2.509697198867798,0.0005588531494140625
14,0,160,3.4003193378448486,3.3983774185180664,-0.0019419193267822266
14,1,160,3.5231082439422607,3.5233547687530518,0.0002465248107910156
14,2,160,3.4456706047058105,3.4496214389801025,0.003950834274291992
14,3,160,2.9898805618286133,2.994483470916748,0.004602909088134766
14,4,160,2.8286845684051514,2.829756021499634,0.0010714530944824219
14,5,160,3.330876111984253,3.333155632019043,0.002279520034790039
14,6,160,3.3186895847320557,3.3183674812316895,-0.00032210350036621094
14,7,160,3.3405227661132812,3.34138822555542,0.0008654594421386719
14,8,160,3.0452816486358643,3.047373056411743,0.0020914077758789062
14,9,160,3.2668845653533936,3.2681193351745605,0.0012347698211669922
14,10,160,3.485581874847412,3.489017963409424,0.0034360885620117188
14,11,160,3.124760150909424,3.126703977584839,0.001943826675415039
14,12,160,3.3395965099334717,3.3392536640167236,-0.0003428459167480469
14,13,160,3.8052568435668945,3.803323268890381,-0.0019335746765136719
14,14,160,3.629495143890381,3.634462594985962,0.004967451095581055
14,15,160,3.553333282470703,3.5526316165924072,-0.0007016658782958984
14,16,160,3.919603109359741,3.9206132888793945,0.0010101795196533203
14,17,160,3.5866575241088867,3.583817958831787,-0.0028395652770996094
14,18,160,2.901536226272583,2.9001588821411133,-0.0013773441314697266
14,19,160,2.509138345718384,2.508405923843384,-0.000732421875
15,0,160,3.4003193378448486,3.3998193740844727,-0.0004999637603759766
15,1,160,3.5231082439422607,3.522012948989868,-0.0010952949523925781
15,2,160,3.4456706047058105,3.446146249771118,0.0004756450653076172
15,3,160,2.9898805618286133,2.9888291358947754,-0.0010514259338378906
15,4,160,2.8286845684051514,2.827620029449463,-0.0010645389556884766
15,5,160,3.330876111984253,3.3327829837799072,0.0019068717956542969
15,6,160,3.3186895847320557,3.317638635635376,-0.0010509490966796875
15,7,160,3.3405227661132812,3.3407506942749023,0.00022792816162109375
15,8,160,3.0452816486358643,3.044656753540039,-0.0006248950958251953
15,9,160,3.2668845653533936,3.266688108444214,-0.0001964569091796875
15,10,160,3.485581874847412,3.486177921295166,0.0005960464477539062
15,11,160,3.124760150909424,3.126753807067871,0.0019936561584472656
15,12,160,3.3395965099334717,3.3386194705963135,-0.0009770393371582031
15,13,160,3.8052568435668945,3.8035566806793213,-0.0017001628875732422
15,14,160,3.629495143890381,3.632401704788208,0.0029065608978271484
15,15,160,3.553333282470703,3.554842710494995,0.0015094280242919922
15,16,160,3.919603109359741,3.921924591064453,0.002321481704711914
15,17,160,3.5866575241088867,3.588621139526367,0.0019636154174804688
15,18,160,2.901536226272583,2.9023308753967285,0.0007946491241455078
15,19,160,2.509138345718384,2.508791446685791,-0.00034689903259277344
16,0,160,3.4003193378448486,3.3987314701080322,-0.0015878677368164062
16,1,160,3.5231082439422607,3.5236175060272217,0.0005092620849609375
16,2,160,3.4456706047058105,3.4467666149139404,0.0010960102081298828
16,3,160,2.9898805618286133,2.9891104698181152,-0.0007700920104980469
16,4,160,2.8286845684051514,2.8284504413604736,-0.00023412704467773438
16,5,160,3.330876111984253,3.3307085037231445,-0.00016760826110839844
16,6,160,3.3186895847320557,3.3177709579467773,-0.0009186267852783203
16,7,160,3.3405227661132812,3.3392093181610107,-0.0013134479522705078
16,8,160,3.0452816486358643,3.0443315505981445,-0.0009500980377197266
16,9,160,3.2668845653533936,3.266545534133911,-0.0003390312194824219
16,10,160,3.485581874847412,3.4856035709381104,2.1696090698242188e-05
16,11,160,3.124760150909424,3.125478982925415,0.0007188320159912109
16,12,160,3.3395965099334717,3.344906806945801,0.0053102970123291016
16,13,160,3.8052568435668945,3.8029210567474365,-0.002335786819458008
16,14,160,3.629495143890381,3.6316046714782715,0.002109527587890625
16,15,160,3.553333282470703,3.5544772148132324,0.0011439323425292969
16,16,160,3.919603109359741,3.9205000400543213,0.0008969306945800781
16,17,160,3.5866575241088867,3.591005563735962,0.004348039627075195
16,18,160,2.901536226272583,2.900947093963623,-0.0005891323089599609
16,19,160,2.509138345718384,2.508228063583374,-0.0009102821350097656
17,0,160,3.4003193378448486,3.3995141983032227,-0.0008051395416259766
17,1,160,3.5231082439422607,3.524625539779663,0.0015172958374023438
17,2,160,3.4456706047058105,3.4459965229034424,0.00032591819763183594
17,3,160,2.9898805618286133,2.988095760345459,-0.0017848014831542969
17,4,160,2.8286845684051514,2.8279471397399902,-0.0007374286651611328
17,5,160,3.330876111984253,3.329986095428467,-0.0008900165557861328
17,6,160,3.3186895847320557,3.3167762756347656,-0.001913309097290039
17,7,160,3.3405227661132812,3.3384530544281006,-0.002069711685180664
17,8,160,3.0452816486358643,3.0457119941711426,0.0004303455352783203
17,9,160,3.2668845653533936,3.2673099040985107,0.0004253387451171875
17,10,160,3.485581874847412,3.4856934547424316,0.00011157989501953125
17,11,160,3.124760150909424,3.125342845916748,0.0005826950073242188
17,12,160,3.3395965099334717,3.3397490978240967,0.000152587890625
17,13,160,3.8052568435668945,3.8026583194732666,-0.0025985240936279297
17,14,160,3.629495143890381,3.6325016021728516,0.003006458282470703
17,15,160,3.553333282470703,3.553955078125,0.000621795654296875
17,16,160,3.919603109359741,3.9194958209991455,-0.00010728836059570312
17,17,160,3.5866575241088867,3.587841272354126,0.0011837482452392578
17,18,160,2.901536226272583,2.9014222621917725,-0.00011396408081054688
17,19,160,2.509138345718384,2.507291078567505,-0.0018472671508789062
18,0,160,3.4003193378448486,3.4037482738494873,0.003428936004638672
18,1,160,3.5231082439422607,3.527662992477417,0.00455474853515625
18,2,160,3.4456706047058105,3.4477686882019043,0.00209808349609375
18,3,160,2.9898805618286133,2.988776683807373,-0.0011038780212402344
18,4,160,2.8286845684051514,2.828153610229492,-0.0005309581756591797
18,5,160,3.330876111984253,3.3318660259246826,0.0009899139404296875
18,6,160,3.3186895847320557,3.317408800125122,-0.0012807846069335938
18,7,160,3.3405227661132812,3.3395299911499023,-0.0009927749633789062
18,8,160,3.0452816486358643,3.0448198318481445,-0.00046181678771972656
18,9,160,3.2668845653533936,3.2668726444244385,-1.1920928955078125e-05
18,10,160,3.485581874847412,3.4864938259124756,0.0009119510650634766
18,11,160,3.124760150909424,3.1277284622192383,0.002968311309814453
18,12,160,3.3395965099334717,3.339871883392334,0.0002753734588623047
18,13,160,3.8052568435668945,3.80428147315979,-0.0009753704071044922
18,14,160,3.629495143890381,3.632214307785034,0.0027191638946533203
18,15,160,3.553333282470703,3.5544300079345703,0.0010967254638671875
18,16,160,3.919603109359741,3.920104503631592,0.0005013942718505859
18,17,160,3.5866575241088867,3.5837161540985107,-0.0029413700103759766
18,18,160,2.901536226272583,2.9015676975250244,3.147125244140625e-05
18,19,160,2.509138345718384,2.5084800720214844,-0.0006582736968994141
19,0,160,3.4003193378448486,3.399148464202881,-0.0011708736419677734
19,1,160,3.5231082439422607,3.523024797439575,-8.344650268554688e-05
19,2,160,3.4456706047058105,3.446075201034546,0.00040459632873535156
19,3,160,2.9898805618286133,2.9891152381896973,-0.0007653236389160156
19,4,160,2.8286845684051514,2.8277387619018555,-0.0009458065032958984
19,5,160,3.330876111984253,3.3309426307678223,6.651878356933594e-05
19,6,160,3.3186895847320557,3.315728187561035,-0.002961397171020508
19,7,160,3.3405227661132812,3.3388607501983643,-0.0016620159149169922
19,8,160,3.0452816486358643,3.0451908111572266,-9.083747863769531e-05
19,9,160,3.2668845653533936,3.266556739807129,-0.00032782554626464844
19,10,160,3.485581874847412,3.487637758255005,0.0020558834075927734
19,11,160,3.124760150909424,3.1261420249938965,0.0013818740844726562
19,12,160,3.3395965099334717,3.3380722999572754,-0.001524209976196289
19,13,160,3.8052568435668945,3.8036115169525146,-0.0016453266143798828
19,14,160,3.629495143890381,3.6328201293945312,0.0033249855041503906
19,15,160,3.553333282470703,3.5536587238311768,0.0003254413604736328
19,16,160,3.919603109359741,3.919721841812134,0.00011873245239257812
19,17,160,3.5866575241088867,3.5833301544189453,-0.0033273696899414062
19,18,160,2.901536226272583,2.9012715816497803,-0.0002646446228027344
19,19,160,2.509138345718384,2.507126808166504,-0.002011537551879883
20,0,160,3.4003193378448486,3.400019407272339,-0.0002999305725097656
20,1,160,3.5231082439422607,3.5234336853027344,0.0003254413604736328
20,2,160,3.4456706047058105,3.447092294692993,0.0014216899871826172
20,3,160,2.9898805618286133,2.988435745239258,-0.0014448165893554688
20,4,160,2.8286845684051514,2.8284285068511963,-0.0002560615539550781
20,5,160,3.330876111984253,3.3313796520233154,0.0005035400390625
20,6,160,3.3186895847320557,3.31623911857605,-0.0024504661560058594
20,7,160,3.3405227661132812,3.338507652282715,-0.0020151138305664062
20,8,160,3.0452816486358643,3.04461932182312,-0.0006623268127441406
20,9,160,3.2668845653533936,3.2680740356445312,0.0011894702911376953
20,10,160,3.485581874847412,3.4840989112854004,-0.0014829635620117188
20,11,160,3.124760150909424,3.127462863922119,0.0027027130126953125
20,12,160,3.3395965099334717,3.340855360031128,0.00125885009765625
20,13,160,3.8052568435668945,3.802497386932373,-0.0027594566345214844
20,14,160,3.629495143890381,3.6309847831726074,0.0014896392822265625
20,15,160,3.553333282470703,3.554440498352051,0.0011072158813476562
20,16,160,3.919603109359741,3.9190728664398193,-0.000530242919921875
20,17,160,3.5866575241088867,3.599998712539673,0.013341188430786133
20,18,160,2.901536226272583,2.9008100032806396,-0.0007262229919433594
20,19,160,2.509138345718384,2.5069892406463623,-0.0021491050720214844
21,0,160,3.4003193378448486,3.401120901107788,0.0008015632629394531
21,1,160,3.5231082439422607,3.5232560634613037,0.00014781951904296875
21,2,160,3.4456706047058105,3.445711135864258,4.0531158447265625e-05
21,3,160,2.9898805618286133,2.988868474960327,-0.0010120868682861328
21,4,160,2.8286845684051514,2.825578212738037,-0.003106355667114258
21,5,160,3.330876111984253,3.330209970474243,-0.0006661415100097656
21,6,160,3.3186895847320557,3.317178726196289,-0.0015108585357666016
21,7,160,3.3405227661132812,3.3388493061065674,-0.0016734600067138672
21,8,160,3.0452816486358643,3.044308662414551,-0.0009729862213134766
21,9,160,3.2668845653533936,3.2671139240264893,0.00022935867309570312
21,10,160,3.485581874847412,3.4848246574401855,-0.0007572174072265625
21,11,160,3.124760150909424,3.1272952556610107,0.002535104751586914
21,12,160,3.3395965099334717,3.3395986557006836,2.1457672119140625e-06
21,13,160,3.8052568435668945,3.802973985671997,-0.002282857894897461
21,14,160,3.629495143890381,3.6319100856781006,0.0024149417877197266
21,15,160,3.553333282470703,3.553093194961548,-0.00024008750915527344
21,16,160,3.919603109359741,3.9191513061523438,-0.00045180320739746094
21,17,160,3.5866575241088867,3.589495897293091,0.0028383731842041016
21,18,160,2.901536226272583,2.9023709297180176,0.0008347034454345703
21,19,160,2.509138345718384,2.507693290710449,-0.0014450550079345703
22,0,160,3.4003193378448486,3.3996479511260986,-0.00067138671875
22,1,160,3.5231082439422607,3.5235307216644287,0.00042247772216796875
22,2,160,3.4456706047058105,3.4471428394317627,0.0014722347259521484
22,3,160,2.9898805618286133,2.988896131515503,-0.0009844303131103516
22,4,160,2.8286845684051514,2.8273026943206787,-0.0013818740844726562
22,5,160,3.330876111984253,3.33252215385437,0.0016460418701171875
22,6,160,3.3186895847320557,3.3171732425689697,-0.0015163421630859375
22,7,160,3.3405227661132812,3.3384644985198975,-0.002058267593383789
22,8,160,3.0452816486358643,3.0442748069763184,-0.0010068416595458984
22,9,160,3.2668845653533936,3.2657155990600586,-0.001168966293334961
22,10,160,3.485581874847412,3.4861531257629395,0.0005712509155273438
22,11,160,3.124760150909424,3.12546443939209,0.0007042884826660156
22,12,160,3.3395965099334717,3.3390040397644043,-0.0005924701690673828
22,13,160,3.8052568435668945,3.8011105060577393,-0.0041463375091552734
22,14,160,3.629495143890381,3.631988763809204,0.002493619918823242
22,15,160,3.553333282470703,3.5547187328338623,0.0013854503631591797
22,16,160,3.919603109359741,3.920214891433716,0.0006117820739746094
22,17,160,3.5866575241088867,3.584953784942627,-0.0017037391662597656
22,18,160,2.901536226272583,2.899918556213379,-0.0016176700592041016
22,19,160,2.509138345718384,2.507960557937622,-0.0011777877807617188
23,0,160,3.4003193378448486,3.4000186920166016,-0.0003006458282470703
23,1,160,3.5231082439422607,3.524982213973999,0.0018739700317382812
23,2,160,3.4456706047058105,3.4448444843292236,-0.0008261203765869141
23,3,160,2.9898805618286133,2.9865026473999023,-0.0033779144287109375
23,4,160,2.8286845684051514,2.8284475803375244,-0.00023698806762695312
23,5,160,3.330876111984253,3.3316025733947754,0.0007264614105224609
23,6,160,3.3186895847320557,3.3161075115203857,-0.002582073211669922
23,7,160,3.3405227661132812,3.3400495052337646,-0.00047326087951660156
23,8,160,3.0452816486358643,3.0445151329040527,-0.0007665157318115234
23,9,160,3.2668845653533936,3.266765594482422,-0.00011897087097167969
23,10,160,3.485581874847412,3.485879421234131,0.00029754638671875
23,11,160,3.124760150909424,3.1251673698425293,0.00040721893310546875
23,12,160,3.3395965099334717,3.3382296562194824,-0.0013668537139892578
23,13,160,3.8052568435668945,3.8024370670318604,-0.0028197765350341797
23,14,160,3.629495143890381,3.631561279296875,0.0020661354064941406
23,15,160,3.553333282470703,3.55352520942688,0.0001919269561767578
23,16,160,3.919603109359741,3.9199228286743164,0.0003197193145751953
23,17,160,3.5866575241088867,3.5845961570739746,-0.0020613670349121094
23,18,160,2.901536226272583,2.900303840637207,-0.0012323856353759766
23,19,160,2.509138345718384,2.5111374855041504,0.0019991397857666016
24,0,160,3.4003193378448486,3.401249647140503,0.0009303092956542969
24,1,160,3.5231082439422607,3.523935556411743,0.0008273124694824219
24,2,160,3.4456706047058105,3.4472928047180176,0.0016222000122070312
24,3,160,2.9898805618286133,2.9895107746124268,-0.00036978721618652344
24,4,160,2.8286845684051514,2.826646566390991,-0.0020380020141601562
24,5,160,3.330876111984253,3.331455707550049,0.0005795955657958984
24,6,160,3.3186895847320557,3.3165063858032227,-0.002183198928833008
24,7,160,3.3405227661132812,3.3387787342071533,-0.0017440319061279297
24,8,160,3.0452816486358643,3.046231508255005,0.000949859619140625
24,9,160,3.2668845653533936,3.2670271396636963,0.00014257431030273438
24,10,160,3.485581874847412,3.4855148792266846,-6.699562072753906e-05
24,11,160,3.124760150909424,3.1259772777557373,0.0012171268463134766
24,12,160,3.3395965099334717,3.3395087718963623,-8.7738037109375e-05
24,13,160,3.8052568435668945,3.803102970123291,-0.0021538734436035156
24,14,160,3.629495143890381,3.6323394775390625,0.0028443336486816406
24,15,160,3.553333282470703,3.5547077655792236,0.0013744831085205078
24,16,160,3.919603109359741,3.9184741973876953,-0.0011289119720458984
24,17,160,3.5866575241088867,3.582932233810425,-0.003725290298461914
24,18,160,2.901536226272583,2.901270866394043,-0.00026535987854003906
24,19,160,2.509138345718384,2.508354902267456,-0.0007834434509277344
25,0,160,3.4003193378448486,3.3995361328125,-0.0007832050323486328
25,1,160,3.5231082439422607,3.522030830383301,-0.001077413558959961
25,2,160,3.4456706047058105,3.4456965923309326,2.5987625122070312e-05
25,3,160,2.9898805618286133,2.9901695251464844,0.00028896331787109375
25,4,160,2.8286845684051514,2.828352451324463,-0.00033211708068847656
25,5,160,3.330876111984253,3.3313376903533936,0.000461578369140625
25,6,160,3.3186895847320557,3.3179287910461426,-0.0007607936859130859
25,7,160,3.3405227661132812,3.340330123901367,-0.0001926422119140625
25,8,160,3.0452816486358643,3.045746088027954,0.00046443939208984375
25,9,160,3.2668845653533936,3.266227960586548,-0.0006566047668457031
25,10,160,3.485581874847412,3.487150192260742,0.0015683174133300781
25,11,160,3.124760150909424,3.1269423961639404,0.0021822452545166016
25,12,160,3.3395965099334717,3.3376305103302,-0.0019659996032714844
25,13,160,3.8052568435668945,3.8033714294433594,-0.0018854141235351562
25,14,160,3.629495143890381,3.6311018466949463,0.0016067028045654297
25,15,160,3.553333282470703,3.5523033142089844,-0.00102996826171875
25,16,160,3.919603109359741,3.920477867126465,0.0008747577667236328
25,17,160,3.5866575241088867,3.5921707153320312,0.005513191223144531
25,18,160,2.901536226272583,2.901930570602417,0.0003943443298339844
25,19,160,2.509138345718384,2.508223533630371,-0.0009148120880126953
26,0,160,3.4003193378448486,3.3993077278137207,-0.0010116100311279297
26,1,160,3.5231082439422607,3.523003101348877,-0.00010514259338378906
26,2,160,3.4456706047058105,3.4457051753997803,3.457069396972656e-05
26,3,160,2.9898805618286133,2.9893856048583984,-0.0004949569702148438
26,4,160,2.8286845684051514,2.8264107704162598,-0.0022737979888916016
26,5,160,3.330876111984253,3.3307197093963623,-0.000156402587890625
26,6,160,3.3186895847320557,3.3189969062805176,0.00030732154846191406
26,7,160,3.3405227661132812,3.3387038707733154,-0.0018188953399658203
26,8,160,3.0452816486358643,3.0440175533294678,-0.0012640953063964844
26,9,160,3.2668845653533936,3.267620801925659,0.000736236572265625
26,10,160,3.485581874847412,3.486046314239502,0.00046443939208984375
26,11,160,3.124760150909424,3.1244447231292725,-0.0003154277801513672
26,12,160,3.3395965099334717,3.3402657508850098,0.0006692409515380859
26,13,160,3.8052568435668945,3.80239200592041,-0.002864837646484375
26,14,160,3.629495143890381,3.6330277919769287,0.0035326480865478516
26,15,160,3.553333282470703,3.5534448623657227,0.00011157989501953125
26,16,160,3.919603109359741,3.9188425540924072,-0.0007605552673339844
26,17,160,3.5866575241088867,3.5856871604919434,-0.0009703636169433594
26,18,160,2.901536226272583,2.9017748832702637,0.00023865699768066406
26,19,160,2.509138345718384,2.5061593055725098,-0.0029790401458740234
27,0,160,3.4003193378448486,3.400693893432617,0.0003745555877685547
27,1,160,3.5231082439422607,3.524592399597168,0.0014841556549072266
27,2,160,3.4456706047058105,3.4460694789886475,0.00039887428283691406
27,3,160,2.9898805618286133,2.988474130630493,-0.0014064311981201172
27,4,160,2.8286845684051514,2.8277878761291504,-0.0008966922760009766
27,5,160,3.330876111984253,3.3304433822631836,-0.00043272972106933594
27,6,160,3.3186895847320557,3.315624237060547,-0.003065347671508789
27,7,160,3.3405227661132812,3.3384461402893066,-0.0020766258239746094
27,8,160,3.0452816486358643,3.0448033809661865,-0.0004782676696777344
27,9,160,3.2668845653533936,3.265958547592163,-0.0009260177612304688
27,10,160,3.485581874847412,3.4854631423950195,-0.00011873245239257812
27,11,160,3.124760150909424,3.1269633769989014,0.002203226089477539
27,12,160,3.3395965099334717,3.339514970779419,-8.153915405273438e-05
27,13,160,3.8052568435668945,3.8032774925231934,-0.001979351043701172
27,14,160,3.629495143890381,3.631098747253418,0.0016036033630371094
27,15,160,3.553333282470703,3.5535764694213867,0.00024318695068359375
27,16,160,3.919603109359741,3.9183483123779297,-0.0012547969818115234
27,17,160,3.5866575241088867,3.5851099491119385,-0.0015475749969482422
27,18,160,2.901536226272583,2.89985990524292,-0.001676321029663086
27,19,160,2.509138345718384,2.507875442504883,-0.0012629032135009766
28,0,160,3.4003193378448486,3.4001235961914062,-0.0001957416534423828
28,1,160,3.5231082439422607,3.523055076599121,-5.316734313964844e-05
28,2,160,3.4456706047058105,3.4458513259887695,0.00018072128295898438
28,3,160,2.9898805618286133,2.9900457859039307,0.0001652240753173828
28,4,160,2.8286845684051514,2.825674295425415,-0.003010272979736328
28,5,160,3.330876111984253,3.3300657272338867,-0.0008103847503662109
28,6,160,3.3186895847320557,3.3173418045043945,-0.0013477802276611328
28,7,160,3.3405227661132812,3.3410704135894775,0.0005476474761962891
28,8,160,3.0452816486358643,3.0462183952331543,0.0009367465972900391
28,9,160,3.2668845653533936,3.2685632705688477,0.0016787052154541016
28,10,160,3.485581874847412,3.486117124557495,0.0005352497100830078
28,11,160,3.124760150909424,3.1259076595306396,0.0011475086212158203
28,12,160,3.3395965099334717,3.3384945392608643,-0.0011019706726074219
28,13,160,3.8052568435668945,3.8031842708587646,-0.002072572708129883
28,14,160,3.629495143890381,3.632389545440674,0.0028944015502929688
28,15,160,3.553333282470703,3.553267240524292,-6.604194641113281e-05
28,16,160,3.919603109359741,3.920295000076294,0.0006918907165527344
28,17,160,3.5866575241088867,3.587697744369507,0.0010402202606201172
28,18,160,2.901536226272583,2.9008378982543945,-0.0006983280181884766
28,19,160,2.509138345718384,2.5088250637054443,-0.0003132820129394531
29,0,160,3.4003193378448486,3.3991646766662598,-0.0011546611785888672
29,1,160,3.5231082439422607,3.522275686264038,-0.0008325576782226562
29,2,160,3.4456706047058105,3.445786952972412,0.0001163482666015625
29,3,160,2.9898805618286133,2.989499807357788,-0.0003807544708251953
29,4,160,2.8286845684051514,2.8288607597351074,0.0001761913299560547
29,5,160,3.330876111984253,3.3302721977233887,-0.0006039142608642578
29,6,160,3.3186895847320557,3.316962480545044,-0.0017271041870117188
29,7,160,3.3405227661132812,3.3396105766296387,-0.0009121894836425781
29,8,160,3.0452816486358643,3.0439505577087402,-0.0013310909271240234
29,9,160,3.2668845653533936,3.267180919647217,0.0002963542938232422
29,10,160,3.485581874847412,3.4856338500976562,5.1975250244140625e-05
29,11,160,3.124760150909424,3.125277519226074,0.0005173683166503906
29,12,160,3.3395965099334717,3.3385732173919678,-0.0010232925415039062
29,13,160,3.8052568435668945,3.80287504196167,-0.0023818016052246094
29,14,160,3.629495143890381,3.6316709518432617,0.0021758079528808594
29,15,160,3.553333282470703,3.552539110183716,-0.0007941722869873047
29,16,160,3.919603109359741,3.9199728965759277,0.00036978721618652344
29,17,160,3.5866575241088867,3.5855214595794678,-0.0011360645294189453
29,18,160,2.901536226272583,2.899209499359131,-0.0023267269134521484
29,19,160,2.509138345718384,2.5078420639038086,-0.0012962818145751953
30,0,160,3.4003193378448486,3.3991053104400635,-0.0012140274047851562
30,1,160,3.5231082439422607,3.522535800933838,-0.0005724430084228516
30,2,160,3.4456706047058105,3.44657039642334,0.0008997917175292969
30,3,160,2.9898805618286133,2.9897916316986084,-8.893013000488281e-05
30,4,160,2.8286845684051514,2.828850269317627,0.00016570091247558594
30,5,160,3.330876111984253,3.3316335678100586,0.0007574558258056641
30,6,160,3.3186895847320557,3.318558931350708,-0.00013065338134765625
30,7,160,3.3405227661132812,3.3396949768066406,-0.000827789306640625
30,8,160,3.0452816486358643,3.043903112411499,-0.0013785362243652344
30,9,160,3.2668845653533936,3.266232967376709,-0.0006515979766845703
30,10,160,3.485581874847412,3.4864330291748047,0.0008511543273925781
30,11,160,3.124760150909424,3.125408887863159,0.0006487369537353516
30,12,160,3.3395965099334717,3.3390932083129883,-0.0005033016204833984
30,13,160,3.8052568435668945,3.8032305240631104,-0.0020263195037841797
30,14,160,3.629495143890381,3.630977153778076,0.0014820098876953125
30,15,160,3.553333282470703,3.5544772148132324,0.0011439323425292969
30,16,160,3.919603109359741,3.921612024307251,0.0020089149475097656
30,17,160,3.5866575241088867,3.58774733543396,0.0010898113250732422
30,18,160,2.901536226272583,2.9017422199249268,0.00020599365234375
30,19,160,2.509138345718384,2.5068933963775635,-0.0022449493408203125
31,0,160,3.4003193378448486,3.3994619846343994,-0.0008573532104492188
31,1,160,3.5231082439422607,3.524559736251831,0.0014514923095703125
31,2,160,3.4456706047058105,3.446136474609375,0.0004658699035644531
31,3,160,2.9898805618286133,2.9904751777648926,0.0005946159362792969
31,4,160,2.8286845684051514,2.8285908699035645,-9.369850158691406e-05
31,5,160,3.330876111984253,3.329206943511963,-0.001669168472290039
31,6,160,3.3186895847320557,3.3172733783721924,-0.0014162063598632812
31,7,160,3.3405227661132812,3.3397908210754395,-0.0007319450378417969
31,8,160,3.0452816486358643,3.044340133666992,-0.0009415149688720703
31,9,160,3.2668845653533936,3.2658770084381104,-0.0010075569152832031
31,10,160,3.485581874847412,3.4855895042419434,7.62939453125e-06
31,11,160,3.124760150909424,3.12652850151062,0.001768350601196289
31,12,160,3.3395965099334717,3.3394737243652344,-0.0001227855682373047
31,13,160,3.8052568435668945,3.8040974140167236,-0.0011594295501708984
31,14,160,3.629495143890381,3.6326794624328613,0.0031843185424804688
31,15,160,3.553333282470703,3.55403470993042,0.0007014274597167969
31,16,160,3.919603109359741,3.919382095336914,-0.00022101402282714844
31,17,160,3.5866575241088867,3.5837786197662354,-0.002878904342651367
31,18,160,2.901536226272583,2.900637626647949,-0.0008985996246337891
31,19,160,2.509138345718384,2.507948637008667,-0.0011897087097167969
32,0,160,3.4003193378448486,3.4012417793273926,0.0009224414825439453
32,1,160,3.5231082439422607,3.5246810913085938,0.0015728473663330078
32,2,160,3.4456706047058105,3.445584535598755,-8.606910705566406e-05
32,3,160,2.9898805618286133,2.99116587638855,0.0012853145599365234
32,4,160,2.8286845684051514,2.828174591064453,-0.0005099773406982422
32,5,160,3.330876111984253,3.331334114074707,0.00045800209045410156
32,6,160,3.3186895847320557,3.3167452812194824,-0.0019443035125732422
32,7,160,3.3405227661132812,3.3392019271850586,-0.0013208389282226562
32,8,160,3.0452816486358643,3.0434651374816895,-0.0018165111541748047
32,9,160,3.2668845653533936,3.2670509815216064,0.00016641616821289062
32,10,160,3.485581874847412,3.485441207885742,-0.00014066696166992188
32,11,160,3.124760150909424,3.1266775131225586,0.0019173622131347656
32,12,160,3.3395965099334717,3.338996410369873,-0.0006000995635986328
32,13,160,3.8052568435668945,3.8026793003082275,-0.002577543258666992
32,14,160,3.629495143890381,3.6322765350341797,0.002781391143798828
32,15,160,3.553333282470703,3.5537047386169434,0.0003714561462402344
32,16,160,3.919603109359741,3.9195399284362793,-6.318092346191406e-05
32,17,160,3.5866575241088867,3.5877833366394043,0.0011258125305175781
32,18,160,2.901536226272583,2.9010610580444336,-0.00047516822814941406
32,19,160,2.509138345718384,2.507554054260254,-0.0015842914581298828
33,0,160,3.4003193378448486,3.402906894683838,0.002587556838989258
33,1,160,3.5231082439422607,3.523679733276367,0.0005714893341064453
33,2,160,3.4456706047058105,3.445049524307251,-0.0006210803985595703
33,3,160,2.9898805618286133,2.989352226257324,-0.0005283355712890625
33,4,160,2.8286845684051514,2.8274905681610107,-0.001194000244140625
33,5,160,3.330876111984253,3.329516649246216,-0.0013594627380371094
33,6,160,3.3186895847320557,3.316828489303589,-0.0018610954284667969
33,7,160,3.3405227661132812,3.338653326034546,-0.0018694400787353516
33,8,160,3.0452816486358643,3.0456085205078125,0.0003268718719482422
33,9,160,3.2668845653533936,3.2653543949127197,-0.0015301704406738281
33,10,160,3.485581874847412,3.485015630722046,-0.0005662441253662109
33,11,160,3.124760150909424,3.1254684925079346,0.0007083415985107422
33,12,160,3.3395965099334717,3.3379342555999756,-0.0016622543334960938
33,13,160,3.8052568435668945,3.8039870262145996,-0.0012698173522949219
33,14,160,3.629495143890381,3.6319284439086914,0.002433300018310547
33,15,160,3.553333282470703,3.5543406009674072,0.0010073184967041016
33,16,160,3.919603109359741,3.9204037189483643,0.0008006095886230469
33,17,160,3.5866575241088867,3.584670066833496,-0.001987457275390625
33,18,160,2.901536226272583,2.901587724685669,5.14984130859375e-05
33,19,160,2.509138345718384,2.5079329013824463,-0.0012054443359375
34,0,160,3.4003193378448486,3.399655818939209,-0.0006635189056396484
34,1,160,3.5231082439422607,3.523526906967163,0.00041866302490234375
34,2,160,3.4456706047058105,3.446275472640991,0.0006048679351806641
34,3,160,2.9898805618286133,2.9908502101898193,0.0009696483612060547
34,4,160,2.8286845684051514,2.8283824920654297,-0.0003020763397216797
34,5,160,3.330876111984253,3.332007884979248,0.0011317729949951172
34,6,160,3.3186895847320557,3.317185401916504,-0.0015041828155517578
34,7,160,3.3405227661132812,3.3400914669036865,-0.00043129920959472656
34,8,160,3.0452816486358643,3.0450923442840576,-0.00018930435180664062
34,9,160,3.2668845653533936,3.266883134841919,-1.430511474609375e-06
34,10,160,3.485581874847412,3.4862802028656006,0.0006983280181884766
34,11,160,3.124760150909424,3.1265957355499268,0.0018355846405029297
34,12,160,3.3395965099334717,3.338921308517456,-0.000675201416015625
34,13,160,3.8052568435668945,3.8033196926116943,-0.0019371509552001953
34,14,160,3.629495143890381,3.63297176361084,0.0034766197204589844
34,15,160,3.553333282470703,3.554331064224243,0.000997781753540039
34,16,160,3.919603109359741,3.919652223587036,4.9114227294921875e-05
34,17,160,3.5866575241088867,3.5884389877319336,0.001781463623046875
34,18,160,2.901536226272583,2.902244806289673,0.0007085800170898438
34,19,160,2.509138345718384,2.5084176063537598,-0.0007207393646240234
35,0,160,3.4003193378448486,3.400061845779419,-0.0002574920654296875
35,1,160,3.5231082439422607,3.5222814083099365,-0.0008268356323242188
35,2,160,3.4456706047058105,3.4460558891296387,0.000385284423828125
35,3,160,2.9898805618286133,2.991028070449829,0.0011475086212158203
35,4,160,2.8286845684051514,2.8288474082946777,0.0001628398895263672
35,5,160,3.330876111984253,3.3312573432922363,0.00038123130798339844
35,6,160,3.3186895847320557,3.3176896572113037,-0.0009999275207519531
35,7,160,3.3405227661132812,3.339637041091919,-0.0008857250213623047
35,8,160,3.0452816486358643,3.0458295345306396,0.0005478858947753906
35,9,160,3.2668845653533936,3.2669193744659424,3.4809112548828125e-05
35,10,160,3.485581874847412,3.4859390258789062,0.0003571510314941406
35,11,160,3.124760150909424,3.125117301940918,0.0003571510314941406
35,12,160,3.3395965099334717,3.3397419452667236,0.00014543533325195312
35,13,160,3.8052568435668945,3.804419755935669,-0.0008370876312255859
35,14,160,3.629495143890381,3.6325395107269287,0.0030443668365478516
35,15,160,3.553333282470703,3.5553653240203857,0.002032041549682617
35,16,160,3.919603109359741,3.9219982624053955,0.002395153045654297
35,17,160,3.5866575241088867,3.5860085487365723,-0.0006489753723144531
35,18,160,2.901536226272583,2.9005048274993896,-0.0010313987731933594
35,19,160,2.509138345718384,2.5089313983917236,-0.00020694732666015625
36,0,160,3.4003193378448486,3.4004197120666504,0.00010037422180175781
36,1,160,3.5231082439422607,3.5245821475982666,0.0014739036560058594
36,2,160,3.4456706047058105,3.4461045265197754,0.00043392181396484375
36,3,160,2.9898805618286133,2.9883551597595215,-0.0015254020690917969
36,4,160,2.8286845684051514,2.8282413482666016,-0.0004432201385498047
36,5,160,3.330876111984253,3.3321824073791504,0.001306295394897461
36,6,160,3.3186895847320557,3.316775321960449,-0.0019142627716064453
36,7,160,3.3405227661132812,3.3383400440216064,-0.0021827220916748047
36,8,160,3.0452816486358643,3.044552803039551,-0.0007288455963134766
36,9,160,3.2668845653533936,3.2659151554107666,-0.0009694099426269531
36,10,160,3.485581874847412,3.486450672149658,0.0008687973022460938
36,11,160,3.124760150909424,3.12662672996521,0.0018665790557861328
36,12,160,3.3395965099334717,3.339143991470337,-0.0004525184631347656
36,13,160,3.8052568435668945,3.804323196411133,-0.0009336471557617188
36,14,160,3.629495143890381,3.6322405338287354,0.002745389938354492
36,15,160,3.553333282470703,3.554502248764038,0.001168966293334961
36,16,160,3.919603109359741,3.919990301132202,0.0003871917724609375
36,17,160,3.5866575241088867,3.585747241973877,-0.0009102821350097656
36,18,160,2.901536226272583,2.9004054069519043,-0.001130819320678711
36,19,160,2.509138345718384,2.5086443424224854,-0.0004940032958984375
37,0,160,3.4003193378448486,3.4008994102478027,0.0005800724029541016
37,1,160,3.5231082439422607,3.5220489501953125,-0.0010592937469482422
37,2,160,3.4456706047058105,3.447038173675537,0.0013675689697265625
37,3,160,2.9898805618286133,2.991339921951294,0.001459360122680664
37,4,160,2.8286845684051514,2.828298807144165,-0.0003857612609863281
37,5,160,3.330876111984253,3.3318541049957275,0.0009779930114746094
37,6,160,3.3186895847320557,3.3181943893432617,-0.0004951953887939453
37,7,160,3.3405227661132812,3.338787794113159,-0.0017349720001220703
37,8,160,3.0452816486358643,3.043752670288086,-0.0015289783477783203
37,9,160,3.2668845653533936,3.267453193664551,0.0005686283111572266
37,10,160,3.485581874847412,3.487586259841919,0.002004384994506836
37,11,160,3.124760150909424,3.1269562244415283,0.002196073532104492
37,12,160,3.3395965099334717,3.339210271835327,-0.00038623809814453125
37,13,160,3.8052568435668945,3.8025221824645996,-0.002734661102294922
37,14,160,3.629495143890381,3.633007049560547,0.0035119056701660156
37,15,160,3.553333282470703,3.5550990104675293,0.0017657279968261719
37,16,160,3.919603109359741,3.9201977252960205,0.0005946159362792969
37,17,160,3.5866575241088867,3.5845677852630615,-0.0020897388458251953
37,18,160,2.901536226272583,2.9007911682128906,-0.0007450580596923828
37,19,160,2.509138345718384,2.5068252086639404,-0.0023131370544433594
38,0,160,3.4003193378448486,3.399604082107544,-0.0007152557373046875
38,1,160,3.5231082439422607,3.5242345333099365,0.0011262893676757812
38,2,160,3.4456706047058105,3.449218988418579,0.0035483837127685547
38,3,160,2.9898805618286133,2.991384744644165,0.0015041828155517578
38,4,160,2.8286845684051514,2.830375909805298,0.0016913414001464844
38,5,160,3.330876111984253,3.331885576248169,0.0010094642639160156
38,6,160,3.3186895847320557,3.3195836544036865,0.0008940696716308594
38,7,160,3.3405227661132812,3.3416502475738525,0.001127481460571289
38,8,160,3.0452816486358643,3.0459229946136475,0.0006413459777832031
38,9,160,3.2668845653533936,3.2675511837005615,0.0006666183471679688
38,10,160,3.485581874847412,3.4874491691589355,0.0018672943115234375
38,11,160,3.124760150909424,3.128591299057007,0.003831148147583008
38,12,160,3.3395965099334717,3.3530385494232178,0.013442039489746094
38,13,160,3.8052568435668945,3.802382469177246,-0.0028743743896484375
38,14,160,3.629495143890381,3.6321704387664795,0.002675294876098633
38,15,160,3.553333282470703,3.554368257522583,0.0010349750518798828
38,16,160,3.919603109359741,3.921802043914795,0.002198934555053711
38,17,160,3.5866575241088867,3.585401773452759,-0.0012557506561279297
38,18,160,2.901536226272583,2.9006567001342773,-0.0008795261383056641
38,19,160,2.509138345718384,2.507869005203247,-0.0012693405151367188
39,0,160,3.4003193378448486,3.3996317386627197,-0.0006875991821289062
39,1,160,3.5231082439422607,3.5243382453918457,0.001230001449584961
39,2,160,3.4456706047058105,3.4479849338531494,0.002314329147338867
39,3,160,2.9898805618286133,2.9907941818237305,0.0009136199951171875
39,4,160,2.8286845684051514,2.827483654022217,-0.0012009143829345703
39,5,160,3.330876111984253,3.3324825763702393,0.0016064643859863281
39,6,160,3.3186895847320557,3.317675828933716,-0.0010137557983398438
39,7,160,3.3405227661132812,3.3402042388916016,-0.0003185272216796875
39,8,160,3.0452816486358643,3.0457394123077393,0.000457763671875
39,9,160,3.2668845653533936,3.2678494453430176,0.0009648799896240234
39,10,160,3.485581874847412,3.486680507659912,0.0010986328125
39,11,160,3.124760150909424,3.1260781288146973,0.0013179779052734375
39,12,160,3.3395965099334717,3.338855266571045,-0.0007412433624267578
39,13,160,3.8052568435668945,3.803591012954712,-0.0016658306121826172
39,14,160,3.629495143890381,3.632120370864868,0.0026252269744873047
39,15,160,3.553333282470703,3.5533018112182617,-3.147125244140625e-05
39,16,160,3.919603109359741,3.918774127960205,-0.0008289813995361328
39,17,160,3.5866575241088867,3.583796739578247,-0.0028607845306396484
39,18,160,2.901536226272583,2.9003405570983887,-0.001195669174194336
39,19,160,2.509138345718384,2.5084776878356934,-0.0006606578826904297
40,0,160,3.4003193378448486,3.4002459049224854,-7.343292236328125e-05
40,1,160,3.5231082439422607,3.523146867752075,3.8623809814453125e-05
40,2,160,3.4456706047058105,3.4450409412384033,-0.0006296634674072266
40,3,160,2.9898805618286133,2.98972487449646,-0.0001556873321533203
40,4,160,2.8286845684051514,2.8277535438537598,-0.0009310245513916016
40,5,160,3.330876111984253,3.331559181213379,0.0006830692291259766
40,6,160,3.3186895847320557,3.3160061836242676,-0.002683401107788086
40,7,160,3.3405227661132812,3.3390440940856934,-0.0014786720275878906
40,8,160,3.0452816486358643,3.045435667037964,0.00015401840209960938
40,9,160,3.2668845653533936,3.2669827938079834,9.822845458984375e-05
40,10,160,3.485581874847412,3.48480486869812,-0.0007770061492919922
40,11,160,3.124760150909424,3.1280360221862793,0.0032758712768554688
40,12,160,3.3395965099334717,3.345526933670044,0.005930423736572266
40,13,160,3.8052568435668945,3.8028724193573,-0.0023844242095947266
40,14,160,3.629495143890381,3.6323025226593018,0.0028073787689208984
40,15,160,3.553333282470703,3.5548839569091797,0.0015506744384765625
40,16,160,3.919603109359741,3.9202702045440674,0.0006670951843261719
40,17,160,3.5866575241088867,3.585759401321411,-0.0008981227874755859
40,18,160,2.901536226272583,2.900282382965088,-0.0012538433074951172
40,19,160,2.509138345718384,2.508805751800537,-0.0003325939178466797
41,0,160,3.4003193378448486,3.4010369777679443,0.0007176399230957031
41,1,160,3.5231082439422607,3.523975372314453,0.0008671283721923828
41,2,160,3.4456706047058105,3.447526216506958,0.001855611801147461
41,3,160,2.9898805618286133,2.9893314838409424,-0.0005490779876708984
41,4,160,2.8286845684051514,2.828538656234741,-0.00014591217041015625
41,5,160,3.330876111984253,3.3308680057525635,-8.106231689453125e-06
41,6,160,3.3186895847320557,3.31636905670166,-0.002320528030395508
41,7,160,3.3405227661132812,3.3383357524871826,-0.002187013626098633
41,8,160,3.0452816486358643,3.044060468673706,-0.0012211799621582031
41,9,160,3.2668845653533936,3.267808198928833,0.0009236335754394531
41,10,160,3.485581874847412,3.485572338104248,-9.5367431640625e-06
41,11,160,3.124760150909424,3.126946449279785,0.002186298370361328
41,12,160,3.3395965099334717,3.3395466804504395,-4.982948303222656e-05
41,13,160,3.8052568435668945,3.803243398666382,-0.0020134449005126953
41,14,160,3.629495143890381,3.6319143772125244,0.0024192333221435547
41,15,160,3.553333282470703,3.5534169673919678,8.368492126464844e-05
41,16,160,3.919603109359741,3.920337438583374,0.0007343292236328125
41,17,160,3.5866575241088867,3.5845847129821777,-0.0020728111267089844
41,18,160,2.901536226272583,2.899958372116089,-0.0015778541564941406
41,19,160,2.509138345718384,2.5084078311920166,-0.0007305145263671875
42,0,160,3.4003193378448486,3.399507999420166,-0.0008113384246826172
42,1,160,3.5231082439422607,3.523325204849243,0.00021696090698242188
42,2,160,3.4456706047058105,3.449012517929077,0.0033419132232666016
42,3,160,2.9898805618286133,2.9916610717773438,0.0017805099487304688
42,4,160,2.8286845684051514,2.8283417224884033,-0.0003428459167480469
42,5,160,3.330876111984253,3.332780599594116,0.0019044876098632812
42,6,160,3.3186895847320557,3.3200833797454834,0.0013937950134277344
42,7,160,3.3405227661132812,3.3436365127563477,0.0031137466430664062
42,8,160,3.0452816486358643,3.0465195178985596,0.0012378692626953125
42,9,160,3.2668845653533936,3.2686285972595215,0.0017440319061279297
42,10,160,3.485581874847412,3.4894981384277344,0.003916263580322266
42,11,160,3.124760150909424,3.1255886554718018,0.0008285045623779297
42,12,160,3.3395965099334717,3.3387792110443115,-0.0008172988891601562
42,13,160,3.8052568435668945,3.8040380477905273,-0.0012187957763671875
42,14,160,3.629495143890381,3.6320621967315674,0.0025670528411865234
42,15,160,3.553333282470703,3.5545432567596436,0.0012099742889404297
42,16,160,3.919603109359741,3.922013759613037,0.0024106502532958984
42,17,160,3.5866575241088867,3.584270477294922,-0.0023870468139648438
42,18,160,2.901536226272583,2.9003777503967285,-0.0011584758758544922
42,19,160,2.509138345718384,2.507789134979248,-0.0013492107391357422
43,0,160,3.4003193378448486,3.4007327556610107,0.0004134178161621094
43,1,160,3.5231082439422607,3.5232908725738525,0.00018262863159179688
43,2,160,3.4456706047058105,3.4444727897644043,-0.00119781494140625
43,3,160,2.9898805618286133,2.9888367652893066,-0.0010437965393066406
43,4,160,2.8286845684051514,2.8284428119659424,-0.00024175643920898438
43,5,160,3.330876111984253,3.3314058780670166,0.0005297660827636719
43,6,160,3.3186895847320557,3.316307544708252,-0.002382040023803711
43,7,160,3.3405227661132812,3.338804006576538,-0.001718759536743164
43,8,160,3.0452816486358643,3.044722557067871,-0.0005590915679931641
43,9,160,3.2668845653533936,3.2652876377105713,-0.0015969276428222656
43,10,160,3.485581874847412,3.4852616786956787,-0.00032019615173339844
43,11,160,3.124760150909424,3.1259255409240723,0.0011653900146484375
43,12,160,3.3395965099334717,3.338393211364746,-0.001203298568725586
43,13,160,3.8052568435668945,3.8038487434387207,-0.0014081001281738281
43,14,160,3.629495143890381,3.6325416564941406,0.0030465126037597656
43,15,160,3.553333282470703,3.553943395614624,0.0006101131439208984
43,16,160,3.919603109359741,3.9195492267608643,-5.3882598876953125e-05
43,17,160,3.5866575241088867,3.588923454284668,0.00226593017578125
43,18,160,2.901536226272583,2.902076244354248,0.0005400180816650391
43,19,160,2.509138345718384,2.508190870285034,-0.0009474754333496094
44,0,160,3.4003193378448486,3.3996381759643555,-0.0006811618804931641
44,1,160,3.5231082439422607,3.5241811275482178,0.0010728836059570312
44,2,160,3.4456706047058105,3.4457263946533203,5.5789947509765625e-05
44,3,160,2.9898805618286133,2.990600347518921,0.0007197856903076172
44,4,160,2.8286845684051514,2.8258323669433594,-0.002852201461791992
44,5,160,3.330876111984253,3.331705331802368,0.0008292198181152344
44,6,160,3.3186895847320557,3.3159713745117188,-0.002718210220336914
44,7,160,3.3405227661132812,3.338270902633667,-0.002251863479614258
44,8,160,3.0452816486358643,3.045412063598633,0.0001304149627685547
44,9,160,3.2668845653533936,3.2658872604370117,-0.000997304916381836
44,10,160,3.485581874847412,3.4865760803222656,0.0009942054748535156
44,11,160,3.124760150909424,3.1263720989227295,0.001611948013305664
44,12,160,3.3395965099334717,3.339360237121582,-0.00023627281188964844
44,13,160,3.8052568435668945,3.8027703762054443,-0.0024864673614501953
44,14,160,3.629495143890381,3.630906105041504,0.0014109611511230469
44,15,160,3.553333282470703,3.5534353256225586,0.00010204315185546875
44,16,160,3.919603109359741,3.92122745513916,0.0016243457794189453
44,17,160,3.5866575241088867,3.5873115062713623,0.0006539821624755859
44,18,160,2.901536226272583,2.900080442428589,-0.0014557838439941406
44,19,160,2.509138345718384,2.5078797340393066,-0.0012586116790771484
45,0,160,3.4003193378448486,3.4005343914031982,0.00021505355834960938
45,1,160,3.5231082439422607,3.5230724811553955,-3.5762786865234375e-05
45,2,160,3.4456706047058105,3.4471986293792725,0.001528024673461914
45,3,160,2.9898805618286133,2.9890966415405273,-0.0007839202880859375
45,4,160,2.8286845684051514,2.827538013458252,-0.001146554946899414
45,5,160,3.330876111984253,3.331160545349121,0.00028443336486816406
45,6,160,3.3186895847320557,3.318387508392334,-0.0003020763397216797
45,7,160,3.3405227661132812,3.339189291000366,-0.001333475112915039
45,8,160,3.0452816486358643,3.0450291633605957,-0.0002524852752685547
45,9,160,3.2668845653533936,3.265789747238159,-0.001094818115234375
45,10,160,3.485581874847412,3.4858932495117188,0.0003113746643066406
45,11,160,3.124760150909424,3.1259520053863525,0.001191854476928711
45,12,160,3.3395965099334717,3.3392114639282227,-0.00038504600524902344
45,13,160,3.8052568435668945,3.803946018218994,-0.0013108253479003906
45,14,160,3.629495143890381,3.632377862930298,0.002882719039916992
45,15,160,3.553333282470703,3.5540356636047363,0.0007023811340332031
45,16,160,3.919603109359741,3.918621063232422,-0.000982046127319336
45,17,160,3.5866575241088867,3.584350824356079,-0.002306699752807617
45,18,160,2.901536226272583,2.8998844623565674,-0.001651763916015625
45,19,160,2.509138345718384,2.5065348148345947,-0.0026035308837890625
46,0,160,3.4003193378448486,3.4006218910217285,0.0003025531768798828
46,1,160,3.5231082439422607,3.5227437019348145,-0.00036454200744628906
46,2,160,3.4456706047058105,3.445645332336426,-2.5272369384765625e-05
46,3,160,2.9898805618286133,2.989532709121704,-0.0003478527069091797
46,4,160,2.8286845684051514,2.8278396129608154,-0.0008449554443359375
46,5,160,3.330876111984253,3.330235242843628,-0.000640869140625
46,6,160,3.3186895847320557,3.31758189201355,-0.0011076927185058594
46,7,160,3.3405227661132812,3.34039044380188,-0.0001323223114013672
46,8,160,3.0452816486358643,3.045570135116577,0.0002884864807128906
46,9,160,3.2668845653533936,3.2667245864868164,-0.00015997886657714844
46,10,160,3.485581874847412,3.48437762260437,-0.0012042522430419922
46,11,160,3.124760150909424,3.125117063522339,0.00035691261291503906
46,12,160,3.3395965099334717,3.3396570682525635,6.0558319091796875e-05
46,13,160,3.8052568435668945,3.8037352561950684,-0.0015215873718261719
46,14,160,3.629495143890381,3.6323983669281006,0.0029032230377197266
46,15,160,3.553333282470703,3.554525375366211,0.0011920928955078125
46,16,160,3.919603109359741,3.9214682579040527,0.0018651485443115234
46,17,160,3.5866575241088867,3.5855319499969482,-0.0011255741119384766
46,18,160,2.901536226272583,2.9003303050994873,-0.0012059211730957031
46,19,160,2.509138345718384,2.5080385208129883,-0.0010998249053955078
47,0,160,3.4003193378448486,3.3993606567382812,-0.0009586811065673828
47,1,160,3.5231082439422607,3.523141860961914,3.361701965332031e-05
47,2,160,3.4456706047058105,3.4490714073181152,0.0034008026123046875
47,3,160,2.9898805618286133,2.989987850189209,0.00010728836059570312
47,4,160,2.8286845684051514,2.82840633392334,-0.00027823448181152344
47,5,160,3.330876111984253,3.3297839164733887,-0.0010921955108642578
47,6,160,3.3186895847320557,3.318075180053711,-0.0006144046783447266
47,7,160,3.3405227661132812,3.3380370140075684,-0.0024857521057128906
47,8,160,3.0452816486358643,3.0452375411987305,-4.410743713378906e-05
47,9,160,3.2668845653533936,3.2662887573242188,-0.0005958080291748047
47,10,160,3.485581874847412,3.485687255859375,0.00010538101196289062
47,11,160,3.124760150909424,3.127222776412964,0.002462625503540039
47,12,160,3.3395965099334717,3.340409278869629,0.0008127689361572266
47,13,160,3.8052568435668945,3.8041396141052246,-0.0011172294616699219
47,14,160,3.629495143890381,3.630903959274292,0.0014088153839111328
47,15,160,3.553333282470703,3.556079864501953,0.00274658203125
47,16,160,3.919603109359741,3.9205260276794434,0.0009229183197021484
47,17,160,3.5866575241088867,3.5869784355163574,0.0003209114074707031
47,18,160,2.901536226272583,2.9022045135498047,0.0006682872772216797
47,19,160,2.509138345718384,2.509847402572632,0.0007090568542480469
48,0,160,3.4003193378448486,3.4006614685058594,0.0003421306610107422
48,1,160,3.5231082439422607,3.524411678314209,0.0013034343719482422
48,2,160,3.4456706047058105,3.445997476577759,0.0003268718719482422
48,3,160,2.9898805618286133,2.9899613857269287,8.082389831542969e-05
48,4,160,2.8286845684051514,2.8281049728393555,-0.0005795955657958984
48,5,160,3.330876111984253,3.32985258102417,-0.0010235309600830078
48,6,160,3.3186895847320557,3.3157424926757812,-0.002947092056274414
48,7,160,3.3405227661132812,3.338963270187378,-0.0015594959259033203
48,8,160,3.0452816486358643,3.044442892074585,-0.0008387565612792969
48,9,160,3.2668845653533936,3.265493869781494,-0.001390695571899414
48,10,160,3.485581874847412,3.4856221675872803,4.029273986816406e-05
48,11,160,3.124760150909424,3.125828266143799,0.001068115234375
48,12,160,3.3395965099334717,3.3388476371765137,-0.0007488727569580078
48,13,160,3.8052568435668945,3.803463935852051,-0.00179290771484375
48,14,160,3.629495143890381,3.6311707496643066,0.0016756057739257812
48,15,160,3.553333282470703,3.553159713745117,-0.0001735687255859375
48,16,160,3.919603109359741,3.9200661182403564,0.0004630088806152344
48,17,160,3.5866575241088867,3.5846102237701416,-0.002047300338745117
48,18,160,2.901536226272583,2.9012365341186523,-0.00029969215393066406
48,19,160,2.509138345718384,2.508157730102539,-0.0009806156158447266
49,0,160,3.4003193378448486,3.3998796939849854,-0.00043964385986328125
49,1,160,3.5231082439422607,3.5255911350250244,0.002482891082763672
49,2,160,3.4456706047058105,3.445739984512329,6.937980651855469e-05
49,3,160,2.9898805618286133,2.990713119506836,0.0008325576782226562
49,4,160,2.8286845684051514,2.8286631107330322,-2.1457672119140625e-05
49,5,160,3.330876111984253,3.3310141563415527,0.0001380443572998047
49,6,160,3.3186895847320557,3.3186726570129395,-1.6927719116210938e-05
49,7,160,3.3405227661132812,3.339036226272583,-0.0014865398406982422
49,8,160,3.0452816486358643,3.0464582443237305,0.001176595687866211
49,9,160,3.2668845653533936,3.265860080718994,-0.001024484634399414
49,10,160,3.485581874847412,3.4848544597625732,-0.0007274150848388672
49,11,160,3.124760150909424,3.127683162689209,0.0029230117797851562
49,12,160,3.3395965099334717,3.338979959487915,-0.0006165504455566406
49,13,160,3.8052568435668945,3.803680181503296,-0.0015766620635986328
49,14,160,3.629495143890381,3.632364273071289,0.002869129180908203
49,15,160,3.553333282470703,3.5541629791259766,0.0008296966552734375
49,16,160,3.919603109359741,3.9207608699798584,0.0011577606201171875
49,17,160,3.5866575241088867,3.5836970806121826,-0.0029604434967041016
49,18,160,2.901536226272583,2.9016027450561523,6.651878356933594e-05
49,19,160,2.509138345718384,2.508838653564453,-0.00029969215393066406
50,0,160,3.4003193378448486,3.39866304397583,-0.0016562938690185547
50,1,160,3.5231082439422607,3.523813486099243,0.0007052421569824219
50,2,160,3.4456706047058105,3.447596549987793,0.0019259452819824219
50,3,160,2.9898805618286133,2.9886841773986816,-0.0011963844299316406
50,4,160,2.8286845684051514,2.828627109527588,-5.745887756347656e-05
50,5,160,3.330876111984253,3.3307366371154785,-0.00013947486877441406
50,6,160,3.3186895847320557,3.3174073696136475,-0.0012822151184082031
50,7,160,3.3405227661132812,3.338949680328369,-0.0015730857849121094
50,8,160,3.0452816486358643,3.045619010925293,0.00033736228942871094
50,9,160,3.2668845653533936,3.2664921283721924,-0.0003924369812011719
50,10,160,3.485581874847412,3.4855175018310547,-6.437301635742188e-05
50,11,160,3.124760150909424,3.1256320476531982,0.0008718967437744141
50,12,160,3.3395965099334717,3.3395392894744873,-5.7220458984375e-05
50,13,160,3.8052568435668945,3.8021609783172607,-0.003095865249633789
50,14,160,3.629495143890381,3.6318471431732178,0.002351999282836914
50,15,160,3.553333282470703,3.5539891719818115,0.0006558895111083984
50,16,160,3.919603109359741,3.919584274291992,-1.8835067749023438e-05
50,17,160,3.5866575241088867,3.5852603912353516,-0.0013971328735351562
50,18,160,2.901536226272583,2.8997600078582764,-0.0017762184143066406
50,19,160,2.509138345718384,2.5059072971343994,-0.003231048583984375
51,0,160,3.4003193378448486,3.398900032043457,-0.0014193058013916016
51,1,160,3.5231082439422607,3.5230157375335693,-9.250640869140625e-05
51,2,160,3.4456706047058105,3.4457809925079346,0.00011038780212402344
51,3,160,2.9898805618286133,2.989698886871338,-0.00018167495727539062
51,4,160,2.8286845684051514,2.8276662826538086,-0.0010182857513427734
51,5,160,3.330876111984253,3.3307085037231445,-0.00016760826110839844
51,6,160,3.3186895847320557,3.316018581390381,-0.0026710033416748047
51,7,160,3.3405227661132812,3.339076042175293,-0.0014467239379882812
51,8,160,3.0452816486358643,3.043111801147461,-0.0021698474884033203
51,9,160,3.2668845653533936,3.265791416168213,-0.001093149185180664
51,10,160,3.485581874847412,3.484564781188965,-0.0010170936584472656
51,11,160,3.124760150909424,3.1259446144104004,0.0011844635009765625
51,12,160,3.3395965099334717,3.3390841484069824,-0.0005123615264892578
51,13,160,3.8052568435668945,3.8029367923736572,-0.0023200511932373047
51,14,160,3.629495143890381,3.6336655616760254,0.004170417785644531
51,15,160,3.553333282470703,3.5545308589935303,0.0011975765228271484
51,16,160,3.919603109359741,3.919499635696411,-0.00010347366333007812
51,17,160,3.5866575241088867,3.585085868835449,-0.0015716552734375
51,18,160,2.901536226272583,2.899599552154541,-0.0019366741180419922
51,19,160,2.509138345718384,2.507908582687378,-0.0012297630310058594
52,0,160,3.4003193378448486,3.40028715133667,-3.218650817871094e-05
52,1,160,3.5231082439422607,3.5223424434661865,-0.0007658004760742188
52,2,160,3.4456706047058105,3.4459686279296875,0.0002980232238769531
52,3,160,2.9898805618286133,2.9890658855438232,-0.0008146762847900391
52,4,160,2.8286845684051514,2.8274173736572266,-0.0012671947479248047
52,5,160,3.330876111984253,3.330320119857788,-0.0005559921264648438
52,6,160,3.3186895847320557,3.3182082176208496,-0.0004813671112060547
52,7,160,3.3405227661132812,3.3386409282684326,-0.0018818378448486328
52,8,160,3.0452816486358643,3.0446996688842773,-0.0005819797515869141
52,9,160,3.2668845653533936,3.267745018005371,0.0008604526519775391
52,10,160,3.485581874847412,3.4860525131225586,0.0004706382751464844
52,11,160,3.124760150909424,3.125373125076294,0.0006129741668701172
52,12,160,3.3395965099334717,3.340790271759033,0.0011937618255615234
52,13,160,3.8052568435668945,3.802690267562866,-0.0025665760040283203
52,14,160,3.629495143890381,3.6315836906433105,0.0020885467529296875
52,15,160,3.553333282470703,3.554297924041748,0.0009646415710449219
52,16,160,3.919603109359741,3.921088218688965,0.0014851093292236328
52,17,160,3.5866575241088867,3.5837948322296143,-0.002862691879272461
52,18,160,2.901536226272583,2.9005014896392822,-0.0010347366333007812
52,19,160,2.509138345718384,2.509705066680908,0.0005667209625244141
53,0,160,3.4003193378448486,3.401137113571167,0.0008177757263183594
53,1,160,3.5231082439422607,3.523740291595459,0.0006320476531982422
53,2,160,3.4456706047058105,3.445373296737671,-0.00029730796813964844
53,3,160,2.9898805618286133,2.989824056625366,-5.650520324707031e-05
53,4,160,2.8286845684051514,2.8265979290008545,-0.002086639404296875
53,5,160,3.330876111984253,3.3287160396575928,-0.0021600723266601562
53,6,160,3.3186895847320557,3.316042423248291,-0.0026471614837646484
53,7,160,3.3405227661132812,3.3387482166290283,-0.0017745494842529297
53,8,160,3.0452816486358643,3.044295072555542,-0.0009865760803222656
53,9,160,3.2668845653533936,3.265915632247925,-0.00096893310546875
53,10,160,3.485581874847412,3.4857096672058105,0.0001277923583984375
53,11,160,3.124760150909424,3.127349853515625,0.002589702606201172
53,12,160,3.3395965099334717,3.3386716842651367,-0.0009248256683349609
53,13,160,3.8052568435668945,3.8031466007232666,-0.0021102428436279297
53,14,160,3.629495143890381,3.631040573120117,0.0015454292297363281
53,15,160,3.553333282470703,3.5540359020233154,0.0007026195526123047
53,16,160,3.919603109359741,3.9206252098083496,0.0010221004486083984
53,17,160,3.5866575241088867,3.584530830383301,-0.0021266937255859375
53,18,160,2.901536226272583,2.900284767150879,-0.0012514591217041016
53,19,160,2.509138345718384,2.509099245071411,-3.910064697265625e-05
54,0,160,3.4003193378448486,3.401360273361206,0.0010409355163574219
54,1,160,3.5231082439422607,3.5248148441314697,0.0017066001892089844
54,2,160,3.4456706047058105,3.447761297225952,0.0020906925201416016
54,3,160,2.9898805618286133,2.9882447719573975,-0.0016357898712158203
54,4,160,2.8286845684051514,2.8275270462036133,-0.001157522201538086
54,5,160,3.330876111984253,3.3306872844696045,-0.0001888275146484375
54,6,160,3.3186895847320557,3.317600727081299,-0.001088857650756836
54,7,160,3.3405227661132812,3.339003086090088,-0.0015196800231933594
54,8,160,3.0452816486358643,3.045822858810425,0.0005412101745605469
54,9,160,3.2668845653533936,3.267589807510376,0.0007052421569824219
54,10,160,3.485581874847412,3.484145402908325,-0.001436471939086914
54,11,160,3.124760150909424,3.1255271434783936,0.0007669925689697266
54,12,160,3.3395965099334717,3.3388640880584717,-0.000732421875
54,13,160,3.8052568435668945,3.802985191345215,-0.0022716522216796875
54,14,160,3.629495143890381,3.632808208465576,0.0033130645751953125
54,15,160,3.553333282470703,3.555342197418213,0.0020089149475097656
54,16,160,3.919603109359741,3.9190587997436523,-0.0005443096160888672
54,17,160,3.5866575241088867,3.583070993423462,-0.0035865306854248047
54,18,160,2.901536226272583,2.901388168334961,-0.0001480579376220703
54,19,160,2.509138345718384,2.50785493850708,-0.001283407211303711
55,0,160,3.4003193378448486,3.3996074199676514,-0.0007119178771972656
55,1,160,3.5231082439422607,3.5228018760681152,-0.0003063678741455078
55,2,160,3.4456706047058105,3.4455103874206543,-0.00016021728515625
55,3,160,2.9898805618286133,2.9894843101501465,-0.0003962516784667969
55,4,160,2.8286845684051514,2.826817035675049,-0.001867532730102539
55,5,160,3.330876111984253,3.330165386199951,-0.0007107257843017578
55,6,160,3.3186895847320557,3.3160500526428223,-0.0026395320892333984
55,7,160,3.3405227661132812,3.338850259780884,-0.001672506332397461
55,8,160,3.0452816486358643,3.0444817543029785,-0.0007998943328857422
55,9,160,3.2668845653533936,3.26352858543396,-0.0033559799194335938
55,10,160,3.485581874847412,3.4853739738464355,-0.0002079010009765625
55,11,160,3.124760150909424,3.1290931701660156,0.004333019256591797
55,12,160,3.3395965099334717,3.3378565311431885,-0.0017399787902832031
55,13,160,3.8052568435668945,3.8027706146240234,-0.0024862289428710938
55,14,160,3.629495143890381,3.633798599243164,0.004303455352783203
55,15,160,3.553333282470703,3.5527760982513428,-0.0005571842193603516
55,16,160,3.919603109359741,3.919950485229492,0.00034737586975097656
55,17,160,3.5866575241088867,3.5885326862335205,0.001875162124633789
55,18,160,2.901536226272583,2.9017889499664307,0.00025272369384765625
55,19,160,2.509138345718384,2.510277509689331,0.0011391639709472656
56,0,160,3.4003193378448486,3.400273084640503,-4.6253204345703125e-05
56,1,160,3.5231082439422607,3.525500535964966,0.002392292022705078
56,2,160,3.4456706047058105,3.4457390308380127,6.842613220214844e-05
56,3,160,2.9898805618286133,2.988800048828125,-0.0010805130004882812
56,4,160,2.8286845684051514,2.828234910964966,-0.0004496574401855469
56,5,160,3.330876111984253,3.3305556774139404,-0.0003204345703125
56,6,160,3.3186895847320557,3.317734479904175,-0.0009551048278808594
56,7,160,3.3405227661132812,3.3384721279144287,-0.002050638198852539
56,8,160,3.0452816486358643,3.0452969074249268,1.52587890625e-05
56,9,160,3.2668845653533936,3.2667341232299805,-0.00015044212341308594
56,10,160,3.485581874847412,3.485949993133545,0.0003681182861328125
56,11,160,3.124760150909424,3.1267454624176025,0.001985311508178711
56,12,160,3.3395965099334717,3.3403480052948,0.000751495361328125
56,13,160,3.8052568435668945,3.8036694526672363,-0.0015873908996582031
56,14,160,3.629495143890381,3.6316909790039062,0.0021958351135253906
56,15,160,3.553333282470703,3.5540413856506348,0.0007081031799316406
56,16,160,3.919603109359741,3.9192428588867188,-0.00036025047302246094
56,17,160,3.5866575241088867,3.584238052368164,-0.0024194717407226562
56,18,160,2.901536226272583,2.901954412460327,0.0004181861877441406
56,19,160,2.509138345718384,2.509037733078003,-0.00010061264038085938
57,0,160,3.4003193378448486,3.4000513553619385,-0.00026798248291015625
57,1,160,3.5231082439422607,3.524583101272583,0.0014748573303222656
57,2,160,3.4456706047058105,3.446713924407959,0.0010433197021484375
57,3,160,2.9898805618286133,2.988797903060913,-0.0010826587677001953
57,4,160,2.8286845684051514,2.826976776123047,-0.0017077922821044922
57,5,160,3.330876111984253,3.3307642936706543,-0.00011181831359863281
57,6,160,3.3186895847320557,3.316818952560425,-0.0018706321716308594
57,7,160,3.3405227661132812,3.3383240699768066,-0.0021986961364746094
57,8,160,3.0452816486358643,3.0459682941436768,0.0006866455078125
57,9,160,3.2668845653533936,3.2660953998565674,-0.0007891654968261719
57,10,160,3.485581874847412,3.4855682849884033,-1.3589859008789062e-05
57,11,160,3.124760150909424,3.1279757022857666,0.0032155513763427734
57,12,160,3.3395965099334717,3.3386502265930176,-0.0009462833404541016
57,13,160,3.8052568435668945,3.8023929595947266,-0.0028638839721679688
57,14,160,3.629495143890381,3.6316428184509277,0.002147674560546875
57,15,160,3.553333282470703,3.5533857345581055,5.245208740234375e-05
57,16,160,3.919603109359741,3.919942617416382,0.000339508056640625
57,17,160,3.5866575241088867,3.587867498397827,0.0012099742889404297
57,18,160,2.901536226272583,2.899533987045288,-0.002002239227294922
57,19,160,2.509138345718384,2.509384870529175,0.0002465248107910156
58,0,160,3.4003193378448486,3.4012832641601562,0.0009639263153076172
58,1,160,3.5231082439422607,3.5260987281799316,0.0029904842376708984
58,2,160,3.4456706047058105,3.4472568035125732,0.0015861988067626953
58,3,160,2.9898805618286133,2.9889585971832275,-0.0009219646453857422
58,4,160,2.8286845684051514,2.8275022506713867,-0.0011823177337646484
58,5,160,3.330876111984253,3.33044171333313,-0.0004343986511230469
58,6,160,3.3186895847320557,3.317146062850952,-0.0015435218811035156
58,7,160,3.3405227661132812,3.3386919498443604,-0.0018308162689208984
58,8,160,3.0452816486358643,3.044006109237671,-0.0012755393981933594
58,9,160,3.2668845653533936,3.269523859024048,0.002639293670654297
58,10,160,3.485581874847412,3.4867186546325684,0.00113677978515625
58,11,160,3.124760150909424,3.126418113708496,0.0016579627990722656
58,12,160,3.3395965099334717,3.340763568878174,0.0011670589447021484
58,13,160,3.8052568435668945,3.801950216293335,-0.0033066272735595703
58,14,160,3.629495143890381,3.6324708461761475,0.0029757022857666016
58,15,160,3.553333282470703,3.5545732975006104,0.0012400150299072266
58,16,160,3.919603109359741,3.920063018798828,0.00045990943908691406
58,17,160,3.5866575241088867,3.5901522636413574,0.003494739532470703
58,18,160,2.901536226272583,2.9012112617492676,-0.0003249645233154297
58,19,160,2.509138345718384,2.5078601837158203,-0.0012781620025634766
59,0,160,3.4003193378448486,3.401946544647217,0.001627206802368164
59,1,160,3.5231082439422607,3.5236737728118896,0.0005655288696289062
59,2,160,3.4456706047058105,3.446732997894287,0.0010623931884765625
59,3,160,2.9898805618286133,2.988847255706787,-0.0010333061218261719
59,4,160,2.8286845684051514,2.8270153999328613,-0.001669168472290039
59,5,160,3.330876111984253,3.3320555686950684,0.0011794567108154297
59,6,160,3.3186895847320557,3.3192222118377686,0.0005326271057128906
59,7,160,3.3405227661132812,3.339357614517212,-0.001165151596069336
59,8,160,3.0452816486358643,3.044398307800293,-0.0008833408355712891
59,9,160,3.2668845653533936,3.2669291496276855,4.458427429199219e-05
59,10,160,3.485581874847412,3.48650860786438,0.0009267330169677734
59,11,160,3.124760150909424,3.1264641284942627,0.0017039775848388672
59,12,160,3.3395965099334717,3.339124917984009,-0.0004715919494628906
59,13,160,3.8052568435668945,3.8035876750946045,-0.001669168472290039
59,14,160,3.629495143890381,3.6317131519317627,0.002218008041381836
59,15,160,3.553333282470703,3.554095506668091,0.0007622241973876953
59,16,160,3.919603109359741,3.9215941429138184,0.0019910335540771484
59,17,160,3.5866575241088867,3.5887296199798584,0.0020720958709716797
59,18,160,2.901536226272583,2.901045083999634,-0.0004911422729492188
59,19,160,2.509138345718384,2.506932497024536,-0.0022058486938476562
60,0,160,3.4003193378448486,3.4002628326416016,-5.650520324707031e-05
60,1,160,3.5231082439422607,3.52340030670166,0.00029206275939941406
60,2,160,3.4456706047058105,3.446707248687744,0.0010366439819335938
60,3,160,2.9898805618286133,2.9903383255004883,0.000457763671875
60,4,160,2.8286845684051514,2.827935218811035,-0.0007493495941162109
60,5,160,3.330876111984253,3.330787181854248,-8.893013000488281e-05
60,6,160,3.3186895847320557,3.3173208236694336,-0.0013687610626220703
60,7,160,3.3405227661132812,3.3405134677886963,-9.298324584960938e-06
60,8,160,3.0452816486358643,3.046121120452881,0.0008394718170166016
60,9,160,3.2668845653533936,3.2660861015319824,-0.0007984638214111328
60,10,160,3.485581874847412,3.486063003540039,0.0004811286926269531
60,11,160,3.124760150909424,3.1272153854370117,0.0024552345275878906
60,12,160,3.3395965099334717,3.3380215167999268,-0.0015749931335449219
60,13,160,3.8052568435668945,3.802656650543213,-0.0026001930236816406
60,14,160,3.629495143890381,3.631561517715454,0.002066373825073242
60,15,160,3.553333282470703,3.553922176361084,0.0005888938903808594
60,16,160,3.919603109359741,3.919752359390259,0.00014925003051757812
60,17,160,3.5866575241088867,3.590473175048828,0.0038156509399414062
60,18,160,2.901536226272583,2.9018616676330566,0.0003254413604736328
60,19,160,2.509138345718384,2.508118152618408,-0.001020193099975586
61,0,160,3.4003193378448486,3.400270462036133,-4.887580871582031e-05
61,1,160,3.5231082439422607,3.5236921310424805,0.0005838871002197266
61,2,160,3.4456706047058105,3.445683240890503,1.2636184692382812e-05
61,3,160,2.9898805618286133,2.9879796504974365,-0.0019009113311767578
61,4,160,2.8286845684051514,2.827644109725952,-0.0010404586791992188
61,5,160,3.330876111984253,3.3301775455474854,-0.0006985664367675781
61,6,160,3.3186895847320557,3.315856695175171,-0.0028328895568847656
61,7,160,3.3405227661132812,3.3382575511932373,-0.0022652149200439453
61,8,160,3.0452816486358643,3.045409917831421,0.00012826919555664062
61,9,160,3.2668845653533936,3.2663652896881104,-0.0005192756652832031
61,10,160,3.485581874847412,3.486243724822998,0.0006618499755859375
61,11,160,3.124760150909424,3.1271636486053467,0.0024034976959228516
61,12,160,3.3395965099334717,3.3385255336761475,-0.0010709762573242188
61,13,160,3.8052568435668945,3.802654981613159,-0.0026018619537353516
61,14,160,3.629495143890381,3.632265329360962,0.0027701854705810547
61,15,160,3.553333282470703,3.5535473823547363,0.00021409988403320312
61,16,160,3.919603109359741,3.920907497406006,0.0013043880462646484
61,17,160,3.5866575241088867,3.589388608932495,0.0027310848236083984
61,18,160,2.901536226272583,2.9018468856811523,0.00031065940856933594
61,19,160,2.509138345718384,2.508206605911255,-0.0009317398071289062
62,0,160,3.4003193378448486,3.4007279872894287,0.0004086494445800781
62,1,160,3.5231082439422607,3.5238442420959473,0.0007359981536865234
62,2,160,3.4456706047058105,3.4480209350585938,0.002350330352783203
62,3,160,2.9898805618286133,2.9894282817840576,-0.00045228004455566406
62,4,160,2.8286845684051514,2.826894998550415,-0.0017895698547363281
62,5,160,3.330876111984253,3.3308627605438232,-1.33514404296875e-05
62,6,160,3.3186895847320557,3.316591501235962,-0.00209808349609375
62,7,160,3.3405227661132812,3.3383262157440186,-0.0021965503692626953
62,8,160,3.0452816486358643,3.044002056121826,-0.001279592514038086
62,9,160,3.2668845653533936,3.2670164108276367,0.00013184547424316406
62,10,160,3.485581874847412,3.4872348308563232,0.0016529560089111328
62,11,160,3.124760150909424,3.1267144680023193,0.001954317092895508
62,12,160,3.3395965099334717,3.3381402492523193,-0.0014562606811523438
62,13,160,3.8052568435668945,3.8026034832000732,-0.002653360366821289
62,14,160,3.629495143890381,3.6324408054351807,0.0029456615447998047
62,15,160,3.553333282470703,3.554799795150757,0.001466512680053711
62,16,160,3.919603109359741,3.9211323261260986,0.0015292167663574219
62,17,160,3.5866575241088867,3.583643913269043,-0.00301361083984375
62,18,160,2.901536226272583,2.900953769683838,-0.0005824565887451172
62,19,160,2.509138345718384,2.5087945461273193,-0.0003437995910644531
63,0,160,3.4003193378448486,3.4006495475769043,0.00033020973205566406
63,1,160,3.5231082439422607,3.5227394104003906,-0.0003688335418701172
63,2,160,3.4456706047058105,3.445404052734375,-0.0002665519714355469
63,3,160,2.9898805618286133,2.9893643856048584,-0.0005161762237548828
63,4,160,2.8286845684051514,2.8292429447174072,0.0005583763122558594
63,5,160,3.330876111984253,3.329092025756836,-0.0017840862274169922
63,6,160,3.3186895847320557,3.3165535926818848,-0.0021359920501708984
63,7,160,3.3405227661132812,3.3383381366729736,-0.002184629440307617
63,8,160,3.0452816486358643,3.045332908630371,5.125999450683594e-05
63,9,160,3.2668845653533936,3.2670671939849854,0.00018262863159179688
63,10,160,3.485581874847412,3.486427068710327,0.0008451938629150391
63,11,160,3.124760150909424,3.12740159034729,0.002641439437866211
63,12,160,3.3395965099334717,3.339266777038574,-0.00032973289489746094
63,13,160,3.8052568435668945,3.8038883209228516,-0.0013685226440429688
63,14,160,3.629495143890381,3.6312577724456787,0.0017626285552978516
63,15,160,3.553333282470703,3.5543155670166016,0.0009822845458984375
63,16,160,3.919603109359741,3.921363115310669,0.0017600059509277344
63,17,160,3.5866575241088867,3.584338903427124,-0.0023186206817626953
63,18,160,2.901536226272583,2.9007537364959717,-0.0007824897766113281
63,19,160,2.509138345718384,2.5063915252685547,-0.0027468204498291016
64,0,160,3.4003193378448486,3.401238203048706,0.0009188652038574219
64,1,160,3.5231082439422607,3.523074150085449,-3.409385681152344e-05
64,2,160,3.4456706047058105,3.446233034133911,0.0005624294281005859
64,3,160,2.9898805618286133,2.9914631843566895,0.0015826225280761719
64,4,160,2.8286845684051514,2.8280842304229736,-0.0006003379821777344
64,5,160,3.330876111984253,3.331740379333496,0.0008642673492431641
64,6,160,3.3186895847320557,3.3186075687408447,-8.20159912109375e-05
64,7,160,3.3405227661132812,3.3389968872070312,-0.00152587890625
64,8,160,3.0452816486358643,3.0456628799438477,0.00038123130798339844
64,9,160,3.2668845653533936,3.267334222793579,0.0004496574401855469
64,10,160,3.485581874847412,3.4860634803771973,0.00048160552978515625
64,11,160,3.124760150909424,3.1254751682281494,0.0007150173187255859
64,12,160,3.3395965099334717,3.339287519454956,-0.000308990478515625
64,13,160,3.8052568435668945,3.804799795150757,-0.0004570484161376953
64,14,160,3.629495143890381,3.633226156234741,0.0037310123443603516
64,15,160,3.553333282470703,3.5547475814819336,0.0014142990112304688
64,16,160,3.919603109359741,3.919738292694092,0.00013518333435058594
64,17,160,3.5866575241088867,3.5924079418182373,0.005750417709350586
64,18,160,2.901536226272583,2.90285062789917,0.001314401626586914
64,19,160,2.509138345718384,2.5103609561920166,0.0012226104736328125
65,0,160,3.4003193378448486,3.3991329669952393,-0.001186370849609375
65,1,160,3.5231082439422607,3.5229098796844482,-0.0001983642578125
65,2,160,3.4456706047058105,3.446810722351074,0.0011401176452636719
65,3,160,2.9898805618286133,2.9886956214904785,-0.0011849403381347656
65,4,160,2.8286845684051514,2.827683210372925,-0.0010013580322265625
65,5,160,3.330876111984253,3.3305060863494873,-0.000370025634765625
65,6,160,3.3186895847320557,3.316126823425293,-0.0025627613067626953
65,7,160,3.3405227661132812,3.340397834777832,-0.00012493133544921875
65,8,160,3.0452816486358643,3.0445101261138916,-0.0007715225219726562
65,9,160,3.2668845653533936,3.2661149501800537,-0.0007696151733398438
65,10,160,3.485581874847412,3.485766887664795,0.0001850128173828125
65,11,160,3.124760150909424,3.126652717590332,0.0018925666809082031
65,12,160,3.3395965099334717,3.3374505043029785,-0.002146005630493164
65,13,160,3.8052568435668945,3.8029956817626953,-0.0022611618041992188
65,14,160,3.629495143890381,3.63207745552063,0.0025823116302490234
65,15,160,3.553333282470703,3.5533287525177,-4.5299530029296875e-06
65,16,160,3.919603109359741,3.9206531047821045,0.0010499954223632812
65,17,160,3.5866575241088867,3.590195655822754,0.0035381317138671875
65,18,160,2.901536226272583,2.9014763832092285,-5.984306335449219e-05
65,19,160,2.509138345718384,2.5081729888916016,-0.0009653568267822266
66,0,160,3.4003193378448486,3.3998725414276123,-0.0004467964172363281
66,1,160,3.5231082439422607,3.5231411457061768,3.2901763916015625e-05
66,2,160,3.4456706047058105,3.4467241764068604,0.0010535717010498047
66,3,160,2.9898805618286133,2.989494562149048,-0.0003859996795654297
66,4,160,2.8286845684051514,2.8272485733032227,-0.001435995101928711
66,5,160,3.330876111984253,3.3312933444976807,0.0004172325134277344
66,6,160,3.3186895847320557,3.3174855709075928,-0.0012040138244628906
66,7,160,3.3405227661132812,3.3384461402893066,-0.0020766258239746094
66,8,160,3.0452816486358643,3.0443286895751953,-0.0009529590606689453
66,9,160,3.2668845653533936,3.267971992492676,0.0010874271392822266
66,10,160,3.485581874847412,3.486147165298462,0.0005652904510498047
66,11,160,3.124760150909424,3.126772165298462,0.002012014389038086
66,12,160,3.3395965099334717,3.3384649753570557,-0.0011315345764160156
66,13,160,3.8052568435668945,3.804795026779175,-0.00046181678771972656
66,14,160,3.629495143890381,3.6313037872314453,0.0018086433410644531
66,15,160,3.553333282470703,3.5543501377105713,0.001016855239868164
66,16,160,3.919603109359741,3.9186289310455322,-0.0009741783142089844
66,17,160,3.5866575241088867,3.583944320678711,-0.0027132034301757812
66,18,160,2.901536226272583,2.9018123149871826,0.0002760887145996094
66,19,160,2.509138345718384,2.507066249847412,-0.0020720958709716797
67,0,160,3.4003193378448486,3.4003729820251465,5.364418029785156e-05
67,1,160,3.5231082439422607,3.524137496948242,0.0010292530059814453
67,2,160,3.4456706047058105,3.4469919204711914,0.0013213157653808594
67,3,160,2.9898805618286133,2.989725351333618,-0.0001552104949951172
67,4,160,2.8286845684051514,2.827744245529175,-0.0009403228759765625
67,5,160,3.330876111984253,3.3300845623016357,-0.0007915496826171875
67,6,160,3.3186895847320557,3.3183653354644775,-0.000324249267578125
67,7,160,3.3405227661132812,3.3408992290496826,0.0003764629364013672
67,8,160,3.0452816486358643,3.044666290283203,-0.0006153583526611328
67,9,160,3.2668845653533936,3.2674107551574707,0.0005261898040771484
67,10,160,3.485581874847412,3.485491991043091,-8.988380432128906e-05
67,11,160,3.124760150909424,3.1274302005767822,0.0026700496673583984
67,12,160,3.3395965099334717,3.3396873474121094,9.083747863769531e-05
67,13,160,3.8052568435668945,3.803769826889038,-0.0014870166778564453
67,14,160,3.629495143890381,3.633240222930908,0.0037450790405273438
67,15,160,3.553333282470703,3.55353045463562,0.0001971721649169922
67,16,160,3.919603109359741,3.9196250438690186,2.193450927734375e-05
67,17,160,3.5866575241088867,3.584409475326538,-0.002248048782348633
67,18,160,2.901536226272583,2.9007484912872314,-0.0007877349853515625
67,19,160,2.509138345718384,2.5097544193267822,0.0006160736083984375
68,0,160,3.4003193378448486,3.4006152153015137,0.00029587745666503906
68,1,160,3.5231082439422607,3.523374319076538,0.00026607513427734375
68,2,160,3.4456706047058105,3.446413278579712,0.0007426738739013672
68,3,160,2.9898805618286133,2.9902780055999756,0.0003974437713623047
68,4,160,2.8286845684051514,2.827279806137085,-0.0014047622680664062
68,5,160,3.330876111984253,3.332461357116699,0.001585245132446289
68,6,160,3.3186895847320557,3.3186700344085693,-1.9550323486328125e-05
68,7,160,3.3405227661132812,3.339545249938965,-0.0009775161743164062
68,8,160,3.0452816486358643,3.044997453689575,-0.0002841949462890625
68,9,160,3.2668845653533936,3.2666289806365967,-0.000255584716796875
68,10,160,3.485581874847412,3.4859254360198975,0.00034356117248535156
68,11,160,3.124760150909424,3.126274824142456,0.0015146732330322266
68,12,160,3.3395965099334717,3.340435028076172,0.0008385181427001953
68,13,160,3.8052568435668945,3.8033125400543213,-0.0019443035125732422
68,14,160,3.629495143890381,3.631606340408325,0.002111196517944336
68,15,160,3.553333282470703,3.5535659790039062,0.000232696533203125
68,16,160,3.919603109359741,3.918419122695923,-0.0011839866638183594
68,17,160,3.5866575241088867,3.5865461826324463,-0.00011134147644042969
68,18,160,2.901536226272583,2.90211820602417,0.0005819797515869141
68,19,160,2.509138345718384,2.5096490383148193,0.0005106925964355469
69,0,160,3.4003193378448486,3.4000744819641113,-0.0002448558807373047
69,1,160,3.5231082439422607,3.524535894393921,0.0014276504516601562
69,2,160,3.4456706047058105,3.4460692405700684,0.0003986358642578125
69,3,160,2.9898805618286133,2.990023374557495,0.00014281272888183594
69,4,160,2.8286845684051514,2.828157901763916,-0.0005266666412353516
69,5,160,3.330876111984253,3.331097364425659,0.00022125244140625
69,6,160,3.3186895847320557,3.316200017929077,-0.0024895668029785156
69,7,160,3.3405227661132812,3.34000563621521,-0.0005171298980712891
69,8,160,3.0452816486358643,3.045138359069824,-0.00014328956604003906
69,9,160,3.2668845653533936,3.265320301055908,-0.0015642642974853516
69,10,160,3.485581874847412,3.486447811126709,0.000865936279296875
69,11,160,3.124760150909424,3.126624345779419,0.0018641948699951172
69,12,160,3.3395965099334717,3.340216875076294,0.0006203651428222656
69,13,160,3.8052568435668945,3.8037853240966797,-0.0014715194702148438
69,14,160,3.629495143890381,3.631840705871582,0.002345561981201172
69,15,160,3.553333282470703,3.5527257919311523,-0.0006074905395507812
69,16,160,3.919603109359741,3.922236680984497,0.0026335716247558594
69,17,160,3.5866575241088867,3.5879390239715576,0.0012814998626708984
69,18,160,2.901536226272583,2.901373863220215,-0.00016236305236816406
69,19,160,2.509138345718384,2.509918451309204,0.0007801055908203125
70,0,160,3.4003193378448486,3.3998961448669434,-0.00042319297790527344
70,1,160,3.5231082439422607,3.524796724319458,0.0016884803771972656
70,2,160,3.4456706047058105,3.4465417861938477,0.0008711814880371094
70,3,160,2.9898805618286133,2.9898085594177246,-7.200241088867188e-05
70,4,160,2.8286845684051514,2.827270269393921,-0.0014142990112304688
70,5,160,3.330876111984253,3.3330624103546143,0.002186298370361328
70,6,160,3.3186895847320557,3.3170766830444336,-0.0016129016876220703
70,7,160,3.3405227661132812,3.3392341136932373,-0.0012886524200439453
70,8,160,3.0452816486358643,3.044430732727051,-0.0008509159088134766
70,9,160,3.2668845653533936,3.2669825553894043,9.799003601074219e-05
70,10,160,3.485581874847412,3.4855387210845947,-4.315376281738281e-05
70,11,160,3.124760150909424,3.125793695449829,0.0010335445404052734
70,12,160,3.3395965099334717,3.3403260707855225,0.0007295608520507812
70,13,160,3.8052568435668945,3.802459716796875,-0.0027971267700195312
70,14,160,3.629495143890381,3.631443500518799,0.0019483566284179688
70,15,160,3.553333282470703,3.5541176795959473,0.0007843971252441406
70,16,160,3.919603109359741,3.9197027683258057,9.965896606445312e-05
70,17,160,3.5866575241088867,3.5844473838806152,-0.0022101402282714844
70,18,160,2.901536226272583,2.9005868434906006,-0.0009493827819824219
70,19,160,2.509138345718384,2.507239818572998,-0.0018985271453857422
71,0,160,3.4003193378448486,3.4001190662384033,-0.0002002716064453125
71,1,160,3.5231082439422607,3.525237560272217,0.0021293163299560547
71,2,160,3.4456706047058105,3.4460227489471436,0.0003521442413330078
71,3,160,2.9898805618286133,2.991363763809204,0.0014832019805908203
71,4,160,2.8286845684051514,2.8283894062042236,-0.0002951622009277344
71,5,160,3.330876111984253,3.3294079303741455,-0.0014681816101074219
71,6,160,3.3186895847320557,3.3165123462677,-0.0021772384643554688
71,7,160,3.3405227661132812,3.3378806114196777,-0.0026421546936035156
71,8,160,3.0452816486358643,3.0448906421661377,-0.0003910064697265625
71,9,160,3.2668845653533936,3.265192985534668,-0.001691579818725586
71,10,160,3.485581874847412,3.4853806495666504,-0.00020122528076171875
71,11,160,3.124760150909424,3.1281676292419434,0.0034074783325195312
71,12,160,3.3395965099334717,3.351712465286255,0.012115955352783203
71,13,160,3.8052568435668945,3.8029420375823975,-0.0023148059844970703
71,14,160,3.629495143890381,3.63273286819458,0.0032377243041992188
71,15,160,3.553333282470703,3.5537781715393066,0.0004448890686035156
71,16,160,3.919603109359741,3.9194865226745605,-0.00011658668518066406
71,17,160,3.5866575241088867,3.586383819580078,-0.00027370452880859375
71,18,160,2.901536226272583,2.900942325592041,-0.0005939006805419922
71,19,160,2.509138345718384,2.5078117847442627,-0.0013265609741210938
72,0,160,3.4003193378448486,3.4006590843200684,0.00033974647521972656
72,1,160,3.5231082439422607,3.5244295597076416,0.0013213157653808594
72,2,160,3.4456706047058105,3.448507785797119,0.0028371810913085938
72,3,160,2.9898805618286133,2.989335775375366,-0.0005447864532470703
72,4,160,2.8286845684051514,2.828336000442505,-0.0003485679626464844
72,5,160,3.330876111984253,3.3324625492095947,0.0015864372253417969
72,6,160,3.3186895847320557,3.3180856704711914,-0.0006039142608642578
72,7,160,3.3405227661132812,3.341320753097534,0.0007979869842529297
72,8,160,3.0452816486358643,3.0454845428466797,0.0002028942108154297
72,9,160,3.2668845653533936,3.266986131668091,0.00010156631469726562
72,10,160,3.485581874847412,3.4863271713256836,0.0007452964782714844
72,11,160,3.124760150909424,3.1289401054382324,0.004179954528808594
72,12,160,3.3395965099334717,3.340092658996582,0.0004961490631103516
72,13,160,3.8052568435668945,3.803237199783325,-0.002019643783569336
72,14,160,3.629495143890381,3.6316370964050293,0.0021419525146484375
72,15,160,3.553333282470703,3.552757740020752,-0.0005755424499511719
72,16,160,3.919603109359741,3.920099973678589,0.0004968643188476562
72,17,160,3.5866575241088867,3.5877487659454346,0.0010912418365478516
72,18,160,2.901536226272583,2.8998522758483887,-0.001683950424194336
72,19,160,2.509138345718384,2.5091423988342285,4.0531158447265625e-06
73,0,160,3.4003193378448486,3.4002933502197266,-2.5987625122070312e-05
73,1,160,3.5231082439422607,3.5234081745147705,0.0002999305725097656
73,2,160,3.4456706047058105,3.4460601806640625,0.0003895759582519531
73,3,160,2.9898805618286133,2.9897329807281494,-0.0001475811004638672
73,4,160,2.8286845684051514,2.8286924362182617,7.867813110351562e-06
73,5,160,3.330876111984253,3.331761360168457,0.0008852481842041016
73,6,160,3.3186895847320557,3.3169548511505127,-0.0017347335815429688
73,7,160,3.3405227661132812,3.339254379272461,-0.0012683868408203125
73,8,160,3.0452816486358643,3.044687271118164,-0.0005943775177001953
73,9,160,3.2668845653533936,3.2686820030212402,0.0017974376678466797
73,10,160,3.485581874847412,3.4874489307403564,0.001867055892944336
73,11,160,3.124760150909424,3.1274774074554443,0.002717256546020508
73,12,160,3.3395965099334717,3.3392088413238525,-0.0003876686096191406
73,13,160,3.8052568435668945,3.802903175354004,-0.002353668212890625
73,14,160,3.629495143890381,3.631798505783081,0.0023033618927001953
73,15,160,3.553333282470703,3.553481340408325,0.0001480579376220703
73,16,160,3.919603109359741,3.92134165763855,0.0017385482788085938
73,17,160,3.5866575241088867,3.5835118293762207,-0.0031456947326660156
73,18,160,2.901536226272583,2.9009525775909424,-0.000583648681640625
73,19,160,2.509138345718384,2.509492874145508,0.00035452842712402344
74,0,160,3.4003193378448486,3.400331974029541,1.2636184692382812e-05
74,1,160,3.5231082439422607,3.5241832733154297,0.0010750293731689453
74,2,160,3.4456706047058105,3.4469540119171143,0.001283407211303711
74,3,160,2.9898805618286133,2.9893009662628174,-0.0005795955657958984
74,4,160,2.8286845684051514,2.8290960788726807,0.0004115104675292969
74,5,160,3.330876111984253,3.330202102661133,-0.0006740093231201172
74,6,160,3.3186895847320557,3.3162076473236084,-0.0024819374084472656
74,7,160,3.3405227661132812,3.338568687438965,-0.0019540786743164062
74,8,160,3.0452816486358643,3.0452492237091064,-3.24249267578125e-05
74,9,160,3.2668845653533936,3.2668232917785645,-6.127357482910156e-05
74,10,160,3.485581874847412,3.4847145080566406,-0.0008673667907714844
74,11,160,3.124760150909424,3.128840923309326,0.004080772399902344
74,12,160,3.3395965099334717,3.352532386779785,0.012935876846313477
74,13,160,3.8052568435668945,3.8030946254730225,-0.0021622180938720703
74,14,160,3.629495143890381,3.632188558578491,0.0026934146881103516
74,15,160,3.553333282470703,3.553819179534912,0.0004858970642089844
74,16,160,3.919603109359741,3.9197161197662354,0.00011301040649414062
74,17,160,3.5866575241088867,3.5839757919311523,-0.002681732177734375
74,18,160,2.901536226272583,2.9022939205169678,0.0007576942443847656
74,19,160,2.509138345718384,2.5080370903015137,-0.0011012554168701172
75,0,160,3.4003193378448486,3.400611162185669,0.0002918243408203125
75,1,160,3.5231082439422607,3.524409294128418,0.0013010501861572266
75,2,160,3.4456706047058105,3.4467861652374268,0.001115560531616211
75,3,160,2.9898805618286133,2.9890053272247314,-0.0008752346038818359
75,4,160,2.8286845684051514,2.827151298522949,-0.0015332698822021484
75,5,160,3.330876111984253,3.3313257694244385,0.0004496574401855469
75,6,160,3.3186895847320557,3.31599760055542,-0.002691984176635742
75,7,160,3.3405227661132812,3.340191602706909,-0.0003311634063720703
75,8,160,3.0452816486358643,3.0437428951263428,-0.0015387535095214844
75,9,160,3.2668845653533936,3.2662150859832764,-0.0006694793701171875
75,10,160,3.485581874847412,3.487588405609131,0.00200653076171875
75,11,160,3.124760150909424,3.126746892929077,0.0019867420196533203
75,12,160,3.3395965099334717,3.338425874710083,-0.0011706352233886719
75,13,160,3.8052568435668945,3.8032960891723633,-0.00196075439453125
75,14,160,3.629495143890381,3.6337854862213135,0.004290342330932617
75,15,160,3.553333282470703,3.553597927093506,0.0002646446228027344
75,16,160,3.919603109359741,3.9196712970733643,6.818771362304688e-05
75,17,160,3.5866575241088867,3.590269088745117,0.0036115646362304688
75,18,160,2.901536226272583,2.89987850189209,-0.001657724380493164
75,19,160,2.509138345718384,2.508635997772217,-0.0005023479461669922
76,0,160,3.4003193378448486,3.3991901874542236,-0.001129150390625
76,1,160,3.5231082439422607,3.5224270820617676,-0.0006811618804931641
76,2,160,3.4456706047058105,3.445777654647827,0.00010704994201660156
76,3,160,2.9898805618286133,2.988990068435669,-0.0008904933929443359
76,4,160,2.8286845684051514,2.827875852584839,-0.0008087158203125
76,5,160,3.330876111984253,3.330753803253174,-0.00012230873107910156
76,6,160,3.3186895847320557,3.317100763320923,-0.0015888214111328125
76,7,160,3.3405227661132812,3.3386380672454834,-0.0018846988677978516
76,8,160,3.0452816486358643,3.045483112335205,0.0002014636993408203
76,9,160,3.2668845653533936,3.2650654315948486,-0.0018191337585449219
76,10,160,3.485581874847412,3.4854416847229004,-0.00014019012451171875
76,11,160,3.124760150909424,3.1290783882141113,0.0043182373046875
76,12,160,3.3395965099334717,3.346174716949463,0.006578207015991211
76,13,160,3.8052568435668945,3.8036231994628906,-0.0016336441040039062
76,14,160,3.629495143890381,3.6328070163726807,0.0033118724822998047
76,15,160,3.553333282470703,3.553908348083496,0.0005750656127929688
76,16,160,3.919603109359741,3.9204487800598145,0.0008456707000732422
76,17,160,3.5866575241088867,3.5838818550109863,-0.0027756690979003906
76,18,160,2.901536226272583,2.901268720626831,-0.0002675056457519531
76,19,160,2.509138345718384,2.50932240486145,0.00018405914306640625
77,0,160,3.4003193378448486,3.399585485458374,-0.0007338523864746094
77,1,160,3.5231082439422607,3.5241458415985107,0.00103759765625
77,2,160,3.4456706047058105,3.445357322692871,-0.0003132820129394531
77,3,160,2.9898805618286133,2.991088390350342,0.0012078285217285156
77,4,160,2.8286845684051514,2.828310489654541,-0.00037407875061035156
77,5,160,3.330876111984253,3.3319687843322754,0.001092672348022461
77,6,160,3.3186895847320557,3.317033052444458,-0.0016565322875976562
77,7,160,3.3405227661132812,3.34158992767334,0.0010671615600585938
77,8,160,3.0452816486358643,3.0457160472869873,0.0004343986511230469
77,9,160,3.2668845653533936,3.2678027153015137,0.0009181499481201172
77,10,160,3.485581874847412,3.485069513320923,-0.0005123615264892578
77,11,160,3.124760150909424,3.126093864440918,0.0013337135314941406
77,12,160,3.3395965099334717,3.338999032974243,-0.0005974769592285156
77,13,160,3.8052568435668945,3.8023855686187744,-0.002871274948120117
77,14,160,3.629495143890381,3.632352113723755,0.0028569698333740234
77,15,160,3.553333282470703,3.5529980659484863,-0.0003352165222167969
77,16,160,3.919603109359741,3.9204633235931396,0.0008602142333984375
77,17,160,3.5866575241088867,3.5845088958740234,-0.0021486282348632812
77,18,160,2.901536226272583,2.9016976356506348,0.0001614093780517578
77,19,160,2.509138345718384,2.5082437992095947,-0.0008945465087890625
78,0,160,3.4003193378448486,3.400682210922241,0.0003628730773925781
78,1,160,3.5231082439422607,3.5251882076263428,0.0020799636840820312
78,2,160,3.4456706047058105,3.4469518661499023,0.0012812614440917969
78,3,160,2.9898805618286133,2.989994764328003,0.00011420249938964844
78,4,160,2.8286845684051514,2.8290646076202393,0.0003800392150878906
78,5,160,3.330876111984253,3.3324763774871826,0.0016002655029296875
78,6,160,3.3186895847320557,3.318321943283081,-0.0003676414489746094
78,7,160,3.3405227661132812,3.3388404846191406,-0.001682281494140625
78,8,160,3.0452816486358643,3.0443613529205322,-0.0009202957153320312
78,9,160,3.2668845653533936,3.2654757499694824,-0.0014088153839111328
78,10,160,3.485581874847412,3.486279010772705,0.0006971359252929688
78,11,160,3.124760150909424,3.126743793487549,0.001983642578125
78,12,160,3.3395965099334717,3.338355302810669,-0.0012412071228027344
78,13,160,3.8052568435668945,3.8024826049804688,-0.0027742385864257812
78,14,160,3.629495143890381,3.6326076984405518,0.0031125545501708984
78,15,160,3.553333282470703,3.553083896636963,-0.0002493858337402344
78,16,160,3.919603109359741,3.9210729598999023,0.0014698505401611328
78,17,160,3.5866575241088867,3.5834202766418457,-0.0032372474670410156
78,18,160,2.901536226272583,2.900658130645752,-0.0008780956268310547
78,19,160,2.509138345718384,2.507828712463379,-0.0013096332550048828
79,0,160,3.4003193378448486,3.399994134902954,-0.00032520294189453125
79,1,160,3.5231082439422607,3.5231096744537354,1.430511474609375e-06
79,2,160,3.4456706047058105,3.4464969635009766,0.0008263587951660156
79,3,160,2.9898805618286133,2.990219831466675,0.00033926963806152344
79,4,160,2.8286845684051514,2.8290772438049316,0.00039267539978027344
79,5,160,3.330876111984253,3.330308198928833,-0.0005679130554199219
79,6,160,3.3186895847320557,3.3182296752929688,-0.00045990943908691406
79,7,160,3.3405227661132812,3.338233232498169,-0.0022895336151123047
79,8,160,3.0452816486358643,3.0450050830841064,-0.0002765655517578125
79,9,160,3.2668845653533936,3.2670552730560303,0.00017070770263671875
79,10,160,3.485581874847412,3.4861085414886475,0.0005266666412353516
79,11,160,3.124760150909424,3.1258420944213867,0.0010819435119628906
79,12,160,3.3395965099334717,3.340143918991089,0.0005474090576171875
79,13,160,3.8052568435668945,3.803330659866333,-0.0019261837005615234
79,14,160,3.629495143890381,3.6301429271698,0.0006477832794189453
79,15,160,3.553333282470703,3.5557329654693604,0.0023996829986572266
79,16,160,3.919603109359741,3.9216270446777344,0.002023935317993164
79,17,160,3.5866575241088867,3.588297128677368,0.0016396045684814453
79,18,160,2.901536226272583,2.8999273777008057,-0.0016088485717773438
79,19,160,2.509138345718384,2.5091845989227295,4.6253204345703125e-05
80,0,160,3.4003193378448486,3.398909091949463,-0.0014102458953857422
80,1,160,3.5231082439422607,3.524068832397461,0.0009605884552001953
80,2,160,3.4456706047058105,3.4477646350860596,0.0020940303802490234
80,3,160,2.9898805618286133,2.991020679473877,0.0011401176452636719
80,4,160,2.8286845684051514,2.828155755996704,-0.0005288124084472656
80,5,160,3.330876111984253,3.3307697772979736,-0.00010633468627929688
80,6,160,3.3186895847320557,3.3163132667541504,-0.0023763179779052734
80,7,160,3.3405227661132812,3.3401763439178467,-0.0003464221954345703
80,8,160,3.0452816486358643,3.043962001800537,-0.0013196468353271484
80,9,160,3.2668845653533936,3.2664031982421875,-0.0004813671112060547
80,10,160,3.485581874847412,3.484229564666748,-0.0013523101806640625
80,11,160,3.124760150909424,3.1272013187408447,0.0024411678314208984
80,12,160,3.3395965099334717,3.3399057388305664,0.00030922889709472656
80,13,160,3.8052568435668945,3.801967144012451,-0.0032896995544433594
80,14,160,3.629495143890381,3.6333179473876953,0.003822803497314453
80,15,160,3.553333282470703,3.5557172298431396,0.0023839473724365234
80,16,160,3.919603109359741,3.9179348945617676,-0.0016682147979736328
80,17,160,3.5866575241088867,3.5838189125061035,-0.002838611602783203
80,18,160,2.901536226272583,2.901794672012329,0.00025844573974609375
80,19,160,2.509138345718384,2.508955717086792,-0.00018262863159179688
81,0,160,3.4003193378448486,3.399731159210205,-0.0005881786346435547
81,1,160,3.5231082439422607,3.5253424644470215,0.002234220504760742
81,2,160,3.4456706047058105,3.4459755420684814,0.00030493736267089844
81,3,160,2.9898805618286133,2.9887473583221436,-0.0011332035064697266
81,4,160,2.8286845684051514,2.8278331756591797,-0.0008513927459716797
81,5,160,3.330876111984253,3.330518960952759,-0.0003571510314941406
81,6,160,3.3186895847320557,3.3181562423706055,-0.0005333423614501953
81,7,160,3.3405227661132812,3.3395822048187256,-0.0009405612945556641
81,8,160,3.0452816486358643,3.043773651123047,-0.0015079975128173828
81,9,160,3.2668845653533936,3.2663207054138184,-0.0005638599395751953
81,10,160,3.485581874847412,3.4851510524749756,-0.00043082237243652344
81,11,160,3.124760150909424,3.1269044876098633,0.002144336700439453
81,12,160,3.3395965099334717,3.3385462760925293,-0.0010502338409423828
81,13,160,3.8052568435668945,3.803290605545044,-0.001966238021850586
81,14,160,3.629495143890381,3.6321821212768555,0.0026869773864746094
81,15,160,3.553333282470703,3.554456949234009,0.001123666763305664
81,16,160,3.919603109359741,3.919853448867798,0.0002503395080566406
81,17,160,3.5866575241088867,3.5837693214416504,-0.002888202667236328
81,18,160,2.901536226272583,2.899972915649414,-0.0015633106231689453
81,19,160,2.509138345718384,2.508615732192993,-0.000522613525390625
82,0,160,3.4003193378448486,3.3993680477142334,-0.0009512901306152344
82,1,160,3.5231082439422607,3.5242254734039307,0.0011172294616699219
82,2,160,3.4456706047058105,3.447737693786621,0.002067089080810547
82,3,160,2.9898805618286133,2.9897937774658203,-8.678436279296875e-05
82,4,160,2.8286845684051514,2.827549457550049,-0.001135110855102539
82,5,160,3.330876111984253,3.33125376701355,0.000377655029296875
82,6,160,3.3186895847320557,3.317650556564331,-0.0010390281677246094
82,7,160,3.3405227661132812,3.3378381729125977,-0.0026845932006835938
82,8,160,3.0452816486358643,3.043356418609619,-0.0019252300262451172
82,9,160,3.2668845653533936,3.2671549320220947,0.0002703666687011719
82,10,160,3.485581874847412,3.485787868499756,0.00020599365234375
82,11,160,3.124760150909424,3.12796950340271,0.003209352493286133
82,12,160,3.3395965099334717,3.3387179374694824,-0.0008785724639892578
82,13,160,3.8052568435668945,3.8051187992095947,-0.0001380443572998047
82,14,160,3.629495143890381,3.631412982940674,0.0019178390502929688
82,15,160,3.553333282470703,3.5534467697143555,0.00011348724365234375
82,16,160,3.919603109359741,3.919670581817627,6.747245788574219e-05
82,17,160,3.5866575241088867,3.5871713161468506,0.0005137920379638672
82,18,160,2.901536226272583,2.900383949279785,-0.0011522769927978516
82,19,160,2.509138345718384,2.508711576461792,-0.0004267692565917969
83,0,160,3.4003193378448486,3.400594472885132,0.0002751350402832031
83,1,160,3.5231082439422607,3.5263612270355225,0.0032529830932617188
83,2,160,3.4456706047058105,3.4463791847229004,0.0007085800170898438
83,3,160,2.9898805618286133,2.9909849166870117,0.0011043548583984375
83,4,160,2.8286845684051514,2.826834201812744,-0.0018503665924072266
83,5,160,3.330876111984253,3.331242322921753,0.0003662109375
83,6,160,3.3186895847320557,3.3173396587371826,-0.0013499259948730469
83,7,160,3.3405227661132812,3.3411126136779785,0.0005898475646972656
83,8,160,3.0452816486358643,3.044797420501709,-0.00048422813415527344
83,9,160,3.2668845653533936,3.266047239303589,-0.0008373260498046875
83,10,160,3.485581874847412,3.486494779586792,0.0009129047393798828
83,11,160,3.124760150909424,3.1297872066497803,0.005027055740356445
83,12,160,3.3395965099334717,3.339618444442749,2.193450927734375e-05
83,13,160,3.8052568435668945,3.804192066192627,-0.0010647773742675781
83,14,160,3.629495143890381,3.631620407104492,0.002125263214111328
83,15,160,3.553333282470703,3.5525529384613037,-0.0007803440093994141
83,16,160,3.919603109359741,3.921337366104126,0.0017342567443847656
83,17,160,3.5866575241088867,3.588075876235962,0.0014183521270751953
83,18,160,2.901536226272583,2.9012134075164795,-0.0003228187561035156
83,19,160,2.509138345718384,2.507192850112915,-0.00194549560546875
84,0,160,3.4003193378448486,3.400592565536499,0.0002732276916503906
84,1,160,3.5231082439422607,3.523200035095215,9.179115295410156e-05
84,2,160,3.4456706047058105,3.4476354122161865,0.0019648075103759766
84,3,160,2.9898805618286133,2.9920170307159424,0.0021364688873291016
84,4,160,2.8286845684051514,2.828463315963745,-0.00022125244140625
84,5,160,3.330876111984253,3.3322768211364746,0.0014007091522216797
84,6,160,3.3186895847320557,3.3194992542266846,0.0008096694946289062
84,7,160,3.3405227661132812,3.3406662940979004,0.00014352798461914062
84,8,160,3.0452816486358643,3.046881675720215,0.001600027084350586
84,9,160,3.2668845653533936,3.266834259033203,-5.030632019042969e-05
84,10,160,3.485581874847412,3.486219644546509,0.0006377696990966797
84,11,160,3.124760150909424,3.1270618438720703,0.0023016929626464844
84,12,160,3.3395965099334717,3.338923692703247,-0.0006728172302246094
84,13,160,3.8052568435668945,3.8032681941986084,-0.001988649368286133
84,14,160,3.629495143890381,3.6337409019470215,0.004245758056640625
84,15,160,3.553333282470703,3.553541421890259,0.00020813941955566406
84,16,160,3.919603109359741,3.9207732677459717,0.0011701583862304688
84,17,160,3.5866575241088867,3.5866239070892334,-3.361701965332031e-05
84,18,160,2.901536226272583,2.9009311199188232,-0.0006051063537597656
84,19,160,2.509138345718384,2.5085694789886475,-0.0005688667297363281
85,0,160,3.4003193378448486,3.3988516330718994,-0.0014677047729492188
85,1,160,3.5231082439422607,3.524394989013672,0.0012867450714111328
85,2,160,3.4456706047058105,3.4458770751953125,0.00020647048950195312
85,3,160,2.9898805618286133,2.990943431854248,0.0010628700256347656
85,4,160,2.8286845684051514,2.8280792236328125,-0.0006053447723388672
85,5,160,3.330876111984253,3.3295555114746094,-0.0013206005096435547
85,6,160,3.3186895847320557,3.3180878162384033,-0.0006017684936523438
85,7,160,3.3405227661132812,3.339426040649414,-0.0010967254638671875
85,8,160,3.0452816486358643,3.0455214977264404,0.00023984909057617188
85,9,160,3.2668845653533936,3.267321825027466,0.0004372596740722656
85,10,160,3.485581874847412,3.486189365386963,0.0006074905395507812
85,11,160,3.124760150909424,3.127060651779175,0.0023005008697509766
85,12,160,3.3395965099334717,3.3393166065216064,-0.0002799034118652344
85,13,160,3.8052568435668945,3.8034284114837646,-0.0018284320831298828
85,14,160,3.629495143890381,3.6317567825317383,0.002261638641357422
85,15,160,3.553333282470703,3.5539329051971436,0.0005996227264404297
85,16,160,3.919603109359741,3.921194553375244,0.0015914440155029297
85,17,160,3.5866575241088867,3.587571382522583,0.0009138584136962891
85,18,160,2.901536226272583,2.9003336429595947,-0.0012025833129882812
85,19,160,2.509138345718384,2.509521007537842,0.0003826618194580078
86,0,160,3.4003193378448486,3.4001622200012207,-0.0001571178436279297
86,1,160,3.5231082439422607,3.523350238800049,0.00024199485778808594
86,2,160,3.4456706047058105,3.445876359939575,0.00020575523376464844
86,3,160,2.9898805618286133,2.9890151023864746,-0.0008654594421386719
86,4,160,2.8286845684051514,2.828294515609741,-0.00039005279541015625
86,5,160,3.330876111984253,3.3302574157714844,-0.0006186962127685547
86,6,160,3.3186895847320557,3.3160393238067627,-0.0026502609252929688
86,7,160,3.3405227661132812,3.3379733562469482,-0.002549409866333008
86,8,160,3.0452816486358643,3.04459547996521,-0.0006861686706542969
86,9,160,3.2668845653533936,3.266840934753418,-4.363059997558594e-05
86,10,160,3.485581874847412,3.487168312072754,0.0015864372253417969
86,11,160,3.124760150909424,3.1288957595825195,0.004135608673095703
86,12,160,3.3395965099334717,3.343820095062256,0.00422358512878418
86,13,160,3.8052568435668945,3.8034563064575195,-0.001800537109375
86,14,160,3.629495143890381,3.631390333175659,0.0018951892852783203
86,15,160,3.553333282470703,3.554067611694336,0.0007343292236328125
86,16,160,3.919603109359741,3.919463872909546,-0.0001392364501953125
86,17,160,3.5866575241088867,3.5844078063964844,-0.0022497177124023438
86,18,160,2.901536226272583,2.9002280235290527,-0.0013082027435302734
86,19,160,2.509138345718384,2.509526014328003,0.0003876686096191406
87,0,160,3.4003193378448486,3.400735378265381,0.00041604042053222656
87,1,160,3.5231082439422607,3.5233070850372314,0.00019884109497070312
87,2,160,3.4456706047058105,3.449899911880493,0.004229307174682617
87,3,160,2.9898805618286133,2.990671157836914,0.0007905960083007812
87,4,160,2.8286845684051514,2.830939292907715,0.0022547245025634766
87,5,160,3.330876111984253,3.334080457687378,0.003204345703125
87,6,160,3.3186895847320557,3.3180367946624756,-0.0006527900695800781
87,7,160,3.3405227661132812,3.3429312705993652,0.0024085044860839844
87,8,160,3.0452816486358643,3.0459375381469727,0.0006558895111083984
87,9,160,3.2668845653533936,3.268934965133667,0.0020503997802734375
87,10,160,3.485581874847412,3.487440824508667,0.0018589496612548828
87,11,160,3.124760150909424,3.130066394805908,0.005306243896484375
87,12,160,3.3395965099334717,3.3400685787200928,0.00047206878662109375
87,13,160,3.8052568435668945,3.804445505142212,-0.0008113384246826172
87,14,160,3.629495143890381,3.6312849521636963,0.0017898082733154297
87,15,160,3.553333282470703,3.554067611694336,0.0007343292236328125
87,16,160,3.919603109359741,3.9189579486846924,-0.0006451606750488281
87,17,160,3.5866575241088867,3.5871365070343018,0.00047898292541503906
87,18,160,2.901536226272583,2.9010820388793945,-0.00045418739318847656
87,19,160,2.509138345718384,2.5074760913848877,-0.0016622543334960938
88,0,160,3.4003193378448486,3.4011549949645996,0.0008356571197509766
88,1,160,3.5231082439422607,3.5227854251861572,-0.0003228187561035156
88,2,160,3.4456706047058105,3.44706130027771,0.001390695571899414
88,3,160,2.9898805618286133,2.9896180629730225,-0.0002624988555908203
88,4,160,2.8286845684051514,2.8288075923919678,0.00012302398681640625
88,5,160,3.330876111984253,3.330937147140503,6.103515625e-05
88,6,160,3.3186895847320557,3.317193031311035,-0.0014965534210205078
88,7,160,3.3405227661132812,3.3387742042541504,-0.0017485618591308594
88,8,160,3.0452816486358643,3.043403387069702,-0.0018782615661621094
88,9,160,3.2668845653533936,3.268584966659546,0.0017004013061523438
88,10,160,3.485581874847412,3.4861721992492676,0.0005903244018554688
88,11,160,3.124760150909424,3.127000331878662,0.0022401809692382812
88,12,160,3.3395965099334717,3.340503454208374,0.0009069442749023438
88,13,160,3.8052568435668945,3.8016858100891113,-0.003571033477783203
88,14,160,3.629495143890381,3.632115602493286,0.0026204586029052734
88,15,160,3.553333282470703,3.554365873336792,0.0010325908660888672
88,16,160,3.919603109359741,3.920354127883911,0.0007510185241699219
88,17,160,3.5866575241088867,3.587981700897217,0.0013241767883300781
88,18,160,2.901536226272583,2.9016857147216797,0.0001494884490966797
88,19,160,2.509138345718384,2.509742021560669,0.0006036758422851562
89,0,160,3.4003193378448486,3.4005775451660156,0.0002582073211669922
89,1,160,3.5231082439422607,3.524557113647461,0.0014488697052001953
89,2,160,3.4456706047058105,3.444807767868042,-0.0008628368377685547
89,3,160,2.9898805618286133,2.98832106590271,-0.0015594959259033203
89,4,160,2.8286845684051514,2.8265013694763184,-0.002183198928833008
89,5,160,3.330876111984253,3.3305752277374268,-0.0003008842468261719
89,6,160,3.3186895847320557,3.315507411956787,-0.0031821727752685547
89,7,160,3.3405227661132812,3.3393561840057373,-0.0011665821075439453
89,8,160,3.0452816486358643,3.0431909561157227,-0.0020906925201416016
89,9,160,3.2668845653533936,3.265345335006714,-0.0015392303466796875
89,10,160,3.485581874847412,3.4850432872772217,-0.0005385875701904297
89,11,160,3.124760150909424,3.1273365020751953,0.0025763511657714844
89,12,160,3.3395965099334717,3.3387651443481445,-0.0008313655853271484
89,13,160,3.8052568435668945,3.802100896835327,-0.003155946731567383
89,14,160,3.629495143890381,3.6331143379211426,0.0036191940307617188
89,15,160,3.553333282470703,3.553713321685791,0.0003800392150878906
89,16,160,3.919603109359741,3.921459674835205,0.0018565654754638672
89,17,160,3.5866575241088867,3.5879156589508057,0.0012581348419189453
89,18,160,2.901536226272583,2.900724172592163,-0.0008120536804199219
89,19,160,2.509138345718384,2.5086727142333984,-0.00046563148498535156
90,0,160,3.4003193378448486,3.4006032943725586,0.00028395652770996094
90,1,160,3.5231082439422607,3.5248172283172607,0.001708984375
90,2,160,3.4456706047058105,3.4447333812713623,-0.0009372234344482422
90,3,160,2.9898805618286133,2.990490198135376,0.0006096363067626953
90,4,160,2.8286845684051514,2.8273837566375732,-0.001300811767578125
90,5,160,3.330876111984253,3.3309412002563477,6.508827209472656e-05
90,6,160,3.3186895847320557,3.317185640335083,-0.0015039443969726562
90,7,160,3.3405227661132812,3.3391356468200684,-0.0013871192932128906
90,8,160,3.0452816486358643,3.0443918704986572,-0.0008897781372070312
90,9,160,3.2668845653533936,3.2672278881073,0.00034332275390625
90,10,160,3.485581874847412,3.485898733139038,0.00031685829162597656
90,11,160,3.124760150909424,3.127629041671753,0.0028688907623291016
90,12,160,3.3395965099334717,3.3403992652893066,0.0008027553558349609
90,13,160,3.8052568435668945,3.8024909496307373,-0.0027658939361572266
90,14,160,3.629495143890381,3.632297992706299,0.0028028488159179688
90,15,160,3.553333282470703,3.554058313369751,0.0007250308990478516
90,16,160,3.919603109359741,3.9201037883758545,0.0005006790161132812
90,17,160,3.5866575241088867,3.5876245498657227,0.0009670257568359375
90,18,160,2.901536226272583,2.9006433486938477,-0.0008928775787353516
90,19,160,2.509138345718384,2.5093228816986084,0.00018453598022460938
91,0,160,3.4003193378448486,3.4007296562194824,0.00041031837463378906
91,1,160,3.5231082439422607,3.523794412612915,0.0006861686706542969
91,2,160,3.4456706047058105,3.445476531982422,-0.00019407272338867188
91,3,160,2.9898805618286133,2.9883792400360107,-0.001501321792602539
91,4,160,2.8286845684051514,2.8282783031463623,-0.0004062652587890625
91,5,160,3.330876111984253,3.3319039344787598,0.001027822494506836
91,6,160,3.3186895847320557,3.314969539642334,-0.0037200450897216797
91,7,160,3.3405227661132812,3.3389105796813965,-0.0016121864318847656
91,8,160,3.0452816486358643,3.0455539226531982,0.0002722740173339844
91,9,160,3.2668845653533936,3.266843795776367,-4.076957702636719e-05
91,10,160,3.485581874847412,3.4857473373413086,0.00016546249389648438
91,11,160,3.124760150909424,3.1287479400634766,0.003987789154052734
91,12,160,3.3395965099334717,3.3403143882751465,0.0007178783416748047
91,13,160,3.8052568435668945,3.8035640716552734,-0.0016927719116210938
91,14,160,3.629495143890381,3.631131887435913,0.0016367435455322266
91,15,160,3.553333282470703,3.553662061691284,0.0003287792205810547
91,16,160,3.919603109359741,3.9192419052124023,-0.0003612041473388672
91,17,160,3.5866575241088867,3.5871448516845703,0.00048732757568359375
91,18,160,2.901536226272583,2.900982141494751,-0.0005540847778320312
91,19,160,2.509138345718384,2.5089616775512695,-0.0001766681671142578
92,0,160,3.4003193378448486,3.4002015590667725,-0.00011777877807617188
92,1,160,3.5231082439422607,3.523487091064453,0.0003788471221923828
92,2,160,3.4456706047058105,3.445246696472168,-0.0004239082336425781
92,3,160,2.9898805618286133,2.9895780086517334,-0.0003025531768798828
92,4,160,2.8286845684051514,2.828636407852173,-4.8160552978515625e-05
92,5,160,3.330876111984253,3.3297855854034424,-0.0010905265808105469
92,6,160,3.3186895847320557,3.317290782928467,-0.0013988018035888672
92,7,160,3.3405227661132812,3.337900161743164,-0.0026226043701171875
92,8,160,3.0452816486358643,3.044706344604492,-0.0005753040313720703
92,9,160,3.2668845653533936,3.2661075592041016,-0.0007770061492919922
92,10,160,3.485581874847412,3.4842183589935303,-0.001363515853881836
92,11,160,3.124760150909424,3.1260952949523926,0.00133514404296875
92,12,160,3.3395965099334717,3.3395817279815674,-1.4781951904296875e-05
92,13,160,3.8052568435668945,3.8038337230682373,-0.0014231204986572266
92,14,160,3.629495143890381,3.6316983699798584,0.002203226089477539
92,15,160,3.553333282470703,3.5534451007843018,0.00011181831359863281
92,16,160,3.919603109359741,3.9196269512176514,2.384185791015625e-05
92,17,160,3.5866575241088867,3.588461399078369,0.0018038749694824219
92,18,160,2.901536226272583,2.9001293182373047,-0.0014069080352783203
92,19,160,2.509138345718384,2.5078909397125244,-0.001247406005859375
93,0,160,3.4003193378448486,3.4001526832580566,-0.0001666545867919922
93,1,160,3.5231082439422607,3.5221030712127686,-0.0010051727294921875
93,2,160,3.4456706047058105,3.447817087173462,0.002146482467651367
93,3,160,2.9898805618286133,2.9895944595336914,-0.000286102294921875
93,4,160,2.8286845684051514,2.8276519775390625,-0.0010325908660888672
93,5,160,3.330876111984253,3.3307199478149414,-0.00015616416931152344
93,6,160,3.3186895847320557,3.317300319671631,-0.0013892650604248047
93,7,160,3.3405227661132812,3.3386409282684326,-0.0018818378448486328
93,8,160,3.0452816486358643,3.044618606567383,-0.0006630420684814453
93,9,160,3.2668845653533936,3.2673473358154297,0.0004627704620361328
93,10,160,3.485581874847412,3.4855904579162598,8.58306884765625e-06
93,11,160,3.124760150909424,3.1276049613952637,0.0028448104858398438
93,12,160,3.3395965099334717,3.338305950164795,-0.0012905597686767578
93,13,160,3.8052568435668945,3.80259370803833,-0.002663135528564453
93,14,160,3.629495143890381,3.6313107013702393,0.0018155574798583984
93,15,160,3.553333282470703,3.5548267364501953,0.0014934539794921875
93,16,160,3.919603109359741,3.9201982021331787,0.0005950927734375
93,17,160,3.5866575241088867,3.5838205814361572,-0.002836942672729492
93,18,160,2.901536226272583,2.901064395904541,-0.0004718303680419922
93,19,160,2.509138345718384,2.5089080333709717,-0.00023031234741210938
94,0,160,3.4003193378448486,3.4000470638275146,-0.0002722740173339844
94,1,160,3.5231082439422607,3.5229551792144775,-0.00015306472778320312
94,2,160,3.4456706047058105,3.4461629390716553,0.0004923343658447266
94,3,160,2.9898805618286133,2.989396333694458,-0.00048422813415527344
94,4,160,2.8286845684051514,2.8266701698303223,-0.0020143985748291016
94,5,160,3.330876111984253,3.3298208713531494,-0.0010552406311035156
94,6,160,3.3186895847320557,3.317140817642212,-0.00154876708984375
94,7,160,3.3405227661132812,3.338902235031128,-0.0016205310821533203
94,8,160,3.0452816486358643,3.0439939498901367,-0.001287698745727539
94,9,160,3.2668845653533936,3.2665035724639893,-0.0003809928894042969
94,10,160,3.485581874847412,3.484035015106201,-0.0015468597412109375
94,11,160,3.124760150909424,3.1254563331604004,0.0006961822509765625
94,12,160,3.3395965099334717,3.3388872146606445,-0.0007092952728271484
94,13,160,3.8052568435668945,3.802849292755127,-0.002407550811767578
94,14,160,3.629495143890381,3.6310513019561768,0.0015561580657958984
94,15,160,3.553333282470703,3.554086446762085,0.0007531642913818359
94,16,160,3.919603109359741,3.920198917388916,0.0005958080291748047
94,17,160,3.5866575241088867,3.587465286254883,0.0008077621459960938
94,18,160,2.901536226272583,2.900311231613159,-0.0012249946594238281
94,19,160,2.509138345718384,2.5068581104278564,-0.0022802352905273438
95,0,160,3.4003193378448486,3.399878740310669,-0.0004405975341796875
95,1,160,3.5231082439422607,3.5241942405700684,0.0010859966278076172
95,2,160,3.4456706047058105,3.4462363719940186,0.0005657672882080078
95,3,160,2.9898805618286133,2.990049123764038,0.0001685619354248047
95,4,160,2.8286845684051514,2.8265976905822754,-0.0020868778228759766
95,5,160,3.330876111984253,3.330922842025757,4.673004150390625e-05
95,6,160,3.3186895847320557,3.318185567855835,-0.0005040168762207031
95,7,160,3.3405227661132812,3.3386547565460205,-0.0018680095672607422
95,8,160,3.0452816486358643,3.0447142124176025,-0.0005674362182617188
95,9,160,3.2668845653533936,3.2667932510375977,-9.131431579589844e-05
95,10,160,3.485581874847412,3.4883084297180176,0.0027265548706054688
95,11,160,3.124760150909424,3.1276588439941406,0.002898693084716797
95,12,160,3.3395965099334717,3.338951587677002,-0.0006449222564697266
95,13,160,3.8052568435668945,3.803666114807129,-0.001590728759765625
95,14,160,3.629495143890381,3.630357265472412,0.00086212158203125
95,15,160,3.553333282470703,3.553170919418335,-0.00016236305236816406
95,16,160,3.919603109359741,3.9222590923309326,0.0026559829711914062
95,17,160,3.5866575241088867,3.5831658840179443,-0.003491640090942383
95,18,160,2.901536226272583,2.9009971618652344,-0.0005390644073486328
95,19,160,2.509138345718384,2.5091922283172607,5.3882598876953125e-05
96,0,160,3.4003193378448486,3.399803400039673,-0.0005159378051757812
96,1,160,3.5231082439422607,3.523975372314453,0.0008671283721923828
96,2,160,3.4456706047058105,3.446967840194702,0.0012972354888916016
96,3,160,2.9898805618286133,2.9903359413146973,0.0004553794860839844
96,4,160,2.8286845684051514,2.8273918628692627,-0.0012927055358886719
96,5,160,3.330876111984253,3.331160068511963,0.00028395652770996094
96,6,160,3.3186895847320557,3.3184947967529297,-0.00019478797912597656
96,7,160,3.3405227661132812,3.3394312858581543,-0.0010914802551269531
96,8,160,3.0452816486358643,3.0464022159576416,0.0011205673217773438
96,9,160,3.2668845653533936,3.266380786895752,-0.0005037784576416016
96,10,160,3.485581874847412,3.486445903778076,0.0008640289306640625
96,11,160,3.124760150909424,3.125103712081909,0.00034356117248535156
96,12,160,3.3395965099334717,3.338959217071533,-0.0006372928619384766
96,13,160,3.8052568435668945,3.804913282394409,-0.00034356117248535156
96,14,160,3.629495143890381,3.631601095199585,0.0021059513092041016
96,15,160,3.553333282470703,3.5543525218963623,0.0010192394256591797
96,16,160,3.919603109359741,3.9221019744873047,0.0024988651275634766
96,17,160,3.5866575241088867,3.588376760482788,0.0017192363739013672
96,18,160,2.901536226272583,2.901864767074585,0.0003285408020019531
96,19,160,2.509138345718384,2.507488965988159,-0.0016493797302246094
97,0,160,3.4003193378448486,3.399308681488037,-0.0010106563568115234
97,1,160,3.5231082439422607,3.522355556488037,-0.0007526874542236328
97,2,160,3.4456706047058105,3.447054862976074,0.0013842582702636719
97,3,160,2.9898805618286133,2.991365432739258,0.0014848709106445312
97,4,160,2.8286845684051514,2.827709436416626,-0.0009751319885253906
97,5,160,3.330876111984253,3.3314902782440186,0.000614166259765625
97,6,160,3.3186895847320557,3.317718744277954,-0.0009708404541015625
97,7,160,3.3405227661132812,3.341081380844116,0.0005586147308349609
97,8,160,3.0452816486358643,3.045466899871826,0.00018525123596191406
97,9,160,3.2668845653533936,3.2675766944885254,0.0006921291351318359
97,10,160,3.485581874847412,3.4861114025115967,0.0005295276641845703
97,11,160,3.124760150909424,3.1269302368164062,0.002170085906982422
97,12,160,3.3395965099334717,3.3393237590789795,-0.0002727508544921875
97,13,160,3.8052568435668945,3.8059260845184326,0.0006692409515380859
97,14,160,3.629495143890381,3.631700277328491,0.0022051334381103516
97,15,160,3.553333282470703,3.553640604019165,0.00030732154846191406
97,16,160,3.919603109359741,3.9215638637542725,0.00196075439453125
97,17,160,3.5866575241088867,3.589022636413574,0.0023651123046875
97,18,160,2.901536226272583,2.901615858078003,7.963180541992188e-05
97,19,160,2.509138345718384,2.508859395980835,-0.0002789497375488281
98,0,160,3.4003193378448486,3.4009711742401123,0.0006518363952636719
98,1,160,3.5231082439422607,3.5249977111816406,0.0018894672393798828
98,2,160,3.4456706047058105,3.4454610347747803,-0.00020956993103027344
98,3,160,2.9898805618286133,2.9882194995880127,-0.001661062240600586
98,4,160,2.8286845684051514,2.8278939723968506,-0.0007905960083007812
98,5,160,3.330876111984253,3.3305294513702393,-0.0003466606140136719
98,6,160,3.3186895847320557,3.317418336868286,-0.0012712478637695312
98,7,160,3.3405227661132812,3.338987350463867,-0.0015354156494140625
98,8,160,3.0452816486358643,3.0432727336883545,-0.0020089149475097656
98,9,160,3.2668845653533936,3.2662909030914307,-0.0005936622619628906
98,10,160,3.485581874847412,3.4845266342163086,-0.0010552406311035156
98,11,160,3.124760150909424,3.1283044815063477,0.003544330596923828
98,12,160,3.3395965099334717,3.339838743209839,0.0002422332763671875
98,13,160,3.8052568435668945,3.8037219047546387,-0.0015349388122558594
98,14,160,3.629495143890381,3.631556749343872,0.002061605453491211
98,15,160,3.553333282470703,3.554183006286621,0.0008497238159179688
98,16,160,3.919603109359741,3.920661687850952,0.0010585784912109375
98,17,160,3.5866575241088867,3.5887372493743896,0.0020797252655029297
98,18,160,2.901536226272583,2.904370069503784,0.002833843231201172
98,19,160,2.509138345718384,2.5076711177825928,-0.0014672279357910156
99,0,160,3.4003193378448486,3.4004476070404053,0.00012826919555664062
99,1,160,3.5231082439422607,3.5241003036499023,0.0009920597076416016
99,2,160,3.4456706047058105,3.4462008476257324,0.000530242919921875
99,3,160,2.9898805618286133,2.992140293121338,0.0022597312927246094
99,4,160,2.8286845684051514,2.8293397426605225,0.0006551742553710938
99,5,160,3.330876111984253,3.331240177154541,0.00036406517028808594
99,6,160,3.3186895847320557,3.3169939517974854,-0.0016956329345703125
99,7,160,3.3405227661132812,3.3379414081573486,-0.002581357955932617
99,8,160,3.0452816486358643,3.0432722568511963,-0.0020093917846679688
99,9,160,3.2668845653533936,3.266263961791992,-0.0006206035614013672
99,10,160,3.485581874847412,3.4859094619750977,0.0003275871276855469
99,11,160,3.124760150909424,3.1268577575683594,0.002097606658935547
99,12,160,3.3395965099334717,3.3387057781219482,-0.0008907318115234375
99,13,160,3.8052568435668945,3.8030688762664795,-0.002187967300415039
99,14,160,3.629495143890381,3.6320950984954834,0.002599954605102539
99,15,160,3.553333282470703,3.553541898727417,0.0002086162567138672
99,16,160,3.919603109359741,3.920722484588623,0.001119375228881836
99,17,160,3.5866575241088867,3.585040330886841,-0.0016171932220458984
99,18,160,2.901536226272583,2.900914430618286,-0.000621795654296875
99,19,160,2.509138345718384,2.507354736328125,-0.001783609390258789
