subset,query,n_removed,baseline_loss,filtered_loss,loss_change
0,0,160,3.4103550910949707,3.4107537269592285,0.0003986358642578125
0,1,160,3.5185890197753906,3.5180749893188477,-0.0005140304565429688
0,2,160,3.446538209915161,3.4471542835235596,0.0006160736083984375
0,3,160,3.004460334777832,3.0033507347106934,-0.0011096000671386719
0,4,160,2.8575258255004883,2.8554489612579346,-0.002076864242553711
0,5,160,3.3437559604644775,3.348576784133911,0.004820823669433594
0,6,160,3.317316770553589,3.3172061443328857,-0.000110626220703125
0,7,160,3.352456569671631,3.3535447120666504,0.0010881423950195312
0,8,160,3.0527563095092773,3.057354688644409,0.004598379135131836
0,9,160,3.27372407913208,3.2774393558502197,0.0037152767181396484
0,10,160,3.492663621902466,3.495668649673462,0.0030050277709960938
0,11,160,3.1037182807922363,3.1051487922668457,0.001430511474609375
0,12,160,3.32629656791687,3.325371026992798,-0.0009255409240722656
0,13,160,3.7979331016540527,3.7968904972076416,-0.0010426044464111328
0,14,160,3.6431386470794678,3.644810914993286,0.0016722679138183594
0,15,160,3.5606932640075684,3.5610954761505127,0.00040221214294433594
0,16,160,3.921846866607666,3.9204492568969727,-0.0013976097106933594
0,17,160,3.5332112312316895,3.5319528579711914,-0.0012583732604980469
0,18,160,2.913072347640991,2.9150664806365967,0.0019941329956054688
0,19,160,2.5383353233337402,2.536334753036499,-0.002000570297241211
1,0,160,3.4103550910949707,3.4112634658813477,0.0009083747863769531
1,1,160,3.5185890197753906,3.519824266433716,0.0012352466583251953
1,2,160,3.446538209915161,3.4469785690307617,0.00044035911560058594
1,3,160,3.004460334777832,2.9997611045837402,-0.004699230194091797
1,4,160,2.8575258255004883,2.857290506362915,-0.0002353191375732422
1,5,160,3.3437559604644775,3.3481924533843994,0.004436492919921875
1,6,160,3.317316770553589,3.317906618118286,0.0005898475646972656
1,7,160,3.352456569671631,3.3545196056365967,0.0020630359649658203
1,8,160,3.0527563095092773,3.05515718460083,0.0024008750915527344
1,9,160,3.27372407913208,3.2750015258789062,0.0012774467468261719
1,10,160,3.492663621902466,3.4963512420654297,0.003687620162963867
1,11,160,3.1037182807922363,3.1044921875,0.0007739067077636719
1,12,160,3.32629656791687,3.3355259895324707,0.009229421615600586
1,13,160,3.7979331016540527,3.795985698699951,-0.0019474029541015625
1,14,160,3.6431386470794678,3.646009922027588,0.002871274948120117
1,15,160,3.5606932640075684,3.560426950454712,-0.0002663135528564453
1,16,160,3.921846866607666,3.920501470565796,-0.0013453960418701172
1,17,160,3.5332112312316895,3.5304884910583496,-0.0027227401733398438
1,18,160,2.913072347640991,2.916140556335449,0.003068208694458008
1,19,160,2.5383353233337402,2.537165641784668,-0.0011696815490722656
2,0,160,3.4103550910949707,3.410801887512207,0.0004467964172363281
2,1,160,3.5185890197753906,3.5165226459503174,-0.002066373825073242
2,2,160,3.446538209915161,3.447373867034912,0.0008356571197509766
2,3,160,3.004460334777832,2.999178409576416,-0.005281925201416016
2,4,160,2.8575258255004883,2.856724977493286,-0.0008008480072021484
2,5,160,3.3437559604644775,3.3452799320220947,0.0015239715576171875
2,6,160,3.317316770553589,3.317568302154541,0.00025153160095214844
2,7,160,3.352456569671631,3.35274600982666,0.0002894401550292969
2,8,160,3.0527563095092773,3.0550763607025146,0.0023200511932373047
2,9,160,3.27372407913208,3.2740328311920166,0.00030875205993652344
2,10,160,3.492663621902466,3.492772340774536,0.0001087188720703125
2,11,160,3.1037182807922363,3.105970859527588,0.0022525787353515625
2,12,160,3.32629656791687,3.326831817626953,0.0005352497100830078
2,13,160,3.7979331016540527,3.7975125312805176,-0.00042057037353515625
2,14,160,3.6431386470794678,3.6479337215423584,0.004795074462890625
2,15,160,3.5606932640075684,3.5609631538391113,0.00026988983154296875
2,16,160,3.921846866607666,3.921420097351074,-0.0004267692565917969
2,17,160,3.5332112312316895,3.5317180156707764,-0.001493215560913086
2,18,160,2.913072347640991,2.915876865386963,0.0028045177459716797
2,19,160,2.5383353233337402,2.5373892784118652,-0.000946044921875
3,0,160,3.4103550910949707,3.408743143081665,-0.001611948013305664
3,1,160,3.5185890197753906,3.5193140506744385,0.0007250308990478516
3,2,160,3.446538209915161,3.4469146728515625,0.0003764629364013672
3,3,160,3.004460334777832,3.001239776611328,-0.0032205581665039062
3,4,160,2.8575258255004883,2.8573827743530273,-0.0001430511474609375
3,5,160,3.3437559604644775,3.3450281620025635,0.0012722015380859375
3,6,160,3.317316770553589,3.31748366355896,0.00016689300537109375
3,7,160,3.352456569671631,3.352757692337036,0.00030112266540527344
3,8,160,3.0527563095092773,3.0551228523254395,0.0023665428161621094
3,9,160,3.27372407913208,3.2762227058410645,0.002498626708984375
3,10,160,3.492663621902466,3.494865894317627,0.002202272415161133
3,11,160,3.1037182807922363,3.1030495166778564,-0.0006687641143798828
3,12,160,3.32629656791687,3.326582431793213,0.00028586387634277344
3,13,160,3.7979331016540527,3.7965099811553955,-0.0014231204986572266
3,14,160,3.6431386470794678,3.647742509841919,0.004603862762451172
3,15,160,3.5606932640075684,3.560516595840454,-0.0001766681671142578
3,16,160,3.921846866607666,3.9234354496002197,0.001588582992553711
3,17,160,3.5332112312316895,3.530303478240967,-0.0029077529907226562
3,18,160,2.913072347640991,2.915278673171997,0.0022063255310058594
3,19,160,2.5383353233337402,2.5367817878723145,-0.0015535354614257812
4,0,160,3.4103550910949707,3.4126157760620117,0.0022606849670410156
4,1,160,3.5185890197753906,3.516705274581909,-0.0018837451934814453
4,2,160,3.446538209915161,3.4455690383911133,-0.0009691715240478516
4,3,160,3.004460334777832,3.0021300315856934,-0.002330303192138672
4,4,160,2.8575258255004883,2.8554534912109375,-0.0020723342895507812
4,5,160,3.3437559604644775,3.3461148738861084,0.0023589134216308594
4,6,160,3.317316770553589,3.31714129447937,-0.00017547607421875
4,7,160,3.352456569671631,3.3529438972473145,0.00048732757568359375
4,8,160,3.0527563095092773,3.0537919998168945,0.0010356903076171875
4,9,160,3.27372407913208,3.2764153480529785,0.0026912689208984375
4,10,160,3.492663621902466,3.4958691596984863,0.003205537796020508
4,11,160,3.1037182807922363,3.1043102741241455,0.0005919933319091797
4,12,160,3.32629656791687,3.337688446044922,0.011391878128051758
4,13,160,3.7979331016540527,3.7985057830810547,0.0005726814270019531
4,14,160,3.6431386470794678,3.6460161209106445,0.002877473831176758
4,15,160,3.5606932640075684,3.560117244720459,-0.000576019287109375
4,16,160,3.921846866607666,3.918764352798462,-0.0030825138092041016
4,17,160,3.5332112312316895,3.5310187339782715,-0.0021924972534179688
4,18,160,2.913072347640991,2.9148643016815186,0.0017919540405273438
4,19,160,2.5383353233337402,2.539011001586914,0.0006756782531738281
5,0,160,3.4103550910949707,3.4120888710021973,0.0017337799072265625
5,1,160,3.5185890197753906,3.5187180042266846,0.0001289844512939453
5,2,160,3.446538209915161,3.443647623062134,-0.0028905868530273438
5,3,160,3.004460334777832,2.9981529712677,-0.006307363510131836
5,4,160,2.8575258255004883,2.8584699630737305,0.0009441375732421875
5,5,160,3.3437559604644775,3.343838691711426,8.273124694824219e-05
5,6,160,3.317316770553589,3.3165032863616943,-0.0008134841918945312
5,7,160,3.352456569671631,3.355485677719116,0.0030291080474853516
5,8,160,3.0527563095092773,3.054269313812256,0.0015130043029785156
5,9,160,3.27372407913208,3.2761805057525635,0.0024564266204833984
5,10,160,3.492663621902466,3.4952032566070557,0.0025396347045898438
5,11,160,3.1037182807922363,3.103851556777954,0.00013327598571777344
5,12,160,3.32629656791687,3.324709415435791,-0.0015871524810791016
5,13,160,3.7979331016540527,3.797567844390869,-0.00036525726318359375
5,14,160,3.6431386470794678,3.6477293968200684,0.004590749740600586
5,15,160,3.5606932640075684,3.5619428157806396,0.001249551773071289
5,16,160,3.921846866607666,3.919802188873291,-0.002044677734375
5,17,160,3.5332112312316895,3.531841278076172,-0.0013699531555175781
5,18,160,2.913072347640991,2.9165470600128174,0.003474712371826172
5,19,160,2.5383353233337402,2.5398752689361572,0.0015399456024169922
6,0,160,3.4103550910949707,3.410337209701538,-1.7881393432617188e-05
6,1,160,3.5185890197753906,3.518448829650879,-0.00014019012451171875
6,2,160,3.446538209915161,3.4426052570343018,-0.003932952880859375
6,3,160,3.004460334777832,3.000397205352783,-0.004063129425048828
6,4,160,2.8575258255004883,2.8564460277557373,-0.0010797977447509766
6,5,160,3.3437559604644775,3.3418033123016357,-0.0019526481628417969
6,6,160,3.317316770553589,3.3149468898773193,-0.0023698806762695312
6,7,160,3.352456569671631,3.3532378673553467,0.0007812976837158203
6,8,160,3.0527563095092773,3.055239200592041,0.002482891082763672
6,9,160,3.27372407913208,3.271449565887451,-0.0022745132446289062
6,10,160,3.492663621902466,3.4928717613220215,0.00020813941955566406
6,11,160,3.1037182807922363,3.1026222705841064,-0.0010960102081298828
6,12,160,3.32629656791687,3.325774908065796,-0.0005216598510742188
6,13,160,3.7979331016540527,3.797638416290283,-0.00029468536376953125
6,14,160,3.6431386470794678,3.6481499671936035,0.005011320114135742
6,15,160,3.5606932640075684,3.5585920810699463,-0.0021011829376220703
6,16,160,3.921846866607666,3.920546293258667,-0.0013005733489990234
6,17,160,3.5332112312316895,3.531907081604004,-0.0013041496276855469
6,18,160,2.913072347640991,2.912665367126465,-0.0004069805145263672
6,19,160,2.5383353233337402,2.537562370300293,-0.0007729530334472656
7,0,160,3.4103550910949707,3.410817861557007,0.0004627704620361328
7,1,160,3.5185890197753906,3.5186498165130615,6.079673767089844e-05
7,2,160,3.446538209915161,3.4450418949127197,-0.0014963150024414062
7,3,160,3.004460334777832,3.000364303588867,-0.004096031188964844
7,4,160,2.8575258255004883,2.858053684234619,0.0005278587341308594
7,5,160,3.3437559604644775,3.344372510910034,0.0006165504455566406
7,6,160,3.317316770553589,3.31864070892334,0.0013239383697509766
7,7,160,3.352456569671631,3.3533947467803955,0.0009381771087646484
7,8,160,3.0527563095092773,3.054706335067749,0.0019500255584716797
7,9,160,3.27372407913208,3.274141550064087,0.00041747093200683594
7,10,160,3.492663621902466,3.495007276535034,0.0023436546325683594
7,11,160,3.1037182807922363,3.102531671524048,-0.0011866092681884766
7,12,160,3.32629656791687,3.3254923820495605,-0.0008041858673095703
7,13,160,3.7979331016540527,3.7978765964508057,-5.650520324707031e-05
7,14,160,3.6431386470794678,3.6465940475463867,0.0034554004669189453
7,15,160,3.5606932640075684,3.561333656311035,0.0006403923034667969
7,16,160,3.921846866607666,3.9215168952941895,-0.0003299713134765625
7,17,160,3.5332112312316895,3.531951427459717,-0.0012598037719726562
7,18,160,2.913072347640991,2.915369987487793,0.002297639846801758
7,19,160,2.5383353233337402,2.5397024154663086,0.0013670921325683594
8,0,160,3.4103550910949707,3.4091169834136963,-0.001238107681274414
8,1,160,3.5185890197753906,3.515341281890869,-0.0032477378845214844
8,2,160,3.446538209915161,3.445695161819458,-0.000843048095703125
8,3,160,3.004460334777832,3.002882719039917,-0.001577615737915039
8,4,160,2.8575258255004883,2.858400583267212,0.0008747577667236328
8,5,160,3.3437559604644775,3.345717191696167,0.001961231231689453
8,6,160,3.317316770553589,3.316699743270874,-0.0006170272827148438
8,7,160,3.352456569671631,3.3519227504730225,-0.0005338191986083984
8,8,160,3.0527563095092773,3.0535776615142822,0.0008213520050048828
8,9,160,3.27372407913208,3.27494740486145,0.0012233257293701172
8,10,160,3.492663621902466,3.4941320419311523,0.0014684200286865234
8,11,160,3.1037182807922363,3.108661651611328,0.004943370819091797
8,12,160,3.32629656791687,3.3251121044158936,-0.0011844635009765625
8,13,160,3.7979331016540527,3.79569149017334,-0.0022416114807128906
8,14,160,3.6431386470794678,3.6465160846710205,0.0033774375915527344
8,15,160,3.5606932640075684,3.561004638671875,0.0003113746643066406
8,16,160,3.921846866607666,3.919933319091797,-0.0019135475158691406
8,17,160,3.5332112312316895,3.5319714546203613,-0.001239776611328125
8,18,160,2.913072347640991,2.9142649173736572,0.0011925697326660156
8,19,160,2.5383353233337402,2.5387189388275146,0.00038361549377441406
9,0,160,3.4103550910949707,3.4100682735443115,-0.0002868175506591797
9,1,160,3.5185890197753906,3.516728162765503,-0.0018608570098876953
9,2,160,3.446538209915161,3.447010040283203,0.0004718303680419922
9,3,160,3.004460334777832,2.998775005340576,-0.005685329437255859
9,4,160,2.8575258255004883,2.856412887573242,-0.0011129379272460938
9,5,160,3.3437559604644775,3.3440916538238525,0.000335693359375
9,6,160,3.317316770553589,3.3161957263946533,-0.0011210441589355469
9,7,160,3.352456569671631,3.3523664474487305,-9.012222290039062e-05
9,8,160,3.0527563095092773,3.0543947219848633,0.0016384124755859375
9,9,160,3.27372407913208,3.274625301361084,0.0009012222290039062
9,10,160,3.492663621902466,3.494861125946045,0.0021975040435791016
9,11,160,3.1037182807922363,3.1047284603118896,0.0010101795196533203
9,12,160,3.32629656791687,3.325712203979492,-0.0005843639373779297
9,13,160,3.7979331016540527,3.7988338470458984,0.0009007453918457031
9,14,160,3.6431386470794678,3.646641969680786,0.0035033226013183594
9,15,160,3.5606932640075684,3.559366226196289,-0.0013270378112792969
9,16,160,3.921846866607666,3.9205586910247803,-0.0012881755828857422
9,17,160,3.5332112312316895,3.531944513320923,-0.0012667179107666016
9,18,160,2.913072347640991,2.9144530296325684,0.0013806819915771484
9,19,160,2.5383353233337402,2.535475492477417,-0.002859830856323242
10,0,160,3.4103550910949707,3.411789894104004,0.0014348030090332031
10,1,160,3.5185890197753906,3.5183510780334473,-0.00023794174194335938
10,2,160,3.446538209915161,3.445817232131958,-0.000720977783203125
10,3,160,3.004460334777832,3.001878261566162,-0.002582073211669922
10,4,160,2.8575258255004883,2.8578264713287354,0.0003006458282470703
10,5,160,3.3437559604644775,3.3461191654205322,0.0023632049560546875
10,6,160,3.317316770553589,3.314387798309326,-0.0029289722442626953
10,7,160,3.352456569671631,3.3541178703308105,0.0016613006591796875
10,8,160,3.0527563095092773,3.055173635482788,0.002417325973510742
10,9,160,3.27372407913208,3.2776129245758057,0.003888845443725586
10,10,160,3.492663621902466,3.4939064979553223,0.0012428760528564453
10,11,160,3.1037182807922363,3.103627920150757,-9.036064147949219e-05
10,12,160,3.32629656791687,3.3258557319641113,-0.00044083595275878906
10,13,160,3.7979331016540527,3.7966558933258057,-0.0012772083282470703
10,14,160,3.6431386470794678,3.6456778049468994,0.0025391578674316406
10,15,160,3.5606932640075684,3.560887336730957,0.00019407272338867188
10,16,160,3.921846866607666,3.9199864864349365,-0.0018603801727294922
10,17,160,3.5332112312316895,3.530071496963501,-0.0031397342681884766
10,18,160,2.913072347640991,2.916759490966797,0.003687143325805664
10,19,160,2.5383353233337402,2.539680004119873,0.0013446807861328125
11,0,160,3.4103550910949707,3.4114608764648438,0.0011057853698730469
11,1,160,3.5185890197753906,3.518724203109741,0.00013518333435058594
11,2,160,3.446538209915161,3.4480977058410645,0.0015594959259033203
11,3,160,3.004460334777832,3.0000197887420654,-0.0044405460357666016
11,4,160,2.8575258255004883,2.856621265411377,-0.0009045600891113281
11,5,160,3.3437559604644775,3.344897747039795,0.0011417865753173828
11,6,160,3.317316770553589,3.3182497024536133,0.0009329319000244141
11,7,160,3.352456569671631,3.3516225814819336,-0.0008339881896972656
11,8,160,3.0527563095092773,3.0558598041534424,0.003103494644165039
11,9,160,3.27372407913208,3.2727434635162354,-0.0009806156158447266
11,10,160,3.492663621902466,3.495279312133789,0.002615690231323242
11,11,160,3.1037182807922363,3.1041712760925293,0.00045299530029296875
11,12,160,3.32629656791687,3.3243422508239746,-0.001954317092895508
11,13,160,3.7979331016540527,3.799306869506836,0.0013737678527832031
11,14,160,3.6431386470794678,3.6458897590637207,0.0027511119842529297
11,15,160,3.5606932640075684,3.561248779296875,0.0005555152893066406
11,16,160,3.921846866607666,3.9205219745635986,-0.0013248920440673828
11,17,160,3.5332112312316895,3.5340402126312256,0.0008289813995361328
11,18,160,2.913072347640991,2.9153923988342285,0.0023200511932373047
11,19,160,2.5383353233337402,2.536576747894287,-0.001758575439453125
12,0,160,3.4103550910949707,3.4089763164520264,-0.001378774642944336
12,1,160,3.5185890197753906,3.519118309020996,0.0005292892456054688
12,2,160,3.446538209915161,3.444472312927246,-0.002065896987915039
12,3,160,3.004460334777832,3.0002667903900146,-0.004193544387817383
12,4,160,2.8575258255004883,2.8568437099456787,-0.0006821155548095703
12,5,160,3.3437559604644775,3.347586154937744,0.0038301944732666016
12,6,160,3.317316770553589,3.3164196014404297,-0.0008971691131591797
12,7,160,3.352456569671631,3.352107286453247,-0.00034928321838378906
12,8,160,3.0527563095092773,3.0555026531219482,0.0027463436126708984
12,9,160,3.27372407913208,3.2756357192993164,0.0019116401672363281
12,10,160,3.492663621902466,3.4947147369384766,0.002051115036010742
12,11,160,3.1037182807922363,3.103303909301758,-0.0004143714904785156
12,12,160,3.32629656791687,3.327254056930542,0.000957489013671875
12,13,160,3.7979331016540527,3.798203945159912,0.000270843505859375
12,14,160,3.6431386470794678,3.6472694873809814,0.004130840301513672
12,15,160,3.5606932640075684,3.561790943145752,0.0010976791381835938
12,16,160,3.921846866607666,3.9241113662719727,0.0022644996643066406
12,17,160,3.5332112312316895,3.5311572551727295,-0.002053976058959961
12,18,160,2.913072347640991,2.9161322116851807,0.003059864044189453
12,19,160,2.5383353233337402,2.5388431549072266,0.0005078315734863281
13,0,160,3.4103550910949707,3.4106414318084717,0.00028634071350097656
13,1,160,3.5185890197753906,3.519083023071289,0.0004940032958984375
13,2,160,3.446538209915161,3.4434893131256104,-0.0030488967895507812
13,3,160,3.004460334777832,2.9993369579315186,-0.0051233768463134766
13,4,160,2.8575258255004883,2.856027841567993,-0.0014979839324951172
13,5,160,3.3437559604644775,3.3423426151275635,-0.0014133453369140625
13,6,160,3.317316770553589,3.3177013397216797,0.0003845691680908203
13,7,160,3.352456569671631,3.3539834022521973,0.0015268325805664062
13,8,160,3.0527563095092773,3.0538742542266846,0.0011179447174072266
13,9,160,3.27372407913208,3.272470712661743,-0.001253366470336914
13,10,160,3.492663621902466,3.4915664196014404,-0.0010972023010253906
13,11,160,3.1037182807922363,3.1044135093688965,0.0006952285766601562
13,12,160,3.32629656791687,3.324697971343994,-0.0015985965728759766
13,13,160,3.7979331016540527,3.7968974113464355,-0.0010356903076171875
13,14,160,3.6431386470794678,3.6446244716644287,0.0014858245849609375
13,15,160,3.5606932640075684,3.559633255004883,-0.0010600090026855469
13,16,160,3.921846866607666,3.920785903930664,-0.0010609626770019531
13,17,160,3.5332112312316895,3.531165838241577,-0.0020453929901123047
13,18,160,2.913072347640991,2.914513111114502,0.0014407634735107422
13,19,160,2.5383353233337402,2.5401246547698975,0.0017893314361572266
14,0,160,3.4103550910949707,3.408961296081543,-0.0013937950134277344
14,1,160,3.5185890197753906,3.5172736644744873,-0.0013153553009033203
14,2,160,3.446538209915161,3.450157642364502,0.0036194324493408203
14,3,160,3.004460334777832,3.0060441493988037,0.0015838146209716797
14,4,160,2.8575258255004883,2.8589072227478027,0.0013813972473144531
14,5,160,3.3437559604644775,3.349519968032837,0.005764007568359375
14,6,160,3.317316770553589,3.3180816173553467,0.0007648468017578125
14,7,160,3.352456569671631,3.355526924133301,0.003070354461669922
14,8,160,3.0527563095092773,3.0590004920959473,0.006244182586669922
14,9,160,3.27372407913208,3.2777822017669678,0.004058122634887695
14,10,160,3.492663621902466,3.500070571899414,0.007406949996948242
14,11,160,3.1037182807922363,3.1020138263702393,-0.0017044544219970703
14,12,160,3.32629656791687,3.3247740268707275,-0.0015225410461425781
14,13,160,3.7979331016540527,3.796172618865967,-0.0017604827880859375
14,14,160,3.6431386470794678,3.6482350826263428,0.005096435546875
14,15,160,3.5606932640075684,3.5599803924560547,-0.0007128715515136719
14,16,160,3.921846866607666,3.9208688735961914,-0.0009779930114746094
14,17,160,3.5332112312316895,3.53106427192688,-0.0021469593048095703
14,18,160,2.913072347640991,2.9161412715911865,0.0030689239501953125
14,19,160,2.5383353233337402,2.5386908054351807,0.0003554821014404297
15,0,160,3.4103550910949707,3.4111530780792236,0.0007979869842529297
15,1,160,3.5185890197753906,3.5168159008026123,-0.0017731189727783203
15,2,160,3.446538209915161,3.4457082748413086,-0.0008299350738525391
15,3,160,3.004460334777832,2.9997451305389404,-0.0047152042388916016
15,4,160,2.8575258255004883,2.85713791847229,-0.0003879070281982422
15,5,160,3.3437559604644775,3.3501601219177246,0.00640416145324707
15,6,160,3.317316770553589,3.317131519317627,-0.00018525123596191406
15,7,160,3.352456569671631,3.3553831577301025,0.0029265880584716797
15,8,160,3.0527563095092773,3.054753065109253,0.001996755599975586
15,9,160,3.27372407913208,3.2758047580718994,0.002080678939819336
15,10,160,3.492663621902466,3.495903730392456,0.0032401084899902344
15,11,160,3.1037182807922363,3.104435443878174,0.0007171630859375
15,12,160,3.32629656791687,3.324247360229492,-0.0020492076873779297
15,13,160,3.7979331016540527,3.7977328300476074,-0.0002002716064453125
15,14,160,3.6431386470794678,3.6457762718200684,0.002637624740600586
15,15,160,3.5606932640075684,3.5627663135528564,0.002073049545288086
15,16,160,3.921846866607666,3.9225144386291504,0.000667572021484375
15,17,160,3.5332112312316895,3.531817674636841,-0.0013935565948486328
15,18,160,2.913072347640991,2.914746046066284,0.0016736984252929688
15,19,160,2.5383353233337402,2.53879976272583,0.00046443939208984375
16,0,160,3.4103550910949707,3.4090301990509033,-0.0013248920440673828
16,1,160,3.5185890197753906,3.5187394618988037,0.00015044212341308594
16,2,160,3.446538209915161,3.4468884468078613,0.0003502368927001953
16,3,160,3.004460334777832,3.0003058910369873,-0.0041544437408447266
16,4,160,2.8575258255004883,2.8577933311462402,0.0002675056457519531
16,5,160,3.3437559604644775,3.3475000858306885,0.0037441253662109375
16,6,160,3.317316770553589,3.3170430660247803,-0.00027370452880859375
16,7,160,3.352456569671631,3.352602005004883,0.00014543533325195312
16,8,160,3.0527563095092773,3.0554802417755127,0.0027239322662353516
16,9,160,3.27372407913208,3.2752604484558105,0.0015363693237304688
16,10,160,3.492663621902466,3.494140386581421,0.0014767646789550781
16,11,160,3.1037182807922363,3.103123188018799,-0.0005950927734375
16,12,160,3.32629656791687,3.336137056350708,0.00984048843383789
16,13,160,3.7979331016540527,3.79608416557312,-0.0018489360809326172
16,14,160,3.6431386470794678,3.645911931991577,0.002773284912109375
16,15,160,3.5606932640075684,3.5611932277679443,0.0004999637603759766
16,16,160,3.921846866607666,3.9211106300354004,-0.000736236572265625
16,17,160,3.5332112312316895,3.530498743057251,-0.0027124881744384766
16,18,160,2.913072347640991,2.91481351852417,0.001741170883178711
16,19,160,2.5383353233337402,2.5382094383239746,-0.000125885009765625
17,0,160,3.4103550910949707,3.410749673843384,0.00039458274841308594
17,1,160,3.5185890197753906,3.519052267074585,0.00046324729919433594
17,2,160,3.446538209915161,3.446364641189575,-0.0001735687255859375
17,3,160,3.004460334777832,2.999816417694092,-0.004643917083740234
17,4,160,2.8575258255004883,2.8586313724517822,0.0011055469512939453
17,5,160,3.3437559604644775,3.34662127494812,0.002865314483642578
17,6,160,3.317316770553589,3.318415403366089,0.0010986328125
17,7,160,3.352456569671631,3.3517611026763916,-0.0006954669952392578
17,8,160,3.0527563095092773,3.0545654296875,0.0018091201782226562
17,9,160,3.27372407913208,3.2774336338043213,0.003709554672241211
17,10,160,3.492663621902466,3.4945833683013916,0.0019197463989257812
17,11,160,3.1037182807922363,3.101829767227173,-0.0018885135650634766
17,12,160,3.32629656791687,3.3269360065460205,0.0006394386291503906
17,13,160,3.7979331016540527,3.79765248298645,-0.00028061866760253906
17,14,160,3.6431386470794678,3.6470682621002197,0.003929615020751953
17,15,160,3.5606932640075684,3.5597007274627686,-0.0009925365447998047
17,16,160,3.921846866607666,3.919970750808716,-0.0018761157989501953
17,17,160,3.5332112312316895,3.532562017440796,-0.0006492137908935547
17,18,160,2.913072347640991,2.9165165424346924,0.003444194793701172
17,19,160,2.5383353233337402,2.5368707180023193,-0.0014646053314208984
18,0,160,3.4103550910949707,3.4146010875701904,0.0042459964752197266
18,1,160,3.5185890197753906,3.5234527587890625,0.004863739013671875
18,2,160,3.446538209915161,3.446830987930298,0.00029277801513671875
18,3,160,3.004460334777832,2.9991869926452637,-0.005273342132568359
18,4,160,2.8575258255004883,2.8575315475463867,5.7220458984375e-06
18,5,160,3.3437559604644775,3.3474457263946533,0.0036897659301757812
18,6,160,3.317316770553589,3.3184714317321777,0.0011546611785888672
18,7,160,3.352456569671631,3.354639768600464,0.002183198928833008
18,8,160,3.0527563095092773,3.0565905570983887,0.003834247589111328
18,9,160,3.27372407913208,3.2739360332489014,0.00021195411682128906
18,10,160,3.492663621902466,3.495594024658203,0.0029304027557373047
18,11,160,3.1037182807922363,3.1056013107299805,0.0018830299377441406
18,12,160,3.32629656791687,3.325801372528076,-0.0004951953887939453
18,13,160,3.7979331016540527,3.7985363006591797,0.0006031990051269531
18,14,160,3.6431386470794678,3.6455962657928467,0.0024576187133789062
18,15,160,3.5606932640075684,3.561211585998535,0.0005183219909667969
18,16,160,3.921846866607666,3.9196276664733887,-0.0022192001342773438
18,17,160,3.5332112312316895,3.530872344970703,-0.002338886260986328
18,18,160,2.913072347640991,2.9153549671173096,0.0022826194763183594
18,19,160,2.5383353233337402,2.538828134536743,0.0004928112030029297
19,0,160,3.4103550910949707,3.409658670425415,-0.0006964206695556641
19,1,160,3.5185890197753906,3.5175013542175293,-0.0010876655578613281
19,2,160,3.446538209915161,3.4474236965179443,0.0008854866027832031
19,3,160,3.004460334777832,3.0003910064697266,-0.004069328308105469
19,4,160,2.8575258255004883,2.8563430309295654,-0.0011827945709228516
19,5,160,3.3437559604644775,3.3455777168273926,0.001821756362915039
19,6,160,3.317316770553589,3.3147566318511963,-0.002560138702392578
19,7,160,3.352456569671631,3.3516902923583984,-0.0007662773132324219
19,8,160,3.0527563095092773,3.055187225341797,0.0024309158325195312
19,9,160,3.27372407913208,3.2752881050109863,0.00156402587890625
19,10,160,3.492663621902466,3.495823860168457,0.003160238265991211
19,11,160,3.1037182807922363,3.105350971221924,0.0016326904296875
19,12,160,3.32629656791687,3.324338674545288,-0.0019578933715820312
19,13,160,3.7979331016540527,3.797288656234741,-0.0006444454193115234
19,14,160,3.6431386470794678,3.646742582321167,0.0036039352416992188
19,15,160,3.5606932640075684,3.559222936630249,-0.001470327377319336
19,16,160,3.921846866607666,3.921020746231079,-0.0008261203765869141
19,17,160,3.5332112312316895,3.5314860343933105,-0.0017251968383789062
19,18,160,2.913072347640991,2.91654634475708,0.003473997116088867
19,19,160,2.5383353233337402,2.5370099544525146,-0.001325368881225586
20,0,160,3.4103550910949707,3.4107766151428223,0.0004215240478515625
20,1,160,3.5185890197753906,3.5182223320007324,-0.0003666877746582031
20,2,160,3.446538209915161,3.4478812217712402,0.0013430118560791016
20,3,160,3.004460334777832,2.9992451667785645,-0.005215167999267578
20,4,160,2.8575258255004883,2.858039140701294,0.0005133152008056641
20,5,160,3.3437559604644775,3.345427989959717,0.0016720294952392578
20,6,160,3.317316770553589,3.315636396408081,-0.0016803741455078125
20,7,160,3.352456569671631,3.351848602294922,-0.0006079673767089844
20,8,160,3.0527563095092773,3.053544521331787,0.0007882118225097656
20,9,160,3.27372407913208,3.27780818939209,0.004084110260009766
20,10,160,3.492663621902466,3.493502140045166,0.0008385181427001953
20,11,160,3.1037182807922363,3.104052782058716,0.0003345012664794922
20,12,160,3.32629656791687,3.3277463912963867,0.0014498233795166016
20,13,160,3.7979331016540527,3.797795534133911,-0.00013756752014160156
20,14,160,3.6431386470794678,3.6448795795440674,0.0017409324645996094
20,15,160,3.5606932640075684,3.5606513023376465,-4.1961669921875e-05
20,16,160,3.921846866607666,3.920022964477539,-0.0018239021301269531
20,17,160,3.5332112312316895,3.5330350399017334,-0.0001761913299560547
20,18,160,2.913072347640991,2.915466070175171,0.0023937225341796875
20,19,160,2.5383353233337402,2.5376923084259033,-0.0006430149078369141
21,0,160,3.4103550910949707,3.4117918014526367,0.0014367103576660156
21,1,160,3.5185890197753906,3.5180790424346924,-0.0005099773406982422
21,2,160,3.446538209915161,3.4454126358032227,-0.0011255741119384766
21,3,160,3.004460334777832,3.0001630783081055,-0.0042972564697265625
21,4,160,2.8575258255004883,2.855154514312744,-0.0023713111877441406
21,5,160,3.3437559604644775,3.3460350036621094,0.002279043197631836
21,6,160,3.317316770553589,3.31673002243042,-0.0005867481231689453
21,7,160,3.352456569671631,3.3532302379608154,0.0007736682891845703
21,8,160,3.0527563095092773,3.0551912784576416,0.002434968948364258
21,9,160,3.27372407913208,3.275899887084961,0.0021758079528808594
21,10,160,3.492663621902466,3.494969129562378,0.0023055076599121094
21,11,160,3.1037182807922363,3.1045291423797607,0.0008108615875244141
21,12,160,3.32629656791687,3.3270130157470703,0.0007164478302001953
21,13,160,3.7979331016540527,3.7961931228637695,-0.0017399787902832031
21,14,160,3.6431386470794678,3.6459572315216064,0.002818584442138672
21,15,160,3.5606932640075684,3.559129476547241,-0.0015637874603271484
21,16,160,3.921846866607666,3.9201982021331787,-0.0016486644744873047
21,17,160,3.5332112312316895,3.5315756797790527,-0.0016355514526367188
21,18,160,2.913072347640991,2.9185197353363037,0.0054473876953125
21,19,160,2.5383353233337402,2.540846586227417,0.002511262893676758
22,0,160,3.4103550910949707,3.4103634357452393,8.344650268554688e-06
22,1,160,3.5185890197753906,3.5182414054870605,-0.0003476142883300781
22,2,160,3.446538209915161,3.4468953609466553,0.0003571510314941406
22,3,160,3.004460334777832,3.0010876655578613,-0.003372669219970703
22,4,160,2.8575258255004883,2.8572728633880615,-0.0002529621124267578
22,5,160,3.3437559604644775,3.347323417663574,0.0035674571990966797
22,6,160,3.317316770553589,3.3168070316314697,-0.0005097389221191406
22,7,160,3.352456569671631,3.35223126411438,-0.00022530555725097656
22,8,160,3.0527563095092773,3.0541775226593018,0.001421213150024414
22,9,160,3.27372407913208,3.2742433547973633,0.0005192756652832031
22,10,160,3.492663621902466,3.4943296909332275,0.0016660690307617188
22,11,160,3.1037182807922363,3.1031947135925293,-0.0005235671997070312
22,12,160,3.32629656791687,3.324773073196411,-0.0015234947204589844
22,13,160,3.7979331016540527,3.795637607574463,-0.0022954940795898438
22,14,160,3.6431386470794678,3.6461284160614014,0.0029897689819335938
22,15,160,3.5606932640075684,3.560668706893921,-2.4557113647460938e-05
22,16,160,3.921846866607666,3.9205782413482666,-0.001268625259399414
22,17,160,3.5332112312316895,3.533493995666504,0.0002827644348144531
22,18,160,2.913072347640991,2.9146955013275146,0.0016231536865234375
22,19,160,2.5383353233337402,2.5391030311584473,0.0007677078247070312
23,0,160,3.4103550910949707,3.4102094173431396,-0.0001456737518310547
23,1,160,3.5185890197753906,3.5195679664611816,0.0009789466857910156
23,2,160,3.446538209915161,3.4428813457489014,-0.0036568641662597656
23,3,160,3.004460334777832,2.99580454826355,-0.008655786514282227
23,4,160,2.8575258255004883,2.8577778339385986,0.00025200843811035156
23,5,160,3.3437559604644775,3.344480276107788,0.0007243156433105469
23,6,160,3.317316770553589,3.3163764476776123,-0.0009403228759765625
23,7,160,3.352456569671631,3.354353904724121,0.0018973350524902344
23,8,160,3.0527563095092773,3.0547854900360107,0.0020291805267333984
23,9,160,3.27372407913208,3.2726988792419434,-0.0010251998901367188
23,10,160,3.492663621902466,3.4932639598846436,0.0006003379821777344
23,11,160,3.1037182807922363,3.1018850803375244,-0.001833200454711914
23,12,160,3.32629656791687,3.3244752883911133,-0.001821279525756836
23,13,160,3.7979331016540527,3.797708511352539,-0.00022459030151367188
23,14,160,3.6431386470794678,3.6448328495025635,0.0016942024230957031
23,15,160,3.5606932640075684,3.5604703426361084,-0.00022292137145996094
23,16,160,3.921846866607666,3.9202849864959717,-0.001561880111694336
23,17,160,3.5332112312316895,3.5322701930999756,-0.0009410381317138672
23,18,160,2.913072347640991,2.914020299911499,0.0009479522705078125
23,19,160,2.5383353233337402,2.543642282485962,0.00530695915222168
24,0,160,3.4103550910949707,3.413036346435547,0.002681255340576172
24,1,160,3.5185890197753906,3.5190322399139404,0.0004432201385498047
24,2,160,3.446538209915161,3.448228120803833,0.001689910888671875
24,3,160,3.004460334777832,2.9995415210723877,-0.004918813705444336
24,4,160,2.8575258255004883,2.855356216430664,-0.0021696090698242188
24,5,160,3.3437559604644775,3.3451616764068604,0.0014057159423828125
24,6,160,3.317316770553589,3.3152263164520264,-0.0020904541015625
24,7,160,3.352456569671631,3.3533480167388916,0.0008914470672607422
24,8,160,3.0527563095092773,3.056687355041504,0.0039310455322265625
24,9,160,3.27372407913208,3.2749524116516113,0.00122833251953125
24,10,160,3.492663621902466,3.4946441650390625,0.0019805431365966797
24,11,160,3.1037182807922363,3.103029727935791,-0.0006885528564453125
24,12,160,3.32629656791687,3.3255672454833984,-0.0007293224334716797
24,13,160,3.7979331016540527,3.7972960472106934,-0.000637054443359375
24,14,160,3.6431386470794678,3.64644455909729,0.0033059120178222656
24,15,160,3.5606932640075684,3.56158185005188,0.0008885860443115234
24,16,160,3.921846866607666,3.918776750564575,-0.0030701160430908203
24,17,160,3.5332112312316895,3.5306243896484375,-0.002586841583251953
24,18,160,2.913072347640991,2.9156556129455566,0.0025832653045654297
24,19,160,2.5383353233337402,2.5404391288757324,0.0021038055419921875
25,0,160,3.4103550910949707,3.410236120223999,-0.00011897087097167969
25,1,160,3.5185890197753906,3.5157337188720703,-0.0028553009033203125
25,2,160,3.446538209915161,3.445767879486084,-0.0007703304290771484
25,3,160,3.004460334777832,3.0032434463500977,-0.001216888427734375
25,4,160,2.8575258255004883,2.857985258102417,0.00045943260192871094
25,5,160,3.3437559604644775,3.3470094203948975,0.003253459930419922
25,6,160,3.317316770553589,3.3187451362609863,0.001428365707397461
25,7,160,3.352456569671631,3.354626417160034,0.0021698474884033203
25,8,160,3.0527563095092773,3.056337594985962,0.0035812854766845703
25,9,160,3.27372407913208,3.275538682937622,0.0018146038055419922
25,10,160,3.492663621902466,3.496617317199707,0.003953695297241211
25,11,160,3.1037182807922363,3.1043097972869873,0.0005915164947509766
25,12,160,3.32629656791687,3.3230109214782715,-0.003285646438598633
25,13,160,3.7979331016540527,3.7977256774902344,-0.00020742416381835938
25,14,160,3.6431386470794678,3.644876003265381,0.001737356185913086
25,15,160,3.5606932640075684,3.5582847595214844,-0.0024085044860839844
25,16,160,3.921846866607666,3.9209883213043213,-0.0008585453033447266
25,17,160,3.5332112312316895,3.534093141555786,0.0008819103240966797
25,18,160,2.913072347640991,2.9159371852874756,0.002864837646484375
25,19,160,2.5383353233337402,2.5381720066070557,-0.0001633167266845703
26,0,160,3.4103550910949707,3.4087073802948,-0.0016477108001708984
26,1,160,3.5185890197753906,3.518157958984375,-0.000431060791015625
26,2,160,3.446538209915161,3.4460830688476562,-0.0004551410675048828
26,3,160,3.004460334777832,3.0013015270233154,-0.0031588077545166016
26,4,160,2.8575258255004883,2.8557913303375244,-0.0017344951629638672
26,5,160,3.3437559604644775,3.346928596496582,0.003172636032104492
26,6,160,3.317316770553589,3.318782091140747,0.0014653205871582031
26,7,160,3.352456569671631,3.3524065017700195,-5.0067901611328125e-05
26,8,160,3.0527563095092773,3.0545153617858887,0.0017590522766113281
26,9,160,3.27372407913208,3.277224540710449,0.0035004615783691406
26,10,160,3.492663621902466,3.4966039657592773,0.0039403438568115234
26,11,160,3.1037182807922363,3.101490020751953,-0.002228260040283203
26,12,160,3.32629656791687,3.326777935028076,0.0004813671112060547
26,13,160,3.7979331016540527,3.795788049697876,-0.002145051956176758
26,14,160,3.6431386470794678,3.6482815742492676,0.005142927169799805
26,15,160,3.5606932640075684,3.5597097873687744,-0.0009834766387939453
26,16,160,3.921846866607666,3.9197468757629395,-0.0020999908447265625
26,17,160,3.5332112312316895,3.5317211151123047,-0.0014901161193847656
26,18,160,2.913072347640991,2.9153945446014404,0.0023221969604492188
26,19,160,2.5383353233337402,2.536625385284424,-0.0017099380493164062
27,0,160,3.4103550910949707,3.410144805908203,-0.00021028518676757812
27,1,160,3.5185890197753906,3.5199854373931885,0.0013964176177978516
27,2,160,3.446538209915161,3.4455714225769043,-0.0009667873382568359
27,3,160,3.004460334777832,3.0003724098205566,-0.004087924957275391
27,4,160,2.8575258255004883,2.8558552265167236,-0.0016705989837646484
27,5,160,3.3437559604644775,3.344879150390625,0.001123189926147461
27,6,160,3.317316770553589,3.315340280532837,-0.001976490020751953
27,7,160,3.352456569671631,3.352170705795288,-0.00028586387634277344
27,8,160,3.0527563095092773,3.05492901802063,0.002172708511352539
27,9,160,3.27372407913208,3.2736761569976807,-4.792213439941406e-05
27,10,160,3.492663621902466,3.493745803833008,0.0010821819305419922
27,11,160,3.1037182807922363,3.103236436843872,-0.0004818439483642578
27,12,160,3.32629656791687,3.325554609298706,-0.0007419586181640625
27,13,160,3.7979331016540527,3.7963576316833496,-0.001575469970703125
27,14,160,3.6431386470794678,3.645789861679077,0.002651214599609375
27,15,160,3.5606932640075684,3.559814214706421,-0.0008790493011474609
27,16,160,3.921846866607666,3.918623924255371,-0.003222942352294922
27,17,160,3.5332112312316895,3.5335004329681396,0.0002892017364501953
27,18,160,2.913072347640991,2.914726495742798,0.0016541481018066406
27,19,160,2.5383353233337402,2.537776470184326,-0.0005588531494140625
28,0,160,3.4103550910949707,3.4124248027801514,0.002069711685180664
28,1,160,3.5185890197753906,3.518423318862915,-0.00016570091247558594
28,2,160,3.446538209915161,3.4440104961395264,-0.0025277137756347656
28,3,160,3.004460334777832,2.9995598793029785,-0.004900455474853516
28,4,160,2.8575258255004883,2.8545138835906982,-0.003011941909790039
28,5,160,3.3437559604644775,3.342179298400879,-0.0015766620635986328
28,6,160,3.317316770553589,3.315565586090088,-0.0017511844635009766
28,7,160,3.352456569671631,3.35322904586792,0.0007724761962890625
28,8,160,3.0527563095092773,3.0559303760528564,0.0031740665435791016
28,9,160,3.27372407913208,3.274923086166382,0.0011990070343017578
28,10,160,3.492663621902466,3.4931325912475586,0.00046896934509277344
28,11,160,3.1037182807922363,3.1030025482177734,-0.0007157325744628906
28,12,160,3.32629656791687,3.3246889114379883,-0.001607656478881836
28,13,160,3.7979331016540527,3.7976465225219727,-0.0002865791320800781
28,14,160,3.6431386470794678,3.646880626678467,0.0037419795989990234
28,15,160,3.5606932640075684,3.559375524520874,-0.001317739486694336
28,16,160,3.921846866607666,3.920963764190674,-0.0008831024169921875
28,17,160,3.5332112312316895,3.532193899154663,-0.0010173320770263672
28,18,160,2.913072347640991,2.915623426437378,0.0025510787963867188
28,19,160,2.5383353233337402,2.5398826599121094,0.0015473365783691406
29,0,160,3.4103550910949707,3.409855365753174,-0.000499725341796875
29,1,160,3.5185890197753906,3.516813278198242,-0.0017757415771484375
29,2,160,3.446538209915161,3.4446053504943848,-0.0019328594207763672
29,3,160,3.004460334777832,2.9992172718048096,-0.005243062973022461
29,4,160,2.8575258255004883,2.8581464290618896,0.0006206035614013672
29,5,160,3.3437559604644775,3.3422958850860596,-0.0014600753784179688
29,6,160,3.317316770553589,3.3165743350982666,-0.0007424354553222656
29,7,160,3.352456569671631,3.3536784648895264,0.0012218952178955078
29,8,160,3.0527563095092773,3.053509473800659,0.0007531642913818359
29,9,160,3.27372407913208,3.273811101913452,8.702278137207031e-05
29,10,160,3.492663621902466,3.4932262897491455,0.0005626678466796875
29,11,160,3.1037182807922363,3.104335308074951,0.0006170272827148438
29,12,160,3.32629656791687,3.324817419052124,-0.0014791488647460938
29,13,160,3.7979331016540527,3.7970080375671387,-0.0009250640869140625
29,14,160,3.6431386470794678,3.64538311958313,0.0022444725036621094
29,15,160,3.5606932640075684,3.559049129486084,-0.001644134521484375
29,16,160,3.921846866607666,3.9204657077789307,-0.0013811588287353516
29,17,160,3.5332112312316895,3.530921459197998,-0.0022897720336914062
29,18,160,2.913072347640991,2.914090394973755,0.0010180473327636719
29,19,160,2.5383353233337402,2.53969144821167,0.0013561248779296875
30,0,160,3.4103550910949707,3.409515857696533,-0.0008392333984375
30,1,160,3.5185890197753906,3.5165514945983887,-0.002037525177001953
30,2,160,3.446538209915161,3.4458699226379395,-0.0006682872772216797
30,3,160,3.004460334777832,3.001640796661377,-0.002819538116455078
30,4,160,2.8575258255004883,2.858579397201538,0.0010535717010498047
30,5,160,3.3437559604644775,3.3464293479919434,0.0026733875274658203
30,6,160,3.317316770553589,3.3177614212036133,0.00044465065002441406
30,7,160,3.352456569671631,3.353834867477417,0.0013782978057861328
30,8,160,3.0527563095092773,3.0539870262145996,0.0012307167053222656
30,9,160,3.27372407913208,3.2738423347473145,0.000118255615234375
30,10,160,3.492663621902466,3.495706081390381,0.003042459487915039
30,11,160,3.1037182807922363,3.1009907722473145,-0.002727508544921875
30,12,160,3.32629656791687,3.3254880905151367,-0.0008084774017333984
30,13,160,3.7979331016540527,3.7969653606414795,-0.0009677410125732422
30,14,160,3.6431386470794678,3.6451406478881836,0.0020020008087158203
30,15,160,3.5606932640075684,3.561079740524292,0.0003864765167236328
30,16,160,3.921846866607666,3.9218432903289795,-3.5762786865234375e-06
30,17,160,3.5332112312316895,3.5352954864501953,0.0020842552185058594
30,18,160,2.913072347640991,2.917728900909424,0.004656553268432617
30,19,160,2.5383353233337402,2.5375547409057617,-0.0007805824279785156
31,0,160,3.4103550910949707,3.4101722240448,-0.00018286705017089844
31,1,160,3.5185890197753906,3.518859386444092,0.0002703666687011719
31,2,160,3.446538209915161,3.4464285373687744,-0.00010967254638671875
31,3,160,3.004460334777832,3.002513885498047,-0.0019464492797851562
31,4,160,2.8575258255004883,2.8587534427642822,0.0012276172637939453
31,5,160,3.3437559604644775,3.344845771789551,0.0010898113250732422
31,6,160,3.317316770553589,3.316927671432495,-0.00038909912109375
31,7,160,3.352456569671631,3.3542401790618896,0.001783609390258789
31,8,160,3.0527563095092773,3.054889678955078,0.0021333694458007812
31,9,160,3.27372407913208,3.2747995853424072,0.0010755062103271484
31,10,160,3.492663621902466,3.495515823364258,0.002852201461791992
31,11,160,3.1037182807922363,3.1035544872283936,-0.00016379356384277344
31,12,160,3.32629656791687,3.3261499404907227,-0.00014662742614746094
31,13,160,3.7979331016540527,3.796759843826294,-0.001173257827758789
31,14,160,3.6431386470794678,3.646493673324585,0.0033550262451171875
31,15,160,3.5606932640075684,3.560636043548584,-5.7220458984375e-05
31,16,160,3.921846866607666,3.9189558029174805,-0.002891063690185547
31,17,160,3.5332112312316895,3.5306167602539062,-0.002594470977783203
31,18,160,2.913072347640991,2.914773464202881,0.0017011165618896484
31,19,160,2.5383353233337402,2.537562847137451,-0.0007724761962890625
32,0,160,3.4103550910949707,3.4128260612487793,0.0024709701538085938
32,1,160,3.5185890197753906,3.520789861679077,0.0022008419036865234
32,2,160,3.446538209915161,3.4441635608673096,-0.0023746490478515625
32,3,160,3.004460334777832,3.001642942428589,-0.002817392349243164
32,4,160,2.8575258255004883,2.8571932315826416,-0.0003325939178466797
32,5,160,3.3437559604644775,3.3451600074768066,0.0014040470123291016
32,6,160,3.317316770553589,3.3163816928863525,-0.0009350776672363281
32,7,160,3.352456569671631,3.353288173675537,0.00083160400390625
32,8,160,3.0527563095092773,3.053755760192871,0.00099945068359375
32,9,160,3.27372407913208,3.2749886512756348,0.0012645721435546875
32,10,160,3.492663621902466,3.493478536605835,0.0008149147033691406
32,11,160,3.1037182807922363,3.1045167446136475,0.0007984638214111328
32,12,160,3.32629656791687,3.3246822357177734,-0.0016143321990966797
32,13,160,3.7979331016540527,3.7971351146698,-0.0007979869842529297
32,14,160,3.6431386470794678,3.6468496322631836,0.0037109851837158203
32,15,160,3.5606932640075684,3.558788537979126,-0.0019047260284423828
32,16,160,3.921846866607666,3.9202327728271484,-0.0016140937805175781
32,17,160,3.5332112312316895,3.5311825275421143,-0.0020287036895751953
32,18,160,2.913072347640991,2.9147274494171143,0.0016551017761230469
32,19,160,2.5383353233337402,2.538674831390381,0.000339508056640625
33,0,160,3.4103550910949707,3.4128315448760986,0.0024764537811279297
33,1,160,3.5185890197753906,3.5184507369995117,-0.00013828277587890625
33,2,160,3.446538209915161,3.4452013969421387,-0.001336812973022461
33,3,160,3.004460334777832,3.0014054775238037,-0.0030548572540283203
33,4,160,2.8575258255004883,2.8566970825195312,-0.0008287429809570312
33,5,160,3.3437559604644775,3.3464560508728027,0.0027000904083251953
33,6,160,3.317316770553589,3.318307399749756,0.0009906291961669922
33,7,160,3.352456569671631,3.353245496749878,0.0007889270782470703
33,8,160,3.0527563095092773,3.056251287460327,0.0034949779510498047
33,9,160,3.27372407913208,3.274498701095581,0.0007746219635009766
33,10,160,3.492663621902466,3.4959018230438232,0.003238201141357422
33,11,160,3.1037182807922363,3.102614641189575,-0.0011036396026611328
33,12,160,3.32629656791687,3.324627161026001,-0.0016694068908691406
33,13,160,3.7979331016540527,3.7989301681518555,0.0009970664978027344
33,14,160,3.6431386470794678,3.6458537578582764,0.0027151107788085938
33,15,160,3.5606932640075684,3.561190605163574,0.0004973411560058594
33,16,160,3.921846866607666,3.92156720161438,-0.0002796649932861328
33,17,160,3.5332112312316895,3.532437324523926,-0.0007739067077636719
33,18,160,2.913072347640991,2.9160585403442383,0.0029861927032470703
33,19,160,2.5383353233337402,2.541417360305786,0.0030820369720458984
34,0,160,3.4103550910949707,3.4106504917144775,0.00029540061950683594
34,1,160,3.5185890197753906,3.5189592838287354,0.00037026405334472656
34,2,160,3.446538209915161,3.445012331008911,-0.00152587890625
34,3,160,3.004460334777832,3.001068115234375,-0.0033922195434570312
34,4,160,2.8575258255004883,2.8564953804016113,-0.0010304450988769531
34,5,160,3.3437559604644775,3.345808506011963,0.0020525455474853516
34,6,160,3.317316770553589,3.3175230026245117,0.00020623207092285156
34,7,160,3.352456569671631,3.3538198471069336,0.0013632774353027344
34,8,160,3.0527563095092773,3.0549581050872803,0.0022017955780029297
34,9,160,3.27372407913208,3.275367021560669,0.0016429424285888672
34,10,160,3.492663621902466,3.494441509246826,0.0017778873443603516
34,11,160,3.1037182807922363,3.103243589401245,-0.00047469139099121094
34,12,160,3.32629656791687,3.3242368698120117,-0.0020596981048583984
34,13,160,3.7979331016540527,3.79699969291687,-0.0009334087371826172
34,14,160,3.6431386470794678,3.6479930877685547,0.004854440689086914
34,15,160,3.5606932640075684,3.5620250701904297,0.0013318061828613281
34,16,160,3.921846866607666,3.919823169708252,-0.0020236968994140625
34,17,160,3.5332112312316895,3.5321991443634033,-0.0010120868682861328
34,18,160,2.913072347640991,2.9158318042755127,0.0027594566345214844
34,19,160,2.5383353233337402,2.5377767086029053,-0.0005586147308349609
35,0,160,3.4103550910949707,3.411672353744507,0.0013172626495361328
35,1,160,3.5185890197753906,3.5175445079803467,-0.0010445117950439453
35,2,160,3.446538209915161,3.4459848403930664,-0.0005533695220947266
35,3,160,3.004460334777832,3.000480890274048,-0.00397944450378418
35,4,160,2.8575258255004883,2.8576953411102295,0.00016951560974121094
35,5,160,3.3437559604644775,3.345188617706299,0.001432657241821289
35,6,160,3.317316770553589,3.318188190460205,0.0008714199066162109
35,7,160,3.352456569671631,3.353414535522461,0.0009579658508300781
35,8,160,3.0527563095092773,3.0577802658081055,0.005023956298828125
35,9,160,3.27372407913208,3.2741730213165283,0.0004489421844482422
35,10,160,3.492663621902466,3.4951446056365967,0.0024809837341308594
35,11,160,3.1037182807922363,3.1023926734924316,-0.0013256072998046875
35,12,160,3.32629656791687,3.3264217376708984,0.0001251697540283203
35,13,160,3.7979331016540527,3.7972216606140137,-0.0007114410400390625
35,14,160,3.6431386470794678,3.647453784942627,0.00431513786315918
35,15,160,3.5606932640075684,3.5608890056610107,0.0001957416534423828
35,16,160,3.921846866607666,3.9225287437438965,0.0006818771362304688
35,17,160,3.5332112312316895,3.533771514892578,0.0005602836608886719
35,18,160,2.913072347640991,2.9165258407592773,0.003453493118286133
35,19,160,2.5383353233337402,2.537764549255371,-0.0005707740783691406
36,0,160,3.4103550910949707,3.4112749099731445,0.0009198188781738281
36,1,160,3.5185890197753906,3.520430564880371,0.0018415451049804688
36,2,160,3.446538209915161,3.4456558227539062,-0.0008823871612548828
36,3,160,3.004460334777832,2.9991977214813232,-0.005262613296508789
36,4,160,2.8575258255004883,2.8570010662078857,-0.0005247592926025391
36,5,160,3.3437559604644775,3.347360849380493,0.003604888916015625
36,6,160,3.317316770553589,3.3158552646636963,-0.0014615058898925781
36,7,160,3.352456569671631,3.351123332977295,-0.0013332366943359375
36,8,160,3.0527563095092773,3.0539724826812744,0.0012161731719970703
36,9,160,3.27372407913208,3.273846387863159,0.00012230873107910156
36,10,160,3.492663621902466,3.4952497482299805,0.0025861263275146484
36,11,160,3.1037182807922363,3.1048495769500732,0.001131296157836914
36,12,160,3.32629656791687,3.32547926902771,-0.0008172988891601562
36,13,160,3.7979331016540527,3.798342227935791,0.00040912628173828125
36,14,160,3.6431386470794678,3.6471593379974365,0.00402069091796875
36,15,160,3.5606932640075684,3.5598926544189453,-0.0008006095886230469
36,16,160,3.921846866607666,3.9205210208892822,-0.001325845718383789
36,17,160,3.5332112312316895,3.532522678375244,-0.0006885528564453125
36,18,160,2.913072347640991,2.9149959087371826,0.0019235610961914062
36,19,160,2.5383353233337402,2.540466070175171,0.002130746841430664
37,0,160,3.4103550910949707,3.4120938777923584,0.0017387866973876953
37,1,160,3.5185890197753906,3.517268180847168,-0.0013208389282226562
37,2,160,3.446538209915161,3.4440624713897705,-0.002475738525390625
37,3,160,3.004460334777832,3.001427173614502,-0.003033161163330078
37,4,160,2.8575258255004883,2.8567304611206055,-0.0007953643798828125
37,5,160,3.3437559604644775,3.3445651531219482,0.0008091926574707031
37,6,160,3.317316770553589,3.317652940750122,0.0003361701965332031
37,7,160,3.352456569671631,3.351594924926758,-0.0008616447448730469
37,8,160,3.0527563095092773,3.0540287494659424,0.001272439956665039
37,9,160,3.27372407913208,3.2741739749908447,0.00044989585876464844
37,10,160,3.492663621902466,3.496359348297119,0.0036957263946533203
37,11,160,3.1037182807922363,3.103025197982788,-0.0006930828094482422
37,12,160,3.32629656791687,3.3253443241119385,-0.0009522438049316406
37,13,160,3.7979331016540527,3.7951393127441406,-0.0027937889099121094
37,14,160,3.6431386470794678,3.64717698097229,0.004038333892822266
37,15,160,3.5606932640075684,3.5617005825042725,0.0010073184967041016
37,16,160,3.921846866607666,3.9208428859710693,-0.0010039806365966797
37,17,160,3.5332112312316895,3.5323257446289062,-0.0008854866027832031
37,18,160,2.913072347640991,2.9160780906677246,0.0030057430267333984
37,19,160,2.5383353233337402,2.5384950637817383,0.00015974044799804688
38,0,160,3.4103550910949707,3.4111199378967285,0.0007648468017578125
38,1,160,3.5185890197753906,3.5199472904205322,0.0013582706451416016
38,2,160,3.446538209915161,3.448716402053833,0.002178192138671875
38,3,160,3.004460334777832,3.0031278133392334,-0.0013325214385986328
38,4,160,2.8575258255004883,2.859964609146118,0.002438783645629883
38,5,160,3.3437559604644775,3.347593307495117,0.0038373470306396484
38,6,160,3.317316770553589,3.320201873779297,0.002885103225708008
38,7,160,3.352456569671631,3.3569512367248535,0.004494667053222656
38,8,160,3.0527563095092773,3.056627035140991,0.003870725631713867
38,9,160,3.27372407913208,3.27595853805542,0.0022344589233398438
38,10,160,3.492663621902466,3.4979474544525146,0.005283832550048828
38,11,160,3.1037182807922363,3.106013536453247,0.002295255661010742
38,12,160,3.32629656791687,3.347395181655884,0.021098613739013672
38,13,160,3.7979331016540527,3.796339988708496,-0.0015931129455566406
38,14,160,3.6431386470794678,3.646378993988037,0.003240346908569336
38,15,160,3.5606932640075684,3.5603678226470947,-0.0003254413604736328
38,16,160,3.921846866607666,3.9229230880737305,0.0010762214660644531
38,17,160,3.5332112312316895,3.5341672897338867,0.0009560585021972656
38,18,160,2.913072347640991,2.9152348041534424,0.002162456512451172
38,19,160,2.5383353233337402,2.536832809448242,-0.0015025138854980469
39,0,160,3.4103550910949707,3.4091176986694336,-0.0012373924255371094
39,1,160,3.5185890197753906,3.518420696258545,-0.00016832351684570312
39,2,160,3.446538209915161,3.4483373165130615,0.0017991065979003906
39,3,160,3.004460334777832,3.0022854804992676,-0.002174854278564453
39,4,160,2.8575258255004883,2.8554956912994385,-0.0020301342010498047
39,5,160,3.3437559604644775,3.3485794067382812,0.004823446273803711
39,6,160,3.317316770553589,3.3191511631011963,0.0018343925476074219
39,7,160,3.352456569671631,3.3530113697052,0.0005548000335693359
39,8,160,3.0527563095092773,3.056297779083252,0.0035414695739746094
39,9,160,3.27372407913208,3.277757167816162,0.004033088684082031
39,10,160,3.492663621902466,3.4955637454986572,0.0029001235961914062
39,11,160,3.1037182807922363,3.1038408279418945,0.00012254714965820312
39,12,160,3.32629656791687,3.3256568908691406,-0.0006396770477294922
39,13,160,3.7979331016540527,3.798652410507202,0.0007193088531494141
39,14,160,3.6431386470794678,3.6455295085906982,0.0023908615112304688
39,15,160,3.5606932640075684,3.5591166019439697,-0.0015766620635986328
39,16,160,3.921846866607666,3.91848087310791,-0.0033659934997558594
39,17,160,3.5332112312316895,3.531183958053589,-0.002027273178100586
39,18,160,2.913072347640991,2.913010358810425,-6.198883056640625e-05
39,19,160,2.5383353233337402,2.5379998683929443,-0.00033545494079589844
40,0,160,3.4103550910949707,3.4110195636749268,0.0006644725799560547
40,1,160,3.5185890197753906,3.5188190937042236,0.0002300739288330078
40,2,160,3.446538209915161,3.4437031745910645,-0.0028350353240966797
40,3,160,3.004460334777832,3.000016450881958,-0.0044438838958740234
40,4,160,2.8575258255004883,2.8565659523010254,-0.0009598731994628906
40,5,160,3.3437559604644775,3.3462085723876953,0.0024526119232177734
40,6,160,3.317316770553589,3.315751314163208,-0.0015654563903808594
40,7,160,3.352456569671631,3.353168249130249,0.0007116794586181641
40,8,160,3.0527563095092773,3.0547149181365967,0.001958608627319336
40,9,160,3.27372407913208,3.2761547565460205,0.0024306774139404297
40,10,160,3.492663621902466,3.4949629306793213,0.0022993087768554688
40,11,160,3.1037182807922363,3.1050474643707275,0.001329183578491211
40,12,160,3.32629656791687,3.3351781368255615,0.008881568908691406
40,13,160,3.7979331016540527,3.7963969707489014,-0.0015361309051513672
40,14,160,3.6431386470794678,3.646576166152954,0.003437519073486328
40,15,160,3.5606932640075684,3.561366319656372,0.0006730556488037109
40,16,160,3.921846866607666,3.9205305576324463,-0.0013163089752197266
40,17,160,3.5332112312316895,3.5301103591918945,-0.003100872039794922
40,18,160,2.913072347640991,2.9144182205200195,0.0013458728790283203
40,19,160,2.5383353233337402,2.5389044284820557,0.0005691051483154297
41,0,160,3.4103550910949707,3.411755084991455,0.001399993896484375
41,1,160,3.5185890197753906,3.5195343494415283,0.0009453296661376953
41,2,160,3.446538209915161,3.446726083755493,0.00018787384033203125
41,3,160,3.004460334777832,2.9985697269439697,-0.005890607833862305
41,4,160,2.8575258255004883,2.8568999767303467,-0.0006258487701416016
41,5,160,3.3437559604644775,3.344980478286743,0.001224517822265625
41,6,160,3.317316770553589,3.3165273666381836,-0.0007894039154052734
41,7,160,3.352456569671631,3.351454496383667,-0.0010020732879638672
41,8,160,3.0527563095092773,3.054659128189087,0.0019028186798095703
41,9,160,3.27372407913208,3.2763006687164307,0.002576589584350586
41,10,160,3.492663621902466,3.4941282272338867,0.0014646053314208984
41,11,160,3.1037182807922363,3.105541944503784,0.0018236637115478516
41,12,160,3.32629656791687,3.324937105178833,-0.0013594627380371094
41,13,160,3.7979331016540527,3.7969281673431396,-0.001004934310913086
41,14,160,3.6431386470794678,3.646139621734619,0.003000974655151367
41,15,160,3.5606932640075684,3.5593159198760986,-0.0013773441314697266
41,16,160,3.921846866607666,3.921123504638672,-0.0007233619689941406
41,17,160,3.5332112312316895,3.5301859378814697,-0.0030252933502197266
41,18,160,2.913072347640991,2.914224147796631,0.0011518001556396484
41,19,160,2.5383353233337402,2.5372726917266846,-0.001062631607055664
42,0,160,3.4103550910949707,3.4108469486236572,0.0004918575286865234
42,1,160,3.5185890197753906,3.518117666244507,-0.00047135353088378906
42,2,160,3.446538209915161,3.4478447437286377,0.0013065338134765625
42,3,160,3.004460334777832,3.0026309490203857,-0.001829385757446289
42,4,160,2.8575258255004883,2.857107162475586,-0.00041866302490234375
42,5,160,3.3437559604644775,3.346954107284546,0.0031981468200683594
42,6,160,3.317316770553589,3.3197884559631348,0.0024716854095458984
42,7,160,3.352456569671631,3.3590309619903564,0.006574392318725586
42,8,160,3.0527563095092773,3.0569329261779785,0.004176616668701172
42,9,160,3.27372407913208,3.2770166397094727,0.003292560577392578
42,10,160,3.492663621902466,3.498246908187866,0.005583286285400391
42,11,160,3.1037182807922363,3.1032369136810303,-0.0004813671112060547
42,12,160,3.32629656791687,3.3254635334014893,-0.0008330345153808594
42,13,160,3.7979331016540527,3.79760479927063,-0.00032830238342285156
42,14,160,3.6431386470794678,3.6460139751434326,0.0028753280639648438
42,15,160,3.5606932640075684,3.562650203704834,0.001956939697265625
42,16,160,3.921846866607666,3.9225738048553467,0.0007269382476806641
42,17,160,3.5332112312316895,3.533871650695801,0.0006604194641113281
42,18,160,2.913072347640991,2.9175214767456055,0.004449129104614258
42,19,160,2.5383353233337402,2.53965425491333,0.0013189315795898438
43,0,160,3.4103550910949707,3.411378860473633,0.0010237693786621094
43,1,160,3.5185890197753906,3.517594575881958,-0.0009944438934326172
43,2,160,3.446538209915161,3.444361448287964,-0.0021767616271972656
43,3,160,3.004460334777832,2.99980092048645,-0.004659414291381836
43,4,160,2.8575258255004883,2.8570590019226074,-0.0004668235778808594
43,5,160,3.3437559604644775,3.345372200012207,0.0016162395477294922
43,6,160,3.317316770553589,3.315610408782959,-0.0017063617706298828
43,7,160,3.352456569671631,3.3525772094726562,0.00012063980102539062
43,8,160,3.0527563095092773,3.0549378395080566,0.002181529998779297
43,9,160,3.27372407913208,3.2722184658050537,-0.0015056133270263672
43,10,160,3.492663621902466,3.495922803878784,0.0032591819763183594
43,11,160,3.1037182807922363,3.1049625873565674,0.0012443065643310547
43,12,160,3.32629656791687,3.324017286300659,-0.0022792816162109375
43,13,160,3.7979331016540527,3.799499273300171,0.001566171646118164
43,14,160,3.6431386470794678,3.6471266746520996,0.003988027572631836
43,15,160,3.5606932640075684,3.5606069564819336,-8.630752563476562e-05
43,16,160,3.921846866607666,3.9210267066955566,-0.000820159912109375
43,17,160,3.5332112312316895,3.5317013263702393,-0.0015099048614501953
43,18,160,2.913072347640991,2.915055751800537,0.0019834041595458984
43,19,160,2.5383353233337402,2.538878917694092,0.0005435943603515625
44,0,160,3.4103550910949707,3.4098129272460938,-0.0005421638488769531
44,1,160,3.5185890197753906,3.5195698738098145,0.0009808540344238281
44,2,160,3.446538209915161,3.446075201034546,-0.0004630088806152344
44,3,160,3.004460334777832,3.0016236305236816,-0.0028367042541503906
44,4,160,2.8575258255004883,2.8551058769226074,-0.0024199485778808594
44,5,160,3.3437559604644775,3.347057580947876,0.0033016204833984375
44,6,160,3.317316770553589,3.3149306774139404,-0.0023860931396484375
44,7,160,3.352456569671631,3.3515384197235107,-0.0009181499481201172
44,8,160,3.0527563095092773,3.0563552379608154,0.003598928451538086
44,9,160,3.27372407913208,3.2760887145996094,0.002364635467529297
44,10,160,3.492663621902466,3.4972825050354004,0.00461888313293457
44,11,160,3.1037182807922363,3.1030216217041016,-0.0006966590881347656
44,12,160,3.32629656791687,3.325037956237793,-0.0012586116790771484
44,13,160,3.7979331016540527,3.797835350036621,-9.775161743164062e-05
44,14,160,3.6431386470794678,3.64546799659729,0.0023293495178222656
44,15,160,3.5606932640075684,3.5598676204681396,-0.0008256435394287109
44,16,160,3.921846866607666,3.922177314758301,0.0003304481506347656
44,17,160,3.5332112312316895,3.532355546951294,-0.0008556842803955078
44,18,160,2.913072347640991,2.912858486175537,-0.00021386146545410156
44,19,160,2.5383353233337402,2.538597583770752,0.00026226043701171875
45,0,160,3.4103550910949707,3.4115617275238037,0.0012066364288330078
45,1,160,3.5185890197753906,3.519963026046753,0.0013740062713623047
45,2,160,3.446538209915161,3.4477031230926514,0.0011649131774902344
45,3,160,3.004460334777832,2.9995367527008057,-0.004923582077026367
45,4,160,2.8575258255004883,2.8584961891174316,0.0009703636169433594
45,5,160,3.3437559604644775,3.3462750911712646,0.0025191307067871094
45,6,160,3.317316770553589,3.3180997371673584,0.0007829666137695312
45,7,160,3.352456569671631,3.352743148803711,0.0002865791320800781
45,8,160,3.0527563095092773,3.0569140911102295,0.0041577816009521484
45,9,160,3.27372407913208,3.274045467376709,0.00032138824462890625
45,10,160,3.492663621902466,3.4956421852111816,0.0029785633087158203
45,11,160,3.1037182807922363,3.104121446609497,0.0004031658172607422
45,12,160,3.32629656791687,3.3256173133850098,-0.0006792545318603516
45,13,160,3.7979331016540527,3.7967209815979004,-0.0012121200561523438
45,14,160,3.6431386470794678,3.647352457046509,0.004213809967041016
45,15,160,3.5606932640075684,3.5600948333740234,-0.0005984306335449219
45,16,160,3.921846866607666,3.9199044704437256,-0.0019423961639404297
45,17,160,3.5332112312316895,3.532022714614868,-0.001188516616821289
45,18,160,2.913072347640991,2.9140336513519287,0.0009613037109375
45,19,160,2.5383353233337402,2.535987615585327,-0.002347707748413086
46,0,160,3.4103550910949707,3.4118547439575195,0.0014996528625488281
46,1,160,3.5185890197753906,3.5183215141296387,-0.0002675056457519531
46,2,160,3.446538209915161,3.445720672607422,-0.0008175373077392578
46,3,160,3.004460334777832,3.000518560409546,-0.003941774368286133
46,4,160,2.8575258255004883,2.857300043106079,-0.0002257823944091797
46,5,160,3.3437559604644775,3.344534397125244,0.0007784366607666016
46,6,160,3.317316770553589,3.3159446716308594,-0.0013720989227294922
46,7,160,3.352456569671631,3.352980613708496,0.0005240440368652344
46,8,160,3.0527563095092773,3.055255651473999,0.0024993419647216797
46,9,160,3.27372407913208,3.2753756046295166,0.0016515254974365234
46,10,160,3.492663621902466,3.493835210800171,0.0011715888977050781
46,11,160,3.1037182807922363,3.102839946746826,-0.0008783340454101562
46,12,160,3.32629656791687,3.326843500137329,0.0005469322204589844
46,13,160,3.7979331016540527,3.7983295917510986,0.00039649009704589844
46,14,160,3.6431386470794678,3.645613431930542,0.0024747848510742188
46,15,160,3.5606932640075684,3.561232805252075,0.0005395412445068359
46,16,160,3.921846866607666,3.9235472679138184,0.0017004013061523438
46,17,160,3.5332112312316895,3.532977342605591,-0.0002338886260986328
46,18,160,2.913072347640991,2.915517807006836,0.0024454593658447266
46,19,160,2.5383353233337402,2.5366108417510986,-0.0017244815826416016
47,0,160,3.4103550910949707,3.4093120098114014,-0.001043081283569336
47,1,160,3.5185890197753906,3.517284870147705,-0.0013041496276855469
47,2,160,3.446538209915161,3.447063684463501,0.0005254745483398438
47,3,160,3.004460334777832,2.999997615814209,-0.004462718963623047
47,4,160,2.8575258255004883,2.8584280014038086,0.0009021759033203125
47,5,160,3.3437559604644775,3.344971179962158,0.001215219497680664
47,6,160,3.317316770553589,3.316713333129883,-0.0006034374237060547
47,7,160,3.352456569671631,3.350787401199341,-0.001669168472290039
47,8,160,3.0527563095092773,3.0553948879241943,0.002638578414916992
47,9,160,3.27372407913208,3.2738523483276367,0.00012826919555664062
47,10,160,3.492663621902466,3.494063138961792,0.0013995170593261719
47,11,160,3.1037182807922363,3.1033380031585693,-0.0003802776336669922
47,12,160,3.32629656791687,3.3273913860321045,0.001094818115234375
47,13,160,3.7979331016540527,3.7977559566497803,-0.00017714500427246094
47,14,160,3.6431386470794678,3.644810914993286,0.0016722679138183594
47,15,160,3.5606932640075684,3.5632269382476807,0.0025336742401123047
47,16,160,3.921846866607666,3.920806884765625,-0.0010399818420410156
47,17,160,3.5332112312316895,3.5312767028808594,-0.0019345283508300781
47,18,160,2.913072347640991,2.9159820079803467,0.0029096603393554688
47,19,160,2.5383353233337402,2.538433790206909,9.846687316894531e-05
48,0,160,3.4103550910949707,3.4121501445770264,0.001795053482055664
48,1,160,3.5185890197753906,3.519366979598999,0.0007779598236083984
48,2,160,3.446538209915161,3.445945978164673,-0.0005922317504882812
48,3,160,3.004460334777832,3.0007333755493164,-0.003726959228515625
48,4,160,2.8575258255004883,2.857235908508301,-0.0002899169921875
48,5,160,3.3437559604644775,3.345134735107422,0.001378774642944336
48,6,160,3.317316770553589,3.3150441646575928,-0.0022726058959960938
48,7,160,3.352456569671631,3.3521344661712646,-0.00032210350036621094
48,8,160,3.0527563095092773,3.053478479385376,0.0007221698760986328
48,9,160,3.27372407913208,3.2748141288757324,0.0010900497436523438
48,10,160,3.492663621902466,3.4944260120391846,0.00176239013671875
48,11,160,3.1037182807922363,3.1030869483947754,-0.0006313323974609375
48,12,160,3.32629656791687,3.325763702392578,-0.0005328655242919922
48,13,160,3.7979331016540527,3.797327756881714,-0.0006053447723388672
48,14,160,3.6431386470794678,3.6451573371887207,0.0020186901092529297
48,15,160,3.5606932640075684,3.558957576751709,-0.001735687255859375
48,16,160,3.921846866607666,3.921077251434326,-0.0007696151733398438
48,17,160,3.5332112312316895,3.5322916507720947,-0.0009195804595947266
48,18,160,2.913072347640991,2.9153645038604736,0.002292156219482422
48,19,160,2.5383353233337402,2.5384669303894043,0.0001316070556640625
49,0,160,3.4103550910949707,3.410043239593506,-0.00031185150146484375
49,1,160,3.5185890197753906,3.5199790000915527,0.0013899803161621094
49,2,160,3.446538209915161,3.445420265197754,-0.0011179447174072266
49,3,160,3.004460334777832,3.003084659576416,-0.0013756752014160156
49,4,160,2.8575258255004883,2.857201099395752,-0.0003247261047363281
49,5,160,3.3437559604644775,3.3473424911499023,0.0035865306854248047
49,6,160,3.317316770553589,3.3195199966430664,0.002203226089477539
49,7,160,3.352456569671631,3.3539819717407227,0.0015254020690917969
49,8,160,3.0527563095092773,3.057096481323242,0.004340171813964844
49,9,160,3.27372407913208,3.274026870727539,0.0003027915954589844
49,10,160,3.492663621902466,3.4942824840545654,0.0016188621520996094
49,11,160,3.1037182807922363,3.1047475337982178,0.0010292530059814453
49,12,160,3.32629656791687,3.325228214263916,-0.0010683536529541016
49,13,160,3.7979331016540527,3.7963321208953857,-0.0016009807586669922
49,14,160,3.6431386470794678,3.6473731994628906,0.0042345523834228516
49,15,160,3.5606932640075684,3.560438871383667,-0.0002543926239013672
49,16,160,3.921846866607666,3.9218764305114746,2.956390380859375e-05
49,17,160,3.5332112312316895,3.5312952995300293,-0.0019159317016601562
49,18,160,2.913072347640991,2.917011022567749,0.0039386749267578125
49,19,160,2.5383353233337402,2.540102005004883,0.0017666816711425781
50,0,160,3.4103550910949707,3.4092180728912354,-0.0011370182037353516
50,1,160,3.5185890197753906,3.518594741821289,5.7220458984375e-06
50,2,160,3.446538209915161,3.4477624893188477,0.0012242794036865234
50,3,160,3.004460334777832,2.9997434616088867,-0.0047168731689453125
50,4,160,2.8575258255004883,2.85811185836792,0.0005860328674316406
50,5,160,3.3437559604644775,3.3468923568725586,0.0031363964080810547
50,6,160,3.317316770553589,3.3176331520080566,0.00031638145446777344
50,7,160,3.352456569671631,3.351921796798706,-0.0005347728729248047
50,8,160,3.0527563095092773,3.0563173294067383,0.0035610198974609375
50,9,160,3.27372407913208,3.2760074138641357,0.002283334732055664
50,10,160,3.492663621902466,3.4947404861450195,0.002076864242553711
50,11,160,3.1037182807922363,3.1038289070129395,0.000110626220703125
50,12,160,3.32629656791687,3.326380968093872,8.440017700195312e-05
50,13,160,3.7979331016540527,3.7957794666290283,-0.002153635025024414
50,14,160,3.6431386470794678,3.6452152729034424,0.0020766258239746094
50,15,160,3.5606932640075684,3.5597312450408936,-0.0009620189666748047
50,16,160,3.921846866607666,3.9198248386383057,-0.0020220279693603516
50,17,160,3.5332112312316895,3.5306291580200195,-0.002582073211669922
50,18,160,2.913072347640991,2.913628339767456,0.0005559921264648438
50,19,160,2.5383353233337402,2.5351109504699707,-0.0032243728637695312
51,0,160,3.4103550910949707,3.4098434448242188,-0.0005116462707519531
51,1,160,3.5185890197753906,3.5174992084503174,-0.0010898113250732422
51,2,160,3.446538209915161,3.4461147785186768,-0.000423431396484375
51,3,160,3.004460334777832,3.0017080307006836,-0.0027523040771484375
51,4,160,2.8575258255004883,2.857160806655884,-0.0003650188446044922
51,5,160,3.3437559604644775,3.3453197479248047,0.0015637874603271484
51,6,160,3.317316770553589,3.3163657188415527,-0.0009510517120361328
51,7,160,3.352456569671631,3.353720188140869,0.0012636184692382812
51,8,160,3.0527563095092773,3.0538723468780518,0.001116037368774414
51,9,160,3.27372407913208,3.274419069290161,0.0006949901580810547
51,10,160,3.492663621902466,3.4934310913085938,0.0007674694061279297
51,11,160,3.1037182807922363,3.104158401489258,0.0004401206970214844
51,12,160,3.32629656791687,3.3253085613250732,-0.000988006591796875
51,13,160,3.7979331016540527,3.797318696975708,-0.0006144046783447266
51,14,160,3.6431386470794678,3.6474666595458984,0.004328012466430664
51,15,160,3.5606932640075684,3.5604686737060547,-0.00022459030151367188
51,16,160,3.921846866607666,3.919619560241699,-0.002227306365966797
51,17,160,3.5332112312316895,3.5324506759643555,-0.0007605552673339844
51,18,160,2.913072347640991,2.913328170776367,0.00025582313537597656
51,19,160,2.5383353233337402,2.5361692905426025,-0.0021660327911376953
52,0,160,3.4103550910949707,3.4113564491271973,0.0010013580322265625
52,1,160,3.5185890197753906,3.516850471496582,-0.0017385482788085938
52,2,160,3.446538209915161,3.444546699523926,-0.0019915103912353516
52,3,160,3.004460334777832,2.9994449615478516,-0.005015373229980469
52,4,160,2.8575258255004883,2.856767416000366,-0.0007584095001220703
52,5,160,3.3437559604644775,3.344783067703247,0.0010271072387695312
52,6,160,3.317316770553589,3.317868232727051,0.0005514621734619141
52,7,160,3.352456569671631,3.352107048034668,-0.0003495216369628906
52,8,160,3.0527563095092773,3.054598331451416,0.0018420219421386719
52,9,160,3.27372407913208,3.275829553604126,0.0021054744720458984
52,10,160,3.492663621902466,3.4958620071411133,0.003198385238647461
52,11,160,3.1037182807922363,3.10302472114563,-0.0006935596466064453
52,12,160,3.32629656791687,3.326547861099243,0.0002512931823730469
52,13,160,3.7979331016540527,3.796933174133301,-0.0009999275207519531
52,14,160,3.6431386470794678,3.645805597305298,0.002666950225830078
52,15,160,3.5606932640075684,3.560612678527832,-8.058547973632812e-05
52,16,160,3.921846866607666,3.9209959506988525,-0.0008509159088134766
52,17,160,3.5332112312316895,3.530895709991455,-0.002315521240234375
52,18,160,2.913072347640991,2.9145593643188477,0.0014870166778564453
52,19,160,2.5383353233337402,2.5376479625701904,-0.0006873607635498047
53,0,160,3.4103550910949707,3.4116575717926025,0.001302480697631836
53,1,160,3.5185890197753906,3.5187885761260986,0.0001995563507080078
53,2,160,3.446538209915161,3.444502592086792,-0.0020356178283691406
53,3,160,3.004460334777832,3.0012400150299072,-0.0032203197479248047
53,4,160,2.8575258255004883,2.85538649559021,-0.0021393299102783203
53,5,160,3.3437559604644775,3.343522548675537,-0.0002334117889404297
53,6,160,3.317316770553589,3.317274808883667,-4.1961669921875e-05
53,7,160,3.352456569671631,3.3522207736968994,-0.0002357959747314453
53,8,160,3.0527563095092773,3.0542919635772705,0.001535654067993164
53,9,160,3.27372407913208,3.273405075073242,-0.0003190040588378906
53,10,160,3.492663621902466,3.496157169342041,0.0034935474395751953
53,11,160,3.1037182807922363,3.103421449661255,-0.0002968311309814453
53,12,160,3.32629656791687,3.3248674869537354,-0.0014290809631347656
53,13,160,3.7979331016540527,3.797661542892456,-0.0002715587615966797
53,14,160,3.6431386470794678,3.6454906463623047,0.002351999282836914
53,15,160,3.5606932640075684,3.5603535175323486,-0.00033974647521972656
53,16,160,3.921846866607666,3.9202542304992676,-0.0015926361083984375
53,17,160,3.5332112312316895,3.5336787700653076,0.00046753883361816406
53,18,160,2.913072347640991,2.9151358604431152,0.0020635128021240234
53,19,160,2.5383353233337402,2.540663242340088,0.0023279190063476562
54,0,160,3.4103550910949707,3.4123997688293457,0.002044677734375
54,1,160,3.5185890197753906,3.520031690597534,0.0014426708221435547
54,2,160,3.446538209915161,3.448275327682495,0.0017371177673339844
54,3,160,3.004460334777832,2.999173164367676,-0.00528717041015625
54,4,160,2.8575258255004883,2.8575403690338135,1.4543533325195312e-05
54,5,160,3.3437559604644775,3.3465819358825684,0.0028259754180908203
54,6,160,3.317316770553589,3.3185982704162598,0.0012814998626708984
54,7,160,3.352456569671631,3.3534915447235107,0.0010349750518798828
54,8,160,3.0527563095092773,3.056612491607666,0.003856182098388672
54,9,160,3.27372407913208,3.277174234390259,0.003450155258178711
54,10,160,3.492663621902466,3.492936134338379,0.00027251243591308594
54,11,160,3.1037182807922363,3.102903127670288,-0.0008151531219482422
54,12,160,3.32629656791687,3.3247134685516357,-0.001583099365234375
54,13,160,3.7979331016540527,3.797422409057617,-0.0005106925964355469
54,14,160,3.6431386470794678,3.647371530532837,0.004232883453369141
54,15,160,3.5606932640075684,3.5645015239715576,0.003808259963989258
54,16,160,3.921846866607666,3.9195618629455566,-0.002285003662109375
54,17,160,3.5332112312316895,3.529904842376709,-0.0033063888549804688
54,18,160,2.913072347640991,2.915541172027588,0.0024688243865966797
54,19,160,2.5383353233337402,2.53842830657959,9.298324584960938e-05
55,0,160,3.4103550910949707,3.4096171855926514,-0.0007379055023193359
55,1,160,3.5185890197753906,3.517547369003296,-0.0010416507720947266
55,2,160,3.446538209915161,3.44530987739563,-0.00122833251953125
55,3,160,3.004460334777832,3.0007100105285645,-0.003750324249267578
55,4,160,2.8575258255004883,2.8551814556121826,-0.002344369888305664
55,5,160,3.3437559604644775,3.34519100189209,0.0014350414276123047
55,6,160,3.317316770553589,3.3155689239501953,-0.0017478466033935547
55,7,160,3.352456569671631,3.3522591590881348,-0.00019741058349609375
55,8,160,3.0527563095092773,3.0550193786621094,0.0022630691528320312
55,9,160,3.27372407913208,3.2729594707489014,-0.0007646083831787109
55,10,160,3.492663621902466,3.493896961212158,0.0012333393096923828
55,11,160,3.1037182807922363,3.1068308353424072,0.0031125545501708984
55,12,160,3.32629656791687,3.323599338531494,-0.0026972293853759766
55,13,160,3.7979331016540527,3.7966701984405518,-0.0012629032135009766
55,14,160,3.6431386470794678,3.6474854946136475,0.0043468475341796875
55,15,160,3.5606932640075684,3.558812141418457,-0.0018811225891113281
55,16,160,3.921846866607666,3.921311855316162,-0.0005350112915039062
55,17,160,3.5332112312316895,3.531456470489502,-0.0017547607421875
55,18,160,2.913072347640991,2.9160048961639404,0.0029325485229492188
55,19,160,2.5383353233337402,2.5406012535095215,0.00226593017578125
56,0,160,3.4103550910949707,3.410536766052246,0.00018167495727539062
56,1,160,3.5185890197753906,3.5213406085968018,0.002751588821411133
56,2,160,3.446538209915161,3.4462969303131104,-0.00024127960205078125
56,3,160,3.004460334777832,2.9997315406799316,-0.004728794097900391
56,4,160,2.8575258255004883,2.8577611446380615,0.0002353191375732422
56,5,160,3.3437559604644775,3.34572696685791,0.001971006393432617
56,6,160,3.317316770553589,3.3177645206451416,0.0004477500915527344
56,7,160,3.352456569671631,3.3532192707061768,0.0007627010345458984
56,8,160,3.0527563095092773,3.0562632083892822,0.003506898880004883
56,9,160,3.27372407913208,3.2754523754119873,0.0017282962799072266
56,10,160,3.492663621902466,3.4952406883239746,0.002577066421508789
56,11,160,3.1037182807922363,3.10481333732605,0.0010950565338134766
56,12,160,3.32629656791687,3.3262336254119873,-6.29425048828125e-05
56,13,160,3.7979331016540527,3.7965521812438965,-0.00138092041015625
56,14,160,3.6431386470794678,3.6449830532073975,0.0018444061279296875
56,15,160,3.5606932640075684,3.5607316493988037,3.838539123535156e-05
56,16,160,3.921846866607666,3.9195120334625244,-0.0023348331451416016
56,17,160,3.5332112312316895,3.5309760570526123,-0.0022351741790771484
56,18,160,2.913072347640991,2.915487766265869,0.0024154186248779297
56,19,160,2.5383353233337402,2.537890911102295,-0.0004444122314453125
57,0,160,3.4103550910949707,3.41072678565979,0.00037169456481933594
57,1,160,3.5185890197753906,3.5202314853668213,0.001642465591430664
57,2,160,3.446538209915161,3.4478073120117188,0.0012691020965576172
57,3,160,3.004460334777832,2.9990394115448,-0.0054209232330322266
57,4,160,2.8575258255004883,2.8555195331573486,-0.0020062923431396484
57,5,160,3.3437559604644775,3.3462541103363037,0.002498149871826172
57,6,160,3.317316770553589,3.315563678741455,-0.001753091812133789
57,7,160,3.352456569671631,3.35115122795105,-0.0013053417205810547
57,8,160,3.0527563095092773,3.05662202835083,0.0038657188415527344
57,9,160,3.27372407913208,3.2744414806365967,0.0007174015045166016
57,10,160,3.492663621902466,3.4936511516571045,0.0009875297546386719
57,11,160,3.1037182807922363,3.1046125888824463,0.0008943080902099609
57,12,160,3.32629656791687,3.3249704837799072,-0.0013260841369628906
57,13,160,3.7979331016540527,3.7960572242736816,-0.0018758773803710938
57,14,160,3.6431386470794678,3.6449549198150635,0.0018162727355957031
57,15,160,3.5606932640075684,3.561114549636841,0.00042128562927246094
57,16,160,3.921846866607666,3.920915365219116,-0.0009315013885498047
57,17,160,3.5332112312316895,3.532323122024536,-0.0008881092071533203
57,18,160,2.913072347640991,2.913634777069092,0.0005624294281005859
57,19,160,2.5383353233337402,2.5378174781799316,-0.0005178451538085938
58,0,160,3.4103550910949707,3.4122321605682373,0.0018770694732666016
58,1,160,3.5185890197753906,3.520695924758911,0.002106904983520508
58,2,160,3.446538209915161,3.446866035461426,0.00032782554626464844
58,3,160,3.004460334777832,3.000575542449951,-0.0038847923278808594
58,4,160,2.8575258255004883,2.856973648071289,-0.0005521774291992188
58,5,160,3.3437559604644775,3.3500595092773438,0.006303548812866211
58,6,160,3.317316770553589,3.3180177211761475,0.0007009506225585938
58,7,160,3.352456569671631,3.35286808013916,0.0004115104675292969
58,8,160,3.0527563095092773,3.0543715953826904,0.001615285873413086
58,9,160,3.27372407913208,3.278287172317505,0.004563093185424805
58,10,160,3.492663621902466,3.5019125938415527,0.009248971939086914
58,11,160,3.1037182807922363,3.1023333072662354,-0.0013849735260009766
58,12,160,3.32629656791687,3.327690601348877,0.001394033432006836
58,13,160,3.7979331016540527,3.796464204788208,-0.0014688968658447266
58,14,160,3.6431386470794678,3.645577907562256,0.002439260482788086
58,15,160,3.5606932640075684,3.560084342956543,-0.0006089210510253906
58,16,160,3.921846866607666,3.9200756549835205,-0.0017712116241455078
58,17,160,3.5332112312316895,3.532085418701172,-0.0011258125305175781
58,18,160,2.913072347640991,2.915097236633301,0.0020248889923095703
58,19,160,2.5383353233337402,2.538783550262451,0.0004482269287109375
59,0,160,3.4103550910949707,3.412980318069458,0.0026252269744873047
59,1,160,3.5185890197753906,3.5195510387420654,0.0009620189666748047
59,2,160,3.446538209915161,3.445822238922119,-0.0007159709930419922
59,3,160,3.004460334777832,2.999049663543701,-0.005410671234130859
59,4,160,2.8575258255004883,2.8561673164367676,-0.0013585090637207031
59,5,160,3.3437559604644775,3.3457298278808594,0.001973867416381836
59,6,160,3.317316770553589,3.3186874389648438,0.0013706684112548828
59,7,160,3.352456569671631,3.3522491455078125,-0.00020742416381835938
59,8,160,3.0527563095092773,3.0523786544799805,-0.000377655029296875
59,9,160,3.27372407913208,3.2737691402435303,4.506111145019531e-05
59,10,160,3.492663621902466,3.4950311183929443,0.0023674964904785156
59,11,160,3.1037182807922363,3.1040990352630615,0.0003807544708251953
59,12,160,3.32629656791687,3.3246638774871826,-0.0016326904296875
59,13,160,3.7979331016540527,3.7989184856414795,0.0009853839874267578
59,14,160,3.6431386470794678,3.646188497543335,0.0030498504638671875
59,15,160,3.5606932640075684,3.560877799987793,0.00018453598022460938
59,16,160,3.921846866607666,3.923611879348755,0.0017650127410888672
59,17,160,3.5332112312316895,3.531254768371582,-0.001956462860107422
59,18,160,2.913072347640991,2.915703535079956,0.0026311874389648438
59,19,160,2.5383353233337402,2.5380282402038574,-0.0003070831298828125
60,0,160,3.4103550910949707,3.4110310077667236,0.0006759166717529297
60,1,160,3.5185890197753906,3.5181028842926025,-0.00048613548278808594
60,2,160,3.446538209915161,3.4465365409851074,-1.6689300537109375e-06
60,3,160,3.004460334777832,3.001980781555176,-0.00247955322265625
60,4,160,2.8575258255004883,2.857306480407715,-0.0002193450927734375
60,5,160,3.3437559604644775,3.346020460128784,0.0022644996643066406
60,6,160,3.317316770553589,3.3176300525665283,0.0003132820129394531
60,7,160,3.352456569671631,3.3544135093688965,0.001956939697265625
60,8,160,3.0527563095092773,3.056065320968628,0.003309011459350586
60,9,160,3.27372407913208,3.2736620903015137,-6.198883056640625e-05
60,10,160,3.492663621902466,3.4950289726257324,0.0023653507232666016
60,11,160,3.1037182807922363,3.105214834213257,0.0014965534210205078
60,12,160,3.32629656791687,3.323951244354248,-0.0023453235626220703
60,13,160,3.7979331016540527,3.7971978187561035,-0.0007352828979492188
60,14,160,3.6431386470794678,3.646021604537964,0.0028829574584960938
60,15,160,3.5606932640075684,3.5604538917541504,-0.00023937225341796875
60,16,160,3.921846866607666,3.9204490184783936,-0.001397848129272461
60,17,160,3.5332112312316895,3.532780170440674,-0.000431060791015625
60,18,160,2.913072347640991,2.915532112121582,0.0024597644805908203
60,19,160,2.5383353233337402,2.539062976837158,0.0007276535034179688
61,0,160,3.4103550910949707,3.4112656116485596,0.0009105205535888672
61,1,160,3.5185890197753906,3.517716646194458,-0.0008723735809326172
61,2,160,3.446538209915161,3.445019483566284,-0.0015187263488769531
61,3,160,3.004460334777832,2.9983112812042236,-0.0061490535736083984
61,4,160,2.8575258255004883,2.856144905090332,-0.00138092041015625
61,5,160,3.3437559604644775,3.344700336456299,0.0009443759918212891
61,6,160,3.317316770553589,3.315844774246216,-0.0014719963073730469
61,7,160,3.352456569671631,3.351274251937866,-0.0011823177337646484
61,8,160,3.0527563095092773,3.056011199951172,0.0032548904418945312
61,9,160,3.27372407913208,3.275428056716919,0.0017039775848388672
61,10,160,3.492663621902466,3.495229721069336,0.002566099166870117
61,11,160,3.1037182807922363,3.1043782234191895,0.000659942626953125
61,12,160,3.32629656791687,3.3249731063842773,-0.0013234615325927734
61,13,160,3.7979331016540527,3.7969367504119873,-0.0009963512420654297
61,14,160,3.6431386470794678,3.646554470062256,0.003415822982788086
61,15,160,3.5606932640075684,3.559404134750366,-0.0012891292572021484
61,16,160,3.921846866607666,3.9228897094726562,0.0010428428649902344
61,17,160,3.5332112312316895,3.5326781272888184,-0.0005331039428710938
61,18,160,2.913072347640991,2.9175453186035156,0.004472970962524414
61,19,160,2.5383353233337402,2.536623239517212,-0.0017120838165283203
62,0,160,3.4103550910949707,3.4118893146514893,0.0015342235565185547
62,1,160,3.5185890197753906,3.5185892581939697,2.384185791015625e-07
62,2,160,3.446538209915161,3.446087598800659,-0.0004506111145019531
62,3,160,3.004460334777832,2.999438762664795,-0.005021572113037109
62,4,160,2.8575258255004883,2.8556313514709473,-0.0018944740295410156
62,5,160,3.3437559604644775,3.3452701568603516,0.0015141963958740234
62,6,160,3.317316770553589,3.3180181980133057,0.0007014274597167969
62,7,160,3.352456569671631,3.352301836013794,-0.00015473365783691406
62,8,160,3.0527563095092773,3.054412841796875,0.0016565322875976562
62,9,160,3.27372407913208,3.274905204772949,0.0011811256408691406
62,10,160,3.492663621902466,3.4956037998199463,0.0029401779174804688
62,11,160,3.1037182807922363,3.1039674282073975,0.0002491474151611328
62,12,160,3.32629656791687,3.324646472930908,-0.001650094985961914
62,13,160,3.7979331016540527,3.7974724769592285,-0.00046062469482421875
62,14,160,3.6431386470794678,3.646862745285034,0.0037240982055664062
62,15,160,3.5606932640075684,3.561335325241089,0.0006420612335205078
62,16,160,3.921846866607666,3.9223337173461914,0.0004868507385253906
62,17,160,3.5332112312316895,3.5303103923797607,-0.002900838851928711
62,18,160,2.913072347640991,2.915257692337036,0.002185344696044922
62,19,160,2.5383353233337402,2.538562297821045,0.0002269744873046875
63,0,160,3.4103550910949707,3.4114160537719727,0.0010609626770019531
63,1,160,3.5185890197753906,3.5181198120117188,-0.000469207763671875
63,2,160,3.446538209915161,3.4440531730651855,-0.002485036849975586
63,3,160,3.004460334777832,3.0008621215820312,-0.0035982131958007812
63,4,160,2.8575258255004883,2.8586230278015137,0.0010972023010253906
63,5,160,3.3437559604644775,3.344238042831421,0.0004820823669433594
63,6,160,3.317316770553589,3.315685749053955,-0.001631021499633789
63,7,160,3.352456569671631,3.350823163986206,-0.0016334056854248047
63,8,160,3.0527563095092773,3.055943012237549,0.0031867027282714844
63,9,160,3.27372407913208,3.274805784225464,0.001081705093383789
63,10,160,3.492663621902466,3.4959239959716797,0.003260374069213867
63,11,160,3.1037182807922363,3.105276346206665,0.001558065414428711
63,12,160,3.32629656791687,3.3254261016845703,-0.0008704662322998047
63,13,160,3.7979331016540527,3.7969465255737305,-0.0009865760803222656
63,14,160,3.6431386470794678,3.6453616619110107,0.0022230148315429688
63,15,160,3.5606932640075684,3.561023712158203,0.0003304481506347656
63,16,160,3.921846866607666,3.9220848083496094,0.00023794174194335938
63,17,160,3.5332112312316895,3.531038284301758,-0.0021729469299316406
63,18,160,2.913072347640991,2.914862632751465,0.0017902851104736328
63,19,160,2.5383353233337402,2.5372204780578613,-0.0011148452758789062
64,0,160,3.4103550910949707,3.412240743637085,0.0018856525421142578
64,1,160,3.5185890197753906,3.5183444023132324,-0.0002446174621582031
64,2,160,3.446538209915161,3.4461326599121094,-0.0004055500030517578
64,3,160,3.004460334777832,3.00229811668396,-0.0021622180938720703
64,4,160,2.8575258255004883,2.8567113876342773,-0.0008144378662109375
64,5,160,3.3437559604644775,3.347177267074585,0.003421306610107422
64,6,160,3.317316770553589,3.318652391433716,0.0013356208801269531
64,7,160,3.352456569671631,3.352390766143799,-6.580352783203125e-05
64,8,160,3.0527563095092773,3.056689977645874,0.00393366813659668
64,9,160,3.27372407913208,3.274378538131714,0.0006544589996337891
64,10,160,3.492663621902466,3.4961421489715576,0.003478527069091797
64,11,160,3.1037182807922363,3.10115909576416,-0.002559185028076172
64,12,160,3.32629656791687,3.3267481327056885,0.0004515647888183594
64,13,160,3.7979331016540527,3.798426866531372,0.0004937648773193359
64,14,160,3.6431386470794678,3.647190570831299,0.004051923751831055
64,15,160,3.5606932640075684,3.5602264404296875,-0.0004668235778808594
64,16,160,3.921846866607666,3.9202890396118164,-0.0015578269958496094
64,17,160,3.5332112312316895,3.532012939453125,-0.0011982917785644531
64,18,160,2.913072347640991,2.9168505668640137,0.003778219223022461
64,19,160,2.5383353233337402,2.543107748031616,0.0047724246978759766
65,0,160,3.4103550910949707,3.4099948406219482,-0.00036025047302246094
65,1,160,3.5185890197753906,3.5184781551361084,-0.00011086463928222656
65,2,160,3.446538209915161,3.4464662075042725,-7.200241088867188e-05
65,3,160,3.004460334777832,2.9994332790374756,-0.005027055740356445
65,4,160,2.8575258255004883,2.857813596725464,0.00028777122497558594
65,5,160,3.3437559604644775,3.3458938598632812,0.002137899398803711
65,6,160,3.317316770553589,3.3155453205108643,-0.0017714500427246094
65,7,160,3.352456569671631,3.3533849716186523,0.0009284019470214844
65,8,160,3.0527563095092773,3.053682565689087,0.0009262561798095703
65,9,160,3.27372407913208,3.273878335952759,0.00015425682067871094
65,10,160,3.492663621902466,3.4937267303466797,0.0010631084442138672
65,11,160,3.1037182807922363,3.1031112670898438,-0.0006070137023925781
65,12,160,3.32629656791687,3.3236849308013916,-0.0026116371154785156
65,13,160,3.7979331016540527,3.7972207069396973,-0.0007123947143554688
65,14,160,3.6431386470794678,3.6465864181518555,0.0034477710723876953
65,15,160,3.5606932640075684,3.559617519378662,-0.00107574462890625
65,16,160,3.921846866607666,3.921403646469116,-0.0004432201385498047
65,17,160,3.5332112312316895,3.533643960952759,0.00043272972106933594
65,18,160,2.913072347640991,2.9153196811676025,0.002247333526611328
65,19,160,2.5383353233337402,2.537990093231201,-0.0003452301025390625
66,0,160,3.4103550910949707,3.4103941917419434,3.910064697265625e-05
66,1,160,3.5185890197753906,3.5174639225006104,-0.0011250972747802734
66,2,160,3.446538209915161,3.4474287033081055,0.0008904933929443359
66,3,160,3.004460334777832,3.000188112258911,-0.0042722225189208984
66,4,160,2.8575258255004883,2.856760025024414,-0.0007658004760742188
66,5,160,3.3437559604644775,3.347179651260376,0.0034236907958984375
66,6,160,3.317316770553589,3.3174033164978027,8.654594421386719e-05
66,7,160,3.352456569671631,3.352504014968872,4.744529724121094e-05
66,8,160,3.0527563095092773,3.054530620574951,0.0017743110656738281
66,9,160,3.27372407913208,3.277927875518799,0.00420379638671875
66,10,160,3.492663621902466,3.49605393409729,0.0033903121948242188
66,11,160,3.1037182807922363,3.1042869091033936,0.0005686283111572266
66,12,160,3.32629656791687,3.3253467082977295,-0.000949859619140625
66,13,160,3.7979331016540527,3.798794746398926,0.0008616447448730469
66,14,160,3.6431386470794678,3.645346164703369,0.002207517623901367
66,15,160,3.5606932640075684,3.5606229305267334,-7.033348083496094e-05
66,16,160,3.921846866607666,3.9187448024749756,-0.0031020641326904297
66,17,160,3.5332112312316895,3.529191255569458,-0.004019975662231445
66,18,160,2.913072347640991,2.9150476455688477,0.0019752979278564453
66,19,160,2.5383353233337402,2.5372493267059326,-0.0010859966278076172
67,0,160,3.4103550910949707,3.410517930984497,0.0001628398895263672
67,1,160,3.5185890197753906,3.5194902420043945,0.0009012222290039062
67,2,160,3.446538209915161,3.4475088119506836,0.0009706020355224609
67,3,160,3.004460334777832,3.0008270740509033,-0.003633260726928711
67,4,160,2.8575258255004883,2.856550693511963,-0.0009751319885253906
67,5,160,3.3437559604644775,3.3461153507232666,0.0023593902587890625
67,6,160,3.317316770553589,3.3178176879882812,0.0005009174346923828
67,7,160,3.352456569671631,3.3551578521728516,0.002701282501220703
67,8,160,3.0527563095092773,3.0550742149353027,0.0023179054260253906
67,9,160,3.27372407913208,3.2777857780456543,0.004061698913574219
67,10,160,3.492663621902466,3.4950242042541504,0.0023605823516845703
67,11,160,3.1037182807922363,3.105116128921509,0.001397848129272461
67,12,160,3.32629656791687,3.3256161212921143,-0.0006804466247558594
67,13,160,3.7979331016540527,3.7983059883117676,0.00037288665771484375
67,14,160,3.6431386470794678,3.647273063659668,0.004134416580200195
67,15,160,3.5606932640075684,3.5594918727874756,-0.0012013912200927734
67,16,160,3.921846866607666,3.9198267459869385,-0.002020120620727539
67,17,160,3.5332112312316895,3.5316152572631836,-0.0015959739685058594
67,18,160,2.913072347640991,2.915347099304199,0.002274751663208008
67,19,160,2.5383353233337402,2.5384628772735596,0.00012755393981933594
68,0,160,3.4103550910949707,3.410830497741699,0.0004754066467285156
68,1,160,3.5185890197753906,3.518786907196045,0.00019788742065429688
68,2,160,3.446538209915161,3.4473447799682617,0.0008065700531005859
68,3,160,3.004460334777832,3.002598762512207,-0.001861572265625
68,4,160,2.8575258255004883,2.8572566509246826,-0.00026917457580566406
68,5,160,3.3437559604644775,3.347156286239624,0.0034003257751464844
68,6,160,3.317316770553589,3.3178868293762207,0.0005700588226318359
68,7,160,3.352456569671631,3.352024793624878,-0.0004317760467529297
68,8,160,3.0527563095092773,3.056413412094116,0.003657102584838867
68,9,160,3.27372407913208,3.275958299636841,0.002234220504760742
68,10,160,3.492663621902466,3.4950549602508545,0.002391338348388672
68,11,160,3.1037182807922363,3.1030237674713135,-0.0006945133209228516
68,12,160,3.32629656791687,3.3267252445220947,0.0004286766052246094
68,13,160,3.7979331016540527,3.7978127002716064,-0.00012040138244628906
68,14,160,3.6431386470794678,3.645270586013794,0.002131938934326172
68,15,160,3.5606932640075684,3.5607213973999023,2.8133392333984375e-05
68,16,160,3.921846866607666,3.9193484783172607,-0.0024983882904052734
68,17,160,3.5332112312316895,3.5315804481506348,-0.0016307830810546875
68,18,160,2.913072347640991,2.916294574737549,0.003222227096557617
68,19,160,2.5383353233337402,2.539949655532837,0.0016143321990966797
69,0,160,3.4103550910949707,3.411125898361206,0.0007708072662353516
69,1,160,3.5185890197753906,3.5206589698791504,0.0020699501037597656
69,2,160,3.446538209915161,3.445671319961548,-0.0008668899536132812
69,3,160,3.004460334777832,3.000633955001831,-0.0038263797760009766
69,4,160,2.8575258255004883,2.8573825359344482,-0.00014328956604003906
69,5,160,3.3437559604644775,3.346665382385254,0.002909421920776367
69,6,160,3.317316770553589,3.3151628971099854,-0.0021538734436035156
69,7,160,3.352456569671631,3.3538899421691895,0.0014333724975585938
69,8,160,3.0527563095092773,3.056013822555542,0.0032575130462646484
69,9,160,3.27372407913208,3.2761855125427246,0.0024614334106445312
69,10,160,3.492663621902466,3.4955482482910156,0.0028846263885498047
69,11,160,3.1037182807922363,3.101621150970459,-0.0020971298217773438
69,12,160,3.32629656791687,3.3279333114624023,0.0016367435455322266
69,13,160,3.7979331016540527,3.7976298332214355,-0.0003032684326171875
69,14,160,3.6431386470794678,3.646364688873291,0.003226041793823242
69,15,160,3.5606932640075684,3.5589420795440674,-0.0017511844635009766
69,16,160,3.921846866607666,3.9231345653533936,0.001287698745727539
69,17,160,3.5332112312316895,3.5332987308502197,8.749961853027344e-05
69,18,160,2.913072347640991,2.916419267654419,0.0033469200134277344
69,19,160,2.5383353233337402,2.540882110595703,0.0025467872619628906
70,0,160,3.4103550910949707,3.411109209060669,0.0007541179656982422
70,1,160,3.5185890197753906,3.520054340362549,0.0014653205871582031
70,2,160,3.446538209915161,3.446134328842163,-0.0004038810729980469
70,3,160,3.004460334777832,3.000824451446533,-0.003635883331298828
70,4,160,2.8575258255004883,2.8562772274017334,-0.0012485980987548828
70,5,160,3.3437559604644775,3.348153591156006,0.00439763069152832
70,6,160,3.317316770553589,3.316782236099243,-0.0005345344543457031
70,7,160,3.352456569671631,3.3527073860168457,0.00025081634521484375
70,8,160,3.0527563095092773,3.054326057434082,0.0015697479248046875
70,9,160,3.27372407913208,3.2770164012908936,0.0032923221588134766
70,10,160,3.492663621902466,3.4943015575408936,0.0016379356384277344
70,11,160,3.1037182807922363,3.103344678878784,-0.00037360191345214844
70,12,160,3.32629656791687,3.326268196105957,-2.8371810913085938e-05
70,13,160,3.7979331016540527,3.7972986698150635,-0.0006344318389892578
70,14,160,3.6431386470794678,3.6464667320251465,0.003328084945678711
70,15,160,3.5606932640075684,3.5620527267456055,0.0013594627380371094
70,16,160,3.921846866607666,3.9200472831726074,-0.0017995834350585938
70,17,160,3.5332112312316895,3.531217336654663,-0.001993894577026367
70,18,160,2.913072347640991,2.9142611026763916,0.0011887550354003906
70,19,160,2.5383353233337402,2.5361990928649902,-0.00213623046875
71,0,160,3.4103550910949707,3.4111433029174805,0.0007882118225097656
71,1,160,3.5185890197753906,3.5197861194610596,0.0011970996856689453
71,2,160,3.446538209915161,3.4439892768859863,-0.0025489330291748047
71,3,160,3.004460334777832,2.999497652053833,-0.0049626827239990234
71,4,160,2.8575258255004883,2.8579342365264893,0.00040841102600097656
71,5,160,3.3437559604644775,3.3424692153930664,-0.0012867450714111328
71,6,160,3.317316770553589,3.3170599937438965,-0.0002567768096923828
71,7,160,3.352456569671631,3.351067304611206,-0.0013892650604248047
71,8,160,3.0527563095092773,3.054642677307129,0.0018863677978515625
71,9,160,3.27372407913208,3.2730143070220947,-0.0007097721099853516
71,10,160,3.492663621902466,3.493971347808838,0.0013077259063720703
71,11,160,3.1037182807922363,3.1059658527374268,0.0022475719451904297
71,12,160,3.32629656791687,3.3451895713806152,0.018893003463745117
71,13,160,3.7979331016540527,3.796041965484619,-0.0018911361694335938
71,14,160,3.6431386470794678,3.647325038909912,0.004186391830444336
71,15,160,3.5606932640075684,3.5607731342315674,7.987022399902344e-05
71,16,160,3.921846866607666,3.9200923442840576,-0.0017545223236083984
71,17,160,3.5332112312316895,3.5314736366271973,-0.0017375946044921875
71,18,160,2.913072347640991,2.9157466888427734,0.0026743412017822266
71,19,160,2.5383353233337402,2.5365726947784424,-0.0017626285552978516
72,0,160,3.4103550910949707,3.4119296073913574,0.0015745162963867188
72,1,160,3.5185890197753906,3.5206799507141113,0.002090930938720703
72,2,160,3.446538209915161,3.450545310974121,0.004007101058959961
72,3,160,3.004460334777832,3.0005910396575928,-0.003869295120239258
72,4,160,2.8575258255004883,2.858161687850952,0.0006358623504638672
72,5,160,3.3437559604644775,3.3485774993896484,0.0048215389251708984
72,6,160,3.317316770553589,3.3184945583343506,0.0011777877807617188
72,7,160,3.352456569671631,3.3553872108459473,0.0029306411743164062
72,8,160,3.0527563095092773,3.0562033653259277,0.0034470558166503906
72,9,160,3.27372407913208,3.2758281230926514,0.002104043960571289
72,10,160,3.492663621902466,3.496253490447998,0.0035898685455322266
72,11,160,3.1037182807922363,3.107637882232666,0.0039196014404296875
72,12,160,3.32629656791687,3.325277328491211,-0.0010192394256591797
72,13,160,3.7979331016540527,3.7990403175354004,0.0011072158813476562
72,14,160,3.6431386470794678,3.6457231044769287,0.0025844573974609375
72,15,160,3.5606932640075684,3.5592942237854004,-0.0013990402221679688
72,16,160,3.921846866607666,3.920638084411621,-0.0012087821960449219
72,17,160,3.5332112312316895,3.5327517986297607,-0.00045943260192871094
72,18,160,2.913072347640991,2.914736032485962,0.0016636848449707031
72,19,160,2.5383353233337402,2.5414185523986816,0.0030832290649414062
73,0,160,3.4103550910949707,3.4110522270202637,0.0006971359252929688
73,1,160,3.5185890197753906,3.518489360809326,-9.965896606445312e-05
73,2,160,3.446538209915161,3.4457828998565674,-0.00075531005859375
73,3,160,3.004460334777832,2.9996347427368164,-0.004825592041015625
73,4,160,2.8575258255004883,2.8571863174438477,-0.000339508056640625
73,5,160,3.3437559604644775,3.345285654067993,0.001529693603515625
73,6,160,3.317316770553589,3.316953182220459,-0.0003635883331298828
73,7,160,3.352456569671631,3.3526551723480225,0.00019860267639160156
73,8,160,3.0527563095092773,3.0543534755706787,0.0015971660614013672
73,9,160,3.27372407913208,3.2764363288879395,0.002712249755859375
73,10,160,3.492663621902466,3.4958856105804443,0.0032219886779785156
73,11,160,3.1037182807922363,3.1059515476226807,0.002233266830444336
73,12,160,3.32629656791687,3.325510263442993,-0.0007863044738769531
73,13,160,3.7979331016540527,3.7969038486480713,-0.0010292530059814453
73,14,160,3.6431386470794678,3.645958185195923,0.002819538116455078
73,15,160,3.5606932640075684,3.560317277908325,-0.00037598609924316406
73,16,160,3.921846866607666,3.9219319820404053,8.511543273925781e-05
73,17,160,3.5332112312316895,3.53147554397583,-0.001735687255859375
73,18,160,2.913072347640991,2.914919137954712,0.0018467903137207031
73,19,160,2.5383353233337402,2.53901743888855,0.0006821155548095703
74,0,160,3.4103550910949707,3.4119420051574707,0.0015869140625
74,1,160,3.5185890197753906,3.5198299884796143,0.0012409687042236328
74,2,160,3.446538209915161,3.4469563961029053,0.0004181861877441406
74,3,160,3.004460334777832,3.000007152557373,-0.004453182220458984
74,4,160,2.8575258255004883,2.8583898544311523,0.0008640289306640625
74,5,160,3.3437559604644775,3.345257520675659,0.0015015602111816406
74,6,160,3.317316770553589,3.3163692951202393,-0.0009474754333496094
74,7,160,3.352456569671631,3.3522284030914307,-0.0002281665802001953
74,8,160,3.0527563095092773,3.0556938648223877,0.0029375553131103516
74,9,160,3.27372407913208,3.2760062217712402,0.0022821426391601562
74,10,160,3.492663621902466,3.4936795234680176,0.0010159015655517578
74,11,160,3.1037182807922363,3.1062405109405518,0.0025222301483154297
74,12,160,3.32629656791687,3.3474690914154053,0.021172523498535156
74,13,160,3.7979331016540527,3.7979705333709717,3.743171691894531e-05
74,14,160,3.6431386470794678,3.6464264392852783,0.003287792205810547
74,15,160,3.5606932640075684,3.560539960861206,-0.0001533031463623047
74,16,160,3.921846866607666,3.9205169677734375,-0.0013298988342285156
74,17,160,3.5332112312316895,3.5308728218078613,-0.002338409423828125
74,18,160,2.913072347640991,2.9159207344055176,0.002848386764526367
74,19,160,2.5383353233337402,2.5380167961120605,-0.0003185272216796875
75,0,160,3.4103550910949707,3.4109137058258057,0.0005586147308349609
75,1,160,3.5185890197753906,3.5194485187530518,0.0008594989776611328
75,2,160,3.446538209915161,3.4461803436279297,-0.0003578662872314453
75,3,160,3.004460334777832,3.0003702640533447,-0.004090070724487305
75,4,160,2.8575258255004883,2.8569626808166504,-0.0005631446838378906
75,5,160,3.3437559604644775,3.3472676277160645,0.003511667251586914
75,6,160,3.317316770553589,3.3157286643981934,-0.0015881061553955078
75,7,160,3.352456569671631,3.354506254196167,0.002049684524536133
75,8,160,3.0527563095092773,3.05357027053833,0.0008139610290527344
75,9,160,3.27372407913208,3.2750155925750732,0.001291513442993164
75,10,160,3.492663621902466,3.4961183071136475,0.0034546852111816406
75,11,160,3.1037182807922363,3.1054177284240723,0.0016994476318359375
75,12,160,3.32629656791687,3.3239336013793945,-0.002362966537475586
75,13,160,3.7979331016540527,3.7991111278533936,0.0011780261993408203
75,14,160,3.6431386470794678,3.6472113132476807,0.004072666168212891
75,15,160,3.5606932640075684,3.5591986179351807,-0.0014946460723876953
75,16,160,3.921846866607666,3.921090841293335,-0.0007560253143310547
75,17,160,3.5332112312316895,3.5337798595428467,0.0005686283111572266
75,18,160,2.913072347640991,2.9129951000213623,-7.724761962890625e-05
75,19,160,2.5383353233337402,2.53977632522583,0.0014410018920898438
76,0,160,3.4103550910949707,3.409064769744873,-0.0012903213500976562
76,1,160,3.5185890197753906,3.5165176391601562,-0.002071380615234375
76,2,160,3.446538209915161,3.4445693492889404,-0.001968860626220703
76,3,160,3.004460334777832,3.0004324913024902,-0.004027843475341797
76,4,160,2.8575258255004883,2.858896493911743,0.0013706684112548828
76,5,160,3.3437559604644775,3.346452236175537,0.0026962757110595703
76,6,160,3.317316770553589,3.316894292831421,-0.00042247772216796875
76,7,160,3.352456569671631,3.3516457080841064,-0.0008108615875244141
76,8,160,3.0527563095092773,3.0552115440368652,0.0024552345275878906
76,9,160,3.27372407913208,3.273757219314575,3.314018249511719e-05
76,10,160,3.492663621902466,3.493623971939087,0.0009603500366210938
76,11,160,3.1037182807922363,3.106468677520752,0.002750396728515625
76,12,160,3.32629656791687,3.3359315395355225,0.009634971618652344
76,13,160,3.7979331016540527,3.797011137008667,-0.0009219646453857422
76,14,160,3.6431386470794678,3.6470725536346436,0.003933906555175781
76,15,160,3.5606932640075684,3.560924768447876,0.0002315044403076172
76,16,160,3.921846866607666,3.921708583831787,-0.00013828277587890625
76,17,160,3.5332112312316895,3.530146837234497,-0.003064393997192383
76,18,160,2.913072347640991,2.916837215423584,0.0037648677825927734
76,19,160,2.5383353233337402,2.540175199508667,0.0018398761749267578
77,0,160,3.4103550910949707,3.409943103790283,-0.0004119873046875
77,1,160,3.5185890197753906,3.5188961029052734,0.0003070831298828125
77,2,160,3.446538209915161,3.4440197944641113,-0.0025184154510498047
77,3,160,3.004460334777832,3.000363349914551,-0.00409698486328125
77,4,160,2.8575258255004883,2.8575356006622314,9.775161743164062e-06
77,5,160,3.3437559604644775,3.349144220352173,0.0053882598876953125
77,6,160,3.317316770553589,3.3169093132019043,-0.0004074573516845703
77,7,160,3.352456569671631,3.3544352054595947,0.001978635787963867
77,8,160,3.0527563095092773,3.0549850463867188,0.0022287368774414062
77,9,160,3.27372407913208,3.276127576828003,0.0024034976959228516
77,10,160,3.492663621902466,3.4968862533569336,0.0042226314544677734
77,11,160,3.1037182807922363,3.1030924320220947,-0.0006258487701416016
77,12,160,3.32629656791687,3.3244824409484863,-0.001814126968383789
77,13,160,3.7979331016540527,3.7957422733306885,-0.002190828323364258
77,14,160,3.6431386470794678,3.6469733715057373,0.0038347244262695312
77,15,160,3.5606932640075684,3.559252977371216,-0.001440286636352539
77,16,160,3.921846866607666,3.921937942504883,9.107589721679688e-05
77,17,160,3.5332112312316895,3.5322070121765137,-0.0010042190551757812
77,18,160,2.913072347640991,2.9152042865753174,0.002131938934326172
77,19,160,2.5383353233337402,2.539024591445923,0.0006892681121826172
78,0,160,3.4103550910949707,3.411112070083618,0.0007569789886474609
78,1,160,3.5185890197753906,3.5185446739196777,-4.4345855712890625e-05
78,2,160,3.446538209915161,3.445258617401123,-0.001279592514038086
78,3,160,3.004460334777832,2.999819755554199,-0.0046405792236328125
78,4,160,2.8575258255004883,2.858766555786133,0.0012407302856445312
78,5,160,3.3437559604644775,3.3474090099334717,0.0036530494689941406
78,6,160,3.317316770553589,3.3187096118927,0.0013928413391113281
78,7,160,3.352456569671631,3.3518545627593994,-0.0006020069122314453
78,8,160,3.0527563095092773,3.054997682571411,0.002241373062133789
78,9,160,3.27372407913208,3.271855592727661,-0.0018684864044189453
78,10,160,3.492663621902466,3.4944000244140625,0.0017364025115966797
78,11,160,3.1037182807922363,3.104771614074707,0.0010533332824707031
78,12,160,3.32629656791687,3.3248000144958496,-0.0014965534210205078
78,13,160,3.7979331016540527,3.796539068222046,-0.001394033432006836
78,14,160,3.6431386470794678,3.6461544036865234,0.003015756607055664
78,15,160,3.5606932640075684,3.559890031814575,-0.0008032321929931641
78,16,160,3.921846866607666,3.920358180999756,-0.0014886856079101562
78,17,160,3.5332112312316895,3.531155824661255,-0.0020554065704345703
78,18,160,2.913072347640991,2.9150350093841553,0.0019626617431640625
78,19,160,2.5383353233337402,2.5383574962615967,2.2172927856445312e-05
79,0,160,3.4103550910949707,3.411048173904419,0.0006930828094482422
79,1,160,3.5185890197753906,3.518127679824829,-0.00046133995056152344
79,2,160,3.446538209915161,3.4471991062164307,0.0006608963012695312
79,3,160,3.004460334777832,3.0008301734924316,-0.0036301612854003906
79,4,160,2.8575258255004883,2.857434034347534,-9.179115295410156e-05
79,5,160,3.3437559604644775,3.3458542823791504,0.0020983219146728516
79,6,160,3.317316770553589,3.317523717880249,0.00020694732666015625
79,7,160,3.352456569671631,3.350614547729492,-0.0018420219421386719
79,8,160,3.0527563095092773,3.055778980255127,0.0030226707458496094
79,9,160,3.27372407913208,3.274963617324829,0.0012395381927490234
79,10,160,3.492663621902466,3.495753049850464,0.003089427947998047
79,11,160,3.1037182807922363,3.1041390895843506,0.0004208087921142578
79,12,160,3.32629656791687,3.325739860534668,-0.0005567073822021484
79,13,160,3.7979331016540527,3.7967236042022705,-0.0012094974517822266
79,14,160,3.6431386470794678,3.644031524658203,0.0008928775787353516
79,15,160,3.5606932640075684,3.561358690261841,0.0006654262542724609
79,16,160,3.921846866607666,3.92250394821167,0.0006570816040039062
79,17,160,3.5332112312316895,3.5312960147857666,-0.0019152164459228516
79,18,160,2.913072347640991,2.9131546020507812,8.225440979003906e-05
79,19,160,2.5383353233337402,2.5375187397003174,-0.0008165836334228516
80,0,160,3.4103550910949707,3.409223794937134,-0.001131296157836914
80,1,160,3.5185890197753906,3.5190889835357666,0.0004999637603759766
80,2,160,3.446538209915161,3.4482662677764893,0.001728057861328125
80,3,160,3.004460334777832,3.0023715496063232,-0.002088785171508789
80,4,160,2.8575258255004883,2.857757568359375,0.00023174285888671875
80,5,160,3.3437559604644775,3.34628963470459,0.0025336742401123047
80,6,160,3.317316770553589,3.316100597381592,-0.0012161731719970703
80,7,160,3.352456569671631,3.353778600692749,0.001322031021118164
80,8,160,3.0527563095092773,3.0548501014709473,0.002093791961669922
80,9,160,3.27372407913208,3.276829719543457,0.003105640411376953
80,10,160,3.492663621902466,3.493129014968872,0.00046539306640625
80,11,160,3.1037182807922363,3.1061220169067383,0.002403736114501953
80,12,160,3.32629656791687,3.3267900943756104,0.0004935264587402344
80,13,160,3.7979331016540527,3.7945802211761475,-0.0033528804779052734
80,14,160,3.6431386470794678,3.647059679031372,0.003921031951904297
80,15,160,3.5606932640075684,3.562319040298462,0.0016257762908935547
80,16,160,3.921846866607666,3.9179494380950928,-0.003897428512573242
80,17,160,3.5332112312316895,3.5292882919311523,-0.003922939300537109
80,18,160,2.913072347640991,2.915820360183716,0.0027480125427246094
80,19,160,2.5383353233337402,2.5398752689361572,0.0015399456024169922
81,0,160,3.4103550910949707,3.4100515842437744,-0.00030350685119628906
81,1,160,3.5185890197753906,3.520159959793091,0.0015709400177001953
81,2,160,3.446538209915161,3.4461545944213867,-0.00038361549377441406
81,3,160,3.004460334777832,2.999985933303833,-0.0044744014739990234
81,4,160,2.8575258255004883,2.8585755825042725,0.0010497570037841797
81,5,160,3.3437559604644775,3.345395088195801,0.0016391277313232422
81,6,160,3.317316770553589,3.3167996406555176,-0.0005171298980712891
81,7,160,3.352456569671631,3.353830099105835,0.0013735294342041016
81,8,160,3.0527563095092773,3.0548362731933594,0.0020799636840820312
81,9,160,3.27372407913208,3.2757654190063477,0.002041339874267578
81,10,160,3.492663621902466,3.494581937789917,0.0019183158874511719
81,11,160,3.1037182807922363,3.1047251224517822,0.0010068416595458984
81,12,160,3.32629656791687,3.3239097595214844,-0.002386808395385742
81,13,160,3.7979331016540527,3.7979328632354736,-2.384185791015625e-07
81,14,160,3.6431386470794678,3.646483898162842,0.0033452510833740234
81,15,160,3.5606932640075684,3.5615649223327637,0.0008716583251953125
81,16,160,3.921846866607666,3.920748710632324,-0.0010981559753417969
81,17,160,3.5332112312316895,3.531035900115967,-0.0021753311157226562
81,18,160,2.913072347640991,2.914261817932129,0.0011894702911376953
81,19,160,2.5383353233337402,2.5401382446289062,0.0018029212951660156
82,0,160,3.4103550910949707,3.4101781845092773,-0.00017690658569335938
82,1,160,3.5185890197753906,3.5186073780059814,1.8358230590820312e-05
82,2,160,3.446538209915161,3.446819305419922,0.0002810955047607422
82,3,160,3.004460334777832,2.998905658721924,-0.005554676055908203
82,4,160,2.8575258255004883,2.855700969696045,-0.0018248558044433594
82,5,160,3.3437559604644775,3.3456177711486816,0.0018618106842041016
82,6,160,3.317316770553589,3.317403793334961,8.702278137207031e-05
82,7,160,3.352456569671631,3.351907730102539,-0.0005488395690917969
82,8,160,3.0527563095092773,3.052799940109253,4.363059997558594e-05
82,9,160,3.27372407913208,3.275418996810913,0.0016949176788330078
82,10,160,3.492663621902466,3.4951186180114746,0.002454996109008789
82,11,160,3.1037182807922363,3.1060924530029297,0.0023741722106933594
82,12,160,3.32629656791687,3.324489116668701,-0.0018074512481689453
82,13,160,3.7979331016540527,3.799255609512329,0.0013225078582763672
82,14,160,3.6431386470794678,3.6448428630828857,0.0017042160034179688
82,15,160,3.5606932640075684,3.56011700630188,-0.0005762577056884766
82,16,160,3.921846866607666,3.919485569000244,-0.002361297607421875
82,17,160,3.5332112312316895,3.531484365463257,-0.0017268657684326172
82,18,160,2.913072347640991,2.913839340209961,0.0007669925689697266
82,19,160,2.5383353233337402,2.538670539855957,0.0003352165222167969
83,0,160,3.4103550910949707,3.4112539291381836,0.0008988380432128906
83,1,160,3.5185890197753906,3.5219016075134277,0.0033125877380371094
83,2,160,3.446538209915161,3.4449241161346436,-0.0016140937805175781
83,3,160,3.004460334777832,3.000610589981079,-0.0038497447967529297
83,4,160,2.8575258255004883,2.8551688194274902,-0.002357006072998047
83,5,160,3.3437559604644775,3.3459713459014893,0.0022153854370117188
83,6,160,3.317316770553589,3.3174057006835938,8.893013000488281e-05
83,7,160,3.352456569671631,3.355067491531372,0.002610921859741211
83,8,160,3.0527563095092773,3.055203437805176,0.0024471282958984375
83,9,160,3.27372407913208,3.2738118171691895,8.7738037109375e-05
83,10,160,3.492663621902466,3.4960477352142334,0.003384113311767578
83,11,160,3.1037182807922363,3.1061813831329346,0.002463102340698242
83,12,160,3.32629656791687,3.3254988193511963,-0.0007977485656738281
83,13,160,3.7979331016540527,3.7984442710876465,0.00051116943359375
83,14,160,3.6431386470794678,3.6453375816345215,0.002198934555053711
83,15,160,3.5606932640075684,3.559008836746216,-0.001684427261352539
83,16,160,3.921846866607666,3.9219045639038086,5.7697296142578125e-05
83,17,160,3.5332112312316895,3.5317327976226807,-0.001478433609008789
83,18,160,2.913072347640991,2.915578842163086,0.0025064945220947266
83,19,160,2.5383353233337402,2.5386672019958496,0.000331878662109375
84,0,160,3.4103550910949707,3.4119961261749268,0.0016410350799560547
84,1,160,3.5185890197753906,3.519054412841797,0.00046539306640625
84,2,160,3.446538209915161,3.448676824569702,0.0021386146545410156
84,3,160,3.004460334777832,3.0026609897613525,-0.0017993450164794922
84,4,160,2.8575258255004883,2.8575658798217773,4.00543212890625e-05
84,5,160,3.3437559604644775,3.3461713790893555,0.0024154186248779297
84,6,160,3.317316770553589,3.319228410720825,0.0019116401672363281
84,7,160,3.352456569671631,3.354487657546997,0.002031087875366211
84,8,160,3.0527563095092773,3.056631565093994,0.003875255584716797
84,9,160,3.27372407913208,3.2763428688049316,0.0026187896728515625
84,10,160,3.492663621902466,3.4946229457855225,0.0019593238830566406
84,11,160,3.1037182807922363,3.104066848754883,0.0003485679626464844
84,12,160,3.32629656791687,3.3251843452453613,-0.001112222671508789
84,13,160,3.7979331016540527,3.7961111068725586,-0.0018219947814941406
84,14,160,3.6431386470794678,3.647282123565674,0.004143476486206055
84,15,160,3.5606932640075684,3.5595388412475586,-0.0011544227600097656
84,16,160,3.921846866607666,3.9211926460266113,-0.0006542205810546875
84,17,160,3.5332112312316895,3.5303683280944824,-0.0028429031372070312
84,18,160,2.913072347640991,2.9142799377441406,0.001207590103149414
84,19,160,2.5383353233337402,2.5386011600494385,0.0002658367156982422
85,0,160,3.4103550910949707,3.4092087745666504,-0.0011463165283203125
85,1,160,3.5185890197753906,3.519320249557495,0.0007312297821044922
85,2,160,3.446538209915161,3.4458587169647217,-0.0006794929504394531
85,3,160,3.004460334777832,3.0021228790283203,-0.0023374557495117188
85,4,160,2.8575258255004883,2.856771230697632,-0.0007545948028564453
85,5,160,3.3437559604644775,3.344837188720703,0.001081228256225586
85,6,160,3.317316770553589,3.3185296058654785,0.0012128353118896484
85,7,160,3.352456569671631,3.3522744178771973,-0.00018215179443359375
85,8,160,3.0527563095092773,3.055907964706421,0.0031516551971435547
85,9,160,3.27372407913208,3.2766993045806885,0.0029752254486083984
85,10,160,3.492663621902466,3.495373249053955,0.002709627151489258
85,11,160,3.1037182807922363,3.103524923324585,-0.0001933574676513672
85,12,160,3.32629656791687,3.325516700744629,-0.0007798671722412109
85,13,160,3.7979331016540527,3.796719551086426,-0.0012135505676269531
85,14,160,3.6431386470794678,3.6458072662353516,0.002668619155883789
85,15,160,3.5606932640075684,3.5597922801971436,-0.0009009838104248047
85,16,160,3.921846866607666,3.922565221786499,0.0007183551788330078
85,17,160,3.5332112312316895,3.5312068462371826,-0.002004384994506836
85,18,160,2.913072347640991,2.914874315261841,0.0018019676208496094
85,19,160,2.5383353233337402,2.539426565170288,0.0010912418365478516
86,0,160,3.4103550910949707,3.411771297454834,0.0014162063598632812
86,1,160,3.5185890197753906,3.5185859203338623,-3.0994415283203125e-06
86,2,160,3.446538209915161,3.444908380508423,-0.0016298294067382812
86,3,160,3.004460334777832,2.9988067150115967,-0.0056536197662353516
86,4,160,2.8575258255004883,2.8570878505706787,-0.0004379749298095703
86,5,160,3.3437559604644775,3.342373847961426,-0.0013821125030517578
86,6,160,3.317316770553589,3.3148059844970703,-0.0025107860565185547
86,7,160,3.352456569671631,3.351541042327881,-0.00091552734375
86,8,160,3.0527563095092773,3.0529043674468994,0.0001480579376220703
86,9,160,3.27372407913208,3.2733583450317383,-0.0003657341003417969
86,10,160,3.492663621902466,3.494723081588745,0.002059459686279297
86,11,160,3.1037182807922363,3.107975959777832,0.004257678985595703
86,12,160,3.32629656791687,3.3338310718536377,0.007534503936767578
86,13,160,3.7979331016540527,3.7982590198516846,0.00032591819763183594
86,14,160,3.6431386470794678,3.6471590995788574,0.0040204524993896484
86,15,160,3.5606932640075684,3.560802936553955,0.00010967254638671875
86,16,160,3.921846866607666,3.9189553260803223,-0.00289154052734375
86,17,160,3.5332112312316895,3.532918930053711,-0.0002923011779785156
86,18,160,2.913072347640991,2.9139225482940674,0.0008502006530761719
86,19,160,2.5383353233337402,2.5410208702087402,0.002685546875
87,0,160,3.4103550910949707,3.4117136001586914,0.0013585090637207031
87,1,160,3.5185890197753906,3.5179858207702637,-0.0006031990051269531
87,2,160,3.446538209915161,3.4515366554260254,0.004998445510864258
87,3,160,3.004460334777832,3.0015578269958496,-0.002902507781982422
87,4,160,2.8575258255004883,2.861525058746338,0.003999233245849609
87,5,160,3.3437559604644775,3.351533889770508,0.0077779293060302734
87,6,160,3.317316770553589,3.318502902984619,0.0011861324310302734
87,7,160,3.352456569671631,3.3573763370513916,0.004919767379760742
87,8,160,3.0527563095092773,3.056518316268921,0.0037620067596435547
87,9,160,3.27372407913208,3.2780470848083496,0.004323005676269531
87,10,160,3.492663621902466,3.4980697631835938,0.00540614128112793
87,11,160,3.1037182807922363,3.106278896331787,0.0025606155395507812
87,12,160,3.32629656791687,3.3258721828460693,-0.00042438507080078125
87,13,160,3.7979331016540527,3.797153949737549,-0.0007791519165039062
87,14,160,3.6431386470794678,3.6454992294311523,0.0023605823516845703
87,15,160,3.5606932640075684,3.559515953063965,-0.0011773109436035156
87,16,160,3.921846866607666,3.918189287185669,-0.0036575794219970703
87,17,160,3.5332112312316895,3.5303235054016113,-0.002887725830078125
87,18,160,2.913072347640991,2.9153828620910645,0.002310514450073242
87,19,160,2.5383353233337402,2.5353634357452393,-0.0029718875885009766
88,0,160,3.4103550910949707,3.412597894668579,0.0022428035736083984
88,1,160,3.5185890197753906,3.5175414085388184,-0.0010476112365722656
88,2,160,3.446538209915161,3.446469783782959,-6.842613220214844e-05
88,3,160,3.004460334777832,2.9999935626983643,-0.0044667720794677734
88,4,160,2.8575258255004883,2.8583192825317383,0.00079345703125
88,5,160,3.3437559604644775,3.3449318408966064,0.0011758804321289062
88,6,160,3.317316770553589,3.3171234130859375,-0.0001933574676513672
88,7,160,3.352456569671631,3.3531458377838135,0.0006892681121826172
88,8,160,3.0527563095092773,3.0527498722076416,-6.4373016357421875e-06
88,9,160,3.27372407913208,3.2736778259277344,-4.6253204345703125e-05
88,10,160,3.492663621902466,3.4937314987182617,0.0010678768157958984
88,11,160,3.1037182807922363,3.1049134731292725,0.0011951923370361328
88,12,160,3.32629656791687,3.3265202045440674,0.00022363662719726562
88,13,160,3.7979331016540527,3.7950174808502197,-0.002915620803833008
88,14,160,3.6431386470794678,3.645594835281372,0.002456188201904297
88,15,160,3.5606932640075684,3.5604407787323,-0.0002524852752685547
88,16,160,3.921846866607666,3.9211721420288086,-0.0006747245788574219
88,17,160,3.5332112312316895,3.532089948654175,-0.0011212825775146484
88,18,160,2.913072347640991,2.9160971641540527,0.0030248165130615234
88,19,160,2.5383353233337402,2.5413832664489746,0.003047943115234375
89,0,160,3.4103550910949707,3.410741090774536,0.0003859996795654297
89,1,160,3.5185890197753906,3.5191922187805176,0.0006031990051269531
89,2,160,3.446538209915161,3.4443135261535645,-0.0022246837615966797
89,3,160,3.004460334777832,3.000298261642456,-0.0041620731353759766
89,4,160,2.8575258255004883,2.8554065227508545,-0.002119302749633789
89,5,160,3.3437559604644775,3.346071720123291,0.0023157596588134766
89,6,160,3.317316770553589,3.316082239151001,-0.0012345314025878906
89,7,160,3.352456569671631,3.353973150253296,0.001516580581665039
89,8,160,3.0527563095092773,3.0536396503448486,0.0008833408355712891
89,9,160,3.27372407913208,3.2745635509490967,0.0008394718170166016
89,10,160,3.492663621902466,3.494659185409546,0.001995563507080078
89,11,160,3.1037182807922363,3.1053528785705566,0.0016345977783203125
89,12,160,3.32629656791687,3.324558973312378,-0.0017375946044921875
89,13,160,3.7979331016540527,3.7951695919036865,-0.002763509750366211
89,14,160,3.6431386470794678,3.647265672683716,0.004127025604248047
89,15,160,3.5606932640075684,3.5599489212036133,-0.0007443428039550781
89,16,160,3.921846866607666,3.9232137203216553,0.0013668537139892578
89,17,160,3.5332112312316895,3.5319888591766357,-0.001222372055053711
89,18,160,2.913072347640991,2.914999485015869,0.0019271373748779297
89,19,160,2.5383353233337402,2.537893533706665,-0.0004417896270751953
90,0,160,3.4103550910949707,3.4116082191467285,0.0012531280517578125
90,1,160,3.5185890197753906,3.5204973220825195,0.0019083023071289062
90,2,160,3.446538209915161,3.443382978439331,-0.003155231475830078
90,3,160,3.004460334777832,3.001157522201538,-0.0033028125762939453
90,4,160,2.8575258255004883,2.8560948371887207,-0.0014309883117675781
90,5,160,3.3437559604644775,3.345287561416626,0.0015316009521484375
90,6,160,3.317316770553589,3.317068576812744,-0.00024819374084472656
90,7,160,3.352456569671631,3.3530921936035156,0.0006356239318847656
90,8,160,3.0527563095092773,3.055926561355591,0.0031702518463134766
90,9,160,3.27372407913208,3.275132656097412,0.0014085769653320312
90,10,160,3.492663621902466,3.495272636413574,0.0026090145111083984
90,11,160,3.1037182807922363,3.105992317199707,0.002274036407470703
90,12,160,3.32629656791687,3.3269121646881104,0.0006155967712402344
90,13,160,3.7979331016540527,3.7970712184906006,-0.0008618831634521484
90,14,160,3.6431386470794678,3.6468231678009033,0.003684520721435547
90,15,160,3.5606932640075684,3.561465263366699,0.0007719993591308594
90,16,160,3.921846866607666,3.920305013656616,-0.0015418529510498047
90,17,160,3.5332112312316895,3.5327138900756836,-0.0004973411560058594
90,18,160,2.913072347640991,2.9146242141723633,0.0015518665313720703
90,19,160,2.5383353233337402,2.5398104190826416,0.0014750957489013672
91,0,160,3.4103550910949707,3.411166191101074,0.0008111000061035156
91,1,160,3.5185890197753906,3.5193257331848145,0.0007367134094238281
91,2,160,3.446538209915161,3.445275068283081,-0.0012631416320800781
91,3,160,3.004460334777832,2.999239921569824,-0.0052204132080078125
91,4,160,2.8575258255004883,2.858952045440674,0.0014262199401855469
91,5,160,3.3437559604644775,3.3465466499328613,0.002790689468383789
91,6,160,3.317316770553589,3.3141891956329346,-0.003127574920654297
91,7,160,3.352456569671631,3.352018356323242,-0.0004382133483886719
91,8,160,3.0527563095092773,3.056018590927124,0.0032622814178466797
91,9,160,3.27372407913208,3.2751455307006836,0.0014214515686035156
91,10,160,3.492663621902466,3.4955811500549316,0.0029175281524658203
91,11,160,3.1037182807922363,3.105229616165161,0.0015113353729248047
91,12,160,3.32629656791687,3.3263840675354004,8.749961853027344e-05
91,13,160,3.7979331016540527,3.7988200187683105,0.0008869171142578125
91,14,160,3.6431386470794678,3.645338296890259,0.0021996498107910156
91,15,160,3.5606932640075684,3.560371160507202,-0.00032210350036621094
91,16,160,3.921846866607666,3.9193689823150635,-0.002477884292602539
91,17,160,3.5332112312316895,3.5332999229431152,8.869171142578125e-05
91,18,160,2.913072347640991,2.914663791656494,0.0015914440155029297
91,19,160,2.5383353233337402,2.5388543605804443,0.0005190372467041016
92,0,160,3.4103550910949707,3.4108142852783203,0.0004591941833496094
92,1,160,3.5185890197753906,3.519739866256714,0.0011508464813232422
92,2,160,3.446538209915161,3.4451067447662354,-0.0014314651489257812
92,3,160,3.004460334777832,3.000084400177002,-0.004375934600830078
92,4,160,2.8575258255004883,2.858401298522949,0.0008754730224609375
92,5,160,3.3437559604644775,3.344695568084717,0.0009396076202392578
92,6,160,3.317316770553589,3.317173719406128,-0.0001430511474609375
92,7,160,3.352456569671631,3.351736307144165,-0.0007202625274658203
92,8,160,3.0527563095092773,3.0541319847106934,0.0013756752014160156
92,9,160,3.27372407913208,3.2740509510040283,0.0003268718719482422
92,10,160,3.492663621902466,3.493037223815918,0.00037360191345214844
92,11,160,3.1037182807922363,3.1029481887817383,-0.0007700920104980469
92,12,160,3.32629656791687,3.3256349563598633,-0.0006616115570068359
92,13,160,3.7979331016540527,3.796760320663452,-0.001172780990600586
92,14,160,3.6431386470794678,3.6459641456604004,0.002825498580932617
92,15,160,3.5606932640075684,3.5606143474578857,-7.891654968261719e-05
92,16,160,3.921846866607666,3.9205753803253174,-0.0012714862823486328
92,17,160,3.5332112312316895,3.5351550579071045,0.001943826675415039
92,18,160,2.913072347640991,2.9146389961242676,0.0015666484832763672
92,19,160,2.5383353233337402,2.5385360717773438,0.00020074844360351562
93,0,160,3.4103550910949707,3.4105570316314697,0.00020194053649902344
93,1,160,3.5185890197753906,3.5169684886932373,-0.0016205310821533203
93,2,160,3.446538209915161,3.447624683380127,0.0010864734649658203
93,3,160,3.004460334777832,3.001587152481079,-0.0028731822967529297
93,4,160,2.8575258255004883,2.856581449508667,-0.0009443759918212891
93,5,160,3.3437559604644775,3.344475507736206,0.0007195472717285156
93,6,160,3.317316770553589,3.3159844875335693,-0.0013322830200195312
93,7,160,3.352456569671631,3.3518826961517334,-0.0005738735198974609
93,8,160,3.0527563095092773,3.054279088973999,0.0015227794647216797
93,9,160,3.27372407913208,3.2757656574249268,0.0020415782928466797
93,10,160,3.492663621902466,3.4947776794433594,0.0021140575408935547
93,11,160,3.1037182807922363,3.104614734649658,0.000896453857421875
93,12,160,3.32629656791687,3.3246707916259766,-0.0016257762908935547
93,13,160,3.7979331016540527,3.796190023422241,-0.0017430782318115234
93,14,160,3.6431386470794678,3.6453909873962402,0.002252340316772461
93,15,160,3.5606932640075684,3.561856508255005,0.0011632442474365234
93,16,160,3.921846866607666,3.9208121299743652,-0.0010347366333007812
93,17,160,3.5332112312316895,3.5320663452148438,-0.0011448860168457031
93,18,160,2.913072347640991,2.915095806121826,0.002023458480834961
93,19,160,2.5383353233337402,2.538914918899536,0.0005795955657958984
94,0,160,3.4103550910949707,3.4103105068206787,-4.458427429199219e-05
94,1,160,3.5185890197753906,3.5171875953674316,-0.0014014244079589844
94,2,160,3.446538209915161,3.4452462196350098,-0.0012919902801513672
94,3,160,3.004460334777832,2.9997591972351074,-0.004701137542724609
94,4,160,2.8575258255004883,2.856198787689209,-0.0013270378112792969
94,5,160,3.3437559604644775,3.3448257446289062,0.001069784164428711
94,6,160,3.317316770553589,3.316420555114746,-0.0008962154388427734
94,7,160,3.352456569671631,3.352064371109009,-0.0003921985626220703
94,8,160,3.0527563095092773,3.054497003555298,0.0017406940460205078
94,9,160,3.27372407913208,3.2751989364624023,0.0014748573303222656
94,10,160,3.492663621902466,3.4931435585021973,0.0004799365997314453
94,11,160,3.1037182807922363,3.1026675701141357,-0.001050710678100586
94,12,160,3.32629656791687,3.324820041656494,-0.0014765262603759766
94,13,160,3.7979331016540527,3.7963640689849854,-0.0015690326690673828
94,14,160,3.6431386470794678,3.644491195678711,0.001352548599243164
94,15,160,3.5606932640075684,3.5593016147613525,-0.0013916492462158203
94,16,160,3.921846866607666,3.9213311672210693,-0.0005156993865966797
94,17,160,3.5332112312316895,3.5322370529174805,-0.0009741783142089844
94,18,160,2.913072347640991,2.914729356765747,0.0016570091247558594
94,19,160,2.5383353233337402,2.5368213653564453,-0.0015139579772949219
95,0,160,3.4103550910949707,3.410356283187866,1.1920928955078125e-06
95,1,160,3.5185890197753906,3.519221782684326,0.0006327629089355469
95,2,160,3.446538209915161,3.445082426071167,-0.0014557838439941406
95,3,160,3.004460334777832,3.000439405441284,-0.0040209293365478516
95,4,160,2.8575258255004883,2.8558332920074463,-0.0016925334930419922
95,5,160,3.3437559604644775,3.3466358184814453,0.0028798580169677734
95,6,160,3.317316770553589,3.318514823913574,0.0011980533599853516
95,7,160,3.352456569671631,3.352018356323242,-0.0004382133483886719
95,8,160,3.0527563095092773,3.0549981594085693,0.002241849899291992
95,9,160,3.27372407913208,3.274104595184326,0.00038051605224609375
95,10,160,3.492663621902466,3.5016374588012695,0.008973836898803711
95,11,160,3.1037182807922363,3.1038756370544434,0.00015735626220703125
95,12,160,3.32629656791687,3.324946641921997,-0.0013499259948730469
95,13,160,3.7979331016540527,3.7970423698425293,-0.0008907318115234375
95,14,160,3.6431386470794678,3.644714117050171,0.001575469970703125
95,15,160,3.5606932640075684,3.5596165657043457,-0.0010766983032226562
95,16,160,3.921846866607666,3.9235429763793945,0.0016961097717285156
95,17,160,3.5332112312316895,3.5306389331817627,-0.002572298049926758
95,18,160,2.913072347640991,2.915386438369751,0.0023140907287597656
95,19,160,2.5383353233337402,2.539027452468872,0.0006921291351318359
96,0,160,3.4103550910949707,3.4100852012634277,-0.00026988983154296875
96,1,160,3.5185890197753906,3.5195741653442383,0.0009851455688476562
96,2,160,3.446538209915161,3.4470558166503906,0.0005176067352294922
96,3,160,3.004460334777832,3.002274513244629,-0.002185821533203125
96,4,160,2.8575258255004883,2.8568596839904785,-0.0006661415100097656
96,5,160,3.3437559604644775,3.3468568325042725,0.003100872039794922
96,6,160,3.317316770553589,3.3182945251464844,0.0009777545928955078
96,7,160,3.352456569671631,3.351938009262085,-0.0005185604095458984
96,8,160,3.0527563095092773,3.057800054550171,0.005043745040893555
96,9,160,3.27372407913208,3.275585889816284,0.0018618106842041016
96,10,160,3.492663621902466,3.496962308883667,0.004298686981201172
96,11,160,3.1037182807922363,3.1023902893066406,-0.0013279914855957031
96,12,160,3.32629656791687,3.3258144855499268,-0.0004820823669433594
96,13,160,3.7979331016540527,3.7996387481689453,0.0017056465148925781
96,14,160,3.6431386470794678,3.6457836627960205,0.0026450157165527344
96,15,160,3.5606932640075684,3.5605311393737793,-0.0001621246337890625
96,16,160,3.921846866607666,3.923060178756714,0.0012133121490478516
96,17,160,3.5332112312316895,3.532263994216919,-0.0009472370147705078
96,18,160,2.913072347640991,2.916638135910034,0.0035657882690429688
96,19,160,2.5383353233337402,2.536691427230835,-0.0016438961029052734
97,0,160,3.4103550910949707,3.411268949508667,0.0009138584136962891
97,1,160,3.5185890197753906,3.5165293216705322,-0.0020596981048583984
97,2,160,3.446538209915161,3.446749448776245,0.00021123886108398438
97,3,160,3.004460334777832,3.0021817684173584,-0.002278566360473633
97,4,160,2.8575258255004883,2.856496572494507,-0.0010292530059814453
97,5,160,3.3437559604644775,3.3457283973693848,0.0019724369049072266
97,6,160,3.317316770553589,3.3179280757904053,0.0006113052368164062
97,7,160,3.352456569671631,3.3554162979125977,0.002959728240966797
97,8,160,3.0527563095092773,3.057042360305786,0.004286050796508789
97,9,160,3.27372407913208,3.276862382888794,0.003138303756713867
97,10,160,3.492663621902466,3.497769355773926,0.005105733871459961
97,11,160,3.1037182807922363,3.1051485538482666,0.0014302730560302734
97,12,160,3.32629656791687,3.325253963470459,-0.0010426044464111328
97,13,160,3.7979331016540527,3.7999680042266846,0.002034902572631836
97,14,160,3.6431386470794678,3.645484685897827,0.002346038818359375
97,15,160,3.5606932640075684,3.5603108406066895,-0.00038242340087890625
97,16,160,3.921846866607666,3.92350697517395,0.0016601085662841797
97,17,160,3.5332112312316895,3.5314717292785645,-0.001739501953125
97,18,160,2.913072347640991,2.914994478225708,0.0019221305847167969
97,19,160,2.5383353233337402,2.537829637527466,-0.0005056858062744141
98,0,160,3.4103550910949707,3.411466360092163,0.0011112689971923828
98,1,160,3.5185890197753906,3.5196990966796875,0.001110076904296875
98,2,160,3.446538209915161,3.4450998306274414,-0.0014383792877197266
98,3,160,3.004460334777832,2.9987759590148926,-0.005684375762939453
98,4,160,2.8575258255004883,2.8568239212036133,-0.000701904296875
98,5,160,3.3437559604644775,3.344863176345825,0.0011072158813476562
98,6,160,3.317316770553589,3.3170292377471924,-0.0002875328063964844
98,7,160,3.352456569671631,3.352755308151245,0.0002987384796142578
98,8,160,3.0527563095092773,3.054077386856079,0.0013210773468017578
98,9,160,3.27372407913208,3.274968147277832,0.0012440681457519531
98,10,160,3.492663621902466,3.4937877655029297,0.0011241436004638672
98,11,160,3.1037182807922363,3.1047489643096924,0.0010306835174560547
98,12,160,3.32629656791687,3.32645845413208,0.00016188621520996094
98,13,160,3.7979331016540527,3.7977848052978516,-0.00014829635620117188
98,14,160,3.6431386470794678,3.6457290649414062,0.0025904178619384766
98,15,160,3.5606932640075684,3.5605978965759277,-9.5367431640625e-05
98,16,160,3.921846866607666,3.920698881149292,-0.0011479854583740234
98,17,160,3.5332112312316895,3.53218674659729,-0.001024484634399414
98,18,160,2.913072347640991,2.9190738201141357,0.006001472473144531
98,19,160,2.5383353233337402,2.5391619205474854,0.0008265972137451172
99,0,160,3.4103550910949707,3.4112040996551514,0.0008490085601806641
99,1,160,3.5185890197753906,3.5195298194885254,0.0009407997131347656
99,2,160,3.446538209915161,3.445919990539551,-0.0006182193756103516
99,3,160,3.004460334777832,3.0033493041992188,-0.0011110305786132812
99,4,160,2.8575258255004883,2.8585927486419678,0.0010669231414794922
99,5,160,3.3437559604644775,3.3460559844970703,0.0023000240325927734
99,6,160,3.317316770553589,3.3150522708892822,-0.0022644996643066406
99,7,160,3.352456569671631,3.3515396118164062,-0.0009169578552246094
99,8,160,3.0527563095092773,3.0529026985168457,0.00014638900756835938
99,9,160,3.27372407913208,3.2761566638946533,0.002432584762573242
99,10,160,3.492663621902466,3.4948208332061768,0.0021572113037109375
99,11,160,3.1037182807922363,3.1044702529907227,0.0007519721984863281
99,12,160,3.32629656791687,3.325140953063965,-0.0011556148529052734
99,13,160,3.7979331016540527,3.7979750633239746,4.1961669921875e-05
99,14,160,3.6431386470794678,3.646285057067871,0.0031464099884033203
99,15,160,3.5606932640075684,3.559654951095581,-0.0010383129119873047
99,16,160,3.921846866607666,3.9209816455841064,-0.0008652210235595703
99,17,160,3.5332112312316895,3.5304384231567383,-0.002772808074951172
99,18,160,2.913072347640991,2.9154694080352783,0.0023970603942871094
99,19,160,2.5383353233337402,2.537851333618164,-0.0004839897155761719
