subset,query,n_removed,baseline_loss,filtered_loss,loss_change
0,0,160,3.3952088356018066,3.395522117614746,0.0003132820129394531
0,1,160,3.5262527465820312,3.5256359577178955,-0.0006167888641357422
0,2,160,3.4333651065826416,3.43324875831604,-0.0001163482666015625
0,3,160,2.997727155685425,2.9991376399993896,0.0014104843139648438
0,4,160,2.8241868019104004,2.8228919506073,-0.001294851303100586
0,5,160,3.3419837951660156,3.342641830444336,0.0006580352783203125
0,6,160,3.3206419944763184,3.320805788040161,0.00016379356384277344
0,7,160,3.3390421867370605,3.3392560482025146,0.00021386146545410156
0,8,160,3.057307243347168,3.0577759742736816,0.0004687309265136719
0,9,160,3.2768585681915283,3.2775583267211914,0.0006997585296630859
0,10,160,3.480879306793213,3.4799137115478516,-0.0009655952453613281
0,11,160,3.1188013553619385,3.1195385456085205,0.0007371902465820312
0,12,160,3.3325867652893066,3.33315372467041,0.0005669593811035156
0,13,160,3.8104255199432373,3.809910535812378,-0.000514984130859375
0,14,160,3.6306989192962646,3.6311163902282715,0.00041747093200683594
0,15,160,3.560122489929199,3.5601885318756104,6.604194641113281e-05
0,16,160,3.9201157093048096,3.9205117225646973,0.0003960132598876953
0,17,160,3.5192716121673584,3.5201385021209717,0.0008668899536132812
0,18,160,2.898158073425293,2.898233413696289,7.534027099609375e-05
0,19,160,2.5089364051818848,2.509310245513916,0.00037384033203125
1,0,160,3.3952088356018066,3.3951973915100098,-1.1444091796875e-05
1,1,160,3.5262527465820312,3.5271599292755127,0.0009071826934814453
1,2,160,3.4333651065826416,3.4345929622650146,0.0012278556823730469
1,3,160,2.997727155685425,2.997443675994873,-0.0002834796905517578
1,4,160,2.8241868019104004,2.824652671813965,0.0004658699035644531
1,5,160,3.3419837951660156,3.3435280323028564,0.0015442371368408203
1,6,160,3.3206419944763184,3.321497917175293,0.0008559226989746094
1,7,160,3.3390421867370605,3.3400609493255615,0.0010187625885009766
1,8,160,3.057307243347168,3.0579311847686768,0.0006239414215087891
1,9,160,3.2768585681915283,3.2779390811920166,0.0010805130004882812
1,10,160,3.480879306793213,3.4826855659484863,0.0018062591552734375
1,11,160,3.1188013553619385,3.1185994148254395,-0.00020194053649902344
1,12,160,3.3325867652893066,3.340384006500244,0.0077972412109375
1,13,160,3.8104255199432373,3.810643434524536,0.00021791458129882812
1,14,160,3.6306989192962646,3.631357431411743,0.0006585121154785156
1,15,160,3.560122489929199,3.559701681137085,-0.0004208087921142578
1,16,160,3.9201157093048096,3.9203689098358154,0.0002532005310058594
1,17,160,3.5192716121673584,3.5179331302642822,-0.0013384819030761719
1,18,160,2.898158073425293,2.8986761569976807,0.0005180835723876953
1,19,160,2.5089364051818848,2.5090506076812744,0.00011420249938964844
2,0,160,3.3952088356018066,3.3952975273132324,8.869171142578125e-05
2,1,160,3.5262527465820312,3.525775194168091,-0.0004775524139404297
2,2,160,3.4333651065826416,3.4338276386260986,0.00046253204345703125
2,3,160,2.997727155685425,2.9983372688293457,0.0006101131439208984
2,4,160,2.8241868019104004,2.824167490005493,-1.9311904907226562e-05
2,5,160,3.3419837951660156,3.3427648544311523,0.0007810592651367188
2,6,160,3.3206419944763184,3.321992874145508,0.0013508796691894531
2,7,160,3.3390421867370605,3.339370012283325,0.00032782554626464844
2,8,160,3.057307243347168,3.0581917762756348,0.0008845329284667969
2,9,160,3.2768585681915283,3.277808666229248,0.0009500980377197266
2,10,160,3.480879306793213,3.4800353050231934,-0.0008440017700195312
2,11,160,3.1188013553619385,3.1214652061462402,0.002663850784301758
2,12,160,3.3325867652893066,3.332766532897949,0.00017976760864257812
2,13,160,3.8104255199432373,3.8111960887908936,0.00077056884765625
2,14,160,3.6306989192962646,3.6322600841522217,0.0015611648559570312
2,15,160,3.560122489929199,3.560230255126953,0.00010776519775390625
2,16,160,3.9201157093048096,3.920976400375366,0.0008606910705566406
2,17,160,3.5192716121673584,3.5189120769500732,-0.00035953521728515625
2,18,160,2.898158073425293,2.8986291885375977,0.0004711151123046875
2,19,160,2.5089364051818848,2.508631706237793,-0.0003046989440917969
3,0,160,3.3952088356018066,3.393941879272461,-0.0012669563293457031
3,1,160,3.5262527465820312,3.5276710987091064,0.0014183521270751953
3,2,160,3.4333651065826416,3.4345600605010986,0.0011949539184570312
3,3,160,2.997727155685425,2.9975225925445557,-0.00020456314086914062
3,4,160,2.8241868019104004,2.824599266052246,0.0004124641418457031
3,5,160,3.3419837951660156,3.341134548187256,-0.0008492469787597656
3,6,160,3.3206419944763184,3.3212316036224365,0.0005896091461181641
3,7,160,3.3390421867370605,3.339064836502075,2.2649765014648438e-05
3,8,160,3.057307243347168,3.0580837726593018,0.0007765293121337891
3,9,160,3.2768585681915283,3.2768445014953613,-1.4066696166992188e-05
3,10,160,3.480879306793213,3.4808568954467773,-2.2411346435546875e-05
3,11,160,3.1188013553619385,3.118882417678833,8.106231689453125e-05
3,12,160,3.3325867652893066,3.331428289413452,-0.0011584758758544922
3,13,160,3.8104255199432373,3.8090426921844482,-0.0013828277587890625
3,14,160,3.6306989192962646,3.6322426795959473,0.0015437602996826172
3,15,160,3.560122489929199,3.560234546661377,0.00011205673217773438
3,16,160,3.9201157093048096,3.9195191860198975,-0.0005965232849121094
3,17,160,3.5192716121673584,3.519211530685425,-6.008148193359375e-05
3,18,160,2.898158073425293,2.8987298011779785,0.0005717277526855469
3,19,160,2.5089364051818848,2.50761079788208,-0.0013256072998046875
4,0,160,3.3952088356018066,3.3965961933135986,0.0013873577117919922
4,1,160,3.5262527465820312,3.525028944015503,-0.0012238025665283203
4,2,160,3.4333651065826416,3.433588743209839,0.00022363662719726562
4,3,160,2.997727155685425,2.9990732669830322,0.0013461112976074219
4,4,160,2.8241868019104004,2.8239150047302246,-0.00027179718017578125
4,5,160,3.3419837951660156,3.342444658279419,0.0004608631134033203
4,6,160,3.3206419944763184,3.320308208465576,-0.0003337860107421875
4,7,160,3.3390421867370605,3.3398046493530273,0.0007624626159667969
4,8,160,3.057307243347168,3.05759334564209,0.000286102294921875
4,9,160,3.2768585681915283,3.2779948711395264,0.0011363029479980469
4,10,160,3.480879306793213,3.4822609424591064,0.0013816356658935547
4,11,160,3.1188013553619385,3.118661642074585,-0.00013971328735351562
4,12,160,3.3325867652893066,3.339698076248169,0.007111310958862305
4,13,160,3.8104255199432373,3.810724973678589,0.0002994537353515625
4,14,160,3.6306989192962646,3.631272554397583,0.0005736351013183594
4,15,160,3.560122489929199,3.5598597526550293,-0.0002627372741699219
4,16,160,3.9201157093048096,3.91965651512146,-0.0004591941833496094
4,17,160,3.5192716121673584,3.51916766166687,-0.00010395050048828125
4,18,160,2.898158073425293,2.898867607116699,0.00070953369140625
4,19,160,2.5089364051818848,2.5084292888641357,-0.0005071163177490234
5,0,160,3.3952088356018066,3.396667718887329,0.001458883285522461
5,1,160,3.5262527465820312,3.5270884037017822,0.0008356571197509766
5,2,160,3.4333651065826416,3.431776285171509,-0.0015888214111328125
5,3,160,2.997727155685425,2.9970908164978027,-0.0006363391876220703
5,4,160,2.8241868019104004,2.8244476318359375,0.0002608299255371094
5,5,160,3.3419837951660156,3.340721607208252,-0.0012621879577636719
5,6,160,3.3206419944763184,3.3205344676971436,-0.00010752677917480469
5,7,160,3.3390421867370605,3.340477466583252,0.0014352798461914062
5,8,160,3.057307243347168,3.057401418685913,9.417533874511719e-05
5,9,160,3.2768585681915283,3.277292490005493,0.00043392181396484375
5,10,160,3.480879306793213,3.480999231338501,0.00011992454528808594
5,11,160,3.1188013553619385,3.11928391456604,0.0004825592041015625
5,12,160,3.3325867652893066,3.331902027130127,-0.0006847381591796875
5,13,160,3.8104255199432373,3.8116066455841064,0.0011811256408691406
5,14,160,3.6306989192962646,3.63085675239563,0.00015783309936523438
5,15,160,3.560122489929199,3.561798095703125,0.0016756057739257812
5,16,160,3.9201157093048096,3.919144630432129,-0.0009710788726806641
5,17,160,3.5192716121673584,3.51973819732666,0.0004665851593017578
5,18,160,2.898158073425293,2.8984744548797607,0.00031638145446777344
5,19,160,2.5089364051818848,2.508340835571289,-0.0005955696105957031
6,0,160,3.3952088356018066,3.3954336643218994,0.00022482872009277344
6,1,160,3.5262527465820312,3.5271522998809814,0.0008995532989501953
6,2,160,3.4333651065826416,3.432257890701294,-0.0011072158813476562
6,3,160,2.997727155685425,2.9994120597839355,0.0016849040985107422
6,4,160,2.8241868019104004,2.8243789672851562,0.00019216537475585938
6,5,160,3.3419837951660156,3.340636968612671,-0.0013468265533447266
6,6,160,3.3206419944763184,3.3185112476348877,-0.002130746841430664
6,7,160,3.3390421867370605,3.338904857635498,-0.0001373291015625
6,8,160,3.057307243347168,3.0567877292633057,-0.0005195140838623047
6,9,160,3.2768585681915283,3.2757208347320557,-0.0011377334594726562
6,10,160,3.480879306793213,3.480727195739746,-0.00015211105346679688
6,11,160,3.1188013553619385,3.117805004119873,-0.0009963512420654297
6,12,160,3.3325867652893066,3.3322103023529053,-0.0003764629364013672
6,13,160,3.8104255199432373,3.810471296310425,4.57763671875e-05
6,14,160,3.6306989192962646,3.632659435272217,0.0019605159759521484
6,15,160,3.560122489929199,3.5593225955963135,-0.0007998943328857422
6,16,160,3.9201157093048096,3.9203834533691406,0.0002677440643310547
6,17,160,3.5192716121673584,3.5190815925598145,-0.0001900196075439453
6,18,160,2.898158073425293,2.8976995944976807,-0.0004584789276123047
6,19,160,2.5089364051818848,2.5077414512634277,-0.0011949539184570312
7,0,160,3.3952088356018066,3.396355152130127,0.0011463165283203125
7,1,160,3.5262527465820312,3.5270421504974365,0.0007894039154052734
7,2,160,3.4333651065826416,3.433565378189087,0.0002002716064453125
7,3,160,2.997727155685425,2.998077630996704,0.0003504753112792969
7,4,160,2.8241868019104004,2.825383424758911,0.0011966228485107422
7,5,160,3.3419837951660156,3.3422374725341797,0.0002536773681640625
7,6,160,3.3206419944763184,3.3219528198242188,0.0013108253479003906
7,7,160,3.3390421867370605,3.339486837387085,0.00044465065002441406
7,8,160,3.057307243347168,3.0571517944335938,-0.00015544891357421875
7,9,160,3.2768585681915283,3.276806116104126,-5.245208740234375e-05
7,10,160,3.480879306793213,3.481363296508789,0.0004839897155761719
7,11,160,3.1188013553619385,3.1194987297058105,0.0006973743438720703
7,12,160,3.3325867652893066,3.332534074783325,-5.269050598144531e-05
7,13,160,3.8104255199432373,3.810187816619873,-0.0002377033233642578
7,14,160,3.6306989192962646,3.631000280380249,0.000301361083984375
7,15,160,3.560122489929199,3.561406135559082,0.0012836456298828125
7,16,160,3.9201157093048096,3.919928789138794,-0.000186920166015625
7,17,160,3.5192716121673584,3.5201399326324463,0.0008683204650878906
7,18,160,2.898158073425293,2.8976759910583496,-0.0004820823669433594
7,19,160,2.5089364051818848,2.510383367538452,0.0014469623565673828
8,0,160,3.3952088356018066,3.3948593139648438,-0.0003495216369628906
8,1,160,3.5262527465820312,3.524395227432251,-0.0018575191497802734
8,2,160,3.4333651065826416,3.432457447052002,-0.0009076595306396484
8,3,160,2.997727155685425,3.000476837158203,0.0027496814727783203
8,4,160,2.8241868019104004,2.824119806289673,-6.699562072753906e-05
8,5,160,3.3419837951660156,3.341705799102783,-0.0002779960632324219
8,6,160,3.3206419944763184,3.320000410079956,-0.0006415843963623047
8,7,160,3.3390421867370605,3.3384828567504883,-0.0005593299865722656
8,8,160,3.057307243347168,3.055634021759033,-0.0016732215881347656
8,9,160,3.2768585681915283,3.2757325172424316,-0.0011260509490966797
8,10,160,3.480879306793213,3.4803555011749268,-0.0005238056182861328
8,11,160,3.1188013553619385,3.1202762126922607,0.0014748573303222656
8,12,160,3.3325867652893066,3.332226276397705,-0.0003604888916015625
8,13,160,3.8104255199432373,3.808854341506958,-0.0015711784362792969
8,14,160,3.6306989192962646,3.6318821907043457,0.0011832714080810547
8,15,160,3.560122489929199,3.5614945888519287,0.0013720989227294922
8,16,160,3.9201157093048096,3.9196746349334717,-0.0004410743713378906
8,17,160,3.5192716121673584,3.5207149982452393,0.0014433860778808594
8,18,160,2.898158073425293,2.897711992263794,-0.00044608116149902344
8,19,160,2.5089364051818848,2.5095667839050293,0.0006303787231445312
9,0,160,3.3952088356018066,3.3934757709503174,-0.0017330646514892578
9,1,160,3.5262527465820312,3.5249836444854736,-0.0012691020965576172
9,2,160,3.4333651065826416,3.4344747066497803,0.0011096000671386719
9,3,160,2.997727155685425,2.9970738887786865,-0.0006532669067382812
9,4,160,2.8241868019104004,2.823090076446533,-0.0010967254638671875
9,5,160,3.3419837951660156,3.3417885303497314,-0.0001952648162841797
9,6,160,3.3206419944763184,3.319549798965454,-0.0010921955108642578
9,7,160,3.3390421867370605,3.3391380310058594,9.584426879882812e-05
9,8,160,3.057307243347168,3.0568320751190186,-0.00047516822814941406
9,9,160,3.2768585681915283,3.2786712646484375,0.0018126964569091797
9,10,160,3.480879306793213,3.4802703857421875,-0.0006089210510253906
9,11,160,3.1188013553619385,3.1188302040100098,2.8848648071289062e-05
9,12,160,3.3325867652893066,3.332982301712036,0.0003955364227294922
9,13,160,3.8104255199432373,3.810354709625244,-7.081031799316406e-05
9,14,160,3.6306989192962646,3.6309685707092285,0.0002696514129638672
9,15,160,3.560122489929199,3.5597896575927734,-0.00033283233642578125
9,16,160,3.9201157093048096,3.9196481704711914,-0.00046753883361816406
9,17,160,3.5192716121673584,3.5201849937438965,0.0009133815765380859
9,18,160,2.898158073425293,2.8987181186676025,0.0005600452423095703
9,19,160,2.5089364051818848,2.506598949432373,-0.0023374557495117188
10,0,160,3.3952088356018066,3.396378993988037,0.0011701583862304688
10,1,160,3.5262527465820312,3.5265748500823975,0.00032210350036621094
10,2,160,3.4333651065826416,3.433220386505127,-0.00014472007751464844
10,3,160,2.997727155685425,2.9979395866394043,0.0002124309539794922
10,4,160,2.8241868019104004,2.8234522342681885,-0.0007345676422119141
10,5,160,3.3419837951660156,3.339925765991211,-0.0020580291748046875
10,6,160,3.3206419944763184,3.3178420066833496,-0.00279998779296875
10,7,160,3.3390421867370605,3.339667797088623,0.0006256103515625
10,8,160,3.057307243347168,3.0569276809692383,-0.0003795623779296875
10,9,160,3.2768585681915283,3.2786569595336914,0.001798391342163086
10,10,160,3.480879306793213,3.479609251022339,-0.0012700557708740234
10,11,160,3.1188013553619385,3.1190500259399414,0.0002486705780029297
10,12,160,3.3325867652893066,3.3314435482025146,-0.0011432170867919922
10,13,160,3.8104255199432373,3.810434579849243,9.059906005859375e-06
10,14,160,3.6306989192962646,3.630009889602661,-0.0006890296936035156
10,15,160,3.560122489929199,3.56059193611145,0.00046944618225097656
10,16,160,3.9201157093048096,3.920393705368042,0.0002779960632324219
10,17,160,3.5192716121673584,3.5192315578460693,-4.00543212890625e-05
10,18,160,2.898158073425293,2.8975727558135986,-0.0005853176116943359
10,19,160,2.5089364051818848,2.509004592895508,6.818771362304688e-05
11,0,160,3.3952088356018066,3.3955981731414795,0.00038933753967285156
11,1,160,3.5262527465820312,3.5262503623962402,-2.384185791015625e-06
11,2,160,3.4333651065826416,3.4336140155792236,0.00024890899658203125
11,3,160,2.997727155685425,2.9977529048919678,2.574920654296875e-05
11,4,160,2.8241868019104004,2.8241310119628906,-5.5789947509765625e-05
11,5,160,3.3419837951660156,3.3419077396392822,-7.605552673339844e-05
11,6,160,3.3206419944763184,3.3215091228485107,0.0008671283721923828
11,7,160,3.3390421867370605,3.3380627632141113,-0.0009794235229492188
11,8,160,3.057307243347168,3.0578370094299316,0.0005297660827636719
11,9,160,3.2768585681915283,3.27528977394104,-0.0015687942504882812
11,10,160,3.480879306793213,3.4810867309570312,0.00020742416381835938
11,11,160,3.1188013553619385,3.1197006702423096,0.0008993148803710938
11,12,160,3.3325867652893066,3.3307411670684814,-0.0018455982208251953
11,13,160,3.8104255199432373,3.8122119903564453,0.0017864704132080078
11,14,160,3.6306989192962646,3.6308701038360596,0.00017118453979492188
11,15,160,3.560122489929199,3.56002140045166,-0.0001010894775390625
11,16,160,3.9201157093048096,3.9196548461914062,-0.0004608631134033203
11,17,160,3.5192716121673584,3.519549608230591,0.0002779960632324219
11,18,160,2.898158073425293,2.8983798027038574,0.00022172927856445312
11,19,160,2.5089364051818848,2.5082144737243652,-0.0007219314575195312
12,0,160,3.3952088356018066,3.3948264122009277,-0.00038242340087890625
12,1,160,3.5262527465820312,3.5276641845703125,0.00141143798828125
12,2,160,3.4333651065826416,3.432225465774536,-0.0011396408081054688
12,3,160,2.997727155685425,2.9977102279663086,-1.6927719116210938e-05
12,4,160,2.8241868019104004,2.8239850997924805,-0.00020170211791992188
12,5,160,3.3419837951660156,3.3422229290008545,0.0002391338348388672
12,6,160,3.3206419944763184,3.3205175399780273,-0.00012445449829101562
12,7,160,3.3390421867370605,3.3392770290374756,0.00023484230041503906
12,8,160,3.057307243347168,3.0576367378234863,0.0003294944763183594
12,9,160,3.2768585681915283,3.2764732837677,-0.000385284423828125
12,10,160,3.480879306793213,3.4802207946777344,-0.0006585121154785156
12,11,160,3.1188013553619385,3.11967134475708,0.0008699893951416016
12,12,160,3.3325867652893066,3.3332126140594482,0.0006258487701416016
12,13,160,3.8104255199432373,3.81109881401062,0.0006732940673828125
12,14,160,3.6306989192962646,3.630463123321533,-0.0002357959747314453
12,15,160,3.560122489929199,3.560756206512451,0.0006337165832519531
12,16,160,3.9201157093048096,3.9217302799224854,0.0016145706176757812
12,17,160,3.5192716121673584,3.518756151199341,-0.0005154609680175781
12,18,160,2.898158073425293,2.8977205753326416,-0.0004374980926513672
12,19,160,2.5089364051818848,2.5098319053649902,0.0008955001831054688
13,0,160,3.3952088356018066,3.3952136039733887,4.76837158203125e-06
13,1,160,3.5262527465820312,3.5263123512268066,5.9604644775390625e-05
13,2,160,3.4333651065826416,3.432772636413574,-0.0005924701690673828
13,3,160,2.997727155685425,2.997880697250366,0.00015354156494140625
13,4,160,2.8241868019104004,2.823122978210449,-0.0010638236999511719
13,5,160,3.3419837951660156,3.3402910232543945,-0.0016927719116210938
13,6,160,3.3206419944763184,3.320373296737671,-0.00026869773864746094
13,7,160,3.3390421867370605,3.3401498794555664,0.0011076927185058594
13,8,160,3.057307243347168,3.0546720027923584,-0.0026352405548095703
13,9,160,3.2768585681915283,3.2759668827056885,-0.0008916854858398438
13,10,160,3.480879306793213,3.4796667098999023,-0.0012125968933105469
13,11,160,3.1188013553619385,3.1190900802612305,0.0002887248992919922
13,12,160,3.3325867652893066,3.3324954509735107,-9.131431579589844e-05
13,13,160,3.8104255199432373,3.810093402862549,-0.00033211708068847656
13,14,160,3.6306989192962646,3.629605293273926,-0.0010936260223388672
13,15,160,3.560122489929199,3.5596556663513184,-0.0004668235778808594
13,16,160,3.9201157093048096,3.9200758934020996,-3.981590270996094e-05
13,17,160,3.5192716121673584,3.520456314086914,0.001184701919555664
13,18,160,2.898158073425293,2.897946357727051,-0.0002117156982421875
13,19,160,2.5089364051818848,2.509929656982422,0.0009932518005371094
14,0,160,3.3952088356018066,3.3946340084075928,-0.0005748271942138672
14,1,160,3.5262527465820312,3.5253942012786865,-0.0008585453033447266
14,2,160,3.4333651065826416,3.4364914894104004,0.003126382827758789
14,3,160,2.997727155685425,3.0020039081573486,0.004276752471923828
14,4,160,2.8241868019104004,2.826050043106079,0.001863241195678711
14,5,160,3.3419837951660156,3.345094680786133,0.0031108856201171875
14,6,160,3.3206419944763184,3.321368455886841,0.0007264614105224609
14,7,160,3.3390421867370605,3.34199595451355,0.002953767776489258
14,8,160,3.057307243347168,3.060657501220703,0.0033502578735351562
14,9,160,3.2768585681915283,3.2787439823150635,0.0018854141235351562
14,10,160,3.480879306793213,3.483640432357788,0.0027611255645751953
14,11,160,3.1188013553619385,3.1184639930725098,-0.00033736228942871094
14,12,160,3.3325867652893066,3.33221697807312,-0.00036978721618652344
14,13,160,3.8104255199432373,3.8101983070373535,-0.00022721290588378906
14,14,160,3.6306989192962646,3.6332740783691406,0.0025751590728759766
14,15,160,3.560122489929199,3.5592081546783447,-0.0009143352508544922
14,16,160,3.9201157093048096,3.9201745986938477,5.888938903808594e-05
14,17,160,3.5192716121673584,3.518955707550049,-0.0003159046173095703
14,18,160,2.898158073425293,2.8981833457946777,2.5272369384765625e-05
14,19,160,2.5089364051818848,2.5097603797912598,0.000823974609375
15,0,160,3.3952088356018066,3.3948800563812256,-0.0003287792205810547
15,1,160,3.5262527465820312,3.524719476699829,-0.0015332698822021484
15,2,160,3.4333651065826416,3.4333956241607666,3.0517578125e-05
15,3,160,2.997727155685425,2.9973843097686768,-0.0003428459167480469
15,4,160,2.8241868019104004,2.825254440307617,0.0010676383972167969
15,5,160,3.3419837951660156,3.34380841255188,0.0018246173858642578
15,6,160,3.3206419944763184,3.3211095333099365,0.00046753883361816406
15,7,160,3.3390421867370605,3.3404905796051025,0.0014483928680419922
15,8,160,3.057307243347168,3.057783365249634,0.0004761219024658203
15,9,160,3.2768585681915283,3.27801775932312,0.0011591911315917969
15,10,160,3.480879306793213,3.4815526008605957,0.0006732940673828125
15,11,160,3.1188013553619385,3.118039131164551,-0.0007622241973876953
15,12,160,3.3325867652893066,3.331782579421997,-0.0008041858673095703
15,13,160,3.8104255199432373,3.8110299110412598,0.0006043910980224609
15,14,160,3.6306989192962646,3.630854845046997,0.00015592575073242188
15,15,160,3.560122489929199,3.5597071647644043,-0.0004153251647949219
15,16,160,3.9201157093048096,3.9214119911193848,0.0012962818145751953
15,17,160,3.5192716121673584,3.5213258266448975,0.0020542144775390625
15,18,160,2.898158073425293,2.8989083766937256,0.0007503032684326172
15,19,160,2.5089364051818848,2.5117549896240234,0.002818584442138672
16,0,160,3.3952088356018066,3.3941447734832764,-0.0010640621185302734
16,1,160,3.5262527465820312,3.525979995727539,-0.0002727508544921875
16,2,160,3.4333651065826416,3.4352002143859863,0.0018351078033447266
16,3,160,2.997727155685425,2.9972875118255615,-0.00043964385986328125
16,4,160,2.8241868019104004,2.8255133628845215,0.0013265609741210938
16,5,160,3.3419837951660156,3.3428733348846436,0.0008895397186279297
16,6,160,3.3206419944763184,3.32106876373291,0.0004267692565917969
16,7,160,3.3390421867370605,3.3393714427948,0.0003292560577392578
16,8,160,3.057307243347168,3.057711601257324,0.00040435791015625
16,9,160,3.2768585681915283,3.277048349380493,0.00018978118896484375
16,10,160,3.480879306793213,3.480665445327759,-0.00021386146545410156
16,11,160,3.1188013553619385,3.117198944091797,-0.0016024112701416016
16,12,160,3.3325867652893066,3.340214490890503,0.007627725601196289
16,13,160,3.8104255199432373,3.8098597526550293,-0.0005657672882080078
16,14,160,3.6306989192962646,3.6302530765533447,-0.0004458427429199219
16,15,160,3.560122489929199,3.5610694885253906,0.0009469985961914062
16,16,160,3.9201157093048096,3.9204328060150146,0.0003170967102050781
16,17,160,3.5192716121673584,3.5204296112060547,0.001157999038696289
16,18,160,2.898158073425293,2.8993802070617676,0.0012221336364746094
16,19,160,2.5089364051818848,2.5098488330841064,0.0009124279022216797
17,0,160,3.3952088356018066,3.3948416709899902,-0.00036716461181640625
17,1,160,3.5262527465820312,3.527881383895874,0.0016286373138427734
17,2,160,3.4333651065826416,3.4330520629882812,-0.00031304359436035156
17,3,160,2.997727155685425,2.9972524642944336,-0.00047469139099121094
17,4,160,2.8241868019104004,2.824763059616089,0.0005762577056884766
17,5,160,3.3419837951660156,3.3418872356414795,-9.655952453613281e-05
17,6,160,3.3206419944763184,3.3208179473876953,0.00017595291137695312
17,7,160,3.3390421867370605,3.3384222984313965,-0.0006198883056640625
17,8,160,3.057307243347168,3.057340145111084,3.2901763916015625e-05
17,9,160,3.2768585681915283,3.2775380611419678,0.0006794929504394531
17,10,160,3.480879306793213,3.4814746379852295,0.0005953311920166016
17,11,160,3.1188013553619385,3.117889642715454,-0.000911712646484375
17,12,160,3.3325867652893066,3.3329885005950928,0.0004017353057861328
17,13,160,3.8104255199432373,3.810971736907959,0.0005462169647216797
17,14,160,3.6306989192962646,3.6317224502563477,0.0010235309600830078
17,15,160,3.560122489929199,3.5597517490386963,-0.0003707408905029297
17,16,160,3.9201157093048096,3.9193522930145264,-0.0007634162902832031
17,17,160,3.5192716121673584,3.5205225944519043,0.0012509822845458984
17,18,160,2.898158073425293,2.898550271987915,0.0003921985626220703
17,19,160,2.5089364051818848,2.507812261581421,-0.0011241436004638672
18,0,160,3.3952088356018066,3.399402141571045,0.004193305969238281
18,1,160,3.5262527465820312,3.529686689376831,0.0034339427947998047
18,2,160,3.4333651065826416,3.4347329139709473,0.001367807388305664
18,3,160,2.997727155685425,2.9972896575927734,-0.0004374980926513672
18,4,160,2.8241868019104004,2.824697256088257,0.0005104541778564453
18,5,160,3.3419837951660156,3.3430943489074707,0.0011105537414550781
18,6,160,3.3206419944763184,3.3209452629089355,0.0003032684326171875
18,7,160,3.3390421867370605,3.34020733833313,0.001165151596069336
18,8,160,3.057307243347168,3.0568113327026367,-0.00049591064453125
18,9,160,3.2768585681915283,3.2760729789733887,-0.0007855892181396484
18,10,160,3.480879306793213,3.4814984798431396,0.0006191730499267578
18,11,160,3.1188013553619385,3.121263027191162,0.002461671829223633
18,12,160,3.3325867652893066,3.3330094814300537,0.0004227161407470703
18,13,160,3.8104255199432373,3.8122947216033936,0.00186920166015625
18,14,160,3.6306989192962646,3.631704568862915,0.0010056495666503906
18,15,160,3.560122489929199,3.5595762729644775,-0.0005462169647216797
18,16,160,3.9201157093048096,3.920098066329956,-1.7642974853515625e-05
18,17,160,3.5192716121673584,3.519042730331421,-0.0002288818359375
18,18,160,2.898158073425293,2.8981876373291016,2.956390380859375e-05
18,19,160,2.5089364051818848,2.5094149112701416,0.00047850608825683594
19,0,160,3.3952088356018066,3.3952114582061768,2.6226043701171875e-06
19,1,160,3.5262527465820312,3.5264580249786377,0.0002052783966064453
19,2,160,3.4333651065826416,3.433450698852539,8.559226989746094e-05
19,3,160,2.997727155685425,2.999333143234253,0.001605987548828125
19,4,160,2.8241868019104004,2.824903964996338,0.0007171630859375
19,5,160,3.3419837951660156,3.3420774936676025,9.369850158691406e-05
19,6,160,3.3206419944763184,3.3188107013702393,-0.0018312931060791016
19,7,160,3.3390421867370605,3.339451551437378,0.0004093647003173828
19,8,160,3.057307243347168,3.056589126586914,-0.0007181167602539062
19,9,160,3.2768585681915283,3.2758712768554688,-0.0009872913360595703
19,10,160,3.480879306793213,3.481720447540283,0.0008411407470703125
19,11,160,3.1188013553619385,3.1175663471221924,-0.0012350082397460938
19,12,160,3.3325867652893066,3.3315048217773438,-0.0010819435119628906
19,13,160,3.8104255199432373,3.8107662200927734,0.0003407001495361328
19,14,160,3.6306989192962646,3.6313676834106445,0.0006687641143798828
19,15,160,3.560122489929199,3.560379981994629,0.0002574920654296875
19,16,160,3.9201157093048096,3.920264482498169,0.000148773193359375
19,17,160,3.5192716121673584,3.5191116333007812,-0.00015997886657714844
19,18,160,2.898158073425293,2.8985819816589355,0.0004239082336425781
19,19,160,2.5089364051818848,2.5086450576782227,-0.0002913475036621094
20,0,160,3.3952088356018066,3.3959009647369385,0.0006921291351318359
20,1,160,3.5262527465820312,3.5269525051116943,0.0006997585296630859
20,2,160,3.4333651065826416,3.435063600540161,0.0016984939575195312
20,3,160,2.997727155685425,2.996433734893799,-0.0012934207916259766
20,4,160,2.8241868019104004,2.8248443603515625,0.0006575584411621094
20,5,160,3.3419837951660156,3.3422024250030518,0.0002186298370361328
20,6,160,3.3206419944763184,3.319183111190796,-0.001458883285522461
20,7,160,3.3390421867370605,3.3385183811187744,-0.0005238056182861328
20,8,160,3.057307243347168,3.056762933731079,-0.0005443096160888672
20,9,160,3.2768585681915283,3.2782840728759766,0.0014255046844482422
20,10,160,3.480879306793213,3.4798641204833984,-0.0010151863098144531
20,11,160,3.1188013553619385,3.119481086730957,0.0006797313690185547
20,12,160,3.3325867652893066,3.3336617946624756,0.0010750293731689453
20,13,160,3.8104255199432373,3.8095932006835938,-0.0008323192596435547
20,14,160,3.6306989192962646,3.6303694248199463,-0.0003294944763183594
20,15,160,3.560122489929199,3.5609052181243896,0.0007827281951904297
20,16,160,3.9201157093048096,3.919346332550049,-0.0007693767547607422
20,17,160,3.5192716121673584,3.5248444080352783,0.005572795867919922
20,18,160,2.898158073425293,2.8975791931152344,-0.0005788803100585938
20,19,160,2.5089364051818848,2.5078701972961426,-0.0010662078857421875
21,0,160,3.3952088356018066,3.3960683345794678,0.0008594989776611328
21,1,160,3.5262527465820312,3.525848388671875,-0.00040435791015625
21,2,160,3.4333651065826416,3.433130979537964,-0.00023412704467773438
21,3,160,2.997727155685425,2.996656656265259,-0.0010704994201660156
21,4,160,2.8241868019104004,2.8224308490753174,-0.0017559528350830078
21,5,160,3.3419837951660156,3.340684652328491,-0.001299142837524414
21,6,160,3.3206419944763184,3.3207602500915527,0.000118255615234375
21,7,160,3.3390421867370605,3.3387980461120605,-0.000244140625
21,8,160,3.057307243347168,3.0572097301483154,-9.751319885253906e-05
21,9,160,3.2768585681915283,3.277676820755005,0.0008182525634765625
21,10,160,3.480879306793213,3.4803171157836914,-0.0005621910095214844
21,11,160,3.1188013553619385,3.1183950901031494,-0.0004062652587890625
21,12,160,3.3325867652893066,3.3326735496520996,8.678436279296875e-05
21,13,160,3.8104255199432373,3.8105695247650146,0.00014400482177734375
21,14,160,3.6306989192962646,3.631152868270874,0.000453948974609375
21,15,160,3.560122489929199,3.5591161251068115,-0.0010063648223876953
21,16,160,3.9201157093048096,3.9199931621551514,-0.00012254714965820312
21,17,160,3.5192716121673584,3.520966053009033,0.0016944408416748047
21,18,160,2.898158073425293,2.898987293243408,0.0008292198181152344
21,19,160,2.5089364051818848,2.5100300312042236,0.0010936260223388672
22,0,160,3.3952088356018066,3.394630193710327,-0.0005786418914794922
22,1,160,3.5262527465820312,3.525695323944092,-0.0005574226379394531
22,2,160,3.4333651065826416,3.4351468086242676,0.0017817020416259766
22,3,160,2.997727155685425,2.9980785846710205,0.0003514289855957031
22,4,160,2.8241868019104004,2.8245046138763428,0.0003178119659423828
22,5,160,3.3419837951660156,3.3418586254119873,-0.0001251697540283203
22,6,160,3.3206419944763184,3.321068286895752,0.00042629241943359375
22,7,160,3.3390421867370605,3.3379437923431396,-0.0010983943939208984
22,8,160,3.057307243347168,3.0581204891204834,0.0008132457733154297
22,9,160,3.2768585681915283,3.278918981552124,0.002060413360595703
22,10,160,3.480879306793213,3.4808974266052246,1.811981201171875e-05
22,11,160,3.1188013553619385,3.1184780597686768,-0.00032329559326171875
22,12,160,3.3325867652893066,3.3323493003845215,-0.00023746490478515625
22,13,160,3.8104255199432373,3.809238910675049,-0.0011866092681884766
22,14,160,3.6306989192962646,3.631507635116577,0.0008087158203125
22,15,160,3.560122489929199,3.561506748199463,0.0013842582702636719
22,16,160,3.9201157093048096,3.9201550483703613,3.933906555175781e-05
22,17,160,3.5192716121673584,3.5197296142578125,0.00045800209045410156
22,18,160,2.898158073425293,2.8972647190093994,-0.0008933544158935547
22,19,160,2.5089364051818848,2.509000062942505,6.365776062011719e-05
23,0,160,3.3952088356018066,3.3950114250183105,-0.00019741058349609375
23,1,160,3.5262527465820312,3.528815746307373,0.002562999725341797
23,2,160,3.4333651065826416,3.4333527088165283,-1.239776611328125e-05
23,3,160,2.997727155685425,2.9958791732788086,-0.001847982406616211
23,4,160,2.8241868019104004,2.824172258377075,-1.4543533325195312e-05
23,5,160,3.3419837951660156,3.343345880508423,0.0013620853424072266
23,6,160,3.3206419944763184,3.3207452297210693,0.00010323524475097656
23,7,160,3.3390421867370605,3.340733766555786,0.001691579818725586
23,8,160,3.057307243347168,3.0581493377685547,0.0008420944213867188
23,9,160,3.2768585681915283,3.2770121097564697,0.00015354156494140625
23,10,160,3.480879306793213,3.4808406829833984,-3.8623809814453125e-05
23,11,160,3.1188013553619385,3.118161678314209,-0.0006396770477294922
23,12,160,3.3325867652893066,3.331483840942383,-0.0011029243469238281
23,13,160,3.8104255199432373,3.8100218772888184,-0.0004036426544189453
23,14,160,3.6306989192962646,3.6304666996002197,-0.00023221969604492188
23,15,160,3.560122489929199,3.559424638748169,-0.0006978511810302734
23,16,160,3.9201157093048096,3.920200824737549,8.511543273925781e-05
23,17,160,3.5192716121673584,3.519374370574951,0.00010275840759277344
23,18,160,2.898158073425293,2.8976454734802246,-0.0005125999450683594
23,19,160,2.5089364051818848,2.509800672531128,0.0008642673492431641
24,0,160,3.3952088356018066,3.397040605545044,0.0018317699432373047
24,1,160,3.5262527465820312,3.525865316390991,-0.00038743019104003906
24,2,160,3.4333651065826416,3.4329030513763428,-0.0004620552062988281
24,3,160,2.997727155685425,2.9973623752593994,-0.0003647804260253906
24,4,160,2.8241868019104004,2.8231213092803955,-0.0010654926300048828
24,5,160,3.3419837951660156,3.3417348861694336,-0.00024890899658203125
24,6,160,3.3206419944763184,3.3203253746032715,-0.000316619873046875
24,7,160,3.3390421867370605,3.3377745151519775,-0.0012676715850830078
24,8,160,3.057307243347168,3.058177947998047,0.0008707046508789062
24,9,160,3.2768585681915283,3.2773280143737793,0.00046944618225097656
24,10,160,3.480879306793213,3.4817240238189697,0.0008447170257568359
24,11,160,3.1188013553619385,3.1187336444854736,-6.771087646484375e-05
24,12,160,3.3325867652893066,3.3328256607055664,0.00023889541625976562
24,13,160,3.8104255199432373,3.811142683029175,0.0007171630859375
24,14,160,3.6306989192962646,3.631685495376587,0.0009865760803222656
24,15,160,3.560122489929199,3.561490535736084,0.0013680458068847656
24,16,160,3.9201157093048096,3.918158769607544,-0.001956939697265625
24,17,160,3.5192716121673584,3.5187625885009766,-0.0005090236663818359
24,18,160,2.898158073425293,2.8994312286376953,0.0012731552124023438
24,19,160,2.5089364051818848,2.5099024772644043,0.0009660720825195312
25,0,160,3.3952088356018066,3.3950982093811035,-0.000110626220703125
25,1,160,3.5262527465820312,3.5245795249938965,-0.0016732215881347656
25,2,160,3.4333651065826416,3.4336671829223633,0.0003020763397216797
25,3,160,2.997727155685425,2.9983532428741455,0.0006260871887207031
25,4,160,2.8241868019104004,2.8247618675231934,0.0005750656127929688
25,5,160,3.3419837951660156,3.3424856662750244,0.0005018711090087891
25,6,160,3.3206419944763184,3.321138620376587,0.0004966259002685547
25,7,160,3.3390421867370605,3.3401334285736084,0.0010912418365478516
25,8,160,3.057307243347168,3.058478832244873,0.0011715888977050781
25,9,160,3.2768585681915283,3.2769575119018555,9.894371032714844e-05
25,10,160,3.480879306793213,3.482863187789917,0.0019838809967041016
25,11,160,3.1188013553619385,3.1187660694122314,-3.528594970703125e-05
25,12,160,3.3325867652893066,3.331163167953491,-0.0014235973358154297
25,13,160,3.8104255199432373,3.8119406700134277,0.0015151500701904297
25,14,160,3.6306989192962646,3.6301543712615967,-0.0005445480346679688
25,15,160,3.560122489929199,3.5588808059692383,-0.0012416839599609375
25,16,160,3.9201157093048096,3.920203685760498,8.797645568847656e-05
25,17,160,3.5192716121673584,3.5220277309417725,0.0027561187744140625
25,18,160,2.898158073425293,2.8994991779327393,0.001341104507446289
25,19,160,2.5089364051818848,2.5088443756103516,-9.202957153320312e-05
26,0,160,3.3952088356018066,3.394026756286621,-0.0011820793151855469
26,1,160,3.5262527465820312,3.5263593196868896,0.00010657310485839844
26,2,160,3.4333651065826416,3.4322779178619385,-0.001087188720703125
26,3,160,2.997727155685425,2.9976444244384766,-8.273124694824219e-05
26,4,160,2.8241868019104004,2.8231542110443115,-0.0010325908660888672
26,5,160,3.3419837951660156,3.341892957687378,-9.083747863769531e-05
26,6,160,3.3206419944763184,3.3217852115631104,0.0011432170867919922
26,7,160,3.3390421867370605,3.3387598991394043,-0.00028228759765625
26,8,160,3.057307243347168,3.056577682495117,-0.0007295608520507812
26,9,160,3.2768585681915283,3.278324604034424,0.0014660358428955078
26,10,160,3.480879306793213,3.482063055038452,0.0011837482452392578
26,11,160,3.1188013553619385,3.116924524307251,-0.0018768310546875
26,12,160,3.3325867652893066,3.3334450721740723,0.000858306884765625
26,13,160,3.8104255199432373,3.8105218410491943,9.632110595703125e-05
26,14,160,3.6306989192962646,3.6315393447875977,0.0008404254913330078
26,15,160,3.560122489929199,3.559518575668335,-0.0006039142608642578
26,16,160,3.9201157093048096,3.9190313816070557,-0.0010843276977539062
26,17,160,3.5192716121673584,3.5196824073791504,0.0004107952117919922
26,18,160,2.898158073425293,2.8986475467681885,0.0004894733428955078
26,19,160,2.5089364051818848,2.5070509910583496,-0.0018854141235351562
27,0,160,3.3952088356018066,3.395937442779541,0.000728607177734375
27,1,160,3.5262527465820312,3.5273072719573975,0.001054525375366211
27,2,160,3.4333651065826416,3.4334628582000732,9.775161743164062e-05
27,3,160,2.997727155685425,2.998039722442627,0.00031256675720214844
27,4,160,2.8241868019104004,2.8244543075561523,0.0002675056457519531
27,5,160,3.3419837951660156,3.3422799110412598,0.0002961158752441406
27,6,160,3.3206419944763184,3.3203253746032715,-0.000316619873046875
27,7,160,3.3390421867370605,3.3393399715423584,0.00029778480529785156
27,8,160,3.057307243347168,3.0586700439453125,0.0013628005981445312
27,9,160,3.2768585681915283,3.277249574661255,0.0003910064697265625
27,10,160,3.480879306793213,3.4808571338653564,-2.2172927856445312e-05
27,11,160,3.1188013553619385,3.11789870262146,-0.0009026527404785156
27,12,160,3.3325867652893066,3.332246780395508,-0.0003399848937988281
27,13,160,3.8104255199432373,3.8109822273254395,0.0005567073822021484
27,14,160,3.6306989192962646,3.629964828491211,-0.0007340908050537109
27,15,160,3.560122489929199,3.560293674468994,0.00017118453979492188
27,16,160,3.9201157093048096,3.918877601623535,-0.001238107681274414
27,17,160,3.5192716121673584,3.5190675258636475,-0.0002040863037109375
27,18,160,2.898158073425293,2.898423433303833,0.00026535987854003906
27,19,160,2.5089364051818848,2.5099542140960693,0.0010178089141845703
28,0,160,3.3952088356018066,3.396791696548462,0.0015828609466552734
28,1,160,3.5262527465820312,3.5257411003112793,-0.0005116462707519531
28,2,160,3.4333651065826416,3.4326889514923096,-0.0006761550903320312
28,3,160,2.997727155685425,2.9977962970733643,6.914138793945312e-05
28,4,160,2.8241868019104004,2.8237907886505127,-0.0003960132598876953
28,5,160,3.3419837951660156,3.3411705493927,-0.0008132457733154297
28,6,160,3.3206419944763184,3.3192050457000732,-0.0014369487762451172
28,7,160,3.3390421867370605,3.340897798538208,0.001855611801147461
28,8,160,3.057307243347168,3.058831214904785,0.0015239715576171875
28,9,160,3.2768585681915283,3.278216600418091,0.0013580322265625
28,10,160,3.480879306793213,3.481060266494751,0.00018095970153808594
28,11,160,3.1188013553619385,3.1170547008514404,-0.0017466545104980469
28,12,160,3.3325867652893066,3.332319974899292,-0.00026679039001464844
28,13,160,3.8104255199432373,3.8104052543640137,-2.0265579223632812e-05
28,14,160,3.6306989192962646,3.6310009956359863,0.0003020763397216797
28,15,160,3.560122489929199,3.560013771057129,-0.0001087188720703125
28,16,160,3.9201157093048096,3.920851230621338,0.0007355213165283203
28,17,160,3.5192716121673584,3.5204098224639893,0.0011382102966308594
28,18,160,2.898158073425293,2.898012161254883,-0.00014591217041015625
28,19,160,2.5089364051818848,2.5097360610961914,0.0007996559143066406
29,0,160,3.3952088356018066,3.3944575786590576,-0.0007512569427490234
29,1,160,3.5262527465820312,3.5249760150909424,-0.0012767314910888672
29,2,160,3.4333651065826416,3.4333250522613525,-4.00543212890625e-05
29,3,160,2.997727155685425,2.9982919692993164,0.0005648136138916016
29,4,160,2.8241868019104004,2.825669050216675,0.001482248306274414
29,5,160,3.3419837951660156,3.341466188430786,-0.0005176067352294922
29,6,160,3.3206419944763184,3.320523738861084,-0.000118255615234375
29,7,160,3.3390421867370605,3.34013032913208,0.0010881423950195312
29,8,160,3.057307243347168,3.056617259979248,-0.0006899833679199219
29,9,160,3.2768585681915283,3.277813673019409,0.0009551048278808594
29,10,160,3.480879306793213,3.48059344291687,-0.00028586387634277344
29,11,160,3.1188013553619385,3.1180224418640137,-0.0007789134979248047
29,12,160,3.3325867652893066,3.333272695541382,0.0006859302520751953
29,13,160,3.8104255199432373,3.8102121353149414,-0.00021338462829589844
29,14,160,3.6306989192962646,3.6298813819885254,-0.0008175373077392578
29,15,160,3.560122489929199,3.5592598915100098,-0.0008625984191894531
29,16,160,3.9201157093048096,3.920071601867676,-4.410743713378906e-05
29,17,160,3.5192716121673584,3.518784999847412,-0.00048661231994628906
29,18,160,2.898158073425293,2.8973329067230225,-0.0008251667022705078
29,19,160,2.5089364051818848,2.5093393325805664,0.0004029273986816406
30,0,160,3.3952088356018066,3.3941924571990967,-0.001016378402709961
30,1,160,3.5262527465820312,3.5255818367004395,-0.0006709098815917969
30,2,160,3.4333651065826416,3.4341328144073486,0.0007677078247070312
30,3,160,2.997727155685425,2.9981682300567627,0.0004410743713378906
30,4,160,2.8241868019104004,2.8248040676116943,0.0006172657012939453
30,5,160,3.3419837951660156,3.3420193195343018,3.552436828613281e-05
30,6,160,3.3206419944763184,3.321211576461792,0.0005695819854736328
30,7,160,3.3390421867370605,3.3394949436187744,0.0004527568817138672
30,8,160,3.057307243347168,3.0563526153564453,-0.0009546279907226562
30,9,160,3.2768585681915283,3.276425838470459,-0.00043272972106933594
30,10,160,3.480879306793213,3.4807016849517822,-0.00017762184143066406
30,11,160,3.1188013553619385,3.116926670074463,-0.001874685287475586
30,12,160,3.3325867652893066,3.333082437515259,0.0004956722259521484
30,13,160,3.8104255199432373,3.8101539611816406,-0.0002715587615966797
30,14,160,3.6306989192962646,3.630246162414551,-0.0004527568817138672
30,15,160,3.560122489929199,3.5598931312561035,-0.00022935867309570312
30,16,160,3.9201157093048096,3.921513795852661,0.0013980865478515625
30,17,160,3.5192716121673584,3.520487070083618,0.0012154579162597656
30,18,160,2.898158073425293,2.898571252822876,0.0004131793975830078
30,19,160,2.5089364051818848,2.508265256881714,-0.0006711483001708984
31,0,160,3.3952088356018066,3.394395589828491,-0.0008132457733154297
31,1,160,3.5262527465820312,3.5282442569732666,0.0019915103912353516
31,2,160,3.4333651065826416,3.4332451820373535,-0.00011992454528808594
31,3,160,2.997727155685425,2.998405933380127,0.0006787776947021484
31,4,160,2.8241868019104004,2.8250269889831543,0.0008401870727539062
31,5,160,3.3419837951660156,3.3406028747558594,-0.00138092041015625
31,6,160,3.3206419944763184,3.3210549354553223,0.00041294097900390625
31,7,160,3.3390421867370605,3.3401739597320557,0.0011317729949951172
31,8,160,3.057307243347168,3.057774543762207,0.0004673004150390625
31,9,160,3.2768585681915283,3.2774455547332764,0.0005869865417480469
31,10,160,3.480879306793213,3.4812636375427246,0.00038433074951171875
31,11,160,3.1188013553619385,3.1175098419189453,-0.001291513442993164
31,12,160,3.3325867652893066,3.3317759037017822,-0.0008108615875244141
31,13,160,3.8104255199432373,3.8104395866394043,1.4066696166992188e-05
31,14,160,3.6306989192962646,3.631371021270752,0.0006721019744873047
31,15,160,3.560122489929199,3.5608155727386475,0.0006930828094482422
31,16,160,3.9201157093048096,3.9194822311401367,-0.0006334781646728516
31,17,160,3.5192716121673584,3.518908739089966,-0.0003628730773925781
31,18,160,2.898158073425293,2.8981056213378906,-5.245208740234375e-05
31,19,160,2.5089364051818848,2.5092856884002686,0.00034928321838378906
32,0,160,3.3952088356018066,3.3977904319763184,0.0025815963745117188
32,1,160,3.5262527465820312,3.5270705223083496,0.0008177757263183594
32,2,160,3.4333651065826416,3.433279514312744,-8.559226989746094e-05
32,3,160,2.997727155685425,2.998264789581299,0.0005376338958740234
32,4,160,2.8241868019104004,2.824324131011963,0.0001373291015625
32,5,160,3.3419837951660156,3.342381477355957,0.00039768218994140625
32,6,160,3.3206419944763184,3.3202595710754395,-0.00038242340087890625
32,7,160,3.3390421867370605,3.3389999866485596,-4.220008850097656e-05
32,8,160,3.057307243347168,3.055865526199341,-0.0014417171478271484
32,9,160,3.2768585681915283,3.27618670463562,-0.0006718635559082031
32,10,160,3.480879306793213,3.480590581893921,-0.0002887248992919922
32,11,160,3.1188013553619385,3.1188809871673584,7.963180541992188e-05
32,12,160,3.3325867652893066,3.331862449645996,-0.0007243156433105469
32,13,160,3.8104255199432373,3.8108887672424316,0.00046324729919433594
32,14,160,3.6306989192962646,3.6316792964935303,0.000980377197265625
32,15,160,3.560122489929199,3.5586097240448,-0.001512765884399414
32,16,160,3.9201157093048096,3.9201292991638184,1.3589859008789062e-05
32,17,160,3.5192716121673584,3.520310401916504,0.0010387897491455078
32,18,160,2.898158073425293,2.8983888626098633,0.0002307891845703125
32,19,160,2.5089364051818848,2.5084824562072754,-0.000453948974609375
33,0,160,3.3952088356018066,3.395812749862671,0.0006039142608642578
33,1,160,3.5262527465820312,3.5265181064605713,0.00026535987854003906
33,2,160,3.4333651065826416,3.4322011470794678,-0.0011639595031738281
33,3,160,2.997727155685425,2.9980125427246094,0.0002853870391845703
33,4,160,2.8241868019104004,2.8237717151641846,-0.0004150867462158203
33,5,160,3.3419837951660156,3.3406834602355957,-0.0013003349304199219
33,6,160,3.3206419944763184,3.319370985031128,-0.0012710094451904297
33,7,160,3.3390421867370605,3.3394596576690674,0.00041747093200683594
33,8,160,3.057307243347168,3.057525157928467,0.00021791458129882812
33,9,160,3.2768585681915283,3.275491714477539,-0.0013668537139892578
33,10,160,3.480879306793213,3.4796860218048096,-0.0011932849884033203
33,11,160,3.1188013553619385,3.118151903152466,-0.0006494522094726562
33,12,160,3.3325867652893066,3.330817461013794,-0.0017693042755126953
33,13,160,3.8104255199432373,3.8126354217529297,0.002209901809692383
33,14,160,3.6306989192962646,3.630514144897461,-0.00018477439880371094
33,15,160,3.560122489929199,3.5599985122680664,-0.0001239776611328125
33,16,160,3.9201157093048096,3.9205474853515625,0.0004317760467529297
33,17,160,3.5192716121673584,3.5189435482025146,-0.00032806396484375
33,18,160,2.898158073425293,2.898777961730957,0.0006198883056640625
33,19,160,2.5089364051818848,2.507835626602173,-0.001100778579711914
34,0,160,3.3952088356018066,3.395763874053955,0.0005550384521484375
34,1,160,3.5262527465820312,3.527418375015259,0.001165628433227539
34,2,160,3.4333651065826416,3.432995319366455,-0.00036978721618652344
34,3,160,2.997727155685425,2.999145984649658,0.0014188289642333984
34,4,160,2.8241868019104004,2.8245162963867188,0.0003294944763183594
34,5,160,3.3419837951660156,3.343075752258301,0.0010919570922851562
34,6,160,3.3206419944763184,3.320995330810547,0.0003533363342285156
34,7,160,3.3390421867370605,3.3410887718200684,0.0020465850830078125
34,8,160,3.057307243347168,3.0570528507232666,-0.0002543926239013672
34,9,160,3.2768585681915283,3.277531385421753,0.0006728172302246094
34,10,160,3.480879306793213,3.4807844161987305,-9.489059448242188e-05
34,11,160,3.1188013553619385,3.118870735168457,6.937980651855469e-05
34,12,160,3.3325867652893066,3.33235239982605,-0.00023436546325683594
34,13,160,3.8104255199432373,3.810429573059082,4.0531158447265625e-06
34,14,160,3.6306989192962646,3.6317965984344482,0.0010976791381835938
34,15,160,3.560122489929199,3.560617208480835,0.0004947185516357422
34,16,160,3.9201157093048096,3.919666051864624,-0.0004496574401855469
34,17,160,3.5192716121673584,3.520742654800415,0.0014710426330566406
34,18,160,2.898158073425293,2.899477005004883,0.0013189315795898438
34,19,160,2.5089364051818848,2.509429454803467,0.0004930496215820312
35,0,160,3.3952088356018066,3.3958773612976074,0.0006685256958007812
35,1,160,3.5262527465820312,3.5256803035736084,-0.0005724430084228516
35,2,160,3.4333651065826416,3.433554172515869,0.00018906593322753906
35,3,160,2.997727155685425,2.9993515014648438,0.0016243457794189453
35,4,160,2.8241868019104004,2.825101852416992,0.0009150505065917969
35,5,160,3.3419837951660156,3.3427722454071045,0.0007884502410888672
35,6,160,3.3206419944763184,3.3197715282440186,-0.0008704662322998047
35,7,160,3.3390421867370605,3.3394830226898193,0.00044083595275878906
35,8,160,3.057307243347168,3.0586066246032715,0.0012993812561035156
35,9,160,3.2768585681915283,3.276487350463867,-0.0003712177276611328
35,10,160,3.480879306793213,3.4817373752593994,0.0008580684661865234
35,11,160,3.1188013553619385,3.1180880069732666,-0.000713348388671875
35,12,160,3.3325867652893066,3.332542657852173,-4.410743713378906e-05
35,13,160,3.8104255199432373,3.8109748363494873,0.00054931640625
35,14,160,3.6306989192962646,3.6318836212158203,0.001184701919555664
35,15,160,3.560122489929199,3.560166358947754,4.38690185546875e-05
35,16,160,3.9201157093048096,3.9213693141937256,0.0012536048889160156
35,17,160,3.5192716121673584,3.520589590072632,0.0013179779052734375
35,18,160,2.898158073425293,2.89833927154541,0.0001811981201171875
35,19,160,2.5089364051818848,2.5084917545318604,-0.00044465065002441406
36,0,160,3.3952088356018066,3.3952560424804688,4.7206878662109375e-05
36,1,160,3.5262527465820312,3.527648687362671,0.0013959407806396484
36,2,160,3.4333651065826416,3.4325666427612305,-0.0007984638214111328
36,3,160,2.997727155685425,2.9965362548828125,-0.0011909008026123047
36,4,160,2.8241868019104004,2.8236167430877686,-0.0005700588226318359
36,5,160,3.3419837951660156,3.341999053955078,1.52587890625e-05
36,6,160,3.3206419944763184,3.3202250003814697,-0.0004169940948486328
36,7,160,3.3390421867370605,3.338437557220459,-0.0006046295166015625
36,8,160,3.057307243347168,3.057892084121704,0.0005848407745361328
36,9,160,3.2768585681915283,3.275822162628174,-0.0010364055633544922
36,10,160,3.480879306793213,3.4816370010375977,0.0007576942443847656
36,11,160,3.1188013553619385,3.1198320388793945,0.0010306835174560547
36,12,160,3.3325867652893066,3.332294464111328,-0.0002923011779785156
36,13,160,3.8104255199432373,3.810563325881958,0.00013780593872070312
36,14,160,3.6306989192962646,3.6310245990753174,0.0003256797790527344
36,15,160,3.560122489929199,3.561192274093628,0.001069784164428711
36,16,160,3.9201157093048096,3.9202065467834473,9.083747863769531e-05
36,17,160,3.5192716121673584,3.520052433013916,0.0007808208465576172
36,18,160,2.898158073425293,2.8984200954437256,0.0002620220184326172
36,19,160,2.5089364051818848,2.5094592571258545,0.0005228519439697266
37,0,160,3.3952088356018066,3.396076202392578,0.0008673667907714844
37,1,160,3.5262527465820312,3.5250439643859863,-0.0012087821960449219
37,2,160,3.4333651065826416,3.433764934539795,0.0003998279571533203
37,3,160,2.997727155685425,2.9990689754486084,0.0013418197631835938
37,4,160,2.8241868019104004,2.824446678161621,0.0002598762512207031
37,5,160,3.3419837951660156,3.34185528755188,-0.0001285076141357422
37,6,160,3.3206419944763184,3.320941925048828,0.0002999305725097656
37,7,160,3.3390421867370605,3.3388805389404297,-0.00016164779663085938
37,8,160,3.057307243347168,3.0563619136810303,-0.0009453296661376953
37,9,160,3.2768585681915283,3.277097702026367,0.0002391338348388672
37,10,160,3.480879306793213,3.4829354286193848,0.002056121826171875
37,11,160,3.1188013553619385,3.118103504180908,-0.0006978511810302734
37,12,160,3.3325867652893066,3.3325936794281006,6.9141387939453125e-06
37,13,160,3.8104255199432373,3.8092105388641357,-0.0012149810791015625
37,14,160,3.6306989192962646,3.631283760070801,0.0005848407745361328
37,15,160,3.560122489929199,3.559593677520752,-0.0005288124084472656
37,16,160,3.9201157093048096,3.9202840328216553,0.00016832351684570312
37,17,160,3.5192716121673584,3.5189082622528076,-0.00036334991455078125
37,18,160,2.898158073425293,2.8972349166870117,-0.00092315673828125
37,19,160,2.5089364051818848,2.5088398456573486,-9.655952453613281e-05
38,0,160,3.3952088356018066,3.395101547241211,-0.00010728836059570312
38,1,160,3.5262527465820312,3.5278921127319336,0.0016393661499023438
38,2,160,3.4333651065826416,3.4370312690734863,0.0036661624908447266
38,3,160,2.997727155685425,2.9996111392974854,0.0018839836120605469
38,4,160,2.8241868019104004,2.8277952671051025,0.0036084651947021484
38,5,160,3.3419837951660156,3.344008207321167,0.002024412155151367
38,6,160,3.3206419944763184,3.3233611583709717,0.0027191638946533203
38,7,160,3.3390421867370605,3.342071294784546,0.0030291080474853516
38,8,160,3.057307243347168,3.058201313018799,0.0008940696716308594
38,9,160,3.2768585681915283,3.2797908782958984,0.002932310104370117
38,10,160,3.480879306793213,3.4828126430511475,0.0019333362579345703
38,11,160,3.1188013553619385,3.121612787246704,0.002811431884765625
38,12,160,3.3325867652893066,3.3480818271636963,0.015495061874389648
38,13,160,3.8104255199432373,3.8093221187591553,-0.0011034011840820312
38,14,160,3.6306989192962646,3.631680965423584,0.000982046127319336
38,15,160,3.560122489929199,3.5604708194732666,0.0003483295440673828
38,16,160,3.9201157093048096,3.921564817428589,0.0014491081237792969
38,17,160,3.5192716121673584,3.5202887058258057,0.0010170936584472656
38,18,160,2.898158073425293,2.8982625007629395,0.00010442733764648438
38,19,160,2.5089364051818848,2.5092363357543945,0.0002999305725097656
39,0,160,3.3952088356018066,3.3949544429779053,-0.0002543926239013672
39,1,160,3.5262527465820312,3.52620267868042,-5.0067901611328125e-05
39,2,160,3.4333651065826416,3.4355878829956055,0.002222776412963867
39,3,160,2.997727155685425,2.9988765716552734,0.0011494159698486328
39,4,160,2.8241868019104004,2.824077844619751,-0.00010895729064941406
39,5,160,3.3419837951660156,3.3433678150177,0.0013840198516845703
39,6,160,3.3206419944763184,3.3213868141174316,0.0007448196411132812
39,7,160,3.3390421867370605,3.340942621231079,0.0019004344940185547
39,8,160,3.057307243347168,3.0577211380004883,0.0004138946533203125
39,9,160,3.2768585681915283,3.2783451080322266,0.0014865398406982422
39,10,160,3.480879306793213,3.4821667671203613,0.0012874603271484375
39,11,160,3.1188013553619385,3.119203805923462,0.0004024505615234375
39,12,160,3.3325867652893066,3.331948757171631,-0.0006380081176757812
39,13,160,3.8104255199432373,3.8101766109466553,-0.00024890899658203125
39,14,160,3.6306989192962646,3.6307332515716553,3.4332275390625e-05
39,15,160,3.560122489929199,3.559328556060791,-0.0007939338684082031
39,16,160,3.9201157093048096,3.9184792041778564,-0.001636505126953125
39,17,160,3.5192716121673584,3.5176894664764404,-0.0015821456909179688
39,18,160,2.898158073425293,2.8975086212158203,-0.0006494522094726562
39,19,160,2.5089364051818848,2.5104877948760986,0.0015513896942138672
40,0,160,3.3952088356018066,3.39631724357605,0.001108407974243164
40,1,160,3.5262527465820312,3.5268704891204834,0.0006177425384521484
40,2,160,3.4333651065826416,3.431567668914795,-0.0017974376678466797
40,3,160,2.997727155685425,2.9979984760284424,0.0002713203430175781
40,4,160,2.8241868019104004,2.82484769821167,0.0006608963012695312
40,5,160,3.3419837951660156,3.342745780944824,0.0007619857788085938
40,6,160,3.3206419944763184,3.3184726238250732,-0.002169370651245117
40,7,160,3.3390421867370605,3.3399200439453125,0.0008778572082519531
40,8,160,3.057307243347168,3.0566680431365967,-0.0006392002105712891
40,9,160,3.2768585681915283,3.275930166244507,-0.0009284019470214844
40,10,160,3.480879306793213,3.4802591800689697,-0.0006201267242431641
40,11,160,3.1188013553619385,3.120676040649414,0.001874685287475586
40,12,160,3.3325867652893066,3.3405206203460693,0.007933855056762695
40,13,160,3.8104255199432373,3.8110861778259277,0.0006606578826904297
40,14,160,3.6306989192962646,3.6316072940826416,0.0009083747863769531
40,15,160,3.560122489929199,3.5610055923461914,0.0008831024169921875
40,16,160,3.9201157093048096,3.9204213619232178,0.0003056526184082031
40,17,160,3.5192716121673584,3.5192906856536865,1.9073486328125e-05
40,18,160,2.898158073425293,2.897785186767578,-0.00037288665771484375
40,19,160,2.5089364051818848,2.5095202922821045,0.0005838871002197266
41,0,160,3.3952088356018066,3.396155834197998,0.0009469985961914062
41,1,160,3.5262527465820312,3.526431083679199,0.00017833709716796875
41,2,160,3.4333651065826416,3.4352147579193115,0.0018496513366699219
41,3,160,2.997727155685425,2.9969089031219482,-0.0008182525634765625
41,4,160,2.8241868019104004,2.824021339416504,-0.00016546249389648438
41,5,160,3.3419837951660156,3.3420426845550537,5.888938903808594e-05
41,6,160,3.3206419944763184,3.3202226161956787,-0.00041937828063964844
41,7,160,3.3390421867370605,3.3372414112091064,-0.0018007755279541016
41,8,160,3.057307243347168,3.0574264526367188,0.00011920928955078125
41,9,160,3.2768585681915283,3.2778830528259277,0.001024484634399414
41,10,160,3.480879306793213,3.4802427291870117,-0.0006365776062011719
41,11,160,3.1188013553619385,3.12021541595459,0.0014140605926513672
41,12,160,3.3325867652893066,3.333479404449463,0.00089263916015625
41,13,160,3.8104255199432373,3.8101491928100586,-0.00027632713317871094
41,14,160,3.6306989192962646,3.63110613822937,0.00040721893310546875
41,15,160,3.560122489929199,3.559706687927246,-0.000415802001953125
41,16,160,3.9201157093048096,3.921053647994995,0.0009379386901855469
41,17,160,3.5192716121673584,3.518094301223755,-0.0011773109436035156
41,18,160,2.898158073425293,2.896940231323242,-0.0012178421020507812
41,19,160,2.5089364051818848,2.508272409439087,-0.0006639957427978516
42,0,160,3.3952088356018066,3.395534038543701,0.00032520294189453125
42,1,160,3.5262527465820312,3.5266482830047607,0.0003955364227294922
42,2,160,3.4333651065826416,3.435070514678955,0.0017054080963134766
42,3,160,2.997727155685425,3.000073194503784,0.002346038818359375
42,4,160,2.8241868019104004,2.8246796131134033,0.0004928112030029297
42,5,160,3.3419837951660156,3.3444948196411133,0.0025110244750976562
42,6,160,3.3206419944763184,3.3236639499664307,0.0030219554901123047
42,7,160,3.3390421867370605,3.3431551456451416,0.004112958908081055
42,8,160,3.057307243347168,3.058645009994507,0.0013377666473388672
42,9,160,3.2768585681915283,3.2788240909576416,0.0019655227661132812
42,10,160,3.480879306793213,3.482933759689331,0.002054452896118164
42,11,160,3.1188013553619385,3.118140459060669,-0.0006608963012695312
42,12,160,3.3325867652893066,3.331606864929199,-0.0009799003601074219
42,13,160,3.8104255199432373,3.811582565307617,0.0011570453643798828
42,14,160,3.6306989192962646,3.630215883255005,-0.0004830360412597656
42,15,160,3.560122489929199,3.560987710952759,0.0008652210235595703
42,16,160,3.9201157093048096,3.921536922454834,0.001421213150024414
42,17,160,3.5192716121673584,3.5192151069641113,-5.650520324707031e-05
42,18,160,2.898158073425293,2.8984105587005615,0.0002524852752685547
42,19,160,2.5089364051818848,2.509117841720581,0.00018143653869628906
43,0,160,3.3952088356018066,3.397416591644287,0.0022077560424804688
43,1,160,3.5262527465820312,3.5260660648345947,-0.00018668174743652344
43,2,160,3.4333651065826416,3.4324676990509033,-0.0008974075317382812
43,3,160,2.997727155685425,2.9974913597106934,-0.0002357959747314453
43,4,160,2.8241868019104004,2.824652910232544,0.0004661083221435547
43,5,160,3.3419837951660156,3.342241048812866,0.00025725364685058594
43,6,160,3.3206419944763184,3.3191654682159424,-0.0014765262603759766
43,7,160,3.3390421867370605,3.338953733444214,-8.845329284667969e-05
43,8,160,3.057307243347168,3.056771993637085,-0.0005352497100830078
43,9,160,3.2768585681915283,3.2745587825775146,-0.002299785614013672
43,10,160,3.480879306793213,3.4799017906188965,-0.0009775161743164062
43,11,160,3.1188013553619385,3.118894338607788,9.298324584960938e-05
43,12,160,3.3325867652893066,3.3314175605773926,-0.0011692047119140625
43,13,160,3.8104255199432373,3.812223434448242,0.0017979145050048828
43,14,160,3.6306989192962646,3.6310927867889404,0.00039386749267578125
43,15,160,3.560122489929199,3.559967279434204,-0.0001552104949951172
43,16,160,3.9201157093048096,3.9192328453063965,-0.0008828639984130859
43,17,160,3.5192716121673584,3.5197267532348633,0.0004551410675048828
43,18,160,2.898158073425293,2.899683952331543,0.00152587890625
43,19,160,2.5089364051818848,2.509582281112671,0.0006458759307861328
44,0,160,3.3952088356018066,3.394941568374634,-0.00026726722717285156
44,1,160,3.5262527465820312,3.526853322982788,0.0006005764007568359
44,2,160,3.4333651065826416,3.4332892894744873,-7.581710815429688e-05
44,3,160,2.997727155685425,2.999783515930176,0.0020563602447509766
44,4,160,2.8241868019104004,2.8231215476989746,-0.0010652542114257812
44,5,160,3.3419837951660156,3.343898296356201,0.0019145011901855469
44,6,160,3.3206419944763184,3.318786859512329,-0.0018551349639892578
44,7,160,3.3390421867370605,3.337683916091919,-0.0013582706451416016
44,8,160,3.057307243347168,3.059074640274048,0.0017673969268798828
44,9,160,3.2768585681915283,3.2753124237060547,-0.0015461444854736328
44,10,160,3.480879306793213,3.4817779064178467,0.0008985996246337891
44,11,160,3.1188013553619385,3.1195199489593506,0.0007185935974121094
44,12,160,3.3325867652893066,3.3329925537109375,0.0004057884216308594
44,13,160,3.8104255199432373,3.8115389347076416,0.0011134147644042969
44,14,160,3.6306989192962646,3.6305723190307617,-0.0001266002655029297
44,15,160,3.560122489929199,3.5612540245056152,0.0011315345764160156
44,16,160,3.9201157093048096,3.921093463897705,0.0009777545928955078
44,17,160,3.5192716121673584,3.520566463470459,0.001294851303100586
44,18,160,2.898158073425293,2.897920608520508,-0.00023746490478515625
44,19,160,2.5089364051818848,2.5084147453308105,-0.0005216598510742188
45,0,160,3.3952088356018066,3.396066904067993,0.0008580684661865234
45,1,160,3.5262527465820312,3.5264203548431396,0.00016760826110839844
45,2,160,3.4333651065826416,3.4344446659088135,0.001079559326171875
45,3,160,2.997727155685425,2.997758150100708,3.0994415283203125e-05
45,4,160,2.8241868019104004,2.8242082595825195,2.1457672119140625e-05
45,5,160,3.3419837951660156,3.342738389968872,0.0007545948028564453
45,6,160,3.3206419944763184,3.3226077556610107,0.001965761184692383
45,7,160,3.3390421867370605,3.3395371437072754,0.0004949569702148438
45,8,160,3.057307243347168,3.0577404499053955,0.00043320655822753906
45,9,160,3.2768585681915283,3.277061939239502,0.0002033710479736328
45,10,160,3.480879306793213,3.481814384460449,0.0009350776672363281
45,11,160,3.1188013553619385,3.1180808544158936,-0.0007205009460449219
45,12,160,3.3325867652893066,3.3330233097076416,0.00043654441833496094
45,13,160,3.8104255199432373,3.810554027557373,0.0001285076141357422
45,14,160,3.6306989192962646,3.631251811981201,0.0005528926849365234
45,15,160,3.560122489929199,3.560900926589966,0.0007784366607666016
45,16,160,3.9201157093048096,3.918424606323242,-0.0016911029815673828
45,17,160,3.5192716121673584,3.518630027770996,-0.0006415843963623047
45,18,160,2.898158073425293,2.897446632385254,-0.0007114410400390625
45,19,160,2.5089364051818848,2.5088584423065186,-7.796287536621094e-05
46,0,160,3.3952088356018066,3.39583158493042,0.0006227493286132812
46,1,160,3.5262527465820312,3.5262646675109863,1.1920928955078125e-05
46,2,160,3.4333651065826416,3.4334158897399902,5.078315734863281e-05
46,3,160,2.997727155685425,2.9971683025360107,-0.0005588531494140625
46,4,160,2.8241868019104004,2.8245744705200195,0.0003876686096191406
46,5,160,3.3419837951660156,3.3421432971954346,0.0001595020294189453
46,6,160,3.3206419944763184,3.321491003036499,0.0008490085601806641
46,7,160,3.3390421867370605,3.3389105796813965,-0.0001316070556640625
46,8,160,3.057307243347168,3.0580801963806152,0.0007729530334472656
46,9,160,3.2768585681915283,3.276904582977295,4.601478576660156e-05
46,10,160,3.480879306793213,3.480944871902466,6.556510925292969e-05
46,11,160,3.1188013553619385,3.1179261207580566,-0.0008752346038818359
46,12,160,3.3325867652893066,3.332679510116577,9.274482727050781e-05
46,13,160,3.8104255199432373,3.81095552444458,0.0005300045013427734
46,14,160,3.6306989192962646,3.6302521228790283,-0.0004467964172363281
46,15,160,3.560122489929199,3.5605714321136475,0.0004489421844482422
46,16,160,3.9201157093048096,3.921674966812134,0.0015592575073242188
46,17,160,3.5192716121673584,3.5198774337768555,0.0006058216094970703
46,18,160,2.898158073425293,2.8976855278015137,-0.0004725456237792969
46,19,160,2.5089364051818848,2.50824236869812,-0.0006940364837646484
47,0,160,3.3952088356018066,3.3957931995391846,0.0005843639373779297
47,1,160,3.5262527465820312,3.525655508041382,-0.0005972385406494141
47,2,160,3.4333651065826416,3.4347927570343018,0.0014276504516601562
47,3,160,2.997727155685425,2.9982552528381348,0.0005280971527099609
47,4,160,2.8241868019104004,2.823307514190674,-0.0008792877197265625
47,5,160,3.3419837951660156,3.340961456298828,-0.0010223388671875
47,6,160,3.3206419944763184,3.3206746578216553,3.266334533691406e-05
47,7,160,3.3390421867370605,3.337376594543457,-0.0016655921936035156
47,8,160,3.057307243347168,3.0572755336761475,-3.170967102050781e-05
47,9,160,3.2768585681915283,3.275315284729004,-0.001543283462524414
47,10,160,3.480879306793213,3.4800755977630615,-0.0008037090301513672
47,11,160,3.1188013553619385,3.1196868419647217,0.0008854866027832031
47,12,160,3.3325867652893066,3.3343961238861084,0.0018093585968017578
47,13,160,3.8104255199432373,3.810805320739746,0.00037980079650878906
47,14,160,3.6306989192962646,3.6300759315490723,-0.0006229877471923828
47,15,160,3.560122489929199,3.5615267753601074,0.0014042854309082031
47,16,160,3.9201157093048096,3.920095443725586,-2.0265579223632812e-05
47,17,160,3.5192716121673584,3.5200977325439453,0.0008261203765869141
47,18,160,2.898158073425293,2.8987553119659424,0.0005972385406494141
47,19,160,2.5089364051818848,2.508927345275879,-9.059906005859375e-06
48,0,160,3.3952088356018066,3.396034002304077,0.0008251667022705078
48,1,160,3.5262527465820312,3.5277318954467773,0.0014791488647460938
48,2,160,3.4333651065826416,3.433758020401001,0.000392913818359375
48,3,160,2.997727155685425,2.997706413269043,-2.0742416381835938e-05
48,4,160,2.8241868019104004,2.8246781826019287,0.0004913806915283203
48,5,160,3.3419837951660156,3.3423564434051514,0.0003726482391357422
48,6,160,3.3206419944763184,3.319615125656128,-0.0010268688201904297
48,7,160,3.3390421867370605,3.3385438919067383,-0.0004982948303222656
48,8,160,3.057307243347168,3.0576279163360596,0.00032067298889160156
48,9,160,3.2768585681915283,3.276033639907837,-0.0008249282836914062
48,10,160,3.480879306793213,3.4798099994659424,-0.0010693073272705078
48,11,160,3.1188013553619385,3.1178479194641113,-0.0009534358978271484
48,12,160,3.3325867652893066,3.3313441276550293,-0.0012426376342773438
48,13,160,3.8104255199432373,3.810847043991089,0.0004215240478515625
48,14,160,3.6306989192962646,3.6306097507476807,-8.916854858398438e-05
48,15,160,3.560122489929199,3.5595154762268066,-0.0006070137023925781
48,16,160,3.9201157093048096,3.9201407432556152,2.5033950805664062e-05
48,17,160,3.5192716121673584,3.519852876663208,0.0005812644958496094
48,18,160,2.898158073425293,2.89892840385437,0.0007703304290771484
48,19,160,2.5089364051818848,2.5083954334259033,-0.0005409717559814453
49,0,160,3.3952088356018066,3.3949432373046875,-0.0002655982971191406
49,1,160,3.5262527465820312,3.5284597873687744,0.002207040786743164
49,2,160,3.4333651065826416,3.432663917541504,-0.0007011890411376953
49,3,160,2.997727155685425,2.9994101524353027,0.0016829967498779297
49,4,160,2.8241868019104004,2.8248727321624756,0.0006859302520751953
49,5,160,3.3419837951660156,3.3438644409179688,0.001880645751953125
49,6,160,3.3206419944763184,3.322936534881592,0.0022945404052734375
49,7,160,3.3390421867370605,3.3402624130249023,0.0012202262878417969
49,8,160,3.057307243347168,3.059011220932007,0.0017039775848388672
49,9,160,3.2768585681915283,3.275702953338623,-0.0011556148529052734
49,10,160,3.480879306793213,3.4808943271636963,1.5020370483398438e-05
49,11,160,3.1188013553619385,3.1197898387908936,0.0009884834289550781
49,12,160,3.3325867652893066,3.332387685775757,-0.0001990795135498047
49,13,160,3.8104255199432373,3.81075119972229,0.0003256797790527344
49,14,160,3.6306989192962646,3.630620002746582,-7.891654968261719e-05
49,15,160,3.560122489929199,3.5595061779022217,-0.0006163120269775391
49,16,160,3.9201157093048096,3.921417236328125,0.0013015270233154297
49,17,160,3.5192716121673584,3.5176820755004883,-0.0015895366668701172
49,18,160,2.898158073425293,2.898329496383667,0.00017142295837402344
49,19,160,2.5089364051818848,2.5085151195526123,-0.00042128562927246094
50,0,160,3.3952088356018066,3.3935561180114746,-0.0016527175903320312
50,1,160,3.5262527465820312,3.5263707637786865,0.00011801719665527344
50,2,160,3.4333651065826416,3.4340600967407227,0.0006949901580810547
50,3,160,2.997727155685425,2.9968316555023193,-0.0008955001831054688
50,4,160,2.8241868019104004,2.8250679969787598,0.000881195068359375
50,5,160,3.3419837951660156,3.340486526489258,-0.0014972686767578125
50,6,160,3.3206419944763184,3.3221049308776855,0.0014629364013671875
50,7,160,3.3390421867370605,3.339094638824463,5.245208740234375e-05
50,8,160,3.057307243347168,3.058347702026367,0.0010404586791992188
50,9,160,3.2768585681915283,3.276712417602539,-0.0001461505889892578
50,10,160,3.480879306793213,3.4813265800476074,0.00044727325439453125
50,11,160,3.1188013553619385,3.1170594692230225,-0.0017418861389160156
50,12,160,3.3325867652893066,3.3332550525665283,0.0006682872772216797
50,13,160,3.8104255199432373,3.8093483448028564,-0.0010771751403808594
50,14,160,3.6306989192962646,3.630326986312866,-0.0003719329833984375
50,15,160,3.560122489929199,3.5598304271698,-0.00029206275939941406
50,16,160,3.9201157093048096,3.919933319091797,-0.0001823902130126953
50,17,160,3.5192716121673584,3.519314765930176,4.315376281738281e-05
50,18,160,2.898158073425293,2.8967125415802,-0.0014455318450927734
50,19,160,2.5089364051818848,2.507723093032837,-0.0012133121490478516
51,0,160,3.3952088356018066,3.3936448097229004,-0.00156402587890625
51,1,160,3.5262527465820312,3.526082992553711,-0.0001697540283203125
51,2,160,3.4333651065826416,3.4335551261901855,0.0001900196075439453
51,3,160,2.997727155685425,2.9985671043395996,0.0008399486541748047
51,4,160,2.8241868019104004,2.824275016784668,8.821487426757812e-05
51,5,160,3.3419837951660156,3.3418185710906982,-0.0001652240753173828
51,6,160,3.3206419944763184,3.319776773452759,-0.0008652210235595703
51,7,160,3.3390421867370605,3.3392210006713867,0.00017881393432617188
51,8,160,3.057307243347168,3.056096315383911,-0.001210927963256836
51,9,160,3.2768585681915283,3.2760891914367676,-0.0007693767547607422
51,10,160,3.480879306793213,3.4802403450012207,-0.0006389617919921875
51,11,160,3.1188013553619385,3.118882417678833,8.106231689453125e-05
51,12,160,3.3325867652893066,3.3323514461517334,-0.0002353191375732422
51,13,160,3.8104255199432373,3.8102357387542725,-0.00018978118896484375
51,14,160,3.6306989192962646,3.631692886352539,0.000993967056274414
51,15,160,3.560122489929199,3.5603408813476562,0.00021839141845703125
51,16,160,3.9201157093048096,3.9195404052734375,-0.0005753040313720703
51,17,160,3.5192716121673584,3.5205297470092773,0.0012581348419189453
51,18,160,2.898158073425293,2.896841049194336,-0.0013170242309570312
51,19,160,2.5089364051818848,2.5082783699035645,-0.0006580352783203125
52,0,160,3.3952088356018066,3.3951051235198975,-0.00010371208190917969
52,1,160,3.5262527465820312,3.5240747928619385,-0.0021779537200927734
52,2,160,3.4333651065826416,3.4336907863616943,0.0003256797790527344
52,3,160,2.997727155685425,2.998206377029419,0.0004792213439941406
52,4,160,2.8241868019104004,2.824331283569336,0.00014448165893554688
52,5,160,3.3419837951660156,3.3420023918151855,1.8596649169921875e-05
52,6,160,3.3206419944763184,3.3207345008850098,9.250640869140625e-05
52,7,160,3.3390421867370605,3.3395283222198486,0.00048613548278808594
52,8,160,3.057307243347168,3.0580673217773438,0.0007600784301757812
52,9,160,3.2768585681915283,3.276820421218872,-3.814697265625e-05
52,10,160,3.480879306793213,3.4809038639068604,2.4557113647460938e-05
52,11,160,3.1188013553619385,3.119597911834717,0.0007965564727783203
52,12,160,3.3325867652893066,3.333051919937134,0.00046515464782714844
52,13,160,3.8104255199432373,3.810368299484253,-5.7220458984375e-05
52,14,160,3.6306989192962646,3.630887746810913,0.0001888275146484375
52,15,160,3.560122489929199,3.560584306716919,0.00046181678771972656
52,16,160,3.9201157093048096,3.9215614795684814,0.001445770263671875
52,17,160,3.5192716121673584,3.5188512802124023,-0.0004203319549560547
52,18,160,2.898158073425293,2.8993961811065674,0.001238107681274414
52,19,160,2.5089364051818848,2.5107226371765137,0.0017862319946289062
53,0,160,3.3952088356018066,3.3956830501556396,0.0004742145538330078
53,1,160,3.5262527465820312,3.526843786239624,0.0005910396575927734
53,2,160,3.4333651065826416,3.4329099655151367,-0.0004551410675048828
53,3,160,2.997727155685425,2.9980595111846924,0.0003323554992675781
53,4,160,2.8241868019104004,2.82389760017395,-0.0002892017364501953
53,5,160,3.3419837951660156,3.3412740230560303,-0.0007097721099853516
53,6,160,3.3206419944763184,3.3196475505828857,-0.0009944438934326172
53,7,160,3.3390421867370605,3.339364767074585,0.00032258033752441406
53,8,160,3.057307243347168,3.0579168796539307,0.0006096363067626953
53,9,160,3.2768585681915283,3.275996208190918,-0.0008623600006103516
53,10,160,3.480879306793213,3.48087477684021,-4.5299530029296875e-06
53,11,160,3.1188013553619385,3.1201529502868652,0.0013515949249267578
53,12,160,3.3325867652893066,3.3315389156341553,-0.0010478496551513672
53,13,160,3.8104255199432373,3.8111910820007324,0.0007655620574951172
53,14,160,3.6306989192962646,3.6304540634155273,-0.0002448558807373047
53,15,160,3.560122489929199,3.5598039627075195,-0.0003185272216796875
53,16,160,3.9201157093048096,3.9204256534576416,0.00030994415283203125
53,17,160,3.5192716121673584,3.5194220542907715,0.00015044212341308594
53,18,160,2.898158073425293,2.8983750343322754,0.00021696090698242188
53,19,160,2.5089364051818848,2.509732961654663,0.0007965564727783203
54,0,160,3.3952088356018066,3.396324634552002,0.0011157989501953125
54,1,160,3.5262527465820312,3.5274863243103027,0.0012335777282714844
54,2,160,3.4333651065826416,3.433332920074463,-3.218650817871094e-05
54,3,160,2.997727155685425,2.99778413772583,5.698204040527344e-05
54,4,160,2.8241868019104004,2.8249094486236572,0.0007226467132568359
54,5,160,3.3419837951660156,3.3420257568359375,4.1961669921875e-05
54,6,160,3.3206419944763184,3.321726083755493,0.0010840892791748047
54,7,160,3.3390421867370605,3.337960958480835,-0.001081228256225586
54,8,160,3.057307243347168,3.058035135269165,0.0007278919219970703
54,9,160,3.2768585681915283,3.2778072357177734,0.0009486675262451172
54,10,160,3.480879306793213,3.48026967048645,-0.0006096363067626953
54,11,160,3.1188013553619385,3.118665933609009,-0.0001354217529296875
54,12,160,3.3325867652893066,3.332170009613037,-0.00041675567626953125
54,13,160,3.8104255199432373,3.8087105751037598,-0.001714944839477539
54,14,160,3.6306989192962646,3.6318392753601074,0.0011403560638427734
54,15,160,3.560122489929199,3.559793710708618,-0.0003287792205810547
54,16,160,3.9201157093048096,3.918910026550293,-0.0012056827545166016
54,17,160,3.5192716121673584,3.5183165073394775,-0.0009551048278808594
54,18,160,2.898158073425293,2.898749828338623,0.0005917549133300781
54,19,160,2.5089364051818848,2.50978684425354,0.0008504390716552734
55,0,160,3.3952088356018066,3.394949436187744,-0.0002593994140625
55,1,160,3.5262527465820312,3.5264639854431152,0.00021123886108398438
55,2,160,3.4333651065826416,3.4332783222198486,-8.678436279296875e-05
55,3,160,2.997727155685425,2.998297691345215,0.0005705356597900391
55,4,160,2.8241868019104004,2.823476791381836,-0.0007100105285644531
55,5,160,3.3419837951660156,3.341186761856079,-0.0007970333099365234
55,6,160,3.3206419944763184,3.318960428237915,-0.0016815662384033203
55,7,160,3.3390421867370605,3.3389744758605957,-6.771087646484375e-05
55,8,160,3.057307243347168,3.056898355484009,-0.0004088878631591797
55,9,160,3.2768585681915283,3.274038791656494,-0.0028197765350341797
55,10,160,3.480879306793213,3.48095440864563,7.510185241699219e-05
55,11,160,3.1188013553619385,3.1205673217773438,0.0017659664154052734
55,12,160,3.3325867652893066,3.3310701847076416,-0.001516580581665039
55,13,160,3.8104255199432373,3.8109190464019775,0.0004935264587402344
55,14,160,3.6306989192962646,3.632044792175293,0.0013458728790283203
55,15,160,3.560122489929199,3.5582590103149414,-0.0018634796142578125
55,16,160,3.9201157093048096,3.9201605319976807,4.482269287109375e-05
55,17,160,3.5192716121673584,3.5199778079986572,0.0007061958312988281
55,18,160,2.898158073425293,2.8977794647216797,-0.00037860870361328125
55,19,160,2.5089364051818848,2.5105178356170654,0.001581430435180664
56,0,160,3.3952088356018066,3.3956010341644287,0.0003921985626220703
56,1,160,3.5262527465820312,3.5283894538879395,0.002136707305908203
56,2,160,3.4333651065826416,3.4329466819763184,-0.0004184246063232422
56,3,160,2.997727155685425,2.996269941329956,-0.00145721435546875
56,4,160,2.8241868019104004,2.8250527381896973,0.000865936279296875
56,5,160,3.3419837951660156,3.341093063354492,-0.0008907318115234375
56,6,160,3.3206419944763184,3.3206067085266113,-3.528594970703125e-05
56,7,160,3.3390421867370605,3.3382296562194824,-0.000812530517578125
56,8,160,3.057307243347168,3.0575358867645264,0.00022864341735839844
56,9,160,3.2768585681915283,3.2768256664276123,-3.2901763916015625e-05
56,10,160,3.480879306793213,3.480379343032837,-0.0004999637603759766
56,11,160,3.1188013553619385,3.1178996562957764,-0.0009016990661621094
56,12,160,3.3325867652893066,3.3329193592071533,0.0003325939178466797
56,13,160,3.8104255199432373,3.810662031173706,0.00023651123046875
56,14,160,3.6306989192962646,3.630981683731079,0.0002827644348144531
56,15,160,3.560122489929199,3.560617685317993,0.0004951953887939453
56,16,160,3.9201157093048096,3.918994188308716,-0.00112152099609375
56,17,160,3.5192716121673584,3.5185587406158447,-0.0007128715515136719
56,18,160,2.898158073425293,2.8989689350128174,0.0008108615875244141
56,19,160,2.5089364051818848,2.5100009441375732,0.0010645389556884766
57,0,160,3.3952088356018066,3.3956565856933594,0.0004477500915527344
57,1,160,3.5262527465820312,3.5268473625183105,0.0005946159362792969
57,2,160,3.4333651065826416,3.432528018951416,-0.0008370876312255859
57,3,160,2.997727155685425,2.997145414352417,-0.0005817413330078125
57,4,160,2.8241868019104004,2.8231041431427,-0.0010826587677001953
57,5,160,3.3419837951660156,3.341609477996826,-0.0003743171691894531
57,6,160,3.3206419944763184,3.319457530975342,-0.0011844635009765625
57,7,160,3.3390421867370605,3.337786912918091,-0.0012552738189697266
57,8,160,3.057307243347168,3.0572290420532227,-7.82012939453125e-05
57,9,160,3.2768585681915283,3.275524139404297,-0.0013344287872314453
57,10,160,3.480879306793213,3.479804277420044,-0.0010750293731689453
57,11,160,3.1188013553619385,3.120192766189575,0.0013914108276367188
57,12,160,3.3325867652893066,3.3320224285125732,-0.0005643367767333984
57,13,160,3.8104255199432373,3.8090054988861084,-0.0014200210571289062
57,14,160,3.6306989192962646,3.6303255558013916,-0.0003733634948730469
57,15,160,3.560122489929199,3.5601117610931396,-1.0728836059570312e-05
57,16,160,3.9201157093048096,3.9214906692504883,0.001374959945678711
57,17,160,3.5192716121673584,3.5205674171447754,0.0012958049774169922
57,18,160,2.898158073425293,2.8971107006073,-0.001047372817993164
57,19,160,2.5089364051818848,2.5095431804656982,0.0006067752838134766
58,0,160,3.3952088356018066,3.396944761276245,0.0017359256744384766
58,1,160,3.5262527465820312,3.5281333923339844,0.001880645751953125
58,2,160,3.4333651065826416,3.4353184700012207,0.0019533634185791016
58,3,160,2.997727155685425,2.9977500438690186,2.288818359375e-05
58,4,160,2.8241868019104004,2.823887348175049,-0.0002994537353515625
58,5,160,3.3419837951660156,3.3416059017181396,-0.00037789344787597656
58,6,160,3.3206419944763184,3.320725202560425,8.320808410644531e-05
58,7,160,3.3390421867370605,3.3398094177246094,0.0007672309875488281
58,8,160,3.057307243347168,3.0557022094726562,-0.0016050338745117188
58,9,160,3.2768585681915283,3.2778501510620117,0.0009915828704833984
58,10,160,3.480879306793213,3.4820852279663086,0.0012059211730957031
58,11,160,3.1188013553619385,3.1201515197753906,0.0013501644134521484
58,12,160,3.3325867652893066,3.3342642784118652,0.0016775131225585938
58,13,160,3.8104255199432373,3.81026291847229,-0.00016260147094726562
58,14,160,3.6306989192962646,3.6308884620666504,0.0001895427703857422
58,15,160,3.560122489929199,3.5604910850524902,0.0003685951232910156
58,16,160,3.9201157093048096,3.9198241233825684,-0.00029158592224121094
58,17,160,3.5192716121673584,3.522120714187622,0.002849102020263672
58,18,160,2.898158073425293,2.898442029953003,0.00028395652770996094
58,19,160,2.5089364051818848,2.508155345916748,-0.0007810592651367188
59,0,160,3.3952088356018066,3.3972322940826416,0.002023458480834961
59,1,160,3.5262527465820312,3.5266036987304688,0.0003509521484375
59,2,160,3.4333651065826416,3.433826208114624,0.0004611015319824219
59,3,160,2.997727155685425,2.997579336166382,-0.00014781951904296875
59,4,160,2.8241868019104004,2.8233509063720703,-0.0008358955383300781
59,5,160,3.3419837951660156,3.343057870864868,0.001074075698852539
59,6,160,3.3206419944763184,3.3206558227539062,1.3828277587890625e-05
59,7,160,3.3390421867370605,3.337782144546509,-0.0012600421905517578
59,8,160,3.057307243347168,3.055877208709717,-0.0014300346374511719
59,9,160,3.2768585681915283,3.2771832942962646,0.0003247261047363281
59,10,160,3.480879306793213,3.4826433658599854,0.001764059066772461
59,11,160,3.1188013553619385,3.1188535690307617,5.221366882324219e-05
59,12,160,3.3325867652893066,3.333089828491211,0.0005030632019042969
59,13,160,3.8104255199432373,3.8113343715667725,0.0009088516235351562
59,14,160,3.6306989192962646,3.6309075355529785,0.0002086162567138672
59,15,160,3.560122489929199,3.5602519512176514,0.00012946128845214844
59,16,160,3.9201157093048096,3.921461582183838,0.0013458728790283203
59,17,160,3.5192716121673584,3.521012783050537,0.001741170883178711
59,18,160,2.898158073425293,2.898561954498291,0.0004038810729980469
59,19,160,2.5089364051818848,2.508467435836792,-0.00046896934509277344
60,0,160,3.3952088356018066,3.395023822784424,-0.0001850128173828125
60,1,160,3.5262527465820312,3.5246944427490234,-0.0015583038330078125
60,2,160,3.4333651065826416,3.434727191925049,0.0013620853424072266
60,3,160,2.997727155685425,2.9990811347961426,0.0013539791107177734
60,4,160,2.8241868019104004,2.8241169452667236,-6.985664367675781e-05
60,5,160,3.3419837951660156,3.3426928520202637,0.0007090568542480469
60,6,160,3.3206419944763184,3.3209636211395264,0.0003216266632080078
60,7,160,3.3390421867370605,3.3408267498016357,0.0017845630645751953
60,8,160,3.057307243347168,3.0575547218322754,0.0002474784851074219
60,9,160,3.2768585681915283,3.2763123512268066,-0.0005462169647216797
60,10,160,3.480879306793213,3.481048345565796,0.0001690387725830078
60,11,160,3.1188013553619385,3.118947982788086,0.00014662742614746094
60,12,160,3.3325867652893066,3.3309600353240967,-0.001626729965209961
60,13,160,3.8104255199432373,3.810121774673462,-0.0003037452697753906
60,14,160,3.6306989192962646,3.6302976608276367,-0.0004012584686279297
60,15,160,3.560122489929199,3.559835195541382,-0.0002872943878173828
60,16,160,3.9201157093048096,3.919734477996826,-0.00038123130798339844
60,17,160,3.5192716121673584,3.5225181579589844,0.0032465457916259766
60,18,160,2.898158073425293,2.8984508514404297,0.00029277801513671875
60,19,160,2.5089364051818848,2.5093767642974854,0.00044035911560058594
61,0,160,3.3952088356018066,3.394670009613037,-0.0005388259887695312
61,1,160,3.5262527465820312,3.5262107849121094,-4.1961669921875e-05
61,2,160,3.4333651065826416,3.43322491645813,-0.00014019012451171875
61,3,160,2.997727155685425,2.996687412261963,-0.001039743423461914
61,4,160,2.8241868019104004,2.824129819869995,-5.698204040527344e-05
61,5,160,3.3419837951660156,3.342761278152466,0.0007774829864501953
61,6,160,3.3206419944763184,3.320216178894043,-0.0004258155822753906
61,7,160,3.3390421867370605,3.337439775466919,-0.0016024112701416016
61,8,160,3.057307243347168,3.0576961040496826,0.00038886070251464844
61,9,160,3.2768585681915283,3.27736496925354,0.0005064010620117188
61,10,160,3.480879306793213,3.4808883666992188,9.059906005859375e-06
61,11,160,3.1188013553619385,3.1204378604888916,0.001636505126953125
61,12,160,3.3325867652893066,3.33249568939209,-9.107589721679688e-05
61,13,160,3.8104255199432373,3.8101959228515625,-0.0002295970916748047
61,14,160,3.6306989192962646,3.6315319538116455,0.0008330345153808594
61,15,160,3.560122489929199,3.5599353313446045,-0.00018715858459472656
61,16,160,3.9201157093048096,3.9210152626037598,0.0008995532989501953
61,17,160,3.5192716121673584,3.521247148513794,0.001975536346435547
61,18,160,2.898158073425293,2.8999059200286865,0.0017478466033935547
61,19,160,2.5089364051818848,2.5081613063812256,-0.0007750988006591797
62,0,160,3.3952088356018066,3.3961334228515625,0.0009245872497558594
62,1,160,3.5262527465820312,3.5263962745666504,0.00014352798461914062
62,2,160,3.4333651065826416,3.43456768989563,0.0012025833129882812
62,3,160,2.997727155685425,2.9985311031341553,0.0008039474487304688
62,4,160,2.8241868019104004,2.823474407196045,-0.0007123947143554688
62,5,160,3.3419837951660156,3.3433878421783447,0.0014040470123291016
62,6,160,3.3206419944763184,3.3211591243743896,0.0005171298980712891
62,7,160,3.3390421867370605,3.3385400772094727,-0.0005021095275878906
62,8,160,3.057307243347168,3.0567338466644287,-0.0005733966827392578
62,9,160,3.2768585681915283,3.2772109508514404,0.0003523826599121094
62,10,160,3.480879306793213,3.4823689460754395,0.0014896392822265625
62,11,160,3.1188013553619385,3.1201977729797363,0.0013964176177978516
62,12,160,3.3325867652893066,3.331484317779541,-0.001102447509765625
62,13,160,3.8104255199432373,3.8111531734466553,0.0007276535034179688
62,14,160,3.6306989192962646,3.6307570934295654,5.817413330078125e-05
62,15,160,3.560122489929199,3.5618157386779785,0.0016932487487792969
62,16,160,3.9201157093048096,3.921560525894165,0.0014448165893554688
62,17,160,3.5192716121673584,3.5190269947052,-0.0002446174621582031
62,18,160,2.898158073425293,2.8986260890960693,0.0004680156707763672
62,19,160,2.5089364051818848,2.509446382522583,0.0005099773406982422
63,0,160,3.3952088356018066,3.395890951156616,0.0006821155548095703
63,1,160,3.5262527465820312,3.5259132385253906,-0.000339508056640625
63,2,160,3.4333651065826416,3.4326119422912598,-0.0007531642913818359
63,3,160,2.997727155685425,2.996734857559204,-0.0009922981262207031
63,4,160,2.8241868019104004,2.82521915435791,0.0010323524475097656
63,5,160,3.3419837951660156,3.339688777923584,-0.0022950172424316406
63,6,160,3.3206419944763184,3.3204476833343506,-0.00019431114196777344
63,7,160,3.3390421867370605,3.3388261795043945,-0.00021600723266601562
63,8,160,3.057307243347168,3.057896614074707,0.0005893707275390625
63,9,160,3.2768585681915283,3.276697874069214,-0.00016069412231445312
63,10,160,3.480879306793213,3.4811813831329346,0.0003020763397216797
63,11,160,3.1188013553619385,3.1193981170654297,0.0005967617034912109
63,12,160,3.3325867652893066,3.33225679397583,-0.0003299713134765625
63,13,160,3.8104255199432373,3.8107101917266846,0.0002846717834472656
63,14,160,3.6306989192962646,3.6303329467773438,-0.00036597251892089844
63,15,160,3.560122489929199,3.5604801177978516,0.00035762786865234375
63,16,160,3.9201157093048096,3.9215927124023438,0.0014770030975341797
63,17,160,3.5192716121673584,3.5192525386810303,-1.9073486328125e-05
63,18,160,2.898158073425293,2.898458480834961,0.00030040740966796875
63,19,160,2.5089364051818848,2.50801420211792,-0.0009222030639648438
64,0,160,3.3952088356018066,3.396408796310425,0.001199960708618164
64,1,160,3.5262527465820312,3.527539014816284,0.0012862682342529297
64,2,160,3.4333651065826416,3.4336659908294678,0.0003008842468261719
64,3,160,2.997727155685425,2.9983062744140625,0.0005791187286376953
64,4,160,2.8241868019104004,2.8237719535827637,-0.00041484832763671875
64,5,160,3.3419837951660156,3.3435213565826416,0.0015375614166259766
64,6,160,3.3206419944763184,3.321582555770874,0.0009405612945556641
64,7,160,3.3390421867370605,3.339487075805664,0.0004448890686035156
64,8,160,3.057307243347168,3.0576486587524414,0.0003414154052734375
64,9,160,3.2768585681915283,3.27793288230896,0.0010743141174316406
64,10,160,3.480879306793213,3.481680154800415,0.0008008480072021484
64,11,160,3.1188013553619385,3.118539333343506,-0.0002620220184326172
64,12,160,3.3325867652893066,3.333106756210327,0.0005199909210205078
64,13,160,3.8104255199432373,3.8117175102233887,0.0012919902801513672
64,14,160,3.6306989192962646,3.631276845932007,0.0005779266357421875
64,15,160,3.560122489929199,3.559458017349243,-0.0006644725799560547
64,16,160,3.9201157093048096,3.919646739959717,-0.00046896934509277344
64,17,160,3.5192716121673584,3.520524024963379,0.0012524127960205078
64,18,160,2.898158073425293,2.9007675647735596,0.0026094913482666016
64,19,160,2.5089364051818848,2.515596389770508,0.006659984588623047
65,0,160,3.3952088356018066,3.3948166370391846,-0.0003921985626220703
65,1,160,3.5262527465820312,3.5261147022247314,-0.0001380443572998047
65,2,160,3.4333651065826416,3.4340193271636963,0.0006542205810546875
65,3,160,2.997727155685425,2.9965288639068604,-0.0011982917785644531
65,4,160,2.8241868019104004,2.8240747451782227,-0.00011205673217773438
65,5,160,3.3419837951660156,3.34096097946167,-0.0010228157043457031
65,6,160,3.3206419944763184,3.319072961807251,-0.0015690326690673828
65,7,160,3.3390421867370605,3.339264154434204,0.0002219676971435547
65,8,160,3.057307243347168,3.057288646697998,-1.8596649169921875e-05
65,9,160,3.2768585681915283,3.2758586406707764,-0.0009999275207519531
65,10,160,3.480879306793213,3.4806926250457764,-0.00018668174743652344
65,11,160,3.1188013553619385,3.119002342224121,0.0002009868621826172
65,12,160,3.3325867652893066,3.3309378623962402,-0.0016489028930664062
65,13,160,3.8104255199432373,3.8108482360839844,0.0004227161407470703
65,14,160,3.6306989192962646,3.63114857673645,0.0004496574401855469
65,15,160,3.560122489929199,3.560276985168457,0.0001544952392578125
65,16,160,3.9201157093048096,3.921616554260254,0.001500844955444336
65,17,160,3.5192716121673584,3.5214574337005615,0.002185821533203125
65,18,160,2.898158073425293,2.898480176925659,0.00032210350036621094
65,19,160,2.5089364051818848,2.5086958408355713,-0.00024056434631347656
66,0,160,3.3952088356018066,3.3946070671081543,-0.0006017684936523438
66,1,160,3.5262527465820312,3.5256690979003906,-0.000583648681640625
66,2,160,3.4333651065826416,3.433814764022827,0.0004496574401855469
66,3,160,2.997727155685425,2.9977214336395264,-5.7220458984375e-06
66,4,160,2.8241868019104004,2.8244707584381104,0.00028395652770996094
66,5,160,3.3419837951660156,3.3432981967926025,0.001314401626586914
66,6,160,3.3206419944763184,3.3211748600006104,0.0005328655242919922
66,7,160,3.3390421867370605,3.3387703895568848,-0.00027179718017578125
66,8,160,3.057307243347168,3.0574846267700195,0.0001773834228515625
66,9,160,3.2768585681915283,3.277937412261963,0.0010788440704345703
66,10,160,3.480879306793213,3.4816360473632812,0.0007567405700683594
66,11,160,3.1188013553619385,3.118314266204834,-0.0004870891571044922
66,12,160,3.3325867652893066,3.3321163654327393,-0.0004703998565673828
66,13,160,3.8104255199432373,3.8119001388549805,0.001474618911743164
66,14,160,3.6306989192962646,3.631312131881714,0.0006132125854492188
66,15,160,3.560122489929199,3.5606372356414795,0.0005147457122802734
66,16,160,3.9201157093048096,3.9191269874572754,-0.0009887218475341797
66,17,160,3.5192716121673584,3.518112897872925,-0.0011587142944335938
66,18,160,2.898158073425293,2.8984105587005615,0.0002524852752685547
66,19,160,2.5089364051818848,2.508180618286133,-0.0007557868957519531
67,0,160,3.3952088356018066,3.395932912826538,0.0007240772247314453
67,1,160,3.5262527465820312,3.5260438919067383,-0.00020885467529296875
67,2,160,3.4333651065826416,3.4345614910125732,0.0011963844299316406
67,3,160,2.997727155685425,2.9982516765594482,0.0005245208740234375
67,4,160,2.8241868019104004,2.8244264125823975,0.0002396106719970703
67,5,160,3.3419837951660156,3.341262102127075,-0.0007216930389404297
67,6,160,3.3206419944763184,3.3210606575012207,0.00041866302490234375
67,7,160,3.3390421867370605,3.3396737575531006,0.0006315708160400391
67,8,160,3.057307243347168,3.0570335388183594,-0.00027370452880859375
67,9,160,3.2768585681915283,3.2780420780181885,0.0011835098266601562
67,10,160,3.480879306793213,3.481529951095581,0.0006506443023681641
67,11,160,3.1188013553619385,3.1204564571380615,0.0016551017761230469
67,12,160,3.3325867652893066,3.332777500152588,0.00019073486328125
67,13,160,3.8104255199432373,3.8107409477233887,0.0003154277801513672
67,14,160,3.6306989192962646,3.630967378616333,0.0002684593200683594
67,15,160,3.560122489929199,3.560586929321289,0.00046443939208984375
67,16,160,3.9201157093048096,3.9197194576263428,-0.0003962516784667969
67,17,160,3.5192716121673584,3.5199573040008545,0.0006856918334960938
67,18,160,2.898158073425293,2.8982839584350586,0.000125885009765625
67,19,160,2.5089364051818848,2.510849714279175,0.001913309097290039
68,0,160,3.3952088356018066,3.395167112350464,-4.172325134277344e-05
68,1,160,3.5262527465820312,3.5264217853546143,0.0001690387725830078
68,2,160,3.4333651065826416,3.4332010746002197,-0.000164031982421875
68,3,160,2.997727155685425,2.998542308807373,0.0008151531219482422
68,4,160,2.8241868019104004,2.824862241744995,0.0006754398345947266
68,5,160,3.3419837951660156,3.3430335521698,0.0010497570037841797
68,6,160,3.3206419944763184,3.3220138549804688,0.0013718605041503906
68,7,160,3.3390421867370605,3.339625358581543,0.0005831718444824219
68,8,160,3.057307243347168,3.0583088397979736,0.001001596450805664
68,9,160,3.2768585681915283,3.2765231132507324,-0.00033545494079589844
68,10,160,3.480879306793213,3.481635808944702,0.0007565021514892578
68,11,160,3.1188013553619385,3.119462013244629,0.0006606578826904297
68,12,160,3.3325867652893066,3.332897186279297,0.0003104209899902344
68,13,160,3.8104255199432373,3.808093786239624,-0.0023317337036132812
68,14,160,3.6306989192962646,3.6309986114501953,0.00029969215393066406
68,15,160,3.560122489929199,3.559936285018921,-0.0001862049102783203
68,16,160,3.9201157093048096,3.918337345123291,-0.0017783641815185547
68,17,160,3.5192716121673584,3.5205271244049072,0.0012555122375488281
68,18,160,2.898158073425293,2.9000024795532227,0.0018444061279296875
68,19,160,2.5089364051818848,2.510866641998291,0.00193023681640625
69,0,160,3.3952088356018066,3.3943912982940674,-0.0008175373077392578
69,1,160,3.5262527465820312,3.52760648727417,0.0013537406921386719
69,2,160,3.4333651065826416,3.432914972305298,-0.00045013427734375
69,3,160,2.997727155685425,2.997422218322754,-0.00030493736267089844
69,4,160,2.8241868019104004,2.8243000507354736,0.00011324882507324219
69,5,160,3.3419837951660156,3.342531681060791,0.0005478858947753906
69,6,160,3.3206419944763184,3.319657325744629,-0.0009846687316894531
69,7,160,3.3390421867370605,3.3405327796936035,0.0014905929565429688
69,8,160,3.057307243347168,3.0581307411193848,0.0008234977722167969
69,9,160,3.2768585681915283,3.2770917415618896,0.00023317337036132812
69,10,160,3.480879306793213,3.4820756912231445,0.0011963844299316406
69,11,160,3.1188013553619385,3.1183810234069824,-0.0004203319549560547
69,12,160,3.3325867652893066,3.333247184753418,0.0006604194641113281
69,13,160,3.8104255199432373,3.8106350898742676,0.00020956993103027344
69,14,160,3.6306989192962646,3.631186008453369,0.0004870891571044922
69,15,160,3.560122489929199,3.558659076690674,-0.0014634132385253906
69,16,160,3.9201157093048096,3.9218578338623047,0.0017421245574951172
69,17,160,3.5192716121673584,3.520498514175415,0.0012269020080566406
69,18,160,2.898158073425293,2.8976855278015137,-0.0004725456237792969
69,19,160,2.5089364051818848,2.509891986846924,0.0009555816650390625
70,0,160,3.3952088356018066,3.3949363231658936,-0.00027251243591308594
70,1,160,3.5262527465820312,3.5267062187194824,0.0004534721374511719
70,2,160,3.4333651065826416,3.4333624839782715,-2.6226043701171875e-06
70,3,160,2.997727155685425,2.9971842765808105,-0.0005428791046142578
70,4,160,2.8241868019104004,2.8228759765625,-0.0013108253479003906
70,5,160,3.3419837951660156,3.343524694442749,0.0015408992767333984
70,6,160,3.3206419944763184,3.3200976848602295,-0.0005443096160888672
70,7,160,3.3390421867370605,3.3387789726257324,-0.000263214111328125
70,8,160,3.057307243347168,3.0572738647460938,-3.337860107421875e-05
70,9,160,3.2768585681915283,3.2767140865325928,-0.00014448165893554688
70,10,160,3.480879306793213,3.480116367340088,-0.000762939453125
70,11,160,3.1188013553619385,3.118562936782837,-0.0002384185791015625
70,12,160,3.3325867652893066,3.3323495388031006,-0.0002372264862060547
70,13,160,3.8104255199432373,3.810227155685425,-0.0001983642578125
70,14,160,3.6306989192962646,3.6304681301116943,-0.0002307891845703125
70,15,160,3.560122489929199,3.560342788696289,0.00022029876708984375
70,16,160,3.9201157093048096,3.9197354316711426,-0.0003802776336669922
70,17,160,3.5192716121673584,3.51989483833313,0.0006232261657714844
70,18,160,2.898158073425293,2.8978490829467773,-0.000308990478515625
70,19,160,2.5089364051818848,2.5071396827697754,-0.001796722412109375
71,0,160,3.3952088356018066,3.3940951824188232,-0.0011136531829833984
71,1,160,3.5262527465820312,3.5273115634918213,0.001058816909790039
71,2,160,3.4333651065826416,3.432805299758911,-0.0005598068237304688
71,3,160,2.997727155685425,2.9983069896698,0.000579833984375
71,4,160,2.8241868019104004,2.8246588706970215,0.00047206878662109375
71,5,160,3.3419837951660156,3.340149402618408,-0.0018343925476074219
71,6,160,3.3206419944763184,3.319840908050537,-0.00080108642578125
71,7,160,3.3390421867370605,3.3398237228393555,0.0007815361022949219
71,8,160,3.057307243347168,3.0573980808258057,9.083747863769531e-05
71,9,160,3.2768585681915283,3.275761842727661,-0.0010967254638671875
71,10,160,3.480879306793213,3.4803056716918945,-0.0005736351013183594
71,11,160,3.1188013553619385,3.120532989501953,0.0017316341400146484
71,12,160,3.3325867652893066,3.3470242023468018,0.014437437057495117
71,13,160,3.8104255199432373,3.8099071979522705,-0.0005183219909667969
71,14,160,3.6306989192962646,3.631669044494629,0.0009701251983642578
71,15,160,3.560122489929199,3.55977201461792,-0.0003504753112792969
71,16,160,3.9201157093048096,3.9197001457214355,-0.00041556358337402344
71,17,160,3.5192716121673584,3.5189690589904785,-0.0003025531768798828
71,18,160,2.898158073425293,2.898188591003418,3.0517578125e-05
71,19,160,2.5089364051818848,2.5065696239471436,-0.002366781234741211
72,0,160,3.3952088356018066,3.3961780071258545,0.0009691715240478516
72,1,160,3.5262527465820312,3.5268115997314453,0.0005588531494140625
72,2,160,3.4333651065826416,3.4359540939331055,0.002588987350463867
72,3,160,2.997727155685425,2.997882127761841,0.00015497207641601562
72,4,160,2.8241868019104004,2.824308156967163,0.00012135505676269531
72,5,160,3.3419837951660156,3.3428428173065186,0.0008590221405029297
72,6,160,3.3206419944763184,3.32157301902771,0.0009310245513916016
72,7,160,3.3390421867370605,3.340891122817993,0.0018489360809326172
72,8,160,3.057307243347168,3.0582308769226074,0.0009236335754394531
72,9,160,3.2768585681915283,3.2768967151641846,3.814697265625e-05
72,10,160,3.480879306793213,3.4803712368011475,-0.0005080699920654297
72,11,160,3.1188013553619385,3.1204099655151367,0.0016086101531982422
72,12,160,3.3325867652893066,3.333721876144409,0.001135110855102539
72,13,160,3.8104255199432373,3.8107614517211914,0.00033593177795410156
72,14,160,3.6306989192962646,3.629603385925293,-0.0010955333709716797
72,15,160,3.560122489929199,3.5579614639282227,-0.0021610260009765625
72,16,160,3.9201157093048096,3.9195632934570312,-0.0005524158477783203
72,17,160,3.5192716121673584,3.5211634635925293,0.0018918514251708984
72,18,160,2.898158073425293,2.897066593170166,-0.0010914802551269531
72,19,160,2.5089364051818848,2.5100066661834717,0.001070261001586914
73,0,160,3.3952088356018066,3.395581007003784,0.00037217140197753906
73,1,160,3.5262527465820312,3.5271050930023193,0.0008523464202880859
73,2,160,3.4333651065826416,3.4343690872192383,0.0010039806365966797
73,3,160,2.997727155685425,2.9973504543304443,-0.00037670135498046875
73,4,160,2.8241868019104004,2.825228214263916,0.001041412353515625
73,5,160,3.3419837951660156,3.3437588214874268,0.0017750263214111328
73,6,160,3.3206419944763184,3.3206777572631836,3.5762786865234375e-05
73,7,160,3.3390421867370605,3.338491439819336,-0.0005507469177246094
73,8,160,3.057307243347168,3.0569908618927,-0.00031638145446777344
73,9,160,3.2768585681915283,3.278569221496582,0.001710653305053711
73,10,160,3.480879306793213,3.483166456222534,0.002287149429321289
73,11,160,3.1188013553619385,3.118976354598999,0.00017499923706054688
73,12,160,3.3325867652893066,3.331857681274414,-0.0007290840148925781
73,13,160,3.8104255199432373,3.810213565826416,-0.00021195411682128906
73,14,160,3.6306989192962646,3.6302196979522705,-0.0004792213439941406
73,15,160,3.560122489929199,3.560399293899536,0.00027680397033691406
73,16,160,3.9201157093048096,3.9215283393859863,0.0014126300811767578
73,17,160,3.5192716121673584,3.518841028213501,-0.0004305839538574219
73,18,160,2.898158073425293,2.898235321044922,7.724761962890625e-05
73,19,160,2.5089364051818848,2.509996175765991,0.0010597705841064453
74,0,160,3.3952088356018066,3.395117998123169,-9.083747863769531e-05
74,1,160,3.5262527465820312,3.527827739715576,0.0015749931335449219
74,2,160,3.4333651065826416,3.4346442222595215,0.0012791156768798828
74,3,160,2.997727155685425,2.997591495513916,-0.00013566017150878906
74,4,160,2.8241868019104004,2.825260639190674,0.0010738372802734375
74,5,160,3.3419837951660156,3.342083692550659,9.989738464355469e-05
74,6,160,3.3206419944763184,3.3195641040802,-0.001077890396118164
74,7,160,3.3390421867370605,3.338453769683838,-0.0005884170532226562
74,8,160,3.057307243347168,3.0572760105133057,-3.123283386230469e-05
74,9,160,3.2768585681915283,3.2771050930023193,0.0002465248107910156
74,10,160,3.480879306793213,3.480034828186035,-0.0008444786071777344
74,11,160,3.1188013553619385,3.121290683746338,0.002489328384399414
74,12,160,3.3325867652893066,3.3482418060302734,0.015655040740966797
74,13,160,3.8104255199432373,3.810706615447998,0.0002810955047607422
74,14,160,3.6306989192962646,3.6310055255889893,0.0003066062927246094
74,15,160,3.560122489929199,3.559485673904419,-0.0006368160247802734
74,16,160,3.9201157093048096,3.9201769828796387,6.127357482910156e-05
74,17,160,3.5192716121673584,3.519333600997925,6.198883056640625e-05
74,18,160,2.898158073425293,2.899552822113037,0.0013947486877441406
74,19,160,2.5089364051818848,2.509807586669922,0.0008711814880371094
75,0,160,3.3952088356018066,3.3955931663513184,0.00038433074951171875
75,1,160,3.5262527465820312,3.526784896850586,0.0005321502685546875
75,2,160,3.4333651065826416,3.4332809448242188,-8.416175842285156e-05
75,3,160,2.997727155685425,2.9973888397216797,-0.0003383159637451172
75,4,160,2.8241868019104004,2.8238162994384766,-0.0003705024719238281
75,5,160,3.3419837951660156,3.3437743186950684,0.0017905235290527344
75,6,160,3.3206419944763184,3.32035493850708,-0.00028705596923828125
75,7,160,3.3390421867370605,3.340498208999634,0.0014560222625732422
75,8,160,3.057307243347168,3.0570595264434814,-0.00024771690368652344
75,9,160,3.2768585681915283,3.2773168087005615,0.0004582405090332031
75,10,160,3.480879306793213,3.482100486755371,0.0012211799621582031
75,11,160,3.1188013553619385,3.119476795196533,0.0006754398345947266
75,12,160,3.3325867652893066,3.331812620162964,-0.0007741451263427734
75,13,160,3.8104255199432373,3.8107330799102783,0.0003075599670410156
75,14,160,3.6306989192962646,3.6331162452697754,0.002417325973510742
75,15,160,3.560122489929199,3.5593435764312744,-0.0007789134979248047
75,16,160,3.9201157093048096,3.9202370643615723,0.00012135505676269531
75,17,160,3.5192716121673584,3.522491931915283,0.0032203197479248047
75,18,160,2.898158073425293,2.896475315093994,-0.0016827583312988281
75,19,160,2.5089364051818848,2.5097200870513916,0.0007836818695068359
76,0,160,3.3952088356018066,3.3943936824798584,-0.0008151531219482422
76,1,160,3.5262527465820312,3.524683952331543,-0.0015687942504882812
76,2,160,3.4333651065826416,3.4332034587860107,-0.00016164779663085938
76,3,160,2.997727155685425,2.997305154800415,-0.0004220008850097656
76,4,160,2.8241868019104004,2.825315237045288,0.0011284351348876953
76,5,160,3.3419837951660156,3.3424415588378906,0.000457763671875
76,6,160,3.3206419944763184,3.3199024200439453,-0.0007395744323730469
76,7,160,3.3390421867370605,3.3387439250946045,-0.0002982616424560547
76,8,160,3.057307243347168,3.057744026184082,0.0004367828369140625
76,9,160,3.2768585681915283,3.2758984565734863,-0.0009601116180419922
76,10,160,3.480879306793213,3.4807727336883545,-0.00010657310485839844
76,11,160,3.1188013553619385,3.1216166019439697,0.00281524658203125
76,12,160,3.3325867652893066,3.341417074203491,0.00883030891418457
76,13,160,3.8104255199432373,3.809891700744629,-0.0005338191986083984
76,14,160,3.6306989192962646,3.6312742233276367,0.0005753040313720703
76,15,160,3.560122489929199,3.559889078140259,-0.0002334117889404297
76,16,160,3.9201157093048096,3.920553207397461,0.0004374980926513672
76,17,160,3.5192716121673584,3.518273115158081,-0.0009984970092773438
76,18,160,2.898158073425293,2.8989100456237793,0.0007519721984863281
76,19,160,2.5089364051818848,2.5096256732940674,0.0006892681121826172
77,0,160,3.3952088356018066,3.3950459957122803,-0.0001628398895263672
77,1,160,3.5262527465820312,3.526606798171997,0.0003540515899658203
77,2,160,3.4333651065826416,3.433163642883301,-0.0002014636993408203
77,3,160,2.997727155685425,2.9982383251190186,0.00051116943359375
77,4,160,2.8241868019104004,2.824798107147217,0.0006113052368164062
77,5,160,3.3419837951660156,3.3440303802490234,0.0020465850830078125
77,6,160,3.3206419944763184,3.321702718734741,0.0010607242584228516
77,7,160,3.3390421867370605,3.3403103351593018,0.001268148422241211
77,8,160,3.057307243347168,3.058161735534668,0.0008544921875
77,9,160,3.2768585681915283,3.2780988216400146,0.0012402534484863281
77,10,160,3.480879306793213,3.481705904006958,0.0008265972137451172
77,11,160,3.1188013553619385,3.118039131164551,-0.0007622241973876953
77,12,160,3.3325867652893066,3.331990957260132,-0.0005958080291748047
77,13,160,3.8104255199432373,3.808842420578003,-0.001583099365234375
77,14,160,3.6306989192962646,3.6310856342315674,0.0003867149353027344
77,15,160,3.560122489929199,3.5589983463287354,-0.0011241436004638672
77,16,160,3.9201157093048096,3.920099973678589,-1.5735626220703125e-05
77,17,160,3.5192716121673584,3.5183112621307373,-0.0009603500366210938
77,18,160,2.898158073425293,2.89835524559021,0.0001971721649169922
77,19,160,2.5089364051818848,2.508890151977539,-4.6253204345703125e-05
78,0,160,3.3952088356018066,3.3940980434417725,-0.0011107921600341797
78,1,160,3.5262527465820312,3.5269200801849365,0.0006673336029052734
78,2,160,3.4333651065826416,3.4345524311065674,0.0011873245239257812
78,3,160,2.997727155685425,2.9980804920196533,0.0003533363342285156
78,4,160,2.8241868019104004,2.823983907699585,-0.0002028942108154297
78,5,160,3.3419837951660156,3.341871976852417,-0.00011181831359863281
78,6,160,3.3206419944763184,3.321638345718384,0.0009963512420654297
78,7,160,3.3390421867370605,3.3379626274108887,-0.001079559326171875
78,8,160,3.057307243347168,3.057330369949341,2.3126602172851562e-05
78,9,160,3.2768585681915283,3.2756974697113037,-0.0011610984802246094
78,10,160,3.480879306793213,3.481381893157959,0.0005025863647460938
78,11,160,3.1188013553619385,3.1187641620635986,-3.719329833984375e-05
78,12,160,3.3325867652893066,3.331834316253662,-0.0007524490356445312
78,13,160,3.8104255199432373,3.809751510620117,-0.0006740093231201172
78,14,160,3.6306989192962646,3.631639003753662,0.0009400844573974609
78,15,160,3.560122489929199,3.559926748275757,-0.0001957416534423828
78,16,160,3.9201157093048096,3.921196699142456,0.0010809898376464844
78,17,160,3.5192716121673584,3.51833176612854,-0.0009398460388183594
78,18,160,2.898158073425293,2.8989615440368652,0.0008034706115722656
78,19,160,2.5089364051818848,2.5091769695281982,0.00024056434631347656
79,0,160,3.3952088356018066,3.394385576248169,-0.0008232593536376953
79,1,160,3.5262527465820312,3.5259251594543457,-0.0003275871276855469
79,2,160,3.4333651065826416,3.4332973957061768,-6.771087646484375e-05
79,3,160,2.997727155685425,2.998961925506592,0.0012347698211669922
79,4,160,2.8241868019104004,2.8241217136383057,-6.508827209472656e-05
79,5,160,3.3419837951660156,3.341920852661133,-6.29425048828125e-05
79,6,160,3.3206419944763184,3.3215901851654053,0.0009481906890869141
79,7,160,3.3390421867370605,3.338696002960205,-0.00034618377685546875
79,8,160,3.057307243347168,3.057882308959961,0.0005750656127929688
79,9,160,3.2768585681915283,3.2769336700439453,7.510185241699219e-05
79,10,160,3.480879306793213,3.4815406799316406,0.0006613731384277344
79,11,160,3.1188013553619385,3.118589162826538,-0.00021219253540039062
79,12,160,3.3325867652893066,3.3332226276397705,0.0006358623504638672
79,13,160,3.8104255199432373,3.8111166954040527,0.0006911754608154297
79,14,160,3.6306989192962646,3.629312753677368,-0.0013861656188964844
79,15,160,3.560122489929199,3.562131643295288,0.002009153366088867
79,16,160,3.9201157093048096,3.92246675491333,0.002351045608520508
79,17,160,3.5192716121673584,3.520488977432251,0.0012173652648925781
79,18,160,2.898158073425293,2.8960282802581787,-0.002129793167114258
79,19,160,2.5089364051818848,2.509894609451294,0.0009582042694091797
80,0,160,3.3952088356018066,3.3950955867767334,-0.00011324882507324219
80,1,160,3.5262527465820312,3.5268187522888184,0.0005660057067871094
80,2,160,3.4333651065826416,3.433392286300659,2.7179718017578125e-05
80,3,160,2.997727155685425,2.9980905055999756,0.00036334991455078125
80,4,160,2.8241868019104004,2.824504852294922,0.0003180503845214844
80,5,160,3.3419837951660156,3.341963291168213,-2.0503997802734375e-05
80,6,160,3.3206419944763184,3.3195130825042725,-0.0011289119720458984
80,7,160,3.3390421867370605,3.3395469188690186,0.0005047321319580078
80,8,160,3.057307243347168,3.05672287940979,-0.0005843639373779297
80,9,160,3.2768585681915283,3.2766737937927246,-0.00018477439880371094
80,10,160,3.480879306793213,3.4789209365844727,-0.0019583702087402344
80,11,160,3.1188013553619385,3.119469404220581,0.0006680488586425781
80,12,160,3.3325867652893066,3.333343744277954,0.0007569789886474609
80,13,160,3.8104255199432373,3.8090317249298096,-0.0013937950134277344
80,14,160,3.6306989192962646,3.6312952041625977,0.0005962848663330078
80,15,160,3.560122489929199,3.5615410804748535,0.0014185905456542969
80,16,160,3.9201157093048096,3.918653964996338,-0.0014617443084716797
80,17,160,3.5192716121673584,3.517350196838379,-0.0019214153289794922
80,18,160,2.898158073425293,2.898911714553833,0.0007536411285400391
80,19,160,2.5089364051818848,2.508488416671753,-0.00044798851013183594
81,0,160,3.3952088356018066,3.3942251205444336,-0.0009837150573730469
81,1,160,3.5262527465820312,3.527456760406494,0.0012040138244628906
81,2,160,3.4333651065826416,3.4330203533172607,-0.0003447532653808594
81,3,160,2.997727155685425,2.997502565383911,-0.00022459030151367188
81,4,160,2.8241868019104004,2.8239259719848633,-0.0002608299255371094
81,5,160,3.3419837951660156,3.3409817218780518,-0.0010020732879638672
81,6,160,3.3206419944763184,3.3203253746032715,-0.000316619873046875
81,7,160,3.3390421867370605,3.338811159133911,-0.00023102760314941406
81,8,160,3.057307243347168,3.0573089122772217,1.6689300537109375e-06
81,9,160,3.2768585681915283,3.2762043476104736,-0.0006542205810546875
81,10,160,3.480879306793213,3.4808003902435303,-7.891654968261719e-05
81,11,160,3.1188013553619385,3.120605945587158,0.0018045902252197266
81,12,160,3.3325867652893066,3.3320722579956055,-0.0005145072937011719
81,13,160,3.8104255199432373,3.811868667602539,0.0014431476593017578
81,14,160,3.6306989192962646,3.6309328079223633,0.0002338886260986328
81,15,160,3.560122489929199,3.561955690383911,0.001833200454711914
81,16,160,3.9201157093048096,3.9199159145355225,-0.00019979476928710938
81,17,160,3.5192716121673584,3.518878936767578,-0.00039267539978027344
81,18,160,2.898158073425293,2.896665096282959,-0.0014929771423339844
81,19,160,2.5089364051818848,2.508615016937256,-0.00032138824462890625
82,0,160,3.3952088356018066,3.3940439224243164,-0.0011649131774902344
82,1,160,3.5262527465820312,3.5268023014068604,0.0005495548248291016
82,2,160,3.4333651065826416,3.4343104362487793,0.0009453296661376953
82,3,160,2.997727155685425,2.997097969055176,-0.0006291866302490234
82,4,160,2.8241868019104004,2.823315143585205,-0.0008716583251953125
82,5,160,3.3419837951660156,3.3419010639190674,-8.273124694824219e-05
82,6,160,3.3206419944763184,3.3206140995025635,-2.7894973754882812e-05
82,7,160,3.3390421867370605,3.3376457691192627,-0.0013964176177978516
82,8,160,3.057307243347168,3.0557384490966797,-0.0015687942504882812
82,9,160,3.2768585681915283,3.2772085666656494,0.00034999847412109375
82,10,160,3.480879306793213,3.4815077781677246,0.0006284713745117188
82,11,160,3.1188013553619385,3.1202213764190674,0.0014200210571289062
82,12,160,3.3325867652893066,3.3314661979675293,-0.0011205673217773438
82,13,160,3.8104255199432373,3.8113229274749756,0.0008974075317382812
82,14,160,3.6306989192962646,3.631056070327759,0.0003571510314941406
82,15,160,3.560122489929199,3.5598835945129395,-0.00023889541625976562
82,16,160,3.9201157093048096,3.9198267459869385,-0.00028896331787109375
82,17,160,3.5192716121673584,3.519117593765259,-0.00015401840209960938
82,18,160,2.898158073425293,2.897515296936035,-0.0006427764892578125
82,19,160,2.5089364051818848,2.510080099105835,0.0011436939239501953
83,0,160,3.3952088356018066,3.3948793411254883,-0.0003294944763183594
83,1,160,3.5262527465820312,3.5296902656555176,0.003437519073486328
83,2,160,3.4333651065826416,3.4334700107574463,0.0001049041748046875
83,3,160,2.997727155685425,2.9992315769195557,0.0015044212341308594
83,4,160,2.8241868019104004,2.8226099014282227,-0.0015769004821777344
83,5,160,3.3419837951660156,3.342742443084717,0.0007586479187011719
83,6,160,3.3206419944763184,3.320215940475464,-0.0004260540008544922
83,7,160,3.3390421867370605,3.341474771499634,0.002432584762573242
83,8,160,3.057307243347168,3.0577170848846436,0.00040984153747558594
83,9,160,3.2768585681915283,3.2760157585144043,-0.0008428096771240234
83,10,160,3.480879306793213,3.482445478439331,0.001566171646118164
83,11,160,3.1188013553619385,3.1221773624420166,0.003376007080078125
83,12,160,3.3325867652893066,3.332724094390869,0.0001373291015625
83,13,160,3.8104255199432373,3.8123936653137207,0.0019681453704833984
83,14,160,3.6306989192962646,3.6307342052459717,3.528594970703125e-05
83,15,160,3.560122489929199,3.559180974960327,-0.0009415149688720703
83,16,160,3.9201157093048096,3.9213201999664307,0.0012044906616210938
83,17,160,3.5192716121673584,3.5202407836914062,0.0009691715240478516
83,18,160,2.898158073425293,2.8978302478790283,-0.00032782554626464844
83,19,160,2.5089364051818848,2.509002447128296,6.604194641113281e-05
84,0,160,3.3952088356018066,3.3956472873687744,0.00043845176696777344
84,1,160,3.5262527465820312,3.5266482830047607,0.0003955364227294922
84,2,160,3.4333651065826416,3.435692310333252,0.0023272037506103516
84,3,160,2.997727155685425,2.999671697616577,0.0019445419311523438
84,4,160,2.8241868019104004,2.825382709503174,0.0011959075927734375
84,5,160,3.3419837951660156,3.3431620597839355,0.0011782646179199219
84,6,160,3.3206419944763184,3.3233659267425537,0.0027239322662353516
84,7,160,3.3390421867370605,3.342224597930908,0.0031824111938476562
84,8,160,3.057307243347168,3.059859037399292,0.0025517940521240234
84,9,160,3.2768585681915283,3.278350353240967,0.0014917850494384766
84,10,160,3.480879306793213,3.4813055992126465,0.00042629241943359375
84,11,160,3.1188013553619385,3.1203455924987793,0.0015442371368408203
84,12,160,3.3325867652893066,3.3327720165252686,0.00018525123596191406
84,13,160,3.8104255199432373,3.8100883960723877,-0.0003371238708496094
84,14,160,3.6306989192962646,3.6329383850097656,0.0022394657135009766
84,15,160,3.560122489929199,3.5595643520355225,-0.0005581378936767578
84,16,160,3.9201157093048096,3.920860767364502,0.0007450580596923828
84,17,160,3.5192716121673584,3.5193419456481934,7.033348083496094e-05
84,18,160,2.898158073425293,2.8982203006744385,6.222724914550781e-05
84,19,160,2.5089364051818848,2.5108442306518555,0.0019078254699707031
85,0,160,3.3952088356018066,3.3935389518737793,-0.0016698837280273438
85,1,160,3.5262527465820312,3.52756404876709,0.0013113021850585938
85,2,160,3.4333651065826416,3.433140754699707,-0.0002243518829345703
85,3,160,2.997727155685425,2.9990241527557373,0.0012969970703125
85,4,160,2.8241868019104004,2.824798583984375,0.0006117820739746094
85,5,160,3.3419837951660156,3.342209815979004,0.00022602081298828125
85,6,160,3.3206419944763184,3.3219146728515625,0.0012726783752441406
85,7,160,3.3390421867370605,3.3390064239501953,-3.5762786865234375e-05
85,8,160,3.057307243347168,3.0581018924713135,0.0007946491241455078
85,9,160,3.2768585681915283,3.27791166305542,0.0010530948638916016
85,10,160,3.480879306793213,3.4813077449798584,0.0004284381866455078
85,11,160,3.1188013553619385,3.1197731494903564,0.0009717941284179688
85,12,160,3.3325867652893066,3.3333213329315186,0.0007345676422119141
85,13,160,3.8104255199432373,3.8108713626861572,0.0004458427429199219
85,14,160,3.6306989192962646,3.629882574081421,-0.00081634521484375
85,15,160,3.560122489929199,3.5589263439178467,-0.001196146011352539
85,16,160,3.9201157093048096,3.9211978912353516,0.0010821819305419922
85,17,160,3.5192716121673584,3.519717216491699,0.0004456043243408203
85,18,160,2.898158073425293,2.897972822189331,-0.00018525123596191406
85,19,160,2.5089364051818848,2.508631944656372,-0.0003044605255126953
86,0,160,3.3952088356018066,3.396078586578369,0.0008697509765625
86,1,160,3.5262527465820312,3.5262386798858643,-1.4066696166992188e-05
86,2,160,3.4333651065826416,3.4336347579956055,0.0002696514129638672
86,3,160,2.997727155685425,2.9968514442443848,-0.0008757114410400391
86,4,160,2.8241868019104004,2.8239541053771973,-0.000232696533203125
86,5,160,3.3419837951660156,3.340879440307617,-0.0011043548583984375
86,6,160,3.3206419944763184,3.3186120986938477,-0.002029895782470703
86,7,160,3.3390421867370605,3.3380157947540283,-0.0010263919830322266
86,8,160,3.057307243347168,3.054939031600952,-0.0023682117462158203
86,9,160,3.2768585681915283,3.2758960723876953,-0.0009624958038330078
86,10,160,3.480879306793213,3.481938123703003,0.001058816909790039
86,11,160,3.1188013553619385,3.1211414337158203,0.002340078353881836
86,12,160,3.3325867652893066,3.3383595943450928,0.005772829055786133
86,13,160,3.8104255199432373,3.8117434978485107,0.0013179779052734375
86,14,160,3.6306989192962646,3.630854368209839,0.00015544891357421875
86,15,160,3.560122489929199,3.5608632564544678,0.0007407665252685547
86,16,160,3.9201157093048096,3.9188125133514404,-0.0013031959533691406
86,17,160,3.5192716121673584,3.520655870437622,0.0013842582702636719
86,18,160,2.898158073425293,2.8984155654907227,0.0002574920654296875
86,19,160,2.5089364051818848,2.510786771774292,0.0018503665924072266
87,0,160,3.3952088356018066,3.3951995372772217,-9.298324584960938e-06
87,1,160,3.5262527465820312,3.526641845703125,0.00038909912109375
87,2,160,3.4333651065826416,3.436739206314087,0.0033740997314453125
87,3,160,2.997727155685425,2.9988949298858643,0.0011677742004394531
87,4,160,2.8241868019104004,2.8266491889953613,0.0024623870849609375
87,5,160,3.3419837951660156,3.3448665142059326,0.002882719039916992
87,6,160,3.3206419944763184,3.3208601474761963,0.0002181529998779297
87,7,160,3.3390421867370605,3.341329336166382,0.002287149429321289
87,8,160,3.057307243347168,3.057919502258301,0.0006122589111328125
87,9,160,3.2768585681915283,3.279581308364868,0.0027227401733398438
87,10,160,3.480879306793213,3.483058452606201,0.0021791458129882812
87,11,160,3.1188013553619385,3.121318817138672,0.0025174617767333984
87,12,160,3.3325867652893066,3.3333864212036133,0.0007996559143066406
87,13,160,3.8104255199432373,3.8112196922302246,0.0007941722869873047
87,14,160,3.6306989192962646,3.6309099197387695,0.0002110004425048828
87,15,160,3.560122489929199,3.5608484745025635,0.0007259845733642578
87,16,160,3.9201157093048096,3.9189834594726562,-0.0011322498321533203
87,17,160,3.5192716121673584,3.517897129058838,-0.0013744831085205078
87,18,160,2.898158073425293,2.8980071544647217,-0.00015091896057128906
87,19,160,2.5089364051818848,2.5086007118225098,-0.000335693359375
88,0,160,3.3952088356018066,3.3958168029785156,0.0006079673767089844
88,1,160,3.5262527465820312,3.5237667560577393,-0.002485990524291992
88,2,160,3.4333651065826416,3.434831142425537,0.0014660358428955078
88,3,160,2.997727155685425,2.997551202774048,-0.00017595291137695312
88,4,160,2.8241868019104004,2.8250880241394043,0.0009012222290039062
88,5,160,3.3419837951660156,3.3425920009613037,0.0006082057952880859
88,6,160,3.3206419944763184,3.3204429149627686,-0.0001990795135498047
88,7,160,3.3390421867370605,3.33754825592041,-0.0014939308166503906
88,8,160,3.057307243347168,3.0565426349639893,-0.0007646083831787109
88,9,160,3.2768585681915283,3.276461362838745,-0.0003972053527832031
88,10,160,3.480879306793213,3.4817795753479004,0.0009002685546875
88,11,160,3.1188013553619385,3.1195194721221924,0.0007181167602539062
88,12,160,3.3325867652893066,3.333317756652832,0.0007309913635253906
88,13,160,3.8104255199432373,3.808519124984741,-0.0019063949584960938
88,14,160,3.6306989192962646,3.6310763359069824,0.00037741661071777344
88,15,160,3.560122489929199,3.5603604316711426,0.00023794174194335938
88,16,160,3.9201157093048096,3.9201467037200928,3.0994415283203125e-05
88,17,160,3.5192716121673584,3.5211074352264404,0.0018358230590820312
88,18,160,2.898158073425293,2.8996217250823975,0.0014636516571044922
88,19,160,2.5089364051818848,2.511697769165039,0.002761363983154297
89,0,160,3.3952088356018066,3.3951828479766846,-2.5987625122070312e-05
89,1,160,3.5262527465820312,3.5275449752807617,0.0012922286987304688
89,2,160,3.4333651065826416,3.4322152137756348,-0.001149892807006836
89,3,160,2.997727155685425,2.9970569610595703,-0.0006701946258544922
89,4,160,2.8241868019104004,2.8232414722442627,-0.0009453296661376953
89,5,160,3.3419837951660156,3.341344118118286,-0.0006396770477294922
89,6,160,3.3206419944763184,3.3193321228027344,-0.0013098716735839844
89,7,160,3.3390421867370605,3.33945631980896,0.00041413307189941406
89,8,160,3.057307243347168,3.0570249557495117,-0.00028228759765625
89,9,160,3.2768585681915283,3.276390314102173,-0.00046825408935546875
89,10,160,3.480879306793213,3.4813392162323,0.00045990943908691406
89,11,160,3.1188013553619385,3.119148015975952,0.0003466606140136719
89,12,160,3.3325867652893066,3.331563949584961,-0.0010228157043457031
89,13,160,3.8104255199432373,3.809086799621582,-0.0013387203216552734
89,14,160,3.6306989192962646,3.6315207481384277,0.0008218288421630859
89,15,160,3.560122489929199,3.559293270111084,-0.0008292198181152344
89,16,160,3.9201157093048096,3.9206409454345703,0.0005252361297607422
89,17,160,3.5192716121673584,3.5211234092712402,0.001851797103881836
89,18,160,2.898158073425293,2.8977267742156982,-0.00043129920959472656
89,19,160,2.5089364051818848,2.508090019226074,-0.0008463859558105469
90,0,160,3.3952088356018066,3.396883249282837,0.0016744136810302734
90,1,160,3.5262527465820312,3.5279126167297363,0.0016598701477050781
90,2,160,3.4333651065826416,3.4317314624786377,-0.0016336441040039062
90,3,160,2.997727155685425,2.9994068145751953,0.0016796588897705078
90,4,160,2.8241868019104004,2.824963092803955,0.0007762908935546875
90,5,160,3.3419837951660156,3.3431406021118164,0.0011568069458007812
90,6,160,3.3206419944763184,3.3210604190826416,0.0004184246063232422
90,7,160,3.3390421867370605,3.3405494689941406,0.0015072822570800781
90,8,160,3.057307243347168,3.0589520931243896,0.0016448497772216797
90,9,160,3.2768585681915283,3.2775890827178955,0.0007305145263671875
90,10,160,3.480879306793213,3.4822187423706055,0.0013394355773925781
90,11,160,3.1188013553619385,3.1193418502807617,0.0005404949188232422
90,12,160,3.3325867652893066,3.3340041637420654,0.001417398452758789
90,13,160,3.8104255199432373,3.80997633934021,-0.00044918060302734375
90,14,160,3.6306989192962646,3.6307718753814697,7.295608520507812e-05
90,15,160,3.560122489929199,3.5606462955474854,0.0005238056182861328
90,16,160,3.9201157093048096,3.9199039936065674,-0.0002117156982421875
90,17,160,3.5192716121673584,3.520167827606201,0.0008962154388427734
90,18,160,2.898158073425293,2.897822380065918,-0.000335693359375
90,19,160,2.5089364051818848,2.5099244117736816,0.000988006591796875
91,0,160,3.3952088356018066,3.3969454765319824,0.0017366409301757812
91,1,160,3.5262527465820312,3.5278265476226807,0.001573801040649414
91,2,160,3.4333651065826416,3.43363094329834,0.0002658367156982422
91,3,160,2.997727155685425,2.996504545211792,-0.0012226104736328125
91,4,160,2.8241868019104004,2.8242299556732178,4.315376281738281e-05
91,5,160,3.3419837951660156,3.3419995307922363,1.5735626220703125e-05
91,6,160,3.3206419944763184,3.317732095718384,-0.0029098987579345703
91,7,160,3.3390421867370605,3.338388681411743,-0.0006535053253173828
91,8,160,3.057307243347168,3.057291269302368,-1.5974044799804688e-05
91,9,160,3.2768585681915283,3.277085065841675,0.00022649765014648438
91,10,160,3.480879306793213,3.480494499206543,-0.0003848075866699219
91,11,160,3.1188013553619385,3.1193885803222656,0.0005872249603271484
91,12,160,3.3325867652893066,3.3341896533966064,0.0016028881072998047
91,13,160,3.8104255199432373,3.811020612716675,0.0005950927734375
91,14,160,3.6306989192962646,3.6302576065063477,-0.0004413127899169922
91,15,160,3.560122489929199,3.5593883991241455,-0.0007340908050537109
91,16,160,3.9201157093048096,3.919300079345703,-0.0008156299591064453
91,17,160,3.5192716121673584,3.520662784576416,0.0013911724090576172
91,18,160,2.898158073425293,2.898411989212036,0.00025391578674316406
91,19,160,2.5089364051818848,2.510986328125,0.0020499229431152344
92,0,160,3.3952088356018066,3.3949167728424072,-0.00029206275939941406
92,1,160,3.5262527465820312,3.5259039402008057,-0.00034880638122558594
92,2,160,3.4333651065826416,3.4314188957214355,-0.0019462108612060547
92,3,160,2.997727155685425,2.998225688934326,0.0004985332489013672
92,4,160,2.8241868019104004,2.824948310852051,0.0007615089416503906
92,5,160,3.3419837951660156,3.3399829864501953,-0.0020008087158203125
92,6,160,3.3206419944763184,3.3195905685424805,-0.0010514259338378906
92,7,160,3.3390421867370605,3.3373188972473145,-0.0017232894897460938
92,8,160,3.057307243347168,3.056260824203491,-0.0010464191436767578
92,9,160,3.2768585681915283,3.277078866958618,0.00022029876708984375
92,10,160,3.480879306793213,3.4791641235351562,-0.0017151832580566406
92,11,160,3.1188013553619385,3.118464708328247,-0.00033664703369140625
92,12,160,3.3325867652893066,3.331599235534668,-0.0009875297546386719
92,13,160,3.8104255199432373,3.810051441192627,-0.00037407875061035156
92,14,160,3.6306989192962646,3.630767822265625,6.890296936035156e-05
92,15,160,3.560122489929199,3.5605709552764893,0.00044846534729003906
92,16,160,3.9201157093048096,3.9187920093536377,-0.001323699951171875
92,17,160,3.5192716121673584,3.5212390422821045,0.0019674301147460938
92,18,160,2.898158073425293,2.8978023529052734,-0.00035572052001953125
92,19,160,2.5089364051818848,2.508833169937134,-0.00010323524475097656
93,0,160,3.3952088356018066,3.395606279373169,0.0003974437713623047
93,1,160,3.5262527465820312,3.526517629623413,0.00026488304138183594
93,2,160,3.4333651065826416,3.4336471557617188,0.00028204917907714844
93,3,160,2.997727155685425,2.9973881244659424,-0.0003390312194824219
93,4,160,2.8241868019104004,2.8238911628723145,-0.0002956390380859375
93,5,160,3.3419837951660156,3.3411097526550293,-0.0008740425109863281
93,6,160,3.3206419944763184,3.3193187713623047,-0.0013232231140136719
93,7,160,3.3390421867370605,3.3393871784210205,0.00034499168395996094
93,8,160,3.057307243347168,3.056307554244995,-0.0009996891021728516
93,9,160,3.2768585681915283,3.2760355472564697,-0.0008230209350585938
93,10,160,3.480879306793213,3.4802563190460205,-0.0006229877471923828
93,11,160,3.1188013553619385,3.118523120880127,-0.00027823448181152344
93,12,160,3.3325867652893066,3.331744432449341,-0.0008423328399658203
93,13,160,3.8104255199432373,3.8094213008880615,-0.0010042190551757812
93,14,160,3.6306989192962646,3.629929304122925,-0.0007696151733398438
93,15,160,3.560122489929199,3.5621752738952637,0.002052783966064453
93,16,160,3.9201157093048096,3.92024827003479,0.00013256072998046875
93,17,160,3.5192716121673584,3.5196006298065186,0.00032901763916015625
93,18,160,2.898158073425293,2.8981282711029053,-2.9802322387695312e-05
93,19,160,2.5089364051818848,2.5095551013946533,0.0006186962127685547
94,0,160,3.3952088356018066,3.395756483078003,0.0005476474761962891
94,1,160,3.5262527465820312,3.5253429412841797,-0.0009098052978515625
94,2,160,3.4333651065826416,3.4326159954071045,-0.0007491111755371094
94,3,160,2.997727155685425,2.9980387687683105,0.0003116130828857422
94,4,160,2.8241868019104004,2.8247647285461426,0.0005779266357421875
94,5,160,3.3419837951660156,3.3421261310577393,0.0001423358917236328
94,6,160,3.3206419944763184,3.3205671310424805,-7.486343383789062e-05
94,7,160,3.3390421867370605,3.3387291431427,-0.00031304359436035156
94,8,160,3.057307243347168,3.056802272796631,-0.0005049705505371094
94,9,160,3.2768585681915283,3.2770988941192627,0.000240325927734375
94,10,160,3.480879306793213,3.479923963546753,-0.0009553432464599609
94,11,160,3.1188013553619385,3.118760585784912,-4.076957702636719e-05
94,12,160,3.3325867652893066,3.332218885421753,-0.00036787986755371094
94,13,160,3.8104255199432373,3.8098716735839844,-0.0005538463592529297
94,14,160,3.6306989192962646,3.6297128200531006,-0.0009860992431640625
94,15,160,3.560122489929199,3.5603766441345215,0.0002541542053222656
94,16,160,3.9201157093048096,3.921452522277832,0.001336812973022461
94,17,160,3.5192716121673584,3.5210063457489014,0.0017347335815429688
94,18,160,2.898158073425293,2.896930456161499,-0.0012276172637939453
94,19,160,2.5089364051818848,2.507779359817505,-0.0011570453643798828
95,0,160,3.3952088356018066,3.3951401710510254,-6.866455078125e-05
95,1,160,3.5262527465820312,3.52632999420166,7.724761962890625e-05
95,2,160,3.4333651065826416,3.4335715770721436,0.00020647048950195312
95,3,160,2.997727155685425,2.9984707832336426,0.0007436275482177734
95,4,160,2.8241868019104004,2.823723554611206,-0.00046324729919433594
95,5,160,3.3419837951660156,3.3422653675079346,0.0002815723419189453
95,6,160,3.3206419944763184,3.3200905323028564,-0.0005514621734619141
95,7,160,3.3390421867370605,3.3381147384643555,-0.0009274482727050781
95,8,160,3.057307243347168,3.057130813598633,-0.00017642974853515625
95,9,160,3.2768585681915283,3.278108835220337,0.0012502670288085938
95,10,160,3.480879306793213,3.4827146530151367,0.0018353462219238281
95,11,160,3.1188013553619385,3.119882822036743,0.0010814666748046875
95,12,160,3.3325867652893066,3.3330748081207275,0.00048804283142089844
95,13,160,3.8104255199432373,3.810479164123535,5.364418029785156e-05
95,14,160,3.6306989192962646,3.6299784183502197,-0.0007205009460449219
95,15,160,3.560122489929199,3.55914044380188,-0.000982046127319336
95,16,160,3.9201157093048096,3.9212844371795654,0.0011687278747558594
95,17,160,3.5192716121673584,3.5184056758880615,-0.000865936279296875
95,18,160,2.898158073425293,2.8979618549346924,-0.00019621849060058594
95,19,160,2.5089364051818848,2.5095460414886475,0.0006096363067626953
96,0,160,3.3952088356018066,3.3954498767852783,0.0002410411834716797
96,1,160,3.5262527465820312,3.5274224281311035,0.0011696815490722656
96,2,160,3.4333651065826416,3.4339356422424316,0.0005705356597900391
96,3,160,2.997727155685425,2.9983668327331543,0.0006396770477294922
96,4,160,2.8241868019104004,2.8234400749206543,-0.0007467269897460938
96,5,160,3.3419837951660156,3.342658758163452,0.0006749629974365234
96,6,160,3.3206419944763184,3.3213369846343994,0.0006949901580810547
96,7,160,3.3390421867370605,3.339869499206543,0.0008273124694824219
96,8,160,3.057307243347168,3.05863618850708,0.0013289451599121094
96,9,160,3.2768585681915283,3.276418685913086,-0.0004398822784423828
96,10,160,3.480879306793213,3.4816129207611084,0.0007336139678955078
96,11,160,3.1188013553619385,3.117755889892578,-0.0010454654693603516
96,12,160,3.3325867652893066,3.3323867321014404,-0.00020003318786621094
96,13,160,3.8104255199432373,3.812112808227539,0.0016872882843017578
96,14,160,3.6306989192962646,3.6303656101226807,-0.0003333091735839844
96,15,160,3.560122489929199,3.5603187084198,0.00019621849060058594
96,16,160,3.9201157093048096,3.9218368530273438,0.0017211437225341797
96,17,160,3.5192716121673584,3.52135968208313,0.0020880699157714844
96,18,160,2.898158073425293,2.899240732192993,0.0010826587677001953
96,19,160,2.5089364051818848,2.5084707736968994,-0.00046563148498535156
97,0,160,3.3952088356018066,3.3941776752471924,-0.0010311603546142578
97,1,160,3.5262527465820312,3.5261452198028564,-0.00010752677917480469
97,2,160,3.4333651065826416,3.4351966381073,0.0018315315246582031
97,3,160,2.997727155685425,3.0000531673431396,0.0023260116577148438
97,4,160,2.8241868019104004,2.8239521980285645,-0.0002346038818359375
97,5,160,3.3419837951660156,3.3427212238311768,0.0007374286651611328
97,6,160,3.3206419944763184,3.3206822872161865,4.029273986816406e-05
97,7,160,3.3390421867370605,3.3407719135284424,0.001729726791381836
97,8,160,3.057307243347168,3.0592100620269775,0.0019028186798095703
97,9,160,3.2768585681915283,3.277390956878662,0.0005323886871337891
97,10,160,3.480879306793213,3.481370687484741,0.0004913806915283203
97,11,160,3.1188013553619385,3.1198744773864746,0.0010731220245361328
97,12,160,3.3325867652893066,3.332714319229126,0.00012755393981933594
97,13,160,3.8104255199432373,3.812791585922241,0.0023660659790039062
97,14,160,3.6306989192962646,3.6321351528167725,0.0014362335205078125
97,15,160,3.560122489929199,3.5601165294647217,-5.9604644775390625e-06
97,16,160,3.9201157093048096,3.9215147495269775,0.0013990402221679688
97,17,160,3.5192716121673584,3.5205702781677246,0.001298666000366211
97,18,160,2.898158073425293,2.898089647293091,-6.842613220214844e-05
97,19,160,2.5089364051818848,2.5084445476531982,-0.0004918575286865234
98,0,160,3.3952088356018066,3.3954858779907227,0.0002770423889160156
98,1,160,3.5262527465820312,3.5265274047851562,0.000274658203125
98,2,160,3.4333651065826416,3.432703971862793,-0.0006611347198486328
98,3,160,2.997727155685425,2.99733304977417,-0.0003941059112548828
98,4,160,2.8241868019104004,2.8242011070251465,1.430511474609375e-05
98,5,160,3.3419837951660156,3.341233968734741,-0.0007498264312744141
98,6,160,3.3206419944763184,3.320467948913574,-0.00017404556274414062
98,7,160,3.3390421867370605,3.338656425476074,-0.0003857612609863281
98,8,160,3.057307243347168,3.055360794067383,-0.0019464492797851562
98,9,160,3.2768585681915283,3.277305841445923,0.00044727325439453125
98,10,160,3.480879306793213,3.479689836502075,-0.0011894702911376953
98,11,160,3.1188013553619385,3.1208584308624268,0.0020570755004882812
98,12,160,3.3325867652893066,3.332860231399536,0.0002734661102294922
98,13,160,3.8104255199432373,3.811171293258667,0.0007457733154296875
98,14,160,3.6306989192962646,3.6311683654785156,0.00046944618225097656
98,15,160,3.560122489929199,3.560723304748535,0.0006008148193359375
98,16,160,3.9201157093048096,3.920440435409546,0.0003247261047363281
98,17,160,3.5192716121673584,3.521440029144287,0.002168416976928711
98,18,160,2.898158073425293,2.9003961086273193,0.002238035202026367
98,19,160,2.5089364051818848,2.5092217922210693,0.0002853870391845703
99,0,160,3.3952088356018066,3.396329402923584,0.0011205673217773438
99,1,160,3.5262527465820312,3.5272388458251953,0.0009860992431640625
99,2,160,3.4333651065826416,3.4340569972991943,0.0006918907165527344
99,3,160,2.997727155685425,2.9992218017578125,0.0014946460723876953
99,4,160,2.8241868019104004,2.825806140899658,0.0016193389892578125
99,5,160,3.3419837951660156,3.3414318561553955,-0.0005519390106201172
99,6,160,3.3206419944763184,3.3195035457611084,-0.001138448715209961
99,7,160,3.3390421867370605,3.3381059169769287,-0.0009362697601318359
99,8,160,3.057307243347168,3.0557701587677,-0.0015370845794677734
99,9,160,3.2768585681915283,3.2766904830932617,-0.00016808509826660156
99,10,160,3.480879306793213,3.479989767074585,-0.0008895397186279297
99,11,160,3.1188013553619385,3.1197383403778076,0.0009369850158691406
99,12,160,3.3325867652893066,3.331509590148926,-0.0010771751403808594
99,13,160,3.8104255199432373,3.8106560707092285,0.00023055076599121094
99,14,160,3.6306989192962646,3.6317379474639893,0.0010390281677246094
99,15,160,3.560122489929199,3.5589113235473633,-0.0012111663818359375
99,16,160,3.9201157093048096,3.920595169067383,0.0004794597625732422
99,17,160,3.5192716121673584,3.519124984741211,-0.00014662742614746094
99,18,160,2.898158073425293,2.8983805179595947,0.0002224445343017578
99,19,160,2.5089364051818848,2.508211851119995,-0.0007245540618896484
