subset,query,n_removed,baseline_loss,filtered_loss,loss_change
0,0,160,3.6229443550109863,3.6242659091949463,0.001321554183959961
0,1,160,3.6805577278137207,3.682980537414551,0.002422809600830078
0,2,160,3.622722625732422,3.623106002807617,0.0003833770751953125
0,3,160,3.1498076915740967,3.149665117263794,-0.00014257431030273438
0,4,160,2.987194299697876,2.9850239753723145,-0.0021703243255615234
0,5,160,3.5283496379852295,3.529118061065674,0.0007684230804443359
0,6,160,3.5020768642425537,3.501913070678711,-0.00016379356384277344
0,7,160,3.5028178691864014,3.498511552810669,-0.004306316375732422
0,8,160,3.1970901489257812,3.195425271987915,-0.001664876937866211
0,9,160,3.4206526279449463,3.4211978912353516,0.0005452632904052734
0,10,160,3.643929958343506,3.6435370445251465,-0.000392913818359375
0,11,160,3.2363121509552,3.2356057167053223,-0.0007064342498779297
0,12,160,3.4860000610351562,3.4835617542266846,-0.0024383068084716797
0,13,160,3.962362051010132,3.960977077484131,-0.0013849735260009766
0,14,160,3.8877689838409424,3.8865883350372314,-0.0011806488037109375
0,15,160,3.709996223449707,3.7093844413757324,-0.0006117820739746094
0,16,160,4.127080917358398,4.126890182495117,-0.00019073486328125
0,17,160,3.7684454917907715,3.766818046569824,-0.0016274452209472656
0,18,160,3.180040121078491,3.178860664367676,-0.0011794567108154297
0,19,160,2.7798354625701904,2.7792510986328125,-0.0005843639373779297
1,0,160,3.6229443550109863,3.6217617988586426,-0.00118255615234375
1,1,160,3.6805577278137207,3.6834962368011475,0.002938508987426758
1,2,160,3.622722625732422,3.6224076747894287,-0.00031495094299316406
1,3,160,3.1498076915740967,3.149273633956909,-0.0005340576171875
1,4,160,2.987194299697876,2.9865832328796387,-0.0006110668182373047
1,5,160,3.5283496379852295,3.528563976287842,0.0002143383026123047
1,6,160,3.5020768642425537,3.49969744682312,-0.0023794174194335938
1,7,160,3.5028178691864014,3.4992637634277344,-0.003554105758666992
1,8,160,3.1970901489257812,3.19765567779541,0.0005655288696289062
1,9,160,3.4206526279449463,3.4205594062805176,-9.322166442871094e-05
1,10,160,3.643929958343506,3.6435580253601074,-0.0003719329833984375
1,11,160,3.2363121509552,3.2365143299102783,0.000202178955078125
1,12,160,3.4860000610351562,3.4961490631103516,0.010149002075195312
1,13,160,3.962362051010132,3.960747718811035,-0.0016143321990966797
1,14,160,3.8877689838409424,3.8878419399261475,7.295608520507812e-05
1,15,160,3.709996223449707,3.71040940284729,0.0004131793975830078
1,16,160,4.127080917358398,4.128201961517334,0.0011210441589355469
1,17,160,3.7684454917907715,3.7661564350128174,-0.0022890567779541016
1,18,160,3.180040121078491,3.1809544563293457,0.0009143352508544922
1,19,160,2.7798354625701904,2.7789599895477295,-0.0008754730224609375
2,0,160,3.6229443550109863,3.626441717147827,0.0034973621368408203
2,1,160,3.6805577278137207,3.6810719966888428,0.0005142688751220703
2,2,160,3.622722625732422,3.624934196472168,0.0022115707397460938
2,3,160,3.1498076915740967,3.1507437229156494,0.0009360313415527344
2,4,160,2.987194299697876,2.9852495193481445,-0.0019447803497314453
2,5,160,3.5283496379852295,3.529771566390991,0.0014219284057617188
2,6,160,3.5020768642425537,3.5006937980651855,-0.001383066177368164
2,7,160,3.5028178691864014,3.5036134719848633,0.0007956027984619141
2,8,160,3.1970901489257812,3.1981053352355957,0.0010151863098144531
2,9,160,3.4206526279449463,3.4204328060150146,-0.00021982192993164062
2,10,160,3.643929958343506,3.6465988159179688,0.0026688575744628906
2,11,160,3.2363121509552,3.2363476753234863,3.552436828613281e-05
2,12,160,3.4860000610351562,3.4883522987365723,0.0023522377014160156
2,13,160,3.962362051010132,3.9616897106170654,-0.0006723403930664062
2,14,160,3.8877689838409424,3.8891470432281494,0.0013780593872070312
2,15,160,3.709996223449707,3.709289073944092,-0.0007071495056152344
2,16,160,4.127080917358398,4.128568649291992,0.00148773193359375
2,17,160,3.7684454917907715,3.7690765857696533,0.0006310939788818359
2,18,160,3.180040121078491,3.1840507984161377,0.004010677337646484
2,19,160,2.7798354625701904,2.7777907848358154,-0.002044677734375
3,0,160,3.6229443550109863,3.6220288276672363,-0.00091552734375
3,1,160,3.6805577278137207,3.682853937149048,0.0022962093353271484
3,2,160,3.622722625732422,3.6244957447052,0.0017731189727783203
3,3,160,3.1498076915740967,3.1469030380249023,-0.002904653549194336
3,4,160,2.987194299697876,2.9865071773529053,-0.0006871223449707031
3,5,160,3.5283496379852295,3.5261123180389404,-0.0022373199462890625
3,6,160,3.5020768642425537,3.5005643367767334,-0.0015125274658203125
3,7,160,3.5028178691864014,3.497941732406616,-0.004876136779785156
3,8,160,3.1970901489257812,3.196746587753296,-0.00034356117248535156
3,9,160,3.4206526279449463,3.4190502166748047,-0.0016024112701416016
3,10,160,3.643929958343506,3.6447701454162598,0.0008401870727539062
3,11,160,3.2363121509552,3.2350447177886963,-0.0012674331665039062
3,12,160,3.4860000610351562,3.485685348510742,-0.0003147125244140625
3,13,160,3.962362051010132,3.9622802734375,-8.177757263183594e-05
3,14,160,3.8877689838409424,3.88853120803833,0.0007622241973876953
3,15,160,3.709996223449707,3.708050489425659,-0.0019457340240478516
3,16,160,4.127080917358398,4.128267288208008,0.001186370849609375
3,17,160,3.7684454917907715,3.766268491744995,-0.002177000045776367
3,18,160,3.180040121078491,3.183391809463501,0.0033516883850097656
3,19,160,2.7798354625701904,2.7769615650177,-0.0028738975524902344
4,0,160,3.6229443550109863,3.625398874282837,0.002454519271850586
4,1,160,3.6805577278137207,3.681734323501587,0.001176595687866211
4,2,160,3.622722625732422,3.6229870319366455,0.0002644062042236328
4,3,160,3.1498076915740967,3.149207592010498,-0.0006000995635986328
4,4,160,2.987194299697876,2.984245777130127,-0.0029485225677490234
4,5,160,3.5283496379852295,3.527935028076172,-0.0004146099090576172
4,6,160,3.5020768642425537,3.5025064945220947,0.0004296302795410156
4,7,160,3.5028178691864014,3.502300262451172,-0.0005176067352294922
4,8,160,3.1970901489257812,3.1956441402435303,-0.0014460086822509766
4,9,160,3.4206526279449463,3.4175162315368652,-0.0031363964080810547
4,10,160,3.643929958343506,3.6447863578796387,0.0008563995361328125
4,11,160,3.2363121509552,3.2399990558624268,0.0036869049072265625
4,12,160,3.4860000610351562,3.5012056827545166,0.015205621719360352
4,13,160,3.962362051010132,3.9647419452667236,0.002379894256591797
4,14,160,3.8877689838409424,3.8890433311462402,0.0012743473052978516
4,15,160,3.709996223449707,3.7125871181488037,0.0025908946990966797
4,16,160,4.127080917358398,4.126760482788086,-0.0003204345703125
4,17,160,3.7684454917907715,3.767359972000122,-0.001085519790649414
4,18,160,3.180040121078491,3.1797661781311035,-0.0002739429473876953
4,19,160,2.7798354625701904,2.7759850025177,-0.0038504600524902344
5,0,160,3.6229443550109863,3.623126268386841,0.0001819133758544922
5,1,160,3.6805577278137207,3.6789987087249756,-0.0015590190887451172
5,2,160,3.622722625732422,3.6217103004455566,-0.0010123252868652344
5,3,160,3.1498076915740967,3.148050546646118,-0.0017571449279785156
5,4,160,2.987194299697876,2.988351345062256,0.0011570453643798828
5,5,160,3.5283496379852295,3.5264289379119873,-0.0019207000732421875
5,6,160,3.5020768642425537,3.495546579360962,-0.006530284881591797
5,7,160,3.5028178691864014,3.50068736076355,-0.0021305084228515625
5,8,160,3.1970901489257812,3.1957671642303467,-0.0013229846954345703
5,9,160,3.4206526279449463,3.418488025665283,-0.002164602279663086
5,10,160,3.643929958343506,3.6433029174804688,-0.0006270408630371094
5,11,160,3.2363121509552,3.2372989654541016,0.0009868144989013672
5,12,160,3.4860000610351562,3.4844202995300293,-0.0015797615051269531
5,13,160,3.962362051010132,3.963521957397461,0.0011599063873291016
5,14,160,3.8877689838409424,3.892956018447876,0.005187034606933594
5,15,160,3.709996223449707,3.7117257118225098,0.0017294883728027344
5,16,160,4.127080917358398,4.129322052001953,0.0022411346435546875
5,17,160,3.7684454917907715,3.768738269805908,0.00029277801513671875
5,18,160,3.180040121078491,3.1793899536132812,-0.0006501674652099609
5,19,160,2.7798354625701904,2.78206467628479,0.0022292137145996094
6,0,160,3.6229443550109863,3.623228073120117,0.0002837181091308594
6,1,160,3.6805577278137207,3.6851069927215576,0.004549264907836914
6,2,160,3.622722625732422,3.6206696033477783,-0.0020530223846435547
6,3,160,3.1498076915740967,3.1513378620147705,0.0015301704406738281
6,4,160,2.987194299697876,2.985865592956543,-0.0013287067413330078
6,5,160,3.5283496379852295,3.526801109313965,-0.0015485286712646484
6,6,160,3.5020768642425537,3.5006327629089355,-0.001444101333618164
6,7,160,3.5028178691864014,3.5021603107452393,-0.0006575584411621094
6,8,160,3.1970901489257812,3.196521759033203,-0.000568389892578125
6,9,160,3.4206526279449463,3.4196183681488037,-0.0010342597961425781
6,10,160,3.643929958343506,3.6437289714813232,-0.0002009868621826172
6,11,160,3.2363121509552,3.232661724090576,-0.0036504268646240234
6,12,160,3.4860000610351562,3.4857821464538574,-0.00021791458129882812
6,13,160,3.962362051010132,3.9641833305358887,0.001821279525756836
6,14,160,3.8877689838409424,3.8893625736236572,0.0015935897827148438
6,15,160,3.709996223449707,3.7103664875030518,0.00037026405334472656
6,16,160,4.127080917358398,4.127426624298096,0.0003457069396972656
6,17,160,3.7684454917907715,3.7679789066314697,-0.0004665851593017578
6,18,160,3.180040121078491,3.1792593002319336,-0.0007808208465576172
6,19,160,2.7798354625701904,2.7752504348754883,-0.0045850276947021484
7,0,160,3.6229443550109863,3.622605323791504,-0.0003390312194824219
7,1,160,3.6805577278137207,3.6814918518066406,0.0009341239929199219
7,2,160,3.622722625732422,3.6241540908813477,0.0014314651489257812
7,3,160,3.1498076915740967,3.1502246856689453,0.0004169940948486328
7,4,160,2.987194299697876,2.9872357845306396,4.1484832763671875e-05
7,5,160,3.5283496379852295,3.529026985168457,0.0006773471832275391
7,6,160,3.5020768642425537,3.5023033618927,0.00022649765014648438
7,7,160,3.5028178691864014,3.5012073516845703,-0.0016105175018310547
7,8,160,3.1970901489257812,3.1968259811401367,-0.00026416778564453125
7,9,160,3.4206526279449463,3.4188926219940186,-0.0017600059509277344
7,10,160,3.643929958343506,3.6428685188293457,-0.0010614395141601562
7,11,160,3.2363121509552,3.2339847087860107,-0.002327442169189453
7,12,160,3.4860000610351562,3.4865784645080566,0.0005784034729003906
7,13,160,3.962362051010132,3.961764335632324,-0.0005977153778076172
7,14,160,3.8877689838409424,3.8872039318084717,-0.0005650520324707031
7,15,160,3.709996223449707,3.711256265640259,0.0012600421905517578
7,16,160,4.127080917358398,4.128885269165039,0.001804351806640625
7,17,160,3.7684454917907715,3.7676188945770264,-0.0008265972137451172
7,18,160,3.180040121078491,3.179121255874634,-0.0009188652038574219
7,19,160,2.7798354625701904,2.7791266441345215,-0.0007088184356689453
8,0,160,3.6229443550109863,3.622236728668213,-0.0007076263427734375
8,1,160,3.6805577278137207,3.6758859157562256,-0.004671812057495117
8,2,160,3.622722625732422,3.6231582164764404,0.0004355907440185547
8,3,160,3.1498076915740967,3.1503052711486816,0.0004975795745849609
8,4,160,2.987194299697876,2.9854235649108887,-0.0017707347869873047
8,5,160,3.5283496379852295,3.529332160949707,0.000982522964477539
8,6,160,3.5020768642425537,3.4978199005126953,-0.0042569637298583984
8,7,160,3.5028178691864014,3.498211622238159,-0.0046062469482421875
8,8,160,3.1970901489257812,3.198845624923706,0.0017554759979248047
8,9,160,3.4206526279449463,3.416140079498291,-0.0045125484466552734
8,10,160,3.643929958343506,3.64475679397583,0.0008268356323242188
8,11,160,3.2363121509552,3.2388041019439697,0.0024919509887695312
8,12,160,3.4860000610351562,3.4858648777008057,-0.00013518333435058594
8,13,160,3.962362051010132,3.9590773582458496,-0.0032846927642822266
8,14,160,3.8877689838409424,3.887235403060913,-0.0005335807800292969
8,15,160,3.709996223449707,3.709859609603882,-0.0001366138458251953
8,16,160,4.127080917358398,4.125288009643555,-0.00179290771484375
8,17,160,3.7684454917907715,3.7694497108459473,0.0010042190551757812
8,18,160,3.180040121078491,3.177274703979492,-0.0027654170989990234
8,19,160,2.7798354625701904,2.779102087020874,-0.0007333755493164062
9,0,160,3.6229443550109863,3.62294340133667,-9.5367431640625e-07
9,1,160,3.6805577278137207,3.6817615032196045,0.001203775405883789
9,2,160,3.622722625732422,3.6233551502227783,0.0006325244903564453
9,3,160,3.1498076915740967,3.1473424434661865,-0.0024652481079101562
9,4,160,2.987194299697876,2.986879587173462,-0.0003147125244140625
9,5,160,3.5283496379852295,3.524158000946045,-0.00419163703918457
9,6,160,3.5020768642425537,3.498746871948242,-0.0033299922943115234
9,7,160,3.5028178691864014,3.500337600708008,-0.0024802684783935547
9,8,160,3.1970901489257812,3.195173501968384,-0.001916646957397461
9,9,160,3.4206526279449463,3.4222238063812256,0.0015711784362792969
9,10,160,3.643929958343506,3.6450157165527344,0.0010857582092285156
9,11,160,3.2363121509552,3.2333452701568604,-0.0029668807983398438
9,12,160,3.4860000610351562,3.486659526824951,0.0006594657897949219
9,13,160,3.962362051010132,3.9640915393829346,0.0017294883728027344
9,14,160,3.8877689838409424,3.886068105697632,-0.0017008781433105469
9,15,160,3.709996223449707,3.709254503250122,-0.0007417201995849609
9,16,160,4.127080917358398,4.128438472747803,0.0013575553894042969
9,17,160,3.7684454917907715,3.7681357860565186,-0.0003097057342529297
9,18,160,3.180040121078491,3.1785929203033447,-0.0014472007751464844
9,19,160,2.7798354625701904,2.7747766971588135,-0.005058765411376953
10,0,160,3.6229443550109863,3.622803211212158,-0.000141143798828125
10,1,160,3.6805577278137207,3.6833977699279785,0.0028400421142578125
10,2,160,3.622722625732422,3.623995780944824,0.0012731552124023438
10,3,160,3.1498076915740967,3.1546859741210938,0.00487828254699707
10,4,160,2.987194299697876,2.9890148639678955,0.0018205642700195312
10,5,160,3.5283496379852295,3.5277082920074463,-0.0006413459777832031
10,6,160,3.5020768642425537,3.499063014984131,-0.0030138492584228516
10,7,160,3.5028178691864014,3.502699613571167,-0.000118255615234375
10,8,160,3.1970901489257812,3.196164608001709,-0.0009255409240722656
10,9,160,3.4206526279449463,3.4203550815582275,-0.00029754638671875
10,10,160,3.643929958343506,3.647611379623413,0.0036814212799072266
10,11,160,3.2363121509552,3.2326512336730957,-0.003660917282104492
10,12,160,3.4860000610351562,3.485835313796997,-0.0001647472381591797
10,13,160,3.962362051010132,3.9628286361694336,0.0004665851593017578
10,14,160,3.8877689838409424,3.887024402618408,-0.0007445812225341797
10,15,160,3.709996223449707,3.711519241333008,0.0015230178833007812
10,16,160,4.127080917358398,4.128896713256836,0.0018157958984375
10,17,160,3.7684454917907715,3.7662856578826904,-0.0021598339080810547
10,18,160,3.180040121078491,3.1810691356658936,0.0010290145874023438
10,19,160,2.7798354625701904,2.7787296772003174,-0.0011057853698730469
11,0,160,3.6229443550109863,3.6227469444274902,-0.00019741058349609375
11,1,160,3.6805577278137207,3.681658983230591,0.0011012554168701172
11,2,160,3.622722625732422,3.6230032444000244,0.00028061866760253906
11,3,160,3.1498076915740967,3.1505091190338135,0.0007014274597167969
11,4,160,2.987194299697876,2.986767292022705,-0.00042700767517089844
11,5,160,3.5283496379852295,3.5316543579101562,0.003304719924926758
11,6,160,3.5020768642425537,3.499929189682007,-0.002147674560546875
11,7,160,3.5028178691864014,3.5014894008636475,-0.0013284683227539062
11,8,160,3.1970901489257812,3.195373773574829,-0.0017163753509521484
11,9,160,3.4206526279449463,3.417724609375,-0.002928018569946289
11,10,160,3.643929958343506,3.6443264484405518,0.00039649009704589844
11,11,160,3.2363121509552,3.2331087589263916,-0.0032033920288085938
11,12,160,3.4860000610351562,3.4845283031463623,-0.0014717578887939453
11,13,160,3.962362051010132,3.9627790451049805,0.0004169940948486328
11,14,160,3.8877689838409424,3.8871753215789795,-0.0005936622619628906
11,15,160,3.709996223449707,3.7096505165100098,-0.0003457069396972656
11,16,160,4.127080917358398,4.127376079559326,0.0002951622009277344
11,17,160,3.7684454917907715,3.7665822505950928,-0.001863241195678711
11,18,160,3.180040121078491,3.180285692214966,0.0002455711364746094
11,19,160,2.7798354625701904,2.777803659439087,-0.0020318031311035156
12,0,160,3.6229443550109863,3.6218667030334473,-0.0010776519775390625
12,1,160,3.6805577278137207,3.682908535003662,0.0023508071899414062
12,2,160,3.622722625732422,3.621805429458618,-0.0009171962738037109
12,3,160,3.1498076915740967,3.1469640731811523,-0.002843618392944336
12,4,160,2.987194299697876,2.9877452850341797,0.0005509853363037109
12,5,160,3.5283496379852295,3.528944253921509,0.0005946159362792969
12,6,160,3.5020768642425537,3.4993128776550293,-0.002763986587524414
12,7,160,3.5028178691864014,3.503225326538086,0.0004074573516845703
12,8,160,3.1970901489257812,3.1957921981811523,-0.0012979507446289062
12,9,160,3.4206526279449463,3.418144464492798,-0.0025081634521484375
12,10,160,3.643929958343506,3.6445906162261963,0.0006606578826904297
12,11,160,3.2363121509552,3.2348265647888184,-0.001485586166381836
12,12,160,3.4860000610351562,3.4855964183807373,-0.0004036426544189453
12,13,160,3.962362051010132,3.9635684490203857,0.0012063980102539062
12,14,160,3.8877689838409424,3.8903191089630127,0.0025501251220703125
12,15,160,3.709996223449707,3.71102237701416,0.001026153564453125
12,16,160,4.127080917358398,4.129824638366699,0.0027437210083007812
12,17,160,3.7684454917907715,3.768789529800415,0.0003440380096435547
12,18,160,3.180040121078491,3.178962230682373,-0.001077890396118164
12,19,160,2.7798354625701904,2.776829481124878,-0.0030059814453125
13,0,160,3.6229443550109863,3.6234142780303955,0.0004699230194091797
13,1,160,3.6805577278137207,3.681525707244873,0.0009679794311523438
13,2,160,3.622722625732422,3.621666669845581,-0.0010559558868408203
13,3,160,3.1498076915740967,3.1490533351898193,-0.0007543563842773438
13,4,160,2.987194299697876,2.9855904579162598,-0.001603841781616211
13,5,160,3.5283496379852295,3.5258827209472656,-0.002466917037963867
13,6,160,3.5020768642425537,3.5057709217071533,0.0036940574645996094
13,7,160,3.5028178691864014,3.4993062019348145,-0.003511667251586914
13,8,160,3.1970901489257812,3.1919102668762207,-0.005179882049560547
13,9,160,3.4206526279449463,3.4195451736450195,-0.0011074542999267578
13,10,160,3.643929958343506,3.643569231033325,-0.00036072731018066406
13,11,160,3.2363121509552,3.235013246536255,-0.0012989044189453125
13,12,160,3.4860000610351562,3.486056089401245,5.602836608886719e-05
13,13,160,3.962362051010132,3.9641928672790527,0.0018308162689208984
13,14,160,3.8877689838409424,3.885894775390625,-0.0018742084503173828
13,15,160,3.709996223449707,3.708329200744629,-0.001667022705078125
13,16,160,4.127080917358398,4.128098964691162,0.0010180473327636719
13,17,160,3.7684454917907715,3.7727530002593994,0.00430750846862793
13,18,160,3.180040121078491,3.180818557739258,0.0007784366607666016
13,19,160,2.7798354625701904,2.7769641876220703,-0.002871274948120117
14,0,160,3.6229443550109863,3.6232783794403076,0.00033402442932128906
14,1,160,3.6805577278137207,3.684332847595215,0.0037751197814941406
14,2,160,3.622722625732422,3.6280908584594727,0.005368232727050781
14,3,160,3.1498076915740967,3.153099298477173,0.003291606903076172
14,4,160,2.987194299697876,2.9907584190368652,0.003564119338989258
14,5,160,3.5283496379852295,3.533060073852539,0.00471043586730957
14,6,160,3.5020768642425537,3.506706476211548,0.004629611968994141
14,7,160,3.5028178691864014,3.508054733276367,0.00523686408996582
14,8,160,3.1970901489257812,3.1968796253204346,-0.0002105236053466797
14,9,160,3.4206526279449463,3.4234414100646973,0.0027887821197509766
14,10,160,3.643929958343506,3.6516244411468506,0.0076944828033447266
14,11,160,3.2363121509552,3.2325565814971924,-0.0037555694580078125
14,12,160,3.4860000610351562,3.4845082759857178,-0.0014917850494384766
14,13,160,3.962362051010132,3.9646027088165283,0.0022406578063964844
14,14,160,3.8877689838409424,3.8884329795837402,0.0006639957427978516
14,15,160,3.709996223449707,3.705296516418457,-0.00469970703125
14,16,160,4.127080917358398,4.130879878997803,0.003798961639404297
14,17,160,3.7684454917907715,3.7663092613220215,-0.00213623046875
14,18,160,3.180040121078491,3.178619384765625,-0.001420736312866211
14,19,160,2.7798354625701904,2.7753021717071533,-0.004533290863037109
15,0,160,3.6229443550109863,3.625108003616333,0.0021636486053466797
15,1,160,3.6805577278137207,3.6826796531677246,0.0021219253540039062
15,2,160,3.622722625732422,3.6225931644439697,-0.00012946128845214844
15,3,160,3.1498076915740967,3.1486563682556152,-0.0011513233184814453
15,4,160,2.987194299697876,2.9837090969085693,-0.0034852027893066406
15,5,160,3.5283496379852295,3.5313808917999268,0.0030312538146972656
15,6,160,3.5020768642425537,3.5021777153015137,0.00010085105895996094
15,7,160,3.5028178691864014,3.498706340789795,-0.004111528396606445
15,8,160,3.1970901489257812,3.196559190750122,-0.0005309581756591797
15,9,160,3.4206526279449463,3.420694351196289,4.172325134277344e-05
15,10,160,3.643929958343506,3.6452651023864746,0.00133514404296875
15,11,160,3.2363121509552,3.2338473796844482,-0.002464771270751953
15,12,160,3.4860000610351562,3.485022783279419,-0.0009772777557373047
15,13,160,3.962362051010132,3.962141990661621,-0.0002200603485107422
15,14,160,3.8877689838409424,3.8903491497039795,0.0025801658630371094
15,15,160,3.709996223449707,3.71096134185791,0.000965118408203125
15,16,160,4.127080917358398,4.130795955657959,0.003715038299560547
15,17,160,3.7684454917907715,3.7705273628234863,0.0020818710327148438
15,18,160,3.180040121078491,3.1816518306732178,0.0016117095947265625
15,19,160,2.7798354625701904,2.7715165615081787,-0.008318901062011719
16,0,160,3.6229443550109863,3.6207544803619385,-0.0021898746490478516
16,1,160,3.6805577278137207,3.6789262294769287,-0.0016314983367919922
16,2,160,3.622722625732422,3.6225907802581787,-0.00013184547424316406
16,3,160,3.1498076915740967,3.1484975814819336,-0.001310110092163086
16,4,160,2.987194299697876,2.985255479812622,-0.0019388198852539062
16,5,160,3.5283496379852295,3.529611349105835,0.0012617111206054688
16,6,160,3.5020768642425537,3.5011162757873535,-0.0009605884552001953
16,7,160,3.5028178691864014,3.5012056827545166,-0.0016121864318847656
16,8,160,3.1970901489257812,3.1940555572509766,-0.0030345916748046875
16,9,160,3.4206526279449463,3.420626163482666,-2.6464462280273438e-05
16,10,160,3.643929958343506,3.64551043510437,0.0015804767608642578
16,11,160,3.2363121509552,3.235001564025879,-0.001310586929321289
16,12,160,3.4860000610351562,3.4991722106933594,0.013172149658203125
16,13,160,3.962362051010132,3.9626119136810303,0.0002498626708984375
16,14,160,3.8877689838409424,3.890482187271118,0.0027132034301757812
16,15,160,3.709996223449707,3.709465503692627,-0.0005307197570800781
16,16,160,4.127080917358398,4.1279802322387695,0.0008993148803710938
16,17,160,3.7684454917907715,3.770197868347168,0.0017523765563964844
16,18,160,3.180040121078491,3.180704355239868,0.0006642341613769531
16,19,160,2.7798354625701904,2.7766597270965576,-0.0031757354736328125
17,0,160,3.6229443550109863,3.623405933380127,0.000461578369140625
17,1,160,3.6805577278137207,3.683338165283203,0.002780437469482422
17,2,160,3.622722625732422,3.6259801387786865,0.0032575130462646484
17,3,160,3.1498076915740967,3.148996353149414,-0.0008113384246826172
17,4,160,2.987194299697876,2.986504554748535,-0.0006897449493408203
17,5,160,3.5283496379852295,3.5287692546844482,0.00041961669921875
17,6,160,3.5020768642425537,3.5023622512817383,0.0002853870391845703
17,7,160,3.5028178691864014,3.5014169216156006,-0.0014009475708007812
17,8,160,3.1970901489257812,3.197192907333374,0.00010275840759277344
17,9,160,3.4206526279449463,3.425874948501587,0.005222320556640625
17,10,160,3.643929958343506,3.643167495727539,-0.0007624626159667969
17,11,160,3.2363121509552,3.232929229736328,-0.0033829212188720703
17,12,160,3.4860000610351562,3.4846973419189453,-0.0013027191162109375
17,13,160,3.962362051010132,3.957287549972534,-0.005074501037597656
17,14,160,3.8877689838409424,3.8877506256103516,-1.8358230590820312e-05
17,15,160,3.709996223449707,3.708479166030884,-0.0015170574188232422
17,16,160,4.127080917358398,4.127329349517822,0.0002484321594238281
17,17,160,3.7684454917907715,3.77099609375,0.0025506019592285156
17,18,160,3.180040121078491,3.177067995071411,-0.002972126007080078
17,19,160,2.7798354625701904,2.775334119796753,-0.0045013427734375
18,0,160,3.6229443550109863,3.633945941925049,0.0110015869140625
18,1,160,3.6805577278137207,3.688324451446533,0.0077667236328125
18,2,160,3.622722625732422,3.6247763633728027,0.0020537376403808594
18,3,160,3.1498076915740967,3.1504931449890137,0.0006854534149169922
18,4,160,2.987194299697876,2.983837366104126,-0.00335693359375
18,5,160,3.5283496379852295,3.530855417251587,0.002505779266357422
18,6,160,3.5020768642425537,3.503631114959717,0.001554250717163086
18,7,160,3.5028178691864014,3.500955104827881,-0.0018627643585205078
18,8,160,3.1970901489257812,3.1954526901245117,-0.0016374588012695312
18,9,160,3.4206526279449463,3.4199137687683105,-0.0007388591766357422
18,10,160,3.643929958343506,3.6461598873138428,0.002229928970336914
18,11,160,3.2363121509552,3.2366526126861572,0.00034046173095703125
18,12,160,3.4860000610351562,3.488945722579956,0.0029456615447998047
18,13,160,3.962362051010132,3.9636576175689697,0.0012955665588378906
18,14,160,3.8877689838409424,3.8875482082366943,-0.00022077560424804688
18,15,160,3.709996223449707,3.706676959991455,-0.003319263458251953
18,16,160,4.127080917358398,4.1295061111450195,0.0024251937866210938
18,17,160,3.7684454917907715,3.765643358230591,-0.002802133560180664
18,18,160,3.180040121078491,3.1791272163391113,-0.0009129047393798828
18,19,160,2.7798354625701904,2.7784252166748047,-0.0014102458953857422
19,0,160,3.6229443550109863,3.6217498779296875,-0.0011944770812988281
19,1,160,3.6805577278137207,3.6791868209838867,-0.0013709068298339844
19,2,160,3.622722625732422,3.623805284500122,0.0010826587677001953
19,3,160,3.1498076915740967,3.149122476577759,-0.0006852149963378906
19,4,160,2.987194299697876,2.9857776165008545,-0.0014166831970214844
19,5,160,3.5283496379852295,3.5289101600646973,0.0005605220794677734
19,6,160,3.5020768642425537,3.4961659908294678,-0.0059108734130859375
19,7,160,3.5028178691864014,3.4992620944976807,-0.003555774688720703
19,8,160,3.1970901489257812,3.200263261795044,0.0031731128692626953
19,9,160,3.4206526279449463,3.4200901985168457,-0.0005624294281005859
19,10,160,3.643929958343506,3.64732027053833,0.0033903121948242188
19,11,160,3.2363121509552,3.2358016967773438,-0.0005104541778564453
19,12,160,3.4860000610351562,3.4849812984466553,-0.0010187625885009766
19,13,160,3.962362051010132,3.9623563289642334,-5.7220458984375e-06
19,14,160,3.8877689838409424,3.891132116317749,0.0033631324768066406
19,15,160,3.709996223449707,3.708940267562866,-0.0010559558868408203
19,16,160,4.127080917358398,4.124619483947754,-0.0024614334106445312
19,17,160,3.7684454917907715,3.768291473388672,-0.00015401840209960938
19,18,160,3.180040121078491,3.1807193756103516,0.0006792545318603516
19,19,160,2.7798354625701904,2.7762298583984375,-0.0036056041717529297
20,0,160,3.6229443550109863,3.623453140258789,0.0005087852478027344
20,1,160,3.6805577278137207,3.6812124252319336,0.0006546974182128906
20,2,160,3.622722625732422,3.6192309856414795,-0.003491640090942383
20,3,160,3.1498076915740967,3.147347927093506,-0.0024597644805908203
20,4,160,2.987194299697876,2.9849679470062256,-0.0022263526916503906
20,5,160,3.5283496379852295,3.5284152030944824,6.556510925292969e-05
20,6,160,3.5020768642425537,3.5002918243408203,-0.0017850399017333984
20,7,160,3.5028178691864014,3.499044895172119,-0.0037729740142822266
20,8,160,3.1970901489257812,3.1951704025268555,-0.0019197463989257812
20,9,160,3.4206526279449463,3.421751022338867,0.0010983943939208984
20,10,160,3.643929958343506,3.641380548477173,-0.002549409866333008
20,11,160,3.2363121509552,3.234689235687256,-0.001622915267944336
20,12,160,3.4860000610351562,3.489084005355835,0.003083944320678711
20,13,160,3.962362051010132,3.962068796157837,-0.0002932548522949219
20,14,160,3.8877689838409424,3.8864102363586426,-0.0013587474822998047
20,15,160,3.709996223449707,3.7104861736297607,0.0004899501800537109
20,16,160,4.127080917358398,4.127784252166748,0.0007033348083496094
20,17,160,3.7684454917907715,3.7785651683807373,0.01011967658996582
20,18,160,3.180040121078491,3.1833271980285645,0.003287076950073242
20,19,160,2.7798354625701904,2.7766222953796387,-0.003213167190551758
21,0,160,3.6229443550109863,3.6274006366729736,0.004456281661987305
21,1,160,3.6805577278137207,3.6822452545166016,0.0016875267028808594
21,2,160,3.622722625732422,3.6219100952148438,-0.000812530517578125
21,3,160,3.1498076915740967,3.1494874954223633,-0.00032019615173339844
21,4,160,2.987194299697876,2.9860212802886963,-0.0011730194091796875
21,5,160,3.5283496379852295,3.524260997772217,-0.004088640213012695
21,6,160,3.5020768642425537,3.5023670196533203,0.00029015541076660156
21,7,160,3.5028178691864014,3.4996695518493652,-0.003148317337036133
21,8,160,3.1970901489257812,3.193887710571289,-0.0032024383544921875
21,9,160,3.4206526279449463,3.4212563037872314,0.0006036758422851562
21,10,160,3.643929958343506,3.6426315307617188,-0.0012984275817871094
21,11,160,3.2363121509552,3.236240863800049,-7.128715515136719e-05
21,12,160,3.4860000610351562,3.4854626655578613,-0.0005373954772949219
21,13,160,3.962362051010132,3.9603238105773926,-0.002038240432739258
21,14,160,3.8877689838409424,3.8879876136779785,0.0002186298370361328
21,15,160,3.709996223449707,3.7097110748291016,-0.00028514862060546875
21,16,160,4.127080917358398,4.128049373626709,0.0009684562683105469
21,17,160,3.7684454917907715,3.770392894744873,0.0019474029541015625
21,18,160,3.180040121078491,3.1817731857299805,0.0017330646514892578
21,19,160,2.7798354625701904,2.7758491039276123,-0.003986358642578125
22,0,160,3.6229443550109863,3.6224365234375,-0.0005078315734863281
22,1,160,3.6805577278137207,3.681335210800171,0.0007774829864501953
22,2,160,3.622722625732422,3.6259288787841797,0.0032062530517578125
22,3,160,3.1498076915740967,3.1490869522094727,-0.0007207393646240234
22,4,160,2.987194299697876,2.988645315170288,0.0014510154724121094
22,5,160,3.5283496379852295,3.5289344787597656,0.0005848407745361328
22,6,160,3.5020768642425537,3.5014705657958984,-0.0006062984466552734
22,7,160,3.5028178691864014,3.501075267791748,-0.0017426013946533203
22,8,160,3.1970901489257812,3.196445941925049,-0.0006442070007324219
22,9,160,3.4206526279449463,3.418489933013916,-0.0021626949310302734
22,10,160,3.643929958343506,3.6436808109283447,-0.0002491474151611328
22,11,160,3.2363121509552,3.232609510421753,-0.0037026405334472656
22,12,160,3.4860000610351562,3.4849727153778076,-0.0010273456573486328
22,13,160,3.962362051010132,3.95931339263916,-0.0030486583709716797
22,14,160,3.8877689838409424,3.886594533920288,-0.0011744499206542969
22,15,160,3.709996223449707,3.7105696201324463,0.0005733966827392578
22,16,160,4.127080917358398,4.129827976226807,0.002747058868408203
22,17,160,3.7684454917907715,3.7669472694396973,-0.0014982223510742188
22,18,160,3.180040121078491,3.1794044971466064,-0.0006356239318847656
22,19,160,2.7798354625701904,2.774937868118286,-0.004897594451904297
23,0,160,3.6229443550109863,3.624864101409912,0.0019197463989257812
23,1,160,3.6805577278137207,3.6830286979675293,0.0024709701538085938
23,2,160,3.622722625732422,3.6225128173828125,-0.000209808349609375
23,3,160,3.1498076915740967,3.1469264030456543,-0.002881288528442383
23,4,160,2.987194299697876,2.9897494316101074,0.0025551319122314453
23,5,160,3.5283496379852295,3.525768518447876,-0.0025811195373535156
23,6,160,3.5020768642425537,3.5012378692626953,-0.0008389949798583984
23,7,160,3.5028178691864014,3.4985976219177246,-0.004220247268676758
23,8,160,3.1970901489257812,3.1957828998565674,-0.0013072490692138672
23,9,160,3.4206526279449463,3.4239656925201416,0.0033130645751953125
23,10,160,3.643929958343506,3.645597219467163,0.0016672611236572266
23,11,160,3.2363121509552,3.23439621925354,-0.0019159317016601562
23,12,160,3.4860000610351562,3.485823392868042,-0.0001766681671142578
23,13,160,3.962362051010132,3.962899684906006,0.0005376338958740234
23,14,160,3.8877689838409424,3.8865914344787598,-0.0011775493621826172
23,15,160,3.709996223449707,3.709522247314453,-0.00047397613525390625
23,16,160,4.127080917358398,4.125698089599609,-0.0013828277587890625
23,17,160,3.7684454917907715,3.768434524536133,-1.0967254638671875e-05
23,18,160,3.180040121078491,3.1763267517089844,-0.003713369369506836
23,19,160,2.7798354625701904,2.780184268951416,0.00034880638122558594
24,0,160,3.6229443550109863,3.623549461364746,0.0006051063537597656
24,1,160,3.6805577278137207,3.6815264225006104,0.0009686946868896484
24,2,160,3.622722625732422,3.6230735778808594,0.0003509521484375
24,3,160,3.1498076915740967,3.145606517791748,-0.004201173782348633
24,4,160,2.987194299697876,2.9840409755706787,-0.0031533241271972656
24,5,160,3.5283496379852295,3.526043176651001,-0.0023064613342285156
24,6,160,3.5020768642425537,3.498793363571167,-0.0032835006713867188
24,7,160,3.5028178691864014,3.5007152557373047,-0.0021026134490966797
24,8,160,3.1970901489257812,3.1961493492126465,-0.0009407997131347656
24,9,160,3.4206526279449463,3.422132968902588,0.0014803409576416016
24,10,160,3.643929958343506,3.646078586578369,0.0021486282348632812
24,11,160,3.2363121509552,3.2304835319519043,-0.0058286190032958984
24,12,160,3.4860000610351562,3.4856531620025635,-0.00034689903259277344
24,13,160,3.962362051010132,3.9613630771636963,-0.0009989738464355469
24,14,160,3.8877689838409424,3.8886542320251465,0.0008852481842041016
24,15,160,3.709996223449707,3.7102015018463135,0.0002052783966064453
24,16,160,4.127080917358398,4.126711845397949,-0.00036907196044921875
24,17,160,3.7684454917907715,3.7671256065368652,-0.00131988525390625
24,18,160,3.180040121078491,3.1805551052093506,0.000514984130859375
24,19,160,2.7798354625701904,2.777226209640503,-0.0026092529296875
25,0,160,3.6229443550109863,3.6215593814849854,-0.0013849735260009766
25,1,160,3.6805577278137207,3.683769702911377,0.00321197509765625
25,2,160,3.622722625732422,3.6206107139587402,-0.0021119117736816406
25,3,160,3.1498076915740967,3.1514577865600586,0.001650094985961914
25,4,160,2.987194299697876,2.988241672515869,0.001047372817993164
25,5,160,3.5283496379852295,3.529958724975586,0.0016090869903564453
25,6,160,3.5020768642425537,3.5044925212860107,0.0024156570434570312
25,7,160,3.5028178691864014,3.4996585845947266,-0.0031592845916748047
25,8,160,3.1970901489257812,3.2005393505096436,0.0034492015838623047
25,9,160,3.4206526279449463,3.4209530353546143,0.00030040740966796875
25,10,160,3.643929958343506,3.6444849967956543,0.0005550384521484375
25,11,160,3.2363121509552,3.2343294620513916,-0.0019826889038085938
25,12,160,3.4860000610351562,3.484909772872925,-0.0010902881622314453
25,13,160,3.962362051010132,3.9625473022460938,0.00018525123596191406
25,14,160,3.8877689838409424,3.8889477252960205,0.001178741455078125
25,15,160,3.709996223449707,3.707827091217041,-0.0021691322326660156
25,16,160,4.127080917358398,4.127574920654297,0.0004940032958984375
25,17,160,3.7684454917907715,3.7718746662139893,0.0034291744232177734
25,18,160,3.180040121078491,3.183234453201294,0.0031943321228027344
25,19,160,2.7798354625701904,2.777698278427124,-0.0021371841430664062
26,0,160,3.6229443550109863,3.624753475189209,0.0018091201782226562
26,1,160,3.6805577278137207,3.6812071800231934,0.0006494522094726562
26,2,160,3.622722625732422,3.6248526573181152,0.0021300315856933594
26,3,160,3.1498076915740967,3.149292230606079,-0.0005154609680175781
26,4,160,2.987194299697876,2.9853498935699463,-0.0018444061279296875
26,5,160,3.5283496379852295,3.528327465057373,-2.2172927856445312e-05
26,6,160,3.5020768642425537,3.4997456073760986,-0.002331256866455078
26,7,160,3.5028178691864014,3.502295970916748,-0.0005218982696533203
26,8,160,3.1970901489257812,3.1978743076324463,0.0007841587066650391
26,9,160,3.4206526279449463,3.4216554164886475,0.0010027885437011719
26,10,160,3.643929958343506,3.6454291343688965,0.001499176025390625
26,11,160,3.2363121509552,3.2332544326782227,-0.003057718276977539
26,12,160,3.4860000610351562,3.4847652912139893,-0.0012347698211669922
26,13,160,3.962362051010132,3.9585371017456055,-0.003824949264526367
26,14,160,3.8877689838409424,3.889859914779663,0.002090930938720703
26,15,160,3.709996223449707,3.7102227210998535,0.00022649765014648438
26,16,160,4.127080917358398,4.127649784088135,0.0005688667297363281
26,17,160,3.7684454917907715,3.7681217193603516,-0.0003237724304199219
26,18,160,3.180040121078491,3.1809756755828857,0.0009355545043945312
26,19,160,2.7798354625701904,2.777301788330078,-0.0025336742401123047
27,0,160,3.6229443550109863,3.626032590866089,0.003088235855102539
27,1,160,3.6805577278137207,3.6846425533294678,0.00408482551574707
27,2,160,3.622722625732422,3.620875597000122,-0.0018470287322998047
27,3,160,3.1498076915740967,3.148674488067627,-0.0011332035064697266
27,4,160,2.987194299697876,2.985297679901123,-0.0018966197967529297
27,5,160,3.5283496379852295,3.5299763679504395,0.001626729965209961
27,6,160,3.5020768642425537,3.499823808670044,-0.0022530555725097656
27,7,160,3.5028178691864014,3.5007083415985107,-0.002109527587890625
27,8,160,3.1970901489257812,3.1961417198181152,-0.0009484291076660156
27,9,160,3.4206526279449463,3.4195778369903564,-0.0010747909545898438
27,10,160,3.643929958343506,3.644425868988037,0.00049591064453125
27,11,160,3.2363121509552,3.2355847358703613,-0.0007274150848388672
27,12,160,3.4860000610351562,3.4855587482452393,-0.0004413127899169922
27,13,160,3.962362051010132,3.962563991546631,0.00020194053649902344
27,14,160,3.8877689838409424,3.886852741241455,-0.0009162425994873047
27,15,160,3.709996223449707,3.7098331451416016,-0.00016307830810546875
27,16,160,4.127080917358398,4.127165794372559,8.487701416015625e-05
27,17,160,3.7684454917907715,3.768831491470337,0.0003859996795654297
27,18,160,3.180040121078491,3.1780388355255127,-0.0020012855529785156
27,19,160,2.7798354625701904,2.7749767303466797,-0.004858732223510742
28,0,160,3.6229443550109863,3.6232573986053467,0.00031304359436035156
28,1,160,3.6805577278137207,3.681081533432007,0.0005238056182861328
28,2,160,3.622722625732422,3.6216092109680176,-0.0011134147644042969
28,3,160,3.1498076915740967,3.1497597694396973,-4.792213439941406e-05
28,4,160,2.987194299697876,2.9854321479797363,-0.0017621517181396484
28,5,160,3.5283496379852295,3.529745578765869,0.0013959407806396484
28,6,160,3.5020768642425537,3.50348162651062,0.0014047622680664062
28,7,160,3.5028178691864014,3.5050389766693115,0.0022211074829101562
28,8,160,3.1970901489257812,3.198000431060791,0.0009102821350097656
28,9,160,3.4206526279449463,3.421541929244995,0.0008893013000488281
28,10,160,3.643929958343506,3.6431469917297363,-0.0007829666137695312
28,11,160,3.2363121509552,3.2352004051208496,-0.001111745834350586
28,12,160,3.4860000610351562,3.486250162124634,0.00025010108947753906
28,13,160,3.962362051010132,3.9632439613342285,0.0008819103240966797
28,14,160,3.8877689838409424,3.8901164531707764,0.0023474693298339844
28,15,160,3.709996223449707,3.711768627166748,0.0017724037170410156
28,16,160,4.127080917358398,4.125979423522949,-0.0011014938354492188
28,17,160,3.7684454917907715,3.7712321281433105,0.0027866363525390625
28,18,160,3.180040121078491,3.1794626712799072,-0.0005774497985839844
28,19,160,2.7798354625701904,2.782313585281372,0.0024781227111816406
29,0,160,3.6229443550109863,3.6226181983947754,-0.0003261566162109375
29,1,160,3.6805577278137207,3.6798255443573,-0.0007321834564208984
29,2,160,3.622722625732422,3.6220862865448,-0.0006363391876220703
29,3,160,3.1498076915740967,3.1482937335968018,-0.0015139579772949219
29,4,160,2.987194299697876,2.9873974323272705,0.00020313262939453125
29,5,160,3.5283496379852295,3.5277581214904785,-0.0005915164947509766
29,6,160,3.5020768642425537,3.501772880554199,-0.0003039836883544922
29,7,160,3.5028178691864014,3.499258518218994,-0.0035593509674072266
29,8,160,3.1970901489257812,3.197246789932251,0.00015664100646972656
29,9,160,3.4206526279449463,3.4186413288116455,-0.0020112991333007812
29,10,160,3.643929958343506,3.644502878189087,0.0005729198455810547
29,11,160,3.2363121509552,3.23268985748291,-0.003622293472290039
29,12,160,3.4860000610351562,3.4857442378997803,-0.00025582313537597656
29,13,160,3.962362051010132,3.9618327617645264,-0.0005292892456054688
29,14,160,3.8877689838409424,3.8866193294525146,-0.0011496543884277344
29,15,160,3.709996223449707,3.7090015411376953,-0.0009946823120117188
29,16,160,4.127080917358398,4.127813339233398,0.000732421875
29,17,160,3.7684454917907715,3.7686636447906494,0.0002181529998779297
29,18,160,3.180040121078491,3.177377462387085,-0.00266265869140625
29,19,160,2.7798354625701904,2.7771308422088623,-0.002704620361328125
30,0,160,3.6229443550109863,3.6219773292541504,-0.0009670257568359375
30,1,160,3.6805577278137207,3.6809446811676025,0.00038695335388183594
30,2,160,3.622722625732422,3.6243393421173096,0.0016167163848876953
30,3,160,3.1498076915740967,3.1522932052612305,0.002485513687133789
30,4,160,2.987194299697876,2.9881837368011475,0.0009894371032714844
30,5,160,3.5283496379852295,3.5309860706329346,0.002636432647705078
30,6,160,3.5020768642425537,3.503835439682007,0.001758575439453125
30,7,160,3.5028178691864014,3.501427412033081,-0.0013904571533203125
30,8,160,3.1970901489257812,3.1976301670074463,0.0005400180816650391
30,9,160,3.4206526279449463,3.419796943664551,-0.0008556842803955078
30,10,160,3.643929958343506,3.647317886352539,0.003387928009033203
30,11,160,3.2363121509552,3.2329261302948,-0.0033860206604003906
30,12,160,3.4860000610351562,3.4873733520507812,0.001373291015625
30,13,160,3.962362051010132,3.9642066955566406,0.001844644546508789
30,14,160,3.8877689838409424,3.887532949447632,-0.00023603439331054688
30,15,160,3.709996223449707,3.7089810371398926,-0.0010151863098144531
30,16,160,4.127080917358398,4.130771160125732,0.0036902427673339844
30,17,160,3.7684454917907715,3.7697842121124268,0.0013387203216552734
30,18,160,3.180040121078491,3.179227113723755,-0.0008130073547363281
30,19,160,2.7798354625701904,2.7741289138793945,-0.0057065486907958984
31,0,160,3.6229443550109863,3.624216318130493,0.001271963119506836
31,1,160,3.6805577278137207,3.684356689453125,0.003798961639404297
31,2,160,3.622722625732422,3.6246111392974854,0.0018885135650634766
31,3,160,3.1498076915740967,3.1455917358398438,-0.00421595573425293
31,4,160,2.987194299697876,2.987266778945923,7.2479248046875e-05
31,5,160,3.5283496379852295,3.5223817825317383,-0.005967855453491211
31,6,160,3.5020768642425537,3.5042948722839355,0.002218008041381836
31,7,160,3.5028178691864014,3.4990808963775635,-0.0037369728088378906
31,8,160,3.1970901489257812,3.1938705444335938,-0.0032196044921875
31,9,160,3.4206526279449463,3.419343948364258,-0.0013086795806884766
31,10,160,3.643929958343506,3.6434061527252197,-0.0005238056182861328
31,11,160,3.2363121509552,3.233778476715088,-0.0025336742401123047
31,12,160,3.4860000610351562,3.485229969024658,-0.0007700920104980469
31,13,160,3.962362051010132,3.964940309524536,0.002578258514404297
31,14,160,3.8877689838409424,3.885935068130493,-0.0018339157104492188
31,15,160,3.709996223449707,3.7077925205230713,-0.002203702926635742
31,16,160,4.127080917358398,4.127399921417236,0.0003190040588378906
31,17,160,3.7684454917907715,3.767714500427246,-0.0007309913635253906
31,18,160,3.180040121078491,3.1821818351745605,0.002141714096069336
31,19,160,2.7798354625701904,2.774386405944824,-0.005449056625366211
32,0,160,3.6229443550109863,3.6283438205718994,0.005399465560913086
32,1,160,3.6805577278137207,3.684445381164551,0.003887653350830078
32,2,160,3.622722625732422,3.626845359802246,0.004122734069824219
32,3,160,3.1498076915740967,3.150278091430664,0.0004703998565673828
32,4,160,2.987194299697876,2.9876410961151123,0.0004467964172363281
32,5,160,3.5283496379852295,3.526120662689209,-0.002228975296020508
32,6,160,3.5020768642425537,3.5042850971221924,0.002208232879638672
32,7,160,3.5028178691864014,3.498265027999878,-0.0045528411865234375
32,8,160,3.1970901489257812,3.196985960006714,-0.00010418891906738281
32,9,160,3.4206526279449463,3.419389486312866,-0.0012631416320800781
32,10,160,3.643929958343506,3.6441545486450195,0.00022459030151367188
32,11,160,3.2363121509552,3.2349281311035156,-0.0013840198516845703
32,12,160,3.4860000610351562,3.4840734004974365,-0.0019266605377197266
32,13,160,3.962362051010132,3.9614787101745605,-0.0008833408355712891
32,14,160,3.8877689838409424,3.889331102371216,0.0015621185302734375
32,15,160,3.709996223449707,3.7119460105895996,0.0019497871398925781
32,16,160,4.127080917358398,4.128726482391357,0.0016455650329589844
32,17,160,3.7684454917907715,3.7703051567077637,0.0018596649169921875
32,18,160,3.180040121078491,3.1791796684265137,-0.0008604526519775391
32,19,160,2.7798354625701904,2.779851198196411,1.5735626220703125e-05
33,0,160,3.6229443550109863,3.623391628265381,0.00044727325439453125
33,1,160,3.6805577278137207,3.6808347702026367,0.0002770423889160156
33,2,160,3.622722625732422,3.6249983310699463,0.002275705337524414
33,3,160,3.1498076915740967,3.14807391166687,-0.0017337799072265625
33,4,160,2.987194299697876,2.9874980449676514,0.0003037452697753906
33,5,160,3.5283496379852295,3.5281074047088623,-0.0002422332763671875
33,6,160,3.5020768642425537,3.497537851333618,-0.004539012908935547
33,7,160,3.5028178691864014,3.502056837081909,-0.0007610321044921875
33,8,160,3.1970901489257812,3.1955630779266357,-0.0015270709991455078
33,9,160,3.4206526279449463,3.4208850860595703,0.00023245811462402344
33,10,160,3.643929958343506,3.645808458328247,0.001878499984741211
33,11,160,3.2363121509552,3.2344634532928467,-0.0018486976623535156
33,12,160,3.4860000610351562,3.4844515323638916,-0.0015485286712646484
33,13,160,3.962362051010132,3.9607253074645996,-0.0016367435455322266
33,14,160,3.8877689838409424,3.887225866317749,-0.0005431175231933594
33,15,160,3.709996223449707,3.7104053497314453,0.00040912628173828125
33,16,160,4.127080917358398,4.126303672790527,-0.0007772445678710938
33,17,160,3.7684454917907715,3.767465591430664,-0.0009799003601074219
33,18,160,3.180040121078491,3.1810665130615234,0.0010263919830322266
33,19,160,2.7798354625701904,2.7803006172180176,0.00046515464782714844
34,0,160,3.6229443550109863,3.62359356880188,0.0006492137908935547
34,1,160,3.6805577278137207,3.6808130741119385,0.00025534629821777344
34,2,160,3.622722625732422,3.6203792095184326,-0.002343416213989258
34,3,160,3.1498076915740967,3.147055149078369,-0.002752542495727539
34,4,160,2.987194299697876,2.9825327396392822,-0.00466156005859375
34,5,160,3.5283496379852295,3.528172731399536,-0.00017690658569335938
34,6,160,3.5020768642425537,3.5035815238952637,0.001504659652709961
34,7,160,3.5028178691864014,3.5016961097717285,-0.0011217594146728516
34,8,160,3.1970901489257812,3.1970629692077637,-2.7179718017578125e-05
34,9,160,3.4206526279449463,3.4190163612365723,-0.0016362667083740234
34,10,160,3.643929958343506,3.6446692943573,0.0007393360137939453
34,11,160,3.2363121509552,3.2357242107391357,-0.0005879402160644531
34,12,160,3.4860000610351562,3.486189126968384,0.00018906593322753906
34,13,160,3.962362051010132,3.960456132888794,-0.0019059181213378906
34,14,160,3.8877689838409424,3.886880397796631,-0.0008885860443115234
34,15,160,3.709996223449707,3.7086925506591797,-0.0013036727905273438
34,16,160,4.127080917358398,4.129100322723389,0.0020194053649902344
34,17,160,3.7684454917907715,3.7693305015563965,0.000885009765625
34,18,160,3.180040121078491,3.1822309494018555,0.002190828323364258
34,19,160,2.7798354625701904,2.7791802883148193,-0.0006551742553710938
35,0,160,3.6229443550109863,3.6244559288024902,0.0015115737915039062
35,1,160,3.6805577278137207,3.681447982788086,0.0008902549743652344
35,2,160,3.622722625732422,3.6248724460601807,0.002149820327758789
35,3,160,3.1498076915740967,3.1509127616882324,0.0011050701141357422
35,4,160,2.987194299697876,2.987879753112793,0.0006854534149169922
35,5,160,3.5283496379852295,3.529376983642578,0.0010273456573486328
35,6,160,3.5020768642425537,3.5035622119903564,0.0014853477478027344
35,7,160,3.5028178691864014,3.5046422481536865,0.0018243789672851562
35,8,160,3.1970901489257812,3.1970903873443604,2.384185791015625e-07
35,9,160,3.4206526279449463,3.4235806465148926,0.002928018569946289
35,10,160,3.643929958343506,3.6467807292938232,0.002850770950317383
35,11,160,3.2363121509552,3.2367703914642334,0.0004582405090332031
35,12,160,3.4860000610351562,3.4854555130004883,-0.0005445480346679688
35,13,160,3.962362051010132,3.9617021083831787,-0.000659942626953125
35,14,160,3.8877689838409424,3.8881442546844482,0.0003752708435058594
35,15,160,3.709996223449707,3.7128968238830566,0.0029006004333496094
35,16,160,4.127080917358398,4.129368782043457,0.0022878646850585938
35,17,160,3.7684454917907715,3.770921468734741,0.0024759769439697266
35,18,160,3.180040121078491,3.177582025527954,-0.0024580955505371094
35,19,160,2.7798354625701904,2.7736198902130127,-0.006215572357177734
36,0,160,3.6229443550109863,3.6243085861206055,0.0013642311096191406
36,1,160,3.6805577278137207,3.6825006008148193,0.0019428730010986328
36,2,160,3.622722625732422,3.6238441467285156,0.00112152099609375
36,3,160,3.1498076915740967,3.147040367126465,-0.002767324447631836
36,4,160,2.987194299697876,2.9844202995300293,-0.0027740001678466797
36,5,160,3.5283496379852295,3.527418613433838,-0.0009310245513916016
36,6,160,3.5020768642425537,3.4998600482940674,-0.002216815948486328
36,7,160,3.5028178691864014,3.497547149658203,-0.005270719528198242
36,8,160,3.1970901489257812,3.1911885738372803,-0.0059015750885009766
36,9,160,3.4206526279449463,3.418494701385498,-0.002157926559448242
36,10,160,3.643929958343506,3.646669626235962,0.0027396678924560547
36,11,160,3.2363121509552,3.233475685119629,-0.002836465835571289
36,12,160,3.4860000610351562,3.485506534576416,-0.0004935264587402344
36,13,160,3.962362051010132,3.9638378620147705,0.0014758110046386719
36,14,160,3.8877689838409424,3.887690782546997,-7.82012939453125e-05
36,15,160,3.709996223449707,3.709937572479248,-5.8650970458984375e-05
36,16,160,4.127080917358398,4.129998207092285,0.0029172897338867188
36,17,160,3.7684454917907715,3.7682929039001465,-0.000152587890625
36,18,160,3.180040121078491,3.181412935256958,0.0013728141784667969
36,19,160,2.7798354625701904,2.7763540744781494,-0.0034813880920410156
37,0,160,3.6229443550109863,3.6249566078186035,0.0020122528076171875
37,1,160,3.6805577278137207,3.6820952892303467,0.0015375614166259766
37,2,160,3.622722625732422,3.6239967346191406,0.00127410888671875
37,3,160,3.1498076915740967,3.1505329608917236,0.0007252693176269531
37,4,160,2.987194299697876,2.9865775108337402,-0.0006167888641357422
37,5,160,3.5283496379852295,3.5252504348754883,-0.003099203109741211
37,6,160,3.5020768642425537,3.5026028156280518,0.0005259513854980469
37,7,160,3.5028178691864014,3.499087333679199,-0.0037305355072021484
37,8,160,3.1970901489257812,3.19126558303833,-0.005824565887451172
37,9,160,3.4206526279449463,3.4208645820617676,0.00021195411682128906
37,10,160,3.643929958343506,3.643723487854004,-0.00020647048950195312
37,11,160,3.2363121509552,3.234733819961548,-0.0015783309936523438
37,12,160,3.4860000610351562,3.485415458679199,-0.0005846023559570312
37,13,160,3.962362051010132,3.9620070457458496,-0.00035500526428222656
37,14,160,3.8877689838409424,3.8908703327178955,0.003101348876953125
37,15,160,3.709996223449707,3.709590196609497,-0.00040602684020996094
37,16,160,4.127080917358398,4.130053520202637,0.0029726028442382812
37,17,160,3.7684454917907715,3.7678115367889404,-0.0006339550018310547
37,18,160,3.180040121078491,3.1798033714294434,-0.00023674964904785156
37,19,160,2.7798354625701904,2.775940418243408,-0.0038950443267822266
38,0,160,3.6229443550109863,3.62520694732666,0.002262592315673828
38,1,160,3.6805577278137207,3.682422161102295,0.0018644332885742188
38,2,160,3.622722625732422,3.628448963165283,0.005726337432861328
38,3,160,3.1498076915740967,3.1524910926818848,0.002683401107788086
38,4,160,2.987194299697876,2.9951236248016357,0.007929325103759766
38,5,160,3.5283496379852295,3.5350046157836914,0.006654977798461914
38,6,160,3.5020768642425537,3.507845878601074,0.005769014358520508
38,7,160,3.5028178691864014,3.5086328983306885,0.005815029144287109
38,8,160,3.1970901489257812,3.2014517784118652,0.004361629486083984
38,9,160,3.4206526279449463,3.4246692657470703,0.0040166378021240234
38,10,160,3.643929958343506,3.6499242782592773,0.005994319915771484
38,11,160,3.2363121509552,3.237492799758911,0.0011806488037109375
38,12,160,3.4860000610351562,3.5060875415802,0.020087480545043945
38,13,160,3.962362051010132,3.9596025943756104,-0.0027594566345214844
38,14,160,3.8877689838409424,3.889859199523926,0.0020902156829833984
38,15,160,3.709996223449707,3.709746837615967,-0.0002493858337402344
38,16,160,4.127080917358398,4.129461765289307,0.002380847930908203
38,17,160,3.7684454917907715,3.769801616668701,0.0013561248779296875
38,18,160,3.180040121078491,3.1764626502990723,-0.0035774707794189453
38,19,160,2.7798354625701904,2.7789669036865234,-0.0008685588836669922
39,0,160,3.6229443550109863,3.6247692108154297,0.0018248558044433594
39,1,160,3.6805577278137207,3.6846659183502197,0.0041081905364990234
39,2,160,3.622722625732422,3.626879930496216,0.004157304763793945
39,3,160,3.1498076915740967,3.1511261463165283,0.0013184547424316406
39,4,160,2.987194299697876,2.987335681915283,0.00014138221740722656
39,5,160,3.5283496379852295,3.531113624572754,0.002763986587524414
39,6,160,3.5020768642425537,3.5032687187194824,0.001191854476928711
39,7,160,3.5028178691864014,3.5029075145721436,8.96453857421875e-05
39,8,160,3.1970901489257812,3.1969449520111084,-0.00014519691467285156
39,9,160,3.4206526279449463,3.421100616455078,0.00044798851013183594
39,10,160,3.643929958343506,3.6444456577301025,0.0005156993865966797
39,11,160,3.2363121509552,3.236816883087158,0.0005047321319580078
39,12,160,3.4860000610351562,3.487063407897949,0.0010633468627929688
39,13,160,3.962362051010132,3.9597787857055664,-0.0025832653045654297
39,14,160,3.8877689838409424,3.887021541595459,-0.0007474422454833984
39,15,160,3.709996223449707,3.7089993953704834,-0.0009968280792236328
39,16,160,4.127080917358398,4.125943183898926,-0.0011377334594726562
39,17,160,3.7684454917907715,3.7674145698547363,-0.0010309219360351562
39,18,160,3.180040121078491,3.177828550338745,-0.0022115707397460938
39,19,160,2.7798354625701904,2.7781903743743896,-0.0016450881958007812
40,0,160,3.6229443550109863,3.6235616207122803,0.0006172657012939453
40,1,160,3.6805577278137207,3.6813435554504395,0.00078582763671875
40,2,160,3.622722625732422,3.624072790145874,0.0013501644134521484
40,3,160,3.1498076915740967,3.1466352939605713,-0.0031723976135253906
40,4,160,2.987194299697876,2.9869272708892822,-0.00026702880859375
40,5,160,3.5283496379852295,3.534202814102173,0.005853176116943359
40,6,160,3.5020768642425537,3.500532865524292,-0.0015439987182617188
40,7,160,3.5028178691864014,3.4999287128448486,-0.0028891563415527344
40,8,160,3.1970901489257812,3.1982595920562744,0.001169443130493164
40,9,160,3.4206526279449463,3.419971227645874,-0.0006814002990722656
40,10,160,3.643929958343506,3.643629789352417,-0.0003001689910888672
40,11,160,3.2363121509552,3.236698865890503,0.0003867149353027344
40,12,160,3.4860000610351562,3.4981703758239746,0.01217031478881836
40,13,160,3.962362051010132,3.963819980621338,0.0014579296112060547
40,14,160,3.8877689838409424,3.889307737350464,0.0015387535095214844
40,15,160,3.709996223449707,3.709395408630371,-0.0006008148193359375
40,16,160,4.127080917358398,4.126442909240723,-0.0006380081176757812
40,17,160,3.7684454917907715,3.767298698425293,-0.0011467933654785156
40,18,160,3.180040121078491,3.1770780086517334,-0.0029621124267578125
40,19,160,2.7798354625701904,2.7751471996307373,-0.004688262939453125
41,0,160,3.6229443550109863,3.623065948486328,0.00012159347534179688
41,1,160,3.6805577278137207,3.6815037727355957,0.000946044921875
41,2,160,3.622722625732422,3.623922824859619,0.0012001991271972656
41,3,160,3.1498076915740967,3.145824909210205,-0.0039827823638916016
41,4,160,2.987194299697876,2.9856033325195312,-0.0015909671783447266
41,5,160,3.5283496379852295,3.527029037475586,-0.0013206005096435547
41,6,160,3.5020768642425537,3.499560832977295,-0.002516031265258789
41,7,160,3.5028178691864014,3.5015342235565186,-0.0012836456298828125
41,8,160,3.1970901489257812,3.1952574253082275,-0.001832723617553711
41,9,160,3.4206526279449463,3.4191250801086426,-0.001527547836303711
41,10,160,3.643929958343506,3.642533779144287,-0.00139617919921875
41,11,160,3.2363121509552,3.235731363296509,-0.0005807876586914062
41,12,160,3.4860000610351562,3.48705792427063,0.0010578632354736328
41,13,160,3.962362051010132,3.960770845413208,-0.0015912055969238281
41,14,160,3.8877689838409424,3.886970043182373,-0.0007989406585693359
41,15,160,3.709996223449707,3.709529161453247,-0.00046706199645996094
41,16,160,4.127080917358398,4.127974033355713,0.0008931159973144531
41,17,160,3.7684454917907715,3.768008232116699,-0.0004372596740722656
41,18,160,3.180040121078491,3.179150342941284,-0.0008897781372070312
41,19,160,2.7798354625701904,2.777944326400757,-0.0018911361694335938
42,0,160,3.6229443550109863,3.623216390609741,0.0002720355987548828
42,1,160,3.6805577278137207,3.6795129776000977,-0.0010447502136230469
42,2,160,3.622722625732422,3.6297695636749268,0.007046937942504883
42,3,160,3.1498076915740967,3.1536200046539307,0.0038123130798339844
42,4,160,2.987194299697876,2.9899775981903076,0.0027832984924316406
42,5,160,3.5283496379852295,3.531369686126709,0.003020048141479492
42,6,160,3.5020768642425537,3.5067622661590576,0.004685401916503906
42,7,160,3.5028178691864014,3.5091710090637207,0.006353139877319336
42,8,160,3.1970901489257812,3.2000508308410645,0.002960681915283203
42,9,160,3.4206526279449463,3.42244291305542,0.0017902851104736328
42,10,160,3.643929958343506,3.651048421859741,0.0071184635162353516
42,11,160,3.2363121509552,3.2341811656951904,-0.0021309852600097656
42,12,160,3.4860000610351562,3.4853906631469727,-0.0006093978881835938
42,13,160,3.962362051010132,3.967172622680664,0.0048105716705322266
42,14,160,3.8877689838409424,3.8883495330810547,0.0005805492401123047
42,15,160,3.709996223449707,3.7084155082702637,-0.0015807151794433594
42,16,160,4.127080917358398,4.127936363220215,0.0008554458618164062
42,17,160,3.7684454917907715,3.767265796661377,-0.0011796951293945312
42,18,160,3.180040121078491,3.179905652999878,-0.00013446807861328125
42,19,160,2.7798354625701904,2.777885675430298,-0.0019497871398925781
43,0,160,3.6229443550109863,3.6233742237091064,0.0004298686981201172
43,1,160,3.6805577278137207,3.6824440956115723,0.0018863677978515625
43,2,160,3.622722625732422,3.6224265098571777,-0.0002961158752441406
43,3,160,3.1498076915740967,3.1510255336761475,0.0012178421020507812
43,4,160,2.987194299697876,2.986372232437134,-0.0008220672607421875
43,5,160,3.5283496379852295,3.5310521125793457,0.002702474594116211
43,6,160,3.5020768642425537,3.503103494644165,0.0010266304016113281
43,7,160,3.5028178691864014,3.503812313079834,0.0009944438934326172
43,8,160,3.1970901489257812,3.198087453842163,0.000997304916381836
43,9,160,3.4206526279449463,3.4188575744628906,-0.001795053482055664
43,10,160,3.643929958343506,3.6468403339385986,0.0029103755950927734
43,11,160,3.2363121509552,3.2348074913024902,-0.001504659652709961
43,12,160,3.4860000610351562,3.4840927124023438,-0.0019073486328125
43,13,160,3.962362051010132,3.96288800239563,0.0005259513854980469
43,14,160,3.8877689838409424,3.887336254119873,-0.00043272972106933594
43,15,160,3.709996223449707,3.7085964679718018,-0.0013997554779052734
43,16,160,4.127080917358398,4.130618095397949,0.0035371780395507812
43,17,160,3.7684454917907715,3.7721266746520996,0.003681182861328125
43,18,160,3.180040121078491,3.179521322250366,-0.000518798828125
43,19,160,2.7798354625701904,2.776092529296875,-0.0037429332733154297
44,0,160,3.6229443550109863,3.622471570968628,-0.00047278404235839844
44,1,160,3.6805577278137207,3.6821157932281494,0.001558065414428711
44,2,160,3.622722625732422,3.623135805130005,0.0004131793975830078
44,3,160,3.1498076915740967,3.1500587463378906,0.0002510547637939453
44,4,160,2.987194299697876,2.985968589782715,-0.0012257099151611328
44,5,160,3.5283496379852295,3.529437303543091,0.0010876655578613281
44,6,160,3.5020768642425537,3.5022449493408203,0.00016808509826660156
44,7,160,3.5028178691864014,3.496717929840088,-0.0060999393463134766
44,8,160,3.1970901489257812,3.1970012187957764,-8.893013000488281e-05
44,9,160,3.4206526279449463,3.4223639965057373,0.0017113685607910156
44,10,160,3.643929958343506,3.6455917358398438,0.0016617774963378906
44,11,160,3.2363121509552,3.2348968982696533,-0.001415252685546875
44,12,160,3.4860000610351562,3.485734224319458,-0.0002658367156982422
44,13,160,3.962362051010132,3.964210271835327,0.0018482208251953125
44,14,160,3.8877689838409424,3.886104106903076,-0.001664876937866211
44,15,160,3.709996223449707,3.710550308227539,0.0005540847778320312
44,16,160,4.127080917358398,4.129993438720703,0.0029125213623046875
44,17,160,3.7684454917907715,3.769340753555298,0.0008952617645263672
44,18,160,3.180040121078491,3.179239273071289,-0.0008008480072021484
44,19,160,2.7798354625701904,2.775078535079956,-0.004756927490234375
45,0,160,3.6229443550109863,3.623617649078369,0.0006732940673828125
45,1,160,3.6805577278137207,3.6812498569488525,0.0006921291351318359
45,2,160,3.622722625732422,3.6236701011657715,0.0009474754333496094
45,3,160,3.1498076915740967,3.149902820587158,9.512901306152344e-05
45,4,160,2.987194299697876,2.990412473678589,0.0032181739807128906
45,5,160,3.5283496379852295,3.5291385650634766,0.0007889270782470703
45,6,160,3.5020768642425537,3.5022780895233154,0.00020122528076171875
45,7,160,3.5028178691864014,3.500485897064209,-0.002331972122192383
45,8,160,3.1970901489257812,3.198761224746704,0.0016710758209228516
45,9,160,3.4206526279449463,3.418661594390869,-0.0019910335540771484
45,10,160,3.643929958343506,3.64498233795166,0.0010523796081542969
45,11,160,3.2363121509552,3.2383716106414795,0.002059459686279297
45,12,160,3.4860000610351562,3.487584352493286,0.0015842914581298828
45,13,160,3.962362051010132,3.9597480297088623,-0.0026140213012695312
45,14,160,3.8877689838409424,3.891601324081421,0.0038323402404785156
45,15,160,3.709996223449707,3.707512855529785,-0.002483367919921875
45,16,160,4.127080917358398,4.127163410186768,8.249282836914062e-05
45,17,160,3.7684454917907715,3.7682504653930664,-0.00019502639770507812
45,18,160,3.180040121078491,3.179572105407715,-0.0004680156707763672
45,19,160,2.7798354625701904,2.779996156692505,0.00016069412231445312
46,0,160,3.6229443550109863,3.62223219871521,-0.0007121562957763672
46,1,160,3.6805577278137207,3.680680751800537,0.00012302398681640625
46,2,160,3.622722625732422,3.6237783432006836,0.0010557174682617188
46,3,160,3.1498076915740967,3.148972272872925,-0.000835418701171875
46,4,160,2.987194299697876,2.987809896469116,0.0006155967712402344
46,5,160,3.5283496379852295,3.5255725383758545,-0.002777099609375
46,6,160,3.5020768642425537,3.502159595489502,8.273124694824219e-05
46,7,160,3.5028178691864014,3.500462055206299,-0.002355813980102539
46,8,160,3.1970901489257812,3.1980278491973877,0.0009377002716064453
46,9,160,3.4206526279449463,3.4232442378997803,0.0025916099548339844
46,10,160,3.643929958343506,3.642359733581543,-0.0015702247619628906
46,11,160,3.2363121509552,3.235053539276123,-0.0012586116790771484
46,12,160,3.4860000610351562,3.4863579273223877,0.0003578662872314453
46,13,160,3.962362051010132,3.9660348892211914,0.0036728382110595703
46,14,160,3.8877689838409424,3.887543201446533,-0.0002257823944091797
46,15,160,3.709996223449707,3.7100841999053955,8.797645568847656e-05
46,16,160,4.127080917358398,4.129368305206299,0.0022873878479003906
46,17,160,3.7684454917907715,3.768789291381836,0.0003437995910644531
46,18,160,3.180040121078491,3.1821515560150146,0.0021114349365234375
46,19,160,2.7798354625701904,2.776658058166504,-0.0031774044036865234
47,0,160,3.6229443550109863,3.622039318084717,-0.0009050369262695312
47,1,160,3.6805577278137207,3.6815378665924072,0.0009801387786865234
47,2,160,3.622722625732422,3.6251180171966553,0.0023953914642333984
47,3,160,3.1498076915740967,3.1477878093719482,-0.0020198822021484375
47,4,160,2.987194299697876,2.9858875274658203,-0.001306772232055664
47,5,160,3.5283496379852295,3.523984670639038,-0.004364967346191406
47,6,160,3.5020768642425537,3.498077154159546,-0.0039997100830078125
47,7,160,3.5028178691864014,3.5034890174865723,0.0006711483001708984
47,8,160,3.1970901489257812,3.1960737705230713,-0.001016378402709961
47,9,160,3.4206526279449463,3.4188525676727295,-0.0018000602722167969
47,10,160,3.643929958343506,3.641843557357788,-0.0020864009857177734
47,11,160,3.2363121509552,3.233513355255127,-0.002798795700073242
47,12,160,3.4860000610351562,3.4880871772766113,0.002087116241455078
47,13,160,3.962362051010132,3.962766170501709,0.00040411949157714844
47,14,160,3.8877689838409424,3.8857288360595703,-0.0020401477813720703
47,15,160,3.709996223449707,3.7120559215545654,0.0020596981048583984
47,16,160,4.127080917358398,4.1285529136657715,0.0014719963073730469
47,17,160,3.7684454917907715,3.7702677249908447,0.0018222332000732422
47,18,160,3.180040121078491,3.1795783042907715,-0.00046181678771972656
47,19,160,2.7798354625701904,2.775075674057007,-0.004759788513183594
48,0,160,3.6229443550109863,3.624023914337158,0.001079559326171875
48,1,160,3.6805577278137207,3.681036949157715,0.0004792213439941406
48,2,160,3.622722625732422,3.6264278888702393,0.003705263137817383
48,3,160,3.1498076915740967,3.147397041320801,-0.0024106502532958984
48,4,160,2.987194299697876,2.988900899887085,0.0017066001892089844
48,5,160,3.5283496379852295,3.5288925170898438,0.0005428791046142578
48,6,160,3.5020768642425537,3.4992289543151855,-0.002847909927368164
48,7,160,3.5028178691864014,3.5025198459625244,-0.0002980232238769531
48,8,160,3.1970901489257812,3.200913429260254,0.0038232803344726562
48,9,160,3.4206526279449463,3.41847825050354,-0.00217437744140625
48,10,160,3.643929958343506,3.6446728706359863,0.0007429122924804688
48,11,160,3.2363121509552,3.235534429550171,-0.0007777214050292969
48,12,160,3.4860000610351562,3.48553204536438,-0.0004680156707763672
48,13,160,3.962362051010132,3.9606270790100098,-0.0017349720001220703
48,14,160,3.8877689838409424,3.8879215717315674,0.000152587890625
48,15,160,3.709996223449707,3.7084333896636963,-0.0015628337860107422
48,16,160,4.127080917358398,4.124456405639648,-0.00262451171875
48,17,160,3.7684454917907715,3.7686736583709717,0.0002281665802001953
48,18,160,3.180040121078491,3.18323016166687,0.0031900405883789062
48,19,160,2.7798354625701904,2.78084135055542,0.0010058879852294922
49,0,160,3.6229443550109863,3.6247589588165283,0.0018146038055419922
49,1,160,3.6805577278137207,3.686741352081299,0.006183624267578125
49,2,160,3.622722625732422,3.6222221851348877,-0.0005004405975341797
49,3,160,3.1498076915740967,3.1508615016937256,0.0010538101196289062
49,4,160,2.987194299697876,2.987785816192627,0.0005915164947509766
49,5,160,3.5283496379852295,3.5303947925567627,0.002045154571533203
49,6,160,3.5020768642425537,3.504368305206299,0.002291440963745117
49,7,160,3.5028178691864014,3.5041415691375732,0.001323699951171875
49,8,160,3.1970901489257812,3.198808193206787,0.0017180442810058594
49,9,160,3.4206526279449463,3.422697067260742,0.0020444393157958984
49,10,160,3.643929958343506,3.647921562194824,0.003991603851318359
49,11,160,3.2363121509552,3.2345924377441406,-0.0017197132110595703
49,12,160,3.4860000610351562,3.485684633255005,-0.0003154277801513672
49,13,160,3.962362051010132,3.9607536792755127,-0.0016083717346191406
49,14,160,3.8877689838409424,3.8904502391815186,0.002681255340576172
49,15,160,3.709996223449707,3.7109811305999756,0.0009849071502685547
49,16,160,4.127080917358398,4.128329277038574,0.0012483596801757812
49,17,160,3.7684454917907715,3.766282796859741,-0.0021626949310302734
49,18,160,3.180040121078491,3.1794118881225586,-0.0006282329559326172
49,19,160,2.7798354625701904,2.7766573429107666,-0.003178119659423828
50,0,160,3.6229443550109863,3.626044511795044,0.003100156784057617
50,1,160,3.6805577278137207,3.6823015213012695,0.0017437934875488281
50,2,160,3.622722625732422,3.622852325439453,0.00012969970703125
50,3,160,3.1498076915740967,3.1497533321380615,-5.435943603515625e-05
50,4,160,2.987194299697876,2.98721981048584,2.5510787963867188e-05
50,5,160,3.5283496379852295,3.528567314147949,0.00021767616271972656
50,6,160,3.5020768642425537,3.50522780418396,0.00315093994140625
50,7,160,3.5028178691864014,3.502831220626831,1.33514404296875e-05
50,8,160,3.1970901489257812,3.2000038623809814,0.0029137134552001953
50,9,160,3.4206526279449463,3.4223334789276123,0.0016808509826660156
50,10,160,3.643929958343506,3.646759271621704,0.002829313278198242
50,11,160,3.2363121509552,3.23386812210083,-0.002444028854370117
50,12,160,3.4860000610351562,3.486907720565796,0.0009076595306396484
50,13,160,3.962362051010132,3.960819721221924,-0.0015423297882080078
50,14,160,3.8877689838409424,3.8873867988586426,-0.0003821849822998047
50,15,160,3.709996223449707,3.7099740505218506,-2.2172927856445312e-05
50,16,160,4.127080917358398,4.126790523529053,-0.0002903938293457031
50,17,160,3.7684454917907715,3.767226219177246,-0.0012192726135253906
50,18,160,3.180040121078491,3.1779298782348633,-0.0021102428436279297
50,19,160,2.7798354625701904,2.7790048122406006,-0.0008306503295898438
51,0,160,3.6229443550109863,3.622438669204712,-0.0005056858062744141
51,1,160,3.6805577278137207,3.6812944412231445,0.0007367134094238281
51,2,160,3.622722625732422,3.6245219707489014,0.0017993450164794922
51,3,160,3.1498076915740967,3.1515727043151855,0.0017650127410888672
51,4,160,2.987194299697876,2.9890217781066895,0.0018274784088134766
51,5,160,3.5283496379852295,3.527322769165039,-0.0010268688201904297
51,6,160,3.5020768642425537,3.5014889240264893,-0.0005879402160644531
51,7,160,3.5028178691864014,3.497986078262329,-0.004831790924072266
51,8,160,3.1970901489257812,3.198928117752075,0.0018379688262939453
51,9,160,3.4206526279449463,3.4166903495788574,-0.003962278366088867
51,10,160,3.643929958343506,3.642003059387207,-0.0019268989562988281
51,11,160,3.2363121509552,3.2363500595092773,3.790855407714844e-05
51,12,160,3.4860000610351562,3.487236499786377,0.0012364387512207031
51,13,160,3.962362051010132,3.961742639541626,-0.0006194114685058594
51,14,160,3.8877689838409424,3.89015793800354,0.0023889541625976562
51,15,160,3.709996223449707,3.7111904621124268,0.0011942386627197266
51,16,160,4.127080917358398,4.125510215759277,-0.0015707015991210938
51,17,160,3.7684454917907715,3.768664598464966,0.00021910667419433594
51,18,160,3.180040121078491,3.179666042327881,-0.00037407875061035156
51,19,160,2.7798354625701904,2.7788643836975098,-0.0009710788726806641
52,0,160,3.6229443550109863,3.6256020069122314,0.002657651901245117
52,1,160,3.6805577278137207,3.6825170516967773,0.0019593238830566406
52,2,160,3.622722625732422,3.6219828128814697,-0.0007398128509521484
52,3,160,3.1498076915740967,3.1501569747924805,0.00034928321838378906
52,4,160,2.987194299697876,2.9839413166046143,-0.0032529830932617188
52,5,160,3.5283496379852295,3.5293428897857666,0.0009932518005371094
52,6,160,3.5020768642425537,3.5024476051330566,0.0003707408905029297
52,7,160,3.5028178691864014,3.5005111694335938,-0.002306699752807617
52,8,160,3.1970901489257812,3.1954846382141113,-0.0016055107116699219
52,9,160,3.4206526279449463,3.4228718280792236,0.0022192001342773438
52,10,160,3.643929958343506,3.6444196701049805,0.0004897117614746094
52,11,160,3.2363121509552,3.2328364849090576,-0.003475666046142578
52,12,160,3.4860000610351562,3.488225221633911,0.002225160598754883
52,13,160,3.962362051010132,3.9609334468841553,-0.0014286041259765625
52,14,160,3.8877689838409424,3.887718915939331,-5.0067901611328125e-05
52,15,160,3.709996223449707,3.7113819122314453,0.0013856887817382812
52,16,160,4.127080917358398,4.127143383026123,6.246566772460938e-05
52,17,160,3.7684454917907715,3.767050266265869,-0.0013952255249023438
52,18,160,3.180040121078491,3.179333448410034,-0.0007066726684570312
52,19,160,2.7798354625701904,2.7781639099121094,-0.0016715526580810547
53,0,160,3.6229443550109863,3.625074863433838,0.0021305084228515625
53,1,160,3.6805577278137207,3.680420398712158,-0.0001373291015625
53,2,160,3.622722625732422,3.6224186420440674,-0.0003039836883544922
53,3,160,3.1498076915740967,3.14898419380188,-0.0008234977722167969
53,4,160,2.987194299697876,2.988323211669922,0.0011289119720458984
53,5,160,3.5283496379852295,3.524427890777588,-0.0039217472076416016
53,6,160,3.5020768642425537,3.5036938190460205,0.0016169548034667969
53,7,160,3.5028178691864014,3.501002788543701,-0.0018150806427001953
53,8,160,3.1970901489257812,3.1971890926361084,9.894371032714844e-05
53,9,160,3.4206526279449463,3.4203240871429443,-0.0003285408020019531
53,10,160,3.643929958343506,3.6444690227508545,0.0005390644073486328
53,11,160,3.2363121509552,3.236952066421509,0.0006399154663085938
53,12,160,3.4860000610351562,3.4845712184906006,-0.001428842544555664
53,13,160,3.962362051010132,3.9589741230010986,-0.003387928009033203
53,14,160,3.8877689838409424,3.885359764099121,-0.002409219741821289
53,15,160,3.709996223449707,3.7084431648254395,-0.0015530586242675781
53,16,160,4.127080917358398,4.128593444824219,0.0015125274658203125
53,17,160,3.7684454917907715,3.7694497108459473,0.0010042190551757812
53,18,160,3.180040121078491,3.180769443511963,0.0007293224334716797
53,19,160,2.7798354625701904,2.780797004699707,0.0009615421295166016
54,0,160,3.6229443550109863,3.6255736351013184,0.0026292800903320312
54,1,160,3.6805577278137207,3.6845505237579346,0.003992795944213867
54,2,160,3.622722625732422,3.6240808963775635,0.0013582706451416016
54,3,160,3.1498076915740967,3.1487443447113037,-0.0010633468627929688
54,4,160,2.987194299697876,2.987074613571167,-0.00011968612670898438
54,5,160,3.5283496379852295,3.527749538421631,-0.0006000995635986328
54,6,160,3.5020768642425537,3.4988715648651123,-0.0032052993774414062
54,7,160,3.5028178691864014,3.4987783432006836,-0.0040395259857177734
54,8,160,3.1970901489257812,3.1967642307281494,-0.00032591819763183594
54,9,160,3.4206526279449463,3.42208194732666,0.0014293193817138672
54,10,160,3.643929958343506,3.645400047302246,0.0014700889587402344
54,11,160,3.2363121509552,3.233180522918701,-0.0031316280364990234
54,12,160,3.4860000610351562,3.483139753341675,-0.0028603076934814453
54,13,160,3.962362051010132,3.960108518600464,-0.0022535324096679688
54,14,160,3.8877689838409424,3.8851497173309326,-0.0026192665100097656
54,15,160,3.709996223449707,3.71394944190979,0.003953218460083008
54,16,160,4.127080917358398,4.128381729125977,0.001300811767578125
54,17,160,3.7684454917907715,3.7651124000549316,-0.0033330917358398438
54,18,160,3.180040121078491,3.182854652404785,0.0028145313262939453
54,19,160,2.7798354625701904,2.7763288021087646,-0.0035066604614257812
55,0,160,3.6229443550109863,3.6192190647125244,-0.003725290298461914
55,1,160,3.6805577278137207,3.6770331859588623,-0.0035245418548583984
55,2,160,3.622722625732422,3.6241061687469482,0.0013835430145263672
55,3,160,3.1498076915740967,3.148381471633911,-0.0014262199401855469
55,4,160,2.987194299697876,2.9855475425720215,-0.0016467571258544922
55,5,160,3.5283496379852295,3.527944564819336,-0.0004050731658935547
55,6,160,3.5020768642425537,3.4986789226531982,-0.0033979415893554688
55,7,160,3.5028178691864014,3.4983134269714355,-0.00450444221496582
55,8,160,3.1970901489257812,3.1963911056518555,-0.0006990432739257812
55,9,160,3.4206526279449463,3.416961908340454,-0.0036907196044921875
55,10,160,3.643929958343506,3.642072916030884,-0.0018570423126220703
55,11,160,3.2363121509552,3.240206003189087,0.0038938522338867188
55,12,160,3.4860000610351562,3.4843146800994873,-0.0016853809356689453
55,13,160,3.962362051010132,3.962937116622925,0.0005750656127929688
55,14,160,3.8877689838409424,3.887838125228882,6.914138793945312e-05
55,15,160,3.709996223449707,3.7079684734344482,-0.002027750015258789
55,16,160,4.127080917358398,4.129990577697754,0.0029096603393554688
55,17,160,3.7684454917907715,3.770975112915039,0.002529621124267578
55,18,160,3.180040121078491,3.1830074787139893,0.002967357635498047
55,19,160,2.7798354625701904,2.78037691116333,0.0005414485931396484
56,0,160,3.6229443550109863,3.622642993927002,-0.000301361083984375
56,1,160,3.6805577278137207,3.6812081336975098,0.0006504058837890625
56,2,160,3.622722625732422,3.623499631881714,0.0007770061492919922
56,3,160,3.1498076915740967,3.149847984313965,4.029273986816406e-05
56,4,160,2.987194299697876,2.9901669025421143,0.0029726028442382812
56,5,160,3.5283496379852295,3.527980327606201,-0.0003693103790283203
56,6,160,3.5020768642425537,3.5006263256073,-0.0014505386352539062
56,7,160,3.5028178691864014,3.5025339126586914,-0.00028395652770996094
56,8,160,3.1970901489257812,3.1970086097717285,-8.153915405273438e-05
56,9,160,3.4206526279449463,3.4189422130584717,-0.0017104148864746094
56,10,160,3.643929958343506,3.6447529792785645,0.0008230209350585938
56,11,160,3.2363121509552,3.235452651977539,-0.0008594989776611328
56,12,160,3.4860000610351562,3.4877235889434814,0.0017235279083251953
56,13,160,3.962362051010132,3.961353063583374,-0.0010089874267578125
56,14,160,3.8877689838409424,3.8866090774536133,-0.0011599063873291016
56,15,160,3.709996223449707,3.709723949432373,-0.0002722740173339844
56,16,160,4.127080917358398,4.126985549926758,-9.5367431640625e-05
56,17,160,3.7684454917907715,3.769277334213257,0.0008318424224853516
56,18,160,3.180040121078491,3.1792244911193848,-0.0008156299591064453
56,19,160,2.7798354625701904,2.7775793075561523,-0.002256155014038086
57,0,160,3.6229443550109863,3.6256091594696045,0.002664804458618164
57,1,160,3.6805577278137207,3.683067560195923,0.0025098323822021484
57,2,160,3.622722625732422,3.623196840286255,0.0004742145538330078
57,3,160,3.1498076915740967,3.148120641708374,-0.0016870498657226562
57,4,160,2.987194299697876,2.982309341430664,-0.004884958267211914
57,5,160,3.5283496379852295,3.5254862308502197,-0.0028634071350097656
57,6,160,3.5020768642425537,3.5005722045898438,-0.001504659652709961
57,7,160,3.5028178691864014,3.497694969177246,-0.0051229000091552734
57,8,160,3.1970901489257812,3.193695545196533,-0.003394603729248047
57,9,160,3.4206526279449463,3.4194631576538086,-0.0011894702911376953
57,10,160,3.643929958343506,3.6475210189819336,0.0035910606384277344
57,11,160,3.2363121509552,3.2366344928741455,0.0003223419189453125
57,12,160,3.4860000610351562,3.485612630844116,-0.00038743019104003906
57,13,160,3.962362051010132,3.9604575634002686,-0.0019044876098632812
57,14,160,3.8877689838409424,3.8858611583709717,-0.0019078254699707031
57,15,160,3.709996223449707,3.7077369689941406,-0.0022592544555664062
57,16,160,4.127080917358398,4.128663539886475,0.0015826225280761719
57,17,160,3.7684454917907715,3.7709548473358154,0.0025093555450439453
57,18,160,3.180040121078491,3.179407835006714,-0.0006322860717773438
57,19,160,2.7798354625701904,2.7748708724975586,-0.004964590072631836
58,0,160,3.6229443550109863,3.62873911857605,0.0057947635650634766
58,1,160,3.6805577278137207,3.685577154159546,0.005019426345825195
58,2,160,3.622722625732422,3.626300573348999,0.0035779476165771484
58,3,160,3.1498076915740967,3.14784836769104,-0.0019593238830566406
58,4,160,2.987194299697876,2.9853227138519287,-0.0018715858459472656
58,5,160,3.5283496379852295,3.5284807682037354,0.00013113021850585938
58,6,160,3.5020768642425537,3.5013859272003174,-0.0006909370422363281
58,7,160,3.5028178691864014,3.5000174045562744,-0.002800464630126953
58,8,160,3.1970901489257812,3.1983797550201416,0.0012896060943603516
58,9,160,3.4206526279449463,3.4292495250701904,0.00859689712524414
58,10,160,3.643929958343506,3.6488001346588135,0.004870176315307617
58,11,160,3.2363121509552,3.2369518280029297,0.0006396770477294922
58,12,160,3.4860000610351562,3.4907572269439697,0.0047571659088134766
58,13,160,3.962362051010132,3.960174083709717,-0.002187967300415039
58,14,160,3.8877689838409424,3.891523838043213,0.003754854202270508
58,15,160,3.709996223449707,3.7099764347076416,-1.9788742065429688e-05
58,16,160,4.127080917358398,4.1299238204956055,0.0028429031372070312
58,17,160,3.7684454917907715,3.7685999870300293,0.0001544952392578125
58,18,160,3.180040121078491,3.1807405948638916,0.0007004737854003906
58,19,160,2.7798354625701904,2.7791290283203125,-0.0007064342498779297
59,0,160,3.6229443550109863,3.6265039443969727,0.003559589385986328
59,1,160,3.6805577278137207,3.6819732189178467,0.0014154911041259766
59,2,160,3.622722625732422,3.625934362411499,0.0032117366790771484
59,3,160,3.1498076915740967,3.1513736248016357,0.0015659332275390625
59,4,160,2.987194299697876,2.986621618270874,-0.0005726814270019531
59,5,160,3.5283496379852295,3.529780149459839,0.001430511474609375
59,6,160,3.5020768642425537,3.501225709915161,-0.0008511543273925781
59,7,160,3.5028178691864014,3.5002336502075195,-0.002584218978881836
59,8,160,3.1970901489257812,3.1989123821258545,0.0018222332000732422
59,9,160,3.4206526279449463,3.4201107025146484,-0.0005419254302978516
59,10,160,3.643929958343506,3.6456518173217773,0.0017218589782714844
59,11,160,3.2363121509552,3.236553430557251,0.00024127960205078125
59,12,160,3.4860000610351562,3.4860639572143555,6.389617919921875e-05
59,13,160,3.962362051010132,3.9639806747436523,0.0016186237335205078
59,14,160,3.8877689838409424,3.8875303268432617,-0.00023865699768066406
59,15,160,3.709996223449707,3.710353136062622,0.00035691261291503906
59,16,160,4.127080917358398,4.128022193908691,0.0009412765502929688
59,17,160,3.7684454917907715,3.7697532176971436,0.0013077259063720703
59,18,160,3.180040121078491,3.181436538696289,0.0013964176177978516
59,19,160,2.7798354625701904,2.7777953147888184,-0.0020401477813720703
60,0,160,3.6229443550109863,3.622739791870117,-0.00020456314086914062
60,1,160,3.6805577278137207,3.679809331893921,-0.0007483959197998047
60,2,160,3.622722625732422,3.623689889907837,0.0009672641754150391
60,3,160,3.1498076915740967,3.1492786407470703,-0.0005290508270263672
60,4,160,2.987194299697876,2.9869191646575928,-0.0002751350402832031
60,5,160,3.5283496379852295,3.526322364807129,-0.002027273178100586
60,6,160,3.5020768642425537,3.4996988773345947,-0.0023779869079589844
60,7,160,3.5028178691864014,3.5045278072357178,0.0017099380493164062
60,8,160,3.1970901489257812,3.1977131366729736,0.0006229877471923828
60,9,160,3.4206526279449463,3.4181060791015625,-0.002546548843383789
60,10,160,3.643929958343506,3.6461637020111084,0.002233743667602539
60,11,160,3.2363121509552,3.2374179363250732,0.0011057853698730469
60,12,160,3.4860000610351562,3.484062671661377,-0.0019373893737792969
60,13,160,3.962362051010132,3.9602677822113037,-0.002094268798828125
60,14,160,3.8877689838409424,3.888003349304199,0.00023436546325683594
60,15,160,3.709996223449707,3.7095603942871094,-0.00043582916259765625
60,16,160,4.127080917358398,4.125912666320801,-0.0011682510375976562
60,17,160,3.7684454917907715,3.7709884643554688,0.0025429725646972656
60,18,160,3.180040121078491,3.1811811923980713,0.0011410713195800781
60,19,160,2.7798354625701904,2.775465726852417,-0.0043697357177734375
61,0,160,3.6229443550109863,3.6247613430023193,0.0018169879913330078
61,1,160,3.6805577278137207,3.68410325050354,0.003545522689819336
61,2,160,3.622722625732422,3.623962640762329,0.0012400150299072266
61,3,160,3.1498076915740967,3.1493163108825684,-0.0004913806915283203
61,4,160,2.987194299697876,2.989243507385254,0.0020492076873779297
61,5,160,3.5283496379852295,3.5275461673736572,-0.0008034706115722656
61,6,160,3.5020768642425537,3.4978981018066406,-0.004178762435913086
61,7,160,3.5028178691864014,3.4992196559906006,-0.0035982131958007812
61,8,160,3.1970901489257812,3.193770170211792,-0.003319978713989258
61,9,160,3.4206526279449463,3.4211013317108154,0.0004487037658691406
61,10,160,3.643929958343506,3.6473586559295654,0.0034286975860595703
61,11,160,3.2363121509552,3.2352547645568848,-0.0010573863983154297
61,12,160,3.4860000610351562,3.4865593910217285,0.0005593299865722656
61,13,160,3.962362051010132,3.9618773460388184,-0.00048470497131347656
61,14,160,3.8877689838409424,3.8888297080993652,0.0010607242584228516
61,15,160,3.709996223449707,3.7101244926452637,0.00012826919555664062
61,16,160,4.127080917358398,4.130253791809082,0.0031728744506835938
61,17,160,3.7684454917907715,3.7724671363830566,0.004021644592285156
61,18,160,3.180040121078491,3.179466485977173,-0.0005736351013183594
61,19,160,2.7798354625701904,2.780095100402832,0.00025963783264160156
62,0,160,3.6229443550109863,3.623549461364746,0.0006051063537597656
62,1,160,3.6805577278137207,3.684075355529785,0.003517627716064453
62,2,160,3.622722625732422,3.6227784156799316,5.5789947509765625e-05
62,3,160,3.1498076915740967,3.1477432250976562,-0.0020644664764404297
62,4,160,2.987194299697876,2.987361431121826,0.0001671314239501953
62,5,160,3.5283496379852295,3.5295822620391846,0.0012326240539550781
62,6,160,3.5020768642425537,3.5000154972076416,-0.0020613670349121094
62,7,160,3.5028178691864014,3.4993252754211426,-0.003492593765258789
62,8,160,3.1970901489257812,3.196807622909546,-0.00028252601623535156
62,9,160,3.4206526279449463,3.4195303916931152,-0.0011222362518310547
62,10,160,3.643929958343506,3.6452877521514893,0.0013577938079833984
62,11,160,3.2363121509552,3.2360169887542725,-0.0002951622009277344
62,12,160,3.4860000610351562,3.4869492053985596,0.0009491443634033203
62,13,160,3.962362051010132,3.960556983947754,-0.0018050670623779297
62,14,160,3.8877689838409424,3.8882365226745605,0.00046753883361816406
62,15,160,3.709996223449707,3.7118618488311768,0.0018656253814697266
62,16,160,4.127080917358398,4.128263473510742,0.00118255615234375
62,17,160,3.7684454917907715,3.768256425857544,-0.00018906593322753906
62,18,160,3.180040121078491,3.180868625640869,0.0008285045623779297
62,19,160,2.7798354625701904,2.7782726287841797,-0.0015628337860107422
63,0,160,3.6229443550109863,3.62199068069458,-0.00095367431640625
63,1,160,3.6805577278137207,3.6821529865264893,0.0015952587127685547
63,2,160,3.622722625732422,3.6248865127563477,0.0021638870239257812
63,3,160,3.1498076915740967,3.149512767791748,-0.0002949237823486328
63,4,160,2.987194299697876,2.9889931678771973,0.001798868179321289
63,5,160,3.5283496379852295,3.5264225006103516,-0.0019271373748779297
63,6,160,3.5020768642425537,3.499967098236084,-0.0021097660064697266
63,7,160,3.5028178691864014,3.5011682510375977,-0.001649618148803711
63,8,160,3.1970901489257812,3.197288990020752,0.00019884109497070312
63,9,160,3.4206526279449463,3.422785997390747,0.0021333694458007812
63,10,160,3.643929958343506,3.647033929824829,0.003103971481323242
63,11,160,3.2363121509552,3.23351788520813,-0.0027942657470703125
63,12,160,3.4860000610351562,3.4881975650787354,0.0021975040435791016
63,13,160,3.962362051010132,3.961500406265259,-0.0008616447448730469
63,14,160,3.8877689838409424,3.887831687927246,6.270408630371094e-05
63,15,160,3.709996223449707,3.709871292114258,-0.00012493133544921875
63,16,160,4.127080917358398,4.129720211029053,0.002639293670654297
63,17,160,3.7684454917907715,3.768310308456421,-0.00013518333435058594
63,18,160,3.180040121078491,3.180668830871582,0.0006287097930908203
63,19,160,2.7798354625701904,2.7768964767456055,-0.002938985824584961
64,0,160,3.6229443550109863,3.623769760131836,0.0008254051208496094
64,1,160,3.6805577278137207,3.684394121170044,0.003836393356323242
64,2,160,3.622722625732422,3.6232032775878906,0.00048065185546875
64,3,160,3.1498076915740967,3.1531617641448975,0.0033540725708007812
64,4,160,2.987194299697876,2.989870071411133,0.002675771713256836
64,5,160,3.5283496379852295,3.5254056453704834,-0.0029439926147460938
64,6,160,3.5020768642425537,3.503899097442627,0.0018222332000732422
64,7,160,3.5028178691864014,3.499274492263794,-0.003543376922607422
64,8,160,3.1970901489257812,3.1962103843688965,-0.0008797645568847656
64,9,160,3.4206526279449463,3.423928737640381,0.0032761096954345703
64,10,160,3.643929958343506,3.643186330795288,-0.0007436275482177734
64,11,160,3.2363121509552,3.233017921447754,-0.003294229507446289
64,12,160,3.4860000610351562,3.487917184829712,0.001917123794555664
64,13,160,3.962362051010132,3.9615676403045654,-0.0007944107055664062
64,14,160,3.8877689838409424,3.8907651901245117,0.002996206283569336
64,15,160,3.709996223449707,3.711066722869873,0.0010704994201660156
64,16,160,4.127080917358398,4.127458572387695,0.000377655029296875
64,17,160,3.7684454917907715,3.772596597671509,0.004151105880737305
64,18,160,3.180040121078491,3.185281276702881,0.0052411556243896484
64,19,160,2.7798354625701904,2.780404567718506,0.0005691051483154297
65,0,160,3.6229443550109863,3.6220059394836426,-0.00093841552734375
65,1,160,3.6805577278137207,3.676647901535034,-0.0039098262786865234
65,2,160,3.622722625732422,3.62092661857605,-0.0017960071563720703
65,3,160,3.1498076915740967,3.1499500274658203,0.0001423358917236328
65,4,160,2.987194299697876,2.9849777221679688,-0.0022165775299072266
65,5,160,3.5283496379852295,3.5283071994781494,-4.2438507080078125e-05
65,6,160,3.5020768642425537,3.500488042831421,-0.0015888214111328125
65,7,160,3.5028178691864014,3.5015408992767334,-0.0012769699096679688
65,8,160,3.1970901489257812,3.194715738296509,-0.002374410629272461
65,9,160,3.4206526279449463,3.4216325283050537,0.0009799003601074219
65,10,160,3.643929958343506,3.6421256065368652,-0.001804351806640625
65,11,160,3.2363121509552,3.233166456222534,-0.0031456947326660156
65,12,160,3.4860000610351562,3.485663414001465,-0.00033664703369140625
65,13,160,3.962362051010132,3.96325945854187,0.0008974075317382812
65,14,160,3.8877689838409424,3.8900816440582275,0.0023126602172851562
65,15,160,3.709996223449707,3.7078731060028076,-0.002123117446899414
65,16,160,4.127080917358398,4.129619121551514,0.0025382041931152344
65,17,160,3.7684454917907715,3.7718584537506104,0.003412961959838867
65,18,160,3.180040121078491,3.179013252258301,-0.0010268688201904297
65,19,160,2.7798354625701904,2.7803452014923096,0.0005097389221191406
66,0,160,3.6229443550109863,3.6238200664520264,0.0008757114410400391
66,1,160,3.6805577278137207,3.682593584060669,0.002035856246948242
66,2,160,3.622722625732422,3.625349760055542,0.002627134323120117
66,3,160,3.1498076915740967,3.148545265197754,-0.0012624263763427734
66,4,160,2.987194299697876,2.9856154918670654,-0.0015788078308105469
66,5,160,3.5283496379852295,3.529273271560669,0.0009236335754394531
66,6,160,3.5020768642425537,3.4996633529663086,-0.002413511276245117
66,7,160,3.5028178691864014,3.4993233680725098,-0.0034945011138916016
66,8,160,3.1970901489257812,3.1934337615966797,-0.0036563873291015625
66,9,160,3.4206526279449463,3.422659397125244,0.0020067691802978516
66,10,160,3.643929958343506,3.6437571048736572,-0.0001728534698486328
66,11,160,3.2363121509552,3.236482858657837,0.00017070770263671875
66,12,160,3.4860000610351562,3.48402738571167,-0.001972675323486328
66,13,160,3.962362051010132,3.9623637199401855,1.6689300537109375e-06
66,14,160,3.8877689838409424,3.887338399887085,-0.0004305839538574219
66,15,160,3.709996223449707,3.709996223449707,0.0
66,16,160,4.127080917358398,4.127573013305664,0.000492095947265625
66,17,160,3.7684454917907715,3.765439748764038,-0.0030057430267333984
66,18,160,3.180040121078491,3.179805040359497,-0.00023508071899414062
66,19,160,2.7798354625701904,2.779520273208618,-0.0003151893615722656
67,0,160,3.6229443550109863,3.6236393451690674,0.0006949901580810547
67,1,160,3.6805577278137207,3.680443048477173,-0.00011467933654785156
67,2,160,3.622722625732422,3.626560688018799,0.003838062286376953
67,3,160,3.1498076915740967,3.1499459743499756,0.00013828277587890625
67,4,160,2.987194299697876,2.9875071048736572,0.00031280517578125
67,5,160,3.5283496379852295,3.5274102687835693,-0.0009393692016601562
67,6,160,3.5020768642425537,3.504277229309082,0.0022003650665283203
67,7,160,3.5028178691864014,3.502988815307617,0.0001709461212158203
67,8,160,3.1970901489257812,3.198385238647461,0.0012950897216796875
67,9,160,3.4206526279449463,3.42073655128479,8.392333984375e-05
67,10,160,3.643929958343506,3.643301010131836,-0.0006289482116699219
67,11,160,3.2363121509552,3.235419988632202,-0.0008921623229980469
67,12,160,3.4860000610351562,3.488462209701538,0.002462148666381836
67,13,160,3.962362051010132,3.9626824855804443,0.0003204345703125
67,14,160,3.8877689838409424,3.8885531425476074,0.0007841587066650391
67,15,160,3.709996223449707,3.708515167236328,-0.0014810562133789062
67,16,160,4.127080917358398,4.1274003982543945,0.00031948089599609375
67,17,160,3.7684454917907715,3.767761468887329,-0.0006840229034423828
67,18,160,3.180040121078491,3.1828675270080566,0.0028274059295654297
67,19,160,2.7798354625701904,2.7819626331329346,0.0021271705627441406
68,0,160,3.6229443550109863,3.6232707500457764,0.00032639503479003906
68,1,160,3.6805577278137207,3.683549165725708,0.0029914379119873047
68,2,160,3.622722625732422,3.62351655960083,0.0007939338684082031
68,3,160,3.1498076915740967,3.1522204875946045,0.0024127960205078125
68,4,160,2.987194299697876,2.989515542984009,0.0023212432861328125
68,5,160,3.5283496379852295,3.5327093601226807,0.004359722137451172
68,6,160,3.5020768642425537,3.5030415058135986,0.0009646415710449219
68,7,160,3.5028178691864014,3.5012121200561523,-0.0016057491302490234
68,8,160,3.1970901489257812,3.2000672817230225,0.002977132797241211
68,9,160,3.4206526279449463,3.421116352081299,0.00046372413635253906
68,10,160,3.643929958343506,3.648343324661255,0.0044133663177490234
68,11,160,3.2363121509552,3.2358860969543457,-0.0004260540008544922
68,12,160,3.4860000610351562,3.4891061782836914,0.0031061172485351562
68,13,160,3.962362051010132,3.9638752937316895,0.0015132427215576172
68,14,160,3.8877689838409424,3.8877158164978027,-5.316734313964844e-05
68,15,160,3.709996223449707,3.708747386932373,-0.0012488365173339844
68,16,160,4.127080917358398,4.127058029174805,-2.288818359375e-05
68,17,160,3.7684454917907715,3.767395496368408,-0.0010499954223632812
68,18,160,3.180040121078491,3.1851935386657715,0.0051534175872802734
68,19,160,2.7798354625701904,2.7810020446777344,0.0011665821075439453
69,0,160,3.6229443550109863,3.6221373081207275,-0.0008070468902587891
69,1,160,3.6805577278137207,3.6834819316864014,0.002924203872680664
69,2,160,3.622722625732422,3.624300956726074,0.0015783309936523438
69,3,160,3.1498076915740967,3.148996353149414,-0.0008113384246826172
69,4,160,2.987194299697876,2.9874236583709717,0.00022935867309570312
69,5,160,3.5283496379852295,3.5290300846099854,0.0006804466247558594
69,6,160,3.5020768642425537,3.501971483230591,-0.00010538101196289062
69,7,160,3.5028178691864014,3.5031094551086426,0.00029158592224121094
69,8,160,3.1970901489257812,3.195891857147217,-0.0011982917785644531
69,9,160,3.4206526279449463,3.4190778732299805,-0.0015747547149658203
69,10,160,3.643929958343506,3.644449234008789,0.0005192756652832031
69,11,160,3.2363121509552,3.23241925239563,-0.0038928985595703125
69,12,160,3.4860000610351562,3.4882311820983887,0.002231121063232422
69,13,160,3.962362051010132,3.9627625942230225,0.000400543212890625
69,14,160,3.8877689838409424,3.886359691619873,-0.001409292221069336
69,15,160,3.709996223449707,3.7080771923065186,-0.0019190311431884766
69,16,160,4.127080917358398,4.12896728515625,0.0018863677978515625
69,17,160,3.7684454917907715,3.770601511001587,0.0021560192108154297
69,18,160,3.180040121078491,3.1800312995910645,-8.821487426757812e-06
69,19,160,2.7798354625701904,2.7832560539245605,0.003420591354370117
70,0,160,3.6229443550109863,3.6222167015075684,-0.0007276535034179688
70,1,160,3.6805577278137207,3.681136131286621,0.0005784034729003906
70,2,160,3.622722625732422,3.622978448867798,0.00025582313537597656
70,3,160,3.1498076915740967,3.1480233669281006,-0.0017843246459960938
70,4,160,2.987194299697876,2.9883086681365967,0.0011143684387207031
70,5,160,3.5283496379852295,3.5293385982513428,0.0009889602661132812
70,6,160,3.5020768642425537,3.5000576972961426,-0.002019166946411133
70,7,160,3.5028178691864014,3.499826192855835,-0.0029916763305664062
70,8,160,3.1970901489257812,3.1983463764190674,0.0012562274932861328
70,9,160,3.4206526279449463,3.4235832691192627,0.0029306411743164062
70,10,160,3.643929958343506,3.6432015895843506,-0.0007283687591552734
70,11,160,3.2363121509552,3.2355501651763916,-0.0007619857788085938
70,12,160,3.4860000610351562,3.488213539123535,0.0022134780883789062
70,13,160,3.962362051010132,3.9640159606933594,0.001653909683227539
70,14,160,3.8877689838409424,3.886353015899658,-0.0014159679412841797
70,15,160,3.709996223449707,3.7124428749084473,0.0024466514587402344
70,16,160,4.127080917358398,4.126462459564209,-0.0006184577941894531
70,17,160,3.7684454917907715,3.768094301223755,-0.00035119056701660156
70,18,160,3.180040121078491,3.1807944774627686,0.0007543563842773438
70,19,160,2.7798354625701904,2.7802302837371826,0.0003948211669921875
71,0,160,3.6229443550109863,3.6235971450805664,0.0006527900695800781
71,1,160,3.6805577278137207,3.683143377304077,0.0025856494903564453
71,2,160,3.622722625732422,3.6242170333862305,0.0014944076538085938
71,3,160,3.1498076915740967,3.1501030921936035,0.00029540061950683594
71,4,160,2.987194299697876,2.9885473251342773,0.0013530254364013672
71,5,160,3.5283496379852295,3.5289273262023926,0.0005776882171630859
71,6,160,3.5020768642425537,3.5040338039398193,0.001956939697265625
71,7,160,3.5028178691864014,3.5006041526794434,-0.002213716506958008
71,8,160,3.1970901489257812,3.1989121437072754,0.0018219947814941406
71,9,160,3.4206526279449463,3.4218971729278564,0.0012445449829101562
71,10,160,3.643929958343506,3.644284725189209,0.000354766845703125
71,11,160,3.2363121509552,3.2342965602874756,-0.0020155906677246094
71,12,160,3.4860000610351562,3.5059046745300293,0.019904613494873047
71,13,160,3.962362051010132,3.9603395462036133,-0.0020225048065185547
71,14,160,3.8877689838409424,3.888990640640259,0.0012216567993164062
71,15,160,3.709996223449707,3.7081432342529297,-0.0018529891967773438
71,16,160,4.127080917358398,4.1266889572143555,-0.00039196014404296875
71,17,160,3.7684454917907715,3.7711944580078125,0.0027489662170410156
71,18,160,3.180040121078491,3.1796369552612305,-0.0004031658172607422
71,19,160,2.7798354625701904,2.782149314880371,0.002313852310180664
72,0,160,3.6229443550109863,3.6245577335357666,0.0016133785247802734
72,1,160,3.6805577278137207,3.6856043338775635,0.0050466060638427734
72,2,160,3.622722625732422,3.628774642944336,0.0060520172119140625
72,3,160,3.1498076915740967,3.1456596851348877,-0.004148006439208984
72,4,160,2.987194299697876,2.9894967079162598,0.002302408218383789
72,5,160,3.5283496379852295,3.527312755584717,-0.0010368824005126953
72,6,160,3.5020768642425537,3.501156806945801,-0.0009200572967529297
72,7,160,3.5028178691864014,3.5037877559661865,0.0009698867797851562
72,8,160,3.1970901489257812,3.195490598678589,-0.0015995502471923828
72,9,160,3.4206526279449463,3.4180831909179688,-0.002569437026977539
72,10,160,3.643929958343506,3.6462244987487793,0.0022945404052734375
72,11,160,3.2363121509552,3.2384445667266846,0.002132415771484375
72,12,160,3.4860000610351562,3.485832929611206,-0.0001671314239501953
72,13,160,3.962362051010132,3.961989641189575,-0.0003724098205566406
72,14,160,3.8877689838409424,3.887760639190674,-8.344650268554688e-06
72,15,160,3.709996223449707,3.7099382877349854,-5.793571472167969e-05
72,16,160,4.127080917358398,4.1273512840271,0.0002703666687011719
72,17,160,3.7684454917907715,3.769646167755127,0.0012006759643554688
72,18,160,3.180040121078491,3.1803390979766846,0.0002989768981933594
72,19,160,2.7798354625701904,2.7796130180358887,-0.0002224445343017578
73,0,160,3.6229443550109863,3.623134136199951,0.00018978118896484375
73,1,160,3.6805577278137207,3.680899143218994,0.0003414154052734375
73,2,160,3.622722625732422,3.623969793319702,0.0012471675872802734
73,3,160,3.1498076915740967,3.149960994720459,0.0001533031463623047
73,4,160,2.987194299697876,2.985483169555664,-0.001711130142211914
73,5,160,3.5283496379852295,3.529247283935547,0.0008976459503173828
73,6,160,3.5020768642425537,3.500044822692871,-0.002032041549682617
73,7,160,3.5028178691864014,3.4995815753936768,-0.0032362937927246094
73,8,160,3.1970901489257812,3.198207139968872,0.0011169910430908203
73,9,160,3.4206526279449463,3.4202518463134766,-0.00040078163146972656
73,10,160,3.643929958343506,3.6456098556518555,0.0016798973083496094
73,11,160,3.2363121509552,3.234421491622925,-0.0018906593322753906
73,12,160,3.4860000610351562,3.4847028255462646,-0.0012972354888916016
73,13,160,3.962362051010132,3.963488817214966,0.0011267662048339844
73,14,160,3.8877689838409424,3.8881146907806396,0.0003457069396972656
73,15,160,3.709996223449707,3.7096962928771973,-0.0002999305725097656
73,16,160,4.127080917358398,4.12853479385376,0.0014538764953613281
73,17,160,3.7684454917907715,3.7661848068237305,-0.0022606849670410156
73,18,160,3.180040121078491,3.1795496940612793,-0.0004904270172119141
73,19,160,2.7798354625701904,2.778526782989502,-0.0013086795806884766
74,0,160,3.6229443550109863,3.6250782012939453,0.0021338462829589844
74,1,160,3.6805577278137207,3.682229995727539,0.0016722679138183594
74,2,160,3.622722625732422,3.6272504329681396,0.0045278072357177734
74,3,160,3.1498076915740967,3.1487488746643066,-0.001058816909790039
74,4,160,2.987194299697876,2.9902608394622803,0.003066539764404297
74,5,160,3.5283496379852295,3.5282366275787354,-0.00011301040649414062
74,6,160,3.5020768642425537,3.5015218257904053,-0.0005550384521484375
74,7,160,3.5028178691864014,3.499901533126831,-0.0029163360595703125
74,8,160,3.1970901489257812,3.1982617378234863,0.0011715888977050781
74,9,160,3.4206526279449463,3.4216649532318115,0.0010123252868652344
74,10,160,3.643929958343506,3.645627737045288,0.0016977787017822266
74,11,160,3.2363121509552,3.2368853092193604,0.0005731582641601562
74,12,160,3.4860000610351562,3.50533127784729,0.01933121681213379
74,13,160,3.962362051010132,3.96130633354187,-0.0010557174682617188
74,14,160,3.8877689838409424,3.8898873329162598,0.002118349075317383
74,15,160,3.709996223449707,3.7092247009277344,-0.0007715225219726562
74,16,160,4.127080917358398,4.128220081329346,0.0011391639709472656
74,17,160,3.7684454917907715,3.7680726051330566,-0.00037288665771484375
74,18,160,3.180040121078491,3.179490089416504,-0.0005500316619873047
74,19,160,2.7798354625701904,2.7776596546173096,-0.0021758079528808594
75,0,160,3.6229443550109863,3.622800827026367,-0.00014352798461914062
75,1,160,3.6805577278137207,3.68208646774292,0.0015287399291992188
75,2,160,3.622722625732422,3.623399257659912,0.0006766319274902344
75,3,160,3.1498076915740967,3.147040367126465,-0.002767324447631836
75,4,160,2.987194299697876,2.9870920181274414,-0.00010228157043457031
75,5,160,3.5283496379852295,3.5269153118133545,-0.001434326171875
75,6,160,3.5020768642425537,3.499938488006592,-0.002138376235961914
75,7,160,3.5028178691864014,3.501192092895508,-0.0016257762908935547
75,8,160,3.1970901489257812,3.1966800689697266,-0.0004100799560546875
75,9,160,3.4206526279449463,3.4215941429138184,0.0009415149688720703
75,10,160,3.643929958343506,3.647444009780884,0.0035140514373779297
75,11,160,3.2363121509552,3.2333765029907227,-0.002935647964477539
75,12,160,3.4860000610351562,3.4849801063537598,-0.0010199546813964844
75,13,160,3.962362051010132,3.962078332901001,-0.0002837181091308594
75,14,160,3.8877689838409424,3.8867287635803223,-0.0010402202606201172
75,15,160,3.709996223449707,3.710193157196045,0.00019693374633789062
75,16,160,4.127080917358398,4.128395080566406,0.0013141632080078125
75,17,160,3.7684454917907715,3.7751946449279785,0.006749153137207031
75,18,160,3.180040121078491,3.1792259216308594,-0.0008141994476318359
75,19,160,2.7798354625701904,2.7766358852386475,-0.0031995773315429688
76,0,160,3.6229443550109863,3.6223511695861816,-0.0005931854248046875
76,1,160,3.6805577278137207,3.679424524307251,-0.0011332035064697266
76,2,160,3.622722625732422,3.6204426288604736,-0.002279996871948242
76,3,160,3.1498076915740967,3.150146961212158,0.00033926963806152344
76,4,160,2.987194299697876,2.985060930252075,-0.0021333694458007812
76,5,160,3.5283496379852295,3.5289194583892822,0.0005698204040527344
76,6,160,3.5020768642425537,3.5044565200805664,0.0023796558380126953
76,7,160,3.5028178691864014,3.5028603076934814,4.2438507080078125e-05
76,8,160,3.1970901489257812,3.197071075439453,-1.9073486328125e-05
76,9,160,3.4206526279449463,3.420276165008545,-0.0003764629364013672
76,10,160,3.643929958343506,3.6447818279266357,0.0008518695831298828
76,11,160,3.2363121509552,3.238041400909424,0.0017292499542236328
76,12,160,3.4860000610351562,3.49845552444458,0.012455463409423828
76,13,160,3.962362051010132,3.9638190269470215,0.0014569759368896484
76,14,160,3.8877689838409424,3.8873462677001953,-0.0004227161407470703
76,15,160,3.709996223449707,3.7108798027038574,0.0008835792541503906
76,16,160,4.127080917358398,4.128733158111572,0.0016522407531738281
76,17,160,3.7684454917907715,3.7673401832580566,-0.0011053085327148438
76,18,160,3.180040121078491,3.180530071258545,0.0004899501800537109
76,19,160,2.7798354625701904,2.7776217460632324,-0.002213716506958008
77,0,160,3.6229443550109863,3.6210336685180664,-0.0019106864929199219
77,1,160,3.6805577278137207,3.6859688758850098,0.0054111480712890625
77,2,160,3.622722625732422,3.623892068862915,0.001169443130493164
77,3,160,3.1498076915740967,3.149623155593872,-0.00018453598022460938
77,4,160,2.987194299697876,2.988898277282715,0.0017039775848388672
77,5,160,3.5283496379852295,3.5297772884368896,0.0014276504516601562
77,6,160,3.5020768642425537,3.502561330795288,0.000484466552734375
77,7,160,3.5028178691864014,3.5031392574310303,0.00032138824462890625
77,8,160,3.1970901489257812,3.199643611907959,0.0025534629821777344
77,9,160,3.4206526279449463,3.4210424423217773,0.0003898143768310547
77,10,160,3.643929958343506,3.643587112426758,-0.0003428459167480469
77,11,160,3.2363121509552,3.237487316131592,0.0011751651763916016
77,12,160,3.4860000610351562,3.485302209854126,-0.0006978511810302734
77,13,160,3.962362051010132,3.963534355163574,0.0011723041534423828
77,14,160,3.8877689838409424,3.888119697570801,0.00035071372985839844
77,15,160,3.709996223449707,3.71134352684021,0.0013473033905029297
77,16,160,4.127080917358398,4.129358768463135,0.002277851104736328
77,17,160,3.7684454917907715,3.766242504119873,-0.0022029876708984375
77,18,160,3.180040121078491,3.178455114364624,-0.0015850067138671875
77,19,160,2.7798354625701904,2.776883125305176,-0.0029523372650146484
78,0,160,3.6229443550109863,3.6246581077575684,0.0017137527465820312
78,1,160,3.6805577278137207,3.6820902824401855,0.0015325546264648438
78,2,160,3.622722625732422,3.6256461143493652,0.0029234886169433594
78,3,160,3.1498076915740967,3.154790163040161,0.004982471466064453
78,4,160,2.987194299697876,2.988410234451294,0.0012159347534179688
78,5,160,3.5283496379852295,3.5316555500030518,0.0033059120178222656
78,6,160,3.5020768642425537,3.5017318725585938,-0.00034499168395996094
78,7,160,3.5028178691864014,3.5026707649230957,-0.00014710426330566406
78,8,160,3.1970901489257812,3.1993536949157715,0.0022635459899902344
78,9,160,3.4206526279449463,3.4204020500183105,-0.0002505779266357422
78,10,160,3.643929958343506,3.646819829940796,0.002889871597290039
78,11,160,3.2363121509552,3.2363226413726807,1.049041748046875e-05
78,12,160,3.4860000610351562,3.4836089611053467,-0.0023910999298095703
78,13,160,3.962362051010132,3.9604978561401367,-0.0018641948699951172
78,14,160,3.8877689838409424,3.8878026008605957,3.361701965332031e-05
78,15,160,3.709996223449707,3.707278251647949,-0.0027179718017578125
78,16,160,4.127080917358398,4.128321170806885,0.0012402534484863281
78,17,160,3.7684454917907715,3.764026403427124,-0.004419088363647461
78,18,160,3.180040121078491,3.180267810821533,0.0002276897430419922
78,19,160,2.7798354625701904,2.778320550918579,-0.0015149116516113281
79,0,160,3.6229443550109863,3.6212806701660156,-0.0016636848449707031
79,1,160,3.6805577278137207,3.677922010421753,-0.0026357173919677734
79,2,160,3.622722625732422,3.625610113143921,0.0028874874114990234
79,3,160,3.1498076915740967,3.1508562564849854,0.0010485649108886719
79,4,160,2.987194299697876,2.9896602630615234,0.002465963363647461
79,5,160,3.5283496379852295,3.5274574756622314,-0.0008921623229980469
79,6,160,3.5020768642425537,3.5052993297576904,0.0032224655151367188
79,7,160,3.5028178691864014,3.500006675720215,-0.0028111934661865234
79,8,160,3.1970901489257812,3.197232723236084,0.00014257431030273438
79,9,160,3.4206526279449463,3.4196317195892334,-0.0010209083557128906
79,10,160,3.643929958343506,3.6462817192077637,0.0023517608642578125
79,11,160,3.2363121509552,3.23557710647583,-0.0007350444793701172
79,12,160,3.4860000610351562,3.4838829040527344,-0.002117156982421875
79,13,160,3.962362051010132,3.961975336074829,-0.0003867149353027344
79,14,160,3.8877689838409424,3.886650800704956,-0.0011181831359863281
79,15,160,3.709996223449707,3.712526798248291,0.0025305747985839844
79,16,160,4.127080917358398,4.1288533210754395,0.0017724037170410156
79,17,160,3.7684454917907715,3.768388032913208,-5.745887756347656e-05
79,18,160,3.180040121078491,3.175776481628418,-0.004263639450073242
79,19,160,2.7798354625701904,2.7774360179901123,-0.002399444580078125
80,0,160,3.6229443550109863,3.618818521499634,-0.004125833511352539
80,1,160,3.6805577278137207,3.679982900619507,-0.0005748271942138672
80,2,160,3.622722625732422,3.625765800476074,0.0030431747436523438
80,3,160,3.1498076915740967,3.151467800140381,0.0016601085662841797
80,4,160,2.987194299697876,2.9873881340026855,0.0001938343048095703
80,5,160,3.5283496379852295,3.528085947036743,-0.0002636909484863281
80,6,160,3.5020768642425537,3.5011818408966064,-0.0008950233459472656
80,7,160,3.5028178691864014,3.5023131370544434,-0.0005047321319580078
80,8,160,3.1970901489257812,3.1985907554626465,0.0015006065368652344
80,9,160,3.4206526279449463,3.4181935787200928,-0.0024590492248535156
80,10,160,3.643929958343506,3.6457085609436035,0.0017786026000976562
80,11,160,3.2363121509552,3.2334818840026855,-0.0028302669525146484
80,12,160,3.4860000610351562,3.488677740097046,0.0026776790618896484
80,13,160,3.962362051010132,3.960442066192627,-0.0019199848175048828
80,14,160,3.8877689838409424,3.892030954360962,0.004261970520019531
80,15,160,3.709996223449707,3.713088035583496,0.0030918121337890625
80,16,160,4.127080917358398,4.1263532638549805,-0.0007276535034179688
80,17,160,3.7684454917907715,3.767357349395752,-0.0010881423950195312
80,18,160,3.180040121078491,3.181936025619507,0.001895904541015625
80,19,160,2.7798354625701904,2.7787013053894043,-0.0011341571807861328
81,0,160,3.6229443550109863,3.623687982559204,0.0007436275482177734
81,1,160,3.6805577278137207,3.6855690479278564,0.005011320114135742
81,2,160,3.622722625732422,3.626673460006714,0.003950834274291992
81,3,160,3.1498076915740967,3.147239923477173,-0.002567768096923828
81,4,160,2.987194299697876,2.989697217941284,0.002502918243408203
81,5,160,3.5283496379852295,3.528400421142578,5.078315734863281e-05
81,6,160,3.5020768642425537,3.5039682388305664,0.0018913745880126953
81,7,160,3.5028178691864014,3.5018997192382812,-0.0009181499481201172
81,8,160,3.1970901489257812,3.1949284076690674,-0.002161741256713867
81,9,160,3.4206526279449463,3.422870397567749,0.0022177696228027344
81,10,160,3.643929958343506,3.6438300609588623,-9.989738464355469e-05
81,11,160,3.2363121509552,3.237734794616699,0.0014226436614990234
81,12,160,3.4860000610351562,3.4869213104248047,0.0009212493896484375
81,13,160,3.962362051010132,3.959587335586548,-0.0027747154235839844
81,14,160,3.8877689838409424,3.887606382369995,-0.00016260147094726562
81,15,160,3.709996223449707,3.711212635040283,0.0012164115905761719
81,16,160,4.127080917358398,4.127861022949219,0.0007801055908203125
81,17,160,3.7684454917907715,3.76831316947937,-0.0001323223114013672
81,18,160,3.180040121078491,3.178295850753784,-0.0017442703247070312
81,19,160,2.7798354625701904,2.7815451622009277,0.0017096996307373047
82,0,160,3.6229443550109863,3.62345814704895,0.0005137920379638672
82,1,160,3.6805577278137207,3.6801741123199463,-0.00038361549377441406
82,2,160,3.622722625732422,3.6242430210113525,0.001520395278930664
82,3,160,3.1498076915740967,3.1511003971099854,0.0012927055358886719
82,4,160,2.987194299697876,2.9863572120666504,-0.0008370876312255859
82,5,160,3.5283496379852295,3.528597116470337,0.0002474784851074219
82,6,160,3.5020768642425537,3.5003151893615723,-0.0017616748809814453
82,7,160,3.5028178691864014,3.5008621215820312,-0.001955747604370117
82,8,160,3.1970901489257812,3.196573495864868,-0.0005166530609130859
82,9,160,3.4206526279449463,3.419783353805542,-0.0008692741394042969
82,10,160,3.643929958343506,3.6444449424743652,0.000514984130859375
82,11,160,3.2363121509552,3.2377660274505615,0.0014538764953613281
82,12,160,3.4860000610351562,3.487250328063965,0.0012502670288085938
82,13,160,3.962362051010132,3.9653282165527344,0.002966165542602539
82,14,160,3.8877689838409424,3.8867030143737793,-0.001065969467163086
82,15,160,3.709996223449707,3.7105607986450195,0.0005645751953125
82,16,160,4.127080917358398,4.124927043914795,-0.0021538734436035156
82,17,160,3.7684454917907715,3.7699759006500244,0.0015304088592529297
82,18,160,3.180040121078491,3.178051710128784,-0.0019884109497070312
82,19,160,2.7798354625701904,2.778517007827759,-0.0013184547424316406
83,0,160,3.6229443550109863,3.623368501663208,0.0004241466522216797
83,1,160,3.6805577278137207,3.682898759841919,0.002341032028198242
83,2,160,3.622722625732422,3.6261165142059326,0.003393888473510742
83,3,160,3.1498076915740967,3.1495296955108643,-0.0002779960632324219
83,4,160,2.987194299697876,2.9861154556274414,-0.0010788440704345703
83,5,160,3.5283496379852295,3.529876708984375,0.0015270709991455078
83,6,160,3.5020768642425537,3.502915143966675,0.0008382797241210938
83,7,160,3.5028178691864014,3.5062339305877686,0.0034160614013671875
83,8,160,3.1970901489257812,3.1991801261901855,0.002089977264404297
83,9,160,3.4206526279449463,3.4203548431396484,-0.00029778480529785156
83,10,160,3.643929958343506,3.6447525024414062,0.0008225440979003906
83,11,160,3.2363121509552,3.239349603652954,0.0030374526977539062
83,12,160,3.4860000610351562,3.4843313694000244,-0.001668691635131836
83,13,160,3.962362051010132,3.965376377105713,0.0030143260955810547
83,14,160,3.8877689838409424,3.8868889808654785,-0.0008800029754638672
83,15,160,3.709996223449707,3.7096810340881348,-0.0003151893615722656
83,16,160,4.127080917358398,4.127811431884766,0.0007305145263671875
83,17,160,3.7684454917907715,3.770589590072632,0.0021440982818603516
83,18,160,3.180040121078491,3.1808855533599854,0.0008454322814941406
83,19,160,2.7798354625701904,2.7770957946777344,-0.0027396678924560547
84,0,160,3.6229443550109863,3.6252288818359375,0.002284526824951172
84,1,160,3.6805577278137207,3.680816173553467,0.00025844573974609375
84,2,160,3.622722625732422,3.6263227462768555,0.0036001205444335938
84,3,160,3.1498076915740967,3.1526072025299072,0.002799510955810547
84,4,160,2.987194299697876,2.989217519760132,0.0020232200622558594
84,5,160,3.5283496379852295,3.530961751937866,0.0026121139526367188
84,6,160,3.5020768642425537,3.505674362182617,0.0035974979400634766
84,7,160,3.5028178691864014,3.503174304962158,0.00035643577575683594
84,8,160,3.1970901489257812,3.200579881668091,0.0034897327423095703
84,9,160,3.4206526279449463,3.4236414432525635,0.0029888153076171875
84,10,160,3.643929958343506,3.646583318710327,0.002653360366821289
84,11,160,3.2363121509552,3.2380712032318115,0.0017590522766113281
84,12,160,3.4860000610351562,3.485175371170044,-0.0008246898651123047
84,13,160,3.962362051010132,3.9626803398132324,0.00031828880310058594
84,14,160,3.8877689838409424,3.887171506881714,-0.0005974769592285156
84,15,160,3.709996223449707,3.7088823318481445,-0.0011138916015625
84,16,160,4.127080917358398,4.128625392913818,0.0015444755554199219
84,17,160,3.7684454917907715,3.770146608352661,0.0017011165618896484
84,18,160,3.180040121078491,3.178945779800415,-0.0010943412780761719
84,19,160,2.7798354625701904,2.77740216255188,-0.002433300018310547
85,0,160,3.6229443550109863,3.6186347007751465,-0.004309654235839844
85,1,160,3.6805577278137207,3.6808698177337646,0.0003120899200439453
85,2,160,3.622722625732422,3.6190409660339355,-0.003681659698486328
85,3,160,3.1498076915740967,3.1473453044891357,-0.0024623870849609375
85,4,160,2.987194299697876,2.9852278232574463,-0.0019664764404296875
85,5,160,3.5283496379852295,3.5254437923431396,-0.0029058456420898438
85,6,160,3.5020768642425537,3.501128673553467,-0.0009481906890869141
85,7,160,3.5028178691864014,3.4988749027252197,-0.003942966461181641
85,8,160,3.1970901489257812,3.1943717002868652,-0.0027184486389160156
85,9,160,3.4206526279449463,3.420635938644409,-1.6689300537109375e-05
85,10,160,3.643929958343506,3.646009683609009,0.0020797252655029297
85,11,160,3.2363121509552,3.235049247741699,-0.0012629032135009766
85,12,160,3.4860000610351562,3.4868836402893066,0.0008835792541503906
85,13,160,3.962362051010132,3.962204933166504,-0.0001571178436279297
85,14,160,3.8877689838409424,3.888814926147461,0.0010459423065185547
85,15,160,3.709996223449707,3.7102608680725098,0.0002646446228027344
85,16,160,4.127080917358398,4.1287078857421875,0.0016269683837890625
85,17,160,3.7684454917907715,3.768247365951538,-0.00019812583923339844
85,18,160,3.180040121078491,3.1800217628479004,-1.8358230590820312e-05
85,19,160,2.7798354625701904,2.778585195541382,-0.0012502670288085938
86,0,160,3.6229443550109863,3.624457359313965,0.0015130043029785156
86,1,160,3.6805577278137207,3.6812691688537598,0.0007114410400390625
86,2,160,3.622722625732422,3.624042272567749,0.0013196468353271484
86,3,160,3.1498076915740967,3.146683692932129,-0.0031239986419677734
86,4,160,2.987194299697876,2.98821759223938,0.0010232925415039062
86,5,160,3.5283496379852295,3.528844118118286,0.0004944801330566406
86,6,160,3.5020768642425537,3.500530958175659,-0.0015459060668945312
86,7,160,3.5028178691864014,3.5013227462768555,-0.0014951229095458984
86,8,160,3.1970901489257812,3.1949172019958496,-0.0021729469299316406
86,9,160,3.4206526279449463,3.4194982051849365,-0.0011544227600097656
86,10,160,3.643929958343506,3.6453256607055664,0.0013957023620605469
86,11,160,3.2363121509552,3.23947811126709,0.0031659603118896484
86,12,160,3.4860000610351562,3.496885061264038,0.010885000228881836
86,13,160,3.962362051010132,3.963545083999634,0.0011830329895019531
86,14,160,3.8877689838409424,3.887580633163452,-0.00018835067749023438
86,15,160,3.709996223449707,3.7102601528167725,0.0002639293670654297
86,16,160,4.127080917358398,4.126490592956543,-0.0005903244018554688
86,17,160,3.7684454917907715,3.7669382095336914,-0.0015072822570800781
86,18,160,3.180040121078491,3.1780483722686768,-0.001991748809814453
86,19,160,2.7798354625701904,2.778203010559082,-0.0016324520111083984
87,0,160,3.6229443550109863,3.623934268951416,0.0009899139404296875
87,1,160,3.6805577278137207,3.6812047958374023,0.0006470680236816406
87,2,160,3.622722625732422,3.6314733028411865,0.008750677108764648
87,3,160,3.1498076915740967,3.1523032188415527,0.0024955272674560547
87,4,160,2.987194299697876,2.9932913780212402,0.006097078323364258
87,5,160,3.5283496379852295,3.532212734222412,0.003863096237182617
87,6,160,3.5020768642425537,3.5010128021240234,-0.0010640621185302734
87,7,160,3.5028178691864014,3.50443434715271,0.0016164779663085938
87,8,160,3.1970901489257812,3.1976206302642822,0.0005304813385009766
87,9,160,3.4206526279449463,3.4229161739349365,0.0022635459899902344
87,10,160,3.643929958343506,3.646406412124634,0.0024764537811279297
87,11,160,3.2363121509552,3.239030599594116,0.0027184486389160156
87,12,160,3.4860000610351562,3.488306760787964,0.002306699752807617
87,13,160,3.962362051010132,3.9626142978668213,0.0002522468566894531
87,14,160,3.8877689838409424,3.8865606784820557,-0.0012083053588867188
87,15,160,3.709996223449707,3.7110748291015625,0.0010786056518554688
87,16,160,4.127080917358398,4.128014087677002,0.0009331703186035156
87,17,160,3.7684454917907715,3.7686588764190674,0.00021338462829589844
87,18,160,3.180040121078491,3.1760900020599365,-0.0039501190185546875
87,19,160,2.7798354625701904,2.7753069400787354,-0.004528522491455078
88,0,160,3.6229443550109863,3.6253507137298584,0.0024063587188720703
88,1,160,3.6805577278137207,3.6830334663391113,0.002475738525390625
88,2,160,3.622722625732422,3.624635934829712,0.001913309097290039
88,3,160,3.1498076915740967,3.148131847381592,-0.0016758441925048828
88,4,160,2.987194299697876,2.9929704666137695,0.005776166915893555
88,5,160,3.5283496379852295,3.531759738922119,0.0034101009368896484
88,6,160,3.5020768642425537,3.5021157264709473,3.886222839355469e-05
88,7,160,3.5028178691864014,3.505307197570801,0.002489328384399414
88,8,160,3.1970901489257812,3.1959805488586426,-0.0011096000671386719
88,9,160,3.4206526279449463,3.424236297607422,0.003583669662475586
88,10,160,3.643929958343506,3.643369197845459,-0.000560760498046875
88,11,160,3.2363121509552,3.236109495162964,-0.00020265579223632812
88,12,160,3.4860000610351562,3.486954689025879,0.0009546279907226562
88,13,160,3.962362051010132,3.960108518600464,-0.0022535324096679688
88,14,160,3.8877689838409424,3.8893563747406006,0.0015873908996582031
88,15,160,3.709996223449707,3.7110795974731445,0.0010833740234375
88,16,160,4.127080917358398,4.127915859222412,0.0008349418640136719
88,17,160,3.7684454917907715,3.768894910812378,0.0004494190216064453
88,18,160,3.180040121078491,3.1782021522521973,-0.0018379688262939453
88,19,160,2.7798354625701904,2.777141571044922,-0.0026938915252685547
89,0,160,3.6229443550109863,3.6218297481536865,-0.0011146068572998047
89,1,160,3.6805577278137207,3.6819822788238525,0.001424551010131836
89,2,160,3.622722625732422,3.6222338676452637,-0.0004887580871582031
89,3,160,3.1498076915740967,3.148447275161743,-0.0013604164123535156
89,4,160,2.987194299697876,2.9877521991729736,0.0005578994750976562
89,5,160,3.5283496379852295,3.5276288986206055,-0.0007207393646240234
89,6,160,3.5020768642425537,3.498981237411499,-0.0030956268310546875
89,7,160,3.5028178691864014,3.4992644786834717,-0.0035533905029296875
89,8,160,3.1970901489257812,3.1960630416870117,-0.0010271072387695312
89,9,160,3.4206526279449463,3.4188950061798096,-0.0017576217651367188
89,10,160,3.643929958343506,3.6471455097198486,0.0032155513763427734
89,11,160,3.2363121509552,3.235874891281128,-0.0004372596740722656
89,12,160,3.4860000610351562,3.4853782653808594,-0.000621795654296875
89,13,160,3.962362051010132,3.9605236053466797,-0.0018384456634521484
89,14,160,3.8877689838409424,3.8885583877563477,0.0007894039154052734
89,15,160,3.709996223449707,3.7088406085968018,-0.0011556148529052734
89,16,160,4.127080917358398,4.128192901611328,0.0011119842529296875
89,17,160,3.7684454917907715,3.7683329582214355,-0.0001125335693359375
89,18,160,3.180040121078491,3.179387092590332,-0.0006530284881591797
89,19,160,2.7798354625701904,2.784029483795166,0.004194021224975586
90,0,160,3.6229443550109863,3.623685836791992,0.0007414817810058594
90,1,160,3.6805577278137207,3.681194543838501,0.0006368160247802734
90,2,160,3.622722625732422,3.6229851245880127,0.0002624988555908203
90,3,160,3.1498076915740967,3.148797035217285,-0.0010106563568115234
90,4,160,2.987194299697876,2.9872822761535645,8.797645568847656e-05
90,5,160,3.5283496379852295,3.526897668838501,-0.0014519691467285156
90,6,160,3.5020768642425537,3.501631259918213,-0.0004456043243408203
90,7,160,3.5028178691864014,3.500464916229248,-0.0023529529571533203
90,8,160,3.1970901489257812,3.1955196857452393,-0.0015704631805419922
90,9,160,3.4206526279449463,3.4200305938720703,-0.0006220340728759766
90,10,160,3.643929958343506,3.6432807445526123,-0.0006492137908935547
90,11,160,3.2363121509552,3.235717535018921,-0.0005946159362792969
90,12,160,3.4860000610351562,3.486806631088257,0.0008065700531005859
90,13,160,3.962362051010132,3.9613733291625977,-0.0009887218475341797
90,14,160,3.8877689838409424,3.8881709575653076,0.0004019737243652344
90,15,160,3.709996223449707,3.7100751399993896,7.891654968261719e-05
90,16,160,4.127080917358398,4.130021572113037,0.002940654754638672
90,17,160,3.7684454917907715,3.770904302597046,0.002458810806274414
90,18,160,3.180040121078491,3.178865671157837,-0.0011744499206542969
90,19,160,2.7798354625701904,2.780200719833374,0.00036525726318359375
91,0,160,3.6229443550109863,3.6255111694335938,0.002566814422607422
91,1,160,3.6805577278137207,3.6811068058013916,0.0005490779876708984
91,2,160,3.622722625732422,3.6230132579803467,0.0002906322479248047
91,3,160,3.1498076915740967,3.148590087890625,-0.0012176036834716797
91,4,160,2.987194299697876,2.990933418273926,0.0037391185760498047
91,5,160,3.5283496379852295,3.5303032398223877,0.001953601837158203
91,6,160,3.5020768642425537,3.4917385578155518,-0.010338306427001953
91,7,160,3.5028178691864014,3.500823736190796,-0.0019941329956054688
91,8,160,3.1970901489257812,3.198540687561035,0.0014505386352539062
91,9,160,3.4206526279449463,3.4194717407226562,-0.001180887222290039
91,10,160,3.643929958343506,3.6454007625579834,0.001470804214477539
91,11,160,3.2363121509552,3.242194175720215,0.0058820247650146484
91,12,160,3.4860000610351562,3.4890434741973877,0.0030434131622314453
91,13,160,3.962362051010132,3.9626216888427734,0.00025963783264160156
91,14,160,3.8877689838409424,3.8877017498016357,-6.723403930664062e-05
91,15,160,3.709996223449707,3.7102129459381104,0.0002167224884033203
91,16,160,4.127080917358398,4.126518249511719,-0.0005626678466796875
91,17,160,3.7684454917907715,3.7686662673950195,0.00022077560424804688
91,18,160,3.180040121078491,3.1779277324676514,-0.0021123886108398438
91,19,160,2.7798354625701904,2.7769277095794678,-0.0029077529907226562
92,0,160,3.6229443550109863,3.621617317199707,-0.0013270378112792969
92,1,160,3.6805577278137207,3.68192720413208,0.001369476318359375
92,2,160,3.622722625732422,3.6221487522125244,-0.0005738735198974609
92,3,160,3.1498076915740967,3.150074005126953,0.0002663135528564453
92,4,160,2.987194299697876,2.985459327697754,-0.0017349720001220703
92,5,160,3.5283496379852295,3.5286178588867188,0.0002682209014892578
92,6,160,3.5020768642425537,3.4976770877838135,-0.004399776458740234
92,7,160,3.5028178691864014,3.502558708190918,-0.00025916099548339844
92,8,160,3.1970901489257812,3.196894884109497,-0.0001952648162841797
92,9,160,3.4206526279449463,3.423584461212158,0.002931833267211914
92,10,160,3.643929958343506,3.645298480987549,0.0013685226440429688
92,11,160,3.2363121509552,3.233030319213867,-0.003281831741333008
92,12,160,3.4860000610351562,3.4856953620910645,-0.0003046989440917969
92,13,160,3.962362051010132,3.9622642993927,-9.775161743164062e-05
92,14,160,3.8877689838409424,3.887242555618286,-0.00052642822265625
92,15,160,3.709996223449707,3.7098402976989746,-0.00015592575073242188
92,16,160,4.127080917358398,4.127099990844727,1.9073486328125e-05
92,17,160,3.7684454917907715,3.7733895778656006,0.0049440860748291016
92,18,160,3.180040121078491,3.176445484161377,-0.003594636917114258
92,19,160,2.7798354625701904,2.7752113342285156,-0.004624128341674805
93,0,160,3.6229443550109863,3.623448610305786,0.0005042552947998047
93,1,160,3.6805577278137207,3.68180251121521,0.0012447834014892578
93,2,160,3.622722625732422,3.624601125717163,0.001878499984741211
93,3,160,3.1498076915740967,3.1519253253936768,0.002117633819580078
93,4,160,2.987194299697876,2.986295461654663,-0.0008988380432128906
93,5,160,3.5283496379852295,3.5284104347229004,6.079673767089844e-05
93,6,160,3.5020768642425537,3.4991559982299805,-0.002920866012573242
93,7,160,3.5028178691864014,3.5023200511932373,-0.0004978179931640625
93,8,160,3.1970901489257812,3.1953954696655273,-0.0016946792602539062
93,9,160,3.4206526279449463,3.421978712081909,0.0013260841369628906
93,10,160,3.643929958343506,3.6449830532073975,0.0010530948638916016
93,11,160,3.2363121509552,3.237504720687866,0.0011925697326660156
93,12,160,3.4860000610351562,3.4869167804718018,0.0009167194366455078
93,13,160,3.962362051010132,3.9604151248931885,-0.0019469261169433594
93,14,160,3.8877689838409424,3.8860561847686768,-0.001712799072265625
93,15,160,3.709996223449707,3.7108066082000732,0.0008103847503662109
93,16,160,4.127080917358398,4.129530906677246,0.0024499893188476562
93,17,160,3.7684454917907715,3.7695987224578857,0.0011532306671142578
93,18,160,3.180040121078491,3.178849458694458,-0.0011906623840332031
93,19,160,2.7798354625701904,2.7762458324432373,-0.003589630126953125
94,0,160,3.6229443550109863,3.621840715408325,-0.0011036396026611328
94,1,160,3.6805577278137207,3.6819846630096436,0.0014269351959228516
94,2,160,3.622722625732422,3.620731830596924,-0.001990795135498047
94,3,160,3.1498076915740967,3.1480181217193604,-0.0017895698547363281
94,4,160,2.987194299697876,2.9844892024993896,-0.002705097198486328
94,5,160,3.5283496379852295,3.5266427993774414,-0.001706838607788086
94,6,160,3.5020768642425537,3.4971673488616943,-0.004909515380859375
94,7,160,3.5028178691864014,3.501495599746704,-0.0013222694396972656
94,8,160,3.1970901489257812,3.1964588165283203,-0.0006313323974609375
94,9,160,3.4206526279449463,3.4193599224090576,-0.0012927055358886719
94,10,160,3.643929958343506,3.644956350326538,0.0010263919830322266
94,11,160,3.2363121509552,3.2351410388946533,-0.001171112060546875
94,12,160,3.4860000610351562,3.486233711242676,0.00023365020751953125
94,13,160,3.962362051010132,3.9612250328063965,-0.0011370182037353516
94,14,160,3.8877689838409424,3.8863141536712646,-0.0014548301696777344
94,15,160,3.709996223449707,3.7090024948120117,-0.0009937286376953125
94,16,160,4.127080917358398,4.128260612487793,0.0011796951293945312
94,17,160,3.7684454917907715,3.7686471939086914,0.00020170211791992188
94,18,160,3.180040121078491,3.178560495376587,-0.0014796257019042969
94,19,160,2.7798354625701904,2.7768619060516357,-0.0029735565185546875
95,0,160,3.6229443550109863,3.6243560314178467,0.0014116764068603516
95,1,160,3.6805577278137207,3.6823248863220215,0.0017671585083007812
95,2,160,3.622722625732422,3.6234140396118164,0.0006914138793945312
95,3,160,3.1498076915740967,3.1471214294433594,-0.0026862621307373047
95,4,160,2.987194299697876,2.983339309692383,-0.003854990005493164
95,5,160,3.5283496379852295,3.5263617038726807,-0.001987934112548828
95,6,160,3.5020768642425537,3.5025079250335693,0.000431060791015625
95,7,160,3.5028178691864014,3.4989590644836426,-0.003858804702758789
95,8,160,3.1970901489257812,3.196622610092163,-0.00046753883361816406
95,9,160,3.4206526279449463,3.4224278926849365,0.0017752647399902344
95,10,160,3.643929958343506,3.6473538875579834,0.003423929214477539
95,11,160,3.2363121509552,3.234159231185913,-0.0021529197692871094
95,12,160,3.4860000610351562,3.485016107559204,-0.0009839534759521484
95,13,160,3.962362051010132,3.962214946746826,-0.00014710426330566406
95,14,160,3.8877689838409424,3.886367082595825,-0.0014019012451171875
95,15,160,3.709996223449707,3.7101423740386963,0.0001461505889892578
95,16,160,4.127080917358398,4.13331413269043,0.00623321533203125
95,17,160,3.7684454917907715,3.767270803451538,-0.0011746883392333984
95,18,160,3.180040121078491,3.1805286407470703,0.0004885196685791016
95,19,160,2.7798354625701904,2.780240535736084,0.0004050731658935547
96,0,160,3.6229443550109863,3.6230075359344482,6.318092346191406e-05
96,1,160,3.6805577278137207,3.682750701904297,0.002192974090576172
96,2,160,3.622722625732422,3.625896692276001,0.0031740665435791016
96,3,160,3.1498076915740967,3.146988868713379,-0.0028188228607177734
96,4,160,2.987194299697876,2.9855384826660156,-0.0016558170318603516
96,5,160,3.5283496379852295,3.5286710262298584,0.00032138824462890625
96,6,160,3.5020768642425537,3.5036356449127197,0.0015587806701660156
96,7,160,3.5028178691864014,3.5041589736938477,0.001341104507446289
96,8,160,3.1970901489257812,3.1977131366729736,0.0006229877471923828
96,9,160,3.4206526279449463,3.419219970703125,-0.001432657241821289
96,10,160,3.643929958343506,3.646665334701538,0.0027353763580322266
96,11,160,3.2363121509552,3.23280668258667,-0.0035054683685302734
96,12,160,3.4860000610351562,3.485541582107544,-0.0004584789276123047
96,13,160,3.962362051010132,3.9664857387542725,0.004123687744140625
96,14,160,3.8877689838409424,3.888423204421997,0.0006542205810546875
96,15,160,3.709996223449707,3.7109436988830566,0.0009474754333496094
96,16,160,4.127080917358398,4.131012439727783,0.003931522369384766
96,17,160,3.7684454917907715,3.7710514068603516,0.002605915069580078
96,18,160,3.180040121078491,3.1800436973571777,3.5762786865234375e-06
96,19,160,2.7798354625701904,2.7781660556793213,-0.0016694068908691406
97,0,160,3.6229443550109863,3.621084451675415,-0.001859903335571289
97,1,160,3.6805577278137207,3.677964448928833,-0.0025932788848876953
97,2,160,3.622722625732422,3.6244430541992188,0.001720428466796875
97,3,160,3.1498076915740967,3.1519668102264404,0.00215911865234375
97,4,160,2.987194299697876,2.988537549972534,0.0013432502746582031
97,5,160,3.5283496379852295,3.5281057357788086,-0.00024390220642089844
97,6,160,3.5020768642425537,3.503570079803467,0.001493215560913086
97,7,160,3.5028178691864014,3.503739595413208,0.0009217262268066406
97,8,160,3.1970901489257812,3.1981935501098633,0.0011034011840820312
97,9,160,3.4206526279449463,3.4222326278686523,0.0015799999237060547
97,10,160,3.643929958343506,3.6486458778381348,0.004715919494628906
97,11,160,3.2363121509552,3.2331182956695557,-0.0031938552856445312
97,12,160,3.4860000610351562,3.4868338108062744,0.0008337497711181641
97,13,160,3.962362051010132,3.964709758758545,0.002347707748413086
97,14,160,3.8877689838409424,3.889033317565918,0.001264333724975586
97,15,160,3.709996223449707,3.7107322216033936,0.0007359981536865234
97,16,160,4.127080917358398,4.128904342651367,0.00182342529296875
97,17,160,3.7684454917907715,3.7695071697235107,0.0010616779327392578
97,18,160,3.180040121078491,3.1786062717437744,-0.0014338493347167969
97,19,160,2.7798354625701904,2.7794785499572754,-0.00035691261291503906
98,0,160,3.6229443550109863,3.6244661808013916,0.0015218257904052734
98,1,160,3.6805577278137207,3.6816494464874268,0.0010917186737060547
98,2,160,3.622722625732422,3.624811887741089,0.002089262008666992
98,3,160,3.1498076915740967,3.1520144939422607,0.0022068023681640625
98,4,160,2.987194299697876,2.987541913986206,0.0003476142883300781
98,5,160,3.5283496379852295,3.5311481952667236,0.0027985572814941406
98,6,160,3.5020768642425537,3.5027124881744385,0.0006356239318847656
98,7,160,3.5028178691864014,3.5002782344818115,-0.0025396347045898438
98,8,160,3.1970901489257812,3.1957342624664307,-0.001355886459350586
98,9,160,3.4206526279449463,3.42283034324646,0.002177715301513672
98,10,160,3.643929958343506,3.6455447673797607,0.0016148090362548828
98,11,160,3.2363121509552,3.2330074310302734,-0.003304719924926758
98,12,160,3.4860000610351562,3.4875688552856445,0.0015687942504882812
98,13,160,3.962362051010132,3.964113473892212,0.0017514228820800781
98,14,160,3.8877689838409424,3.8891496658325195,0.0013806819915771484
98,15,160,3.709996223449707,3.709084987640381,-0.0009112358093261719
98,16,160,4.127080917358398,4.126189231872559,-0.0008916854858398438
98,17,160,3.7684454917907715,3.769218683242798,0.0007731914520263672
98,18,160,3.180040121078491,3.1812570095062256,0.001216888427734375
98,19,160,2.7798354625701904,2.777191162109375,-0.0026443004608154297
99,0,160,3.6229443550109863,3.6267647743225098,0.0038204193115234375
99,1,160,3.6805577278137207,3.684460401535034,0.0039026737213134766
99,2,160,3.622722625732422,3.624924659729004,0.0022020339965820312
99,3,160,3.1498076915740967,3.1508662700653076,0.0010585784912109375
99,4,160,2.987194299697876,2.988997220993042,0.0018029212951660156
99,5,160,3.5283496379852295,3.5315871238708496,0.003237485885620117
99,6,160,3.5020768642425537,3.504695177078247,0.0026183128356933594
99,7,160,3.5028178691864014,3.4993185997009277,-0.003499269485473633
99,8,160,3.1970901489257812,3.1956396102905273,-0.0014505386352539062
99,9,160,3.4206526279449463,3.4170284271240234,-0.0036242008209228516
99,10,160,3.643929958343506,3.645301580429077,0.001371622085571289
99,11,160,3.2363121509552,3.235952854156494,-0.0003592967987060547
99,12,160,3.4860000610351562,3.4840638637542725,-0.001936197280883789
99,13,160,3.962362051010132,3.959702968597412,-0.0026590824127197266
99,14,160,3.8877689838409424,3.8880765438079834,0.0003075599670410156
99,15,160,3.709996223449707,3.7080864906311035,-0.0019097328186035156
99,16,160,4.127080917358398,4.128211498260498,0.0011305809020996094
99,17,160,3.7684454917907715,3.7687740325927734,0.0003285408020019531
99,18,160,3.180040121078491,3.1768038272857666,-0.0032362937927246094
99,19,160,2.7798354625701904,2.776583671569824,-0.003251791000366211
