subset,query,n_removed,baseline_loss,filtered_loss,loss_change
0,0,160,3.460357666015625,3.4582359790802,-0.0021216869354248047
0,1,160,3.7352194786071777,3.7360196113586426,0.0008001327514648438
0,2,160,3.6235554218292236,3.625520706176758,0.0019652843475341797
0,3,160,3.7979753017425537,3.7971949577331543,-0.0007803440093994141
0,4,160,3.7034754753112793,3.7044498920440674,0.0009744167327880859
0,5,160,3.496649742126465,3.4975271224975586,0.00087738037109375
0,6,160,4.165515422821045,4.165246486663818,-0.0002689361572265625
0,7,160,3.8684756755828857,3.873352289199829,0.004876613616943359
0,8,160,3.850370168685913,3.8520116806030273,0.0016415119171142578
0,9,160,3.5663795471191406,3.5651402473449707,-0.0012392997741699219
0,10,160,3.5655364990234375,3.562715768814087,-0.002820730209350586
0,11,160,3.778928518295288,3.778080701828003,-0.0008478164672851562
0,12,160,3.6005969047546387,3.6011552810668945,0.0005583763122558594
0,13,160,3.8942198753356934,3.8947346210479736,0.0005147457122802734
0,14,160,4.175817489624023,4.178429126739502,0.0026116371154785156
0,15,160,4.188933849334717,4.187596797943115,-0.0013370513916015625
0,16,160,3.8494648933410645,3.8517603874206543,0.0022954940795898438
0,17,160,4.0535173416137695,4.0528998374938965,-0.0006175041198730469
0,18,160,3.7102890014648438,3.7117085456848145,0.0014195442199707031
0,19,160,3.3106751441955566,3.3132033348083496,0.0025281906127929688
1,0,160,3.460357666015625,3.461636781692505,0.0012791156768798828
1,1,160,3.7352194786071777,3.7323989868164062,-0.0028204917907714844
1,2,160,3.6235554218292236,3.6246044635772705,0.001049041748046875
1,3,160,3.7979753017425537,3.7985966205596924,0.0006213188171386719
1,4,160,3.7034754753112793,3.7064414024353027,0.0029659271240234375
1,5,160,3.496649742126465,3.4965875148773193,-6.222724914550781e-05
1,6,160,4.165515422821045,4.164455890655518,-0.0010595321655273438
1,7,160,3.8684756755828857,3.8722543716430664,0.003778696060180664
1,8,160,3.850370168685913,3.8508212566375732,0.00045108795166015625
1,9,160,3.5663795471191406,3.5639617443084717,-0.0024178028106689453
1,10,160,3.5655364990234375,3.565375566482544,-0.0001609325408935547
1,11,160,3.778928518295288,3.776066303253174,-0.002862215042114258
1,12,160,3.6005969047546387,3.6041295528411865,0.0035326480865478516
1,13,160,3.8942198753356934,3.8926069736480713,-0.0016129016876220703
1,14,160,4.175817489624023,4.178314208984375,0.0024967193603515625
1,15,160,4.188933849334717,4.186357021331787,-0.0025768280029296875
1,16,160,3.8494648933410645,3.8488264083862305,-0.0006384849548339844
1,17,160,4.0535173416137695,4.054666996002197,0.0011496543884277344
1,18,160,3.7102890014648438,3.7089357376098633,-0.0013532638549804688
1,19,160,3.3106751441955566,3.312133550643921,0.0014584064483642578
2,0,160,3.460357666015625,3.460771083831787,0.0004134178161621094
2,1,160,3.7352194786071777,3.7383859157562256,0.0031664371490478516
2,2,160,3.6235554218292236,3.62544846534729,0.0018930435180664062
2,3,160,3.7979753017425537,3.802158832550049,0.004183530807495117
2,4,160,3.7034754753112793,3.7064149379730225,0.002939462661743164
2,5,160,3.496649742126465,3.4988207817077637,0.002171039581298828
2,6,160,4.165515422821045,4.168291091918945,0.0027756690979003906
2,7,160,3.8684756755828857,3.867522954940796,-0.0009527206420898438
2,8,160,3.850370168685913,3.850914239883423,0.0005440711975097656
2,9,160,3.5663795471191406,3.568347930908203,0.0019683837890625
2,10,160,3.5655364990234375,3.5622713565826416,-0.0032651424407958984
2,11,160,3.778928518295288,3.7789146900177,-1.3828277587890625e-05
2,12,160,3.6005969047546387,3.6034750938415527,0.0028781890869140625
2,13,160,3.8942198753356934,3.893505811691284,-0.0007140636444091797
2,14,160,4.175817489624023,4.175468444824219,-0.0003490447998046875
2,15,160,4.188933849334717,4.190310955047607,0.001377105712890625
2,16,160,3.8494648933410645,3.8500897884368896,0.0006248950958251953
2,17,160,4.0535173416137695,4.052474021911621,-0.0010433197021484375
2,18,160,3.7102890014648438,3.7117228507995605,0.0014338493347167969
2,19,160,3.3106751441955566,3.3118319511413574,0.0011568069458007812
3,0,160,3.460357666015625,3.459193706512451,-0.0011639595031738281
3,1,160,3.7352194786071777,3.734116792678833,-0.0011026859283447266
3,2,160,3.6235554218292236,3.623353958129883,-0.0002014636993408203
3,3,160,3.7979753017425537,3.7992191314697266,0.0012438297271728516
3,4,160,3.7034754753112793,3.703916072845459,0.0004405975341796875
3,5,160,3.496649742126465,3.4963910579681396,-0.0002586841583251953
3,6,160,4.165515422821045,4.163574695587158,-0.0019407272338867188
3,7,160,3.8684756755828857,3.8716201782226562,0.003144502639770508
3,8,160,3.850370168685913,3.8491463661193848,-0.0012238025665283203
3,9,160,3.5663795471191406,3.568711996078491,0.002332448959350586
3,10,160,3.5655364990234375,3.5657293796539307,0.00019288063049316406
3,11,160,3.778928518295288,3.777738094329834,-0.0011904239654541016
3,12,160,3.6005969047546387,3.6026594638824463,0.002062559127807617
3,13,160,3.8942198753356934,3.8976502418518066,0.0034303665161132812
3,14,160,4.175817489624023,4.17665433883667,0.0008368492126464844
3,15,160,4.188933849334717,4.190340995788574,0.0014071464538574219
3,16,160,3.8494648933410645,3.851766347885132,0.002301454544067383
3,17,160,4.0535173416137695,4.055356502532959,0.0018391609191894531
3,18,160,3.7102890014648438,3.7102224826812744,-6.651878356933594e-05
3,19,160,3.3106751441955566,3.311973810195923,0.001298666000366211
4,0,160,3.460357666015625,3.4601094722747803,-0.00024819374084472656
4,1,160,3.7352194786071777,3.737820863723755,0.0026013851165771484
4,2,160,3.6235554218292236,3.6257164478302,0.0021610260009765625
4,3,160,3.7979753017425537,3.8039021492004395,0.005926847457885742
4,4,160,3.7034754753112793,3.700789451599121,-0.002686023712158203
4,5,160,3.496649742126465,3.4972238540649414,0.0005741119384765625
4,6,160,4.165515422821045,4.162281036376953,-0.003234386444091797
4,7,160,3.8684756755828857,3.867424249649048,-0.0010514259338378906
4,8,160,3.850370168685913,3.8492074012756348,-0.0011627674102783203
4,9,160,3.5663795471191406,3.5684432983398438,0.002063751220703125
4,10,160,3.5655364990234375,3.5632615089416504,-0.0022749900817871094
4,11,160,3.778928518295288,3.7792584896087646,0.0003299713134765625
4,12,160,3.6005969047546387,3.6051273345947266,0.004530429840087891
4,13,160,3.8942198753356934,3.893000364303589,-0.0012195110321044922
4,14,160,4.175817489624023,4.179862976074219,0.0040454864501953125
4,15,160,4.188933849334717,4.189101219177246,0.00016736984252929688
4,16,160,3.8494648933410645,3.853012800216675,0.0035479068756103516
4,17,160,4.0535173416137695,4.0528645515441895,-0.0006527900695800781
4,18,160,3.7102890014648438,3.70461106300354,-0.005677938461303711
4,19,160,3.3106751441955566,3.312619924545288,0.0019447803497314453
5,0,160,3.460357666015625,3.463191509246826,0.002833843231201172
5,1,160,3.7352194786071777,3.732769727706909,-0.0024497509002685547
5,2,160,3.6235554218292236,3.6245243549346924,0.00096893310546875
5,3,160,3.7979753017425537,3.801109790802002,0.003134489059448242
5,4,160,3.7034754753112793,3.7043938636779785,0.0009183883666992188
5,5,160,3.496649742126465,3.493976354598999,-0.0026733875274658203
5,6,160,4.165515422821045,4.168708801269531,0.003193378448486328
5,7,160,3.8684756755828857,3.872608184814453,0.004132509231567383
5,8,160,3.850370168685913,3.852064847946167,0.0016946792602539062
5,9,160,3.5663795471191406,3.563145160675049,-0.003234386444091797
5,10,160,3.5655364990234375,3.564485549926758,-0.0010509490966796875
5,11,160,3.778928518295288,3.776224374771118,-0.002704143524169922
5,12,160,3.6005969047546387,3.597701072692871,-0.002895832061767578
5,13,160,3.8942198753356934,3.8966562747955322,0.002436399459838867
5,14,160,4.175817489624023,4.180300235748291,0.004482746124267578
5,15,160,4.188933849334717,4.18904447555542,0.000110626220703125
5,16,160,3.8494648933410645,3.8501999378204346,0.0007350444793701172
5,17,160,4.0535173416137695,4.053284168243408,-0.00023317337036132812
5,18,160,3.7102890014648438,3.7045629024505615,-0.0057260990142822266
5,19,160,3.3106751441955566,3.31325101852417,0.0025758743286132812
6,0,160,3.460357666015625,3.460407018661499,4.935264587402344e-05
6,1,160,3.7352194786071777,3.731759786605835,-0.0034596920013427734
6,2,160,3.6235554218292236,3.623899221420288,0.0003437995910644531
6,3,160,3.7979753017425537,3.7980990409851074,0.00012373924255371094
6,4,160,3.7034754753112793,3.7044119834899902,0.0009365081787109375
6,5,160,3.496649742126465,3.4983012676239014,0.0016515254974365234
6,6,160,4.165515422821045,4.162045955657959,-0.0034694671630859375
6,7,160,3.8684756755828857,3.868976593017578,0.0005009174346923828
6,8,160,3.850370168685913,3.852879047393799,0.002508878707885742
6,9,160,3.5663795471191406,3.5680654048919678,0.0016858577728271484
6,10,160,3.5655364990234375,3.564148426055908,-0.0013880729675292969
6,11,160,3.778928518295288,3.7829840183258057,0.004055500030517578
6,12,160,3.6005969047546387,3.599890947341919,-0.0007059574127197266
6,13,160,3.8942198753356934,3.891805410385132,-0.0024144649505615234
6,14,160,4.175817489624023,4.175076007843018,-0.0007414817810058594
6,15,160,4.188933849334717,4.187458038330078,-0.0014758110046386719
6,16,160,3.8494648933410645,3.851644277572632,0.002179384231567383
6,17,160,4.0535173416137695,4.051288604736328,-0.0022287368774414062
6,18,160,3.7102890014648438,3.7110390663146973,0.0007500648498535156
6,19,160,3.3106751441955566,3.3102006912231445,-0.0004744529724121094
7,0,160,3.460357666015625,3.458561658859253,-0.0017960071563720703
7,1,160,3.7352194786071777,3.7350118160247803,-0.00020766258239746094
7,2,160,3.6235554218292236,3.623974323272705,0.0004189014434814453
7,3,160,3.7979753017425537,3.7975025177001953,-0.00047278404235839844
7,4,160,3.7034754753112793,3.7006442546844482,-0.0028312206268310547
7,5,160,3.496649742126465,3.494478940963745,-0.0021708011627197266
7,6,160,4.165515422821045,4.164797306060791,-0.0007181167602539062
7,7,160,3.8684756755828857,3.866511583328247,-0.001964092254638672
7,8,160,3.850370168685913,3.8500635623931885,-0.0003066062927246094
7,9,160,3.5663795471191406,3.563805341720581,-0.0025742053985595703
7,10,160,3.5655364990234375,3.5647048950195312,-0.00083160400390625
7,11,160,3.778928518295288,3.776764392852783,-0.002164125442504883
7,12,160,3.6005969047546387,3.5993728637695312,-0.0012240409851074219
7,13,160,3.8942198753356934,3.894987106323242,0.0007672309875488281
7,14,160,4.175817489624023,4.177934169769287,0.002116680145263672
7,15,160,4.188933849334717,4.189673900604248,0.00074005126953125
7,16,160,3.8494648933410645,3.8515334129333496,0.0020685195922851562
7,17,160,4.0535173416137695,4.051636695861816,-0.001880645751953125
7,18,160,3.7102890014648438,3.7134768962860107,0.003187894821166992
7,19,160,3.3106751441955566,3.31187105178833,0.0011959075927734375
8,0,160,3.460357666015625,3.462134838104248,0.0017771720886230469
8,1,160,3.7352194786071777,3.734652280807495,-0.0005671977996826172
8,2,160,3.6235554218292236,3.621943473815918,-0.001611948013305664
8,3,160,3.7979753017425537,3.795677423477173,-0.0022978782653808594
8,4,160,3.7034754753112793,3.7066502571105957,0.0031747817993164062
8,5,160,3.496649742126465,3.499631881713867,0.0029821395874023438
8,6,160,4.165515422821045,4.164628982543945,-0.0008864402770996094
8,7,160,3.8684756755828857,3.8716907501220703,0.0032150745391845703
8,8,160,3.850370168685913,3.8535959720611572,0.0032258033752441406
8,9,160,3.5663795471191406,3.568079710006714,0.0017001628875732422
8,10,160,3.5655364990234375,3.5681142807006836,0.0025777816772460938
8,11,160,3.778928518295288,3.777791976928711,-0.0011365413665771484
8,12,160,3.6005969047546387,3.601101875305176,0.0005049705505371094
8,13,160,3.8942198753356934,3.894047260284424,-0.00017261505126953125
8,14,160,4.175817489624023,4.175004959106445,-0.000812530517578125
8,15,160,4.188933849334717,4.188399314880371,-0.0005345344543457031
8,16,160,3.8494648933410645,3.8497254848480225,0.0002605915069580078
8,17,160,4.0535173416137695,4.049926280975342,-0.0035910606384277344
8,18,160,3.7102890014648438,3.711327075958252,0.0010380744934082031
8,19,160,3.3106751441955566,3.3102052211761475,-0.0004699230194091797
9,0,160,3.460357666015625,3.4594898223876953,-0.0008678436279296875
9,1,160,3.7352194786071777,3.734884738922119,-0.00033473968505859375
9,2,160,3.6235554218292236,3.623948097229004,0.00039267539978027344
9,3,160,3.7979753017425537,3.7992095947265625,0.001234292984008789
9,4,160,3.7034754753112793,3.704310894012451,0.000835418701171875
9,5,160,3.496649742126465,3.497347593307495,0.0006978511810302734
9,6,160,4.165515422821045,4.167039394378662,0.0015239715576171875
9,7,160,3.8684756755828857,3.8697993755340576,0.001323699951171875
9,8,160,3.850370168685913,3.8513410091400146,0.0009708404541015625
9,9,160,3.5663795471191406,3.5693137645721436,0.0029342174530029297
9,10,160,3.5655364990234375,3.5660176277160645,0.0004811286926269531
9,11,160,3.778928518295288,3.7810323238372803,0.0021038055419921875
9,12,160,3.6005969047546387,3.602762460708618,0.002165555953979492
9,13,160,3.8942198753356934,3.893017292022705,-0.0012025833129882812
9,14,160,4.175817489624023,4.178816318511963,0.002998828887939453
9,15,160,4.188933849334717,4.188264846801758,-0.0006690025329589844
9,16,160,3.8494648933410645,3.8530821800231934,0.0036172866821289062
9,17,160,4.0535173416137695,4.050509929656982,-0.0030074119567871094
9,18,160,3.7102890014648438,3.713848114013672,0.003559112548828125
9,19,160,3.3106751441955566,3.308598279953003,-0.002076864242553711
10,0,160,3.460357666015625,3.4607691764831543,0.0004115104675292969
10,1,160,3.7352194786071777,3.7379138469696045,0.002694368362426758
10,2,160,3.6235554218292236,3.6231088638305664,-0.00044655799865722656
10,3,160,3.7979753017425537,3.801269292831421,0.0032939910888671875
10,4,160,3.7034754753112793,3.705670118331909,0.002194643020629883
10,5,160,3.496649742126465,3.4950647354125977,-0.0015850067138671875
10,6,160,4.165515422821045,4.166895389556885,0.0013799667358398438
10,7,160,3.8684756755828857,3.8707854747772217,0.0023097991943359375
10,8,160,3.850370168685913,3.849421977996826,-0.0009481906890869141
10,9,160,3.5663795471191406,3.5700454711914062,0.003665924072265625
10,10,160,3.5655364990234375,3.570155143737793,0.004618644714355469
10,11,160,3.778928518295288,3.7788214683532715,-0.00010704994201660156
10,12,160,3.6005969047546387,3.603739023208618,0.003142118453979492
10,13,160,3.8942198753356934,3.8941919803619385,-2.7894973754882812e-05
10,14,160,4.175817489624023,4.178111553192139,0.0022940635681152344
10,15,160,4.188933849334717,4.189629077911377,0.0006952285766601562
10,16,160,3.8494648933410645,3.850013494491577,0.0005486011505126953
10,17,160,4.0535173416137695,4.05183219909668,-0.0016851425170898438
10,18,160,3.7102890014648438,3.712631940841675,0.0023429393768310547
10,19,160,3.3106751441955566,3.3120765686035156,0.0014014244079589844
11,0,160,3.460357666015625,3.4585273265838623,-0.0018303394317626953
11,1,160,3.7352194786071777,3.7371089458465576,0.0018894672393798828
11,2,160,3.6235554218292236,3.62484073638916,0.0012853145599365234
11,3,160,3.7979753017425537,3.798213481903076,0.00023818016052246094
11,4,160,3.7034754753112793,3.7084808349609375,0.005005359649658203
11,5,160,3.496649742126465,3.496760368347168,0.000110626220703125
11,6,160,4.165515422821045,4.1641035079956055,-0.0014119148254394531
11,7,160,3.8684756755828857,3.870821475982666,0.0023458003997802734
11,8,160,3.850370168685913,3.8493494987487793,-0.001020669937133789
11,9,160,3.5663795471191406,3.5706326961517334,0.0042531490325927734
11,10,160,3.5655364990234375,3.5672476291656494,0.001711130142211914
11,11,160,3.778928518295288,3.7782254219055176,-0.0007030963897705078
11,12,160,3.6005969047546387,3.601289749145508,0.0006928443908691406
11,13,160,3.8942198753356934,3.892103910446167,-0.002115964889526367
11,14,160,4.175817489624023,4.176319599151611,0.0005021095275878906
11,15,160,4.188933849334717,4.189477920532227,0.0005440711975097656
11,16,160,3.8494648933410645,3.84883451461792,-0.0006303787231445312
11,17,160,4.0535173416137695,4.053374767303467,-0.00014257431030273438
11,18,160,3.7102890014648438,3.7113142013549805,0.0010251998901367188
11,19,160,3.3106751441955566,3.3118391036987305,0.0011639595031738281
12,0,160,3.460357666015625,3.461120128631592,0.0007624626159667969
12,1,160,3.7352194786071777,3.7305502891540527,-0.004669189453125
12,2,160,3.6235554218292236,3.6263844966888428,0.0028290748596191406
12,3,160,3.7979753017425537,3.797616481781006,-0.00035881996154785156
12,4,160,3.7034754753112793,3.706913471221924,0.0034379959106445312
12,5,160,3.496649742126465,3.4976999759674072,0.0010502338409423828
12,6,160,4.165515422821045,4.166247367858887,0.0007319450378417969
12,7,160,3.8684756755828857,3.868436098098755,-3.9577484130859375e-05
12,8,160,3.850370168685913,3.8518354892730713,0.0014653205871582031
12,9,160,3.5663795471191406,3.5684163570404053,0.0020368099212646484
12,10,160,3.5655364990234375,3.5656473636627197,0.00011086463928222656
12,11,160,3.778928518295288,3.7793753147125244,0.0004467964172363281
12,12,160,3.6005969047546387,3.6017184257507324,0.00112152099609375
12,13,160,3.8942198753356934,3.895775079727173,0.0015552043914794922
12,14,160,4.175817489624023,4.178374290466309,0.0025568008422851562
12,15,160,4.188933849334717,4.187222480773926,-0.0017113685607910156
12,16,160,3.8494648933410645,3.8477821350097656,-0.0016827583312988281
12,17,160,4.0535173416137695,4.0531511306762695,-0.0003662109375
12,18,160,3.7102890014648438,3.712742805480957,0.0024538040161132812
12,19,160,3.3106751441955566,3.310939311981201,0.00026416778564453125
13,0,160,3.460357666015625,3.462928056716919,0.0025703907012939453
13,1,160,3.7352194786071777,3.735283613204956,6.413459777832031e-05
13,2,160,3.6235554218292236,3.6257848739624023,0.002229452133178711
13,3,160,3.7979753017425537,3.8026070594787598,0.004631757736206055
13,4,160,3.7034754753112793,3.7021398544311523,-0.0013356208801269531
13,5,160,3.496649742126465,3.4980905055999756,0.0014407634735107422
13,6,160,4.165515422821045,4.163936138153076,-0.00157928466796875
13,7,160,3.8684756755828857,3.870065450668335,0.0015897750854492188
13,8,160,3.850370168685913,3.850658416748047,0.00028824806213378906
13,9,160,3.5663795471191406,3.5665760040283203,0.0001964569091796875
13,10,160,3.5655364990234375,3.5660476684570312,0.00051116943359375
13,11,160,3.778928518295288,3.778606414794922,-0.00032210350036621094
13,12,160,3.6005969047546387,3.6013569831848145,0.0007600784301757812
13,13,160,3.8942198753356934,3.9014575481414795,0.007237672805786133
13,14,160,4.175817489624023,4.177952766418457,0.0021352767944335938
13,15,160,4.188933849334717,4.18939208984375,0.0004582405090332031
13,16,160,3.8494648933410645,3.8511340618133545,0.001669168472290039
13,17,160,4.0535173416137695,4.055909156799316,0.002391815185546875
13,18,160,3.7102890014648438,3.71235990524292,0.002070903778076172
13,19,160,3.3106751441955566,3.311641216278076,0.0009660720825195312
14,0,160,3.460357666015625,3.4591243267059326,-0.0012333393096923828
14,1,160,3.7352194786071777,3.733386278152466,-0.001833200454711914
14,2,160,3.6235554218292236,3.6258013248443604,0.0022459030151367188
14,3,160,3.7979753017425537,3.7973952293395996,-0.0005800724029541016
14,4,160,3.7034754753112793,3.703430652618408,-4.482269287109375e-05
14,5,160,3.496649742126465,3.495347023010254,-0.0013027191162109375
14,6,160,4.165515422821045,4.166320323944092,0.000804901123046875
14,7,160,3.8684756755828857,3.8652102947235107,-0.003265380859375
14,8,160,3.850370168685913,3.8528928756713867,0.002522706985473633
14,9,160,3.5663795471191406,3.5644004344940186,-0.0019791126251220703
14,10,160,3.5655364990234375,3.562749147415161,-0.002787351608276367
14,11,160,3.778928518295288,3.7758102416992188,-0.003118276596069336
14,12,160,3.6005969047546387,3.5994930267333984,-0.0011038780212402344
14,13,160,3.8942198753356934,3.8968591690063477,0.002639293670654297
14,14,160,4.175817489624023,4.178409099578857,0.0025916099548339844
14,15,160,4.188933849334717,4.192342758178711,0.0034089088439941406
14,16,160,3.8494648933410645,3.846790075302124,-0.0026748180389404297
14,17,160,4.0535173416137695,4.053619384765625,0.00010204315185546875
14,18,160,3.7102890014648438,3.710355281829834,6.628036499023438e-05
14,19,160,3.3106751441955566,3.314523458480835,0.0038483142852783203
15,0,160,3.460357666015625,3.4602396488189697,-0.00011801719665527344
15,1,160,3.7352194786071777,3.7367441654205322,0.0015246868133544922
15,2,160,3.6235554218292236,3.6250760555267334,0.0015206336975097656
15,3,160,3.7979753017425537,3.7956392765045166,-0.0023360252380371094
15,4,160,3.7034754753112793,3.7052042484283447,0.0017287731170654297
15,5,160,3.496649742126465,3.4945905208587646,-0.0020592212677001953
15,6,160,4.165515422821045,4.163902282714844,-0.0016131401062011719
15,7,160,3.8684756755828857,3.867964744567871,-0.0005109310150146484
15,8,160,3.850370168685913,3.8537659645080566,0.0033957958221435547
15,9,160,3.5663795471191406,3.5665018558502197,0.00012230873107910156
15,10,160,3.5655364990234375,3.5679080486297607,0.002371549606323242
15,11,160,3.778928518295288,3.780721664428711,0.0017931461334228516
15,12,160,3.6005969047546387,3.598144054412842,-0.002452850341796875
15,13,160,3.8942198753356934,3.897167921066284,0.0029480457305908203
15,14,160,4.175817489624023,4.177154541015625,0.0013370513916015625
15,15,160,4.188933849334717,4.186666965484619,-0.0022668838500976562
15,16,160,3.8494648933410645,3.848796844482422,-0.0006680488586425781
15,17,160,4.0535173416137695,4.051565647125244,-0.0019516944885253906
15,18,160,3.7102890014648438,3.7110188007354736,0.0007297992706298828
15,19,160,3.3106751441955566,3.3141307830810547,0.003455638885498047
16,0,160,3.460357666015625,3.461695432662964,0.0013377666473388672
16,1,160,3.7352194786071777,3.7334370613098145,-0.0017824172973632812
16,2,160,3.6235554218292236,3.623972177505493,0.00041675567626953125
16,3,160,3.7979753017425537,3.802243232727051,0.00426793098449707
16,4,160,3.7034754753112793,3.7040822505950928,0.0006067752838134766
16,5,160,3.496649742126465,3.4989187717437744,0.0022690296173095703
16,6,160,4.165515422821045,4.167126655578613,0.0016112327575683594
16,7,160,3.8684756755828857,3.873185873031616,0.004710197448730469
16,8,160,3.850370168685913,3.8487446308135986,-0.0016255378723144531
16,9,160,3.5663795471191406,3.5676491260528564,0.0012695789337158203
16,10,160,3.5655364990234375,3.567899227142334,0.0023627281188964844
16,11,160,3.778928518295288,3.7806549072265625,0.001726388931274414
16,12,160,3.6005969047546387,3.601837635040283,0.0012407302856445312
16,13,160,3.8942198753356934,3.8964810371398926,0.0022611618041992188
16,14,160,4.175817489624023,4.176562786102295,0.0007452964782714844
16,15,160,4.188933849334717,4.18950891494751,0.0005750656127929688
16,16,160,3.8494648933410645,3.8492181301116943,-0.0002467632293701172
16,17,160,4.0535173416137695,4.0527873039245605,-0.0007300376892089844
16,18,160,3.7102890014648438,3.7091243267059326,-0.0011646747589111328
16,19,160,3.3106751441955566,3.3090295791625977,-0.0016455650329589844
17,0,160,3.460357666015625,3.463163137435913,0.002805471420288086
17,1,160,3.7352194786071777,3.73296856880188,-0.0022509098052978516
17,2,160,3.6235554218292236,3.6225574016571045,-0.0009980201721191406
17,3,160,3.7979753017425537,3.8012099266052246,0.0032346248626708984
17,4,160,3.7034754753112793,3.704500675201416,0.0010251998901367188
17,5,160,3.496649742126465,3.4968628883361816,0.00021314620971679688
17,6,160,4.165515422821045,4.164103031158447,-0.0014123916625976562
17,7,160,3.8684756755828857,3.8668580055236816,-0.0016176700592041016
17,8,160,3.850370168685913,3.8502254486083984,-0.00014472007751464844
17,9,160,3.5663795471191406,3.5655112266540527,-0.0008683204650878906
17,10,160,3.5655364990234375,3.565502405166626,-3.409385681152344e-05
17,11,160,3.778928518295288,3.7775936126708984,-0.0013349056243896484
17,12,160,3.6005969047546387,3.6018879413604736,0.001291036605834961
17,13,160,3.8942198753356934,3.893916130065918,-0.0003037452697753906
17,14,160,4.175817489624023,4.17481803894043,-0.00099945068359375
17,15,160,4.188933849334717,4.188291072845459,-0.0006427764892578125
17,16,160,3.8494648933410645,3.8490586280822754,-0.0004062652587890625
17,17,160,4.0535173416137695,4.0540452003479,0.0005278587341308594
17,18,160,3.7102890014648438,3.711021661758423,0.0007326602935791016
17,19,160,3.3106751441955566,3.3130369186401367,0.002361774444580078
18,0,160,3.460357666015625,3.4615299701690674,0.0011723041534423828
18,1,160,3.7352194786071777,3.7373290061950684,0.002109527587890625
18,2,160,3.6235554218292236,3.626173257827759,0.0026178359985351562
18,3,160,3.7979753017425537,3.799438714981079,0.0014634132385253906
18,4,160,3.7034754753112793,3.7071890830993652,0.0037136077880859375
18,5,160,3.496649742126465,3.4966535568237305,3.814697265625e-06
18,6,160,4.165515422821045,4.164627552032471,-0.0008878707885742188
18,7,160,3.8684756755828857,3.8712189197540283,0.002743244171142578
18,8,160,3.850370168685913,3.850147008895874,-0.0002231597900390625
18,9,160,3.5663795471191406,3.5659091472625732,-0.0004703998565673828
18,10,160,3.5655364990234375,3.566236972808838,0.0007004737854003906
18,11,160,3.778928518295288,3.779123544692993,0.00019502639770507812
18,12,160,3.6005969047546387,3.5990734100341797,-0.0015234947204589844
18,13,160,3.8942198753356934,3.894631862640381,0.0004119873046875
18,14,160,4.175817489624023,4.1748270988464355,-0.0009903907775878906
18,15,160,4.188933849334717,4.190413951873779,0.0014801025390625
18,16,160,3.8494648933410645,3.8480782508850098,-0.0013866424560546875
18,17,160,4.0535173416137695,4.05676794052124,0.003250598907470703
18,18,160,3.7102890014648438,3.7104883193969727,0.00019931793212890625
18,19,160,3.3106751441955566,3.3123881816864014,0.0017130374908447266
19,0,160,3.460357666015625,3.4608523845672607,0.0004947185516357422
19,1,160,3.7352194786071777,3.7353856563568115,0.00016617774963378906
19,2,160,3.6235554218292236,3.6258881092071533,0.0023326873779296875
19,3,160,3.7979753017425537,3.7974863052368164,-0.0004889965057373047
19,4,160,3.7034754753112793,3.7028510570526123,-0.0006244182586669922
19,5,160,3.496649742126465,3.495083808898926,-0.0015659332275390625
19,6,160,4.165515422821045,4.163204669952393,-0.0023107528686523438
19,7,160,3.8684756755828857,3.870701789855957,0.002226114273071289
19,8,160,3.850370168685913,3.8531570434570312,0.002786874771118164
19,9,160,3.5663795471191406,3.5667784214019775,0.00039887428283691406
19,10,160,3.5655364990234375,3.5654799938201904,-5.650520324707031e-05
19,11,160,3.778928518295288,3.7799112796783447,0.0009827613830566406
19,12,160,3.6005969047546387,3.601210355758667,0.0006134510040283203
19,13,160,3.8942198753356934,3.894693374633789,0.0004734992980957031
19,14,160,4.175817489624023,4.176651477813721,0.0008339881896972656
19,15,160,4.188933849334717,4.1893839836120605,0.00045013427734375
19,16,160,3.8494648933410645,3.8513262271881104,0.0018613338470458984
19,17,160,4.0535173416137695,4.052516937255859,-0.0010004043579101562
19,18,160,3.7102890014648438,3.7116894721984863,0.0014004707336425781
19,19,160,3.3106751441955566,3.3109512329101562,0.0002760887145996094
20,0,160,3.460357666015625,3.4600107669830322,-0.00034689903259277344
20,1,160,3.7352194786071777,3.7332684993743896,-0.001950979232788086
20,2,160,3.6235554218292236,3.623756170272827,0.00020074844360351562
20,3,160,3.7979753017425537,3.7951135635375977,-0.0028617382049560547
20,4,160,3.7034754753112793,3.7019996643066406,-0.0014758110046386719
20,5,160,3.496649742126465,3.4978935718536377,0.0012438297271728516
20,6,160,4.165515422821045,4.163166046142578,-0.002349376678466797
20,7,160,3.8684756755828857,3.865661859512329,-0.0028138160705566406
20,8,160,3.850370168685913,3.8513998985290527,0.0010297298431396484
20,9,160,3.5663795471191406,3.5678048133850098,0.0014252662658691406
20,10,160,3.5655364990234375,3.5652477741241455,-0.0002887248992919922
20,11,160,3.778928518295288,3.781006097793579,0.0020775794982910156
20,12,160,3.6005969047546387,3.606017589569092,0.005420684814453125
20,13,160,3.8942198753356934,3.890928268432617,-0.003291606903076172
20,14,160,4.175817489624023,4.181021690368652,0.005204200744628906
20,15,160,4.188933849334717,4.190240859985352,0.0013070106506347656
20,16,160,3.8494648933410645,3.847452402114868,-0.002012491226196289
20,17,160,4.0535173416137695,4.054232120513916,0.0007147789001464844
20,18,160,3.7102890014648438,3.7100141048431396,-0.00027489662170410156
20,19,160,3.3106751441955566,3.3115134239196777,0.0008382797241210938
21,0,160,3.460357666015625,3.461660623550415,0.001302957534790039
21,1,160,3.7352194786071777,3.7359960079193115,0.0007765293121337891
21,2,160,3.6235554218292236,3.6259875297546387,0.002432107925415039
21,3,160,3.7979753017425537,3.8007888793945312,0.002813577651977539
21,4,160,3.7034754753112793,3.706321954727173,0.0028464794158935547
21,5,160,3.496649742126465,3.4943180084228516,-0.0023317337036132812
21,6,160,4.165515422821045,4.165980815887451,0.00046539306640625
21,7,160,3.8684756755828857,3.8707730770111084,0.0022974014282226562
21,8,160,3.850370168685913,3.851270914077759,0.0009007453918457031
21,9,160,3.5663795471191406,3.5672507286071777,0.0008711814880371094
21,10,160,3.5655364990234375,3.5676331520080566,0.0020966529846191406
21,11,160,3.778928518295288,3.7793972492218018,0.0004687309265136719
21,12,160,3.6005969047546387,3.601344585418701,0.0007476806640625
21,13,160,3.8942198753356934,3.9012744426727295,0.007054567337036133
21,14,160,4.175817489624023,4.174022674560547,-0.0017948150634765625
21,15,160,4.188933849334717,4.192115783691406,0.003181934356689453
21,16,160,3.8494648933410645,3.8537652492523193,0.004300355911254883
21,17,160,4.0535173416137695,4.052979469299316,-0.000537872314453125
21,18,160,3.7102890014648438,3.711089611053467,0.0008006095886230469
21,19,160,3.3106751441955566,3.3110039234161377,0.0003287792205810547
22,0,160,3.460357666015625,3.4636759757995605,0.003318309783935547
22,1,160,3.7352194786071777,3.7342872619628906,-0.0009322166442871094
22,2,160,3.6235554218292236,3.6214892864227295,-0.0020661354064941406
22,3,160,3.7979753017425537,3.7973954677581787,-0.000579833984375
22,4,160,3.7034754753112793,3.70544171333313,0.001966238021850586
22,5,160,3.496649742126465,3.4998390674591064,0.0031893253326416016
22,6,160,4.165515422821045,4.168385028839111,0.0028696060180664062
22,7,160,3.8684756755828857,3.8676517009735107,-0.000823974609375
22,8,160,3.850370168685913,3.849398374557495,-0.0009717941284179688
22,9,160,3.5663795471191406,3.568572998046875,0.002193450927734375
22,10,160,3.5655364990234375,3.563994884490967,-0.0015416145324707031
22,11,160,3.778928518295288,3.7810182571411133,0.0020897388458251953
22,12,160,3.6005969047546387,3.6026782989501953,0.0020813941955566406
22,13,160,3.8942198753356934,3.894522190093994,0.00030231475830078125
22,14,160,4.175817489624023,4.175170421600342,-0.0006470680236816406
22,15,160,4.188933849334717,4.192191123962402,0.003257274627685547
22,16,160,3.8494648933410645,3.8497228622436523,0.0002579689025878906
22,17,160,4.0535173416137695,4.054502487182617,0.0009851455688476562
22,18,160,3.7102890014648438,3.7145745754241943,0.004285573959350586
22,19,160,3.3106751441955566,3.309755325317383,-0.0009198188781738281
23,0,160,3.460357666015625,3.4590063095092773,-0.0013513565063476562
23,1,160,3.7352194786071777,3.73938250541687,0.004163026809692383
23,2,160,3.6235554218292236,3.624295473098755,0.00074005126953125
23,3,160,3.7979753017425537,3.8013358116149902,0.0033605098724365234
23,4,160,3.7034754753112793,3.7007956504821777,-0.0026798248291015625
23,5,160,3.496649742126465,3.4986777305603027,0.0020279884338378906
23,6,160,4.165515422821045,4.166207790374756,0.0006923675537109375
23,7,160,3.8684756755828857,3.8693630695343018,0.0008873939514160156
23,8,160,3.850370168685913,3.8519105911254883,0.0015404224395751953
23,9,160,3.5663795471191406,3.5662484169006348,-0.00013113021850585938
23,10,160,3.5655364990234375,3.5658199787139893,0.0002834796905517578
23,11,160,3.778928518295288,3.7753007411956787,-0.003627777099609375
23,12,160,3.6005969047546387,3.6009817123413086,0.0003848075866699219
23,13,160,3.8942198753356934,3.8948307037353516,0.0006108283996582031
23,14,160,4.175817489624023,4.177798748016357,0.0019812583923339844
23,15,160,4.188933849334717,4.1902265548706055,0.0012927055358886719
23,16,160,3.8494648933410645,3.8498451709747314,0.0003802776336669922
23,17,160,4.0535173416137695,4.049265384674072,-0.004251956939697266
23,18,160,3.7102890014648438,3.712179660797119,0.0018906593322753906
23,19,160,3.3106751441955566,3.309746026992798,-0.0009291172027587891
24,0,160,3.460357666015625,3.4566895961761475,-0.003668069839477539
24,1,160,3.7352194786071777,3.7346343994140625,-0.0005850791931152344
24,2,160,3.6235554218292236,3.6259727478027344,0.002417325973510742
24,3,160,3.7979753017425537,3.7983765602111816,0.0004012584686279297
24,4,160,3.7034754753112793,3.699291229248047,-0.004184246063232422
24,5,160,3.496649742126465,3.4954819679260254,-0.0011677742004394531
24,6,160,4.165515422821045,4.161961555480957,-0.0035538673400878906
24,7,160,3.8684756755828857,3.867269515991211,-0.0012061595916748047
24,8,160,3.850370168685913,3.852388381958008,0.0020182132720947266
24,9,160,3.5663795471191406,3.5664565563201904,7.700920104980469e-05
24,10,160,3.5655364990234375,3.563021421432495,-0.002515077590942383
24,11,160,3.778928518295288,3.777958631515503,-0.0009698867797851562
24,12,160,3.6005969047546387,3.600402355194092,-0.000194549560546875
24,13,160,3.8942198753356934,3.8945183753967285,0.00029850006103515625
24,14,160,4.175817489624023,4.176205158233643,0.0003876686096191406
24,15,160,4.188933849334717,4.1923909187316895,0.0034570693969726562
24,16,160,3.8494648933410645,3.8473353385925293,-0.0021295547485351562
24,17,160,4.0535173416137695,4.05157470703125,-0.0019426345825195312
24,18,160,3.7102890014648438,3.7129833698272705,0.002694368362426758
24,19,160,3.3106751441955566,3.3096961975097656,-0.0009789466857910156
25,0,160,3.460357666015625,3.461102247238159,0.0007445812225341797
25,1,160,3.7352194786071777,3.7322161197662354,-0.003003358840942383
25,2,160,3.6235554218292236,3.625718355178833,0.002162933349609375
25,3,160,3.7979753017425537,3.799356698989868,0.0013813972473144531
25,4,160,3.7034754753112793,3.7058236598968506,0.002348184585571289
25,5,160,3.496649742126465,3.502209186553955,0.005559444427490234
25,6,160,4.165515422821045,4.163686752319336,-0.0018286705017089844
25,7,160,3.8684756755828857,3.8685104846954346,3.4809112548828125e-05
25,8,160,3.850370168685913,3.851788282394409,0.0014181137084960938
25,9,160,3.5663795471191406,3.5662424564361572,-0.00013709068298339844
25,10,160,3.5655364990234375,3.5661072731018066,0.0005707740783691406
25,11,160,3.778928518295288,3.7798426151275635,0.0009140968322753906
25,12,160,3.6005969047546387,3.6015031337738037,0.0009062290191650391
25,13,160,3.8942198753356934,3.8942110538482666,-8.821487426757812e-06
25,14,160,4.175817489624023,4.173484802246094,-0.0023326873779296875
25,15,160,4.188933849334717,4.1886067390441895,-0.00032711029052734375
25,16,160,3.8494648933410645,3.8467235565185547,-0.0027413368225097656
25,17,160,4.0535173416137695,4.052423477172852,-0.0010938644409179688
25,18,160,3.7102890014648438,3.709062337875366,-0.001226663589477539
25,19,160,3.3106751441955566,3.3100709915161133,-0.0006041526794433594
26,0,160,3.460357666015625,3.4613521099090576,0.0009944438934326172
26,1,160,3.7352194786071777,3.7341413497924805,-0.0010781288146972656
26,2,160,3.6235554218292236,3.623882293701172,0.0003268718719482422
26,3,160,3.7979753017425537,3.7959141731262207,-0.002061128616333008
26,4,160,3.7034754753112793,3.704561471939087,0.0010859966278076172
26,5,160,3.496649742126465,3.4969801902770996,0.0003304481506347656
26,6,160,4.165515422821045,4.163320064544678,-0.0021953582763671875
26,7,160,3.8684756755828857,3.8705620765686035,0.0020864009857177734
26,8,160,3.850370168685913,3.848195791244507,-0.00217437744140625
26,9,160,3.5663795471191406,3.566755771636963,0.0003762245178222656
26,10,160,3.5655364990234375,3.5671896934509277,0.0016531944274902344
26,11,160,3.778928518295288,3.7802278995513916,0.0012993812561035156
26,12,160,3.6005969047546387,3.601567029953003,0.0009701251983642578
26,13,160,3.8942198753356934,3.893366813659668,-0.0008530616760253906
26,14,160,4.175817489624023,4.173565864562988,-0.0022516250610351562
26,15,160,4.188933849334717,4.1894450187683105,0.00051116943359375
26,16,160,3.8494648933410645,3.8498876094818115,0.0004227161407470703
26,17,160,4.0535173416137695,4.050593376159668,-0.0029239654541015625
26,18,160,3.7102890014648438,3.712374687194824,0.0020856857299804688
26,19,160,3.3106751441955566,3.3112573623657227,0.0005822181701660156
27,0,160,3.460357666015625,3.4628796577453613,0.002521991729736328
27,1,160,3.7352194786071777,3.7359700202941895,0.0007505416870117188
27,2,160,3.6235554218292236,3.6228408813476562,-0.0007145404815673828
27,3,160,3.7979753017425537,3.798776626586914,0.0008013248443603516
27,4,160,3.7034754753112793,3.7035164833068848,4.100799560546875e-05
27,5,160,3.496649742126465,3.494826316833496,-0.00182342529296875
27,6,160,4.165515422821045,4.167027950286865,0.0015125274658203125
27,7,160,3.8684756755828857,3.8712339401245117,0.0027582645416259766
27,8,160,3.850370168685913,3.85414981842041,0.0037796497344970703
27,9,160,3.5663795471191406,3.5630476474761963,-0.003331899642944336
27,10,160,3.5655364990234375,3.5646071434020996,-0.0009293556213378906
27,11,160,3.778928518295288,3.7795488834381104,0.0006203651428222656
27,12,160,3.6005969047546387,3.599579095840454,-0.0010178089141845703
27,13,160,3.8942198753356934,3.8957748413085938,0.0015549659729003906
27,14,160,4.175817489624023,4.17559289932251,-0.00022459030151367188
27,15,160,4.188933849334717,4.186755180358887,-0.002178668975830078
27,16,160,3.8494648933410645,3.8476951122283936,-0.0017697811126708984
27,17,160,4.0535173416137695,4.054155349731445,0.0006380081176757812
27,18,160,3.7102890014648438,3.711097240447998,0.0008082389831542969
27,19,160,3.3106751441955566,3.3119049072265625,0.0012297630310058594
28,0,160,3.460357666015625,3.460479974746704,0.00012230873107910156
28,1,160,3.7352194786071777,3.7340338230133057,-0.0011856555938720703
28,2,160,3.6235554218292236,3.619718313217163,-0.003837108612060547
28,3,160,3.7979753017425537,3.797893524169922,-8.177757263183594e-05
28,4,160,3.7034754753112793,3.7057361602783203,0.0022606849670410156
28,5,160,3.496649742126465,3.4989521503448486,0.002302408218383789
28,6,160,4.165515422821045,4.16798210144043,0.0024666786193847656
28,7,160,3.8684756755828857,3.868391513824463,-8.416175842285156e-05
28,8,160,3.850370168685913,3.850593090057373,0.00022292137145996094
28,9,160,3.5663795471191406,3.5692801475524902,0.0029006004333496094
28,10,160,3.5655364990234375,3.5641112327575684,-0.0014252662658691406
28,11,160,3.778928518295288,3.777405023574829,-0.0015234947204589844
28,12,160,3.6005969047546387,3.6058290004730225,0.005232095718383789
28,13,160,3.8942198753356934,3.8956167697906494,0.0013968944549560547
28,14,160,4.175817489624023,4.178786277770996,0.0029687881469726562
28,15,160,4.188933849334717,4.189363956451416,0.00043010711669921875
28,16,160,3.8494648933410645,3.8528974056243896,0.0034325122833251953
28,17,160,4.0535173416137695,4.050882339477539,-0.0026350021362304688
28,18,160,3.7102890014648438,3.7114410400390625,0.00115203857421875
28,19,160,3.3106751441955566,3.3101248741149902,-0.0005502700805664062
29,0,160,3.460357666015625,3.4596521854400635,-0.0007054805755615234
29,1,160,3.7352194786071777,3.7356157302856445,0.0003962516784667969
29,2,160,3.6235554218292236,3.628579616546631,0.0050241947174072266
29,3,160,3.7979753017425537,3.7983944416046143,0.0004191398620605469
29,4,160,3.7034754753112793,3.706636905670166,0.0031614303588867188
29,5,160,3.496649742126465,3.5004382133483887,0.003788471221923828
29,6,160,4.165515422821045,4.162467956542969,-0.003047466278076172
29,7,160,3.8684756755828857,3.872098207473755,0.0036225318908691406
29,8,160,3.850370168685913,3.8508872985839844,0.0005171298980712891
29,9,160,3.5663795471191406,3.56569242477417,-0.0006871223449707031
29,10,160,3.5655364990234375,3.566420793533325,0.0008842945098876953
29,11,160,3.778928518295288,3.778233051300049,-0.0006954669952392578
29,12,160,3.6005969047546387,3.601586103439331,0.0009891986846923828
29,13,160,3.8942198753356934,3.8935749530792236,-0.0006449222564697266
29,14,160,4.175817489624023,4.178832530975342,0.0030150413513183594
29,15,160,4.188933849334717,4.1887593269348145,-0.00017452239990234375
29,16,160,3.8494648933410645,3.8497166633605957,0.00025177001953125
29,17,160,4.0535173416137695,4.056619644165039,0.0031023025512695312
29,18,160,3.7102890014648438,3.7115025520324707,0.0012135505676269531
29,19,160,3.3106751441955566,3.31070613861084,3.0994415283203125e-05
30,0,160,3.460357666015625,3.4586024284362793,-0.0017552375793457031
30,1,160,3.7352194786071777,3.735466957092285,0.0002474784851074219
30,2,160,3.6235554218292236,3.6249470710754395,0.0013916492462158203
30,3,160,3.7979753017425537,3.798701286315918,0.0007259845733642578
30,4,160,3.7034754753112793,3.7043192386627197,0.0008437633514404297
30,5,160,3.496649742126465,3.4995932579040527,0.0029435157775878906
30,6,160,4.165515422821045,4.165258407592773,-0.0002570152282714844
30,7,160,3.8684756755828857,3.871648073196411,0.0031723976135253906
30,8,160,3.850370168685913,3.850989580154419,0.0006194114685058594
30,9,160,3.5663795471191406,3.5687899589538574,0.002410411834716797
30,10,160,3.5655364990234375,3.5699002742767334,0.0043637752532958984
30,11,160,3.778928518295288,3.7834603786468506,0.0045318603515625
30,12,160,3.6005969047546387,3.599085807800293,-0.0015110969543457031
30,13,160,3.8942198753356934,3.8928561210632324,-0.0013637542724609375
30,14,160,4.175817489624023,4.178417682647705,0.0026001930236816406
30,15,160,4.188933849334717,4.191946506500244,0.0030126571655273438
30,16,160,3.8494648933410645,3.8537142276763916,0.0042493343353271484
30,17,160,4.0535173416137695,4.055268287658691,0.001750946044921875
30,18,160,3.7102890014648438,3.7119743824005127,0.0016853809356689453
30,19,160,3.3106751441955566,3.3098819255828857,-0.0007932186126708984
31,0,160,3.460357666015625,3.4619126319885254,0.0015549659729003906
31,1,160,3.7352194786071777,3.734609365463257,-0.0006101131439208984
31,2,160,3.6235554218292236,3.6223702430725098,-0.0011851787567138672
31,3,160,3.7979753017425537,3.798372983932495,0.00039768218994140625
31,4,160,3.7034754753112793,3.7049012184143066,0.0014257431030273438
31,5,160,3.496649742126465,3.4969260692596436,0.00027632713317871094
31,6,160,4.165515422821045,4.164699554443359,-0.0008158683776855469
31,7,160,3.8684756755828857,3.865741014480591,-0.002734661102294922
31,8,160,3.850370168685913,3.8516488075256348,0.0012786388397216797
31,9,160,3.5663795471191406,3.5662841796875,-9.5367431640625e-05
31,10,160,3.5655364990234375,3.568727970123291,0.0031914710998535156
31,11,160,3.778928518295288,3.779165744781494,0.0002372264862060547
31,12,160,3.6005969047546387,3.5974223613739014,-0.0031745433807373047
31,13,160,3.8942198753356934,3.893415689468384,-0.0008041858673095703
31,14,160,4.175817489624023,4.174400806427002,-0.0014166831970214844
31,15,160,4.188933849334717,4.187587261199951,-0.001346588134765625
31,16,160,3.8494648933410645,3.8508212566375732,0.001356363296508789
31,17,160,4.0535173416137695,4.0542521476745605,0.0007348060607910156
31,18,160,3.7102890014648438,3.710813522338867,0.0005245208740234375
31,19,160,3.3106751441955566,3.3133420944213867,0.002666950225830078
32,0,160,3.460357666015625,3.461165428161621,0.0008077621459960938
32,1,160,3.7352194786071777,3.7352166175842285,-2.86102294921875e-06
32,2,160,3.6235554218292236,3.622373580932617,-0.0011818408966064453
32,3,160,3.7979753017425537,3.8024494647979736,0.004474163055419922
32,4,160,3.7034754753112793,3.7058119773864746,0.0023365020751953125
32,5,160,3.496649742126465,3.4990835189819336,0.00243377685546875
32,6,160,4.165515422821045,4.165552616119385,3.719329833984375e-05
32,7,160,3.8684756755828857,3.8662209510803223,-0.0022547245025634766
32,8,160,3.850370168685913,3.851977586746216,0.0016074180603027344
32,9,160,3.5663795471191406,3.56411075592041,-0.0022687911987304688
32,10,160,3.5655364990234375,3.5631072521209717,-0.0024292469024658203
32,11,160,3.778928518295288,3.7789409160614014,1.239776611328125e-05
32,12,160,3.6005969047546387,3.6034798622131348,0.0028829574584960938
32,13,160,3.8942198753356934,3.896054983139038,0.0018351078033447266
32,14,160,4.175817489624023,4.177633762359619,0.0018162727355957031
32,15,160,4.188933849334717,4.190236568450928,0.0013027191162109375
32,16,160,3.8494648933410645,3.8522210121154785,0.0027561187744140625
32,17,160,4.0535173416137695,4.051453113555908,-0.002064228057861328
32,18,160,3.7102890014648438,3.7108187675476074,0.0005297660827636719
32,19,160,3.3106751441955566,3.3109512329101562,0.0002760887145996094
33,0,160,3.460357666015625,3.4612104892730713,0.0008528232574462891
33,1,160,3.7352194786071777,3.7309787273406982,-0.004240751266479492
33,2,160,3.6235554218292236,3.6208205223083496,-0.0027348995208740234
33,3,160,3.7979753017425537,3.7979373931884766,-3.790855407714844e-05
33,4,160,3.7034754753112793,3.7038137912750244,0.0003383159637451172
33,5,160,3.496649742126465,3.4970433712005615,0.0003936290740966797
33,6,160,4.165515422821045,4.168606281280518,0.0030908584594726562
33,7,160,3.8684756755828857,3.867347002029419,-0.0011286735534667969
33,8,160,3.850370168685913,3.851933717727661,0.0015635490417480469
33,9,160,3.5663795471191406,3.564628839492798,-0.0017507076263427734
33,10,160,3.5655364990234375,3.565631628036499,9.512901306152344e-05
33,11,160,3.778928518295288,3.781193494796753,0.0022649765014648438
33,12,160,3.6005969047546387,3.5984320640563965,-0.0021648406982421875
33,13,160,3.8942198753356934,3.898528575897217,0.0043087005615234375
33,14,160,4.175817489624023,4.179929256439209,0.004111766815185547
33,15,160,4.188933849334717,4.189657211303711,0.0007233619689941406
33,16,160,3.8494648933410645,3.8518199920654297,0.0023550987243652344
33,17,160,4.0535173416137695,4.0491719245910645,-0.004345417022705078
33,18,160,3.7102890014648438,3.708601474761963,-0.0016875267028808594
33,19,160,3.3106751441955566,3.310537099838257,-0.0001380443572998047
34,0,160,3.460357666015625,3.4613747596740723,0.0010170936584472656
34,1,160,3.7352194786071777,3.739447832107544,0.004228353500366211
34,2,160,3.6235554218292236,3.627025604248047,0.003470182418823242
34,3,160,3.7979753017425537,3.79960036277771,0.00162506103515625
34,4,160,3.7034754753112793,3.702669620513916,-0.0008058547973632812
34,5,160,3.496649742126465,3.500232696533203,0.0035829544067382812
34,6,160,4.165515422821045,4.1654205322265625,-9.489059448242188e-05
34,7,160,3.8684756755828857,3.8680882453918457,-0.00038743019104003906
34,8,160,3.850370168685913,3.8557119369506836,0.005341768264770508
34,9,160,3.5663795471191406,3.5683727264404297,0.0019931793212890625
34,10,160,3.5655364990234375,3.561605453491211,-0.0039310455322265625
34,11,160,3.778928518295288,3.7804646492004395,0.0015361309051513672
34,12,160,3.6005969047546387,3.602574348449707,0.0019774436950683594
34,13,160,3.8942198753356934,3.8927438259124756,-0.0014760494232177734
34,14,160,4.175817489624023,4.179090976715088,0.003273487091064453
34,15,160,4.188933849334717,4.19040060043335,0.0014667510986328125
34,16,160,3.8494648933410645,3.849433183670044,-3.170967102050781e-05
34,17,160,4.0535173416137695,4.051700115203857,-0.0018172264099121094
34,18,160,3.7102890014648438,3.710876941680908,0.0005879402160644531
34,19,160,3.3106751441955566,3.311858654022217,0.0011835098266601562
35,0,160,3.460357666015625,3.4620563983917236,0.0016987323760986328
35,1,160,3.7352194786071777,3.7391889095306396,0.003969430923461914
35,2,160,3.6235554218292236,3.623075485229492,-0.0004799365997314453
35,3,160,3.7979753017425537,3.8009085655212402,0.0029332637786865234
35,4,160,3.7034754753112793,3.703108549118042,-0.0003669261932373047
35,5,160,3.496649742126465,3.4964821338653564,-0.00016760826110839844
35,6,160,4.165515422821045,4.162045955657959,-0.0034694671630859375
35,7,160,3.8684756755828857,3.8682034015655518,-0.0002722740173339844
35,8,160,3.850370168685913,3.8510568141937256,0.0006866455078125
35,9,160,3.5663795471191406,3.5661890506744385,-0.00019049644470214844
35,10,160,3.5655364990234375,3.56644868850708,0.0009121894836425781
35,11,160,3.778928518295288,3.7753820419311523,-0.003546476364135742
35,12,160,3.6005969047546387,3.600863218307495,0.0002663135528564453
35,13,160,3.8942198753356934,3.896538257598877,0.0023183822631835938
35,14,160,4.175817489624023,4.175537109375,-0.0002803802490234375
35,15,160,4.188933849334717,4.192229747772217,0.0032958984375
35,16,160,3.8494648933410645,3.8511011600494385,0.0016362667083740234
35,17,160,4.0535173416137695,4.054577350616455,0.0010600090026855469
35,18,160,3.7102890014648438,3.707395076751709,-0.0028939247131347656
35,19,160,3.3106751441955566,3.3128604888916016,0.002185344696044922
36,0,160,3.460357666015625,3.463134288787842,0.002776622772216797
36,1,160,3.7352194786071777,3.731356620788574,-0.0038628578186035156
36,2,160,3.6235554218292236,3.6257944107055664,0.0022389888763427734
36,3,160,3.7979753017425537,3.7993013858795166,0.0013260841369628906
36,4,160,3.7034754753112793,3.705162763595581,0.0016872882843017578
36,5,160,3.496649742126465,3.4956398010253906,-0.0010099411010742188
36,6,160,4.165515422821045,4.167459011077881,0.0019435882568359375
36,7,160,3.8684756755828857,3.8676183223724365,-0.0008573532104492188
36,8,160,3.850370168685913,3.8485665321350098,-0.0018036365509033203
36,9,160,3.5663795471191406,3.5677616596221924,0.0013821125030517578
36,10,160,3.5655364990234375,3.5667788982391357,0.0012423992156982422
36,11,160,3.778928518295288,3.7790472507476807,0.00011873245239257812
36,12,160,3.6005969047546387,3.6010279655456543,0.000431060791015625
36,13,160,3.8942198753356934,3.8917295932769775,-0.0024902820587158203
36,14,160,4.175817489624023,4.1741204261779785,-0.0016970634460449219
36,15,160,4.188933849334717,4.190951347351074,0.002017498016357422
36,16,160,3.8494648933410645,3.84800124168396,-0.0014636516571044922
36,17,160,4.0535173416137695,4.053282737731934,-0.0002346038818359375
36,18,160,3.7102890014648438,3.7127339839935303,0.0024449825286865234
36,19,160,3.3106751441955566,3.313786029815674,0.0031108856201171875
37,0,160,3.460357666015625,3.461117744445801,0.0007600784301757812
37,1,160,3.7352194786071777,3.735682487487793,0.0004630088806152344
37,2,160,3.6235554218292236,3.6226706504821777,-0.0008847713470458984
37,3,160,3.7979753017425537,3.7969725131988525,-0.0010027885437011719
37,4,160,3.7034754753112793,3.7053539752960205,0.001878499984741211
37,5,160,3.496649742126465,3.500181198120117,0.0035314559936523438
37,6,160,4.165515422821045,4.16598653793335,0.0004711151123046875
37,7,160,3.8684756755828857,3.8679752349853516,-0.0005004405975341797
37,8,160,3.850370168685913,3.8469417095184326,-0.0034284591674804688
37,9,160,3.5663795471191406,3.564316749572754,-0.0020627975463867188
37,10,160,3.5655364990234375,3.5688767433166504,0.0033402442932128906
37,11,160,3.778928518295288,3.7777180671691895,-0.0012104511260986328
37,12,160,3.6005969047546387,3.601438522338867,0.0008416175842285156
37,13,160,3.8942198753356934,3.8958964347839355,0.0016765594482421875
37,14,160,4.175817489624023,4.1742658615112305,-0.0015516281127929688
37,15,160,4.188933849334717,4.187439441680908,-0.0014944076538085938
37,16,160,3.8494648933410645,3.847379207611084,-0.0020856857299804688
37,17,160,4.0535173416137695,4.052974224090576,-0.0005431175231933594
37,18,160,3.7102890014648438,3.7094621658325195,-0.0008268356323242188
37,19,160,3.3106751441955566,3.310166120529175,-0.0005090236663818359
38,0,160,3.460357666015625,3.4600439071655273,-0.00031375885009765625
38,1,160,3.7352194786071777,3.7373077869415283,0.002088308334350586
38,2,160,3.6235554218292236,3.6241729259490967,0.0006175041198730469
38,3,160,3.7979753017425537,3.798898220062256,0.0009229183197021484
38,4,160,3.7034754753112793,3.707711935043335,0.004236459732055664
38,5,160,3.496649742126465,3.500422477722168,0.003772735595703125
38,6,160,4.165515422821045,4.1679182052612305,0.002402782440185547
38,7,160,3.8684756755828857,3.8736612796783447,0.005185604095458984
38,8,160,3.850370168685913,3.8535473346710205,0.003177165985107422
38,9,160,3.5663795471191406,3.5639781951904297,-0.0024013519287109375
38,10,160,3.5655364990234375,3.566464900970459,0.0009284019470214844
38,11,160,3.778928518295288,3.778414249420166,-0.0005142688751220703
38,12,160,3.6005969047546387,3.600310802459717,-0.000286102294921875
38,13,160,3.8942198753356934,3.8957936763763428,0.001573801040649414
38,14,160,4.175817489624023,4.172832489013672,-0.0029850006103515625
38,15,160,4.188933849334717,4.187922954559326,-0.001010894775390625
38,16,160,3.8494648933410645,3.850856304168701,0.0013914108276367188
38,17,160,4.0535173416137695,4.0533928871154785,-0.00012445449829101562
38,18,160,3.7102890014648438,3.7113170623779297,0.0010280609130859375
38,19,160,3.3106751441955566,3.3091585636138916,-0.001516580581665039
39,0,160,3.460357666015625,3.462222099304199,0.0018644332885742188
39,1,160,3.7352194786071777,3.736417293548584,0.00119781494140625
39,2,160,3.6235554218292236,3.623631000518799,7.557868957519531e-05
39,3,160,3.7979753017425537,3.7961325645446777,-0.0018427371978759766
39,4,160,3.7034754753112793,3.7075459957122803,0.0040705204010009766
39,5,160,3.496649742126465,3.495002031326294,-0.0016477108001708984
39,6,160,4.165515422821045,4.16550874710083,-6.67572021484375e-06
39,7,160,3.8684756755828857,3.872936248779297,0.004460573196411133
39,8,160,3.850370168685913,3.851710081100464,0.0013399124145507812
39,9,160,3.5663795471191406,3.5683043003082275,0.001924753189086914
39,10,160,3.5655364990234375,3.5670926570892334,0.0015561580657958984
39,11,160,3.778928518295288,3.778198719024658,-0.0007297992706298828
39,12,160,3.6005969047546387,3.6005144119262695,-8.249282836914062e-05
39,13,160,3.8942198753356934,3.8959009647369385,0.0016810894012451172
39,14,160,4.175817489624023,4.17877197265625,0.0029544830322265625
39,15,160,4.188933849334717,4.190281867980957,0.0013480186462402344
39,16,160,3.8494648933410645,3.854454278945923,0.0049893856048583984
39,17,160,4.0535173416137695,4.051619529724121,-0.0018978118896484375
39,18,160,3.7102890014648438,3.706786870956421,-0.0035021305084228516
39,19,160,3.3106751441955566,3.3093864917755127,-0.0012886524200439453
40,0,160,3.460357666015625,3.456295967102051,-0.004061698913574219
40,1,160,3.7352194786071777,3.7356419563293457,0.00042247772216796875
40,2,160,3.6235554218292236,3.622735023498535,-0.0008203983306884766
40,3,160,3.7979753017425537,3.799816608428955,0.0018413066864013672
40,4,160,3.7034754753112793,3.7049574851989746,0.0014820098876953125
40,5,160,3.496649742126465,3.4989755153656006,0.002325773239135742
40,6,160,4.165515422821045,4.164198398590088,-0.0013170242309570312
40,7,160,3.8684756755828857,3.8683512210845947,-0.00012445449829101562
40,8,160,3.850370168685913,3.8490610122680664,-0.0013091564178466797
40,9,160,3.5663795471191406,3.5659220218658447,-0.00045752525329589844
40,10,160,3.5655364990234375,3.565894603729248,0.0003581047058105469
40,11,160,3.778928518295288,3.777890682220459,-0.0010378360748291016
40,12,160,3.6005969047546387,3.602294445037842,0.001697540283203125
40,13,160,3.8942198753356934,3.895853281021118,0.0016334056854248047
40,14,160,4.175817489624023,4.177298545837402,0.0014810562133789062
40,15,160,4.188933849334717,4.187617301940918,-0.0013165473937988281
40,16,160,3.8494648933410645,3.8465890884399414,-0.002875804901123047
40,17,160,4.0535173416137695,4.053897857666016,0.00038051605224609375
40,18,160,3.7102890014648438,3.7066993713378906,-0.003589630126953125
40,19,160,3.3106751441955566,3.3100695610046387,-0.0006055831909179688
41,0,160,3.460357666015625,3.4627084732055664,0.0023508071899414062
41,1,160,3.7352194786071777,3.7367308139801025,0.0015113353729248047
41,2,160,3.6235554218292236,3.625391721725464,0.0018362998962402344
41,3,160,3.7979753017425537,3.79557466506958,-0.002400636672973633
41,4,160,3.7034754753112793,3.706076145172119,0.0026006698608398438
41,5,160,3.496649742126465,3.500765562057495,0.0041158199310302734
41,6,160,4.165515422821045,4.163992881774902,-0.0015225410461425781
41,7,160,3.8684756755828857,3.872311592102051,0.003835916519165039
41,8,160,3.850370168685913,3.8532910346984863,0.002920866012573242
41,9,160,3.5663795471191406,3.5681092739105225,0.001729726791381836
41,10,160,3.5655364990234375,3.564829111099243,-0.0007073879241943359
41,11,160,3.778928518295288,3.780825614929199,0.0018970966339111328
41,12,160,3.6005969047546387,3.601545572280884,0.0009486675262451172
41,13,160,3.8942198753356934,3.8944854736328125,0.0002655982971191406
41,14,160,4.175817489624023,4.179226875305176,0.0034093856811523438
41,15,160,4.188933849334717,4.1877641677856445,-0.0011696815490722656
41,16,160,3.8494648933410645,3.852541208267212,0.003076314926147461
41,17,160,4.0535173416137695,4.05628776550293,0.0027704238891601562
41,18,160,3.7102890014648438,3.7096097469329834,-0.0006792545318603516
41,19,160,3.3106751441955566,3.314829111099243,0.0041539669036865234
42,0,160,3.460357666015625,3.4578073024749756,-0.002550363540649414
42,1,160,3.7352194786071777,3.7346508502960205,-0.0005686283111572266
42,2,160,3.6235554218292236,3.6262974739074707,0.0027420520782470703
42,3,160,3.7979753017425537,3.7999770641326904,0.0020017623901367188
42,4,160,3.7034754753112793,3.7029902935028076,-0.0004851818084716797
42,5,160,3.496649742126465,3.4972457885742188,0.0005960464477539062
42,6,160,4.165515422821045,4.164762496948242,-0.0007529258728027344
42,7,160,3.8684756755828857,3.8685457706451416,7.009506225585938e-05
42,8,160,3.850370168685913,3.8522775173187256,0.0019073486328125
42,9,160,3.5663795471191406,3.5652976036071777,-0.0010819435119628906
42,10,160,3.5655364990234375,3.564523220062256,-0.0010132789611816406
42,11,160,3.778928518295288,3.7786099910736084,-0.0003185272216796875
42,12,160,3.6005969047546387,3.5995078086853027,-0.0010890960693359375
42,13,160,3.8942198753356934,3.895986795425415,0.0017669200897216797
42,14,160,4.175817489624023,4.177447319030762,0.0016298294067382812
42,15,160,4.188933849334717,4.189762115478516,0.0008282661437988281
42,16,160,3.8494648933410645,3.8477189540863037,-0.0017459392547607422
42,17,160,4.0535173416137695,4.052773952484131,-0.0007433891296386719
42,18,160,3.7102890014648438,3.7108099460601807,0.0005209445953369141
42,19,160,3.3106751441955566,3.3102469444274902,-0.00042819976806640625
43,0,160,3.460357666015625,3.461597204208374,0.0012395381927490234
43,1,160,3.7352194786071777,3.7347164154052734,-0.0005030632019042969
43,2,160,3.6235554218292236,3.6188712120056152,-0.0046842098236083984
43,3,160,3.7979753017425537,3.800041675567627,0.002066373825073242
43,4,160,3.7034754753112793,3.7053322792053223,0.0018568038940429688
43,5,160,3.496649742126465,3.4961838722229004,-0.0004658699035644531
43,6,160,4.165515422821045,4.164544105529785,-0.0009713172912597656
43,7,160,3.8684756755828857,3.870603322982788,0.0021276473999023438
43,8,160,3.850370168685913,3.8535192012786865,0.0031490325927734375
43,9,160,3.5663795471191406,3.5669944286346436,0.0006148815155029297
43,10,160,3.5655364990234375,3.566326141357422,0.000789642333984375
43,11,160,3.778928518295288,3.779555320739746,0.0006268024444580078
43,12,160,3.6005969047546387,3.604630470275879,0.004033565521240234
43,13,160,3.8942198753356934,3.8927106857299805,-0.0015091896057128906
43,14,160,4.175817489624023,4.175516605377197,-0.0003008842468261719
43,15,160,4.188933849334717,4.19317102432251,0.004237174987792969
43,16,160,3.8494648933410645,3.848482370376587,-0.000982522964477539
43,17,160,4.0535173416137695,4.051015853881836,-0.0025014877319335938
43,18,160,3.7102890014648438,3.7105913162231445,0.00030231475830078125
43,19,160,3.3106751441955566,3.3120861053466797,0.0014109611511230469
44,0,160,3.460357666015625,3.461132287979126,0.0007746219635009766
44,1,160,3.7352194786071777,3.7337937355041504,-0.0014257431030273438
44,2,160,3.6235554218292236,3.624415636062622,0.0008602142333984375
44,3,160,3.7979753017425537,3.8010451793670654,0.0030698776245117188
44,4,160,3.7034754753112793,3.7017252445220947,-0.0017502307891845703
44,5,160,3.496649742126465,3.4954214096069336,-0.00122833251953125
44,6,160,4.165515422821045,4.164062023162842,-0.001453399658203125
44,7,160,3.8684756755828857,3.868427038192749,-4.863739013671875e-05
44,8,160,3.850370168685913,3.8539791107177734,0.0036089420318603516
44,9,160,3.5663795471191406,3.5658717155456543,-0.0005078315734863281
44,10,160,3.5655364990234375,3.565485715866089,-5.078315734863281e-05
44,11,160,3.778928518295288,3.780898094177246,0.001969575881958008
44,12,160,3.6005969047546387,3.601799964904785,0.0012030601501464844
44,13,160,3.8942198753356934,3.8924591541290283,-0.001760721206665039
44,14,160,4.175817489624023,4.17799711227417,0.0021796226501464844
44,15,160,4.188933849334717,4.18842887878418,-0.0005049705505371094
44,16,160,3.8494648933410645,3.8545563220977783,0.005091428756713867
44,17,160,4.0535173416137695,4.056809425354004,0.003292083740234375
44,18,160,3.7102890014648438,3.710477590560913,0.00018858909606933594
44,19,160,3.3106751441955566,3.3080201148986816,-0.002655029296875
45,0,160,3.460357666015625,3.4639697074890137,0.003612041473388672
45,1,160,3.7352194786071777,3.734299659729004,-0.0009198188781738281
45,2,160,3.6235554218292236,3.621692419052124,-0.0018630027770996094
45,3,160,3.7979753017425537,3.7995808124542236,0.0016055107116699219
45,4,160,3.7034754753112793,3.705812931060791,0.0023374557495117188
45,5,160,3.496649742126465,3.4988393783569336,0.00218963623046875
45,6,160,4.165515422821045,4.168304443359375,0.002789020538330078
45,7,160,3.8684756755828857,3.8702454566955566,0.0017697811126708984
45,8,160,3.850370168685913,3.8478922843933105,-0.002477884292602539
45,9,160,3.5663795471191406,3.5657401084899902,-0.0006394386291503906
45,10,160,3.5655364990234375,3.5656747817993164,0.00013828277587890625
45,11,160,3.778928518295288,3.7795569896698,0.0006284713745117188
45,12,160,3.6005969047546387,3.6042089462280273,0.003612041473388672
45,13,160,3.8942198753356934,3.8945372104644775,0.0003173351287841797
45,14,160,4.175817489624023,4.178972244262695,0.003154754638671875
45,15,160,4.188933849334717,4.192185878753662,0.0032520294189453125
45,16,160,3.8494648933410645,3.849020481109619,-0.0004444122314453125
45,17,160,4.0535173416137695,4.049604415893555,-0.003912925720214844
45,18,160,3.7102890014648438,3.7100830078125,-0.00020599365234375
45,19,160,3.3106751441955566,3.312361240386963,0.00168609619140625
46,0,160,3.460357666015625,3.4593610763549805,-0.0009965896606445312
46,1,160,3.7352194786071777,3.7364919185638428,0.001272439956665039
46,2,160,3.6235554218292236,3.6251637935638428,0.0016083717346191406
46,3,160,3.7979753017425537,3.7990241050720215,0.0010488033294677734
46,4,160,3.7034754753112793,3.7069787979125977,0.0035033226013183594
46,5,160,3.496649742126465,3.498650312423706,0.002000570297241211
46,6,160,4.165515422821045,4.167891025543213,0.0023756027221679688
46,7,160,3.8684756755828857,3.8686411380767822,0.00016546249389648438
46,8,160,3.850370168685913,3.8508381843566895,0.0004680156707763672
46,9,160,3.5663795471191406,3.5702545642852783,0.0038750171661376953
46,10,160,3.5655364990234375,3.5661375522613525,0.0006010532379150391
46,11,160,3.778928518295288,3.7782068252563477,-0.0007216930389404297
46,12,160,3.6005969047546387,3.602274179458618,0.0016772747039794922
46,13,160,3.8942198753356934,3.895040273666382,0.0008203983306884766
46,14,160,4.175817489624023,4.177167892456055,0.00135040283203125
46,15,160,4.188933849334717,4.189568996429443,0.0006351470947265625
46,16,160,3.8494648933410645,3.850128412246704,0.0006635189056396484
46,17,160,4.0535173416137695,4.051178932189941,-0.002338409423828125
46,18,160,3.7102890014648438,3.716367721557617,0.0060787200927734375
46,19,160,3.3106751441955566,3.311817169189453,0.0011420249938964844
47,0,160,3.460357666015625,3.463320255279541,0.0029625892639160156
47,1,160,3.7352194786071777,3.7341055870056152,-0.0011138916015625
47,2,160,3.6235554218292236,3.623914957046509,0.00035953521728515625
47,3,160,3.7979753017425537,3.796874523162842,-0.001100778579711914
47,4,160,3.7034754753112793,3.706061601638794,0.0025861263275146484
47,5,160,3.496649742126465,3.498758554458618,0.0021088123321533203
47,6,160,4.165515422821045,4.164122104644775,-0.0013933181762695312
47,7,160,3.8684756755828857,3.8690896034240723,0.0006139278411865234
47,8,160,3.850370168685913,3.850384473800659,1.430511474609375e-05
47,9,160,3.5663795471191406,3.56445574760437,-0.0019237995147705078
47,10,160,3.5655364990234375,3.567863941192627,0.002327442169189453
47,11,160,3.778928518295288,3.7807655334472656,0.001837015151977539
47,12,160,3.6005969047546387,3.606470823287964,0.005873918533325195
47,13,160,3.8942198753356934,3.893266201019287,-0.00095367431640625
47,14,160,4.175817489624023,4.178893089294434,0.0030755996704101562
47,15,160,4.188933849334717,4.190569877624512,0.0016360282897949219
47,16,160,3.8494648933410645,3.8510329723358154,0.0015680789947509766
47,17,160,4.0535173416137695,4.054126262664795,0.0006089210510253906
47,18,160,3.7102890014648438,3.710206985473633,-8.20159912109375e-05
47,19,160,3.3106751441955566,3.314075469970703,0.0034003257751464844
48,0,160,3.460357666015625,3.4587109088897705,-0.0016467571258544922
48,1,160,3.7352194786071777,3.732219934463501,-0.002999544143676758
48,2,160,3.6235554218292236,3.62422513961792,0.0006697177886962891
48,3,160,3.7979753017425537,3.802642822265625,0.004667520523071289
48,4,160,3.7034754753112793,3.703087568283081,-0.0003879070281982422
48,5,160,3.496649742126465,3.4998981952667236,0.003248453140258789
48,6,160,4.165515422821045,4.167643070220947,0.0021276473999023438
48,7,160,3.8684756755828857,3.869713306427002,0.001237630844116211
48,8,160,3.850370168685913,3.8529093265533447,0.0025391578674316406
48,9,160,3.5663795471191406,3.5663766860961914,-2.86102294921875e-06
48,10,160,3.5655364990234375,3.564509153366089,-0.0010273456573486328
48,11,160,3.778928518295288,3.779118299484253,0.00018978118896484375
48,12,160,3.6005969047546387,3.5990824699401855,-0.001514434814453125
48,13,160,3.8942198753356934,3.8948562145233154,0.0006363391876220703
48,14,160,4.175817489624023,4.172576904296875,-0.0032405853271484375
48,15,160,4.188933849334717,4.187814712524414,-0.0011191368103027344
48,16,160,3.8494648933410645,3.8518333435058594,0.002368450164794922
48,17,160,4.0535173416137695,4.055325984954834,0.0018086433410644531
48,18,160,3.7102890014648438,3.7132010459899902,0.0029120445251464844
48,19,160,3.3106751441955566,3.309288501739502,-0.0013866424560546875
49,0,160,3.460357666015625,3.460916757583618,0.0005590915679931641
49,1,160,3.7352194786071777,3.733482837677002,-0.0017366409301757812
49,2,160,3.6235554218292236,3.6219279766082764,-0.0016274452209472656
49,3,160,3.7979753017425537,3.800152063369751,0.0021767616271972656
49,4,160,3.7034754753112793,3.705989122390747,0.0025136470794677734
49,5,160,3.496649742126465,3.4940402507781982,-0.0026094913482666016
49,6,160,4.165515422821045,4.164530277252197,-0.0009851455688476562
49,7,160,3.8684756755828857,3.8670291900634766,-0.0014464855194091797
49,8,160,3.850370168685913,3.848374366760254,-0.0019958019256591797
49,9,160,3.5663795471191406,3.5679969787597656,0.001617431640625
49,10,160,3.5655364990234375,3.5653393268585205,-0.0001971721649169922
49,11,160,3.778928518295288,3.780076265335083,0.0011477470397949219
49,12,160,3.6005969047546387,3.604628801345825,0.0040318965911865234
49,13,160,3.8942198753356934,3.8937602043151855,-0.0004596710205078125
49,14,160,4.175817489624023,4.1792802810668945,0.0034627914428710938
49,15,160,4.188933849334717,4.192483901977539,0.0035500526428222656
49,16,160,3.8494648933410645,3.8495399951934814,7.510185241699219e-05
49,17,160,4.0535173416137695,4.0516438484191895,-0.0018734931945800781
49,18,160,3.7102890014648438,3.712146043777466,0.0018570423126220703
49,19,160,3.3106751441955566,3.30879282951355,-0.001882314682006836
50,0,160,3.460357666015625,3.4591991901397705,-0.0011584758758544922
50,1,160,3.7352194786071777,3.730736494064331,-0.00448298454284668
50,2,160,3.6235554218292236,3.6226508617401123,-0.0009045600891113281
50,3,160,3.7979753017425537,3.7998924255371094,0.001917123794555664
50,4,160,3.7034754753112793,3.7076239585876465,0.0041484832763671875
50,5,160,3.496649742126465,3.4939329624176025,-0.0027167797088623047
50,6,160,4.165515422821045,4.163701057434082,-0.0018143653869628906
50,7,160,3.8684756755828857,3.8713085651397705,0.0028328895568847656
50,8,160,3.850370168685913,3.850342273712158,-2.7894973754882812e-05
50,9,160,3.5663795471191406,3.5677871704101562,0.001407623291015625
50,10,160,3.5655364990234375,3.5646812915802,-0.0008552074432373047
50,11,160,3.778928518295288,3.7803900241851807,0.0014615058898925781
50,12,160,3.6005969047546387,3.602370500564575,0.0017735958099365234
50,13,160,3.8942198753356934,3.895796775817871,0.0015769004821777344
50,14,160,4.175817489624023,4.178518295288086,0.0027008056640625
50,15,160,4.188933849334717,4.188269138336182,-0.0006647109985351562
50,16,160,3.8494648933410645,3.8485963344573975,-0.0008685588836669922
50,17,160,4.0535173416137695,4.0556488037109375,0.0021314620971679688
50,18,160,3.7102890014648438,3.7128443717956543,0.002555370330810547
50,19,160,3.3106751441955566,3.312620162963867,0.0019450187683105469
51,0,160,3.460357666015625,3.4619266986846924,0.0015690326690673828
51,1,160,3.7352194786071777,3.734997510910034,-0.0002219676971435547
51,2,160,3.6235554218292236,3.6235947608947754,3.933906555175781e-05
51,3,160,3.7979753017425537,3.8021531105041504,0.00417780876159668
51,4,160,3.7034754753112793,3.7031326293945312,-0.0003428459167480469
51,5,160,3.496649742126465,3.4972245693206787,0.0005748271942138672
51,6,160,4.165515422821045,4.163827896118164,-0.0016875267028808594
51,7,160,3.8684756755828857,3.871994733810425,0.0035190582275390625
51,8,160,3.850370168685913,3.8498172760009766,-0.0005528926849365234
51,9,160,3.5663795471191406,3.5656585693359375,-0.000720977783203125
51,10,160,3.5655364990234375,3.563816785812378,-0.0017197132110595703
51,11,160,3.778928518295288,3.7785184383392334,-0.0004100799560546875
51,12,160,3.6005969047546387,3.604508638381958,0.003911733627319336
51,13,160,3.8942198753356934,3.8904099464416504,-0.0038099288940429688
51,14,160,4.175817489624023,4.1789350509643555,0.0031175613403320312
51,15,160,4.188933849334717,4.18934440612793,0.0004105567932128906
51,16,160,3.8494648933410645,3.853813886642456,0.0043489933013916016
51,17,160,4.0535173416137695,4.050959587097168,-0.0025577545166015625
51,18,160,3.7102890014648438,3.7101829051971436,-0.00010609626770019531
51,19,160,3.3106751441955566,3.3109912872314453,0.0003161430358886719
52,0,160,3.460357666015625,3.4629602432250977,0.0026025772094726562
52,1,160,3.7352194786071777,3.7353084087371826,8.893013000488281e-05
52,2,160,3.6235554218292236,3.6194679737091064,-0.0040874481201171875
52,3,160,3.7979753017425537,3.8027632236480713,0.004787921905517578
52,4,160,3.7034754753112793,3.708387613296509,0.004912137985229492
52,5,160,3.496649742126465,3.495605230331421,-0.0010445117950439453
52,6,160,4.165515422821045,4.1623759269714355,-0.003139495849609375
52,7,160,3.8684756755828857,3.868964672088623,0.0004889965057373047
52,8,160,3.850370168685913,3.8491649627685547,-0.0012052059173583984
52,9,160,3.5663795471191406,3.5658302307128906,-0.00054931640625
52,10,160,3.5655364990234375,3.5682458877563477,0.0027093887329101562
52,11,160,3.778928518295288,3.781958818435669,0.0030303001403808594
52,12,160,3.6005969047546387,3.6018128395080566,0.0012159347534179688
52,13,160,3.8942198753356934,3.8939359188079834,-0.00028395652770996094
52,14,160,4.175817489624023,4.175766944885254,-5.054473876953125e-05
52,15,160,4.188933849334717,4.186087608337402,-0.002846240997314453
52,16,160,3.8494648933410645,3.8458757400512695,-0.003589153289794922
52,17,160,4.0535173416137695,4.0572190284729,0.0037016868591308594
52,18,160,3.7102890014648438,3.713109254837036,0.002820253372192383
52,19,160,3.3106751441955566,3.3099684715270996,-0.0007066726684570312
53,0,160,3.460357666015625,3.459193468093872,-0.0011641979217529297
53,1,160,3.7352194786071777,3.734792709350586,-0.0004267692565917969
53,2,160,3.6235554218292236,3.6270458698272705,0.003490447998046875
53,3,160,3.7979753017425537,3.7986717224121094,0.0006964206695556641
53,4,160,3.7034754753112793,3.7077205181121826,0.00424504280090332
53,5,160,3.496649742126465,3.4949710369110107,-0.0016787052154541016
53,6,160,4.165515422821045,4.1645612716674805,-0.0009541511535644531
53,7,160,3.8684756755828857,3.8697569370269775,0.0012812614440917969
53,8,160,3.850370168685913,3.8519980907440186,0.0016279220581054688
53,9,160,3.5663795471191406,3.5656466484069824,-0.0007328987121582031
53,10,160,3.5655364990234375,3.5640323162078857,-0.0015041828155517578
53,11,160,3.778928518295288,3.781468629837036,0.002540111541748047
53,12,160,3.6005969047546387,3.6029703617095947,0.0023734569549560547
53,13,160,3.8942198753356934,3.897019147872925,0.0027992725372314453
53,14,160,4.175817489624023,4.175042152404785,-0.0007753372192382812
53,15,160,4.188933849334717,4.19142484664917,0.002490997314453125
53,16,160,3.8494648933410645,3.8493447303771973,-0.0001201629638671875
53,17,160,4.0535173416137695,4.05288028717041,-0.000637054443359375
53,18,160,3.7102890014648438,3.7132372856140137,0.002948284149169922
53,19,160,3.3106751441955566,3.3089263439178467,-0.001748800277709961
54,0,160,3.460357666015625,3.4571332931518555,-0.0032243728637695312
54,1,160,3.7352194786071777,3.7372031211853027,0.001983642578125
54,2,160,3.6235554218292236,3.6229844093322754,-0.0005710124969482422
54,3,160,3.7979753017425537,3.796389579772949,-0.0015857219696044922
54,4,160,3.7034754753112793,3.704739570617676,0.0012640953063964844
54,5,160,3.496649742126465,3.4957003593444824,-0.0009493827819824219
54,6,160,4.165515422821045,4.165835380554199,0.0003199577331542969
54,7,160,3.8684756755828857,3.86877703666687,0.000301361083984375
54,8,160,3.850370168685913,3.849491596221924,-0.0008785724639892578
54,9,160,3.5663795471191406,3.5677103996276855,0.0013308525085449219
54,10,160,3.5655364990234375,3.5662379264831543,0.0007014274597167969
54,11,160,3.778928518295288,3.778911828994751,-1.6689300537109375e-05
54,12,160,3.6005969047546387,3.600085973739624,-0.0005109310150146484
54,13,160,3.8942198753356934,3.896334648132324,0.0021147727966308594
54,14,160,4.175817489624023,4.176147937774658,0.0003304481506347656
54,15,160,4.188933849334717,4.190152168273926,0.0012183189392089844
54,16,160,3.8494648933410645,3.850010395050049,0.000545501708984375
54,17,160,4.0535173416137695,4.052734375,-0.0007829666137695312
54,18,160,3.7102890014648438,3.712965726852417,0.002676725387573242
54,19,160,3.3106751441955566,3.310670852661133,-4.291534423828125e-06
55,0,160,3.460357666015625,3.462350368499756,0.0019927024841308594
55,1,160,3.7352194786071777,3.7333147525787354,-0.0019047260284423828
55,2,160,3.6235554218292236,3.623080253601074,-0.00047516822814941406
55,3,160,3.7979753017425537,3.798383951187134,0.0004086494445800781
55,4,160,3.7034754753112793,3.705355644226074,0.0018801689147949219
55,5,160,3.496649742126465,3.4973392486572266,0.0006895065307617188
55,6,160,4.165515422821045,4.166229724884033,0.0007143020629882812
55,7,160,3.8684756755828857,3.869283437728882,0.0008077621459960938
55,8,160,3.850370168685913,3.8495843410491943,-0.00078582763671875
55,9,160,3.5663795471191406,3.5666089057922363,0.00022935867309570312
55,10,160,3.5655364990234375,3.563244104385376,-0.0022923946380615234
55,11,160,3.778928518295288,3.7810163497924805,0.002087831497192383
55,12,160,3.6005969047546387,3.603234052658081,0.002637147903442383
55,13,160,3.8942198753356934,3.893000364303589,-0.0012195110321044922
55,14,160,4.175817489624023,4.172450542449951,-0.0033669471740722656
55,15,160,4.188933849334717,4.1876606941223145,-0.0012731552124023438
55,16,160,3.8494648933410645,3.849978446960449,0.0005135536193847656
55,17,160,4.0535173416137695,4.055316925048828,0.0017995834350585938
55,18,160,3.7102890014648438,3.71138596534729,0.001096963882446289
55,19,160,3.3106751441955566,3.3114798069000244,0.0008046627044677734
56,0,160,3.460357666015625,3.4629311561584473,0.0025734901428222656
56,1,160,3.7352194786071777,3.733020544052124,-0.002198934555053711
56,2,160,3.6235554218292236,3.6216890811920166,-0.0018663406372070312
56,3,160,3.7979753017425537,3.8006539344787598,0.0026786327362060547
56,4,160,3.7034754753112793,3.706585645675659,0.003110170364379883
56,5,160,3.496649742126465,3.4981586933135986,0.001508951187133789
56,6,160,4.165515422821045,4.1639885902404785,-0.0015268325805664062
56,7,160,3.8684756755828857,3.8712453842163086,0.0027697086334228516
56,8,160,3.850370168685913,3.850163221359253,-0.00020694732666015625
56,9,160,3.5663795471191406,3.5649795532226562,-0.001399993896484375
56,10,160,3.5655364990234375,3.5695228576660156,0.003986358642578125
56,11,160,3.778928518295288,3.782219409942627,0.003290891647338867
56,12,160,3.6005969047546387,3.603167772293091,0.0025708675384521484
56,13,160,3.8942198753356934,3.8945136070251465,0.000293731689453125
56,14,160,4.175817489624023,4.173792362213135,-0.002025127410888672
56,15,160,4.188933849334717,4.192163467407227,0.0032296180725097656
56,16,160,3.8494648933410645,3.8541886806488037,0.004723787307739258
56,17,160,4.0535173416137695,4.051586627960205,-0.0019307136535644531
56,18,160,3.7102890014648438,3.710920572280884,0.0006315708160400391
56,19,160,3.3106751441955566,3.3120064735412598,0.001331329345703125
57,0,160,3.460357666015625,3.461129665374756,0.0007719993591308594
57,1,160,3.7352194786071777,3.7322041988372803,-0.003015279769897461
57,2,160,3.6235554218292236,3.62357497215271,1.9550323486328125e-05
57,3,160,3.7979753017425537,3.7953429222106934,-0.0026323795318603516
57,4,160,3.7034754753112793,3.704547166824341,0.0010716915130615234
57,5,160,3.496649742126465,3.4992103576660156,0.0025606155395507812
57,6,160,4.165515422821045,4.1674394607543945,0.0019240379333496094
57,7,160,3.8684756755828857,3.870413303375244,0.0019376277923583984
57,8,160,3.850370168685913,3.851855993270874,0.0014858245849609375
57,9,160,3.5663795471191406,3.566868782043457,0.0004892349243164062
57,10,160,3.5655364990234375,3.569563388824463,0.004026889801025391
57,11,160,3.778928518295288,3.7759389877319336,-0.002989530563354492
57,12,160,3.6005969047546387,3.60097336769104,0.0003764629364013672
57,13,160,3.8942198753356934,3.897458791732788,0.0032389163970947266
57,14,160,4.175817489624023,4.177249908447266,0.0014324188232421875
57,15,160,4.188933849334717,4.193706035614014,0.004772186279296875
57,16,160,3.8494648933410645,3.848412275314331,-0.0010526180267333984
57,17,160,4.0535173416137695,4.053714752197266,0.00019741058349609375
57,18,160,3.7102890014648438,3.7119510173797607,0.0016620159149169922
57,19,160,3.3106751441955566,3.3118929862976074,0.0012178421020507812
58,0,160,3.460357666015625,3.4588167667388916,-0.0015408992767333984
58,1,160,3.7352194786071777,3.737140655517578,0.0019211769104003906
58,2,160,3.6235554218292236,3.6236178874969482,6.246566772460938e-05
58,3,160,3.7979753017425537,3.799755811691284,0.0017805099487304688
58,4,160,3.7034754753112793,3.7044517993927,0.0009763240814208984
58,5,160,3.496649742126465,3.5003886222839355,0.003738880157470703
58,6,160,4.165515422821045,4.1639556884765625,-0.0015597343444824219
58,7,160,3.8684756755828857,3.8689513206481934,0.0004756450653076172
58,8,160,3.850370168685913,3.854789972305298,0.004419803619384766
58,9,160,3.5663795471191406,3.5685362815856934,0.0021567344665527344
58,10,160,3.5655364990234375,3.5656940937042236,0.0001575946807861328
58,11,160,3.778928518295288,3.7799699306488037,0.001041412353515625
58,12,160,3.6005969047546387,3.598341703414917,-0.0022552013397216797
58,13,160,3.8942198753356934,3.89223051071167,-0.0019893646240234375
58,14,160,4.175817489624023,4.176801681518555,0.00098419189453125
58,15,160,4.188933849334717,4.189066410064697,0.00013256072998046875
58,16,160,3.8494648933410645,3.8509223461151123,0.0014574527740478516
58,17,160,4.0535173416137695,4.050302028656006,-0.003215312957763672
58,18,160,3.7102890014648438,3.708725929260254,-0.0015630722045898438
58,19,160,3.3106751441955566,3.3116936683654785,0.001018524169921875
59,0,160,3.460357666015625,3.4601798057556152,-0.00017786026000976562
59,1,160,3.7352194786071777,3.7355711460113525,0.0003516674041748047
59,2,160,3.6235554218292236,3.626784086227417,0.0032286643981933594
59,3,160,3.7979753017425537,3.7995216846466064,0.0015463829040527344
59,4,160,3.7034754753112793,3.707683563232422,0.004208087921142578
59,5,160,3.496649742126465,3.494565963745117,-0.0020837783813476562
59,6,160,4.165515422821045,4.165485858917236,-2.956390380859375e-05
59,7,160,3.8684756755828857,3.8696138858795166,0.0011382102966308594
59,8,160,3.850370168685913,3.8502635955810547,-0.00010657310485839844
59,9,160,3.5663795471191406,3.568467617034912,0.0020880699157714844
59,10,160,3.5655364990234375,3.5680766105651855,0.002540111541748047
59,11,160,3.778928518295288,3.779132127761841,0.00020360946655273438
59,12,160,3.6005969047546387,3.601714611053467,0.001117706298828125
59,13,160,3.8942198753356934,3.896590232849121,0.0023703575134277344
59,14,160,4.175817489624023,4.1755571365356445,-0.00026035308837890625
59,15,160,4.188933849334717,4.187034606933594,-0.0018992424011230469
59,16,160,3.8494648933410645,3.8510470390319824,0.0015821456909179688
59,17,160,4.0535173416137695,4.054009914398193,0.0004925727844238281
59,18,160,3.7102890014648438,3.7121474742889404,0.0018584728240966797
59,19,160,3.3106751441955566,3.3101978302001953,-0.0004773139953613281
60,0,160,3.460357666015625,3.464299440383911,0.003941774368286133
60,1,160,3.7352194786071777,3.735502004623413,0.00028252601623535156
60,2,160,3.6235554218292236,3.621891498565674,-0.0016639232635498047
60,3,160,3.7979753017425537,3.7983694076538086,0.0003941059112548828
60,4,160,3.7034754753112793,3.705366373062134,0.0018908977508544922
60,5,160,3.496649742126465,3.4991137981414795,0.0024640560150146484
60,6,160,4.165515422821045,4.165920257568359,0.0004048347473144531
60,7,160,3.8684756755828857,3.8694722652435303,0.0009965896606445312
60,8,160,3.850370168685913,3.849893569946289,-0.00047659873962402344
60,9,160,3.5663795471191406,3.5664398670196533,6.031990051269531e-05
60,10,160,3.5655364990234375,3.564084053039551,-0.0014524459838867188
60,11,160,3.778928518295288,3.778738021850586,-0.00019049644470214844
60,12,160,3.6005969047546387,3.601412773132324,0.0008158683776855469
60,13,160,3.8942198753356934,3.8916149139404297,-0.002604961395263672
60,14,160,4.175817489624023,4.179779052734375,0.0039615631103515625
60,15,160,4.188933849334717,4.192520618438721,0.0035867691040039062
60,16,160,3.8494648933410645,3.8495547771453857,8.988380432128906e-05
60,17,160,4.0535173416137695,4.053860187530518,0.0003428459167480469
60,18,160,3.7102890014648438,3.7129580974578857,0.002669095993041992
60,19,160,3.3106751441955566,3.3102550506591797,-0.0004200935363769531
61,0,160,3.460357666015625,3.458571195602417,-0.0017864704132080078
61,1,160,3.7352194786071777,3.733454465866089,-0.0017650127410888672
61,2,160,3.6235554218292236,3.622204542160034,-0.0013508796691894531
61,3,160,3.7979753017425537,3.8011183738708496,0.0031430721282958984
61,4,160,3.7034754753112793,3.706587791442871,0.003112316131591797
61,5,160,3.496649742126465,3.50008487701416,0.0034351348876953125
61,6,160,4.165515422821045,4.1644697189331055,-0.0010457038879394531
61,7,160,3.8684756755828857,3.8698010444641113,0.001325368881225586
61,8,160,3.850370168685913,3.8499298095703125,-0.00044035911560058594
61,9,160,3.5663795471191406,3.5666351318359375,0.000255584716796875
61,10,160,3.5655364990234375,3.5668909549713135,0.0013544559478759766
61,11,160,3.778928518295288,3.779510259628296,0.0005817413330078125
61,12,160,3.6005969047546387,3.6016347408294678,0.0010378360748291016
61,13,160,3.8942198753356934,3.8915719985961914,-0.002647876739501953
61,14,160,4.175817489624023,4.174441814422607,-0.0013756752014160156
61,15,160,4.188933849334717,4.188364028930664,-0.0005698204040527344
61,16,160,3.8494648933410645,3.8482584953308105,-0.0012063980102539062
61,17,160,4.0535173416137695,4.052807807922363,-0.00070953369140625
61,18,160,3.7102890014648438,3.712327241897583,0.002038240432739258
61,19,160,3.3106751441955566,3.3100671768188477,-0.0006079673767089844
62,0,160,3.460357666015625,3.4598588943481445,-0.0004987716674804688
62,1,160,3.7352194786071777,3.7355449199676514,0.0003254413604736328
62,2,160,3.6235554218292236,3.623020887374878,-0.0005345344543457031
62,3,160,3.7979753017425537,3.8001601696014404,0.0021848678588867188
62,4,160,3.7034754753112793,3.703314781188965,-0.00016069412231445312
62,5,160,3.496649742126465,3.4946675300598145,-0.0019822120666503906
62,6,160,4.165515422821045,4.165278434753418,-0.00023698806762695312
62,7,160,3.8684756755828857,3.8686225414276123,0.0001468658447265625
62,8,160,3.850370168685913,3.8518998622894287,0.001529693603515625
62,9,160,3.5663795471191406,3.5697126388549805,0.0033330917358398438
62,10,160,3.5655364990234375,3.5664420127868652,0.0009055137634277344
62,11,160,3.778928518295288,3.7802953720092773,0.0013668537139892578
62,12,160,3.6005969047546387,3.6014842987060547,0.0008873939514160156
62,13,160,3.8942198753356934,3.8940396308898926,-0.00018024444580078125
62,14,160,4.175817489624023,4.173053741455078,-0.0027637481689453125
62,15,160,4.188933849334717,4.189845085144043,0.0009112358093261719
62,16,160,3.8494648933410645,3.849950075149536,0.0004851818084716797
62,17,160,4.0535173416137695,4.055909633636475,0.002392292022705078
62,18,160,3.7102890014648438,3.708691120147705,-0.0015978813171386719
62,19,160,3.3106751441955566,3.3115084171295166,0.0008332729339599609
63,0,160,3.460357666015625,3.464057445526123,0.003699779510498047
63,1,160,3.7352194786071777,3.7320375442504883,-0.003181934356689453
63,2,160,3.6235554218292236,3.6240012645721436,0.0004458427429199219
63,3,160,3.7979753017425537,3.7959516048431396,-0.0020236968994140625
63,4,160,3.7034754753112793,3.705543279647827,0.0020678043365478516
63,5,160,3.496649742126465,3.49666166305542,1.1920928955078125e-05
63,6,160,4.165515422821045,4.163099765777588,-0.0024156570434570312
63,7,160,3.8684756755828857,3.870628595352173,0.0021529197692871094
63,8,160,3.850370168685913,3.8510186672210693,0.00064849853515625
63,9,160,3.5663795471191406,3.567603826522827,0.0012242794036865234
63,10,160,3.5655364990234375,3.5617778301239014,-0.003758668899536133
63,11,160,3.778928518295288,3.7788267135620117,-0.00010180473327636719
63,12,160,3.6005969047546387,3.599092960357666,-0.0015039443969726562
63,13,160,3.8942198753356934,3.8936705589294434,-0.00054931640625
63,14,160,4.175817489624023,4.174952507019043,-0.0008649826049804688
63,15,160,4.188933849334717,4.1890668869018555,0.00013303756713867188
63,16,160,3.8494648933410645,3.848923444747925,-0.0005414485931396484
63,17,160,4.0535173416137695,4.050641059875488,-0.00287628173828125
63,18,160,3.7102890014648438,3.7099149227142334,-0.00037407875061035156
63,19,160,3.3106751441955566,3.3123040199279785,0.001628875732421875
64,0,160,3.460357666015625,3.460585355758667,0.0002276897430419922
64,1,160,3.7352194786071777,3.7368388175964355,0.0016193389892578125
64,2,160,3.6235554218292236,3.6251301765441895,0.0015747547149658203
64,3,160,3.7979753017425537,3.798985242843628,0.0010099411010742188
64,4,160,3.7034754753112793,3.702280044555664,-0.0011954307556152344
64,5,160,3.496649742126465,3.4974706172943115,0.0008208751678466797
64,6,160,4.165515422821045,4.1672210693359375,0.0017056465148925781
64,7,160,3.8684756755828857,3.873356819152832,0.004881143569946289
64,8,160,3.850370168685913,3.850860595703125,0.0004904270172119141
64,9,160,3.5663795471191406,3.5693628787994385,0.0029833316802978516
64,10,160,3.5655364990234375,3.5677475929260254,0.0022110939025878906
64,11,160,3.778928518295288,3.7795610427856445,0.0006325244903564453
64,12,160,3.6005969047546387,3.6004838943481445,-0.00011301040649414062
64,13,160,3.8942198753356934,3.8944973945617676,0.00027751922607421875
64,14,160,4.175817489624023,4.175103664398193,-0.0007138252258300781
64,15,160,4.188933849334717,4.189972400665283,0.0010385513305664062
64,16,160,3.8494648933410645,3.8492374420166016,-0.00022745132446289062
64,17,160,4.0535173416137695,4.050539493560791,-0.0029778480529785156
64,18,160,3.7102890014648438,3.706629514694214,-0.003659486770629883
64,19,160,3.3106751441955566,3.3136656284332275,0.0029904842376708984
65,0,160,3.460357666015625,3.456763744354248,-0.003593921661376953
65,1,160,3.7352194786071777,3.732976198196411,-0.0022432804107666016
65,2,160,3.6235554218292236,3.6247265338897705,0.001171112060546875
65,3,160,3.7979753017425537,3.7974066734313965,-0.0005686283111572266
65,4,160,3.7034754753112793,3.701108455657959,-0.0023670196533203125
65,5,160,3.496649742126465,3.497830390930176,0.0011806488037109375
65,6,160,4.165515422821045,4.1650567054748535,-0.00045871734619140625
65,7,160,3.8684756755828857,3.8717591762542725,0.0032835006713867188
65,8,160,3.850370168685913,3.847045660018921,-0.0033245086669921875
65,9,160,3.5663795471191406,3.5682857036590576,0.0019061565399169922
65,10,160,3.5655364990234375,3.5651559829711914,-0.00038051605224609375
65,11,160,3.778928518295288,3.778712034225464,-0.00021648406982421875
65,12,160,3.6005969047546387,3.599304676055908,-0.0012922286987304688
65,13,160,3.8942198753356934,3.8991596698760986,0.0049397945404052734
65,14,160,4.175817489624023,4.177188873291016,0.0013713836669921875
65,15,160,4.188933849334717,4.18840217590332,-0.0005316734313964844
65,16,160,3.8494648933410645,3.8497464656829834,0.0002815723419189453
65,17,160,4.0535173416137695,4.0497612953186035,-0.0037560462951660156
65,18,160,3.7102890014648438,3.710498332977295,0.00020933151245117188
65,19,160,3.3106751441955566,3.312006711959839,0.0013315677642822266
66,0,160,3.460357666015625,3.4596545696258545,-0.0007030963897705078
66,1,160,3.7352194786071777,3.7348194122314453,-0.0004000663757324219
66,2,160,3.6235554218292236,3.623790979385376,0.00023555755615234375
66,3,160,3.7979753017425537,3.7980284690856934,5.316734313964844e-05
66,4,160,3.7034754753112793,3.7023353576660156,-0.0011401176452636719
66,5,160,3.496649742126465,3.4975602626800537,0.0009105205535888672
66,6,160,4.165515422821045,4.164917945861816,-0.0005974769592285156
66,7,160,3.8684756755828857,3.865960121154785,-0.002515554428100586
66,8,160,3.850370168685913,3.851592540740967,0.001222372055053711
66,9,160,3.5663795471191406,3.5661802291870117,-0.00019931793212890625
66,10,160,3.5655364990234375,3.563293695449829,-0.0022428035736083984
66,11,160,3.778928518295288,3.7789955139160156,6.699562072753906e-05
66,12,160,3.6005969047546387,3.600435256958008,-0.00016164779663085938
66,13,160,3.8942198753356934,3.892507791519165,-0.0017120838165283203
66,14,160,4.175817489624023,4.17793083190918,0.00211334228515625
66,15,160,4.188933849334717,4.191521644592285,0.0025877952575683594
66,16,160,3.8494648933410645,3.853318691253662,0.0038537979125976562
66,17,160,4.0535173416137695,4.050133228302002,-0.003384113311767578
66,18,160,3.7102890014648438,3.707674026489258,-0.0026149749755859375
66,19,160,3.3106751441955566,3.314755916595459,0.004080772399902344
67,0,160,3.460357666015625,3.457785129547119,-0.0025725364685058594
67,1,160,3.7352194786071777,3.730268955230713,-0.004950523376464844
67,2,160,3.6235554218292236,3.6222851276397705,-0.001270294189453125
67,3,160,3.7979753017425537,3.8008196353912354,0.0028443336486816406
67,4,160,3.7034754753112793,3.702968120574951,-0.000507354736328125
67,5,160,3.496649742126465,3.496213912963867,-0.00043582916259765625
67,6,160,4.165515422821045,4.168200492858887,0.002685070037841797
67,7,160,3.8684756755828857,3.8672564029693604,-0.0012192726135253906
67,8,160,3.850370168685913,3.8494350910186768,-0.0009350776672363281
67,9,160,3.5663795471191406,3.5663435459136963,-3.600120544433594e-05
67,10,160,3.5655364990234375,3.565432071685791,-0.00010442733764648438
67,11,160,3.778928518295288,3.7783031463623047,-0.0006253719329833984
67,12,160,3.6005969047546387,3.6005842685699463,-1.2636184692382812e-05
67,13,160,3.8942198753356934,3.8932669162750244,-0.0009529590606689453
67,14,160,4.175817489624023,4.1766743659973145,0.0008568763732910156
67,15,160,4.188933849334717,4.189994812011719,0.0010609626770019531
67,16,160,3.8494648933410645,3.8492941856384277,-0.00017070770263671875
67,17,160,4.0535173416137695,4.055186748504639,0.0016694068908691406
67,18,160,3.7102890014648438,3.7130298614501953,0.0027408599853515625
67,19,160,3.3106751441955566,3.3078460693359375,-0.0028290748596191406
68,0,160,3.460357666015625,3.4612698554992676,0.0009121894836425781
68,1,160,3.7352194786071777,3.737940549850464,0.002721071243286133
68,2,160,3.6235554218292236,3.624424934387207,0.0008695125579833984
68,3,160,3.7979753017425537,3.797760248184204,-0.00021505355834960938
68,4,160,3.7034754753112793,3.7102835178375244,0.006808042526245117
68,5,160,3.496649742126465,3.5022714138031006,0.005621671676635742
68,6,160,4.165515422821045,4.167006492614746,0.0014910697937011719
68,7,160,3.8684756755828857,3.872180223464966,0.003704547882080078
68,8,160,3.850370168685913,3.8532514572143555,0.002881288528442383
68,9,160,3.5663795471191406,3.5679242610931396,0.0015447139739990234
68,10,160,3.5655364990234375,3.56889271736145,0.0033562183380126953
68,11,160,3.778928518295288,3.7803735733032227,0.0014450550079345703
68,12,160,3.6005969047546387,3.603041172027588,0.0024442672729492188
68,13,160,3.8942198753356934,3.8943095207214355,8.96453857421875e-05
68,14,160,4.175817489624023,4.17678689956665,0.0009694099426269531
68,15,160,4.188933849334717,4.190024375915527,0.0010905265808105469
68,16,160,3.8494648933410645,3.848191022872925,-0.0012738704681396484
68,17,160,4.0535173416137695,4.049127578735352,-0.004389762878417969
68,18,160,3.7102890014648438,3.7091290950775146,-0.0011599063873291016
68,19,160,3.3106751441955566,3.3123018741607666,0.001626729965209961
69,0,160,3.460357666015625,3.460458993911743,0.00010132789611816406
69,1,160,3.7352194786071777,3.737677812576294,0.002458333969116211
69,2,160,3.6235554218292236,3.6237151622772217,0.00015974044799804688
69,3,160,3.7979753017425537,3.8018076419830322,0.0038323402404785156
69,4,160,3.7034754753112793,3.7061567306518555,0.002681255340576172
69,5,160,3.496649742126465,3.497107982635498,0.0004582405090332031
69,6,160,4.165515422821045,4.165150165557861,-0.00036525726318359375
69,7,160,3.8684756755828857,3.8681812286376953,-0.0002944469451904297
69,8,160,3.850370168685913,3.850464105606079,9.393692016601562e-05
69,9,160,3.5663795471191406,3.567767858505249,0.0013883113861083984
69,10,160,3.5655364990234375,3.565019369125366,-0.0005171298980712891
69,11,160,3.778928518295288,3.7844436168670654,0.005515098571777344
69,12,160,3.6005969047546387,3.600342035293579,-0.0002548694610595703
69,13,160,3.8942198753356934,3.8959238529205322,0.0017039775848388672
69,14,160,4.175817489624023,4.175260543823242,-0.00055694580078125
69,15,160,4.188933849334717,4.1844258308410645,-0.004508018493652344
69,16,160,3.8494648933410645,3.8525454998016357,0.003080606460571289
69,17,160,4.0535173416137695,4.050266742706299,-0.003250598907470703
69,18,160,3.7102890014648438,3.711087465286255,0.0007984638214111328
69,19,160,3.3106751441955566,3.31280255317688,0.002127408981323242
70,0,160,3.460357666015625,3.4601974487304688,-0.00016021728515625
70,1,160,3.7352194786071777,3.7349047660827637,-0.0003147125244140625
70,2,160,3.6235554218292236,3.623746156692505,0.00019073486328125
70,3,160,3.7979753017425537,3.800809144973755,0.002833843231201172
70,4,160,3.7034754753112793,3.7048115730285645,0.0013360977172851562
70,5,160,3.496649742126465,3.4980528354644775,0.0014030933380126953
70,6,160,4.165515422821045,4.16212272644043,-0.0033926963806152344
70,7,160,3.8684756755828857,3.8685946464538574,0.00011897087097167969
70,8,160,3.850370168685913,3.8525075912475586,0.002137422561645508
70,9,160,3.5663795471191406,3.5645551681518555,-0.0018243789672851562
70,10,160,3.5655364990234375,3.5644190311431885,-0.0011174678802490234
70,11,160,3.778928518295288,3.778557777404785,-0.0003707408905029297
70,12,160,3.6005969047546387,3.6017823219299316,0.0011854171752929688
70,13,160,3.8942198753356934,3.894242525100708,2.2649765014648438e-05
70,14,160,4.175817489624023,4.177901744842529,0.0020842552185058594
70,15,160,4.188933849334717,4.186679840087891,-0.002254009246826172
70,16,160,3.8494648933410645,3.8495373725891113,7.2479248046875e-05
70,17,160,4.0535173416137695,4.053077697753906,-0.00043964385986328125
70,18,160,3.7102890014648438,3.7130887508392334,0.0027997493743896484
70,19,160,3.3106751441955566,3.3125336170196533,0.0018584728240966797
71,0,160,3.460357666015625,3.462479591369629,0.0021219253540039062
71,1,160,3.7352194786071777,3.735640287399292,0.0004208087921142578
71,2,160,3.6235554218292236,3.6272201538085938,0.003664731979370117
71,3,160,3.7979753017425537,3.802449941635132,0.004474639892578125
71,4,160,3.7034754753112793,3.705063581466675,0.0015881061553955078
71,5,160,3.496649742126465,3.499691963195801,0.0030422210693359375
71,6,160,4.165515422821045,4.164926052093506,-0.0005893707275390625
71,7,160,3.8684756755828857,3.8718650341033936,0.0033893585205078125
71,8,160,3.850370168685913,3.8534674644470215,0.0030972957611083984
71,9,160,3.5663795471191406,3.5686490535736084,0.0022695064544677734
71,10,160,3.5655364990234375,3.56567645072937,0.0001399517059326172
71,11,160,3.778928518295288,3.7781178951263428,-0.0008106231689453125
71,12,160,3.6005969047546387,3.603766918182373,0.003170013427734375
71,13,160,3.8942198753356934,3.8963091373443604,0.002089262008666992
71,14,160,4.175817489624023,4.1751298904418945,-0.0006875991821289062
71,15,160,4.188933849334717,4.188526630401611,-0.00040721893310546875
71,16,160,3.8494648933410645,3.8532087802886963,0.003743886947631836
71,17,160,4.0535173416137695,4.0538649559021,0.0003476142883300781
71,18,160,3.7102890014648438,3.7121849060058594,0.001895904541015625
71,19,160,3.3106751441955566,3.310757637023926,8.249282836914062e-05
72,0,160,3.460357666015625,3.4601528644561768,-0.0002048015594482422
72,1,160,3.7352194786071777,3.734473705291748,-0.0007457733154296875
72,2,160,3.6235554218292236,3.6229758262634277,-0.0005795955657958984
72,3,160,3.7979753017425537,3.796967029571533,-0.0010082721710205078
72,4,160,3.7034754753112793,3.70737886428833,0.0039033889770507812
72,5,160,3.496649742126465,3.4980967044830322,0.0014469623565673828
72,6,160,4.165515422821045,4.1655802726745605,6.4849853515625e-05
72,7,160,3.8684756755828857,3.8688204288482666,0.0003447532653808594
72,8,160,3.850370168685913,3.848796844482422,-0.001573324203491211
72,9,160,3.5663795471191406,3.5652401447296143,-0.0011394023895263672
72,10,160,3.5655364990234375,3.5657036304473877,0.0001671314239501953
72,11,160,3.778928518295288,3.775456666946411,-0.003471851348876953
72,12,160,3.6005969047546387,3.604273557662964,0.0036766529083251953
72,13,160,3.8942198753356934,3.8963611125946045,0.002141237258911133
72,14,160,4.175817489624023,4.1751227378845215,-0.0006947517395019531
72,15,160,4.188933849334717,4.186456680297852,-0.0024771690368652344
72,16,160,3.8494648933410645,3.8488802909851074,-0.0005846023559570312
72,17,160,4.0535173416137695,4.052825450897217,-0.0006918907165527344
72,18,160,3.7102890014648438,3.710047721862793,-0.00024127960205078125
72,19,160,3.3106751441955566,3.314046621322632,0.0033714771270751953
73,0,160,3.460357666015625,3.4605300426483154,0.0001723766326904297
73,1,160,3.7352194786071777,3.736644983291626,0.0014255046844482422
73,2,160,3.6235554218292236,3.627758502960205,0.004203081130981445
73,3,160,3.7979753017425537,3.7966203689575195,-0.0013549327850341797
73,4,160,3.7034754753112793,3.7043542861938477,0.0008788108825683594
73,5,160,3.496649742126465,3.5007355213165283,0.0040857791900634766
73,6,160,4.165515422821045,4.165647029876709,0.0001316070556640625
73,7,160,3.8684756755828857,3.8703742027282715,0.0018985271453857422
73,8,160,3.850370168685913,3.849151372909546,-0.0012187957763671875
73,9,160,3.5663795471191406,3.5708770751953125,0.004497528076171875
73,10,160,3.5655364990234375,3.564689874649048,-0.0008466243743896484
73,11,160,3.778928518295288,3.7811777591705322,0.0022492408752441406
73,12,160,3.6005969047546387,3.603510618209839,0.0029137134552001953
73,13,160,3.8942198753356934,3.8945980072021484,0.0003781318664550781
73,14,160,4.175817489624023,4.175394058227539,-0.000423431396484375
73,15,160,4.188933849334717,4.189560413360596,0.0006265640258789062
73,16,160,3.8494648933410645,3.8510074615478516,0.0015425682067871094
73,17,160,4.0535173416137695,4.055679798126221,0.002162456512451172
73,18,160,3.7102890014648438,3.712087869644165,0.001798868179321289
73,19,160,3.3106751441955566,3.312612533569336,0.0019373893737792969
74,0,160,3.460357666015625,3.463446855545044,0.0030891895294189453
74,1,160,3.7352194786071777,3.735860824584961,0.0006413459777832031
74,2,160,3.6235554218292236,3.6255505084991455,0.001995086669921875
74,3,160,3.7979753017425537,3.797851324081421,-0.0001239776611328125
74,4,160,3.7034754753112793,3.704012870788574,0.0005373954772949219
74,5,160,3.496649742126465,3.501072645187378,0.004422903060913086
74,6,160,4.165515422821045,4.164447784423828,-0.0010676383972167969
74,7,160,3.8684756755828857,3.868457555770874,-1.811981201171875e-05
74,8,160,3.850370168685913,3.854738473892212,0.004368305206298828
74,9,160,3.5663795471191406,3.567765474319458,0.0013859272003173828
74,10,160,3.5655364990234375,3.5641767978668213,-0.001359701156616211
74,11,160,3.778928518295288,3.782310724258423,0.0033822059631347656
74,12,160,3.6005969047546387,3.606890916824341,0.0062940120697021484
74,13,160,3.8942198753356934,3.898162841796875,0.003942966461181641
74,14,160,4.175817489624023,4.177359580993652,0.0015420913696289062
74,15,160,4.188933849334717,4.189879417419434,0.0009455680847167969
74,16,160,3.8494648933410645,3.852647542953491,0.003182649612426758
74,17,160,4.0535173416137695,4.058077812194824,0.0045604705810546875
74,18,160,3.7102890014648438,3.7159886360168457,0.005699634552001953
74,19,160,3.3106751441955566,3.314203977584839,0.0035288333892822266
75,0,160,3.460357666015625,3.459862232208252,-0.0004954338073730469
75,1,160,3.7352194786071777,3.735236167907715,1.6689300537109375e-05
75,2,160,3.6235554218292236,3.621570348739624,-0.0019850730895996094
75,3,160,3.7979753017425537,3.7949235439300537,-0.0030517578125
75,4,160,3.7034754753112793,3.703460693359375,-1.4781951904296875e-05
75,5,160,3.496649742126465,3.4945485591888428,-0.0021011829376220703
75,6,160,4.165515422821045,4.165699481964111,0.00018405914306640625
75,7,160,3.8684756755828857,3.8673014640808105,-0.0011742115020751953
75,8,160,3.850370168685913,3.8478362560272217,-0.0025339126586914062
75,9,160,3.5663795471191406,3.567877769470215,0.0014982223510742188
75,10,160,3.5655364990234375,3.5646116733551025,-0.0009248256683349609
75,11,160,3.778928518295288,3.7806780338287354,0.0017495155334472656
75,12,160,3.6005969047546387,3.6055729389190674,0.004976034164428711
75,13,160,3.8942198753356934,3.8921988010406494,-0.0020210742950439453
75,14,160,4.175817489624023,4.177942752838135,0.002125263214111328
75,15,160,4.188933849334717,4.187536716461182,-0.0013971328735351562
75,16,160,3.8494648933410645,3.8466970920562744,-0.002767801284790039
75,17,160,4.0535173416137695,4.0530781745910645,-0.0004391670227050781
75,18,160,3.7102890014648438,3.7118425369262695,0.0015535354614257812
75,19,160,3.3106751441955566,3.313040256500244,0.0023651123046875
76,0,160,3.460357666015625,3.4582605361938477,-0.0020971298217773438
76,1,160,3.7352194786071777,3.733123302459717,-0.0020961761474609375
76,2,160,3.6235554218292236,3.622002601623535,-0.0015528202056884766
76,3,160,3.7979753017425537,3.796809673309326,-0.001165628433227539
76,4,160,3.7034754753112793,3.7061879634857178,0.0027124881744384766
76,5,160,3.496649742126465,3.4973769187927246,0.0007271766662597656
76,6,160,4.165515422821045,4.164341449737549,-0.0011739730834960938
76,7,160,3.8684756755828857,3.8703441619873047,0.0018684864044189453
76,8,160,3.850370168685913,3.8506505489349365,0.0002803802490234375
76,9,160,3.5663795471191406,3.5642271041870117,-0.0021524429321289062
76,10,160,3.5655364990234375,3.5622313022613525,-0.003305196762084961
76,11,160,3.778928518295288,3.777939558029175,-0.0009889602661132812
76,12,160,3.6005969047546387,3.598729133605957,-0.0018677711486816406
76,13,160,3.8942198753356934,3.893159866333008,-0.0010600090026855469
76,14,160,4.175817489624023,4.174633026123047,-0.0011844635009765625
76,15,160,4.188933849334717,4.189713001251221,0.0007791519165039062
76,16,160,3.8494648933410645,3.849902391433716,0.0004374980926513672
76,17,160,4.0535173416137695,4.053346633911133,-0.00017070770263671875
76,18,160,3.7102890014648438,3.712902784347534,0.0026137828826904297
76,19,160,3.3106751441955566,3.3117446899414062,0.0010695457458496094
77,0,160,3.460357666015625,3.4619078636169434,0.0015501976013183594
77,1,160,3.7352194786071777,3.731519937515259,-0.0036995410919189453
77,2,160,3.6235554218292236,3.6243233680725098,0.0007679462432861328
77,3,160,3.7979753017425537,3.798754930496216,0.0007796287536621094
77,4,160,3.7034754753112793,3.7063629627227783,0.0028874874114990234
77,5,160,3.496649742126465,3.496570587158203,-7.915496826171875e-05
77,6,160,4.165515422821045,4.163606643676758,-0.0019087791442871094
77,7,160,3.8684756755828857,3.8685600757598877,8.440017700195312e-05
77,8,160,3.850370168685913,3.84926176071167,-0.001108407974243164
77,9,160,3.5663795471191406,3.569556474685669,0.0031769275665283203
77,10,160,3.5655364990234375,3.5668647289276123,0.0013282299041748047
77,11,160,3.778928518295288,3.7786552906036377,-0.0002732276916503906
77,12,160,3.6005969047546387,3.601945161819458,0.001348257064819336
77,13,160,3.8942198753356934,3.8961308002471924,0.0019109249114990234
77,14,160,4.175817489624023,4.17833137512207,0.002513885498046875
77,15,160,4.188933849334717,4.187088489532471,-0.0018453598022460938
77,16,160,3.8494648933410645,3.8471086025238037,-0.002356290817260742
77,17,160,4.0535173416137695,4.052276611328125,-0.0012407302856445312
77,18,160,3.7102890014648438,3.709238290786743,-0.001050710678100586
77,19,160,3.3106751441955566,3.3107476234436035,7.2479248046875e-05
78,0,160,3.460357666015625,3.455458879470825,-0.004898786544799805
78,1,160,3.7352194786071777,3.7350995540618896,-0.00011992454528808594
78,2,160,3.6235554218292236,3.625669479370117,0.0021140575408935547
78,3,160,3.7979753017425537,3.7949862480163574,-0.002989053726196289
78,4,160,3.7034754753112793,3.7029380798339844,-0.0005373954772949219
78,5,160,3.496649742126465,3.495215892791748,-0.0014338493347167969
78,6,160,4.165515422821045,4.166337966918945,0.0008225440979003906
78,7,160,3.8684756755828857,3.8708877563476562,0.002412080764770508
78,8,160,3.850370168685913,3.849717855453491,-0.000652313232421875
78,9,160,3.5663795471191406,3.5651533603668213,-0.001226186752319336
78,10,160,3.5655364990234375,3.5625245571136475,-0.003011941909790039
78,11,160,3.778928518295288,3.780334711074829,0.0014061927795410156
78,12,160,3.6005969047546387,3.600241184234619,-0.00035572052001953125
78,13,160,3.8942198753356934,3.894636631011963,0.00041675567626953125
78,14,160,4.175817489624023,4.175541400909424,-0.0002760887145996094
78,15,160,4.188933849334717,4.187812805175781,-0.0011210441589355469
78,16,160,3.8494648933410645,3.8497660160064697,0.00030112266540527344
78,17,160,4.0535173416137695,4.054838180541992,0.0013208389282226562
78,18,160,3.7102890014648438,3.709681987762451,-0.0006070137023925781
78,19,160,3.3106751441955566,3.3093864917755127,-0.0012886524200439453
79,0,160,3.460357666015625,3.4606924057006836,0.00033473968505859375
79,1,160,3.7352194786071777,3.736015558242798,0.0007960796356201172
79,2,160,3.6235554218292236,3.625303030014038,0.0017476081848144531
79,3,160,3.7979753017425537,3.8001513481140137,0.002176046371459961
79,4,160,3.7034754753112793,3.7012319564819336,-0.002243518829345703
79,5,160,3.496649742126465,3.5012691020965576,0.0046193599700927734
79,6,160,4.165515422821045,4.165088176727295,-0.00042724609375
79,7,160,3.8684756755828857,3.8679144382476807,-0.0005612373352050781
79,8,160,3.850370168685913,3.849799633026123,-0.0005705356597900391
79,9,160,3.5663795471191406,3.5678577423095703,0.0014781951904296875
79,10,160,3.5655364990234375,3.56669545173645,0.0011589527130126953
79,11,160,3.778928518295288,3.782769203186035,0.0038406848907470703
79,12,160,3.6005969047546387,3.6050326824188232,0.00443577766418457
79,13,160,3.8942198753356934,3.895145893096924,0.0009260177612304688
79,14,160,4.175817489624023,4.178199291229248,0.0023818016052246094
79,15,160,4.188933849334717,4.184661865234375,-0.004271984100341797
79,16,160,3.8494648933410645,3.850271224975586,0.0008063316345214844
79,17,160,4.0535173416137695,4.059170722961426,0.00565338134765625
79,18,160,3.7102890014648438,3.7086195945739746,-0.0016694068908691406
79,19,160,3.3106751441955566,3.3100602626800537,-0.0006148815155029297
80,0,160,3.460357666015625,3.4608564376831055,0.0004987716674804688
80,1,160,3.7352194786071777,3.7358736991882324,0.0006542205810546875
80,2,160,3.6235554218292236,3.62412428855896,0.0005688667297363281
80,3,160,3.7979753017425537,3.7957780361175537,-0.002197265625
80,4,160,3.7034754753112793,3.7052865028381348,0.0018110275268554688
80,5,160,3.496649742126465,3.502206802368164,0.005557060241699219
80,6,160,4.165515422821045,4.163453102111816,-0.0020623207092285156
80,7,160,3.8684756755828857,3.871896743774414,0.0034210681915283203
80,8,160,3.850370168685913,3.8490076065063477,-0.0013625621795654297
80,9,160,3.5663795471191406,3.5644867420196533,-0.0018928050994873047
80,10,160,3.5655364990234375,3.5664303302764893,0.0008938312530517578
80,11,160,3.778928518295288,3.7792088985443115,0.0002803802490234375
80,12,160,3.6005969047546387,3.6018402576446533,0.0012433528900146484
80,13,160,3.8942198753356934,3.897367238998413,0.0031473636627197266
80,14,160,4.175817489624023,4.177705764770508,0.001888275146484375
80,15,160,4.188933849334717,4.188206195831299,-0.0007276535034179688
80,16,160,3.8494648933410645,3.852855920791626,0.0033910274505615234
80,17,160,4.0535173416137695,4.052337169647217,-0.0011801719665527344
80,18,160,3.7102890014648438,3.709232807159424,-0.0010561943054199219
80,19,160,3.3106751441955566,3.312781572341919,0.0021064281463623047
81,0,160,3.460357666015625,3.4596545696258545,-0.0007030963897705078
81,1,160,3.7352194786071777,3.733544111251831,-0.0016753673553466797
81,2,160,3.6235554218292236,3.6258621215820312,0.002306699752807617
81,3,160,3.7979753017425537,3.7975053787231445,-0.0004699230194091797
81,4,160,3.7034754753112793,3.70493483543396,0.001459360122680664
81,5,160,3.496649742126465,3.4960978031158447,-0.0005519390106201172
81,6,160,4.165515422821045,4.166184902191162,0.0006694793701171875
81,7,160,3.8684756755828857,3.8686490058898926,0.00017333030700683594
81,8,160,3.850370168685913,3.8543002605438232,0.003930091857910156
81,9,160,3.5663795471191406,3.564546585083008,-0.0018329620361328125
81,10,160,3.5655364990234375,3.5647222995758057,-0.0008141994476318359
81,11,160,3.778928518295288,3.7809760570526123,0.0020475387573242188
81,12,160,3.6005969047546387,3.604597330093384,0.004000425338745117
81,13,160,3.8942198753356934,3.8968887329101562,0.0026688575744628906
81,14,160,4.175817489624023,4.177697658538818,0.0018801689147949219
81,15,160,4.188933849334717,4.188000679016113,-0.0009331703186035156
81,16,160,3.8494648933410645,3.847414255142212,-0.002050638198852539
81,17,160,4.0535173416137695,4.056735992431641,0.0032186508178710938
81,18,160,3.7102890014648438,3.711472511291504,0.0011835098266601562
81,19,160,3.3106751441955566,3.309281349182129,-0.0013937950134277344
82,0,160,3.460357666015625,3.4561991691589355,-0.004158496856689453
82,1,160,3.7352194786071777,3.736999750137329,0.0017802715301513672
82,2,160,3.6235554218292236,3.624210834503174,0.0006554126739501953
82,3,160,3.7979753017425537,3.7959165573120117,-0.002058744430541992
82,4,160,3.7034754753112793,3.704996109008789,0.0015206336975097656
82,5,160,3.496649742126465,3.4958837032318115,-0.0007660388946533203
82,6,160,4.165515422821045,4.168694496154785,0.0031790733337402344
82,7,160,3.8684756755828857,3.8708434104919434,0.002367734909057617
82,8,160,3.850370168685913,3.8476743698120117,-0.002695798873901367
82,9,160,3.5663795471191406,3.567640542984009,0.001260995864868164
82,10,160,3.5655364990234375,3.5634348392486572,-0.0021016597747802734
82,11,160,3.778928518295288,3.7795372009277344,0.0006086826324462891
82,12,160,3.6005969047546387,3.6015639305114746,0.0009670257568359375
82,13,160,3.8942198753356934,3.899834156036377,0.005614280700683594
82,14,160,4.175817489624023,4.176138401031494,0.0003209114074707031
82,15,160,4.188933849334717,4.188638687133789,-0.0002951622009277344
82,16,160,3.8494648933410645,3.8508472442626953,0.0013823509216308594
82,17,160,4.0535173416137695,4.0547919273376465,0.0012745857238769531
82,18,160,3.7102890014648438,3.711519956588745,0.0012309551239013672
82,19,160,3.3106751441955566,3.3090908527374268,-0.0015842914581298828
83,0,160,3.460357666015625,3.459333658218384,-0.001024007797241211
83,1,160,3.7352194786071777,3.735520839691162,0.000301361083984375
83,2,160,3.6235554218292236,3.62349534034729,-6.008148193359375e-05
83,3,160,3.7979753017425537,3.7961175441741943,-0.001857757568359375
83,4,160,3.7034754753112793,3.7075610160827637,0.004085540771484375
83,5,160,3.496649742126465,3.4983201026916504,0.0016703605651855469
83,6,160,4.165515422821045,4.1645612716674805,-0.0009541511535644531
83,7,160,3.8684756755828857,3.866346597671509,-0.002129077911376953
83,8,160,3.850370168685913,3.8519701957702637,0.001600027084350586
83,9,160,3.5663795471191406,3.567324638366699,0.0009450912475585938
83,10,160,3.5655364990234375,3.571354389190674,0.005817890167236328
83,11,160,3.778928518295288,3.7812070846557617,0.002278566360473633
83,12,160,3.6005969047546387,3.599065065383911,-0.001531839370727539
83,13,160,3.8942198753356934,3.8981239795684814,0.003904104232788086
83,14,160,4.175817489624023,4.177699565887451,0.0018820762634277344
83,15,160,4.188933849334717,4.188562870025635,-0.00037097930908203125
83,16,160,3.8494648933410645,3.8487489223480225,-0.0007159709930419922
83,17,160,4.0535173416137695,4.052938938140869,-0.0005784034729003906
83,18,160,3.7102890014648438,3.7124502658843994,0.002161264419555664
83,19,160,3.3106751441955566,3.3116962909698486,0.0010211467742919922
84,0,160,3.460357666015625,3.460744619369507,0.00038695335388183594
84,1,160,3.7352194786071777,3.736637830734253,0.0014183521270751953
84,2,160,3.6235554218292236,3.622711658477783,-0.0008437633514404297
84,3,160,3.7979753017425537,3.7977540493011475,-0.00022125244140625
84,4,160,3.7034754753112793,3.705843210220337,0.002367734909057617
84,5,160,3.496649742126465,3.494392156600952,-0.0022575855255126953
84,6,160,4.165515422821045,4.166164398193359,0.0006489753723144531
84,7,160,3.8684756755828857,3.8719687461853027,0.003493070602416992
84,8,160,3.850370168685913,3.8513386249542236,0.0009684562683105469
84,9,160,3.5663795471191406,3.5686402320861816,0.0022606849670410156
84,10,160,3.5655364990234375,3.5641934871673584,-0.0013430118560791016
84,11,160,3.778928518295288,3.7756094932556152,-0.0033190250396728516
84,12,160,3.6005969047546387,3.601987361907959,0.0013904571533203125
84,13,160,3.8942198753356934,3.893127679824829,-0.0010921955108642578
84,14,160,4.175817489624023,4.178183078765869,0.002365589141845703
84,15,160,4.188933849334717,4.18988561630249,0.0009517669677734375
84,16,160,3.8494648933410645,3.85063099861145,0.0011661052703857422
84,17,160,4.0535173416137695,4.058528423309326,0.005011081695556641
84,18,160,3.7102890014648438,3.7132129669189453,0.0029239654541015625
84,19,160,3.3106751441955566,3.311767101287842,0.0010919570922851562
85,0,160,3.460357666015625,3.4587907791137695,-0.0015668869018554688
85,1,160,3.7352194786071777,3.7316527366638184,-0.003566741943359375
85,2,160,3.6235554218292236,3.624584197998047,0.0010287761688232422
85,3,160,3.7979753017425537,3.798590898513794,0.0006155967712402344
85,4,160,3.7034754753112793,3.7054052352905273,0.0019297599792480469
85,5,160,3.496649742126465,3.4981651306152344,0.0015153884887695312
85,6,160,4.165515422821045,4.162336349487305,-0.0031790733337402344
85,7,160,3.8684756755828857,3.86777925491333,-0.0006964206695556641
85,8,160,3.850370168685913,3.8528785705566406,0.002508401870727539
85,9,160,3.5663795471191406,3.5663535594940186,-2.5987625122070312e-05
85,10,160,3.5655364990234375,3.56465482711792,-0.0008816719055175781
85,11,160,3.778928518295288,3.7810871601104736,0.002158641815185547
85,12,160,3.6005969047546387,3.6000478267669678,-0.0005490779876708984
85,13,160,3.8942198753356934,3.8949432373046875,0.0007233619689941406
85,14,160,4.175817489624023,4.1744513511657715,-0.0013661384582519531
85,15,160,4.188933849334717,4.190073490142822,0.0011396408081054688
85,16,160,3.8494648933410645,3.846632480621338,-0.0028324127197265625
85,17,160,4.0535173416137695,4.057249546051025,0.0037322044372558594
85,18,160,3.7102890014648438,3.712184190750122,0.0018951892852783203
85,19,160,3.3106751441955566,3.309877395629883,-0.0007977485656738281
86,0,160,3.460357666015625,3.462949514389038,0.002591848373413086
86,1,160,3.7352194786071777,3.736997604370117,0.0017781257629394531
86,2,160,3.6235554218292236,3.626926898956299,0.0033714771270751953
86,3,160,3.7979753017425537,3.8029637336730957,0.004988431930541992
86,4,160,3.7034754753112793,3.7030527591705322,-0.0004227161407470703
86,5,160,3.496649742126465,3.4974582195281982,0.0008084774017333984
86,6,160,4.165515422821045,4.165717124938965,0.00020170211791992188
86,7,160,3.8684756755828857,3.871187686920166,0.0027120113372802734
86,8,160,3.850370168685913,3.848846673965454,-0.0015234947204589844
86,9,160,3.5663795471191406,3.569521427154541,0.0031418800354003906
86,10,160,3.5655364990234375,3.5657687187194824,0.00023221969604492188
86,11,160,3.778928518295288,3.778992176055908,6.365776062011719e-05
86,12,160,3.6005969047546387,3.598283290863037,-0.0023136138916015625
86,13,160,3.8942198753356934,3.8948793411254883,0.0006594657897949219
86,14,160,4.175817489624023,4.177974224090576,0.0021567344665527344
86,15,160,4.188933849334717,4.191166400909424,0.0022325515747070312
86,16,160,3.8494648933410645,3.8488428592681885,-0.0006220340728759766
86,17,160,4.0535173416137695,4.056052207946777,0.0025348663330078125
86,18,160,3.7102890014648438,3.71454119682312,0.004252195358276367
86,19,160,3.3106751441955566,3.31431245803833,0.0036373138427734375
87,0,160,3.460357666015625,3.4604954719543457,0.00013780593872070312
87,1,160,3.7352194786071777,3.734588146209717,-0.0006313323974609375
87,2,160,3.6235554218292236,3.623162031173706,-0.0003933906555175781
87,3,160,3.7979753017425537,3.799724817276001,0.0017495155334472656
87,4,160,3.7034754753112793,3.7027573585510254,-0.0007181167602539062
87,5,160,3.496649742126465,3.500591993331909,0.003942251205444336
87,6,160,4.165515422821045,4.168644428253174,0.0031290054321289062
87,7,160,3.8684756755828857,3.870326280593872,0.0018506050109863281
87,8,160,3.850370168685913,3.8507080078125,0.00033783912658691406
87,9,160,3.5663795471191406,3.5656707286834717,-0.0007088184356689453
87,10,160,3.5655364990234375,3.5642130374908447,-0.0013234615325927734
87,11,160,3.778928518295288,3.785440683364868,0.006512165069580078
87,12,160,3.6005969047546387,3.602803945541382,0.002207040786743164
87,13,160,3.8942198753356934,3.8943822383880615,0.00016236305236816406
87,14,160,4.175817489624023,4.176428318023682,0.0006108283996582031
87,15,160,4.188933849334717,4.1956939697265625,0.006760120391845703
87,16,160,3.8494648933410645,3.8496406078338623,0.00017571449279785156
87,17,160,4.0535173416137695,4.055018901824951,0.0015015602111816406
87,18,160,3.7102890014648438,3.7107889652252197,0.0004999637603759766
87,19,160,3.3106751441955566,3.310699939727783,2.47955322265625e-05
88,0,160,3.460357666015625,3.4600934982299805,-0.00026416778564453125
88,1,160,3.7352194786071777,3.737680435180664,0.002460956573486328
88,2,160,3.6235554218292236,3.6229748725891113,-0.0005805492401123047
88,3,160,3.7979753017425537,3.7997734546661377,0.0017981529235839844
88,4,160,3.7034754753112793,3.7027299404144287,-0.0007455348968505859
88,5,160,3.496649742126465,3.497274875640869,0.0006251335144042969
88,6,160,4.165515422821045,4.169282913208008,0.0037674903869628906
88,7,160,3.8684756755828857,3.8698625564575195,0.001386880874633789
88,8,160,3.850370168685913,3.8536503314971924,0.003280162811279297
88,9,160,3.5663795471191406,3.56707501411438,0.0006954669952392578
88,10,160,3.5655364990234375,3.566333293914795,0.0007967948913574219
88,11,160,3.778928518295288,3.779168128967285,0.0002396106719970703
88,12,160,3.6005969047546387,3.6022069454193115,0.0016100406646728516
88,13,160,3.8942198753356934,3.8931658267974854,-0.0010540485382080078
88,14,160,4.175817489624023,4.178489685058594,0.0026721954345703125
88,15,160,4.188933849334717,4.189870834350586,0.0009369850158691406
88,16,160,3.8494648933410645,3.8526601791381836,0.0031952857971191406
88,17,160,4.0535173416137695,4.0523858070373535,-0.0011315345764160156
88,18,160,3.7102890014648438,3.7120072841644287,0.001718282699584961
88,19,160,3.3106751441955566,3.3116469383239746,0.0009717941284179688
89,0,160,3.460357666015625,3.461364984512329,0.0010073184967041016
89,1,160,3.7352194786071777,3.7313220500946045,-0.003897428512573242
89,2,160,3.6235554218292236,3.626551628112793,0.002996206283569336
89,3,160,3.7979753017425537,3.7980504035949707,7.510185241699219e-05
89,4,160,3.7034754753112793,3.7063262462615967,0.002850770950317383
89,5,160,3.496649742126465,3.4970343112945557,0.0003845691680908203
89,6,160,4.165515422821045,4.169981002807617,0.004465579986572266
89,7,160,3.8684756755828857,3.8670060634613037,-0.0014696121215820312
89,8,160,3.850370168685913,3.854701042175293,0.004330873489379883
89,9,160,3.5663795471191406,3.5653340816497803,-0.0010454654693603516
89,10,160,3.5655364990234375,3.5682859420776367,0.0027494430541992188
89,11,160,3.778928518295288,3.781362533569336,0.0024340152740478516
89,12,160,3.6005969047546387,3.6000025272369385,-0.0005943775177001953
89,13,160,3.8942198753356934,3.8917734622955322,-0.002446413040161133
89,14,160,4.175817489624023,4.173720836639404,-0.0020966529846191406
89,15,160,4.188933849334717,4.186108589172363,-0.0028252601623535156
89,16,160,3.8494648933410645,3.8491621017456055,-0.0003027915954589844
89,17,160,4.0535173416137695,4.054904460906982,0.0013871192932128906
89,18,160,3.7102890014648438,3.7096810340881348,-0.0006079673767089844
89,19,160,3.3106751441955566,3.3123390674591064,0.0016639232635498047
90,0,160,3.460357666015625,3.4621102809906006,0.001752614974975586
90,1,160,3.7352194786071777,3.7369344234466553,0.001714944839477539
90,2,160,3.6235554218292236,3.6250998973846436,0.0015444755554199219
90,3,160,3.7979753017425537,3.798746347427368,0.0007710456848144531
90,4,160,3.7034754753112793,3.70550274848938,0.002027273178100586
90,5,160,3.496649742126465,3.4959678649902344,-0.0006818771362304688
90,6,160,4.165515422821045,4.164267063140869,-0.0012483596801757812
90,7,160,3.8684756755828857,3.867234945297241,-0.0012407302856445312
90,8,160,3.850370168685913,3.852849006652832,0.0024788379669189453
90,9,160,3.5663795471191406,3.5666940212249756,0.00031447410583496094
90,10,160,3.5655364990234375,3.568290948867798,0.0027544498443603516
90,11,160,3.778928518295288,3.7784743309020996,-0.00045418739318847656
90,12,160,3.6005969047546387,3.6008646488189697,0.0002677440643310547
90,13,160,3.8942198753356934,3.8967864513397217,0.0025665760040283203
90,14,160,4.175817489624023,4.174734115600586,-0.0010833740234375
90,15,160,4.188933849334717,4.188169002532959,-0.0007648468017578125
90,16,160,3.8494648933410645,3.84891676902771,-0.0005481243133544922
90,17,160,4.0535173416137695,4.0506696701049805,-0.0028476715087890625
90,18,160,3.7102890014648438,3.7122037410736084,0.0019147396087646484
90,19,160,3.3106751441955566,3.313659906387329,0.002984762191772461
91,0,160,3.460357666015625,3.4594573974609375,-0.0009002685546875
91,1,160,3.7352194786071777,3.7354254722595215,0.00020599365234375
91,2,160,3.6235554218292236,3.621258497238159,-0.002296924591064453
91,3,160,3.7979753017425537,3.800074577331543,0.002099275588989258
91,4,160,3.7034754753112793,3.703183174133301,-0.0002923011779785156
91,5,160,3.496649742126465,3.496685028076172,3.528594970703125e-05
91,6,160,4.165515422821045,4.16791296005249,0.0023975372314453125
91,7,160,3.8684756755828857,3.864213705062866,-0.004261970520019531
91,8,160,3.850370168685913,3.847356081008911,-0.003014087677001953
91,9,160,3.5663795471191406,3.5651071071624756,-0.001272439956665039
91,10,160,3.5655364990234375,3.567620038986206,0.0020835399627685547
91,11,160,3.778928518295288,3.7762959003448486,-0.002632617950439453
91,12,160,3.6005969047546387,3.6004207134246826,-0.0001761913299560547
91,13,160,3.8942198753356934,3.89755916595459,0.0033392906188964844
91,14,160,4.175817489624023,4.17711067199707,0.001293182373046875
91,15,160,4.188933849334717,4.190452575683594,0.0015187263488769531
91,16,160,3.8494648933410645,3.8491928577423096,-0.0002720355987548828
91,17,160,4.0535173416137695,4.051887512207031,-0.0016298294067382812
91,18,160,3.7102890014648438,3.7109034061431885,0.0006144046783447266
91,19,160,3.3106751441955566,3.311382532119751,0.0007073879241943359
92,0,160,3.460357666015625,3.460129976272583,-0.0002276897430419922
92,1,160,3.7352194786071777,3.7324604988098145,-0.0027589797973632812
92,2,160,3.6235554218292236,3.6230149269104004,-0.0005404949188232422
92,3,160,3.7979753017425537,3.7957561016082764,-0.0022192001342773438
92,4,160,3.7034754753112793,3.702950954437256,-0.0005245208740234375
92,5,160,3.496649742126465,3.4979214668273926,0.0012717247009277344
92,6,160,4.165515422821045,4.165829658508301,0.0003142356872558594
92,7,160,3.8684756755828857,3.865720748901367,-0.0027549266815185547
92,8,160,3.850370168685913,3.85221266746521,0.001842498779296875
92,9,160,3.5663795471191406,3.566004753112793,-0.00037479400634765625
92,10,160,3.5655364990234375,3.5668728351593018,0.0013363361358642578
92,11,160,3.778928518295288,3.780961751937866,0.002033233642578125
92,12,160,3.6005969047546387,3.6022872924804688,0.0016903877258300781
92,13,160,3.8942198753356934,3.8913795948028564,-0.002840280532836914
92,14,160,4.175817489624023,4.1758551597595215,3.7670135498046875e-05
92,15,160,4.188933849334717,4.191515922546387,0.002582073211669922
92,16,160,3.8494648933410645,3.8485097885131836,-0.0009551048278808594
92,17,160,4.0535173416137695,4.053555488586426,3.814697265625e-05
92,18,160,3.7102890014648438,3.710214853286743,-7.414817810058594e-05
92,19,160,3.3106751441955566,3.309255838394165,-0.0014193058013916016
93,0,160,3.460357666015625,3.4617362022399902,0.0013785362243652344
93,1,160,3.7352194786071777,3.7336411476135254,-0.0015783309936523438
93,2,160,3.6235554218292236,3.622823715209961,-0.0007317066192626953
93,3,160,3.7979753017425537,3.7972943782806396,-0.0006809234619140625
93,4,160,3.7034754753112793,3.7039825916290283,0.0005071163177490234
93,5,160,3.496649742126465,3.4998443126678467,0.003194570541381836
93,6,160,4.165515422821045,4.167326927185059,0.0018115043640136719
93,7,160,3.8684756755828857,3.8683884143829346,-8.726119995117188e-05
93,8,160,3.850370168685913,3.8520634174346924,0.0016932487487792969
93,9,160,3.5663795471191406,3.5649573802948,-0.0014221668243408203
93,10,160,3.5655364990234375,3.5667059421539307,0.001169443130493164
93,11,160,3.778928518295288,3.7771995067596436,-0.0017290115356445312
93,12,160,3.6005969047546387,3.6044516563415527,0.0038547515869140625
93,13,160,3.8942198753356934,3.8926286697387695,-0.0015912055969238281
93,14,160,4.175817489624023,4.181274890899658,0.005457401275634766
93,15,160,4.188933849334717,4.189680576324463,0.0007467269897460938
93,16,160,3.8494648933410645,3.8487086296081543,-0.0007562637329101562
93,17,160,4.0535173416137695,4.056053161621094,0.0025358200073242188
93,18,160,3.7102890014648438,3.7125558853149414,0.0022668838500976562
93,19,160,3.3106751441955566,3.3132262229919434,0.0025510787963867188
94,0,160,3.460357666015625,3.4637720584869385,0.0034143924713134766
94,1,160,3.7352194786071777,3.7359774112701416,0.0007579326629638672
94,2,160,3.6235554218292236,3.62445330619812,0.0008978843688964844
94,3,160,3.7979753017425537,3.799527168273926,0.0015518665313720703
94,4,160,3.7034754753112793,3.7017154693603516,-0.0017600059509277344
94,5,160,3.496649742126465,3.495147466659546,-0.0015022754669189453
94,6,160,4.165515422821045,4.164767265319824,-0.0007481575012207031
94,7,160,3.8684756755828857,3.8664865493774414,-0.001989126205444336
94,8,160,3.850370168685913,3.8510849475860596,0.0007147789001464844
94,9,160,3.5663795471191406,3.568937063217163,0.002557516098022461
94,10,160,3.5655364990234375,3.562232732772827,-0.0033037662506103516
94,11,160,3.778928518295288,3.7812604904174805,0.002331972122192383
94,12,160,3.6005969047546387,3.6025869846343994,0.001990079879760742
94,13,160,3.8942198753356934,3.895676612854004,0.0014567375183105469
94,14,160,4.175817489624023,4.180269241333008,0.004451751708984375
94,15,160,4.188933849334717,4.193917274475098,0.004983425140380859
94,16,160,3.8494648933410645,3.8517186641693115,0.0022537708282470703
94,17,160,4.0535173416137695,4.050557613372803,-0.002959728240966797
94,18,160,3.7102890014648438,3.70906138420105,-0.0012276172637939453
94,19,160,3.3106751441955566,3.3125810623168945,0.0019059181213378906
95,0,160,3.460357666015625,3.4610087871551514,0.0006511211395263672
95,1,160,3.7352194786071777,3.73563289642334,0.0004134178161621094
95,2,160,3.6235554218292236,3.6240057945251465,0.00045037269592285156
95,3,160,3.7979753017425537,3.797778844833374,-0.0001964569091796875
95,4,160,3.7034754753112793,3.7043943405151367,0.0009188652038574219
95,5,160,3.496649742126465,3.4995410442352295,0.0028913021087646484
95,6,160,4.165515422821045,4.166363716125488,0.0008482933044433594
95,7,160,3.8684756755828857,3.870004415512085,0.0015287399291992188
95,8,160,3.850370168685913,3.8519997596740723,0.0016295909881591797
95,9,160,3.5663795471191406,3.5682289600372314,0.0018494129180908203
95,10,160,3.5655364990234375,3.568864345550537,0.0033278465270996094
95,11,160,3.778928518295288,3.7798805236816406,0.0009520053863525391
95,12,160,3.6005969047546387,3.6028404235839844,0.002243518829345703
95,13,160,3.8942198753356934,3.898407459259033,0.004187583923339844
95,14,160,4.175817489624023,4.175467491149902,-0.00034999847412109375
95,15,160,4.188933849334717,4.193632125854492,0.004698276519775391
95,16,160,3.8494648933410645,3.853975772857666,0.0045108795166015625
95,17,160,4.0535173416137695,4.06037712097168,0.006859779357910156
95,18,160,3.7102890014648438,3.711935043334961,0.0016460418701171875
95,19,160,3.3106751441955566,3.307919502258301,-0.0027556419372558594
96,0,160,3.460357666015625,3.4575986862182617,-0.0027589797973632812
96,1,160,3.7352194786071777,3.7379448413848877,0.002725362777709961
96,2,160,3.6235554218292236,3.622650384902954,-0.0009050369262695312
96,3,160,3.7979753017425537,3.7974441051483154,-0.0005311965942382812
96,4,160,3.7034754753112793,3.7029409408569336,-0.0005345344543457031
96,5,160,3.496649742126465,3.4925403594970703,-0.004109382629394531
96,6,160,4.165515422821045,4.1647868156433105,-0.000728607177734375
96,7,160,3.8684756755828857,3.870976686477661,0.0025010108947753906
96,8,160,3.850370168685913,3.849442720413208,-0.0009274482727050781
96,9,160,3.5663795471191406,3.563878059387207,-0.0025014877319335938
96,10,160,3.5655364990234375,3.566119432449341,0.0005829334259033203
96,11,160,3.778928518295288,3.7779860496520996,-0.0009424686431884766
96,12,160,3.6005969047546387,3.601425886154175,0.0008289813995361328
96,13,160,3.8942198753356934,3.8928732872009277,-0.001346588134765625
96,14,160,4.175817489624023,4.174314975738525,-0.0015025138854980469
96,15,160,4.188933849334717,4.1909260749816895,0.0019922256469726562
96,16,160,3.8494648933410645,3.8457038402557373,-0.0037610530853271484
96,17,160,4.0535173416137695,4.056578636169434,0.0030612945556640625
96,18,160,3.7102890014648438,3.7113795280456543,0.0010905265808105469
96,19,160,3.3106751441955566,3.3096139430999756,-0.0010612010955810547
97,0,160,3.460357666015625,3.4601783752441406,-0.000179290771484375
97,1,160,3.7352194786071777,3.7335941791534424,-0.0016252994537353516
97,2,160,3.6235554218292236,3.625197410583496,0.001641988754272461
97,3,160,3.7979753017425537,3.797941207885742,-3.409385681152344e-05
97,4,160,3.7034754753112793,3.7037298679351807,0.0002543926239013672
97,5,160,3.496649742126465,3.499547004699707,0.0028972625732421875
97,6,160,4.165515422821045,4.16420841217041,-0.0013070106506347656
97,7,160,3.8684756755828857,3.8707172870635986,0.0022416114807128906
97,8,160,3.850370168685913,3.8535940647125244,0.003223896026611328
97,9,160,3.5663795471191406,3.5664024353027344,2.288818359375e-05
97,10,160,3.5655364990234375,3.5655758380889893,3.933906555175781e-05
97,11,160,3.778928518295288,3.780215263366699,0.0012867450714111328
97,12,160,3.6005969047546387,3.601179838180542,0.0005829334259033203
97,13,160,3.8942198753356934,3.8929011821746826,-0.0013186931610107422
97,14,160,4.175817489624023,4.178594589233398,0.002777099609375
97,15,160,4.188933849334717,4.189952850341797,0.0010190010070800781
97,16,160,3.8494648933410645,3.848047971725464,-0.001416921615600586
97,17,160,4.0535173416137695,4.052786350250244,-0.0007309913635253906
97,18,160,3.7102890014648438,3.711643934249878,0.0013549327850341797
97,19,160,3.3106751441955566,3.3110592365264893,0.0003840923309326172
98,0,160,3.460357666015625,3.4646713733673096,0.00431370735168457
98,1,160,3.7352194786071777,3.734487295150757,-0.0007321834564208984
98,2,160,3.6235554218292236,3.6229746341705322,-0.0005807876586914062
98,3,160,3.7979753017425537,3.798250675201416,0.0002753734588623047
98,4,160,3.7034754753112793,3.7019782066345215,-0.0014972686767578125
98,5,160,3.496649742126465,3.501103639602661,0.004453897476196289
98,6,160,4.165515422821045,4.163883209228516,-0.0016322135925292969
98,7,160,3.8684756755828857,3.8680193424224854,-0.0004563331604003906
98,8,160,3.850370168685913,3.851919412612915,0.0015492439270019531
98,9,160,3.5663795471191406,3.5701308250427246,0.0037512779235839844
98,10,160,3.5655364990234375,3.566771984100342,0.0012354850769042969
98,11,160,3.778928518295288,3.781555652618408,0.002627134323120117
98,12,160,3.6005969047546387,3.598395824432373,-0.002201080322265625
98,13,160,3.8942198753356934,3.8939054012298584,-0.00031447410583496094
98,14,160,4.175817489624023,4.176122188568115,0.0003046989440917969
98,15,160,4.188933849334717,4.189787864685059,0.0008540153503417969
98,16,160,3.8494648933410645,3.8508431911468506,0.0013782978057861328
98,17,160,4.0535173416137695,4.053552627563477,3.528594970703125e-05
98,18,160,3.7102890014648438,3.7112300395965576,0.0009410381317138672
98,19,160,3.3106751441955566,3.3105154037475586,-0.00015974044799804688
99,0,160,3.460357666015625,3.4558746814727783,-0.00448298454284668
99,1,160,3.7352194786071777,3.737638235092163,0.0024187564849853516
99,2,160,3.6235554218292236,3.61934232711792,-0.004213094711303711
99,3,160,3.7979753017425537,3.7997069358825684,0.0017316341400146484
99,4,160,3.7034754753112793,3.7021706104278564,-0.0013048648834228516
99,5,160,3.496649742126465,3.49688458442688,0.00023484230041503906
99,6,160,4.165515422821045,4.165782928466797,0.0002675056457519531
99,7,160,3.8684756755828857,3.867175579071045,-0.0013000965118408203
99,8,160,3.850370168685913,3.8504116535186768,4.1484832763671875e-05
99,9,160,3.5663795471191406,3.563917398452759,-0.002462148666381836
99,10,160,3.5655364990234375,3.564722776412964,-0.0008137226104736328
99,11,160,3.778928518295288,3.7797694206237793,0.0008409023284912109
99,12,160,3.6005969047546387,3.601567029953003,0.0009701251983642578
99,13,160,3.8942198753356934,3.893446683883667,-0.0007731914520263672
99,14,160,4.175817489624023,4.173030376434326,-0.0027871131896972656
99,15,160,4.188933849334717,4.189998149871826,0.001064300537109375
99,16,160,3.8494648933410645,3.8443169593811035,-0.0051479339599609375
99,17,160,4.0535173416137695,4.052281856536865,-0.0012354850769042969
99,18,160,3.7102890014648438,3.710204839706421,-8.416175842285156e-05
99,19,160,3.3106751441955566,3.3059463500976562,-0.004728794097900391
